,x,y,frozen,pol,ct,total,frag_0_E,frag_1_E,elec,pauli,disp,clas_elec,clas_pauli,clas_disp
0,0.9264326432643206,0.9264326432643206,254.0521,-63.7736,-196.4059,-6.1275,-1.1452060754,-0.4943296832,44.8654,223.1991,-14.0124,-14.2267,282.2912,-14.0124
1,0.9256340077542732,0.9270344582874728,253.6431,-63.5713,-195.8957,-5.8239,-1.1453217320,-0.4943296832,44.6392,223.0014,-13.9975,-14.3290,281.9696,-13.9975
2,0.9249146679539346,0.9277291166579316,253.1572,-63.3580,-195.3503,-5.5512,-1.1454256913,-0.4943296832,44.3872,222.7496,-13.9796,-14.4380,281.5747,-13.9796
3,0.9242200095834756,0.9284484564582705,252.6514,-63.1428,-194.7971,-5.2885,-1.1455258903,-0.4943296832,44.1291,222.4831,-13.9608,-14.5482,281.1604,-13.9608
4,0.923512902802289,0.9291555632394568,252.1571,-62.9295,-194.2493,-5.0217,-1.1456276886,-0.4943296832,43.8753,222.2242,-13.9424,-14.6568,280.7563,-13.9424
5,0.92281824443183,0.9298749030397956,251.6536,-62.7155,-193.6983,-4.7602,-1.1457275011,-0.4943296832,43.6191,221.9581,-13.9236,-14.7655,280.3427,-13.9236
6,0.922123586061371,0.9305942428401344,251.1512,-62.5021,-193.1485,-4.4994,-1.1458271206,-0.4943296832,43.3638,221.6922,-13.9048,-14.8736,279.9296,-13.9048
7,0.921428927690912,0.9313135826404728,250.6499,-62.2893,-192.5999,-4.2393,-1.1459265462,-0.4943296832,43.1094,221.4266,-13.8861,-14.9809,279.5169,-13.8861
8,0.920734269320453,0.9320329224408116,250.1497,-62.0772,-192.0523,-3.9798,-1.1460257768,-0.4943296832,42.8559,221.1611,-13.8673,-15.0876,279.1046,-13.8673
9,0.920039610949994,0.9327522622411504,249.6506,-61.8656,-191.5059,-3.7210,-1.1461248116,-0.4943296832,42.6034,220.8958,-13.8486,-15.1936,278.6927,-13.8486
10,0.919344952579535,0.9334716020414888,249.1526,-61.6547,-190.9607,-3.4628,-1.1462236494,-0.4943296832,42.3517,220.6307,-13.8298,-15.2989,278.2813,-13.8298
11,0.9186629542194724,0.934202955743108,248.6456,-61.4431,-190.4125,-3.2100,-1.1463204935,-0.4943296832,42.0978,220.3585,-13.8107,-15.4043,277.8606,-13.8107
12,0.91798095585941,0.9349343094447272,248.1398,-61.2322,-189.8654,-2.9578,-1.1464171458,-0.4943296832,41.8448,220.0866,-13.7916,-15.5090,277.4404,-13.7916
13,0.9172989574993472,0.9356656631463464,247.6351,-61.0219,-189.3196,-2.7063,-1.1465136056,-0.4943296832,41.5928,219.8149,-13.7725,-15.6130,277.0206,-13.7725
14,0.9166169591392848,0.9363970168479656,247.1316,-60.8122,-188.7748,-2.4555,-1.1466098718,-0.4943296832,41.3416,219.5433,-13.7534,-15.7163,276.6012,-13.7534
15,0.9159349607792222,0.9371283705495846,246.6292,-60.6032,-188.2313,-2.2053,-1.1467059434,-0.4943296832,41.0914,219.2720,-13.7343,-15.8189,276.1823,-13.7343
16,0.9152529624191597,0.9378597242512038,246.1279,-60.3947,-187.6888,-1.9557,-1.1468018196,-0.4943296832,40.8421,219.0009,-13.7152,-15.9208,275.7639,-13.7152
17,0.9145709640590972,0.9385910779528228,245.6277,-60.1869,-187.1476,-1.7068,-1.1468974994,-0.4943296832,40.5938,218.7300,-13.6961,-16.0221,275.3459,-13.6961
18,0.9139018334527382,0.9393342227783004,245.1189,-59.9786,-186.6036,-1.4633,-1.1469911820,-0.4943296832,40.3433,218.4522,-13.6767,-16.1233,274.9189,-13.6767
19,0.9132327028463794,0.9400773676037778,244.6113,-59.7708,-186.0608,-1.2204,-1.1470846738,-0.4943296832,40.0938,218.1747,-13.6572,-16.2239,274.4924,-13.6572
20,0.9125635722400204,0.9408205124292552,244.1048,-59.5637,-185.5192,-0.9781,-1.1471779736,-0.4943296832,39.8452,217.8974,-13.6378,-16.3237,274.0663,-13.6378
21,0.9118944416336616,0.9415636572547328,243.5995,-59.3572,-184.9788,-0.7365,-1.1472710807,-0.4943296832,39.5976,217.6203,-13.6184,-16.4229,273.6407,-13.6184
22,0.9112253110273028,0.94230680208021,243.0953,-59.1514,-184.4395,-0.4956,-1.1473639942,-0.4943296832,39.3508,217.3434,-13.5989,-16.5214,273.2156,-13.5989
23,0.910556180420944,0.9430499469056876,242.5923,-58.9461,-183.9014,-0.2553,-1.1474567130,-0.4943296832,39.1051,217.0667,-13.5795,-16.6192,272.7910,-13.5795
24,0.9099001213919534,0.9438046564859104,242.0809,-58.7404,-183.3609,-0.0204,-1.1475474307,-0.4943296832,38.8573,216.7833,-13.5598,-16.7169,272.3575,-13.5598
25,0.909244062362963,0.944559366066133,241.5707,-58.5353,-182.8216,0.2139,-1.1476379595,-0.4943296832,38.6106,216.5002,-13.5400,-16.8139,271.9246,-13.5400
26,0.9085880033339724,0.9453140756463556,241.0617,-58.3308,-182.2835,0.4475,-1.1477282986,-0.4943296832,38.3647,216.2173,-13.5202,-16.9102,271.4922,-13.5202
27,0.907931944304982,0.9460687852265784,240.5539,-58.1269,-181.7465,0.6805,-1.1478184470,-0.4943296832,38.1198,215.9346,-13.5005,-17.0058,271.0602,-13.5005
28,0.9072758852759916,0.9468234948068012,240.0473,-57.9236,-181.2108,0.9128,-1.1479084040,-0.4943296832,37.8759,215.6522,-13.4808,-17.1007,270.6288,-13.4808
29,0.9066198262470012,0.947578204387024,239.5418,-57.7210,-180.6762,1.1445,-1.1479981685,-0.4943296832,37.6329,215.3700,-13.4610,-17.1950,270.1978,-13.4610
30,0.9059637672180106,0.9483329139672466,239.0375,-57.5190,-180.1429,1.3756,-1.1480877397,-0.4943296832,37.3908,215.0880,-13.4413,-17.2886,269.7674,-13.4413
31,0.905320979608324,0.9490989584103656,238.5252,-57.3165,-179.6073,1.6013,-1.1481753107,-0.4943296832,37.1469,214.7995,-13.4212,-17.3820,269.3284,-13.4212
32,0.9046781919986376,0.9498650028534846,238.0141,-57.1147,-179.0730,1.8263,-1.1482626943,-0.4943296832,36.9040,214.5112,-13.4012,-17.4747,268.8899,-13.4012
33,0.9040354043889512,0.9506310472966036,237.5042,-56.9136,-178.5399,2.0507,-1.1483498898,-0.4943296832,36.6621,214.2232,-13.3811,-17.5667,268.4520,-13.3811
34,0.9033926167792646,0.9513970917397226,236.9954,-56.7129,-178.0080,2.2745,-1.1484368963,-0.4943296832,36.4211,213.9354,-13.3611,-17.6581,268.0146,-13.3611
35,0.902749829169578,0.9521631361828417,236.4880,-56.5131,-177.4773,2.4976,-1.1485237130,-0.4943296832,36.1810,213.6480,-13.3411,-17.7488,267.5778,-13.3411
36,0.9021070415598916,0.9529291806259608,235.9817,-56.3137,-176.9478,2.7201,-1.1486103390,-0.4943296832,35.9418,213.3609,-13.3211,-17.8388,267.1415,-13.3211
37,0.9014777211688418,0.9537063265874176,235.4676,-56.1140,-176.4164,2.9372,-1.1486949644,-0.4943296832,35.7011,213.0672,-13.3007,-17.9285,266.6968,-13.3007
38,0.900848400777792,0.9544834725488746,234.9547,-55.9149,-175.8863,3.1536,-1.1487794054,-0.4943296832,35.4614,212.7737,-13.2803,-18.0176,266.2526,-13.2803
39,0.9002190803867423,0.9552606185103316,234.4432,-55.7164,-175.3573,3.3695,-1.1488636612,-0.4943296832,35.2225,212.4807,-13.2600,-18.1060,265.8092,-13.2600
40,0.8995897599956925,0.9560377644717885,233.9327,-55.5185,-174.8295,3.5847,-1.1489477308,-0.4943296832,34.9847,212.1877,-13.2397,-18.1937,265.3661,-13.2397
41,0.8989604396046427,0.9568149104332454,233.4237,-55.3214,-174.3031,3.7993,-1.1490316135,-0.4943296832,34.7477,211.8954,-13.2194,-18.2807,264.9238,-13.2194
42,0.8983311192135929,0.9575920563947024,232.9157,-55.1247,-173.7778,4.0132,-1.1491153085,-0.4943296832,34.5117,211.6031,-13.1991,-18.3671,264.4819,-13.1991
43,0.8977017988225431,0.9583692023561592,232.4089,-54.9286,-173.2538,4.2266,-1.1491988150,-0.4943296832,34.2766,211.3110,-13.1788,-18.4528,264.0405,-13.1788
44,0.8970724784314933,0.9591463483176162,231.9034,-54.7332,-172.7309,4.4393,-1.1492821320,-0.4943296832,34.0425,211.0193,-13.1585,-18.5378,263.5997,-13.1585
45,0.8964568169561676,0.9599343590712228,231.3904,-54.5374,-172.2064,4.6466,-1.1493634566,-0.4943296832,33.8070,210.7213,-13.1379,-18.6225,263.1508,-13.1379
46,0.895841155480842,0.9607223698248296,230.8787,-54.3423,-171.6832,4.8533,-1.1494445983,-0.4943296832,33.5724,210.4236,-13.1172,-18.7065,262.7025,-13.1172
47,0.8952254940055163,0.9615103805784364,230.3682,-54.1478,-171.1611,5.0593,-1.1495255564,-0.4943296832,33.3388,210.1261,-13.0966,-18.7899,262.2548,-13.0966
48,0.8946098325301907,0.962298391332043,229.8590,-53.9539,-170.6404,5.2648,-1.1496063301,-0.4943296832,33.1060,209.8290,-13.0761,-18.8726,261.8076,-13.0761
49,0.893994171054865,0.9630864020856496,229.3509,-53.7605,-170.1208,5.4696,-1.1496869185,-0.4943296832,32.8743,209.5321,-13.0555,-18.9546,261.3610,-13.0555
50,0.8933785095795393,0.9638744128392563,228.8442,-53.5678,-169.6025,5.6738,-1.1497673210,-0.4943296832,32.6435,209.2357,-13.0350,-19.0360,260.9151,-13.0350
51,0.8927766945563873,0.9646730483493036,228.3303,-53.3749,-169.0828,5.8726,-1.1498457345,-0.4943296832,32.4113,208.9331,-13.0141,-19.1169,260.4613,-13.0141
52,0.8921748795332353,0.965471683859351,227.8176,-53.1825,-168.5642,6.0709,-1.1499239689,-0.4943296832,32.1802,208.6306,-12.9932,-19.1972,260.0080,-12.9932
53,0.8915730645100832,0.9662703193693984,227.3064,-52.9909,-168.0470,6.2685,-1.1500020231,-0.4943296832,31.9499,208.3288,-12.9723,-19.2769,259.5556,-12.9723
54,0.8909712494869312,0.9670689548794456,226.7962,-52.7998,-167.5310,6.4655,-1.1500798967,-0.4943296832,31.7207,208.0271,-12.9515,-19.3558,259.1035,-12.9515
55,0.8903694344637791,0.967867590389493,226.2874,-52.6093,-167.0162,6.6619,-1.1501575886,-0.4943296832,31.4924,207.7257,-12.9307,-19.4341,258.6522,-12.9307
56,0.8897676194406271,0.9686662258995404,225.7798,-52.4194,-166.5027,6.8577,-1.1502350983,-0.4943296832,31.2649,207.4247,-12.9099,-19.5118,258.2015,-12.9099
57,0.8891658044174751,0.9694648614095877,225.2734,-52.2300,-165.9905,7.0528,-1.1503124250,-0.4943296832,31.0385,207.1239,-12.8891,-19.5888,257.7512,-12.8891
58,0.888563989394323,0.970263496919635,224.7681,-52.0413,-165.4795,7.2473,-1.1503895678,-0.4943296832,30.8130,206.8234,-12.8683,-19.6652,257.3016,-12.8683
59,0.8879762041420305,0.97107251391401,224.2562,-51.8524,-164.9673,7.4365,-1.1504647341,-0.4943296832,30.5864,206.5170,-12.8472,-19.7411,256.8445,-12.8472
60,0.887388418889738,0.9718815309083848,223.7455,-51.6641,-164.4563,7.6251,-1.1505397235,-0.4943296832,30.3607,206.2109,-12.8261,-19.8164,256.3880,-12.8261
61,0.8868006336374454,0.97269054790276,223.2361,-51.4764,-163.9466,7.8131,-1.1506145355,-0.4943296832,30.1359,205.9052,-12.8050,-19.8910,255.9321,-12.8050
62,0.8862128483851529,0.9734995648971349,222.7280,-51.2893,-163.4382,8.0005,-1.1506891692,-0.4943296832,29.9121,205.5998,-12.7840,-19.9649,255.4769,-12.7840
63,0.8856250631328604,0.9743085818915098,222.2211,-51.1028,-162.9310,8.1873,-1.1507636239,-0.4943296832,29.6892,205.2948,-12.7629,-20.0383,255.0223,-12.7629
64,0.8850372778805679,0.9751175988858848,221.7155,-50.9168,-162.4251,8.3735,-1.1508378990,-0.4943296832,29.4673,204.9901,-12.7419,-20.1109,254.5683,-12.7419
65,0.8844637014442168,0.9759367509301736,221.2034,-50.7308,-161.9182,8.5543,-1.1509102046,-0.4943296832,29.2443,204.6795,-12.7205,-20.1831,254.1070,-12.7205
66,0.8838901250078658,0.9767559029744628,220.6925,-50.5454,-161.4125,8.7346,-1.1509823377,-0.4943296832,29.0223,204.3694,-12.6992,-20.2546,253.6463,-12.6992
67,0.8833165485715148,0.9775750550187516,220.1830,-50.3605,-160.9081,8.9143,-1.1510542977,-0.4943296832,28.8013,204.0595,-12.6779,-20.3255,253.1863,-12.6779
68,0.8827429721351637,0.9783942070630406,219.6747,-50.1763,-160.4050,9.0934,-1.1511260838,-0.4943296832,28.5812,203.7501,-12.6566,-20.3957,252.7270,-12.6566
69,0.8821693956988127,0.9792133591073297,219.1676,-49.9926,-159.9032,9.2718,-1.1511976954,-0.4943296832,28.3620,203.4409,-12.6353,-20.4653,252.2683,-12.6353
70,0.8815958192624617,0.9800325111516184,218.6619,-49.8095,-159.4027,9.4497,-1.1512691317,-0.4943296832,28.1438,203.1322,-12.6140,-20.5343,251.8102,-12.6140
71,0.8810222428261106,0.9808516631959074,218.1574,-49.6270,-158.9034,9.6270,-1.1513403921,-0.4943296832,27.9265,202.8237,-12.5928,-20.6026,251.3528,-12.5928
72,0.8804486663897596,0.9816708152401964,217.6541,-49.4450,-158.4054,9.8037,-1.1514114759,-0.4943296832,27.7101,202.5156,-12.5716,-20.6703,250.8960,-12.5716
73,0.8798894734862889,0.9824998528127514,217.1447,-49.2631,-157.9065,9.9751,-1.1514806064,-0.4943296832,27.4928,202.2019,-12.5500,-20.7375,250.4322,-12.5500
74,0.8793302805828181,0.9833288903853064,216.6366,-49.0817,-157.4090,10.1460,-1.1515495677,-0.4943296832,27.2765,201.8886,-12.5285,-20.8040,249.9691,-12.5285
75,0.8787710876793474,0.9841579279578616,216.1298,-48.9009,-156.9127,10.3162,-1.1516183592,-0.4943296832,27.0612,201.5756,-12.5070,-20.8698,249.5067,-12.5070
76,0.8782118947758767,0.9849869655304164,215.6242,-48.7206,-156.4177,10.4859,-1.1516869802,-0.4943296832,26.8467,201.2630,-12.4855,-20.9351,249.0449,-12.4855
77,0.877652701872406,0.9858160031029716,215.1200,-48.5410,-155.9240,10.6550,-1.1517554301,-0.4943296832,26.6332,200.9508,-12.4641,-20.9997,248.5838,-12.4641
78,0.8770935089689352,0.9866450406755266,214.6169,-48.3619,-155.4316,10.8235,-1.1518237082,-0.4943296832,26.4206,200.6389,-12.4426,-21.0638,248.1234,-12.4426
79,0.8765343160654645,0.9874740782480816,214.1152,-48.1834,-154.9405,10.9914,-1.1518918138,-0.4943296832,26.2090,200.3274,-12.4212,-21.1272,247.6636,-12.4212
80,0.8759896770304495,0.988312748816027,213.6076,-48.0049,-154.4487,11.1541,-1.1519579805,-0.4943296832,25.9966,200.0105,-12.3995,-21.1900,247.1971,-12.3995
81,0.8754450379954345,0.9891514193839724,213.1013,-47.8269,-153.9582,11.3162,-1.1520239823,-0.4943296832,25.7851,199.6939,-12.3778,-21.2521,246.7312,-12.3778
82,0.8749003989604195,0.9899900899519178,212.5963,-47.6496,-153.4690,11.4777,-1.1520898187,-0.4943296832,25.5746,199.3778,-12.3561,-21.3137,246.2661,-12.3561
83,0.8743557599254045,0.9908287605198632,212.0926,-47.4728,-152.9811,11.6387,-1.1521554890,-0.4943296832,25.3650,199.0620,-12.3344,-21.3747,245.8016,-12.3344
84,0.8738111208903895,0.9916674310878086,211.5901,-47.2966,-152.4945,11.7990,-1.1522209926,-0.4943296832,25.1563,198.7466,-12.3128,-21.4350,245.3379,-12.3128
85,0.8732664818553745,0.992506101655754,211.0889,-47.1209,-152.0091,11.9589,-1.1522863289,-0.4943296832,24.9486,198.4315,-12.2911,-21.4947,244.8748,-12.2911
86,0.8727218428203595,0.9933447722236994,210.5891,-46.9459,-151.5251,12.1181,-1.1523514973,-0.4943296832,24.7417,198.1169,-12.2695,-21.5539,244.4125,-12.2695
87,0.8721772037853445,0.9941834427916448,210.0904,-46.7714,-151.0423,12.2768,-1.1524164971,-0.4943296832,24.5358,197.8026,-12.2479,-21.6124,243.9508,-12.2479
88,0.8716472845211113,0.9950314908878012,209.5863,-46.5969,-150.5591,12.4302,-1.1524795779,-0.4943296832,24.3292,197.4831,-12.2260,-21.6703,243.4826,-12.2260
89,0.8711173652568781,0.9958795389839578,209.0834,-46.4230,-150.0772,12.5832,-1.1525424979,-0.4943296832,24.1236,197.1640,-12.2042,-21.7276,243.0152,-12.2042
90,0.8705874459926449,0.9967275870801142,208.5818,-46.2497,-149.5966,12.7355,-1.1526052566,-0.4943296832,23.9189,196.8453,-12.1823,-21.7843,242.5484,-12.1823
91,0.8700575267284117,0.9975756351762708,208.0815,-46.0769,-149.1173,12.8873,-1.1526678534,-0.4943296832,23.7151,196.5269,-12.1605,-21.8404,242.0824,-12.1605
92,0.8695276074641786,0.9984236832724273,207.5825,-45.9047,-148.6392,13.0386,-1.1527302877,-0.4943296832,23.5122,196.2090,-12.1387,-21.8959,241.6171,-12.1387
93,0.8689976881999454,0.9992717313685836,207.0848,-45.7331,-148.1625,13.1893,-1.1527925589,-0.4943296832,23.3103,195.8915,-12.1169,-21.9508,241.1526,-12.1169
94,0.8684677689357122,1.00011977946474,206.5884,-45.5620,-147.6870,13.3394,-1.1528546665,-0.4943296832,23.1092,195.5743,-12.0952,-22.0051,240.6887,-12.0952
95,0.8679527308608022,1.000976946765442,206.0867,-45.3910,-147.2113,13.4843,-1.1529148726,-0.4943296832,22.9077,195.2521,-12.0731,-22.0588,240.2186,-12.0731
96,0.8674376927858921,1.0018341140661442,205.5863,-45.2206,-146.7369,13.6288,-1.1529749230,-0.4943296832,22.7070,194.9304,-12.0511,-22.1118,239.7492,-12.0511
97,0.8669226547109821,1.0026912813668465,205.0872,-45.0507,-146.2638,13.7727,-1.1530348172,-0.4943296832,22.5073,194.6090,-12.0291,-22.1643,239.2806,-12.0291
98,0.866407616636072,1.0035484486675483,204.5894,-44.8814,-145.7919,13.9160,-1.1530945546,-0.4943296832,22.3085,194.2880,-12.0071,-22.2162,238.8127,-12.0071
99,0.865892578561162,1.0044056159682504,204.0929,-44.7127,-145.3214,14.0588,-1.1531541347,-0.4943296832,22.1106,193.9675,-11.9852,-22.2675,238.3455,-11.9852
100,0.8653775404862519,1.0052627832689525,203.5977,-44.5445,-144.8521,14.2011,-1.1532135569,-0.4943296832,21.9135,193.6473,-11.9632,-22.3182,237.8791,-11.9632
101,0.8648625024113419,1.0061199505696543,203.1037,-44.3768,-144.3841,14.3428,-1.1532728206,-0.4943296832,21.7174,193.3276,-11.9413,-22.3684,237.4134,-11.9413
102,0.8643625024113419,1.006985975973439,202.6048,-44.2093,-143.9161,14.4794,-1.1533302019,-0.4943296832,21.5209,193.0030,-11.9191,-22.4178,236.9418,-11.9191
103,0.863862502411342,1.0078520013772234,202.1072,-44.0424,-143.4493,14.6155,-1.1533874329,-0.4943296832,21.3253,192.6788,-11.8969,-22.4667,236.4709,-11.8969
104,0.863362502411342,1.008718026781008,201.6109,-43.8760,-142.9839,14.7511,-1.1534445130,-0.4943296832,21.1306,192.3551,-11.8748,-22.5150,236.0007,-11.8748
105,0.8628625024113421,1.0095840521847923,201.1159,-43.7101,-142.5197,14.8861,-1.1535014418,-0.4943296832,20.9368,192.0318,-11.8527,-22.5627,235.5313,-11.8527
106,0.8623625024113422,1.0104500775885767,200.6222,-43.5448,-142.0568,15.0206,-1.1535582187,-0.4943296832,20.7439,191.7089,-11.8306,-22.6099,235.0627,-11.8306
107,0.8618625024113422,1.0113161029923612,200.1298,-43.3800,-141.5952,15.1546,-1.1536148432,-0.4943296832,20.5519,191.3864,-11.8085,-22.6566,234.5948,-11.8085
108,0.8613625024113423,1.0121821283961456,199.6387,-43.2158,-141.1349,15.2880,-1.1536713148,-0.4943296832,20.3608,191.0644,-11.7864,-22.7026,234.1277,-11.7864
109,0.8608625024113423,1.01304815379993,199.1489,-43.0521,-140.6758,15.4209,-1.1537276330,-0.4943296832,20.1705,190.7428,-11.7644,-22.7482,233.6614,-11.7644
110,0.8603625024113424,1.0139141792037143,198.6603,-42.8890,-140.2181,15.5533,-1.1537837972,-0.4943296832,19.9811,190.4216,-11.7424,-22.7931,233.1958,-11.7424
111,0.859877692791096,1.014788798910854,198.1671,-42.7261,-139.7604,15.6806,-1.1538381077,-0.4943296832,19.7915,190.0957,-11.7201,-22.8373,232.7245,-11.7201
112,0.8593928831708497,1.0156634186179934,197.6752,-42.5637,-139.3040,15.8075,-1.1538922725,-0.4943296832,19.6027,189.7703,-11.6978,-22.8810,232.2540,-11.6978
113,0.8589080735506034,1.0165380383251328,197.1845,-42.4018,-138.8490,15.9338,-1.1539462911,-0.4943296832,19.4149,189.4453,-11.6756,-22.9241,231.7843,-11.6756
114,0.8584232639303571,1.0174126580322722,196.6952,-42.2405,-138.3951,16.0596,-1.1540001631,-0.4943296832,19.2279,189.1207,-11.6534,-22.9667,231.3153,-11.6534
115,0.8579384543101107,1.0182872777394116,196.2072,-42.0797,-137.9426,16.1849,-1.1540538880,-0.4943296832,19.0418,188.7966,-11.6312,-23.0087,230.8471,-11.6312
116,0.8574536446898644,1.019161897446551,195.7204,-41.9194,-137.4914,16.3097,-1.1541074652,-0.4943296832,18.8565,188.4730,-11.6091,-23.0503,230.3797,-11.6091
117,0.8569688350696181,1.0200365171536905,195.2350,-41.7597,-137.0414,16.4339,-1.1541608944,-0.4943296832,18.6721,188.1498,-11.5869,-23.0912,229.9131,-11.5869
118,0.8564840254493717,1.02091113686083,194.7508,-41.6005,-136.5927,16.5576,-1.1542141751,-0.4943296832,18.4886,187.8270,-11.5648,-23.1317,229.4473,-11.5648
119,0.8560145538865859,1.0217940844536888,194.2622,-41.4415,-136.1443,16.6764,-1.1542656280,-0.4943296832,18.3050,187.4997,-11.5424,-23.1713,228.9760,-11.5424
120,0.8555450823238,1.0226770320465477,193.7750,-41.2831,-135.6971,16.7947,-1.1543169408,-0.4943296832,18.1222,187.1729,-11.5201,-23.2105,228.5055,-11.5201
121,0.8550756107610141,1.0235599796394066,193.2890,-41.1252,-135.2513,16.9125,-1.1543681129,-0.4943296832,17.9402,186.8465,-11.4978,-23.2491,228.0358,-11.4978
122,0.8546061391982283,1.0244429272322657,192.8042,-40.9677,-134.8067,17.0298,-1.1544191439,-0.4943296832,17.7591,186.5206,-11.4755,-23.2872,227.5670,-11.4755
123,0.8541366676354424,1.0253258748251244,192.3209,-40.8109,-134.3634,17.1466,-1.1544700334,-0.4943296832,17.5790,186.1951,-11.4532,-23.3247,227.0988,-11.4532
124,0.8536671960726565,1.0262088224179833,191.8388,-40.6546,-133.9213,17.2629,-1.1545207809,-0.4943296832,17.3996,185.8702,-11.4309,-23.3618,226.6315,-11.4309
125,0.8531977245098706,1.0270917700108422,191.3580,-40.4988,-133.4805,17.3787,-1.1545713860,-0.4943296832,17.2211,185.5457,-11.4087,-23.3983,226.1651,-11.4087
126,0.8527282529470848,1.027974717603701,190.8785,-40.3435,-133.0410,17.4940,-1.1546218482,-0.4943296832,17.0434,185.2216,-11.3865,-23.4344,225.6994,-11.3865
127,0.8522587813842989,1.02885766519656,190.4003,-40.1887,-132.6028,17.6088,-1.1546721671,-0.4943296832,16.8666,184.8980,-11.3643,-23.4699,225.2345,-11.3643
128,0.8518047908845593,1.0297486717207482,189.9179,-40.0342,-132.1649,17.7187,-1.1547206899,-0.4943296832,16.6897,184.5700,-11.3419,-23.5046,224.7644,-11.3419
129,0.8513508003848197,1.0306396782449363,189.4368,-39.8803,-131.7284,17.8282,-1.1547690779,-0.4943296832,16.5137,184.2426,-11.3195,-23.5388,224.2951,-11.3195
130,0.8508968098850801,1.0315306847691248,188.9570,-39.7268,-131.2931,17.9371,-1.1548173307,-0.4943296832,16.3386,183.9156,-11.2971,-23.5725,223.8267,-11.2971
131,0.8504428193853405,1.032421691293313,188.4785,-39.5739,-130.8591,18.0456,-1.1548654477,-0.4943296832,16.1642,183.5891,-11.2748,-23.6057,223.3590,-11.2748
132,0.8499888288856009,1.0333126978175011,188.0013,-39.4214,-130.4263,18.1536,-1.1549134287,-0.4943296832,15.9907,183.2630,-11.2524,-23.6384,222.8922,-11.2524
133,0.8495348383858613,1.0342037043416896,187.5254,-39.2695,-129.9948,18.2611,-1.1549612732,-0.4943296832,15.8181,182.9375,-11.2301,-23.6707,222.4262,-11.2301
134,0.8490808478861217,1.035094710865878,187.0508,-39.1181,-129.5645,18.3682,-1.1550089807,-0.4943296832,15.6463,182.6124,-11.2079,-23.7024,221.9611,-11.2079
135,0.8486268573863821,1.0359857173900662,186.5775,-38.9672,-129.1356,18.4747,-1.1550565510,-0.4943296832,15.4753,182.2878,-11.1856,-23.7336,221.4967,-11.1856
136,0.848188486239593,1.0368845114363654,186.1002,-38.8166,-128.7071,18.5765,-1.1551023539,-0.4943296832,15.3043,181.9590,-11.1631,-23.7641,221.0274,-11.1631
137,0.8477501150928038,1.0377833054826646,185.6243,-38.6666,-128.2799,18.6778,-1.1551480279,-0.4943296832,15.1342,181.6307,-11.1407,-23.7940,220.5589,-11.1407
138,0.8473117439460147,1.0386820995289638,185.1496,-38.5170,-127.8540,18.7786,-1.1551935728,-0.4943296832,14.9649,181.3029,-11.1182,-23.8235,220.0913,-11.1182
139,0.8468733727992256,1.039580893575263,184.6762,-38.3679,-127.4294,18.8790,-1.1552389881,-0.4943296832,14.7965,180.9756,-11.0958,-23.8524,219.6245,-11.0958
140,0.8464350016524365,1.0404796876215625,184.2041,-38.2193,-127.0059,18.9789,-1.1552842735,-0.4943296832,14.6288,180.6488,-11.0735,-23.8810,219.1585,-11.0735
141,0.8459966305056473,1.0413784816678615,183.7334,-38.0713,-126.5838,19.0783,-1.1553294285,-0.4943296832,14.4620,180.3224,-11.0511,-23.9090,218.6934,-11.0511
142,0.8455582593588582,1.0422772757141607,183.2637,-37.9236,-126.1629,19.1773,-1.1553744529,-0.4943296832,14.2959,179.9966,-11.0288,-23.9366,218.2291,-11.0288
143,0.8451198882120691,1.04317606976046,182.7955,-37.7765,-125.7433,19.2757,-1.1554193462,-0.4943296832,14.1308,179.6712,-11.0065,-23.9637,217.7657,-11.0065
144,0.8446815170652799,1.0440748638067592,182.3286,-37.6299,-125.3249,19.3738,-1.1554641080,-0.4943296832,13.9664,179.3464,-10.9842,-23.9903,217.3031,-10.9842
145,0.8442588988035392,1.0449811715937958,181.8580,-37.4837,-124.9071,19.4671,-1.1555071364,-0.4943296832,13.8021,179.0176,-10.9617,-24.0161,216.8358,-10.9617
146,0.8438362805417985,1.0458874793808324,181.3887,-37.3380,-124.4906,19.5600,-1.1555500420,-0.4943296832,13.6387,178.6892,-10.9392,-24.0414,216.3693,-10.9392
147,0.8434136622800578,1.046793787167869,180.9207,-37.1928,-124.0754,19.6525,-1.1555928243,-0.4943296832,13.4760,178.3614,-10.9168,-24.0663,215.9037,-10.9168
148,0.842991044018317,1.0477000949549056,180.4541,-37.0483,-123.6613,19.7445,-1.1556354831,-0.4943296832,13.3142,178.0342,-10.8944,-24.0906,215.4391,-10.8944
149,0.8425684257565763,1.0486064027419422,179.9886,-36.9040,-123.2486,19.8360,-1.1556780179,-0.4943296832,13.1532,177.7074,-10.8720,-24.1146,214.9752,-10.8720
150,0.8421458074948356,1.0495127105289788,179.5244,-36.7602,-122.8371,19.9271,-1.1557204285,-0.4943296832,12.9930,177.3811,-10.8496,-24.1381,214.5122,-10.8496
151,0.8417231892330949,1.0504190183160154,179.0614,-36.6168,-122.4268,20.0178,-1.1557627144,-0.4943296832,12.8335,177.0552,-10.8273,-24.1612,214.0499,-10.8273
152,0.8413005709713541,1.051325326103052,178.5999,-36.4742,-122.0177,20.1080,-1.1558048753,-0.4943296832,12.6749,176.7299,-10.8049,-24.1838,213.5887,-10.8049
153,0.8408779527096134,1.0522316338900886,178.1396,-36.3320,-121.6098,20.1977,-1.1558469110,-0.4943296832,12.5171,176.4051,-10.7826,-24.2060,213.1282,-10.7826
154,0.8404553344478727,1.0531379416771252,177.6804,-36.1901,-121.2033,20.2870,-1.1558888209,-0.4943296832,12.3599,176.0808,-10.7604,-24.2278,212.6685,-10.7604
155,0.8400485978047969,1.0540514871347677,177.2179,-36.0486,-120.7975,20.3718,-1.1559290369,-0.4943296832,12.2031,175.7527,-10.7379,-24.2487,212.2044,-10.7379
156,0.8396418611617211,1.0549650325924105,176.7566,-35.9076,-120.3929,20.4561,-1.1559691359,-0.4943296832,12.0470,175.4251,-10.7155,-24.2691,211.7412,-10.7155
157,0.8392351245186453,1.0558785780500528,176.2967,-35.7672,-119.9896,20.5399,-1.1560091174,-0.4943296832,11.8917,175.0981,-10.6930,-24.2891,211.2789,-10.6930
158,0.8388283878755696,1.0567921235076954,175.8381,-35.6272,-119.5875,20.6234,-1.1560489813,-0.4943296832,11.7372,174.7715,-10.6707,-24.3087,210.8175,-10.6707
159,0.8384216512324938,1.057705668965338,175.3807,-35.4877,-119.1866,20.7064,-1.1560887272,-0.4943296832,11.5834,174.4455,-10.6483,-24.3279,210.3569,-10.6483
160,0.838014914589418,1.0586192144229805,174.9245,-35.3487,-118.7869,20.7890,-1.1561283548,-0.4943296832,11.4305,174.1200,-10.6259,-24.3467,209.8972,-10.6259
161,0.8376081779463422,1.059532759880623,174.4697,-35.2102,-118.3884,20.8711,-1.1561678637,-0.4943296832,11.2783,173.7950,-10.6036,-24.3650,209.4383,-10.6036
162,0.8372014413032665,1.0604463053382656,174.0161,-35.0721,-117.9912,20.9528,-1.1562072537,-0.4943296832,11.1269,173.4705,-10.5813,-24.3829,208.9803,-10.5813
163,0.8367947046601907,1.061359850795908,173.5637,-34.9345,-117.5951,21.0341,-1.1562465244,-0.4943296832,10.9762,173.1465,-10.5591,-24.4004,208.5232,-10.5591
164,0.8364039735317014,1.0622803556493603,173.1082,-34.7973,-117.2000,21.1109,-1.1562841371,-0.4943296832,10.8259,172.8190,-10.5366,-24.4170,208.0619,-10.5366
165,0.8360132424032121,1.063200860502813,172.6540,-34.6606,-116.8061,21.1873,-1.1563216392,-0.4943296832,10.6762,172.4920,-10.5142,-24.4333,207.6015,-10.5142
166,0.8356225112747228,1.0641213653562651,172.2010,-34.5243,-116.4134,21.2633,-1.1563590303,-0.4943296832,10.5274,172.1655,-10.4918,-24.4491,207.1419,-10.4918
167,0.8352317801462334,1.0650418702097175,171.7493,-34.3886,-116.0219,21.3389,-1.1563963102,-0.4943296832,10.3793,171.8395,-10.4694,-24.4645,206.6833,-10.4694
168,0.8348410490177441,1.0659623750631702,171.2989,-34.2533,-115.6316,21.4141,-1.1564334786,-0.4943296832,10.2320,171.5140,-10.4471,-24.4795,206.2255,-10.4471
169,0.8344503178892548,1.0668828799166226,170.8497,-34.1184,-115.2424,21.4889,-1.1564705352,-0.4943296832,10.0854,171.1891,-10.4248,-24.4941,205.7686,-10.4248
170,0.8340595867607655,1.067803384770075,170.4018,-33.9840,-114.8545,21.5632,-1.1565074797,-0.4943296832,9.9396,170.8647,-10.4025,-24.5083,205.3126,-10.4025
171,0.8336688556322762,1.0687238896235274,169.9551,-33.8501,-114.4678,21.6372,-1.1565443118,-0.4943296832,9.7945,170.5408,-10.3802,-24.5221,204.8574,-10.3802
172,0.8332781245037869,1.0696443944769798,169.5097,-33.7167,-114.0823,21.7107,-1.1565810312,-0.4943296832,9.6501,170.2175,-10.3580,-24.5355,204.4031,-10.3580
173,0.8328873933752976,1.0705648993304322,169.0655,-33.5837,-113.6980,21.7838,-1.1566176376,-0.4943296832,9.5065,169.8947,-10.3358,-24.5485,203.9498,-10.3358
174,0.8325127867818817,1.071492083184999,168.6184,-33.4511,-113.3147,21.8526,-1.1566526271,-0.4943296832,9.3633,169.5685,-10.3134,-24.5607,203.4925,-10.3134
175,0.8321381801884657,1.0724192670395658,168.1725,-33.3190,-112.9325,21.9209,-1.1566875122,-0.4943296832,9.2208,169.2428,-10.2910,-24.5725,203.0361,-10.2910
176,0.8317635735950498,1.0733464508941326,167.7279,-33.1874,-112.5516,21.9889,-1.1567222927,-0.4943296832,9.0790,168.9176,-10.2687,-24.5840,202.5805,-10.2687
177,0.8313889670016339,1.0742736347486994,167.2846,-33.0562,-112.1719,22.0565,-1.1567569683,-0.4943296832,8.9379,168.5930,-10.2464,-24.5950,202.1259,-10.2464
178,0.831014360408218,1.0752008186032662,166.8425,-32.9255,-111.7933,22.1237,-1.1567915388,-0.4943296832,8.7976,168.2689,-10.2241,-24.6056,201.6722,-10.2241
179,0.830639753814802,1.076128002457833,166.4016,-32.7952,-111.4159,22.1905,-1.1568260038,-0.4943296832,8.6581,167.9454,-10.2018,-24.6159,201.2193,-10.2018
180,0.8302651472213861,1.0770551863123998,165.9619,-32.6654,-111.0397,22.2569,-1.1568603633,-0.4943296832,8.5192,167.6223,-10.1796,-24.6257,200.7673,-10.1796
181,0.8298905406279702,1.0779823701669666,165.5235,-32.5360,-110.6646,22.3229,-1.1568946168,-0.4943296832,8.3811,167.2998,-10.1574,-24.6352,200.3162,-10.1574
182,0.8295159340345543,1.0789095540215334,165.0864,-32.4070,-110.2907,22.3886,-1.1569287641,-0.4943296832,8.2437,166.9779,-10.1352,-24.6444,199.8660,-10.1352
183,0.8291413274411383,1.0798367378761002,164.6504,-32.2786,-109.9180,22.4538,-1.1569628050,-0.4943296832,8.1070,166.6565,-10.1131,-24.6531,199.4167,-10.1131
184,0.8287667208477224,1.080763921730667,164.2157,-32.1505,-109.5465,22.5187,-1.1569967392,-0.4943296832,7.9710,166.3356,-10.0910,-24.6615,198.9682,-10.0910
185,0.8284083528981772,1.0816975021571642,163.7783,-32.0230,-109.1760,22.5793,-1.1570291023,-0.4943296832,7.8355,166.0115,-10.0687,-24.6691,198.5161,-10.0687
186,0.8280499849486319,1.0826310825836614,163.3421,-31.8958,-108.8068,22.6395,-1.1570613672,-0.4943296832,7.7006,165.6880,-10.0464,-24.6764,198.0650,-10.0464
187,0.8276916169990867,1.0835646630101583,162.9072,-31.7691,-108.4387,22.6994,-1.1570935338,-0.4943296832,7.5664,165.3650,-10.0242,-24.6832,197.6147,-10.0242
188,0.8273332490495414,1.0844982434366557,162.4735,-31.6429,-108.0717,22.7589,-1.1571256018,-0.4943296832,7.4330,165.0426,-10.0020,-24.6897,197.1653,-10.0020
189,0.8269748810999962,1.0854318238631528,162.0411,-31.5171,-107.7059,22.8181,-1.1571575710,-0.4943296832,7.3002,164.7207,-9.9799,-24.6959,196.7168,-9.9799
190,0.8266165131504509,1.08636540428965,161.6098,-31.3917,-107.3412,22.8769,-1.1571894412,-0.4943296832,7.1682,164.3993,-9.9577,-24.7017,196.2692,-9.9577
191,0.8262581452009057,1.0872989847161472,161.1798,-31.2668,-106.9777,22.9353,-1.1572212121,-0.4943296832,7.0369,164.0785,-9.9356,-24.7071,195.8225,-9.9356
192,0.8258997772513604,1.0882325651426443,160.7510,-31.1423,-106.6154,22.9933,-1.1572528834,-0.4943296832,6.9062,163.7582,-9.9135,-24.7122,195.3767,-9.9135
193,0.8255414093018152,1.0891661455691417,160.3233,-31.0182,-106.2541,23.0510,-1.1572844550,-0.4943296832,6.7763,163.4385,-9.8915,-24.7170,194.9318,-9.8915
194,0.8251830413522699,1.0900997259956386,159.8969,-30.8946,-105.8940,23.1083,-1.1573159266,-0.4943296832,6.6470,163.1193,-9.8694,-24.7214,194.4877,-9.8694
195,0.8248410212089443,1.0910394186164245,159.4681,-30.7715,-105.5352,23.1615,-1.1573458691,-0.4943296832,6.5182,162.7971,-9.8473,-24.7250,194.0403,-9.8473
196,0.8244990010656187,1.0919791112372104,159.0405,-30.6487,-105.1774,23.2143,-1.1573757200,-0.4943296832,6.3901,162.4755,-9.8251,-24.7282,193.5938,-9.8251
197,0.8241569809222931,1.0929188038579962,158.6141,-30.5265,-104.8208,23.2668,-1.1574054793,-0.4943296832,6.2626,162.1544,-9.8030,-24.7312,193.1482,-9.8030
198,0.8238149607789674,1.093858496478782,158.1889,-30.4046,-104.4653,23.3189,-1.1574351467,-0.4943296832,6.1359,161.8339,-9.7809,-24.7337,192.7035,-9.7809
199,0.8234729406356418,1.094798189099568,157.7649,-30.2832,-104.1110,23.3707,-1.1574647220,-0.4943296832,6.0098,161.5139,-9.7588,-24.7360,192.2597,-9.7588
200,0.8231309204923162,1.0957378817203538,157.3421,-30.1622,-103.7578,23.4221,-1.1574942049,-0.4943296832,5.8844,161.1944,-9.7368,-24.7379,191.8167,-9.7368
201,0.8227889003489905,1.0966775743411397,156.9205,-30.0416,-103.4057,23.4732,-1.1575235953,-0.4943296832,5.7597,160.8755,-9.7148,-24.7395,191.3747,-9.7148
202,0.8224468802056649,1.0976172669619255,156.5001,-29.9214,-103.0547,23.5240,-1.1575528930,-0.4943296832,5.6357,160.5572,-9.6928,-24.7408,190.9336,-9.6928
203,0.8221048600623393,1.0985569595827114,156.0809,-29.8017,-102.7048,23.5744,-1.1575820977,-0.4943296832,5.5123,160.2394,-9.6708,-24.7417,190.4934,-9.6708
204,0.8217628399190137,1.0994966522034972,155.6629,-29.6824,-102.3561,23.6244,-1.1576112093,-0.4943296832,5.3896,159.9222,-9.6489,-24.7423,190.0541,-9.6489
205,0.821420819775688,1.100436344824283,155.2461,-29.5635,-102.0084,23.6741,-1.1576402276,-0.4943296832,5.2676,159.6055,-9.6270,-24.7426,189.6156,-9.6270
206,0.8210787996323624,1.101376037445069,154.8304,-29.4451,-101.6618,23.7235,-1.1576691522,-0.4943296832,5.1462,159.2894,-9.6051,-24.7426,189.1782,-9.6051
207,0.8207532314779052,1.1023215560206685,154.4126,-29.3272,-101.3166,23.7689,-1.1576965984,-0.4943296832,5.0252,158.9705,-9.5831,-24.7418,188.7376,-9.5831
208,0.8204276633234481,1.1032670745962676,153.9960,-29.2097,-100.9724,23.8139,-1.1577239595,-0.4943296832,4.9050,158.6522,-9.5612,-24.7407,188.2979,-9.5612
209,0.8201020951689909,1.104212593171867,153.5805,-29.0925,-100.6293,23.8587,-1.1577512352,-0.4943296832,4.7854,158.3342,-9.5392,-24.7394,187.8590,-9.5392
210,0.8197765270145337,1.1051581117474665,153.1661,-28.9756,-100.2874,23.9031,-1.1577784254,-0.4943296832,4.6665,158.0169,-9.5173,-24.7377,187.4210,-9.5173
211,0.8194509588600766,1.1061036303230656,152.7530,-28.8593,-99.9465,23.9471,-1.1578055298,-0.4943296832,4.5482,157.7001,-9.4954,-24.7356,186.9840,-9.4954
212,0.8191253907056194,1.107049148898665,152.3411,-28.7435,-99.6067,23.9909,-1.1578325484,-0.4943296832,4.4306,157.3841,-9.4735,-24.7333,186.5480,-9.4735
213,0.8187998225511622,1.1079946674742642,151.9304,-28.6280,-99.2681,24.0343,-1.1578594810,-0.4943296832,4.3136,157.0685,-9.4517,-24.7307,186.1128,-9.4517
214,0.8184742543967051,1.1089401860498636,151.5208,-28.5129,-98.9305,24.0774,-1.1578863273,-0.4943296832,4.1973,156.7534,-9.4299,-24.7278,185.6785,-9.4299
215,0.8181486862422479,1.1098857046254629,151.1124,-28.3982,-98.5939,24.1202,-1.1579130871,-0.4943296832,4.0815,156.4390,-9.4081,-24.7245,185.2451,-9.4081
216,0.8178231180877907,1.1108312232010622,150.7052,-28.2840,-98.2585,24.1627,-1.1579397603,-0.4943296832,3.9665,156.1251,-9.3864,-24.7210,184.8126,-9.3864
217,0.8174975499333336,1.1117767417766615,150.2991,-28.1701,-97.9242,24.2048,-1.1579663468,-0.4943296832,3.8520,155.8117,-9.3647,-24.7172,184.3810,-9.3647
218,0.8171885329389587,1.1127277982929566,149.8910,-28.0568,-97.5912,24.2431,-1.1579915011,-0.4943296832,3.7381,155.4957,-9.3428,-24.7127,183.9465,-9.3428
219,0.8168795159445837,1.1136788548092518,149.4840,-27.9437,-97.2593,24.2810,-1.1580165770,-0.4943296832,3.6248,155.1802,-9.3210,-24.7078,183.5129,-9.3210
220,0.8165704989502088,1.114629911325547,149.0782,-27.8311,-96.9284,24.3187,-1.1580415741,-0.4943296832,3.5122,154.8652,-9.2992,-24.7026,183.0801,-9.2992
221,0.8162614819558339,1.115580967841842,148.6737,-27.7190,-96.5986,24.3561,-1.1580664924,-0.4943296832,3.4002,154.5510,-9.2775,-24.6973,182.6484,-9.2775
222,0.815952464961459,1.1165320243581371,148.2703,-27.6073,-96.2699,24.3931,-1.1580913317,-0.4943296832,3.2888,154.2373,-9.2557,-24.6915,182.2176,-9.2557
223,0.8156434479670841,1.1174830808744325,147.8680,-27.4959,-95.9422,24.4299,-1.1581160919,-0.4943296832,3.1780,153.9241,-9.2340,-24.6855,181.7876,-9.2340
224,0.8153344309727092,1.1184341373907274,147.4668,-27.3848,-95.6156,24.4664,-1.1581407727,-0.4943296832,3.0679,153.6113,-9.2124,-24.6792,181.3585,-9.2124
225,0.8150254139783343,1.1193851939070223,147.0668,-27.2742,-95.2901,24.5025,-1.1581653740,-0.4943296832,2.9583,153.2993,-9.1908,-24.6727,180.9303,-9.1908
226,0.8147163969839594,1.1203362504233176,146.6681,-27.1641,-94.9656,24.5384,-1.1581898957,-0.4943296832,2.8494,152.9878,-9.1691,-24.6660,180.5032,-9.1691
227,0.8144073799895845,1.1212873069396128,146.2704,-27.0543,-94.6421,24.5739,-1.1582143376,-0.4943296832,2.7411,152.6769,-9.1476,-24.6589,180.0769,-9.1476
228,0.8140983629952095,1.122238363455908,145.8739,-26.9450,-94.3197,24.6092,-1.1582386995,-0.4943296832,2.6333,152.3665,-9.1260,-24.6515,179.6514,-9.1260
229,0.8137893460008346,1.123189419972203,145.4785,-26.8359,-93.9984,24.6442,-1.1582629813,-0.4943296832,2.5262,152.0567,-9.1045,-24.6439,179.2269,-9.1045
230,0.8134803290064597,1.124140476488498,145.0842,-26.7273,-93.6781,24.6788,-1.1582871828,-0.4943296832,2.4197,151.7475,-9.0830,-24.6360,178.8033,-9.0830
231,0.8131713120120848,1.1250915330047933,144.6910,-26.6191,-93.3588,24.7132,-1.1583113038,-0.4943296832,2.3138,151.4388,-9.0616,-24.6279,178.3805,-9.0616
232,0.8128789403073621,1.1260478377607563,144.2961,-26.5114,-93.0409,24.7438,-1.1583340513,-0.4943296832,2.2085,151.1276,-9.0400,-24.6190,177.9551,-9.0400
233,0.8125865686026393,1.1270041425167194,143.9023,-26.4041,-92.7240,24.7742,-1.1583567266,-0.4943296832,2.1037,150.8170,-9.0184,-24.6099,177.5307,-9.0184
234,0.8122941968979166,1.1279604472726823,143.5097,-26.2972,-92.4082,24.8043,-1.1583793294,-0.4943296832,1.9996,150.5070,-8.9969,-24.6005,177.1071,-8.9969
235,0.8120018251931939,1.1289167520286456,143.1182,-26.1906,-92.0934,24.8341,-1.1584018596,-0.4943296832,1.8960,150.1976,-8.9754,-24.5909,176.6845,-8.9754
236,0.8117094534884711,1.1298730567846087,142.7278,-26.0844,-91.7797,24.8637,-1.1584243171,-0.4943296832,1.7931,149.8887,-8.9540,-24.5810,176.2628,-8.9540
237,0.8114170817837484,1.1308293615405718,142.3385,-25.9786,-91.4669,24.8929,-1.1584467018,-0.4943296832,1.6907,149.5804,-8.9326,-24.5708,175.8419,-8.9326
238,0.8111247100790256,1.1317856662965349,141.9504,-25.8732,-91.1552,24.9219,-1.1584690134,-0.4943296832,1.5889,149.2727,-8.9112,-24.5604,175.4220,-8.9112
239,0.8108323383743029,1.132741971052498,141.5634,-25.7682,-90.8445,24.9506,-1.1584912520,-0.4943296832,1.4877,148.9655,-8.8898,-24.5498,175.0030,-8.8898
240,0.8105399666695802,1.133698275808461,141.1775,-25.6636,-90.5348,24.9791,-1.1585134172,-0.4943296832,1.3870,148.6589,-8.8685,-24.5389,174.5848,-8.8685
241,0.8102475949648574,1.134654580564424,140.7927,-25.5593,-90.2262,25.0072,-1.1585355091,-0.4943296832,1.2870,148.3529,-8.8472,-24.5278,174.1676,-8.8472
242,0.8099552232601347,1.1356108853203872,140.4090,-25.4554,-89.9185,25.0351,-1.1585575274,-0.4943296832,1.1875,148.0474,-8.8259,-24.5164,173.7513,-8.8259
243,0.809662851555412,1.1365671900763503,140.0264,-25.3519,-89.6118,25.0627,-1.1585794720,-0.4943296832,1.0886,147.7425,-8.8046,-24.5048,173.3358,-8.8046
244,0.8093704798506892,1.1375234948323134,139.6449,-25.2487,-89.3062,25.0900,-1.1586013427,-0.4943296832,0.9902,147.4381,-8.7834,-24.4929,172.9213,-8.7834
245,0.8090948424948722,1.1384847565282517,139.2618,-25.1461,-89.0019,25.1138,-1.1586218940,-0.4943296832,0.8924,147.1315,-8.7621,-24.4804,172.5043,-8.7621
246,0.8088192051390551,1.13944601822419,138.8799,-25.0438,-88.6987,25.1373,-1.1586423793,-0.4943296832,0.7952,146.8254,-8.7408,-24.4676,172.0883,-8.7408
247,0.8085435677832381,1.140407279920128,138.4990,-24.9419,-88.3965,25.1606,-1.1586627987,-0.4943296832,0.6986,146.5200,-8.7196,-24.4546,171.6732,-8.7196
248,0.8082679304274211,1.1413685416160664,138.1192,-24.8404,-88.0952,25.1836,-1.1586831520,-0.4943296832,0.6025,146.2151,-8.6983,-24.4414,171.2590,-8.6983
249,0.807992293071604,1.1423298033120046,137.7406,-24.7392,-87.7950,25.2064,-1.1587034390,-0.4943296832,0.5070,145.9107,-8.6771,-24.4279,170.8457,-8.6771
250,0.807716655715787,1.1432910650079429,137.3630,-24.6384,-87.4957,25.2289,-1.1587236597,-0.4943296832,0.4121,145.6070,-8.6560,-24.4142,170.4332,-8.6560
251,0.80744101835997,1.144252326703881,136.9866,-24.5380,-87.1975,25.2511,-1.1587438140,-0.4943296832,0.3177,145.3037,-8.6348,-24.4003,170.0217,-8.6348
252,0.8071653810041529,1.1452135883998191,136.6112,-24.4380,-86.9001,25.2731,-1.1587639017,-0.4943296832,0.2238,145.0011,-8.6137,-24.3862,169.6111,-8.6137
253,0.8068897436483359,1.1461748500957576,136.2368,-24.3382,-86.6038,25.2948,-1.1587839226,-0.4943296832,0.1305,144.6990,-8.5927,-24.3719,169.2014,-8.5927
254,0.8066141062925188,1.1471361117916958,135.8637,-24.2390,-86.3084,25.3163,-1.1588038768,-0.4943296832,0.0377,144.3976,-8.5716,-24.3573,168.7926,-8.5716
255,0.8057871942250677,1.1500198968795106,134.7505,-23.9431,-85.4282,25.3793,-1.1588633372,-0.4943296832,-0.2373,143.4965,-8.5086,-24.3123,167.5714,-8.5086
256,0.8055283751799652,1.1509858227057996,134.3791,-23.8453,-85.1373,25.3966,-1.1588818236,-0.4943296832,-0.3278,143.1946,-8.4876,-24.2964,167.1631,-8.4876
257,0.8052695561348627,1.1519517485320887,134.0088,-23.7479,-84.8472,25.4137,-1.1589002507,-0.4943296832,-0.4178,142.8932,-8.4666,-24.2803,166.7557,-8.4666
258,0.8050107370897602,1.1529176743583778,133.6396,-23.6510,-84.5581,25.4305,-1.1589186182,-0.4943296832,-0.5073,142.5925,-8.4456,-24.2640,166.3492,-8.4456
259,0.8047519180446577,1.1538836001846668,133.2715,-23.5542,-84.2701,25.4472,-1.1589369260,-0.4943296832,-0.5963,142.2924,-8.4246,-24.2476,165.9437,-8.4246
260,0.8044930989995552,1.154849526010956,132.9043,-23.4579,-83.9829,25.4636,-1.1589551742,-0.4943296832,-0.6847,141.9927,-8.4037,-24.2309,165.5389,-8.4037
261,0.8042342799544527,1.155815451837245,132.5383,-23.3619,-83.6967,25.4797,-1.1589733625,-0.4943296832,-0.7725,141.6937,-8.3828,-24.2140,165.1351,-8.3828
262,0.8039754609093502,1.156781377663534,132.1734,-23.2663,-83.4114,25.4957,-1.1589914908,-0.4943296832,-0.8599,141.3952,-8.3619,-24.1969,164.7322,-8.3619
263,0.8037166418642477,1.1577473034898231,131.8095,-23.1710,-83.1271,25.5114,-1.1590095591,-0.4943296832,-0.9467,141.0973,-8.3411,-24.1796,164.3302,-8.3411
264,0.8034578228191452,1.1587132293161122,131.4466,-23.0761,-82.8437,25.5269,-1.1590275673,-0.4943296832,-1.0330,140.8000,-8.3203,-24.1621,163.9290,-8.3203
265,0.8031990037740427,1.1596791551424013,131.0849,-22.9815,-82.5612,25.5421,-1.1590455153,-0.4943296832,-1.1188,140.5032,-8.2995,-24.1444,163.5288,-8.2995
266,0.8029401847289402,1.1606450809686903,130.7241,-22.8873,-82.2797,25.5571,-1.1590634029,-0.4943296832,-1.2041,140.2070,-8.2788,-24.1265,163.1294,-8.2788
267,0.8026813656838377,1.1616110067949794,130.3645,-22.7935,-81.9992,25.5719,-1.1590812300,-0.4943296832,-1.2889,139.9115,-8.2581,-24.1084,162.7310,-8.2581
268,0.8024225466387352,1.1625769326212685,130.0058,-22.6999,-81.7195,25.5865,-1.1590989966,-0.4943296832,-1.3732,139.6164,-8.2374,-24.0902,162.3334,-8.2374
269,0.8021637275936327,1.1635428584475576,129.6482,-22.6066,-81.4407,25.6008,-1.1591167026,-0.4943296832,-1.4569,139.3218,-8.2167,-24.0717,161.9367,-8.2167
270,0.8019049085485302,1.1645087842738466,129.2916,-22.5138,-81.1629,25.6149,-1.1591343478,-0.4943296832,-1.5402,139.0279,-8.1961,-24.0531,161.5408,-8.1961
271,0.8016460895034278,1.1654747101001357,128.9360,-22.4212,-80.8861,25.6288,-1.1591519321,-0.4943296832,-1.6229,138.7345,-8.1755,-24.0343,161.1459,-8.1755
272,0.8014041676078281,1.1664450058264118,128.5793,-22.3292,-80.6106,25.6394,-1.1591683134,-0.4943296832,-1.7051,138.4392,-8.1549,-24.0149,160.7490,-8.1549
273,0.8011622457122284,1.1674153015526878,128.2236,-22.2376,-80.3361,25.6499,-1.1591846413,-0.4943296832,-1.7867,138.1445,-8.1342,-23.9953,160.3531,-8.1342
274,0.8009203238166287,1.1683855972789638,127.8690,-22.1464,-80.0625,25.6601,-1.1592009158,-0.4943296832,-1.8678,137.8504,-8.1136,-23.9754,159.9581,-8.1136
275,0.800678401921029,1.16935589300524,127.5154,-22.0554,-79.7899,25.6702,-1.1592171368,-0.4943296832,-1.9485,137.5569,-8.0930,-23.9555,159.5639,-8.0930
276,0.8004364800254293,1.170326188731516,127.1628,-21.9647,-79.5181,25.6800,-1.1592333041,-0.4943296832,-2.0286,137.2639,-8.0725,-23.9353,159.1706,-8.0725
277,0.8001945581298296,1.171296484457792,126.8112,-21.8744,-79.2472,25.6896,-1.1592494179,-0.4943296832,-2.1083,136.9714,-8.0519,-23.9150,158.7781,-8.0519
278,0.79995263623423,1.172266780184068,126.4607,-21.7844,-78.9772,25.6990,-1.1592654778,-0.4943296833,-2.1874,136.6795,-8.0315,-23.8945,158.3866,-8.0315
279,0.7997107143386303,1.173237075910344,126.1112,-21.6949,-78.7081,25.7082,-1.1592814839,-0.4943296833,-2.2662,136.3884,-8.0110,-23.8739,157.9961,-8.0110
280,0.7994687924430306,1.17420737163662,125.7626,-21.6054,-78.4400,25.7172,-1.1592974361,-0.4943296833,-2.3443,136.0975,-7.9906,-23.8530,157.6061,-7.9906
281,0.7992268705474309,1.1751776673628962,125.4152,-21.5165,-78.1727,25.7260,-1.1593133343,-0.4943296833,-2.4221,135.8074,-7.9702,-23.8320,157.2173,-7.9702
282,0.7989849486518312,1.1761479630891722,125.0687,-21.4278,-77.9063,25.7346,-1.1593291783,-0.4943296833,-2.4993,135.5178,-7.9498,-23.8108,156.8293,-7.9498
283,0.7987430267562315,1.1771182588154483,124.7232,-21.3395,-77.6408,25.7430,-1.1593449682,-0.4943296833,-2.5761,135.2287,-7.9295,-23.7895,156.4422,-7.9295
284,0.7985011048606319,1.1780885545417243,124.3787,-21.2514,-77.3761,25.7512,-1.1593607039,-0.4943296833,-2.6523,134.9403,-7.9092,-23.7680,156.0559,-7.9092
285,0.7982591829650322,1.1790588502680004,124.0353,-21.1637,-77.1124,25.7591,-1.1593763851,-0.4943296833,-2.7282,134.6523,-7.8889,-23.7464,155.6705,-7.8889
286,0.7980172610694325,1.1800291459942764,123.6928,-21.0764,-76.8495,25.7669,-1.1593920120,-0.4943296833,-2.8035,134.3650,-7.8687,-23.7245,155.2860,-7.8687
287,0.7977753391738328,1.1809994417205525,123.3514,-20.9894,-76.5875,25.7745,-1.1594075843,-0.4943296833,-2.8784,134.0782,-7.8484,-23.7025,154.9023,-7.8484
288,0.797550388119489,1.1819738117853378,123.0088,-20.9028,-76.3270,25.7790,-1.1594220152,-0.4943296833,-2.9527,133.7897,-7.8282,-23.6800,154.5170,-7.8282
289,0.7973254370651451,1.182948181850123,122.6673,-20.8167,-76.0673,25.7833,-1.1594363989,-0.4943296833,-3.0265,133.5017,-7.8079,-23.6573,154.1325,-7.8079
290,0.7971004860108013,1.1839225519149084,122.3268,-20.7308,-75.8086,25.7875,-1.1594507352,-0.4943296833,-3.0998,133.2143,-7.7877,-23.6344,153.7490,-7.7877
291,0.7968755349564575,1.1848969219796937,121.9873,-20.6452,-75.5507,25.7915,-1.1594650240,-0.4943296833,-3.1727,132.9275,-7.7675,-23.6114,153.3663,-7.7675
292,0.7966505839021136,1.185871292044479,121.6488,-20.5600,-75.2936,25.7953,-1.1594792654,-0.4943296833,-3.2451,132.6412,-7.7473,-23.5882,152.9844,-7.7473
293,0.7964256328477698,1.1868456621092642,121.3113,-20.4750,-75.0374,25.7989,-1.1594934592,-0.4943296833,-3.3170,132.3555,-7.7272,-23.5649,152.6034,-7.7272
294,0.796200681793426,1.1878200321740495,120.9747,-20.3904,-74.7820,25.8023,-1.1595076054,-0.4943296833,-3.3885,132.0704,-7.7071,-23.5415,152.2234,-7.7071
295,0.7959757307390821,1.1887944022388348,120.6391,-20.3061,-74.5275,25.8055,-1.1595217039,-0.4943296833,-3.4596,131.7858,-7.6871,-23.5179,151.8441,-7.6871
296,0.7957507796847383,1.18976877230362,120.3045,-20.2220,-74.2739,25.8086,-1.1595357546,-0.4943296833,-3.5302,131.5018,-7.6670,-23.4942,151.4658,-7.6670
297,0.7955258286303944,1.1907431423684054,119.9709,-20.1384,-74.0211,25.8115,-1.1595497575,-0.4943296833,-3.6004,131.2183,-7.6470,-23.4703,151.0882,-7.6470
298,0.7953008775760506,1.191717512433191,119.6384,-20.0550,-73.7692,25.8142,-1.1595637124,-0.4943296833,-3.6701,130.9355,-7.6271,-23.4462,150.7116,-7.6271
299,0.7950759265217068,1.192691882497976,119.3067,-19.9720,-73.5180,25.8167,-1.1595776194,-0.4943296833,-3.7393,130.6532,-7.6071,-23.4220,150.3359,-7.6071
300,0.7948509754673629,1.1936662525627613,118.9761,-19.8893,-73.2678,25.8190,-1.1595914784,-0.4943296833,-3.8081,130.3714,-7.5872,-23.3977,149.9610,-7.5872
301,0.7946260244130191,1.1946406226275466,118.6464,-19.8068,-73.0183,25.8212,-1.1596052892,-0.4943296833,-3.8765,130.0902,-7.5673,-23.3732,149.5869,-7.5673
302,0.7944010733586753,1.1956149926923318,118.3175,-19.7247,-72.7697,25.8232,-1.1596190518,-0.4943296833,-3.9445,129.8095,-7.5475,-23.3487,149.2137,-7.5475
303,0.7941761223043314,1.1965893627571171,117.9898,-19.6428,-72.5219,25.8250,-1.1596327662,-0.4943296833,-4.0120,129.5294,-7.5277,-23.3240,148.8414,-7.5277
304,0.7939511712499876,1.1975637328219024,117.6629,-19.5613,-72.2750,25.8266,-1.1596464323,-0.4943296833,-4.0791,129.2500,-7.5079,-23.2992,148.4700,-7.5079
305,0.7937432595591698,1.1985418804226362,117.3352,-19.4803,-72.0295,25.8254,-1.1596590201,-0.4943296833,-4.1456,128.9688,-7.4881,-23.2737,148.0970,-7.4881
306,0.793535347868352,1.19952002802337,117.0084,-19.3996,-71.7848,25.8240,-1.1596715666,-0.4943296833,-4.2116,128.6883,-7.4682,-23.2482,147.7249,-7.4682
307,0.7933274361775342,1.2004981756241038,116.6826,-19.3192,-71.5410,25.8224,-1.1596840716,-0.4943296833,-4.2771,128.4082,-7.4485,-23.2225,147.3536,-7.4485
308,0.7931195244867164,1.2014763232248376,116.3578,-19.2391,-71.2981,25.8207,-1.1596965350,-0.4943296833,-4.3423,128.1288,-7.4287,-23.1968,146.9833,-7.4287
309,0.7929116127958986,1.202454470825571,116.0339,-19.1593,-71.0558,25.8188,-1.1597089570,-0.4943296833,-4.4071,127.8500,-7.4090,-23.1709,146.6138,-7.4090
310,0.7927037011050808,1.2034326184263051,115.7109,-19.0798,-70.8144,25.8167,-1.1597213373,-0.4943296833,-4.4714,127.5717,-7.3893,-23.1449,146.2452,-7.3893
311,0.792495789414263,1.204410766027039,115.3889,-19.0005,-70.5739,25.8145,-1.1597336759,-0.4943296833,-4.5353,127.2939,-7.3697,-23.1188,145.8774,-7.3697
312,0.7922878777234452,1.205388913627773,115.0679,-18.9216,-70.3341,25.8122,-1.1597459727,-0.4943296833,-4.5988,127.0167,-7.3500,-23.0925,145.5104,-7.3500
313,0.7920799660326274,1.2063670612285065,114.7478,-18.8430,-70.0951,25.8097,-1.1597582278,-0.4943296833,-4.6619,126.7401,-7.3305,-23.0661,145.1444,-7.3305
314,0.7918720543418096,1.2073452088292402,114.4286,-18.7646,-69.8569,25.8070,-1.1597704411,-0.4943296833,-4.7246,126.4640,-7.3109,-23.0396,144.7791,-7.3109
315,0.7916641426509918,1.208323356429974,114.1103,-18.6866,-69.6196,25.8042,-1.1597826124,-0.4943296833,-4.7868,126.1885,-7.2914,-23.0130,144.4147,-7.2914
316,0.791456230960174,1.2093015040307078,113.7930,-18.6088,-69.3830,25.8012,-1.1597947418,-0.4943296833,-4.8486,125.9136,-7.2719,-22.9863,144.0512,-7.2719
317,0.7912483192693562,1.2102796516314416,113.4766,-18.5314,-69.1472,25.7981,-1.1598068291,-0.4943296833,-4.9101,125.6391,-7.2524,-22.9594,143.6885,-7.2524
318,0.7910404075785384,1.2112577992321754,113.1612,-18.4542,-68.9122,25.7948,-1.1598188744,-0.4943296833,-4.9711,125.3653,-7.2330,-22.9325,143.3267,-7.2330
319,0.7908324958877206,1.2122359468329091,112.8466,-18.3773,-68.6780,25.7913,-1.1598308776,-0.4943296833,-5.0317,125.0920,-7.2136,-22.9054,142.9657,-7.2136
320,0.7906245841969028,1.213214094433643,112.5330,-18.3007,-68.4446,25.7877,-1.1598428386,-0.4943296833,-5.0919,124.8192,-7.1943,-22.8782,142.6055,-7.1943
321,0.790416672506085,1.2141922420343767,112.2203,-18.2244,-68.2119,25.7840,-1.1598547573,-0.4943296833,-5.1518,124.5470,-7.1749,-22.8509,142.2462,-7.1749
322,0.7902087608152673,1.2151703896351105,111.9085,-18.1484,-67.9801,25.7801,-1.1598666337,-0.4943296833,-5.2112,124.2753,-7.1556,-22.8235,141.8876,-7.1556
323,0.7900008491244495,1.2161485372358445,111.5977,-18.0727,-67.7490,25.7760,-1.1598784678,-0.4943296833,-5.2702,124.0042,-7.1364,-22.7960,141.5300,-7.1364
324,0.7897929374336317,1.217126684836578,111.2876,-17.9971,-67.5187,25.7718,-1.1598902594,-0.4943296833,-5.3288,123.7336,-7.1171,-22.7684,141.1731,-7.1171
325,0.7896021284382552,1.2181083120200258,110.9770,-17.9223,-67.2898,25.7649,-1.1599010437,-0.4943296833,-5.3868,123.4616,-7.0978,-22.7403,140.8151,-7.0978
326,0.7894113194428787,1.2190899392034735,110.6673,-17.8476,-67.0617,25.7579,-1.1599117922,-0.4943296833,-5.4445,123.1903,-7.0786,-22.7121,140.4579,-7.0786
327,0.7892205104475022,1.2200715663869213,110.3584,-17.7732,-66.8344,25.7507,-1.1599225049,-0.4943296833,-5.5017,122.9194,-7.0594,-22.6838,140.1015,-7.0594
328,0.7890297014521257,1.221053193570369,110.0504,-17.6991,-66.6079,25.7434,-1.1599331816,-0.4943296833,-5.5586,122.6492,-7.0402,-22.6553,139.7459,-7.0402
329,0.7888388924567492,1.2220348207538168,109.7434,-17.6253,-66.3821,25.7360,-1.1599438224,-0.4943296833,-5.6150,122.3794,-7.0210,-22.6268,139.3912,-7.0210
330,0.7886480834613727,1.2230164479372645,109.4372,-17.5517,-66.1570,25.7284,-1.1599544272,-0.4943296833,-5.6711,122.1102,-7.0019,-22.5982,139.0373,-7.0019
331,0.7884572744659962,1.2239980751207122,109.1319,-17.4785,-65.9327,25.7207,-1.1599649959,-0.4943296833,-5.7268,121.8416,-6.9828,-22.5695,138.6843,-6.9828
332,0.7882664654706197,1.22497970230416,108.8276,-17.4055,-65.7092,25.7129,-1.1599755286,-0.4943296833,-5.7821,121.5735,-6.9638,-22.5407,138.3321,-6.9638
333,0.7880756564752432,1.2259613294876075,108.5241,-17.3327,-65.4864,25.7050,-1.1599860251,-0.4943296833,-5.8371,121.3059,-6.9447,-22.5118,137.9807,-6.9447
334,0.7878848474798668,1.2269429566710557,108.2215,-17.2602,-65.2644,25.6969,-1.1599964855,-0.4943296833,-5.8916,121.0388,-6.9257,-22.4829,137.6301,-6.9257
335,0.7876940384844903,1.2279245838545032,107.9198,-17.1880,-65.0431,25.6886,-1.1600069097,-0.4943296833,-5.9458,120.7724,-6.9068,-22.4538,137.2803,-6.9068
336,0.7875032294891138,1.228906211037951,107.6189,-17.1160,-64.8226,25.6803,-1.1600172976,-0.4943296833,-5.9996,120.5063,-6.8878,-22.4246,136.9313,-6.8878
337,0.7873124204937373,1.229887838221399,107.3190,-17.0444,-64.6028,25.6718,-1.1600276492,-0.4943296833,-6.0531,120.2410,-6.8690,-22.3954,136.5833,-6.8690
338,0.7871216114983608,1.2308694654048464,107.0200,-16.9731,-64.3837,25.6632,-1.1600379644,-0.4943296833,-6.1062,119.9762,-6.8501,-22.3660,136.2361,-6.8501
339,0.7869308025029843,1.2318510925882942,106.7220,-16.9021,-64.1654,25.6545,-1.1600482433,-0.4943296833,-6.1589,119.7121,-6.8313,-22.3366,135.8898,-6.8313
340,0.7867399935076078,1.232832719771742,106.4245,-16.8311,-63.9478,25.6456,-1.1600584857,-0.4943296833,-6.2113,119.4482,-6.8125,-22.3070,135.5440,-6.8125
341,0.7865491845122313,1.2338143469551897,106.1281,-16.7606,-63.7309,25.6366,-1.1600686916,-0.4943296833,-6.2633,119.1851,-6.7937,-22.2774,135.1993,-6.7937
342,0.7863583755168548,1.2347959741386374,105.8326,-16.6903,-63.5148,25.6275,-1.1600788610,-0.4943296833,-6.3149,118.9224,-6.7750,-22.2478,134.8553,-6.7750
343,0.7861675665214783,1.2357776013220851,105.5378,-16.6202,-63.2994,25.6182,-1.1600889938,-0.4943296833,-6.3661,118.6602,-6.7563,-22.2180,134.5121,-6.7563
344,0.7859767575261019,1.2367592285055329,105.2440,-16.5504,-63.0847,25.6088,-1.1600990901,-0.4943296833,-6.4170,118.3986,-6.7376,-22.1881,134.1697,-6.7376
345,0.7858031093484349,1.237744036258545,104.9495,-16.4811,-62.8715,25.5970,-1.1601082464,-0.4943296833,-6.4673,118.1357,-6.7189,-22.1578,133.8262,-6.7189
346,0.7856294611707679,1.2387288440115571,104.6560,-16.4121,-62.6589,25.5850,-1.1601173723,-0.4943296833,-6.5173,117.8734,-6.7002,-22.1274,133.4836,-6.7002
347,0.785455812993101,1.2397136517645693,104.3632,-16.3433,-62.4471,25.5729,-1.1601264678,-0.4943296833,-6.5668,117.6116,-6.6816,-22.0970,133.1418,-6.6816
348,0.785282164815434,1.2406984595175814,104.0714,-16.2748,-62.2360,25.5607,-1.1601355328,-0.4943296833,-6.6161,117.3505,-6.6629,-22.0664,132.8008,-6.6629
349,0.785108516637767,1.2416832672705935,103.7804,-16.2065,-62.0256,25.5483,-1.1601445674,-0.4943296833,-6.6650,117.0897,-6.6444,-22.0358,132.4606,-6.6444
350,0.7849348684601001,1.2426680750236057,103.4903,-16.1386,-61.8159,25.5359,-1.1601535713,-0.4943296833,-6.7135,116.8297,-6.6258,-22.0052,132.1213,-6.6258
351,0.7847612202824331,1.2436528827766178,103.2011,-16.0708,-61.6069,25.5234,-1.1601625448,-0.4943296833,-6.7617,116.5701,-6.6073,-21.9744,131.7828,-6.6073
352,0.7845875721047662,1.24463769052963,102.9126,-16.0033,-61.3986,25.5107,-1.1601714876,-0.4943296833,-6.8096,116.3110,-6.5888,-21.9436,131.4450,-6.5888
353,0.7844139239270992,1.245622498282642,102.6251,-15.9361,-61.1910,25.4980,-1.1601803997,-0.4943296833,-6.8571,116.0525,-6.5704,-21.9127,131.1081,-6.5704
354,0.7842402757494322,1.2466073060356542,102.3383,-15.8691,-60.9841,25.4851,-1.1601892812,-0.4943296833,-6.9042,115.7945,-6.5519,-21.8817,130.7720,-6.5519
355,0.7840666275717653,1.2475921137886663,102.0524,-15.8024,-60.7779,25.4721,-1.1601981320,-0.4943296833,-6.9511,115.5371,-6.5336,-21.8507,130.4367,-6.5336
356,0.7838929793940983,1.2485769215416784,101.7674,-15.7359,-60.5724,25.4591,-1.1602069521,-0.4943296833,-6.9975,115.2801,-6.5152,-21.8196,130.1021,-6.5152
357,0.7837193312164313,1.2495617292946906,101.4832,-15.6697,-60.3676,25.4459,-1.1602157414,-0.4943296833,-7.0437,115.0238,-6.4969,-21.7884,129.7685,-6.4969
358,0.7835456830387644,1.250546537047703,101.1998,-15.6038,-60.1635,25.4326,-1.1602244998,-0.4943296833,-7.0895,114.7680,-6.4786,-21.7572,129.4356,-6.4786
359,0.7833720348610974,1.2515313448007148,100.9173,-15.5381,-59.9600,25.4192,-1.1602332274,-0.4943296833,-7.1350,114.5126,-6.4603,-21.7258,129.1035,-6.4603
360,0.7831983866834304,1.252516152553727,100.6356,-15.4726,-59.7573,25.4057,-1.1602419242,-0.4943296833,-7.1802,114.2578,-6.4421,-21.6945,128.7721,-6.4421
361,0.7830247385057635,1.253500960306739,100.3547,-15.4074,-59.5552,25.3921,-1.1602505900,-0.4943296833,-7.2250,114.0036,-6.4239,-21.6630,128.4416,-6.4239
362,0.7828510903280965,1.2544857680597512,100.0745,-15.3423,-59.3538,25.3784,-1.1602592249,-0.4943296833,-7.2695,113.7497,-6.4058,-21.6315,128.1118,-6.4058
363,0.7826774421504296,1.2554705758127631,99.7953,-15.2777,-59.1531,25.3646,-1.1602678288,-0.4943296833,-7.3136,113.4966,-6.3876,-21.6000,127.7829,-6.3876
364,0.7825037939727626,1.2564553835657757,99.5169,-15.2132,-58.9531,25.3506,-1.1602764017,-0.4943296833,-7.3575,113.2439,-6.3695,-21.5684,127.4548,-6.3695
365,0.7823301457950956,1.2574401913187876,99.2393,-15.1489,-58.7537,25.3366,-1.1602849435,-0.4943296833,-7.4010,112.9917,-6.3515,-21.5367,127.1274,-6.3515
366,0.7821564976174287,1.2584249990717995,98.9625,-15.0850,-58.5550,25.3225,-1.1602934542,-0.4943296833,-7.4442,112.7401,-6.3334,-21.5049,126.8008,-6.3334
367,0.7820000631523885,1.2594126874123948,98.6852,-15.0215,-58.3577,25.3061,-1.1603010946,-0.4943296833,-7.4868,112.4874,-6.3154,-21.4728,126.4734,-6.3154
368,0.7818436286873482,1.2604003757529898,98.4088,-14.9582,-58.1610,25.2895,-1.1603087098,-0.4943296833,-7.5291,112.2352,-6.2973,-21.4406,126.1467,-6.2973
369,0.781687194222308,1.2613880640935848,98.1332,-14.8952,-57.9650,25.2729,-1.1603162996,-0.4943296833,-7.5711,111.9836,-6.2793,-21.4083,125.8208,-6.2793
370,0.7815307597572678,1.26237575243418,97.8584,-14.8324,-57.7697,25.2562,-1.1603238641,-0.4943296833,-7.6128,111.7325,-6.2613,-21.3760,125.4958,-6.2613
371,0.7813743252922276,1.263363440774775,97.5844,-14.7699,-57.5750,25.2395,-1.1603314032,-0.4943296833,-7.6541,111.4819,-6.2434,-21.3437,125.1715,-6.2434
372,0.7812178908271874,1.26435112911537,97.3112,-14.7076,-57.3810,25.2226,-1.1603389170,-0.4943296833,-7.6952,111.2318,-6.2255,-21.3113,124.8479,-6.2255
373,0.7810614563621472,1.265338817455965,97.0388,-14.6455,-57.1876,25.2056,-1.1603464053,-0.4943296833,-7.7359,110.9823,-6.2076,-21.2788,124.5252,-6.2076
374,0.780905021897107,1.26632650579656,96.7672,-14.5837,-56.9949,25.1886,-1.1603538682,-0.4943296833,-7.7763,110.7332,-6.1898,-21.2463,124.2033,-6.1898
375,0.7807485874320668,1.267314194137155,96.4964,-14.5221,-56.8028,25.1715,-1.1603613057,-0.4943296833,-7.8164,110.4847,-6.1720,-21.2138,123.8821,-6.1720
376,0.7805921529670266,1.26830188247775,96.2264,-14.4607,-56.6114,25.1543,-1.1603687176,-0.4943296833,-7.8562,110.2368,-6.1542,-21.1812,123.5617,-6.1542
377,0.7804357185019863,1.2692895708183451,95.9572,-14.3996,-56.4206,25.1370,-1.1603761040,-0.4943296833,-7.8957,109.9893,-6.1364,-21.1485,123.2421,-6.1364
378,0.7802792840369461,1.2702772591589402,95.6888,-14.3387,-56.2304,25.1196,-1.1603834649,-0.4943296833,-7.9349,109.7424,-6.1187,-21.1158,122.9233,-6.1187
379,0.7801228495719059,1.2712649474995352,95.4211,-14.2781,-56.0409,25.1021,-1.1603908002,-0.4943296833,-7.9738,109.4960,-6.1010,-21.0831,122.6052,-6.1010
380,0.7799664151068657,1.2722526358401305,95.1543,-14.2176,-55.8521,25.0846,-1.1603981100,-0.4943296833,-8.0124,109.2501,-6.0834,-21.0503,122.2879,-6.0834
381,0.7798099806418255,1.2732403241807253,94.8883,-14.1575,-55.6638,25.0670,-1.1604053941,-0.4943296833,-8.0507,109.0047,-6.0657,-21.0174,121.9714,-6.0657
382,0.7796535461767853,1.2742280125213203,94.6230,-14.0975,-55.4762,25.0493,-1.1604126526,-0.4943296833,-8.0887,108.7598,-6.0482,-20.9845,121.6557,-6.0482
383,0.7794971117117451,1.2752157008619154,94.3585,-14.0378,-55.2893,25.0315,-1.1604198854,-0.4943296833,-8.1264,108.5155,-6.0306,-20.9516,121.3407,-6.0306
384,0.7793406772467049,1.2762033892025104,94.0948,-13.9783,-55.1029,25.0136,-1.1604270925,-0.4943296833,-8.1638,108.2716,-6.0131,-20.9186,121.0265,-6.0131
385,0.7791842427816646,1.2771910775431057,93.8318,-13.9190,-54.9172,24.9956,-1.1604342739,-0.4943296833,-8.2009,108.0283,-5.9956,-20.8856,120.7130,-5.9956
386,0.7790278083166244,1.2781787658837005,93.5697,-13.8600,-54.7321,24.9776,-1.1604414295,-0.4943296833,-8.2377,107.7855,-5.9781,-20.8526,120.4003,-5.9781
387,0.7788713738515842,1.2791664542242955,93.3083,-13.8012,-54.5476,24.9595,-1.1604485594,-0.4943296833,-8.2742,107.5432,-5.9607,-20.8195,120.0884,-5.9607
388,0.778714939386544,1.2801541425648906,93.0477,-13.7426,-54.3638,24.9413,-1.1604556635,-0.4943296833,-8.3105,107.3014,-5.9433,-20.7863,119.7772,-5.9433
389,0.7785585049215038,1.2811418309054856,92.7878,-13.6842,-54.1806,24.9230,-1.1604627417,-0.4943296833,-8.3464,107.0601,-5.9259,-20.7532,119.4668,-5.9259
390,0.7784020704564636,1.2821295192460809,92.5287,-13.6261,-53.9980,24.9046,-1.1604697941,-0.4943296833,-8.3821,106.8193,-5.9085,-20.7199,119.1572,-5.9085
391,0.7782456359914234,1.2831172075866757,92.2703,-13.5682,-53.8160,24.8862,-1.1604768207,-0.4943296833,-8.4175,106.5791,-5.8912,-20.6867,118.8483,-5.8912
392,0.7780892015263832,1.2841048959272707,92.0128,-13.5105,-53.6346,24.8677,-1.1604838213,-0.4943296833,-8.4526,106.3393,-5.8739,-20.6534,118.5401,-5.8739
393,0.7779500284254232,1.2850951639960122,91.7548,-13.4533,-53.4545,24.8471,-1.1604900276,-0.4943296833,-8.4872,106.0986,-5.8566,-20.6198,118.2313,-5.8566
394,0.7778108553244631,1.2860854320647537,91.4977,-13.3962,-53.2750,24.8264,-1.1604962135,-0.4943296833,-8.5214,105.8585,-5.8394,-20.5861,117.9232,-5.8394
395,0.7776716822235031,1.2870757001334951,91.2413,-13.3394,-53.0962,24.8057,-1.1605023787,-0.4943296833,-8.5554,105.6188,-5.8221,-20.5525,117.6158,-5.8221
396,0.7775325091225431,1.2880659682022366,90.9856,-13.2829,-52.9179,24.7849,-1.1605085234,-0.4943296833,-8.5891,105.3797,-5.8049,-20.5187,117.3093,-5.8049
397,0.7773933360215831,1.289056236270978,90.7308,-13.2265,-52.7402,24.7640,-1.1605146475,-0.4943296833,-8.6226,105.1411,-5.7877,-20.4850,117.0035,-5.7877
398,0.7772541629206231,1.2900465043397196,90.4766,-13.1704,-52.5632,24.7430,-1.1605207510,-0.4943296833,-8.6558,104.9030,-5.7706,-20.4512,116.6984,-5.7706
399,0.7771149898196631,1.291036772408461,90.2232,-13.1144,-52.3867,24.7220,-1.1605268338,-0.4943296833,-8.6886,104.6653,-5.7535,-20.4174,116.3940,-5.7535
400,0.7769758167187031,1.2920270404772023,89.9705,-13.0587,-52.2108,24.7010,-1.1605328960,-0.4943296833,-8.7213,104.4282,-5.7364,-20.3836,116.0905,-5.7364
401,0.7768366436177431,1.293017308545944,89.7186,-13.0032,-52.0355,24.6799,-1.1605389375,-0.4943296833,-8.7536,104.1916,-5.7193,-20.3497,115.7876,-5.7193
402,0.7766974705167831,1.2940075766146857,89.4675,-12.9480,-51.8608,24.6587,-1.1605449583,-0.4943296833,-8.7857,103.9555,-5.7023,-20.3158,115.4856,-5.7023
403,0.776558297415823,1.294997844683427,89.2170,-12.8929,-51.6867,24.6374,-1.1605509585,-0.4943296833,-8.8175,103.7199,-5.6853,-20.2819,115.1842,-5.6853
404,0.776419124314863,1.2959881127521684,88.9673,-12.8380,-51.5132,24.6161,-1.1605569379,-0.4943296833,-8.8491,103.4847,-5.6683,-20.2479,114.8836,-5.6683
405,0.776279951213903,1.29697838082091,88.7184,-12.7834,-51.3402,24.5948,-1.1605628965,-0.4943296833,-8.8804,103.2502,-5.6514,-20.2140,114.5838,-5.6514
406,0.776140778112943,1.2979686488896514,88.4702,-12.7290,-51.1678,24.5733,-1.1605688344,-0.4943296833,-8.9114,103.0161,-5.6345,-20.1800,114.2846,-5.6345
407,0.776001605011983,1.2989589169583928,88.2227,-12.6748,-50.9960,24.5518,-1.1605747515,-0.4943296833,-8.9422,102.7825,-5.6176,-20.1460,113.9862,-5.6176
408,0.775862431911023,1.2999491850271343,87.9759,-12.6208,-50.8248,24.5303,-1.1605806478,-0.4943296833,-8.9727,102.5493,-5.6008,-20.1119,113.6886,-5.6008
409,0.775723258810063,1.3009394530958758,87.7298,-12.5670,-50.6542,24.5087,-1.1605865233,-0.4943296833,-9.0029,102.3167,-5.5840,-20.0779,113.3917,-5.5840
410,0.775584085709103,1.3019297211646172,87.4845,-12.5134,-50.4841,24.4870,-1.1605923780,-0.4943296833,-9.0329,102.0846,-5.5672,-20.0438,113.0955,-5.5672
411,0.775444912608143,1.3029199892333587,87.2399,-12.4600,-50.3146,24.4653,-1.1605982118,-0.4943296833,-9.0626,101.8530,-5.5505,-20.0096,112.8000,-5.5505
412,0.775305739507183,1.3039102573021002,86.9960,-12.4069,-50.1457,24.4435,-1.1606040247,-0.4943296833,-9.0921,101.6219,-5.5338,-19.9755,112.5053,-5.5338
413,0.775166566406223,1.3049005253708417,86.7529,-12.3539,-49.9773,24.4216,-1.1606098167,-0.4943296833,-9.1213,101.3913,-5.5171,-19.9413,112.2113,-5.5171
414,0.7750273933052629,1.3058907934395831,86.5104,-12.3012,-49.8095,24.3997,-1.1606155878,-0.4943296833,-9.1503,101.1611,-5.5004,-19.9072,111.9180,-5.5004
415,0.7748882202043029,1.3068810615083246,86.2687,-12.2486,-49.6423,24.3777,-1.1606213380,-0.4943296833,-9.1790,100.9315,-5.4838,-19.8730,111.6254,-5.4838
416,0.7747490471033429,1.307871329577066,86.0276,-12.1963,-49.4757,24.3557,-1.1606270673,-0.4943296833,-9.2074,100.7023,-5.4672,-19.8388,111.3336,-5.4672
417,0.7746098740023829,1.3088615976458076,85.7874,-12.1442,-49.3096,24.3336,-1.1606327755,-0.4943296833,-9.2357,100.4737,-5.4507,-19.8046,111.0426,-5.4507
418,0.7744707009014229,1.309851865714549,85.5476,-12.0921,-49.1440,24.3115,-1.1606384628,-0.4943296833,-9.2636,100.2454,-5.4341,-19.7703,110.7520,-5.4341
419,0.7743315278004629,1.3108421337832905,85.3087,-12.0404,-48.9790,24.2893,-1.1606441291,-0.4943296833,-9.2914,100.0177,-5.4176,-19.7360,110.4624,-5.4176
420,0.7741923546995029,1.311832401852032,85.0705,-11.9889,-48.8146,24.2671,-1.1606497743,-0.4943296833,-9.3188,99.7905,-5.4012,-19.7017,110.1734,-5.4012
421,0.7740531815985429,1.3128226699207737,84.8330,-11.9375,-48.6507,24.2447,-1.1606553985,-0.4943296833,-9.3461,99.5638,-5.3847,-19.6675,109.8852,-5.3847
422,0.7739313122551377,1.3138152160724148,84.5953,-11.8866,-48.4881,24.2206,-1.1606603062,-0.4943296833,-9.3728,99.3363,-5.3683,-19.6329,109.5964,-5.3683
423,0.7738094429117325,1.3148077622240562,84.3582,-11.8359,-48.3260,24.1963,-1.1606651977,-0.4943296833,-9.3993,99.1093,-5.3519,-19.5983,109.3084,-5.3519
424,0.7736875735683273,1.3158003083756975,84.1218,-11.7854,-48.1644,24.1720,-1.1606700729,-0.4943296833,-9.4255,98.8828,-5.3355,-19.5637,109.0210,-5.3355
425,0.7735657042249221,1.3167928545273389,83.8862,-11.7351,-48.0034,24.1477,-1.1606749321,-0.4943296833,-9.4515,98.6568,-5.3191,-19.5291,108.7344,-5.3191
426,0.7734438348815169,1.3177854006789802,83.6512,-11.6849,-47.8429,24.1234,-1.1606797750,-0.4943296833,-9.4773,98.4313,-5.3028,-19.4945,108.4485,-5.3028
427,0.7733219655381117,1.3187779468306216,83.4169,-11.6350,-47.6830,24.0990,-1.1606846017,-0.4943296833,-9.5028,98.2062,-5.2865,-19.4599,108.1633,-5.2865
428,0.7732000961947065,1.319770492982263,83.1833,-11.5852,-47.5236,24.0745,-1.1606894121,-0.4943296833,-9.5281,97.9817,-5.2703,-19.4252,107.8788,-5.2703
429,0.7730782268513013,1.3207630391339042,82.9504,-11.5357,-47.3647,24.0500,-1.1606942064,-0.4943296833,-9.5531,97.7576,-5.2540,-19.3906,107.5950,-5.2540
430,0.7729563575078962,1.3217555852855456,82.7182,-11.4863,-47.2064,24.0255,-1.1606989843,-0.4943296833,-9.5780,97.5340,-5.2378,-19.3559,107.3120,-5.2378
431,0.772834488164491,1.322748131437187,82.4866,-11.4372,-47.0485,24.0009,-1.1607037460,-0.4943296833,-9.6026,97.3109,-5.2217,-19.3213,107.0296,-5.2217
432,0.7727126188210858,1.3237406775888283,82.2558,-11.3882,-46.8913,23.9763,-1.1607084915,-0.4943296833,-9.6269,97.0882,-5.2055,-19.2866,106.7479,-5.2055
433,0.7725907494776806,1.3247332237404696,82.0256,-11.3394,-46.7345,23.9517,-1.1607132206,-0.4943296833,-9.6511,96.8661,-5.1894,-19.2519,106.4670,-5.1894
434,0.7724688801342754,1.325725769892111,81.7961,-11.2908,-46.5783,23.9270,-1.1607179335,-0.4943296833,-9.6750,96.6444,-5.1734,-19.2172,106.1867,-5.1734
435,0.7723470107908702,1.3267183160437523,81.5673,-11.2424,-46.4226,23.9023,-1.1607226300,-0.4943296833,-9.6986,96.4232,-5.1573,-19.1825,105.9071,-5.1573
436,0.772225141447465,1.3277108621953937,81.3391,-11.1942,-46.2674,23.8775,-1.1607273102,-0.4943296833,-9.7221,96.2025,-5.1413,-19.1478,105.6283,-5.1413
437,0.7721032721040598,1.328703408347035,81.1116,-11.1462,-46.1127,23.8527,-1.1607319740,-0.4943296833,-9.7453,95.9823,-5.1254,-19.1132,105.3501,-5.1254
438,0.7719814027606546,1.3296959544986764,80.8848,-11.0983,-45.9586,23.8278,-1.1607366215,-0.4943296833,-9.7683,95.7625,-5.1094,-19.0784,105.0726,-5.1094
439,0.7718595334172494,1.3306885006503175,80.6586,-11.0507,-45.8050,23.8030,-1.1607412527,-0.4943296833,-9.7911,95.5432,-5.0935,-19.0437,104.7958,-5.0935
440,0.7717376640738443,1.331681046801959,80.4331,-11.0032,-45.6519,23.7780,-1.1607458674,-0.4943296833,-9.8136,95.3244,-5.0776,-19.0090,104.5197,-5.0776
441,0.7716157947304391,1.3326735929536004,80.2083,-10.9559,-45.4993,23.7531,-1.1607504658,-0.4943296833,-9.8360,95.1060,-5.0618,-18.9743,104.2443,-5.0618
442,0.7714939253870339,1.3336661391052418,79.9841,-10.9089,-45.3471,23.7281,-1.1607550477,-0.4943296833,-9.8582,94.8882,-5.0460,-18.9396,103.9696,-5.0460
443,0.7713720560436287,1.3346586852568831,79.7605,-10.8619,-45.1956,23.7030,-1.1607596133,-0.4943296833,-9.8801,94.6708,-5.0302,-18.9049,103.6956,-5.0302
444,0.7712501867002235,1.3356512314085245,79.5377,-10.8152,-45.0445,23.6779,-1.1607641624,-0.4943296833,-9.9017,94.4538,-5.0144,-18.8701,103.4222,-5.0144
445,0.7711283173568183,1.3366437775601658,79.3155,-10.7686,-44.8940,23.6528,-1.1607686950,-0.4943296833,-9.9232,94.2373,-4.9987,-18.8354,103.1495,-4.9987
446,0.7710064480134131,1.3376363237118072,79.0939,-10.7223,-44.7439,23.6277,-1.1607732112,-0.4943296833,-9.9445,94.0214,-4.9830,-18.8007,102.8776,-4.9830
447,0.7708845786700079,1.3386288698634483,78.8730,-10.6761,-44.5943,23.6025,-1.1607777110,-0.4943296833,-9.9656,93.8059,-4.9673,-18.7660,102.6063,-4.9673
448,0.7707627093266027,1.33962141601509,78.6527,-10.6301,-44.4453,23.5773,-1.1607821942,-0.4943296833,-9.9864,93.5908,-4.9517,-18.7313,102.3357,-4.9517
449,0.7706408399831975,1.3406139621667312,78.4331,-10.5843,-44.2967,23.5520,-1.1607866610,-0.4943296833,-10.0070,93.3762,-4.9361,-18.6966,102.0657,-4.9361
450,0.7705189706397924,1.3416065083183726,78.2141,-10.5387,-44.1487,23.5267,-1.1607911112,-0.4943296833,-10.0275,93.1621,-4.9205,-18.6619,101.7965,-4.9205
451,0.7703971012963872,1.342599054470014,77.9957,-10.4932,-44.0011,23.5014,-1.1607955449,-0.4943296833,-10.0477,92.9484,-4.9050,-18.6271,101.5279,-4.9050
452,0.770275231952982,1.3435916006216553,77.7780,-10.4479,-43.8540,23.4760,-1.1607999621,-0.4943296833,-10.0677,92.7352,-4.8895,-18.5924,101.2599,-4.8895
453,0.7701533626095768,1.3445841467732966,77.5609,-10.4028,-43.7075,23.4506,-1.1608043628,-0.4943296833,-10.0875,92.5224,-4.8740,-18.5577,100.9927,-4.8740
454,0.7700314932661716,1.345576692924938,77.3445,-10.3579,-43.5614,23.4252,-1.1608087469,-0.4943296833,-10.1071,92.3101,-4.8586,-18.5230,100.7261,-4.8586
455,0.7699096239227664,1.346569239076579,77.1287,-10.3131,-43.4158,23.3997,-1.1608131144,-0.4943296833,-10.1265,92.0983,-4.8432,-18.4883,100.4602,-4.8432
456,0.7698050954594987,1.3475637609719475,76.9127,-10.2688,-43.2714,23.3726,-1.1608168472,-0.4943296833,-10.1454,91.8858,-4.8277,-18.4534,100.1939,-4.8277
457,0.769700566996231,1.3485582828673155,76.6974,-10.2246,-43.1274,23.3455,-1.1608205678,-0.4943296833,-10.1641,91.6739,-4.8124,-18.4185,99.9283,-4.8124
458,0.7695960385329633,1.349552804762684,76.4827,-10.1806,-42.9839,23.3183,-1.1608242762,-0.4943296833,-10.1826,91.4623,-4.7970,-18.3836,99.6633,-4.7970
459,0.7694915100696956,1.350547326658052,76.2687,-10.1367,-42.8409,23.2911,-1.1608279724,-0.4943296833,-10.2009,91.2513,-4.7817,-18.3487,99.3991,-4.7817
460,0.7693869816064279,1.3515418485534203,76.0553,-10.0930,-42.6983,23.2639,-1.1608316564,-0.4943296833,-10.2191,91.0407,-4.7664,-18.3138,99.1355,-4.7664
461,0.7692824531431602,1.3525363704487885,75.8425,-10.0495,-42.5563,23.2366,-1.1608353281,-0.4943296833,-10.2370,90.8306,-4.7511,-18.2789,98.8725,-4.7511
462,0.7691779246798925,1.353530892344157,75.6303,-10.0062,-42.4147,23.2094,-1.1608389875,-0.4943296833,-10.2547,90.6209,-4.7359,-18.2441,98.6103,-4.7359
463,0.7690733962166248,1.3545254142395249,75.4187,-9.9630,-42.2736,23.1821,-1.1608426347,-0.4943296833,-10.2722,90.4117,-4.7207,-18.2092,98.3486,-4.7207
464,0.7689688677533572,1.355519936134893,75.2078,-9.9200,-42.1330,23.1548,-1.1608462696,-0.4943296833,-10.2895,90.2029,-4.7055,-18.1743,98.0876,-4.7055
465,0.7688643392900895,1.3565144580302613,74.9975,-9.8772,-41.9928,23.1275,-1.1608498923,-0.4943296833,-10.3067,89.9945,-4.6904,-18.1395,97.8273,-4.6904
466,0.7687598108268218,1.3575089799256297,74.7878,-9.8346,-41.8531,23.1001,-1.1608535026,-0.4943296833,-10.3236,89.7867,-4.6753,-18.1046,97.5677,-4.6753
467,0.7686552823635541,1.3585035018209977,74.5787,-9.7921,-41.7139,23.0728,-1.1608571007,-0.4943296833,-10.3404,89.5793,-4.6602,-18.0698,97.3087,-4.6602
468,0.7685507539002864,1.359498023716366,74.3702,-9.7497,-41.5751,23.0454,-1.1608606865,-0.4943296833,-10.3570,89.3723,-4.6452,-18.0350,97.0504,-4.6452
469,0.7684462254370187,1.360492545611734,74.1624,-9.7076,-41.4368,23.0180,-1.1608642599,-0.4943296833,-10.3734,89.1659,-4.6301,-18.0002,96.7927,-4.6301
470,0.768341696973751,1.3614870675071022,73.9551,-9.6656,-41.2989,22.9905,-1.1608678211,-0.4943296833,-10.3895,88.9598,-4.6152,-17.9654,96.5357,-4.6152
471,0.7682371685104833,1.3624815894024704,73.7484,-9.6238,-41.1616,22.9631,-1.1608713699,-0.4943296833,-10.4056,88.7542,-4.6002,-17.9307,96.2793,-4.6002
472,0.7681326400472156,1.3634761112978386,73.5424,-9.5821,-41.0246,22.9356,-1.1608749064,-0.4943296833,-10.4214,88.5491,-4.5853,-17.8959,96.0236,-4.5853
473,0.7680281115839479,1.3644706331932068,73.3370,-9.5406,-40.8882,22.9082,-1.1608784305,-0.4943296833,-10.4370,88.3444,-4.5704,-17.8612,95.7685,-4.5704
474,0.7679235831206802,1.365465155088575,73.1321,-9.4993,-40.7521,22.8807,-1.1608819423,-0.4943296833,-10.4525,88.1401,-4.5555,-17.8264,95.5141,-4.5555
475,0.7678190546574125,1.3664596769839432,72.9279,-9.4582,-40.6166,22.8531,-1.1608854417,-0.4943296833,-10.4677,87.9363,-4.5407,-17.7917,95.2603,-4.5407
476,0.7677145261941448,1.3674541988793114,72.7242,-9.4172,-40.4815,22.8256,-1.1608889288,-0.4943296833,-10.4828,87.7330,-4.5259,-17.7570,95.0071,-4.5259
477,0.7676099977308771,1.3684487207746796,72.5212,-9.3763,-40.3468,22.7980,-1.1608924035,-0.4943296833,-10.4977,87.5301,-4.5111,-17.7223,94.7546,-4.5111
478,0.7675054692676094,1.3694432426700478,72.3187,-9.3356,-40.2126,22.7705,-1.1608958658,-0.4943296833,-10.5125,87.3276,-4.4964,-17.6876,94.5027,-4.4964
479,0.7674009408043417,1.370437764565416,72.1168,-9.2951,-40.0788,22.7429,-1.1608993157,-0.4943296833,-10.5270,87.1255,-4.4817,-17.6529,94.2514,-4.4817
480,0.767296412341074,1.3714322864607842,71.9156,-9.2548,-39.9455,22.7153,-1.1609027532,-0.4943296833,-10.5414,86.9240,-4.4670,-17.6183,94.0009,-4.4670
481,0.7671918838778063,1.3724268083561524,71.7149,-9.2146,-39.8127,22.6876,-1.1609061783,-0.4943296833,-10.5556,86.7228,-4.4524,-17.5837,93.7510,-4.4524
482,0.7670873554145387,1.3734213302515206,71.5148,-9.1746,-39.6802,22.6600,-1.1609095910,-0.4943296833,-10.5696,86.5221,-4.4377,-17.5491,93.5016,-4.4377
483,0.766982826951271,1.3744158521468888,71.3153,-9.1347,-39.5482,22.6323,-1.1609129912,-0.4943296833,-10.5834,86.3219,-4.4231,-17.5145,93.2529,-4.4231
484,0.7668782984880033,1.375410374042257,71.1164,-9.0950,-39.4167,22.6046,-1.1609163791,-0.4943296833,-10.5971,86.1221,-4.4086,-17.4799,93.0049,-4.4086
485,0.7667737700247356,1.3764048959376252,70.9180,-9.0554,-39.2856,22.5770,-1.1609197545,-0.4943296833,-10.6106,85.9227,-4.3941,-17.4454,92.7575,-4.3941
486,0.7666692415614679,1.3773994178329934,70.7202,-9.0160,-39.1549,22.5492,-1.1609231174,-0.4943296833,-10.6239,85.7237,-4.3796,-17.4108,92.5106,-4.3796
487,0.7665647130982002,1.3783939397283616,70.5230,-8.9768,-39.0247,22.5215,-1.1609264679,-0.4943296833,-10.6371,85.5252,-4.3651,-17.3763,92.2644,-4.3651
488,0.7664601846349325,1.3793884616237295,70.3263,-8.9377,-38.8949,22.4938,-1.1609298059,-0.4943296833,-10.6500,85.3270,-4.3507,-17.3418,92.0188,-4.3507
489,0.7663556561716648,1.380382983519098,70.1303,-8.8987,-38.7655,22.4660,-1.1609331314,-0.4943296833,-10.6629,85.1294,-4.3362,-17.3074,91.7739,-4.3362
490,0.7662511277083971,1.381377505414466,69.9348,-8.8600,-38.6366,22.4382,-1.1609364444,-0.4943296833,-10.6755,84.9322,-4.3219,-17.2729,91.5296,-4.3219
491,0.7661465992451294,1.3823720273098343,69.7399,-8.8213,-38.5081,22.4105,-1.1609397450,-0.4943296833,-10.6880,84.7354,-4.3075,-17.2385,91.2859,-4.3075
492,0.7660420707818617,1.3833665492052023,69.5456,-8.7829,-38.3800,22.3827,-1.1609430331,-0.4943296833,-10.7003,84.5390,-4.2932,-17.2040,91.0428,-4.2932
493,0.765937542318594,1.3843610711005707,69.3518,-8.7446,-38.2524,22.3548,-1.1609463086,-0.4943296833,-10.7124,84.3431,-4.2789,-17.1696,90.8003,-4.2789
494,0.7658330138553263,1.385355592995939,69.1586,-8.7064,-38.1252,22.3270,-1.1609495716,-0.4943296833,-10.7244,84.1476,-4.2646,-17.1352,90.5585,-4.2646
495,0.7657458581125787,1.3863517876940306,68.9653,-8.6686,-37.9990,22.2977,-1.1609522828,-0.4943296833,-10.7359,83.9517,-4.2504,-17.1007,90.3164,-4.2504
496,0.765658702369831,1.3873479823921222,68.7726,-8.6309,-37.8732,22.2685,-1.1609549852,-0.4943296833,-10.7473,83.7561,-4.2361,-17.0662,90.0750,-4.2361
497,0.7655715466270834,1.3883441770902138,68.5805,-8.5934,-37.7479,22.2392,-1.1609576789,-0.4943296833,-10.7586,83.5610,-4.2219,-17.0317,89.8341,-4.2219
498,0.7654843908843357,1.3893403717883055,68.3889,-8.5560,-37.6230,22.2099,-1.1609603639,-0.4943296833,-10.7696,83.3663,-4.2078,-16.9972,89.5939,-4.2078
499,0.765379862421068,1.3903348936836737,68.1985,-8.5186,-37.4979,22.1820,-1.1609635725,-0.4943296833,-10.7808,83.1730,-4.1937,-16.9630,89.3551,-4.1937
500,0.7652927066783204,1.3913310883817651,68.0081,-8.4816,-37.3738,22.1528,-1.1609662383,-0.4943296833,-10.7915,82.9792,-4.1795,-16.9285,89.1162,-4.1795
501,0.7652055509355727,1.392327283079857,67.8182,-8.4446,-37.2501,22.1235,-1.1609688953,-0.4943296833,-10.8021,82.7858,-4.1655,-16.8941,88.8778,-4.1655
502,0.7651183951928251,1.3933234777779486,67.6288,-8.4079,-37.1268,22.0942,-1.1609715436,-0.4943296833,-10.8126,82.5928,-4.1514,-16.8598,88.6400,-4.1514
503,0.7650312394500774,1.3943196724760405,67.4401,-8.3712,-37.0039,22.0649,-1.1609741832,-0.4943296833,-10.8229,82.4003,-4.1374,-16.8254,88.4028,-4.1374
504,0.7649440837073298,1.395315867174132,67.2518,-8.3347,-36.8815,22.0356,-1.1609768140,-0.4943296833,-10.8330,82.2082,-4.1234,-16.7911,88.1663,-4.1234
505,0.7648569279645822,1.3963120618722236,67.0641,-8.2984,-36.7594,22.0063,-1.1609794360,-0.4943296833,-10.8429,82.0165,-4.1094,-16.7568,87.9303,-4.1094
506,0.7647697722218345,1.3973082565703152,66.8770,-8.2622,-36.6378,21.9770,-1.1609820493,-0.4943296833,-10.8528,81.8252,-4.0955,-16.7225,87.6950,-4.0955
507,0.7646826164790869,1.3983044512684069,66.6904,-8.2262,-36.5166,21.9477,-1.1609846538,-0.4943296833,-10.8624,81.6344,-4.0816,-16.6883,87.4602,-4.0816
508,0.7645954607363392,1.3993006459664985,66.5043,-8.1903,-36.3957,21.9184,-1.1609872495,-0.4943296833,-10.8719,81.4440,-4.0677,-16.6540,87.2261,-4.0677
509,0.7645083049935916,1.40029684066459,66.3188,-8.1545,-36.2753,21.8890,-1.1609898365,-0.4943296833,-10.8813,81.2540,-4.0538,-16.6199,86.9925,-4.0538
510,0.7644211492508439,1.4012930353626818,66.1339,-8.1189,-36.1553,21.8597,-1.1609924146,-0.4943296833,-10.8905,81.0644,-4.0400,-16.5857,86.7596,-4.0400
511,0.7643339935080963,1.4022892300607734,65.9495,-8.0834,-36.0356,21.8304,-1.1609949840,-0.4943296833,-10.8995,80.8752,-4.0262,-16.5516,86.5272,-4.0262
512,0.7642468377653486,1.403285424758865,65.7656,-8.0481,-35.9164,21.8011,-1.1609975446,-0.4943296833,-10.9085,80.6865,-4.0125,-16.5174,86.2955,-4.0125
513,0.764159682022601,1.4042816194569567,65.5822,-8.0129,-35.7976,21.7718,-1.1610000964,-0.4943296833,-10.9172,80.4982,-3.9987,-16.4834,86.0643,-3.9987
514,0.7640725262798533,1.4052778141550484,65.3994,-7.9778,-35.6791,21.7425,-1.1610026394,-0.4943296833,-10.9258,80.3103,-3.9850,-16.4493,85.8337,-3.9850
515,0.7639853705371057,1.40627400885314,65.2171,-7.9429,-35.5611,21.7131,-1.1610051736,-0.4943296833,-10.9343,80.1228,-3.9713,-16.4153,85.6038,-3.9713
516,0.763898214794358,1.4072702035512317,65.0354,-7.9081,-35.4434,21.6838,-1.1610076989,-0.4943296833,-10.9426,79.9357,-3.9577,-16.3813,85.3744,-3.9577
517,0.7638110590516104,1.408266398249323,64.8542,-7.8735,-35.3262,21.6545,-1.1610102155,-0.4943296833,-10.9508,79.7490,-3.9441,-16.3473,85.1456,-3.9441
518,0.7637239033088628,1.409262592947415,64.6735,-7.8390,-35.2093,21.6252,-1.1610127232,-0.4943296833,-10.9588,79.5628,-3.9305,-16.3134,84.9173,-3.9305
519,0.7636367475661151,1.4102587876455066,64.4933,-7.8047,-35.0928,21.5959,-1.1610152221,-0.4943296833,-10.9667,79.3769,-3.9169,-16.2795,84.6897,-3.9169
520,0.7635495918233675,1.4112549823435985,64.3137,-7.7705,-34.9767,21.5665,-1.1610177122,-0.4943296833,-10.9744,79.1915,-3.9034,-16.2456,84.4627,-3.9034
521,0.7634624360806198,1.41225117704169,64.1346,-7.7364,-34.8610,21.5372,-1.1610201934,-0.4943296833,-10.9820,79.0065,-3.8899,-16.2118,84.2362,-3.8899
522,0.7633752803378722,1.4132473717397815,63.9560,-7.7024,-34.7456,21.5079,-1.1610226658,-0.4943296833,-10.9895,78.8219,-3.8764,-16.1779,84.0103,-3.8764
523,0.7632881245951245,1.4142435664378732,63.7779,-7.6686,-34.6307,21.4786,-1.1610251293,-0.4943296833,-10.9968,78.6377,-3.8629,-16.1442,83.7850,-3.8629
524,0.7632009688523769,1.4152397611359648,63.6004,-7.6350,-34.5161,21.4492,-1.1610275840,-0.4943296833,-11.0040,78.4539,-3.8495,-16.1104,83.5603,-3.8495
525,0.7631138131096292,1.4162359558340565,63.4233,-7.6015,-34.4020,21.4199,-1.1610300299,-0.4943296833,-11.0110,78.2705,-3.8361,-16.0767,83.3361,-3.8361
526,0.7630266573668816,1.417232150532148,63.2468,-7.5681,-34.2882,21.3906,-1.1610324668,-0.4943296833,-11.0180,78.0875,-3.8228,-16.0430,83.1125,-3.8228
527,0.7629395016241339,1.4182283452302398,63.0708,-7.5348,-34.1747,21.3613,-1.1610348950,-0.4943296833,-11.0247,77.9049,-3.8094,-16.0093,82.8895,-3.8094
528,0.7628523458813863,1.4192245399283314,62.8953,-7.5017,-34.0617,21.3320,-1.1610373142,-0.4943296833,-11.0314,77.7228,-3.7961,-15.9757,82.6671,-3.7961
529,0.7627651901386386,1.420220734626423,62.7203,-7.4687,-33.9490,21.3026,-1.1610397246,-0.4943296833,-11.0378,77.5410,-3.7828,-15.9421,82.4452,-3.7828
530,0.762678034395891,1.4212169293245147,62.5459,-7.4358,-33.8367,21.2733,-1.1610421260,-0.4943296833,-11.0442,77.3596,-3.7696,-15.9085,82.2240,-3.7696
531,0.7625908786531433,1.4222131240226064,62.3719,-7.4031,-33.7248,21.2440,-1.1610445186,-0.4943296833,-11.0504,77.1787,-3.7563,-15.8750,82.0032,-3.7563
532,0.7625037229103957,1.423209318720698,62.1984,-7.3705,-33.6132,21.2147,-1.1610469023,-0.4943296833,-11.0565,76.9981,-3.7431,-15.8415,81.7831,-3.7431
533,0.762416567167648,1.4242055134187896,62.0255,-7.3380,-33.5021,21.1854,-1.1610492771,-0.4943296833,-11.0625,76.8179,-3.7300,-15.8080,81.5635,-3.7300
534,0.7623294114249004,1.4252017081168813,61.8530,-7.3057,-33.3913,21.1561,-1.1610516430,-0.4943296833,-11.0683,76.6382,-3.7168,-15.7746,81.3445,-3.7168
535,0.7622422556821528,1.426197902814973,61.6811,-7.2735,-33.2808,21.1268,-1.1610540000,-0.4943296833,-11.0740,76.4588,-3.7037,-15.7412,81.1260,-3.7037
536,0.7621550999394051,1.4271940975130646,61.5096,-7.2414,-33.1707,21.0975,-1.1610563481,-0.4943296833,-11.0796,76.2798,-3.6906,-15.7078,80.9081,-3.6906
537,0.7620679441966575,1.4281902922111562,61.3387,-7.2095,-33.0610,21.0682,-1.1610586873,-0.4943296833,-11.0850,76.1013,-3.6776,-15.6745,80.6908,-3.6776
538,0.7619807884539098,1.429186486909248,61.1682,-7.1777,-32.9517,21.0389,-1.1610610175,-0.4943296833,-11.0903,75.9231,-3.6645,-15.6412,80.4740,-3.6645
539,0.7618936327111622,1.4301826816073395,60.9983,-7.1460,-32.8427,21.0096,-1.1610633388,-0.4943296833,-11.0955,75.7453,-3.6515,-15.6080,80.2577,-3.6515
540,0.7618064769684145,1.4311788763054312,60.8288,-7.1145,-32.7341,20.9803,-1.1610656512,-0.4943296833,-11.1006,75.5679,-3.6385,-15.5747,80.0421,-3.6385
541,0.7617193212256669,1.4321750710035228,60.6598,-7.0830,-32.6258,20.9510,-1.1610679547,-0.4943296833,-11.1055,75.3909,-3.6256,-15.5415,79.8270,-3.6256
542,0.7616495647519228,1.4331726350537826,60.4909,-7.0519,-32.5185,20.9205,-1.1610697918,-0.4943296833,-11.1100,75.2136,-3.6127,-15.5082,79.6118,-3.6127
543,0.7615798082781787,1.4341701991040423,60.3224,-7.0209,-32.4115,20.8900,-1.1610716233,-0.4943296833,-11.1145,75.0366,-3.5998,-15.4750,79.3971,-3.5998
544,0.7614926525354311,1.435166393802134,60.1549,-6.9898,-32.3043,20.8607,-1.1610739035,-0.4943296833,-11.1190,74.8608,-3.5869,-15.4419,79.1837,-3.5869
545,0.761422896061687,1.4361639578523937,59.9874,-6.9591,-32.1980,20.8303,-1.1610757220,-0.4943296833,-11.1232,74.6847,-3.5740,-15.4087,78.9701,-3.5740
546,0.7613531395879429,1.4371615219026534,59.8204,-6.9285,-32.0921,20.7998,-1.1610775348,-0.4943296833,-11.1273,74.5089,-3.5612,-15.3755,78.7572,-3.5612
547,0.7612833831141989,1.4381590859529132,59.6539,-6.8980,-31.9865,20.7694,-1.1610793418,-0.4943296833,-11.1313,74.3336,-3.5484,-15.3424,78.5447,-3.5484
548,0.7611962273714512,1.4391552806510048,59.4883,-6.8674,-31.8807,20.7402,-1.1610815915,-0.4943296833,-11.1353,74.1593,-3.5357,-15.3095,78.3335,-3.5357
549,0.7611264708977071,1.4401528447012646,59.3228,-6.8372,-31.7759,20.7098,-1.1610833857,-0.4943296833,-11.1390,73.9847,-3.5229,-15.2764,78.1221,-3.5229
550,0.761056714423963,1.4411504087515243,59.1577,-6.8070,-31.6713,20.6794,-1.1610851740,-0.4943296833,-11.1426,73.8105,-3.5102,-15.2434,77.9113,-3.5102
551,0.760986957950219,1.442147972801784,58.9931,-6.7770,-31.5671,20.6490,-1.1610869567,-0.4943296833,-11.1461,73.6367,-3.4975,-15.2104,77.7011,-3.4975
552,0.7609172014764749,1.4431455368520438,58.8290,-6.7471,-31.4633,20.6186,-1.1610887335,-0.4943296833,-11.1494,73.4633,-3.4849,-15.1775,77.4914,-3.4849
553,0.7608300457337273,1.4441417315501357,58.6658,-6.7172,-31.3592,20.5894,-1.1610909455,-0.4943296833,-11.1529,73.2910,-3.4723,-15.1448,77.2829,-3.4723
554,0.7607602892599832,1.4451392956003952,58.5027,-6.6875,-31.2561,20.5590,-1.1610927094,-0.4943296833,-11.1560,73.1184,-3.4597,-15.1119,77.0742,-3.4597
555,0.7606905327862391,1.446136859650655,58.3400,-6.6580,-31.1533,20.5287,-1.1610944676,-0.4943296833,-11.1590,72.9461,-3.4471,-15.0791,76.8662,-3.4471
556,0.760620776312495,1.4471344237009147,58.1778,-6.6286,-31.0508,20.4984,-1.1610962200,-0.4943296833,-11.1619,72.7742,-3.4345,-15.0463,76.6586,-3.4345
557,0.760551019838751,1.4481319877511745,58.0160,-6.5993,-30.9486,20.4681,-1.1610979666,-0.4943296833,-11.1647,72.6027,-3.4220,-15.0136,76.4516,-3.4220
558,0.7604812633650069,1.4491295518014342,57.8548,-6.5702,-30.8468,20.4378,-1.1610997075,-0.4943296833,-11.1673,72.4317,-3.4095,-14.9809,76.2452,-3.4095
559,0.7604115068912628,1.450127115851694,57.6940,-6.5411,-30.7454,20.4075,-1.1611014425,-0.4943296833,-11.1699,72.2609,-3.3971,-14.9482,76.0393,-3.3971
560,0.7603417504175187,1.4511246799019537,57.5336,-6.5122,-30.6442,20.3772,-1.1611031718,-0.4943296833,-11.1723,72.0906,-3.3846,-14.9156,75.8339,-3.3846
561,0.7602719939437746,1.4521222439522137,57.3738,-6.4834,-30.5435,20.3469,-1.1611048954,-0.4943296833,-11.1746,71.9206,-3.3722,-14.8830,75.6290,-3.3722
562,0.7602022374700306,1.4531198080024732,57.2143,-6.4547,-30.4430,20.3167,-1.1611066131,-0.4943296833,-11.1769,71.7511,-3.3599,-14.8505,75.4247,-3.3599
563,0.7601324809962865,1.454117372052733,57.0554,-6.4261,-30.3428,20.2865,-1.1611083250,-0.4943296833,-11.1789,71.5818,-3.3475,-14.8180,75.2209,-3.3475
564,0.7600627245225424,1.4551149361029927,56.8969,-6.3976,-30.2430,20.2563,-1.1611100312,-0.4943296833,-11.1809,71.4130,-3.3352,-14.7855,75.0176,-3.3352
565,0.7599929680487983,1.4561125001532524,56.7389,-6.3693,-30.1436,20.2261,-1.1611117316,-0.4943296833,-11.1828,71.2446,-3.3229,-14.7531,74.8149,-3.3229
566,0.7599232115750543,1.4571100642035122,56.5813,-6.3410,-30.0444,20.1959,-1.1611134262,-0.4943296833,-11.1846,71.0765,-3.3106,-14.7207,74.6127,-3.3106
567,0.7598534551013102,1.458107628253772,56.4242,-6.3129,-29.9456,20.1657,-1.1611151150,-0.4943296833,-11.1862,70.9088,-3.2984,-14.6884,74.4110,-3.2984
568,0.7597836986275661,1.4591051923040317,56.2675,-6.2849,-29.8471,20.1355,-1.1611167980,-0.4943296833,-11.1878,70.7415,-3.2862,-14.6561,74.2098,-3.2862
569,0.759713942153822,1.4601027563542914,56.1113,-6.2570,-29.7489,20.1054,-1.1611184752,-0.4943296833,-11.1892,70.5746,-3.2740,-14.6238,74.0092,-3.2740
570,0.759644185680078,1.4611003204045512,55.9556,-6.2292,-29.6511,20.0753,-1.1611201466,-0.4943296833,-11.1906,70.4080,-3.2619,-14.5916,73.8091,-3.2619
571,0.7595744292063339,1.462097884454811,55.8002,-6.2015,-29.5536,20.0452,-1.1611218122,-0.4943296833,-11.1918,70.2418,-3.2497,-14.5594,73.6094,-3.2497
572,0.7595046727325898,1.463095448505071,55.6454,-6.1740,-29.4564,20.0151,-1.1611234720,-0.4943296833,-11.1929,70.0760,-3.2376,-14.5273,73.4104,-3.2376
573,0.7594349162588457,1.4640930125553304,55.4910,-6.1466,-29.3595,19.9850,-1.1611251259,-0.4943296833,-11.1940,69.9106,-3.2256,-14.4952,73.2118,-3.2256
574,0.7593651597851017,1.4650905766055902,55.3370,-6.1192,-29.2629,19.9549,-1.1611267741,-0.4943296833,-11.1949,69.7455,-3.2135,-14.4632,73.0138,-3.2135
575,0.7592954033113576,1.46608814065585,55.1835,-6.0920,-29.1667,19.9248,-1.1611284164,-0.4943296833,-11.1957,69.5808,-3.2015,-14.4312,72.8162,-3.2015
576,0.7592256468376135,1.4670857047061097,55.0305,-6.0649,-29.0708,19.8948,-1.1611300530,-0.4943296833,-11.1964,69.4164,-3.1895,-14.3992,72.6192,-3.1895
577,0.7591558903638694,1.4680832687563694,54.8778,-6.0379,-28.9751,19.8648,-1.1611316837,-0.4943296833,-11.1970,69.2524,-3.1776,-14.3673,72.4227,-3.1776
578,0.7590861338901254,1.4690808328066292,54.7257,-6.0110,-28.8799,19.8348,-1.1611333086,-0.4943296833,-11.1975,69.0888,-3.1656,-14.3354,72.2267,-3.1656
579,0.7590163774163813,1.470078396856889,54.5739,-5.9843,-28.7849,19.8048,-1.1611349276,-0.4943296833,-11.1979,68.9256,-3.1537,-14.3035,72.0312,-3.1537
580,0.7589466209426372,1.4710759609071486,54.4226,-5.9576,-28.6902,19.7748,-1.1611365409,-0.4943296833,-11.1983,68.7627,-3.1419,-14.2717,71.8362,-3.1419
581,0.7588768644688931,1.4720735249574084,54.2717,-5.9310,-28.5958,19.7449,-1.1611381483,-0.4943296833,-11.1985,68.6002,-3.1300,-14.2400,71.6418,-3.1300
582,0.758807107995149,1.473071089007668,54.1213,-5.9046,-28.5018,19.7149,-1.1611397498,-0.4943296833,-11.1986,68.4381,-3.1182,-14.2083,71.4478,-3.1182
583,0.758737351521405,1.474068653057928,53.9713,-5.8782,-28.4081,19.6850,-1.1611413456,-0.4943296833,-11.1986,68.2763,-3.1064,-14.1766,71.2543,-3.1064
584,0.7586675950476609,1.4750662171081876,53.8217,-5.8520,-28.3146,19.6551,-1.1611429355,-0.4943296833,-11.1985,68.1149,-3.0946,-14.1450,71.0614,-3.0946
585,0.7585978385739168,1.4760637811584474,53.6726,-5.8259,-28.2215,19.6252,-1.1611445195,-0.4943296833,-11.1983,67.9538,-3.0829,-14.1134,70.8689,-3.0829
586,0.7585280821001728,1.4770613452087071,53.5239,-5.7999,-28.1287,19.5953,-1.1611460977,-0.4943296833,-11.1980,67.7931,-3.0712,-14.0819,70.6770,-3.0712
587,0.7584583256264287,1.4780589092589669,53.3756,-5.7740,-28.0362,19.5655,-1.1611476701,-0.4943296833,-11.1977,67.6328,-3.0595,-14.0504,70.4855,-3.0595
588,0.7583885691526846,1.4790564733092266,53.2278,-5.7482,-27.9440,19.5356,-1.1611492366,-0.4943296833,-11.1972,67.4728,-3.0479,-14.0189,70.2945,-3.0479
589,0.7583188126789405,1.4800540373594864,53.0803,-5.7225,-27.8521,19.5058,-1.1611507973,-0.4943296833,-11.1966,67.3132,-3.0362,-13.9875,70.1041,-3.0362
590,0.7582490562051964,1.481051601409746,52.9333,-5.6969,-27.7605,19.4760,-1.1611523521,-0.4943296833,-11.1960,67.1539,-3.0246,-13.9562,69.9141,-3.0246
591,0.7581792997314524,1.482049165460006,52.7868,-5.6714,-27.6692,19.4462,-1.1611539010,-0.4943296833,-11.1952,66.9950,-3.0131,-13.9248,69.7247,-3.0131
592,0.7581095432577083,1.4830467295102656,52.6406,-5.6460,-27.5782,19.4164,-1.1611554441,-0.4943296833,-11.1943,66.8365,-3.0015,-13.8936,69.5357,-3.0015
593,0.7580397867839642,1.4840442935605254,52.4949,-5.6207,-27.4875,19.3867,-1.1611569814,-0.4943296833,-11.1934,66.6783,-2.9900,-13.8623,69.3472,-2.9900
594,0.7579700303102201,1.485041857610785,52.3496,-5.5955,-27.3971,19.3570,-1.1611585127,-0.4943296833,-11.1924,66.5205,-2.9785,-13.8311,69.1592,-2.9785
595,0.7579002738364761,1.4860394216610449,52.2047,-5.5705,-27.3070,19.3272,-1.1611600382,-0.4943296833,-11.1913,66.3630,-2.9670,-13.8000,68.9717,-2.9670
596,0.757830517362732,1.4870369857113046,52.0602,-5.5455,-27.2172,19.2975,-1.1611615579,-0.4943296833,-11.1900,66.2058,-2.9556,-13.7689,68.7847,-2.9556
597,0.7577607608889879,1.4880345497615644,51.9162,-5.5206,-27.1277,19.2679,-1.1611630716,-0.4943296833,-11.1887,66.0491,-2.9442,-13.7378,68.5982,-2.9442
598,0.7576910044152438,1.489032113811824,51.7725,-5.4959,-27.0385,19.2382,-1.1611645795,-0.4943296833,-11.1873,65.8927,-2.9328,-13.7068,68.4122,-2.9328
599,0.7576212479414998,1.4900296778620838,51.6293,-5.4712,-26.9495,19.2085,-1.1611660815,-0.4943296833,-11.1858,65.7366,-2.9215,-13.6759,68.2266,-2.9215
600,0.7575514914677557,1.4910272419123436,51.4865,-5.4466,-26.8609,19.1789,-1.1611675776,-0.4943296833,-11.1843,65.5809,-2.9101,-13.6449,68.0415,-2.9101
601,0.7574991555115127,1.4920258714470982,51.3437,-5.4223,-26.7730,19.1483,-1.1611686963,-0.4943296833,-11.1824,65.4249,-2.8988,-13.6140,67.8565,-2.8988
602,0.7574293990377686,1.493023435497358,51.2017,-5.3980,-26.6850,19.1187,-1.1611701821,-0.4943296833,-11.1806,65.2699,-2.8875,-13.5831,67.6724,-2.8875
603,0.7573770630815256,1.4940220650321123,51.0598,-5.3739,-26.5977,19.0882,-1.1611712930,-0.4943296833,-11.1786,65.1147,-2.8763,-13.5522,67.4883,-2.8763
604,0.7573073066077816,1.4950196290823723,50.9186,-5.3497,-26.5102,19.0587,-1.1611727685,-0.4943296833,-11.1767,64.9603,-2.8651,-13.5215,67.3052,-2.8651
605,0.7572549706515386,1.496018258617127,50.7775,-5.3258,-26.4236,19.0282,-1.1611738717,-0.4943296833,-11.1745,64.8059,-2.8539,-13.4907,67.1221,-2.8539
606,0.7572026346952956,1.4970168881518815,50.6368,-5.3020,-26.3371,18.9977,-1.1611749715,-0.4943296833,-11.1722,64.6516,-2.8427,-13.4600,66.9394,-2.8427
607,0.7571328782215515,1.4980144522021412,50.4968,-5.2781,-26.2505,18.9682,-1.1611764323,-0.4943296833,-11.1700,64.4983,-2.8315,-13.4293,66.7577,-2.8315
608,0.7570805422653085,1.4990130817368958,50.3569,-5.2545,-26.1646,18.9378,-1.1611775244,-0.4943296833,-11.1675,64.3448,-2.8204,-13.3987,66.5760,-2.8204
609,0.7570282063090655,1.5000117112716504,50.2174,-5.2310,-26.0790,18.9074,-1.1611786132,-0.4943296833,-11.1650,64.1917,-2.8093,-13.3681,66.3948,-2.8093
610,0.7569584498353215,1.5010092753219102,50.0787,-5.2074,-25.9933,18.8780,-1.1611800592,-0.4943296833,-11.1625,64.0395,-2.7983,-13.3376,66.2145,-2.7983
611,0.7569061138790785,1.5020079048566648,49.9400,-5.1841,-25.9083,18.8477,-1.1611811402,-0.4943296833,-11.1598,63.8870,-2.7872,-13.3071,66.0343,-2.7872
612,0.7568537779228355,1.5030065343914194,49.8017,-5.1608,-25.8235,18.8173,-1.1611822179,-0.4943296833,-11.1570,63.7349,-2.7762,-13.2766,65.8545,-2.7762
613,0.7568014419665925,1.504005163926174,49.6638,-5.1377,-25.7390,18.7870,-1.1611832923,-0.4943296833,-11.1541,63.5831,-2.7652,-13.2462,65.6752,-2.7652
614,0.7567316854928484,1.5050027279764338,49.5266,-5.1145,-25.6544,18.7577,-1.1611847191,-0.4943296833,-11.1514,63.4323,-2.7543,-13.2159,65.4968,-2.7543
615,0.7566793495366054,1.5060013575111884,49.3895,-5.0916,-25.5705,18.7275,-1.1611857858,-0.4943296833,-11.1483,63.2812,-2.7433,-13.1856,65.3184,-2.7433
616,0.7566270135803624,1.506999987045943,49.2528,-5.0687,-25.4868,18.6973,-1.1611868490,-0.4943296833,-11.1452,63.1304,-2.7324,-13.1553,65.1405,-2.7324
617,0.7565746776241195,1.5079986165806976,49.1165,-5.0459,-25.4035,18.6671,-1.1611879090,-0.4943296833,-11.1420,62.9801,-2.7215,-13.1251,64.9631,-2.7215
618,0.7565049211503754,1.5089961806309573,48.9809,-5.0231,-25.3199,18.6378,-1.1611893166,-0.4943296833,-11.1389,62.8305,-2.7107,-13.0950,64.7865,-2.7107
619,0.7564525851941324,1.509994810165712,48.8454,-5.0006,-25.2371,18.6077,-1.1611903687,-0.4943296833,-11.1356,62.6808,-2.6998,-13.0648,64.6100,-2.6998
620,0.7564002492378894,1.5109934397004663,48.7102,-4.9781,-25.1546,18.5776,-1.1611914176,-0.4943296833,-11.1322,62.5314,-2.6890,-13.0347,64.4340,-2.6890
621,0.7563479132816464,1.5119920692352211,48.5755,-4.9557,-25.0723,18.5475,-1.1611924631,-0.4943296833,-11.1287,62.3824,-2.6782,-13.0047,64.2584,-2.6782
622,0.7562955773254034,1.5129906987699755,48.4411,-4.9334,-24.9903,18.5174,-1.1611935052,-0.4943296833,-11.1251,62.2337,-2.6675,-12.9747,64.0833,-2.6675
623,0.7562432413691604,1.5139893283047303,48.3072,-4.9112,-24.9085,18.4874,-1.1611945441,-0.4943296833,-11.1214,62.0853,-2.6568,-12.9447,63.9086,-2.6568
624,0.7561909054129174,1.514987957839485,48.1736,-4.8891,-24.8271,18.4574,-1.1611955796,-0.4943296833,-11.1177,61.9373,-2.6461,-12.9148,63.7344,-2.6461
625,0.7561211489391734,1.515985521889745,48.0407,-4.8670,-24.7454,18.4283,-1.1611969545,-0.4943296833,-11.1140,61.7901,-2.6354,-12.8851,63.5611,-2.6354
626,0.7560688129829304,1.5169841514244993,47.9079,-4.8450,-24.6645,18.3984,-1.1611979822,-0.4943296833,-11.1102,61.6428,-2.6247,-12.8552,63.3878,-2.6247
627,0.7560164770266874,1.517982780959254,47.7754,-4.8232,-24.5838,18.3684,-1.1611990066,-0.4943296833,-11.1062,61.4957,-2.6141,-12.8255,63.2150,-2.6141
628,0.7559641410704444,1.5189814104940085,47.6434,-4.8015,-24.5034,18.3385,-1.1612000276,-0.4943296834,-11.1022,61.3490,-2.6035,-12.7958,63.0426,-2.6035
629,0.7559118051142014,1.519980040028763,47.5117,-4.7798,-24.4232,18.3087,-1.1612010452,-0.4943296834,-11.0981,61.2027,-2.5929,-12.7661,62.8707,-2.5929
630,0.7558594691579584,1.5209786695635177,47.3804,-4.7582,-24.3433,18.2788,-1.1612020596,-0.4943296834,-11.0939,61.0566,-2.5824,-12.7365,62.6992,-2.5824
631,0.7558071332017154,1.5219772990982725,47.2495,-4.7368,-24.2637,18.2490,-1.1612030705,-0.4943296834,-11.0896,60.9109,-2.5718,-12.7069,62.5282,-2.5718
632,0.7557547972454725,1.5229759286330269,47.1189,-4.7154,-24.1844,18.2192,-1.1612040781,-0.4943296834,-11.0853,60.7656,-2.5613,-12.6774,62.3577,-2.5613
633,0.7557024612892295,1.5239745581677815,46.9888,-4.6941,-24.1052,18.1894,-1.1612050824,-0.4943296834,-11.0809,60.6205,-2.5509,-12.6479,62.1875,-2.5509
634,0.7556501253329865,1.524973187702536,46.8590,-4.6729,-24.0264,18.1597,-1.1612060833,-0.4943296834,-11.0764,60.4758,-2.5404,-12.6185,62.0179,-2.5404
635,0.7555977893767435,1.5259718172372907,46.7295,-4.6517,-23.9478,18.1300,-1.1612070809,-0.4943296834,-11.0719,60.3314,-2.5300,-12.5891,61.8486,-2.5300
636,0.7555280329029994,1.5269693812875504,46.6008,-4.6306,-23.8691,18.1012,-1.1612084053,-0.4943296834,-11.0675,60.1879,-2.5196,-12.5599,61.6803,-2.5196
637,0.7554756969467564,1.527968010822305,46.4721,-4.6096,-23.7910,18.0715,-1.1612093950,-0.4943296834,-11.0628,60.0441,-2.5092,-12.5306,61.5119,-2.5092
638,0.7554233609905134,1.5289666403570596,46.3438,-4.5888,-23.7132,18.0419,-1.1612103814,-0.4943296834,-11.0580,59.9007,-2.4989,-12.5013,61.3440,-2.4989
639,0.7553710250342704,1.5299652698918145,46.2159,-4.5680,-23.6356,18.0123,-1.1612113644,-0.4943296834,-11.0532,59.7577,-2.4885,-12.4722,61.1766,-2.4885
640,0.7553186890780275,1.5309638994265689,46.0883,-4.5473,-23.5583,17.9827,-1.1612123441,-0.4943296834,-11.0483,59.6149,-2.4782,-12.4430,61.0096,-2.4782
641,0.7552663531217845,1.5319625289613237,45.9611,-4.5267,-23.4812,17.9532,-1.1612133204,-0.4943296834,-11.0434,59.4725,-2.4680,-12.4139,60.8430,-2.4680
642,0.7552140171655415,1.532961158496078,45.8343,-4.5062,-23.4044,17.9237,-1.1612142934,-0.4943296834,-11.0384,59.3304,-2.4577,-12.3849,60.6769,-2.4577
643,0.7551616812092985,1.5339597880308329,45.7078,-4.4858,-23.3279,17.8942,-1.1612152629,-0.4943296834,-11.0333,59.1886,-2.4475,-12.3559,60.5112,-2.4475
644,0.7551093452530555,1.5349584175655873,45.5817,-4.4654,-23.2516,17.8647,-1.1612162292,-0.4943296834,-11.0281,59.0471,-2.4373,-12.3270,60.3459,-2.4373
645,0.7550570092968125,1.535957047100342,45.4559,-4.4451,-23.1755,17.8353,-1.1612171920,-0.4943296834,-11.0229,58.9060,-2.4271,-12.2981,60.1811,-2.4271
646,0.7550046733405695,1.5369556766350965,45.3305,-4.4250,-23.0997,17.8059,-1.1612181515,-0.4943296834,-11.0176,58.7651,-2.4170,-12.2692,60.0167,-2.4170
647,0.7549523373843265,1.537954306169851,45.2055,-4.4049,-23.0241,17.7765,-1.1612191077,-0.4943296834,-11.0123,58.6246,-2.4068,-12.2404,59.8528,-2.4068
648,0.7549000014280836,1.5389529357046057,45.0809,-4.3849,-22.9488,17.7471,-1.1612200604,-0.4943296834,-11.0069,58.4844,-2.3967,-12.2117,59.6893,-2.3967
649,0.7548476654718406,1.5399515652393605,44.9565,-4.3649,-22.8738,17.7178,-1.1612210098,-0.4943296834,-11.0014,58.3446,-2.3866,-12.1830,59.5262,-2.3866
650,0.7547953295155976,1.5409501947741149,44.8326,-4.3451,-22.7990,17.6885,-1.1612219558,-0.4943296834,-10.9958,58.2050,-2.3766,-12.1543,59.3635,-2.3766
651,0.7547429935593546,1.5419488243088697,44.7090,-4.3253,-22.7244,17.6593,-1.1612228985,-0.4943296834,-10.9902,58.0658,-2.3666,-12.1257,59.2013,-2.3666
652,0.7546906576031116,1.542947453843624,44.5857,-4.3057,-22.6501,17.6300,-1.1612238378,-0.4943296834,-10.9846,57.9269,-2.3566,-12.0972,59.0395,-2.3566
653,0.7546383216468686,1.543946083378379,44.4629,-4.2861,-22.5760,17.6008,-1.1612247737,-0.4943296834,-10.9788,57.7883,-2.3466,-12.0687,58.8781,-2.3466
654,0.7545859856906256,1.5449447129131333,44.3403,-4.2666,-22.5021,17.5716,-1.1612257062,-0.4943296834,-10.9730,57.6500,-2.3366,-12.0402,58.7172,-2.3366
655,0.7545336497343826,1.545943342447888,44.2181,-4.2471,-22.4285,17.5425,-1.1612266354,-0.4943296834,-10.9672,57.5120,-2.3267,-12.0118,58.5567,-2.3267
656,0.7544813137781397,1.5469419719826425,44.0963,-4.2278,-22.3552,17.5134,-1.1612275612,-0.4943296834,-10.9613,57.3743,-2.3168,-11.9835,58.3966,-2.3168
657,0.7544289778218967,1.547940601517397,43.9748,-4.2085,-22.2820,17.4843,-1.1612284836,-0.4943296834,-10.9553,57.2370,-2.3069,-11.9552,58.2369,-2.3069
658,0.7543766418656537,1.5489392310521517,43.8537,-4.1893,-22.2092,17.4552,-1.1612294026,-0.4943296834,-10.9493,57.1000,-2.2970,-11.9269,58.0776,-2.2970
659,0.7543243059094107,1.5499378605869063,43.7329,-4.1702,-22.1365,17.4262,-1.1612303182,-0.4943296834,-10.9432,56.9632,-2.2872,-11.8987,57.9188,-2.2872
660,0.7542719699531677,1.550936490121661,43.6125,-4.1512,-22.0641,17.3972,-1.1612312305,-0.4943296834,-10.9370,56.8268,-2.2774,-11.8706,57.7604,-2.2774
661,0.7542196339969247,1.5519351196564155,43.4924,-4.1322,-21.9919,17.3682,-1.1612321394,-0.4943296834,-10.9308,56.6907,-2.2676,-11.8424,57.6024,-2.2676
662,0.7541672980406817,1.55293374919117,43.3726,-4.1134,-21.9200,17.3393,-1.1612330449,-0.4943296834,-10.9245,56.5549,-2.2578,-11.8144,57.4448,-2.2578
663,0.7541149620844387,1.5539323787259247,43.2532,-4.0946,-21.8483,17.3103,-1.1612339470,-0.4943296834,-10.9182,56.4195,-2.2481,-11.7864,57.2877,-2.2481
664,0.7540626261281957,1.554931008260679,43.1341,-4.0758,-21.7769,17.2814,-1.1612348458,-0.4943296834,-10.9118,56.2843,-2.2383,-11.7584,57.1309,-2.2383
665,0.7540102901719528,1.555929637795434,43.0154,-4.0572,-21.7056,17.2526,-1.1612357411,-0.4943296834,-10.9053,56.1494,-2.2286,-11.7305,56.9746,-2.2286
666,0.7539579542157098,1.5569282673301883,42.8970,-4.0387,-21.6346,17.2238,-1.1612366331,-0.4943296834,-10.8988,56.0148,-2.2190,-11.7027,56.8187,-2.2190
667,0.7539056182594668,1.5579268968649431,42.7790,-4.0202,-21.5639,17.1950,-1.1612375216,-0.4943296834,-10.8923,55.8806,-2.2093,-11.6748,56.6632,-2.2093
668,0.7538532823032238,1.5589255263996975,42.6613,-4.0018,-21.4933,17.1662,-1.1612384068,-0.4943296834,-10.8856,55.7466,-2.1997,-11.6471,56.5081,-2.1997
669,0.7538009463469808,1.5599241559344523,42.5439,-3.9835,-21.4230,17.1374,-1.1612392886,-0.4943296834,-10.8790,55.6130,-2.1901,-11.6194,56.3534,-2.1901
670,0.7537486103907378,1.560922785469207,42.4269,-3.9652,-21.3530,17.1087,-1.1612401670,-0.4943296834,-10.8722,55.4796,-2.1805,-11.5917,56.1991,-2.1805
671,0.7536962744344948,1.5619214150039615,42.3102,-3.9470,-21.2831,17.0800,-1.1612410420,-0.4943296834,-10.8654,55.3466,-2.1710,-11.5641,56.0452,-2.1710
672,0.7536439384782518,1.562920044538716,42.1938,-3.9289,-21.2135,17.0514,-1.1612419136,-0.4943296834,-10.8586,55.2139,-2.1614,-11.5365,55.8918,-2.1614
673,0.7535916025220089,1.5639186740734707,42.0778,-3.9109,-21.1441,17.0228,-1.1612427818,-0.4943296834,-10.8517,55.0814,-2.1519,-11.5090,55.7387,-2.1519
674,0.7535392665657659,1.5649173036082251,41.9621,-3.8930,-21.0749,16.9942,-1.1612436466,-0.4943296834,-10.8448,54.9493,-2.1424,-11.4815,55.5861,-2.1424
675,0.7534869306095229,1.56591593314298,41.8467,-3.8751,-21.0060,16.9656,-1.1612445081,-0.4943296834,-10.8378,54.8175,-2.1330,-11.4541,55.4338,-2.1330
676,0.7534345946532799,1.5669145626777343,41.7317,-3.8573,-20.9373,16.9371,-1.1612453661,-0.4943296834,-10.8307,54.6859,-2.1235,-11.4268,55.2820,-2.1235
677,0.7533822586970369,1.5679131922124891,41.6170,-3.8396,-20.8688,16.9086,-1.1612462207,-0.4943296834,-10.8236,54.5547,-2.1141,-11.3994,55.1306,-2.1141
678,0.7533473592003344,1.5689125830395083,41.5024,-3.8221,-20.8009,16.8793,-1.1612467887,-0.4943296834,-10.8163,54.4234,-2.1047,-11.3721,54.9792,-2.1047
679,0.7532950232440914,1.569911212574263,41.3883,-3.8045,-20.7329,16.8509,-1.1612476376,-0.4943296834,-10.8090,54.2927,-2.0954,-11.3449,54.8286,-2.0954
680,0.7532601237473888,1.570910603401282,41.2744,-3.7871,-20.6655,16.8218,-1.1612482019,-0.4943296834,-10.8016,54.1620,-2.0860,-11.3177,54.6780,-2.0860
681,0.7532077877911458,1.571909232936037,41.1610,-3.7697,-20.5979,16.7934,-1.1612490451,-0.4943296834,-10.7943,54.0320,-2.0767,-11.2905,54.5282,-2.0767
682,0.7531728882944433,1.5729086237630558,41.0476,-3.7525,-20.5309,16.7643,-1.1612496056,-0.4943296834,-10.7868,53.9018,-2.0674,-11.2634,54.3785,-2.0674
683,0.7531205523382003,1.5739072532978104,40.9349,-3.7352,-20.4637,16.7360,-1.1612504432,-0.4943296834,-10.7793,53.7724,-2.0581,-11.2364,54.2294,-2.0581
684,0.7530856528414978,1.5749066441248296,40.8222,-3.7181,-20.3971,16.7070,-1.1612509998,-0.4943296834,-10.7717,53.6428,-2.0489,-11.2094,54.0805,-2.0489
685,0.7530333168852548,1.5759052736595842,40.7101,-3.7010,-20.3304,16.6787,-1.1612518317,-0.4943296834,-10.7642,53.5140,-2.0397,-11.1824,53.9322,-2.0397
686,0.7529984173885522,1.5769046644866034,40.5981,-3.6841,-20.2643,16.6498,-1.1612523846,-0.4943296834,-10.7565,53.3850,-2.0305,-11.1555,53.7841,-2.0305
687,0.7529460814323092,1.577903294021358,40.4866,-3.6671,-20.1980,16.6216,-1.1612532108,-0.4943296834,-10.7488,53.2568,-2.0213,-11.1287,53.6366,-2.0213
688,0.7529111819356067,1.5789026848483771,40.3753,-3.6503,-20.1323,16.5927,-1.1612537599,-0.4943296834,-10.7410,53.1284,-2.0121,-11.1019,53.4892,-2.0121
689,0.7528588459793637,1.5799013143831315,40.2644,-3.6334,-20.0664,16.5646,-1.1612545805,-0.4943296834,-10.7333,53.0007,-2.0030,-11.0751,53.3425,-2.0030
690,0.7528239464826612,1.580900705210151,40.1537,-3.6168,-20.0012,16.5357,-1.1612551257,-0.4943296834,-10.7254,52.8729,-1.9939,-11.0484,53.1960,-1.9939
691,0.7527716105264182,1.5818993347449055,40.0435,-3.6001,-19.9357,16.5077,-1.1612559406,-0.4943296834,-10.7176,52.7458,-1.9848,-11.0218,53.0501,-1.9848
692,0.7527367110297156,1.582898725571925,39.9334,-3.5836,-19.8709,16.4789,-1.1612564821,-0.4943296834,-10.7096,52.6186,-1.9757,-10.9952,52.9042,-1.9757
693,0.7527018115330131,1.5838981163989438,39.8236,-3.5671,-19.8062,16.4502,-1.1612570220,-0.4943296834,-10.7015,52.4917,-1.9667,-10.9686,52.7588,-1.9667
694,0.7526494755767701,1.5848967459336984,39.7143,-3.5506,-19.7414,16.4223,-1.1612578289,-0.4943296834,-10.6935,52.3655,-1.9577,-10.9421,52.6141,-1.9577
695,0.7526145760800675,1.5858961367607176,39.6051,-3.5343,-19.6772,16.3936,-1.1612583651,-0.4943296834,-10.6854,52.2392,-1.9487,-10.9156,52.4694,-1.9487
696,0.7525622401238246,1.5868947662954722,39.4965,-3.5180,-19.6128,16.3657,-1.1612591663,-0.4943296834,-10.6773,52.1135,-1.9397,-10.8892,52.3254,-1.9397
697,0.752527340627122,1.5878941571224914,39.3879,-3.5018,-19.5490,16.3371,-1.1612596987,-0.4943296834,-10.6691,51.9878,-1.9308,-10.8629,52.1816,-1.9308
698,0.7524924411304195,1.5888935479495103,39.2797,-3.4857,-19.4854,16.3086,-1.1612602295,-0.4943296834,-10.6608,51.8623,-1.9218,-10.8365,52.0381,-1.9218
699,0.7524401051741765,1.5898921774842651,39.1720,-3.4695,-19.4217,16.2808,-1.1612610227,-0.4943296834,-10.6526,51.7376,-1.9129,-10.8103,51.8952,-1.9129
700,0.7524052056774739,1.5908915683112843,39.0644,-3.4536,-19.3585,16.2523,-1.1612615498,-0.4943296834,-10.6442,51.6127,-1.9041,-10.7841,51.7525,-1.9041
701,0.7523703061807714,1.5918909591383037,38.9570,-3.4377,-19.2955,16.2239,-1.1612620753,-0.4943296834,-10.6358,51.4881,-1.8952,-10.7579,51.6101,-1.8952
702,0.7523179702245284,1.592889588673058,38.8502,-3.4217,-19.2323,16.1962,-1.1612628605,-0.4943296834,-10.6275,51.3641,-1.8864,-10.7318,51.4685,-1.8864
703,0.7522830707278259,1.5938889795000772,38.7435,-3.4060,-19.1698,16.1678,-1.1612633822,-0.4943296834,-10.6190,51.2401,-1.8776,-10.7057,51.3269,-1.8776
704,0.7522307347715829,1.5948876090348318,38.6373,-3.3902,-19.1070,16.1402,-1.1612641617,-0.4943296834,-10.6106,51.1167,-1.8688,-10.6798,51.1859,-1.8688
705,0.7521958352748803,1.595886999861851,38.5312,-3.3745,-19.0448,16.1119,-1.1612646796,-0.4943296834,-10.6020,50.9933,-1.8600,-10.6538,51.0451,-1.8600
706,0.7521609357781778,1.5968863906888702,38.4254,-3.3589,-18.9829,16.0836,-1.1612651960,-0.4943296834,-10.5934,50.8701,-1.8513,-10.6279,50.9046,-1.8513
707,0.7521260362814752,1.5978857815158891,38.3199,-3.3434,-18.9211,16.0554,-1.1612657109,-0.4943296834,-10.5847,50.7472,-1.8426,-10.6020,50.7645,-1.8426
708,0.7520737003252322,1.598884411050644,38.2150,-3.3279,-18.8592,16.0279,-1.1612664801,-0.4943296834,-10.5761,50.6250,-1.8339,-10.5762,50.6251,-1.8339
709,0.7520388008285297,1.599883801877663,38.1101,-3.3125,-18.7978,15.9997,-1.1612669912,-0.4943296834,-10.5674,50.5027,-1.8252,-10.5504,50.4857,-1.8252
710,0.7520039013318272,1.6008831927046825,38.0055,-3.2972,-18.7366,15.9716,-1.1612675007,-0.4943296834,-10.5586,50.3806,-1.8166,-10.5247,50.3467,-1.8166
711,0.7519690018351246,1.6018825835317014,37.9012,-3.2820,-18.6756,15.9435,-1.1612680087,-0.4943296834,-10.5497,50.2588,-1.8080,-10.4990,50.2081,-1.8080
712,0.7519166658788816,1.602881213066456,37.7974,-3.2667,-18.6145,15.9162,-1.1612687676,-0.4943296834,-10.5410,50.1377,-1.7994,-10.4734,50.0702,-1.7994
713,0.7518817663821791,1.6038806038934752,37.6936,-3.2516,-18.5539,15.8881,-1.1612692718,-0.4943296834,-10.5321,50.0165,-1.7908,-10.4479,49.9323,-1.7908
714,0.7518468668854765,1.6048799947204944,37.5902,-3.2366,-18.4935,15.8602,-1.1612697744,-0.4943296834,-10.5231,49.8956,-1.7822,-10.4223,49.7948,-1.7822
715,0.751811967388774,1.6058793855475135,37.4871,-3.2216,-18.4333,15.8322,-1.1612702756,-0.4943296834,-10.5141,49.7749,-1.7737,-10.3968,49.6577,-1.7737
716,0.751759631432531,1.606878015082268,37.3845,-3.2066,-18.3729,15.8050,-1.1612710242,-0.4943296834,-10.5052,49.6549,-1.7652,-10.3715,49.5212,-1.7652
717,0.7517247319358284,1.6078774059092873,37.2819,-3.1917,-18.3131,15.7771,-1.1612715215,-0.4943296834,-10.4961,49.5348,-1.7567,-10.3461,49.3848,-1.7567
718,0.7516898324391259,1.6088767967363065,37.1797,-3.1769,-18.2535,15.7493,-1.1612720173,-0.4943296834,-10.4870,49.4150,-1.7483,-10.3208,49.2487,-1.7483
719,0.7516549329424234,1.6098761875633256,37.0777,-3.1622,-18.1941,15.7215,-1.1612725115,-0.4943296834,-10.4779,49.2954,-1.7398,-10.2955,49.1130,-1.7398
720,0.7516200334457208,1.6108755783903448,36.9761,-3.1475,-18.1348,15.6937,-1.1612730043,-0.4943296834,-10.4687,49.1762,-1.7314,-10.2702,48.9777,-1.7314
721,0.7515851339490183,1.611874969217364,36.8747,-3.1329,-18.0758,15.6660,-1.1612734954,-0.4943296834,-10.4594,49.0572,-1.7230,-10.2451,48.8428,-1.7230
722,0.7515327979927753,1.6128735987521186,36.7738,-3.1183,-18.0166,15.6389,-1.1612742292,-0.4943296834,-10.4503,48.9388,-1.7147,-10.2200,48.7084,-1.7147
723,0.7514978984960727,1.6138729895791375,36.6730,-3.1038,-17.9579,15.6113,-1.1612747165,-0.4943296834,-10.4410,48.8203,-1.7063,-10.1949,48.5742,-1.7063
724,0.7514629989993702,1.6148723804061569,36.5725,-3.0894,-17.8994,15.5836,-1.1612752024,-0.4943296834,-10.4317,48.7022,-1.6980,-10.1699,48.4403,-1.6980
725,0.7514280995026676,1.615871771233176,36.4722,-3.0750,-17.8412,15.5560,-1.1612756867,-0.4943296834,-10.4223,48.5843,-1.6897,-10.1449,48.3068,-1.6897
726,0.7513932000059651,1.6168711620601952,36.3723,-3.0607,-17.7831,15.5285,-1.1612761694,-0.4943296834,-10.4129,48.4666,-1.6814,-10.1199,48.1737,-1.6814
727,0.7513583005092626,1.6178705528872144,36.2726,-3.0465,-17.7251,15.5010,-1.1612766507,-0.4943296834,-10.4034,48.3493,-1.6732,-10.0951,48.0409,-1.6732
728,0.75132340101256,1.6188699437142335,36.1732,-3.0323,-17.6674,15.4735,-1.1612771304,-0.4943296834,-10.3940,48.2322,-1.6650,-10.0702,47.9084,-1.6650
729,0.751271065056317,1.619868573248988,36.0743,-3.0181,-17.6095,15.4467,-1.1612778469,-0.4943296834,-10.3846,48.1157,-1.6568,-10.0455,47.7766,-1.6568
730,0.7512361655596145,1.6208679640760073,35.9755,-3.0041,-17.5522,15.4193,-1.1612783228,-0.4943296834,-10.3750,47.9991,-1.6486,-10.0208,47.6448,-1.6486
731,0.7512012660629119,1.6218673549030265,35.8770,-2.9901,-17.4950,15.3919,-1.1612787971,-0.4943296834,-10.3655,47.8828,-1.6404,-9.9961,47.5134,-1.6404
732,0.7511663665662094,1.6228667457300456,35.7787,-2.9761,-17.4380,15.3645,-1.1612792699,-0.4943296834,-10.3558,47.7668,-1.6323,-9.9714,47.3824,-1.6323
733,0.7511314670695068,1.6238661365570648,35.6807,-2.9622,-17.3812,15.3372,-1.1612797412,-0.4943296834,-10.3462,47.6510,-1.6242,-9.9468,47.2517,-1.6242
734,0.7510965675728043,1.624865527384084,35.5830,-2.9484,-17.3246,15.3100,-1.1612802109,-0.4943296834,-10.3365,47.5355,-1.6161,-9.9223,47.1214,-1.6161
735,0.7510616680761018,1.6258649182111031,35.4855,-2.9347,-17.2681,15.2828,-1.1612806791,-0.4943296834,-10.3268,47.4203,-1.6080,-9.8978,46.9914,-1.6080
736,0.7510267685793992,1.6268643090381223,35.3884,-2.9210,-17.2118,15.2556,-1.1612811458,-0.4943296834,-10.3170,47.3054,-1.6000,-9.8734,46.8617,-1.6000
737,0.7509918690826967,1.6278636998651417,35.2915,-2.9074,-17.1557,15.2284,-1.1612816109,-0.4943296834,-10.3072,47.1907,-1.5919,-9.8490,46.7324,-1.5919
738,0.7509569695859941,1.6288630906921606,35.1949,-2.8938,-17.0998,15.2013,-1.1612820745,-0.4943296834,-10.2974,47.0763,-1.5839,-9.8247,46.6035,-1.5839
739,0.7509220700892916,1.6298624815191798,35.0986,-2.8803,-17.0441,15.1742,-1.1612825366,-0.4943296834,-10.2876,46.9621,-1.5760,-9.8004,46.4749,-1.5760
740,0.750887170592589,1.630861872346199,35.0025,-2.8668,-16.9886,15.1471,-1.1612829971,-0.4943296834,-10.2777,46.8482,-1.5680,-9.7761,46.3467,-1.5680
741,0.7508522710958865,1.631861263173218,34.9067,-2.8534,-16.9332,15.1201,-1.1612834561,-0.4943296834,-10.2678,46.7346,-1.5601,-9.7519,46.2187,-1.5601
742,0.7508173715991839,1.6328606540002373,34.8112,-2.8401,-16.8780,15.0931,-1.1612839135,-0.4943296834,-10.2578,46.6212,-1.5522,-9.7278,46.0912,-1.5522
743,0.7507824721024814,1.6338600448272564,34.7160,-2.8268,-16.8230,15.0662,-1.1612843695,-0.4943296834,-10.2478,46.5081,-1.5443,-9.7037,45.9639,-1.5443
744,0.7507475726057788,1.6348594356542756,34.6210,-2.8136,-16.7681,15.0393,-1.1612848238,-0.4943296834,-10.2378,46.3952,-1.5364,-9.6796,45.8370,-1.5364
745,0.7507126731090763,1.6358588264812948,34.5263,-2.8004,-16.7135,15.0124,-1.1612852767,-0.4943296834,-10.2278,46.2827,-1.5286,-9.6556,45.7105,-1.5286
746,0.7506777736123738,1.636858217308314,34.4318,-2.7873,-16.6590,14.9856,-1.1612857280,-0.4943296834,-10.2178,46.1703,-1.5207,-9.6317,45.5843,-1.5207
747,0.7506428741156712,1.637857608135333,34.3377,-2.7742,-16.6047,14.9588,-1.1612861777,-0.4943296834,-10.2077,46.0583,-1.5129,-9.6078,45.4585,-1.5129
748,0.7506079746189687,1.6388569989623525,34.2438,-2.7612,-16.5505,14.9320,-1.1612866260,-0.4943296834,-10.1975,45.9464,-1.5051,-9.5840,45.3329,-1.5051
749,0.7505730751222661,1.6398563897893714,34.1501,-2.7483,-16.4965,14.9053,-1.1612870726,-0.4943296834,-10.1874,45.8349,-1.4974,-9.5602,45.2077,-1.4974
750,0.7505381756255636,1.6408557806163906,34.0567,-2.7354,-16.4427,14.8786,-1.1612875178,-0.4943296834,-10.1771,45.7235,-1.4897,-9.5364,45.0828,-1.4897
751,0.750503276128861,1.6418551714434098,33.9636,-2.7226,-16.3891,14.8520,-1.1612879614,-0.4943296834,-10.1669,45.6125,-1.4819,-9.5127,44.9583,-1.4819
752,0.7504683766321585,1.642854562270429,33.8708,-2.7098,-16.3357,14.8253,-1.1612884034,-0.4943296834,-10.1567,45.5017,-1.4742,-9.4891,44.8341,-1.4742
753,0.7504334771354559,1.643853953097448,33.7782,-2.6970,-16.2824,14.7988,-1.1612888440,-0.4943296834,-10.1464,45.3912,-1.4666,-9.4655,44.7102,-1.4666
754,0.7503985776387534,1.6448533439244672,33.6858,-2.6843,-16.2293,14.7722,-1.1612892829,-0.4943296834,-10.1361,45.2809,-1.4589,-9.4419,44.5867,-1.4589
755,0.7503636781420508,1.6458527347514864,33.5938,-2.6717,-16.1763,14.7457,-1.1612897204,-0.4943296834,-10.1258,45.1709,-1.4513,-9.4184,44.4635,-1.4513
756,0.7503287786453483,1.6468521255785056,33.5020,-2.6592,-16.1236,14.7192,-1.1612901563,-0.4943296834,-10.1155,45.0612,-1.4437,-9.3949,44.3406,-1.4437
757,0.7502938791486458,1.6478515164055247,33.4104,-2.6467,-16.0710,14.6928,-1.1612905906,-0.4943296834,-10.1051,44.9516,-1.4361,-9.3715,44.2181,-1.4361
758,0.7502589796519432,1.648850907232544,33.3191,-2.6342,-16.0185,14.6664,-1.1612910234,-0.4943296834,-10.0947,44.8424,-1.4285,-9.3482,44.0959,-1.4285
759,0.7502240801552407,1.649850298059563,33.2281,-2.6218,-15.9663,14.6400,-1.1612914547,-0.4943296834,-10.0842,44.7334,-1.4210,-9.3249,43.9740,-1.4210
760,0.7501891806585381,1.6508496888865822,33.1373,-2.6094,-15.9142,14.6137,-1.1612918844,-0.4943296834,-10.0738,44.6246,-1.4135,-9.3016,43.8524,-1.4135
761,0.7501542811618356,1.6518490797136014,33.0468,-2.5971,-15.8622,14.5874,-1.1612923126,-0.4943296834,-10.0633,44.5161,-1.4060,-9.2784,43.7312,-1.4060
762,0.750119381665133,1.6528484705406206,32.9566,-2.5849,-15.8105,14.5612,-1.1612927392,-0.4943296834,-10.0528,44.4078,-1.3985,-9.2552,43.6103,-1.3985
763,0.7500844821684305,1.6538478613676395,32.8666,-2.5727,-15.7589,14.5349,-1.1612931643,-0.4943296834,-10.0422,44.2998,-1.3911,-9.2321,43.4897,-1.3911
764,0.7500495826717279,1.654847252194659,32.7768,-2.5606,-15.7075,14.5088,-1.1612935879,-0.4943296834,-10.0317,44.1921,-1.3836,-9.2090,43.3695,-1.3836
765,0.7500146831750254,1.655846643021678,32.6873,-2.5485,-15.6562,14.4826,-1.1612940099,-0.4943296834,-10.0211,44.0846,-1.3762,-9.1860,43.2495,-1.3762
766,0.7499797836783229,1.6568460338486972,32.5981,-2.5365,-15.6051,14.4565,-1.1612944303,-0.4943296834,-10.0105,43.9773,-1.3688,-9.1630,43.1299,-1.3688
767,0.7499448841816203,1.6578454246757164,32.5091,-2.5246,-15.5541,14.4304,-1.1612948492,-0.4943296834,-9.9998,43.8703,-1.3614,-9.1401,43.0106,-1.3614
768,0.7499099846849178,1.6588448155027355,32.4203,-2.5126,-15.5034,14.4044,-1.1612952666,-0.4943296834,-9.9892,43.7636,-1.3541,-9.1172,42.8917,-1.3541
769,0.7498750851882152,1.6598442063297547,32.3319,-2.5007,-15.4527,14.3784,-1.1612956824,-0.4943296834,-9.9785,43.6571,-1.3468,-9.0944,42.7730,-1.3468
770,0.7498401856915127,1.660843597156774,32.2436,-2.4889,-15.4023,14.3524,-1.1612960967,-0.4943296834,-9.9678,43.5508,-1.3394,-9.0716,42.6547,-1.3394
771,0.7498052861948101,1.661842987983793,32.1556,-2.4772,-15.3520,14.3265,-1.1612965094,-0.4943296834,-9.9570,43.4448,-1.3322,-9.0489,42.5367,-1.3322
772,0.7497703866981076,1.6628423788108122,32.0679,-2.4654,-15.3018,14.3006,-1.1612969206,-0.4943296834,-9.9462,43.3390,-1.3249,-9.0262,42.4190,-1.3249
773,0.749735487201405,1.6638417696378314,31.9804,-2.4537,-15.2519,14.2747,-1.1612973302,-0.4943296834,-9.9355,43.2335,-1.3176,-9.0036,42.3016,-1.3176
774,0.7497005877047025,1.6648411604648503,31.8931,-2.4421,-15.2021,14.2489,-1.1612977383,-0.4943296834,-9.9247,43.1282,-1.3104,-8.9810,42.1845,-1.3104
775,0.749665688208,1.6658405512918697,31.8061,-2.4305,-15.1524,14.2231,-1.1612981448,-0.4943296834,-9.9138,43.0231,-1.3032,-8.9585,42.0678,-1.3032
776,0.7496307887112974,1.6668399421188889,31.7193,-2.4190,-15.1029,14.1974,-1.1612985498,-0.4943296834,-9.9030,42.9183,-1.2960,-8.9360,41.9513,-1.2960
777,0.7495958892145949,1.667839332945908,31.6328,-2.4075,-15.0536,14.1717,-1.1612989532,-0.4943296834,-9.8921,42.8138,-1.2889,-8.9135,41.8352,-1.2889
778,0.7495609897178923,1.6688387237729272,31.5466,-2.3961,-15.0044,14.1460,-1.1612993551,-0.4943296834,-9.8812,42.7095,-1.2817,-8.8911,41.7194,-1.2817
779,0.7495260902211898,1.6698381145999464,31.4605,-2.3847,-14.9554,14.1204,-1.1612997554,-0.4943296834,-9.8703,42.6054,-1.2746,-8.8688,41.6039,-1.2746
780,0.7494911907244872,1.6708375054269655,31.3747,-2.3734,-14.9065,14.0948,-1.1613001542,-0.4943296834,-9.8593,42.5016,-1.2675,-8.8465,41.4887,-1.2675
781,0.7494562912277847,1.671836896253985,31.2892,-2.3622,-14.8578,14.0692,-1.1613005514,-0.4943296834,-9.8484,42.3980,-1.2604,-8.8242,41.3738,-1.2604
782,0.7494213917310821,1.6728362870810038,31.2039,-2.3509,-14.8093,14.0437,-1.1613009471,-0.4943296834,-9.8374,42.2946,-1.2533,-8.8020,41.2592,-1.2533
783,0.7493864922343796,1.673835677908023,31.1188,-2.3398,-14.7609,14.0182,-1.1613013413,-0.4943296834,-9.8264,42.1915,-1.2463,-8.7799,41.1450,-1.2463
784,0.749351592737677,1.6748350687350422,31.0340,-2.3286,-14.7127,13.9927,-1.1613017338,-0.4943296834,-9.8153,42.0886,-1.2393,-8.7577,41.0310,-1.2393
785,0.7493166932409745,1.6758344595620611,30.9494,-2.3175,-14.6646,13.9673,-1.1613021249,-0.4943296834,-9.8043,41.9860,-1.2323,-8.7357,40.9174,-1.2323
786,0.749281793744272,1.6768338503890805,30.8651,-2.3065,-14.6167,13.9419,-1.1613025143,-0.4943296834,-9.7932,41.8836,-1.2253,-8.7137,40.8040,-1.2253
787,0.7492468942475694,1.6778332412160997,30.7810,-2.2955,-14.5689,13.9166,-1.1613029022,-0.4943296834,-9.7821,41.7814,-1.2183,-8.6917,40.6910,-1.2183
788,0.7492119947508669,1.6788326320431188,30.6971,-2.2846,-14.5213,13.8913,-1.1613032886,-0.4943296834,-9.7710,41.6795,-1.2114,-8.6698,40.5782,-1.2114
789,0.7491770952541643,1.679832022870138,30.6135,-2.2737,-14.4738,13.8660,-1.1613036734,-0.4943296834,-9.7599,41.5778,-1.2044,-8.6479,40.4658,-1.2044
790,0.7491421957574618,1.6808314136971572,30.5301,-2.2629,-14.4265,13.8407,-1.1613040567,-0.4943296834,-9.7488,41.4764,-1.1975,-8.6261,40.3537,-1.1975
791,0.7491072962607592,1.6818308045241763,30.4469,-2.2521,-14.3793,13.8155,-1.1613044384,-0.4943296834,-9.7376,41.3752,-1.1907,-8.6043,40.2419,-1.1907
792,0.7490723967640567,1.6828301953511955,30.3640,-2.2413,-14.3323,13.7904,-1.1613048185,-0.4943296834,-9.7264,41.2742,-1.1838,-8.5826,40.1303,-1.1838
793,0.7490374972673541,1.6838295861782149,30.2813,-2.2306,-14.2854,13.7652,-1.1613051971,-0.4943296834,-9.7152,41.1734,-1.1769,-8.5609,40.0191,-1.1769
794,0.7490200448609169,1.6848294338733711,30.1987,-2.2201,-14.2390,13.7397,-1.1613053859,-0.4943296834,-9.7039,41.0727,-1.1701,-8.5392,39.9080,-1.1701
795,0.7489851453642143,1.6858288247003903,30.1165,-2.2094,-14.1924,13.7146,-1.1613057621,-0.4943296834,-9.6926,40.9724,-1.1633,-8.5176,39.7974,-1.1633
796,0.7489502458675118,1.6868282155274097,30.0345,-2.1989,-14.1460,13.6896,-1.1613061369,-0.4943296834,-9.6814,40.8724,-1.1565,-8.4961,39.6871,-1.1565
797,0.7489153463708093,1.6878276063544286,29.9527,-2.1884,-14.0997,13.6646,-1.1613065100,-0.4943296834,-9.6701,40.7725,-1.1498,-8.4746,39.5770,-1.1498
798,0.748897893964372,1.6888274540495851,29.8710,-2.1780,-14.0539,13.6392,-1.1613066960,-0.4943296834,-9.6587,40.6727,-1.1430,-8.4531,39.4671,-1.1430
799,0.7488629944676695,1.6898268448766045,29.7897,-2.1675,-14.0079,13.6143,-1.1613070668,-0.4943296834,-9.6473,40.5734,-1.1363,-8.4317,39.3577,-1.1363
800,0.7488455420612322,1.6908266925717608,29.7085,-2.1572,-13.9624,13.5889,-1.1613072517,-0.4943296834,-9.6359,40.4740,-1.1296,-8.4103,39.2484,-1.1296
801,0.7488106425645297,1.69182608339878,29.6277,-2.1469,-13.9167,13.5641,-1.1613076202,-0.4943296834,-9.6246,40.3751,-1.1229,-8.3890,39.1395,-1.1229
802,0.7487757430678271,1.692825474225799,29.5471,-2.1366,-13.8712,13.5393,-1.1613079871,-0.4943296834,-9.6132,40.2765,-1.1162,-8.3677,39.0310,-1.1162
803,0.7487582906613899,1.6938253219209556,29.4665,-2.1264,-13.8261,13.5140,-1.1613081700,-0.4943296834,-9.6017,40.1778,-1.1096,-8.3465,38.9226,-1.1096
804,0.7487233911646873,1.6948247127479747,29.3864,-2.1162,-13.7808,13.4893,-1.1613085346,-0.4943296834,-9.5903,40.0796,-1.1029,-8.3253,38.8146,-1.1029
805,0.7487059387582501,1.6958245604431312,29.3063,-2.1062,-13.7360,13.4641,-1.1613087163,-0.4943296834,-9.5788,39.9814,-1.0963,-8.3041,38.7068,-1.0963
806,0.7486710392615475,1.6968239512701504,29.2266,-2.0960,-13.6911,13.4395,-1.1613090786,-0.4943296834,-9.5673,39.8837,-1.0897,-8.2831,38.5994,-1.0897
807,0.748636139764845,1.6978233420971696,29.1471,-2.0860,-13.6462,13.4149,-1.1613094393,-0.4943296834,-9.5559,39.7861,-1.0831,-8.2620,38.4923,-1.0831
808,0.7486186873584078,1.698823189792326,29.0677,-2.0760,-13.6019,13.3898,-1.1613096191,-0.4943296834,-9.5443,39.6886,-1.0766,-8.2410,38.3853,-1.0766
809,0.7485837878617052,1.6998225806193452,28.9887,-2.0660,-13.5573,13.3653,-1.1613099774,-0.4943296834,-9.5328,39.5916,-1.0701,-8.2201,38.2788,-1.0701
810,0.748566335455268,1.7008224283145017,28.9097,-2.0562,-13.5132,13.3403,-1.1613101560,-0.4943296834,-9.5212,39.4945,-1.0635,-8.1991,38.1724,-1.0635
811,0.7485314359585654,1.7018218191415209,28.8311,-2.0463,-13.4690,13.3159,-1.1613105120,-0.4943296834,-9.5097,39.3979,-1.0570,-8.1783,38.0665,-1.0570
812,0.7485139835521282,1.7028216668366774,28.7526,-2.0365,-13.4252,13.2910,-1.1613106895,-0.4943296834,-9.4981,39.3013,-1.0506,-8.1575,37.9606,-1.0506
813,0.7484790840554256,1.7038210576636963,28.6745,-2.0267,-13.3812,13.2666,-1.1613110432,-0.4943296834,-9.4865,39.2051,-1.0441,-8.1367,37.8553,-1.0441
814,0.7484616316489884,1.704820905358853,28.5964,-2.0170,-13.3376,13.2418,-1.1613112194,-0.4943296834,-9.4749,39.1089,-1.0377,-8.1160,37.7500,-1.0377
815,0.7484267321522858,1.7058202961858722,28.5187,-2.0073,-13.2940,13.2174,-1.1613115708,-0.4943296834,-9.4633,39.0132,-1.0312,-8.0953,37.6452,-1.0312
816,0.7484092797458486,1.7068201438810289,28.4411,-1.9977,-13.2507,13.1927,-1.1613117459,-0.4943296834,-9.4516,38.9175,-1.0248,-8.0747,37.5405,-1.0248
817,0.748374380249146,1.7078195347080478,28.3638,-1.9880,-13.2073,13.1685,-1.1613120949,-0.4943296834,-9.4400,38.8222,-1.0184,-8.0541,37.4363,-1.0184
818,0.7483394807524435,1.708818925535067,28.2867,-1.9784,-13.1640,13.1443,-1.1613124423,-0.4943296834,-9.4284,38.7272,-1.0121,-8.0335,37.3323,-1.0121
819,0.7483220283460063,1.7098187732302237,28.2098,-1.9690,-13.1212,13.1196,-1.1613126154,-0.4943296834,-9.4167,38.6321,-1.0057,-8.0130,37.2285,-1.0057
820,0.7482871288493037,1.7108181640572426,28.1331,-1.9594,-13.0782,13.0955,-1.1613129605,-0.4943296834,-9.4050,38.5375,-0.9994,-7.9926,37.1251,-0.9994
821,0.7482696764428665,1.7118180117523991,28.0566,-1.9500,-13.0356,13.0710,-1.1613131325,-0.4943296834,-9.3933,38.4429,-0.9931,-7.9722,37.0219,-0.9931
822,0.7482347769461639,1.7128174025794185,27.9804,-1.9406,-12.9929,13.0469,-1.1613134752,-0.4943296834,-9.3816,38.3488,-0.9868,-7.9518,36.9190,-0.9868
823,0.7482173245397267,1.7138172502745748,27.9043,-1.9313,-12.9506,13.0224,-1.1613136460,-0.4943296834,-9.3698,38.2546,-0.9805,-7.9315,36.8163,-0.9805
824,0.7481824250430241,1.714816641101594,27.8285,-1.9219,-12.9081,12.9984,-1.1613139864,-0.4943296834,-9.3581,38.1609,-0.9743,-7.9113,36.7140,-0.9743
825,0.7481649726365869,1.7158164887967504,27.7528,-1.9127,-12.8661,12.9740,-1.1613141561,-0.4943296834,-9.3463,38.0672,-0.9680,-7.8910,36.6119,-0.9680
826,0.7481300731398843,1.7168158796237696,27.6775,-1.9034,-12.8239,12.9501,-1.1613144941,-0.4943296834,-9.3346,37.9739,-0.9618,-7.8709,36.5101,-0.9618
827,0.7481126207334471,1.717815727318926,27.6022,-1.8943,-12.7821,12.9258,-1.1613146626,-0.4943296834,-9.3228,37.8806,-0.9556,-7.8507,36.4085,-0.9556
828,0.7480951683270098,1.7188155750140826,27.5272,-1.8852,-12.7405,12.9015,-1.1613148306,-0.4943296834,-9.3109,37.7875,-0.9494,-7.8306,36.3072,-0.9494
829,0.7480602688303073,1.7198149658411015,27.4525,-1.8760,-12.6987,12.8777,-1.1613151656,-0.4943296834,-9.2992,37.6949,-0.9433,-7.8106,36.2063,-0.9433
830,0.74804281642387,1.7208148135362582,27.3778,-1.8670,-12.6573,12.8535,-1.1613153325,-0.4943296834,-9.2873,37.6023,-0.9371,-7.7906,36.1055,-0.9371
831,0.7480079169271675,1.7218142043632774,27.3035,-1.8579,-12.6158,12.8298,-1.1613156650,-0.4943296834,-9.2755,37.5101,-0.9310,-7.7706,36.0052,-0.9310
832,0.7479904645207303,1.722814052058434,27.2293,-1.8489,-12.5747,12.8057,-1.1613158308,-0.4943296834,-9.2636,37.4179,-0.9249,-7.7507,35.9049,-0.9249
833,0.7479555650240277,1.723813442885453,27.1554,-1.8400,-12.5334,12.7820,-1.1613161610,-0.4943296834,-9.2518,37.3261,-0.9188,-7.7309,35.8051,-0.9188
834,0.7479381126175905,1.7248132905806095,27.0817,-1.8311,-12.4926,12.7580,-1.1613163255,-0.4943296834,-9.2399,37.2343,-0.9127,-7.7110,35.7054,-0.9127
835,0.7479032131208879,1.725812681407629,27.0082,-1.8222,-12.4516,12.7344,-1.1613166534,-0.4943296834,-9.2281,37.1430,-0.9067,-7.6913,35.6061,-0.9067
836,0.7478857607144507,1.7268125291027852,26.9348,-1.8134,-12.4110,12.7104,-1.1613168168,-0.4943296834,-9.2162,37.0516,-0.9006,-7.6715,35.5070,-0.9006
837,0.7478683083080134,1.7278123767979416,26.8616,-1.8046,-12.3705,12.6865,-1.1613169798,-0.4943296834,-9.2042,36.9605,-0.8946,-7.6518,35.4081,-0.8946
838,0.7478334088113109,1.7288117676249608,26.7888,-1.7958,-12.3299,12.6630,-1.1613173045,-0.4943296834,-9.1924,36.8698,-0.8886,-7.6322,35.3096,-0.8886
839,0.7478159564048736,1.7298116153201173,26.7160,-1.7871,-12.2897,12.6392,-1.1613174663,-0.4943296834,-9.1804,36.7791,-0.8827,-7.6126,35.2113,-0.8827
840,0.7477810569081711,1.7308110061471365,26.6436,-1.7784,-12.2494,12.6158,-1.1613177887,-0.4943296834,-9.1686,36.6888,-0.8767,-7.5930,35.1133,-0.8767
841,0.7477636045017338,1.731810853842293,26.5712,-1.7698,-12.2094,12.5920,-1.1613179493,-0.4943296834,-9.1566,36.5985,-0.8708,-7.5735,35.0155,-0.8708
842,0.7477461520952966,1.7328107015374494,26.4991,-1.7612,-12.1696,12.5683,-1.1613181096,-0.4943296834,-9.1446,36.5085,-0.8648,-7.5541,34.9180,-0.8648
843,0.7477112525985941,1.7338100923644686,26.4272,-1.7526,-12.1296,12.5450,-1.1613184288,-0.4943296834,-9.1327,36.4188,-0.8589,-7.5346,34.8208,-0.8589
844,0.7476938001921568,1.734809940059625,26.3555,-1.7441,-12.0900,12.5213,-1.1613185879,-0.4943296834,-9.1207,36.3292,-0.8530,-7.5153,34.7238,-0.8530
845,0.7476589006954543,1.7358093308866442,26.2840,-1.7356,-12.0503,12.4981,-1.1613189048,-0.4943296834,-9.1087,36.2400,-0.8472,-7.4959,34.6272,-0.8472
846,0.747641448289017,1.7368091785818007,26.2127,-1.7272,-12.0110,12.4745,-1.1613190626,-0.4943296834,-9.0967,36.1507,-0.8413,-7.4766,34.5307,-0.8413
847,0.7476239958825798,1.7378090262769572,26.1415,-1.7188,-11.9718,12.4509,-1.1613192201,-0.4943296834,-9.0847,36.0617,-0.8355,-7.4574,34.4344,-0.8355
848,0.7475890963858772,1.7388084171039764,26.0707,-1.7104,-11.9324,12.4278,-1.1613195339,-0.4943296834,-9.0727,35.9731,-0.8297,-7.4382,34.3386,-0.8297
849,0.74757164397944,1.7398082647991329,25.9999,-1.7021,-11.8935,12.4044,-1.1613196902,-0.4943296834,-9.0607,35.8845,-0.8239,-7.4190,34.2429,-0.8239
850,0.7475541915730027,1.7408081124942894,25.9294,-1.6938,-11.8546,12.3809,-1.1613198461,-0.4943296834,-9.0486,35.7961,-0.8181,-7.3999,34.1474,-0.8181
851,0.7475192920763002,1.7418075033213083,25.8591,-1.6855,-11.8157,12.3579,-1.1613201568,-0.4943296834,-9.0367,35.7082,-0.8124,-7.3809,34.0523,-0.8124
852,0.7475018396698629,1.742807351016465,25.7890,-1.6773,-11.7771,12.3346,-1.1613203115,-0.4943296834,-9.0246,35.6202,-0.8066,-7.3618,33.9574,-0.8066
853,0.7474843872634257,1.7438071987116217,25.7190,-1.6692,-11.7386,12.3112,-1.1613204659,-0.4943296834,-9.0125,35.5324,-0.8009,-7.3428,33.8627,-0.8009
854,0.7474494877667232,1.7448065895386409,25.6493,-1.6610,-11.7000,12.2884,-1.1613207733,-0.4943296834,-9.0005,35.4451,-0.7952,-7.3239,33.7685,-0.7952
855,0.7474320353602859,1.7458064372337971,25.5798,-1.6529,-11.6617,12.2651,-1.1613209265,-0.4943296834,-8.9884,35.3577,-0.7895,-7.3050,33.6743,-0.7895
856,0.7474145829538487,1.7468062849289536,25.5103,-1.6448,-11.6236,12.2419,-1.1613210793,-0.4943296834,-8.9763,35.2705,-0.7839,-7.2861,33.5803,-0.7839
857,0.7473796834571461,1.7478056757559728,25.4413,-1.6368,-11.5854,12.2191,-1.1613213836,-0.4943296834,-8.9643,35.1838,-0.7782,-7.2673,33.4868,-0.7782
858,0.7473622310507089,1.7488055234511293,25.3723,-1.6288,-11.5475,12.1960,-1.1613215352,-0.4943296834,-8.9522,35.0970,-0.7726,-7.2486,33.3934,-0.7726
859,0.7473447786442716,1.7498053711462858,25.3035,-1.6208,-11.5098,12.1729,-1.1613216864,-0.4943296834,-8.9400,35.0105,-0.7670,-7.2298,33.3003,-0.7670
860,0.7473098791475691,1.750804761973305,25.2350,-1.6129,-11.4719,12.1502,-1.1613219876,-0.4943296834,-8.9280,34.9244,-0.7614,-7.2112,33.2075,-0.7614
861,0.7472924267411318,1.7518046096684614,25.1665,-1.6050,-11.4344,12.1272,-1.1613221377,-0.4943296834,-8.9159,34.8382,-0.7558,-7.1925,33.1149,-0.7558
862,0.7472749743346946,1.752804457363618,25.0983,-1.5971,-11.3970,12.1042,-1.1613222873,-0.4943296834,-8.9037,34.7523,-0.7503,-7.1739,33.0225,-0.7503
863,0.747240074837992,1.753803848190637,25.0304,-1.5893,-11.3595,12.0816,-1.1613225853,-0.4943296834,-8.8916,34.6667,-0.7447,-7.1554,32.9305,-0.7447
864,0.7472226224315548,1.7548036958857935,24.9625,-1.5815,-11.3223,12.0587,-1.1613227338,-0.4943296834,-8.8795,34.5812,-0.7392,-7.1369,32.8386,-0.7392
865,0.7472051700251175,1.75580354358095,24.8948,-1.5738,-11.2852,12.0358,-1.1613228819,-0.4943296834,-8.8673,34.4959,-0.7337,-7.1184,32.7469,-0.7337
866,0.7471877176186803,1.7568033912761063,24.8274,-1.5661,-11.2483,12.0130,-1.1613230295,-0.4943296834,-8.8552,34.4108,-0.7282,-7.0999,32.6556,-0.7282
867,0.7471528181219778,1.7578027821031257,24.7602,-1.5583,-11.2113,11.9906,-1.1613233236,-0.4943296834,-8.8431,34.3260,-0.7228,-7.0816,32.5645,-0.7228
868,0.7471353657155405,1.7588026297982822,24.6931,-1.5507,-11.1745,11.9678,-1.1613234701,-0.4943296834,-8.8309,34.2413,-0.7173,-7.0632,32.4736,-0.7173
869,0.7471179133091033,1.7598024774934389,24.6261,-1.5431,-11.1380,11.9451,-1.1613236162,-0.4943296834,-8.8187,34.1568,-0.7119,-7.0449,32.3830,-0.7119
870,0.747100460902666,1.7608023251885951,24.5594,-1.5356,-11.1015,11.9224,-1.1613237619,-0.4943296834,-8.8065,34.0724,-0.7065,-7.0267,32.2926,-0.7065
871,0.7470655614059635,1.7618017160156143,24.4930,-1.5280,-11.0649,11.9001,-1.1613240521,-0.4943296834,-8.7944,33.9885,-0.7011,-7.0085,32.2025,-0.7011
872,0.7470481089995262,1.7628015637107708,24.4266,-1.5205,-11.0287,11.8775,-1.1613241966,-0.4943296834,-8.7822,33.9046,-0.6957,-6.9903,32.1126,-0.6957
873,0.747030656593089,1.7638014114059273,24.3604,-1.5130,-10.9925,11.8549,-1.1613243407,-0.4943296834,-8.7700,33.8208,-0.6904,-6.9722,32.0230,-0.6904
874,0.7469957570963864,1.7648008022329464,24.2945,-1.5055,-10.9563,11.8327,-1.1613246278,-0.4943296834,-8.7579,33.7375,-0.6850,-6.9541,31.9337,-0.6850
875,0.7469783046899492,1.765800649928103,24.2287,-1.4981,-10.9204,11.8102,-1.1613247707,-0.4943296834,-8.7457,33.6541,-0.6797,-6.9360,31.8445,-0.6797
876,0.746960852283512,1.7668004976232594,24.1631,-1.4908,-10.8846,11.7878,-1.1613249133,-0.4943296834,-8.7334,33.5710,-0.6744,-6.9180,31.7556,-0.6744
877,0.7469433998770747,1.767800345318416,24.0977,-1.4834,-10.8489,11.7653,-1.1613250554,-0.4943296834,-8.7212,33.4880,-0.6692,-6.9001,31.6669,-0.6692
878,0.7469085003803722,1.768799736145435,24.0325,-1.4761,-10.8131,11.7433,-1.1613253385,-0.4943296834,-8.7091,33.4054,-0.6639,-6.8822,31.5785,-0.6639
879,0.7468910479739349,1.7697995838405916,23.9674,-1.4688,-10.7776,11.7209,-1.1613254795,-0.4943296834,-8.6968,33.3229,-0.6586,-6.8643,31.4903,-0.6586
880,0.7468735955674977,1.770799431535748,23.9025,-1.4616,-10.7423,11.6986,-1.1613256200,-0.4943296834,-8.6846,33.2405,-0.6534,-6.8464,31.4023,-0.6534
881,0.7468561431610604,1.7717992792309043,23.8378,-1.4544,-10.7070,11.6763,-1.1613257602,-0.4943296834,-8.6724,33.1583,-0.6482,-6.8286,31.3146,-0.6482
882,0.7468386907546232,1.772799126926061,23.7732,-1.4472,-10.6719,11.6541,-1.1613259000,-0.4943296834,-8.6601,33.0764,-0.6430,-6.8109,31.2271,-0.6430
883,0.7468037912579206,1.7737985177530802,23.7090,-1.4401,-10.6367,11.6322,-1.1613261784,-0.4943296834,-8.6480,32.9948,-0.6378,-6.7932,31.1400,-0.6378
884,0.7467863388514834,1.7747983654482369,23.6448,-1.4330,-10.6018,11.6101,-1.1613263170,-0.4943296834,-8.6357,32.9132,-0.6327,-6.7755,31.0530,-0.6327
885,0.7467688864450461,1.7757982131433931,23.5808,-1.4259,-10.5670,11.5879,-1.1613264552,-0.4943296834,-8.6235,32.8318,-0.6275,-6.7579,30.9662,-0.6275
886,0.7467514340386089,1.7767980608385496,23.5169,-1.4188,-10.5323,11.5658,-1.1613265930,-0.4943296834,-8.6112,32.7506,-0.6224,-6.7403,30.8796,-0.6224
887,0.7467339816321716,1.777797908533706,23.4533,-1.4118,-10.4977,11.5437,-1.1613267304,-0.4943296834,-8.5989,32.6695,-0.6173,-6.7227,30.7933,-0.6173
888,0.7467165292257344,1.7787977562288626,23.3898,-1.4049,-10.4632,11.5217,-1.1613268675,-0.4943296834,-8.5867,32.5887,-0.6122,-6.7052,30.7072,-0.6122
889,0.7466816297290318,1.7797971470558818,23.3266,-1.3979,-10.4287,11.5001,-1.1613271403,-0.4943296834,-8.5745,32.5083,-0.6072,-6.6878,30.6215,-0.6072
890,0.7466641773225946,1.7807969947510385,23.2635,-1.3910,-10.3944,11.4781,-1.1613272761,-0.4943296834,-8.5622,32.4278,-0.6021,-6.6703,30.5359,-0.6021
891,0.7466467249161574,1.7817968424461947,23.2005,-1.3841,-10.3602,11.4562,-1.1613274116,-0.4943296834,-8.5500,32.3476,-0.5971,-6.6529,30.4505,-0.5971
892,0.7466292725097201,1.7827966901413512,23.1377,-1.3772,-10.3262,11.4343,-1.1613275466,-0.4943296834,-8.5377,32.2675,-0.5921,-6.6356,30.3654,-0.5921
893,0.7466118201032829,1.7837965378365075,23.0751,-1.3704,-10.2923,11.4125,-1.1613276813,-0.4943296834,-8.5254,32.1876,-0.5871,-6.6183,30.2805,-0.5871
894,0.7465943676968456,1.7847963855316642,23.0127,-1.3636,-10.2584,11.3906,-1.1613278156,-0.4943296834,-8.5132,32.1079,-0.5821,-6.6010,30.1958,-0.5821
895,0.7465594682001431,1.7857957763586834,22.9505,-1.3568,-10.2245,11.3692,-1.1613280829,-0.4943296834,-8.5010,32.0286,-0.5771,-6.5838,30.1115,-0.5771
896,0.7465420157937058,1.7867956240538398,22.8884,-1.3501,-10.1909,11.3475,-1.1613282159,-0.4943296834,-8.4887,31.9493,-0.5722,-6.5666,30.0273,-0.5722
897,0.7465245633872686,1.7877954717489963,22.8265,-1.3434,-10.1574,11.3258,-1.1613283486,-0.4943296834,-8.4764,31.8702,-0.5672,-6.5495,29.9433,-0.5672
898,0.7465071109808313,1.7887953194441528,22.7648,-1.3368,-10.1239,11.3041,-1.1613284809,-0.4943296834,-8.4641,31.7912,-0.5623,-6.5324,29.8595,-0.5623
899,0.7464896585743941,1.7897951671393093,22.7032,-1.3301,-10.0906,11.2825,-1.1613286128,-0.4943296834,-8.4518,31.7125,-0.5574,-6.5153,29.7760,-0.5574
900,0.7464722061679568,1.7907950148344658,22.6418,-1.3235,-10.0574,11.2609,-1.1613287443,-0.4943296834,-8.4395,31.6339,-0.5525,-6.4983,29.6927,-0.5525
901,0.7464547537615196,1.7917948625296225,22.5806,-1.3169,-10.0243,11.2393,-1.1613288754,-0.4943296834,-8.4273,31.5555,-0.5477,-6.4813,29.6096,-0.5477
902,0.746419854264817,1.7927942533566414,22.5196,-1.3104,-9.9911,11.2181,-1.1613291364,-0.4943296834,-8.4151,31.4775,-0.5428,-6.4644,29.5269,-0.5428
903,0.7464024018583798,1.793794101051798,22.4587,-1.3038,-9.9582,11.1966,-1.1613292663,-0.4943296834,-8.4028,31.3995,-0.5380,-6.4475,29.4442,-0.5380
904,0.7463849494519426,1.7947939487469544,22.3980,-1.2974,-9.9255,11.1752,-1.1613293958,-0.4943296834,-8.3905,31.3217,-0.5332,-6.4307,29.3618,-0.5332
905,0.7463674970455053,1.795793796442111,22.3374,-1.2909,-9.8928,11.1538,-1.1613295249,-0.4943296834,-8.3782,31.2440,-0.5284,-6.4138,29.2797,-0.5284
906,0.7463500446390681,1.7967936441372674,22.2770,-1.2845,-9.8602,11.1324,-1.1613296537,-0.4943296834,-8.3659,31.1666,-0.5236,-6.3971,29.1977,-0.5236
907,0.7463325922326308,1.797793491832424,22.2168,-1.2781,-9.8277,11.1110,-1.1613297820,-0.4943296834,-8.3536,31.0893,-0.5189,-6.3803,29.1160,-0.5189
908,0.7463151398261936,1.7987933395275804,22.1568,-1.2717,-9.7953,11.0897,-1.1613299099,-0.4943296834,-8.3413,31.0122,-0.5141,-6.3636,29.0345,-0.5141
909,0.7462976874197563,1.7997931872227368,22.0969,-1.2654,-9.7631,11.0684,-1.1613300375,-0.4943296834,-8.3290,30.9353,-0.5094,-6.3470,28.9532,-0.5094
910,0.7462627879230538,1.800792578049756,22.0372,-1.2590,-9.7307,11.0475,-1.1613302913,-0.4943296835,-8.3168,30.8587,-0.5047,-6.3303,28.8723,-0.5047
911,0.7462453355166165,1.8017924257449125,21.9777,-1.2527,-9.6986,11.0263,-1.1613304177,-0.4943296835,-8.3045,30.7822,-0.5000,-6.3138,28.7914,-0.5000
912,0.7462278831101793,1.802792273440069,21.9183,-1.2465,-9.6666,11.0052,-1.1613305437,-0.4943296835,-8.2922,30.7058,-0.4953,-6.2972,28.7108,-0.4953
913,0.746210430703742,1.8037921211352248,21.8590,-1.2403,-9.6348,10.9840,-1.1613306692,-0.4943296835,-8.2799,30.6296,-0.4907,-6.2807,28.6304,-0.4907
914,0.7461929782973048,1.804791968830382,21.8000,-1.2341,-9.6030,10.9629,-1.1613307944,-0.4943296835,-8.2676,30.5536,-0.4860,-6.2643,28.5502,-0.4860
915,0.7461755258908676,1.8057918165255384,21.7411,-1.2279,-9.5713,10.9419,-1.1613309192,-0.4943296835,-8.2553,30.4778,-0.4814,-6.2478,28.4703,-0.4814
916,0.7461580734844303,1.806791664220695,21.6823,-1.2218,-9.5397,10.9208,-1.1613310435,-0.4943296835,-8.2431,30.4022,-0.4768,-6.2314,28.3905,-0.4768
917,0.7461406210779931,1.807791511915852,21.6237,-1.2157,-9.5082,10.8998,-1.1613311675,-0.4943296835,-8.2308,30.3267,-0.4722,-6.2151,28.3110,-0.4722
918,0.7461231686715558,1.808791359611008,21.5653,-1.2096,-9.4769,10.8789,-1.1613312911,-0.4943296835,-8.2185,30.2514,-0.4676,-6.1988,28.2317,-0.4676
919,0.7461057162651186,1.8097912073061644,21.5071,-1.2035,-9.4456,10.8580,-1.1613314143,-0.4943296835,-8.2062,30.1763,-0.4630,-6.1825,28.1526,-0.4630
920,0.7460882638586813,1.8107910550013209,21.4490,-1.1975,-9.4144,10.8371,-1.1613315371,-0.4943296835,-8.1939,30.1014,-0.4585,-6.1663,28.0738,-0.4585
921,0.7460708114522441,1.8117909026964767,21.3910,-1.1915,-9.3833,10.8162,-1.1613316595,-0.4943296835,-8.1816,30.0266,-0.4540,-6.1501,27.9951,-0.4540
922,0.7460533590458068,1.8127907503916336,21.3333,-1.1855,-9.3523,10.7954,-1.1613317815,-0.4943296835,-8.1693,29.9520,-0.4494,-6.1340,27.9167,-0.4494
923,0.7460359066393696,1.8137905980867903,21.2757,-1.1796,-9.3214,10.7746,-1.1613319031,-0.4943296835,-8.1570,29.8776,-0.4449,-6.1178,27.8384,-0.4449
924,0.746001007142667,1.8147899889138093,21.2183,-1.1736,-9.2905,10.7542,-1.1613321450,-0.4943296835,-8.1448,29.8036,-0.4405,-6.1018,27.7605,-0.4405
925,0.7459835547362298,1.815789836608966,21.1610,-1.1677,-9.2598,10.7335,-1.1613322654,-0.4943296835,-8.1325,29.7295,-0.4360,-6.0857,27.6827,-0.4360
926,0.7459661023297925,1.8167896843041225,21.1038,-1.1618,-9.2292,10.7128,-1.1613323855,-0.4943296835,-8.1203,29.6556,-0.4315,-6.0697,27.6051,-0.4315
927,0.7459486499233553,1.817789531999279,21.0469,-1.1560,-9.1987,10.6922,-1.1613325051,-0.4943296835,-8.1080,29.5819,-0.4271,-6.0538,27.5278,-0.4271
928,0.745931197516918,1.818789379694436,20.9900,-1.1502,-9.1682,10.6716,-1.1613326243,-0.4943296835,-8.0957,29.5084,-0.4227,-6.0379,27.4506,-0.4227
929,0.7459137451104808,1.819789227389592,20.9334,-1.1444,-9.1379,10.6510,-1.1613327431,-0.4943296835,-8.0834,29.4351,-0.4183,-6.0220,27.3736,-0.4183
930,0.7458962927040436,1.8207890750847484,20.8768,-1.1387,-9.1077,10.6305,-1.1613328615,-0.4943296835,-8.0712,29.3619,-0.4139,-6.0061,27.2969,-0.4139
931,0.7458788402976063,1.821788922779905,20.8205,-1.1329,-9.0776,10.6100,-1.1613329796,-0.4943296835,-8.0589,29.2889,-0.4095,-5.9903,27.2204,-0.4095
932,0.7458613878911691,1.8227887704750607,20.7643,-1.1272,-9.0475,10.5895,-1.1613330972,-0.4943296835,-8.0466,29.2161,-0.4052,-5.9746,27.1440,-0.4052
933,0.7458439354847318,1.8237886181702176,20.7083,-1.1215,-9.0176,10.5691,-1.1613332145,-0.4943296835,-8.0343,29.1434,-0.4008,-5.9588,27.0679,-0.4008
934,0.7458264830782946,1.8247884658653744,20.6524,-1.1159,-8.9878,10.5487,-1.1613333313,-0.4943296835,-8.0221,29.0710,-0.3965,-5.9432,26.9920,-0.3965
935,0.7458090306718573,1.8257883135605308,20.5966,-1.1103,-8.9580,10.5283,-1.1613334477,-0.4943296835,-8.0098,28.9986,-0.3922,-5.9275,26.9163,-0.3922
936,0.7457915782654201,1.8267881612556875,20.5411,-1.1047,-8.9284,10.5080,-1.1613335638,-0.4943296835,-7.9976,28.9265,-0.3879,-5.9119,26.8409,-0.3879
937,0.7457741258589828,1.827788008950844,20.4856,-1.0991,-8.8988,10.4877,-1.1613336794,-0.4943296835,-7.9853,28.8546,-0.3836,-5.8963,26.7656,-0.3836
938,0.7457566734525456,1.8287878566460003,20.4304,-1.0935,-8.8694,10.4675,-1.1613337947,-0.4943296835,-7.9731,28.7828,-0.3793,-5.8808,26.6905,-0.3793
939,0.7457392210461083,1.8297877043411568,20.3752,-1.0880,-8.8400,10.4473,-1.1613339095,-0.4943296835,-7.9608,28.7111,-0.3751,-5.8653,26.6156,-0.3751
940,0.7457217686396711,1.8307875520363133,20.3203,-1.0825,-8.8107,10.4271,-1.1613340240,-0.4943296835,-7.9486,28.6397,-0.3709,-5.8498,26.5409,-0.3709
941,0.7457043162332339,1.831787399731469,20.2655,-1.0770,-8.7815,10.4069,-1.1613341381,-0.4943296835,-7.9363,28.5684,-0.3666,-5.8344,26.4665,-0.3666
942,0.7456868638267966,1.8327872474266265,20.2108,-1.0716,-8.7524,10.3868,-1.1613342517,-0.4943296835,-7.9240,28.4973,-0.3624,-5.8190,26.3922,-0.3624
943,0.7456694114203594,1.8337870951217827,20.1563,-1.0662,-8.7234,10.3667,-1.1613343650,-0.4943296835,-7.9118,28.4263,-0.3582,-5.8036,26.3181,-0.3582
944,0.7456519590139221,1.8347869428169392,20.1019,-1.0607,-8.6945,10.3467,-1.1613344778,-0.4943296835,-7.8996,28.3555,-0.3541,-5.7883,26.2443,-0.3541
945,0.7456345066074849,1.835786790512096,20.0477,-1.0554,-8.6657,10.3267,-1.1613345903,-0.4943296835,-7.8873,28.2849,-0.3499,-5.7730,26.1706,-0.3499
946,0.7456170542010476,1.836786638207252,19.9936,-1.0500,-8.6369,10.3067,-1.1613347024,-0.4943296835,-7.8751,28.2145,-0.3458,-5.7578,26.0972,-0.3458
947,0.7455996017946104,1.837786485902409,19.9397,-1.0447,-8.6083,10.2868,-1.1613348141,-0.4943296835,-7.8629,28.1442,-0.3416,-5.7426,26.0239,-0.3416
948,0.7455821493881731,1.8387863335975647,19.8860,-1.0394,-8.5797,10.2668,-1.1613349253,-0.4943296835,-7.8507,28.0741,-0.3375,-5.7274,25.9509,-0.3375
949,0.7455646969817359,1.8397861812927216,19.8323,-1.0341,-8.5513,10.2470,-1.1613350362,-0.4943296835,-7.8384,28.0042,-0.3334,-5.7123,25.8780,-0.3334
950,0.7455472445752986,1.840786028987878,19.7789,-1.0288,-8.5229,10.2271,-1.1613351467,-0.4943296835,-7.8262,27.9344,-0.3293,-5.6972,25.8054,-0.3293
951,0.7455297921688614,1.8417858766830344,19.7255,-1.0236,-8.4946,10.2073,-1.1613352568,-0.4943296835,-7.8140,27.8648,-0.3252,-5.6821,25.7329,-0.3252
952,0.7455123397624241,1.842785724378191,19.6724,-1.0184,-8.4664,10.1876,-1.1613353665,-0.4943296835,-7.8018,27.7953,-0.3212,-5.6671,25.6607,-0.3212
953,0.7454948873559869,1.843785572073348,19.6193,-1.0132,-8.4383,10.1678,-1.1613354758,-0.4943296835,-7.7896,27.7261,-0.3171,-5.6521,25.5886,-0.3171
954,0.7454774349495497,1.844785419768504,19.5665,-1.0081,-8.4103,10.1481,-1.1613355847,-0.4943296835,-7.7774,27.6570,-0.3131,-5.6372,25.5167,-0.3131
955,0.7454599825431124,1.8457852674636608,19.5137,-1.0029,-8.3823,10.1285,-1.1613356932,-0.4943296835,-7.7652,27.5880,-0.3091,-5.6223,25.4451,-0.3091
956,0.7454425301366752,1.846785115158817,19.4611,-0.9978,-8.3545,10.1088,-1.1613358013,-0.4943296835,-7.7530,27.5192,-0.3051,-5.6074,25.3736,-0.3051
957,0.7454250777302379,1.847784962853973,19.4087,-0.9927,-8.3267,10.0892,-1.1613359090,-0.4943296835,-7.7408,27.4506,-0.3011,-5.5925,25.3023,-0.3011
958,0.7454076253238007,1.84878481054913,19.3564,-0.9877,-8.2991,10.0697,-1.1613360163,-0.4943296835,-7.7286,27.3821,-0.2971,-5.5777,25.2313,-0.2971
959,0.7453901729173634,1.8497846582442865,19.3042,-0.9826,-8.2715,10.0501,-1.1613361232,-0.4943296835,-7.7164,27.3139,-0.2932,-5.5630,25.1604,-0.2932
960,0.7453727205109262,1.850784505939443,19.2522,-0.9776,-8.2440,10.0306,-1.1613362297,-0.4943296835,-7.7043,27.2457,-0.2892,-5.5482,25.0897,-0.2892
961,0.7453552681044889,1.8517843536346,19.2004,-0.9726,-8.2166,10.0112,-1.1613363358,-0.4943296835,-7.6921,27.1778,-0.2853,-5.5336,25.0192,-0.2853
962,0.7453378156980517,1.852784201329756,19.1486,-0.9676,-8.1893,9.9918,-1.1613364415,-0.4943296835,-7.6799,27.1100,-0.2814,-5.5189,24.9489,-0.2814
963,0.7453203632916144,1.8537840490249125,19.0971,-0.9627,-8.1620,9.9724,-1.1613365468,-0.4943296835,-7.6678,27.0423,-0.2775,-5.5043,24.8788,-0.2775
964,0.7453029108851772,1.854783896720069,19.0456,-0.9577,-8.1349,9.9530,-1.1613366517,-0.4943296835,-7.6556,26.9748,-0.2736,-5.4897,24.8089,-0.2736
965,0.74528545847874,1.8557837444152248,18.9943,-0.9528,-8.1078,9.9337,-1.1613367562,-0.4943296835,-7.6435,26.9075,-0.2697,-5.4751,24.7392,-0.2697
966,0.7452680060723027,1.856783592110382,18.9432,-0.9480,-8.0808,9.9144,-1.1613368603,-0.4943296835,-7.6313,26.8403,-0.2659,-5.4606,24.6696,-0.2659
967,0.7452505536658655,1.8577834398055384,18.8922,-0.9431,-8.0539,9.8951,-1.1613369640,-0.4943296835,-7.6192,26.7733,-0.2620,-5.4461,24.6003,-0.2620
968,0.7452331012594282,1.8587832875006949,18.8413,-0.9383,-8.0271,9.8759,-1.1613370673,-0.4943296835,-7.6070,26.7065,-0.2582,-5.4317,24.5311,-0.2582
969,0.745215648852991,1.859783135195852,18.7905,-0.9334,-8.0004,9.8567,-1.1613371703,-0.4943296835,-7.5949,26.6398,-0.2544,-5.4173,24.4622,-0.2544
970,0.7451981964465537,1.860782982891008,18.7400,-0.9286,-7.9737,9.8376,-1.1613372728,-0.4943296835,-7.5828,26.5733,-0.2506,-5.4029,24.3934,-0.2506
971,0.7451807440401165,1.8617828305861643,18.6895,-0.9239,-7.9472,9.8184,-1.1613373749,-0.4943296835,-7.5707,26.5069,-0.2468,-5.3886,24.3248,-0.2468
972,0.7451632916336792,1.8627826782813208,18.6392,-0.9191,-7.9207,9.7994,-1.1613374766,-0.4943296835,-7.5586,26.4407,-0.2430,-5.3743,24.2564,-0.2430
973,0.745145839227242,1.863782525976477,18.5890,-0.9144,-7.8943,9.7803,-1.1613375780,-0.4943296835,-7.5464,26.3747,-0.2392,-5.3600,24.1882,-0.2392
974,0.7451283868208047,1.8647823736716336,18.5390,-0.9097,-7.8680,9.7613,-1.1613376789,-0.4943296835,-7.5343,26.3088,-0.2355,-5.3458,24.1202,-0.2355
975,0.7451109344143675,1.8657822213667905,18.4891,-0.9050,-7.8418,9.7423,-1.1613377794,-0.4943296835,-7.5222,26.2431,-0.2317,-5.3316,24.0524,-0.2317
976,0.7450934820079302,1.8667820690619468,18.4393,-0.9003,-7.8156,9.7233,-1.1613378795,-0.4943296835,-7.5101,26.1775,-0.2280,-5.3174,23.9847,-0.2280
977,0.745076029601493,1.867781916757104,18.3897,-0.8957,-7.7896,9.7044,-1.1613379793,-0.4943296835,-7.4981,26.1121,-0.2243,-5.3033,23.9173,-0.2243
978,0.7450585771950557,1.86878176445226,18.3402,-0.8911,-7.7636,9.6855,-1.1613380786,-0.4943296835,-7.4860,26.0468,-0.2206,-5.2892,23.8500,-0.2206
979,0.7450411247886185,1.869781612147416,18.2908,-0.8865,-7.7377,9.6667,-1.1613381775,-0.4943296835,-7.4739,25.9817,-0.2169,-5.2751,23.7829,-0.2169
980,0.7450236723821813,1.8707814598425727,18.2416,-0.8819,-7.7119,9.6479,-1.1613382761,-0.4943296835,-7.4618,25.9167,-0.2133,-5.2611,23.7160,-0.2133
981,0.745006219975744,1.8717813075377288,18.1925,-0.8773,-7.6861,9.6291,-1.1613383742,-0.4943296835,-7.4498,25.8519,-0.2096,-5.2471,23.6493,-0.2096
982,0.7449887675693068,1.8727811552328857,18.1436,-0.8728,-7.6605,9.6103,-1.1613384719,-0.4943296835,-7.4377,25.7873,-0.2060,-5.2331,23.5827,-0.2060
983,0.7449713151628695,1.8737810029280424,18.0948,-0.8683,-7.6349,9.5916,-1.1613385693,-0.4943296835,-7.4257,25.7228,-0.2024,-5.2192,23.5164,-0.2024
984,0.7449538627564323,1.8747808506231989,18.0461,-0.8638,-7.6094,9.5729,-1.1613386662,-0.4943296835,-7.4136,25.6585,-0.1988,-5.2053,23.4502,-0.1988
985,0.744936410349995,1.8757806983183551,17.9975,-0.8593,-7.5840,9.5543,-1.1613387627,-0.4943296835,-7.4016,25.5943,-0.1952,-5.1915,23.3842,-0.1952
986,0.7449189579435578,1.876780546013512,17.9491,-0.8549,-7.5587,9.5356,-1.1613388589,-0.4943296835,-7.3896,25.5303,-0.1916,-5.1777,23.3184,-0.1916
987,0.7449015055371205,1.877780393708668,17.9009,-0.8504,-7.5334,9.5170,-1.1613389546,-0.4943296835,-7.3775,25.4664,-0.1880,-5.1639,23.2527,-0.1880
988,0.7448840531306833,1.8787802414038248,17.8527,-0.8460,-7.5082,9.4985,-1.1613390499,-0.4943296835,-7.3655,25.4027,-0.1844,-5.1501,23.1873,-0.1844
989,0.744866600724246,1.879780089098981,17.8047,-0.8416,-7.4831,9.4800,-1.1613391449,-0.4943296835,-7.3535,25.3391,-0.1809,-5.1364,23.1220,-0.1809
990,0.7448491483178088,1.8807799367941376,17.7568,-0.8372,-7.4581,9.4615,-1.1613392394,-0.4943296835,-7.3415,25.2757,-0.1774,-5.1227,23.0569,-0.1774
991,0.7448316959113715,1.881779784489294,17.7091,-0.8329,-7.4332,9.4430,-1.1613393336,-0.4943296835,-7.3295,25.2124,-0.1739,-5.1091,22.9920,-0.1739
992,0.7448142435049343,1.8827796321844503,17.6614,-0.8286,-7.4083,9.4246,-1.1613394273,-0.4943296835,-7.3175,25.1493,-0.1704,-5.0955,22.9273,-0.1704
993,0.7447967910984971,1.883779479879607,17.6139,-0.8242,-7.3835,9.4062,-1.1613395206,-0.4943296835,-7.3055,25.0864,-0.1669,-5.0819,22.8627,-0.1669
994,0.7447793386920598,1.8847793275747635,17.5666,-0.8199,-7.3588,9.3878,-1.1613396136,-0.4943296835,-7.2936,25.0236,-0.1634,-5.0683,22.7983,-0.1634
995,0.7447618862856226,1.88577917526992,17.5194,-0.8157,-7.3342,9.3695,-1.1613397061,-0.4943296835,-7.2816,24.9609,-0.1599,-5.0548,22.7341,-0.1599
996,0.7447444338791853,1.8867790229650765,17.4723,-0.8114,-7.3096,9.3512,-1.1613397983,-0.4943296835,-7.2696,24.8984,-0.1565,-5.0414,22.6701,-0.1565
997,0.7447269814727481,1.887778870660233,17.4253,-0.8072,-7.2851,9.3329,-1.1613398900,-0.4943296835,-7.2577,24.8360,-0.1531,-5.0279,22.6062,-0.1531
998,0.7447269814727481,1.8887788706602329,17.3784,-0.8030,-7.2609,9.3145,-1.1613398900,-0.4943296835,-7.2457,24.7737,-0.1497,-5.0145,22.5425,-0.1497
999,0.7447095290663108,1.889778718355389,17.3317,-0.7988,-7.2366,9.2963,-1.1613399814,-0.4943296835,-7.2337,24.7117,-0.1462,-5.0011,22.4790,-0.1462
1000,0.7446920766598736,1.8907785660505456,17.2851,-0.7946,-7.2123,9.2781,-1.1613400723,-0.4943296835,-7.2218,24.6497,-0.1429,-4.9878,22.4157,-0.1429
1001,0.7446746242534363,1.8917784137457023,17.2386,-0.7905,-7.1882,9.2600,-1.1613401628,-0.4943296835,-7.2099,24.5880,-0.1395,-4.9744,22.3525,-0.1395
1002,0.7446746242534363,1.8927784137457024,17.1922,-0.7864,-7.1642,9.2416,-1.1613401628,-0.4943296835,-7.1979,24.5263,-0.1361,-4.9612,22.2895,-0.1361
1003,0.7446571718469991,1.8937782614408587,17.1460,-0.7823,-7.1402,9.2236,-1.1613402530,-0.4943296835,-7.1860,24.4648,-0.1328,-4.9479,22.2267,-0.1328
1004,0.7446397194405618,1.8947781091360152,17.0999,-0.7782,-7.1163,9.2055,-1.1613403427,-0.4943296835,-7.1741,24.4035,-0.1294,-4.9347,22.1641,-0.1294
1005,0.7446222670341246,1.895777956831172,17.0540,-0.7741,-7.0924,9.1875,-1.1613404321,-0.4943296835,-7.1622,24.3423,-0.1261,-4.9215,22.1016,-0.1261
1006,0.7446048146276874,1.896777804526328,17.0082,-0.7700,-7.0686,9.1695,-1.1613405210,-0.4943296835,-7.1503,24.2813,-0.1228,-4.9084,22.0393,-0.1228
1007,0.7446048146276874,1.897777804526328,16.9624,-0.7660,-7.0450,9.1514,-1.1613405210,-0.4943296835,-7.1384,24.2203,-0.1195,-4.8953,21.9772,-0.1195
1008,0.7445873622212501,1.8987776522214843,16.9168,-0.7620,-7.0214,9.1335,-1.1613406096,-0.4943296835,-7.1265,24.1596,-0.1162,-4.8822,21.9152,-0.1162
1009,0.7445699098148129,1.899777499916641,16.8714,-0.7580,-6.9978,9.1156,-1.1613406977,-0.4943296835,-7.1146,24.0990,-0.1130,-4.8691,21.8534,-0.1130
1010,0.7445524574083756,1.9007773476117973,16.8260,-0.7540,-6.9743,9.0977,-1.1613407854,-0.4943296835,-7.1028,24.0385,-0.1097,-4.8561,21.7918,-0.1097
1011,0.7445524574083756,1.9017773476117967,16.7808,-0.7501,-6.9510,9.0797,-1.1613407854,-0.4943296835,-7.0909,23.9781,-0.1065,-4.8431,21.7304,-0.1065
1012,0.7445350050019384,1.9027771953069537,16.7357,-0.7462,-6.9277,9.0619,-1.1613408728,-0.4943296835,-7.0791,23.9180,-0.1032,-4.8302,21.6691,-0.1032
1013,0.7445175525955011,1.9037770430021104,16.6907,-0.7422,-6.9044,9.0441,-1.1613409597,-0.4943296835,-7.0672,23.8580,-0.1000,-4.8172,21.6080,-0.1000
1014,0.7445001001890639,1.9047768906972669,16.6459,-0.7383,-6.8812,9.0264,-1.1613410463,-0.4943296835,-7.0554,23.7981,-0.0968,-4.8044,21.5471,-0.0968
1015,0.7445001001890639,1.9057768906972667,16.6011,-0.7345,-6.8582,9.0085,-1.1613410463,-0.4943296835,-7.0435,23.7383,-0.0936,-4.7915,21.4863,-0.0936
1016,0.7444826477826266,1.9067767383924232,16.5565,-0.7306,-6.8351,8.9908,-1.1613411324,-0.4943296835,-7.0317,23.6787,-0.0905,-4.7787,21.4257,-0.0905
1017,0.7444651953761894,1.90777658608758,16.5121,-0.7267,-6.8121,8.9732,-1.1613412181,-0.4943296835,-7.0199,23.6193,-0.0873,-4.7659,21.3652,-0.0873
1018,0.7444477429697521,1.908776433782736,16.4677,-0.7229,-6.7892,8.9556,-1.1613413035,-0.4943296835,-7.0081,23.5600,-0.0842,-4.7531,21.3050,-0.0842
1019,0.7444477429697521,1.909776433782736,16.4234,-0.7191,-6.7665,8.9378,-1.1613413035,-0.4943296835,-6.9963,23.5008,-0.0810,-4.7404,21.2448,-0.0810
1020,0.7444302905633149,1.9107762814778928,16.3793,-0.7153,-6.7437,8.9203,-1.1613413884,-0.4943296835,-6.9845,23.4417,-0.0779,-4.7277,21.1849,-0.0779
1021,0.7444128381568776,1.911776129173049,16.3353,-0.7116,-6.7210,8.9028,-1.1613414730,-0.4943296835,-6.9728,23.3829,-0.0748,-4.7150,21.1251,-0.0748
1022,0.7443953857504404,1.9127759768682056,16.2914,-0.7078,-6.6983,8.8853,-1.1613415571,-0.4943296835,-6.9610,23.3242,-0.0717,-4.7024,21.0655,-0.0717
1023,0.7443953857504404,1.9137759768682048,16.2476,-0.7041,-6.6759,8.8676,-1.1613415571,-0.4943296835,-6.9492,23.2655,-0.0686,-4.6898,21.0060,-0.0686
1024,0.7443779333440032,1.914775824563362,16.2040,-0.7004,-6.6534,8.8502,-1.1613416408,-0.4943296835,-6.9375,23.2070,-0.0656,-4.6772,20.9468,-0.0656
1025,0.7443604809375659,1.9157756722585184,16.1605,-0.6966,-6.6310,8.8328,-1.1613417242,-0.4943296835,-6.9258,23.1487,-0.0625,-4.6647,20.8877,-0.0625
1026,0.7443430285311287,1.916775519953675,16.1171,-0.6930,-6.6086,8.8155,-1.1613418071,-0.4943296835,-6.9140,23.0906,-0.0595,-4.6522,20.8287,-0.0595
1027,0.7443430285311287,1.9177755199536748,16.0737,-0.6893,-6.5865,8.7980,-1.1613418071,-0.4943296835,-6.9023,23.0325,-0.0564,-4.6397,20.7699,-0.0564
1028,0.7443255761246914,1.9187753676488315,16.0306,-0.6857,-6.5643,8.7807,-1.1613418896,-0.4943296835,-6.8906,22.9746,-0.0534,-4.6273,20.7113,-0.0534
1029,0.7443081237182542,1.919775215343988,15.9875,-0.6820,-6.5421,8.7634,-1.1613419718,-0.4943296835,-6.8789,22.9168,-0.0504,-4.6148,20.6528,-0.0504
1030,0.7443081237182542,1.920775215343988,15.9446,-0.6784,-6.5202,8.7460,-1.1613419718,-0.4943296835,-6.8672,22.8592,-0.0474,-4.6025,20.5945,-0.0474
1031,0.7442906713118169,1.921775063039144,15.9017,-0.6748,-6.4981,8.7288,-1.1613420535,-0.4943296835,-6.8555,22.8017,-0.0445,-4.5901,20.5363,-0.0445
1032,0.7442732189053797,1.9227749107343008,15.8590,-0.6713,-6.4762,8.7116,-1.1613421348,-0.4943296835,-6.8438,22.7444,-0.0415,-4.5778,20.4783,-0.0415
1033,0.7442557664989424,1.923774758429457,15.8165,-0.6677,-6.4543,8.6944,-1.1613422158,-0.4943296835,-6.8322,22.6872,-0.0386,-4.5655,20.4205,-0.0386
1034,0.7442557664989424,1.924774758429457,15.7739,-0.6642,-6.4327,8.6771,-1.1613422158,-0.4943296835,-6.8205,22.6300,-0.0356,-4.5532,20.3628,-0.0356
1035,0.7442383140925052,1.9257746061246133,15.7316,-0.6606,-6.4109,8.6600,-1.1613422963,-0.4943296835,-6.8088,22.5731,-0.0327,-4.5410,20.3053,-0.0327
1036,0.7442208616860679,1.92677445381977,15.6894,-0.6571,-6.3892,8.6430,-1.1613423764,-0.4943296835,-6.7972,22.5164,-0.0298,-4.5288,20.2480,-0.0298
1037,0.7442208616860679,1.9277744538197696,15.6472,-0.6537,-6.3678,8.6258,-1.1613423764,-0.4943296835,-6.7855,22.4596,-0.0269,-4.5167,20.1908,-0.0269
1038,0.7442034092796307,1.9287743015149263,15.6052,-0.6502,-6.3462,8.6088,-1.1613424562,-0.4943296835,-6.7739,22.4031,-0.0240,-4.5045,20.1337,-0.0240
1039,0.7441859568731934,1.9297741492100828,15.5633,-0.6467,-6.3248,8.5918,-1.1613425355,-0.4943296835,-6.7623,22.3468,-0.0212,-4.4924,20.0769,-0.0212
1040,0.7441685044667562,1.9307739969052395,15.5215,-0.6433,-6.3034,8.5749,-1.1613426144,-0.4943296835,-6.7507,22.2905,-0.0183,-4.4803,20.0201,-0.0183
1041,0.7441685044667562,1.9317739969052392,15.4798,-0.6399,-6.2822,8.5578,-1.1613426144,-0.4943296835,-6.7391,22.2344,-0.0155,-4.4683,19.9635,-0.0155
1042,0.744151052060319,1.932773844600396,15.4382,-0.6365,-6.2609,8.5409,-1.1613426929,-0.4943296835,-6.7275,22.1784,-0.0126,-4.4563,19.9071,-0.0126
1043,0.7441335996538817,1.933773692295552,15.3968,-0.6331,-6.2397,8.5240,-1.1613427711,-0.4943296835,-6.7160,22.1226,-0.0098,-4.4443,19.8509,-0.0098
1044,0.7441335996538817,1.934773692295552,15.3554,-0.6297,-6.2187,8.5070,-1.1613427711,-0.4943296835,-6.7044,22.0668,-0.0070,-4.4324,19.7948,-0.0070
1045,0.7441161472474445,1.9357735399907088,15.3142,-0.6263,-6.1976,8.4902,-1.1613428488,-0.4943296835,-6.6928,22.0112,-0.0042,-4.4204,19.7388,-0.0042
1046,0.7440986948410072,1.936773387685865,15.2731,-0.6230,-6.1766,8.4735,-1.1613429261,-0.4943296835,-6.6813,21.9558,-0.0015,-4.4085,19.6831,-0.0015
1047,0.7440986948410072,1.937773387685865,15.2320,-0.6197,-6.1558,8.4566,-1.1613429261,-0.4943296835,-6.6697,21.9005,0.0013,-4.3967,19.6274,0.0013
1048,0.74408124243457,1.9387732353810208,15.1911,-0.6164,-6.1349,8.4399,-1.1613430030,-0.4943296835,-6.6582,21.8453,0.0041,-4.3848,19.5719,0.0041
1049,0.7440637900281327,1.939773083076178,15.1503,-0.6131,-6.1141,8.4232,-1.1613430795,-0.4943296835,-6.6467,21.7903,0.0068,-4.3730,19.5166,0.0068
1050,0.7440637900281327,1.9407730830761776,15.1096,-0.6098,-6.0935,8.4063,-1.1613430795,-0.4943296835,-6.6352,21.7353,0.0095,-4.3613,19.4614,0.0095
1051,0.7440463376216955,1.9417729307713345,15.0691,-0.6065,-6.0728,8.3897,-1.1613431557,-0.4943296835,-6.6237,21.6806,0.0122,-4.3495,19.4064,0.0122
1052,0.7440288852152582,1.9427727784664908,15.0286,-0.6033,-6.0522,8.3732,-1.1613432314,-0.4943296835,-6.6122,21.6259,0.0149,-4.3378,19.3515,0.0149
1053,0.7440288852152582,1.9437727784664909,14.9882,-0.6001,-6.0318,8.3564,-1.1613432314,-0.4943296835,-6.6007,21.5714,0.0176,-4.3261,19.2968,0.0176
1054,0.744011432808821,1.9447726261616471,14.9480,-0.5969,-6.0113,8.3399,-1.1613433067,-0.4943296835,-6.5893,21.5170,0.0203,-4.3145,19.2422,0.0203
1055,0.7439939804023837,1.945772473856804,14.9079,-0.5937,-5.9908,8.3234,-1.1613433816,-0.4943296835,-6.5778,21.4628,0.0230,-4.3029,19.1878,0.0230
1056,0.7439939804023837,1.9467724738568035,14.8678,-0.5905,-5.9706,8.3067,-1.1613433816,-0.4943296835,-6.5664,21.4086,0.0256,-4.2913,19.1335,0.0256
1057,0.7439765279959465,1.94777232155196,14.8279,-0.5873,-5.9503,8.2903,-1.1613434561,-0.4943296835,-6.5549,21.3546,0.0282,-4.2797,19.0794,0.0282
1058,0.7439590755895092,1.9487721692471165,14.7881,-0.5842,-5.9301,8.2739,-1.1613435302,-0.4943296835,-6.5435,21.3008,0.0309,-4.2682,19.0254,0.0309
1059,0.7439590755895092,1.9497721692471164,14.7484,-0.5811,-5.9100,8.2573,-1.1613435302,-0.4943296835,-6.5321,21.2470,0.0335,-4.2567,18.9716,0.0335
1060,0.743941623183072,1.9507720169422729,14.7088,-0.5779,-5.8899,8.2410,-1.1613436039,-0.4943296835,-6.5207,21.1934,0.0361,-4.2452,18.9179,0.0361
1061,0.7439241707766348,1.951771864637429,14.6693,-0.5748,-5.8699,8.2246,-1.1613436772,-0.4943296835,-6.5093,21.1400,0.0387,-4.2337,18.8644,0.0387
1062,0.7439241707766348,1.9527718646374288,14.6299,-0.5717,-5.8500,8.2081,-1.1613436772,-0.4943296835,-6.4979,21.0866,0.0412,-4.2223,18.8110,0.0412
1063,0.7439067183701975,1.9537717123325853,14.5906,-0.5687,-5.8301,8.1919,-1.1613437501,-0.4943296835,-6.4865,21.0334,0.0438,-4.2109,18.7578,0.0438
1064,0.7438892659637603,1.9547715600277424,14.5515,-0.5656,-5.8102,8.1756,-1.1613438226,-0.4943296835,-6.4752,20.9803,0.0463,-4.1996,18.7047,0.0463
1065,0.7438892659637603,1.955771560027742,14.5124,-0.5626,-5.7906,8.1592,-1.1613438226,-0.4943296835,-6.4638,20.9273,0.0489,-4.1882,18.6517,0.0489
1066,0.743871813557323,1.9567714077228984,14.4734,-0.5595,-5.7708,8.1431,-1.1613438947,-0.4943296835,-6.4525,20.8745,0.0514,-4.1769,18.5990,0.0514
1067,0.743871813557323,1.9577714077228985,14.4346,-0.5565,-5.7513,8.1267,-1.1613438947,-0.4943296835,-6.4411,20.8218,0.0539,-4.1657,18.5463,0.0539
1068,0.7438543611508858,1.958771255418055,14.3958,-0.5535,-5.7317,8.1106,-1.1613439664,-0.4943296835,-6.4298,20.7692,0.0564,-4.1544,18.4938,0.0564
1069,0.7438369087444485,1.959771103113212,14.3572,-0.5505,-5.7121,8.0945,-1.1613440377,-0.4943296835,-6.4185,20.7168,0.0589,-4.1432,18.4415,0.0589
1070,0.7438369087444485,1.960771103113212,14.3186,-0.5476,-5.6928,8.0782,-1.1613440377,-0.4943296835,-6.4072,20.6644,0.0614,-4.1320,18.3892,0.0614
1071,0.7438194563380113,1.961770950808368,14.2802,-0.5446,-5.6734,8.0622,-1.1613441086,-0.4943296835,-6.3959,20.6123,0.0639,-4.1208,18.3372,0.0639
1072,0.743802003931574,1.9627707985035243,14.2419,-0.5417,-5.6540,8.0462,-1.1613441791,-0.4943296835,-6.3847,20.5602,0.0663,-4.1097,18.2853,0.0663
1073,0.743802003931574,1.963770798503524,14.2036,-0.5388,-5.6348,8.0300,-1.1613441791,-0.4943296835,-6.3734,20.5082,0.0687,-4.0986,18.2335,0.0687
1074,0.7437845515251368,1.9647706461986807,14.1655,-0.5358,-5.6156,8.0141,-1.1613442492,-0.4943296835,-6.3621,20.4564,0.0712,-4.0875,18.1818,0.0712
1075,0.7437670991186995,1.9657704938938367,14.1275,-0.5329,-5.5964,7.9981,-1.1613443189,-0.4943296835,-6.3509,20.4048,0.0736,-4.0765,18.1304,0.0736
1076,0.7437670991186995,1.966770493893837,14.0895,-0.5301,-5.5774,7.9820,-1.1613443189,-0.4943296835,-6.3397,20.3532,0.0760,-4.0655,18.0790,0.0760
1077,0.7437496467122623,1.9677703415889936,14.0517,-0.5272,-5.5583,7.9662,-1.1613443882,-0.4943296835,-6.3285,20.3018,0.0784,-4.0545,18.0278,0.0784
1078,0.7437496467122623,1.9687703415889928,14.0140,-0.5244,-5.5394,7.9501,-1.1613443882,-0.4943296835,-6.3172,20.2504,0.0808,-4.0435,17.9767,0.0808
1079,0.743732194305825,1.96977018928415,13.9763,-0.5215,-5.5205,7.9343,-1.1613444571,-0.4943296835,-6.3060,20.1992,0.0831,-4.0326,17.9258,0.0831
1080,0.7437147418993878,1.9707700369793064,13.9388,-0.5187,-5.5016,7.9185,-1.1613445255,-0.4943296835,-6.2949,20.1482,0.0855,-4.0217,17.8750,0.0855
1081,0.7437147418993878,1.9717700369793063,13.9014,-0.5159,-5.4829,7.9026,-1.1613445255,-0.4943296835,-6.2837,20.0972,0.0878,-4.0108,17.8243,0.0878
1082,0.7436972894929506,1.9727698846744628,13.8641,-0.5131,-5.4642,7.8869,-1.1613445936,-0.4943296835,-6.2725,20.0464,0.0902,-3.9999,17.7739,0.0902
1083,0.7436972894929506,1.973769884674463,13.8268,-0.5103,-5.4456,7.8710,-1.1613445936,-0.4943296835,-6.2613,19.9957,0.0925,-3.9891,17.7235,0.0925
1084,0.7436798370865133,1.9747697323696192,13.7897,-0.5075,-5.4269,7.8553,-1.1613446613,-0.4943296835,-6.2502,19.9451,0.0948,-3.9783,17.6733,0.0948
1085,0.7436623846800761,1.975769580064776,13.7527,-0.5048,-5.4083,7.8397,-1.1613447286,-0.4943296835,-6.2391,19.8947,0.0971,-3.9676,17.6232,0.0971
1086,0.7436623846800761,1.9767695800647755,13.7158,-0.5020,-5.3899,7.8239,-1.1613447286,-0.4943296835,-6.2279,19.8443,0.0994,-3.9568,17.5732,0.0994
1087,0.7436449322736388,1.977769427759932,13.6790,-0.4993,-5.3714,7.8083,-1.1613447954,-0.4943296835,-6.2168,19.7941,0.1017,-3.9461,17.5234,0.1017
1088,0.7436274798672016,1.9787692754550883,13.6423,-0.4966,-5.3530,7.7927,-1.1613448619,-0.4943296835,-6.2057,19.7441,0.1040,-3.9354,17.4737,0.1040
1089,0.7436274798672016,1.9797692754550884,13.6056,-0.4939,-5.3348,7.7770,-1.1613448619,-0.4943296835,-6.1946,19.6941,0.1062,-3.9248,17.4242,0.1062
1090,0.7436100274607643,1.980769123150245,13.5691,-0.4912,-5.3165,7.7615,-1.1613449280,-0.4943296835,-6.1836,19.6443,0.1085,-3.9141,17.3748,0.1085
1091,0.7436100274607643,1.9817691231502448,13.5327,-0.4885,-5.2984,7.7458,-1.1613449280,-0.4943296835,-6.1725,19.5945,0.1107,-3.9035,17.3255,0.1107
1092,0.7435925750543271,1.9827689708454013,13.4964,-0.4858,-5.2802,7.7303,-1.1613449936,-0.4943296835,-6.1615,19.5449,0.1129,-3.8930,17.2764,0.1129
1093,0.7435925750543271,1.9837689708454007,13.4601,-0.4832,-5.2622,7.7147,-1.1613449936,-0.4943296835,-6.1504,19.4954,0.1151,-3.8824,17.2274,0.1151
1094,0.7435751226478898,1.9847688185405576,13.4240,-0.4805,-5.2441,7.6993,-1.1613450589,-0.4943296835,-6.1394,19.4461,0.1173,-3.8719,17.1786,0.1173
1095,0.7435751226478898,1.985768818540557,13.3880,-0.4779,-5.2262,7.6838,-1.1613450589,-0.4943296835,-6.1283,19.3968,0.1195,-3.8614,17.1298,0.1195
1096,0.7435576702414526,1.986768666235714,13.3520,-0.4753,-5.2083,7.6684,-1.1613451237,-0.4943296835,-6.1173,19.3477,0.1217,-3.8509,17.0813,0.1217
1097,0.7435402178350153,1.9877685139308705,13.3162,-0.4727,-5.1904,7.6531,-1.1613451882,-0.4943296835,-6.1064,19.2987,0.1239,-3.8405,17.0328,0.1239
1098,0.7435402178350153,1.9887685139308704,13.2805,-0.4701,-5.1727,7.6376,-1.1613451882,-0.4943296835,-6.0954,19.2498,0.1260,-3.8301,16.9845,0.1260
1099,0.7435227654285781,1.9897683616260269,13.2448,-0.4676,-5.1549,7.6224,-1.1613452522,-0.4943296835,-6.0844,19.2011,0.1282,-3.8197,16.9363,0.1282
1100,0.7435227654285781,1.9907683616260268,13.2093,-0.4650,-5.1373,7.6070,-1.1613452522,-0.4943296835,-6.0734,19.1524,0.1303,-3.8093,16.8883,0.1303
1101,0.7435053130221408,1.991768209321184,13.1738,-0.4625,-5.1196,7.5918,-1.1613453159,-0.4943296835,-6.0625,19.1039,0.1324,-3.7990,16.8404,0.1324
1102,0.7435053130221408,1.9927682093211831,13.1384,-0.4599,-5.1021,7.5764,-1.1613453159,-0.4943296835,-6.0515,19.0554,0.1345,-3.7887,16.7926,0.1345
1103,0.7434878606157036,1.99376805701634,13.1032,-0.4574,-5.0845,7.5612,-1.1613453791,-0.4943296835,-6.0406,19.0072,0.1367,-3.7784,16.7449,0.1367
1104,0.7434704082092664,1.994767904711496,13.0680,-0.4549,-5.0670,7.5461,-1.1613454420,-0.4943296835,-6.0297,18.9590,0.1387,-3.7681,16.6974,0.1387
1105,0.7434704082092664,1.995767904711496,13.0329,-0.4524,-5.0497,7.5308,-1.1613454420,-0.4943296835,-6.0188,18.9109,0.1408,-3.7579,16.6500,0.1408
1106,0.7434529558028291,1.9967677524066525,12.9980,-0.4499,-5.0323,7.5158,-1.1613455044,-0.4943296835,-6.0079,18.8630,0.1429,-3.7477,16.6028,0.1429
1107,0.7434529558028291,1.9977677524066524,12.9631,-0.4474,-5.0151,7.5005,-1.1613455044,-0.4943296835,-5.9970,18.8151,0.1450,-3.7375,16.5556,0.1450
1108,0.7434355033963919,1.9987676001018089,12.9283,-0.4450,-4.9978,7.4855,-1.1613455664,-0.4943296835,-5.9862,18.7675,0.1470,-3.7274,16.5087,0.1470
1109,0.7434355033963919,1.9997676001018088,12.8936,-0.4425,-4.9807,7.4704,-1.1613455664,-0.4943296835,-5.9753,18.7198,0.1491,-3.7173,16.4618,0.1491
1110,0.7434180509899546,2.000767447796965,12.8590,-0.4401,-4.9635,7.4554,-1.1613456281,-0.4943296835,-5.9645,18.6724,0.1511,-3.7072,16.4151,0.1511
1111,0.7434005985835174,2.001767295492121,12.8245,-0.4377,-4.9464,7.4404,-1.1613456893,-0.4943296835,-5.9537,18.6250,0.1531,-3.6971,16.3685,0.1531
1112,0.7434005985835174,2.0027672954921214,12.7901,-0.4353,-4.9294,7.4254,-1.1613456893,-0.4943296835,-5.9428,18.5778,0.1551,-3.6870,16.3220,0.1551
1113,0.7433831461770801,2.003767143187278,12.7558,-0.4329,-4.9124,7.4105,-1.1613457501,-0.4943296835,-5.9320,18.5307,0.1571,-3.6770,16.2756,0.1571
1114,0.7433831461770801,2.004767143187278,12.7215,-0.4305,-4.8956,7.3955,-1.1613457501,-0.4943296835,-5.9212,18.4836,0.1591,-3.6670,16.2294,0.1591
1115,0.7433656937706429,2.0057669908824343,12.6874,-0.4281,-4.8787,7.3806,-1.1613458105,-0.4943296835,-5.9105,18.4367,0.1611,-3.6571,16.1833,0.1611
1116,0.7433656937706429,2.006766990882434,12.6533,-0.4257,-4.8620,7.3656,-1.1613458105,-0.4943296835,-5.8997,18.3899,0.1631,-3.6471,16.1374,0.1631
1117,0.7433482413642056,2.00776683857759,12.6194,-0.4234,-4.8452,7.3509,-1.1613458706,-0.4943296835,-5.8889,18.3433,0.1651,-3.6372,16.0915,0.1651
1118,0.7433482413642056,2.0087668385775905,12.5855,-0.4210,-4.8285,7.3359,-1.1613458706,-0.4943296835,-5.8782,18.2967,0.1670,-3.6273,16.0458,0.1670
1119,0.7433307889577684,2.009766686272747,12.5518,-0.4187,-4.8118,7.3212,-1.1613459302,-0.4943296835,-5.8674,18.2503,0.1689,-3.6174,16.0003,0.1689
1120,0.7433307889577684,2.010766686272747,12.5181,-0.4164,-4.7953,7.3064,-1.1613459302,-0.4943296835,-5.8567,18.2039,0.1709,-3.6076,15.9548,0.1709
1121,0.7433133365513311,2.0117665339679034,12.4845,-0.4141,-4.7787,7.2917,-1.1613459894,-0.4943296835,-5.8460,18.1577,0.1728,-3.5978,15.9095,0.1728
1122,0.7433133365513311,2.012766533967904,12.4510,-0.4118,-4.7623,7.2769,-1.1613459894,-0.4943296835,-5.8353,18.1116,0.1747,-3.5880,15.8643,0.1747
1123,0.7432958841448939,2.01376638166306,12.4176,-0.4095,-4.7458,7.2622,-1.1613460482,-0.4943296835,-5.8246,18.0656,0.1766,-3.5782,15.8192,0.1766
1124,0.7432958841448939,2.01476638166306,12.3843,-0.4072,-4.7295,7.2475,-1.1613460482,-0.4943296835,-5.8139,18.0197,0.1785,-3.5685,15.7742,0.1785
1125,0.7432784317384566,2.015766229358216,12.3511,-0.4050,-4.7131,7.2329,-1.1613461066,-0.4943296835,-5.8033,17.9740,0.1804,-3.5588,15.7294,0.1804
1126,0.7432784317384566,2.016766229358216,12.3179,-0.4027,-4.6969,7.2182,-1.1613461066,-0.4943296835,-5.7926,17.9283,0.1823,-3.5491,15.6847,0.1823
1127,0.7432609793320194,2.0177660770533725,12.2849,-0.4005,-4.6807,7.2037,-1.1613461646,-0.4943296835,-5.7820,17.8827,0.1841,-3.5394,15.6401,0.1841
1128,0.7432435269255822,2.018765924748529,12.2519,-0.3983,-4.6645,7.1892,-1.1613462222,-0.4943296835,-5.7714,17.8373,0.1860,-3.5298,15.5957,0.1860
1129,0.7432435269255822,2.019765924748529,12.2190,-0.3960,-4.6484,7.1746,-1.1613462222,-0.4943296835,-5.7608,17.7920,0.1879,-3.5202,15.5514,0.1879
1130,0.7432260745191449,2.0207657724436854,12.1863,-0.3938,-4.6323,7.1602,-1.1613462794,-0.4943296835,-5.7502,17.7468,0.1897,-3.5106,15.5072,0.1897
1131,0.7432260745191449,2.0217657724436853,12.1536,-0.3916,-4.6163,7.1456,-1.1613462794,-0.4943296835,-5.7396,17.7017,0.1915,-3.5010,15.4631,0.1915
1132,0.7432086221127077,2.0227656201388418,12.1210,-0.3895,-4.6003,7.1312,-1.1613463362,-0.4943296835,-5.7290,17.6567,0.1933,-3.4915,15.4191,0.1933
1133,0.7432086221127077,2.0237656201388416,12.0885,-0.3873,-4.5845,7.1167,-1.1613463362,-0.4943296835,-5.7185,17.6118,0.1951,-3.4820,15.3753,0.1951
1134,0.7431911697062704,2.024765467833998,12.0560,-0.3851,-4.5686,7.1024,-1.1613463926,-0.4943296835,-5.7079,17.5670,0.1969,-3.4725,15.3316,0.1969
1135,0.7431911697062704,2.025765467833998,12.0237,-0.3830,-4.5528,7.0879,-1.1613463926,-0.4943296835,-5.6974,17.5223,0.1987,-3.4630,15.2880,0.1987
1136,0.7431737172998332,2.0267653155291545,11.9914,-0.3808,-4.5370,7.0736,-1.1613464486,-0.4943296835,-5.6869,17.4778,0.2005,-3.4536,15.2445,0.2005
1137,0.7431737172998332,2.0277653155291544,11.9593,-0.3787,-4.5214,7.0592,-1.1613464486,-0.4943296835,-5.6764,17.4333,0.2023,-3.4441,15.2011,0.2023
1138,0.7431562648933959,2.028765163224311,11.9272,-0.3766,-4.5056,7.0450,-1.1613465041,-0.4943296835,-5.6659,17.3890,0.2041,-3.4348,15.1579,0.2041
1139,0.7431562648933959,2.0297651632243108,11.8952,-0.3745,-4.4901,7.0306,-1.1613465041,-0.4943296835,-5.6554,17.3448,0.2058,-3.4254,15.1148,0.2058
1140,0.7431388124869587,2.030765010919468,11.8633,-0.3724,-4.4745,7.0164,-1.1613465593,-0.4943296835,-5.6449,17.3007,0.2076,-3.4160,15.0718,0.2076
1141,0.7431388124869587,2.031765010919467,11.8315,-0.3703,-4.4590,7.0021,-1.1613465593,-0.4943296835,-5.6344,17.2566,0.2093,-3.4067,15.0289,0.2093
1142,0.7431213600805214,2.032764858614624,11.7997,-0.3682,-4.4435,6.9880,-1.1613466141,-0.4943296835,-5.6240,17.2127,0.2110,-3.3974,14.9862,0.2110
1143,0.7431213600805214,2.0337648586146235,11.7681,-0.3661,-4.4282,6.9738,-1.1613466141,-0.4943296835,-5.6136,17.1689,0.2127,-3.3882,14.9435,0.2127
1144,0.7431039076740842,2.03476470630978,11.7365,-0.3641,-4.4128,6.9597,-1.1613466685,-0.4943296835,-5.6032,17.1253,0.2144,-3.3789,14.9010,0.2144
1145,0.7431039076740842,2.03576470630978,11.7050,-0.3620,-4.3975,6.9455,-1.1613466685,-0.4943296835,-5.5927,17.0816,0.2161,-3.3697,14.8586,0.2161
1146,0.7430864552676469,2.0367645540049364,11.6737,-0.3600,-4.3822,6.9315,-1.1613467224,-0.4943296835,-5.5823,17.0382,0.2178,-3.3605,14.8163,0.2178
1147,0.7430864552676469,2.0377645540049363,11.6423,-0.3580,-4.3671,6.9173,-1.1613467224,-0.4943296835,-5.5720,16.9948,0.2195,-3.3513,14.7742,0.2195
1148,0.7430864552676469,2.038764554004936,11.6111,-0.3560,-4.3519,6.9032,-1.1613467224,-0.4943296835,-5.5616,16.9515,0.2212,-3.3422,14.7321,0.2212
1149,0.7430690028612097,2.0397644017000927,11.5800,-0.3539,-4.3368,6.8892,-1.1613467760,-0.4943296835,-5.5512,16.9084,0.2228,-3.3330,14.6902,0.2228
1150,0.7430515504547724,2.040764249395249,11.5489,-0.3519,-4.3217,6.8753,-1.1613468291,-0.4943296835,-5.5409,16.8653,0.2245,-3.3239,14.6484,0.2245
1151,0.7430515504547724,2.041764249395249,11.5179,-0.3500,-4.3067,6.8613,-1.1613468291,-0.4943296835,-5.5305,16.8224,0.2261,-3.3148,14.6067,0.2261
1152,0.7430340980483352,2.042764097090405,11.4871,-0.3480,-4.2917,6.8474,-1.1613468819,-0.4943296835,-5.5202,16.7796,0.2278,-3.3058,14.5651,0.2278
1153,0.7430340980483352,2.0437640970904054,11.4562,-0.3460,-4.2768,6.8334,-1.1613468819,-0.4943296836,-5.5099,16.7368,0.2294,-3.2968,14.5236,0.2294
1154,0.743016645641898,2.044763944785562,11.4255,-0.3440,-4.2619,6.8196,-1.1613469342,-0.4943296836,-5.4996,16.6942,0.2310,-3.2877,14.4823,0.2310
1155,0.743016645641898,2.045763944785562,11.3949,-0.3421,-4.2471,6.8056,-1.1613469342,-0.4943296836,-5.4894,16.6516,0.2326,-3.2788,14.4410,0.2326
1156,0.743016645641898,2.0467639447855617,11.3643,-0.3402,-4.2324,6.7917,-1.1613469342,-0.4943296836,-5.4791,16.6092,0.2342,-3.2698,14.3999,0.2342
1157,0.7429991932354607,2.047763792480718,11.3338,-0.3382,-4.2176,6.7780,-1.1613469862,-0.4943296836,-5.4688,16.5669,0.2358,-3.2609,14.3589,0.2358
1158,0.7429991932354607,2.048763792480718,11.3034,-0.3363,-4.2030,6.7641,-1.1613469862,-0.4943296836,-5.4586,16.5247,0.2374,-3.2519,14.3180,0.2374
1159,0.7429817408290235,2.0497636401758745,11.2731,-0.3344,-4.1883,6.7504,-1.1613470377,-0.4943296836,-5.4484,16.4826,0.2389,-3.2430,14.2773,0.2389
1160,0.7429817408290235,2.0507636401758744,11.2429,-0.3325,-4.1738,6.7366,-1.1613470377,-0.4943296836,-5.4381,16.4405,0.2405,-3.2342,14.2366,0.2405
1161,0.7429642884225862,2.051763487871031,11.2127,-0.3306,-4.1592,6.7230,-1.1613470889,-0.4943296836,-5.4279,16.3986,0.2420,-3.2253,14.1960,0.2420
1162,0.7429642884225862,2.052763487871031,11.1827,-0.3287,-4.1447,6.7092,-1.1613470889,-0.4943296836,-5.4177,16.3568,0.2436,-3.2165,14.1556,0.2436
1163,0.742946836016149,2.053763335566188,11.1527,-0.3269,-4.1302,6.6956,-1.1613471396,-0.4943296836,-5.4076,16.3151,0.2451,-3.2077,14.1153,0.2451
1164,0.742946836016149,2.054763335566187,11.1228,-0.3250,-4.1159,6.6819,-1.1613471396,-0.4943296836,-5.3974,16.2735,0.2466,-3.1989,14.0751,0.2466
1165,0.742946836016149,2.055763335566187,11.0929,-0.3232,-4.1016,6.6682,-1.1613471396,-0.4943296836,-5.3872,16.2320,0.2482,-3.1902,14.0349,0.2482
1166,0.7429293836097117,2.056763183261344,11.0632,-0.3213,-4.0872,6.6547,-1.1613471899,-0.4943296836,-5.3771,16.1906,0.2497,-3.1814,13.9950,0.2497
1167,0.7429293836097117,2.0577631832613434,11.0335,-0.3195,-4.0730,6.6410,-1.1613471899,-0.4943296836,-5.3670,16.1493,0.2512,-3.1727,13.9551,0.2512
1168,0.7429119312032745,2.0587630309565,11.0039,-0.3176,-4.0587,6.6275,-1.1613472398,-0.4943296836,-5.3569,16.1082,0.2526,-3.1640,13.9153,0.2526
1169,0.7429119312032745,2.0597630309565,10.9744,-0.3158,-4.0446,6.6139,-1.1613472398,-0.4943296836,-5.3468,16.0670,0.2541,-3.1554,13.8757,0.2541
1170,0.7428944787968372,2.0607628786516563,10.9450,-0.3140,-4.0305,6.6005,-1.1613472894,-0.4943296836,-5.3367,16.0261,0.2556,-3.1467,13.8361,0.2556
1171,0.7428944787968372,2.061762878651656,10.9156,-0.3122,-4.0164,6.5870,-1.1613472894,-0.4943296836,-5.3266,15.9852,0.2570,-3.1381,13.7967,0.2570
1172,0.7428770263904,2.0627627263468127,10.8863,-0.3104,-4.0023,6.5736,-1.1613473385,-0.4943296836,-5.3166,15.9444,0.2585,-3.1295,13.7574,0.2585
1173,0.7428770263904,2.063762726346813,10.8571,-0.3086,-3.9884,6.5601,-1.1613473385,-0.4943296836,-5.3065,15.9037,0.2599,-3.1210,13.7181,0.2599
1174,0.7428595739839627,2.064762574041969,10.8280,-0.3069,-3.9744,6.5468,-1.1613473872,-0.4943296836,-5.2965,15.8631,0.2614,-3.1124,13.6790,0.2614
1175,0.7428595739839627,2.065762574041969,10.7990,-0.3051,-3.9605,6.5333,-1.1613473872,-0.4943296836,-5.2865,15.8226,0.2628,-3.1039,13.6400,0.2628
1176,0.7428421215775255,2.066762421737125,10.7700,-0.3033,-3.9466,6.5200,-1.1613474355,-0.4943296836,-5.2765,15.7823,0.2642,-3.0954,13.6012,0.2642
1177,0.7428421215775255,2.0677624217371253,10.7411,-0.3016,-3.9329,6.5066,-1.1613474355,-0.4943296836,-5.2665,15.7420,0.2656,-3.0869,13.5624,0.2656
1178,0.7428421215775255,2.068762421737125,10.7123,-0.2999,-3.9192,6.4933,-1.1613474355,-0.4943296836,-5.2565,15.7017,0.2670,-3.0784,13.5237,0.2670
1179,0.7428246691710882,2.0697622694322817,10.6836,-0.2981,-3.9054,6.4800,-1.1613474834,-0.4943296836,-5.2465,15.6617,0.2684,-3.0700,13.4851,0.2684
1180,0.7428246691710882,2.0707622694322816,10.6549,-0.2964,-3.8918,6.4667,-1.1613474834,-0.4943296836,-5.2365,15.6217,0.2698,-3.0616,13.4467,0.2698
1181,0.742807216764651,2.071762117127438,10.6263,-0.2947,-3.8781,6.4535,-1.1613475309,-0.4943296836,-5.2266,15.5818,0.2711,-3.0532,13.4083,0.2711
1182,0.742807216764651,2.072762117127438,10.5978,-0.2930,-3.8645,6.4403,-1.1613475309,-0.4943296836,-5.2167,15.5420,0.2725,-3.0448,13.3701,0.2725
1183,0.7427897643582138,2.0737619648225945,10.5694,-0.2913,-3.8509,6.4271,-1.1613475780,-0.4943296836,-5.2068,15.5023,0.2739,-3.0364,13.3320,0.2739
1184,0.7427897643582138,2.0747619648225943,10.5410,-0.2896,-3.8375,6.4139,-1.1613475780,-0.4943296836,-5.1969,15.4627,0.2752,-3.0281,13.2939,0.2752
1185,0.7427897643582138,2.0757619648225942,10.5127,-0.2880,-3.8241,6.4007,-1.1613475780,-0.4943296836,-5.1870,15.4232,0.2765,-3.0198,13.2560,0.2765
1186,0.7427723119517765,2.0767618125177507,10.4845,-0.2863,-3.8106,6.3876,-1.1613476246,-0.4943296836,-5.1771,15.3838,0.2779,-3.0115,13.2182,0.2779
1187,0.7427723119517765,2.0777618125177506,10.4564,-0.2846,-3.7973,6.3745,-1.1613476246,-0.4943296836,-5.1672,15.3445,0.2792,-3.0032,13.1805,0.2792
1188,0.7427548595453393,2.078761660212907,10.4284,-0.2830,-3.7839,6.3615,-1.1613476709,-0.4943296836,-5.1574,15.3053,0.2805,-2.9950,13.1429,0.2805
1189,0.7427548595453393,2.079761660212907,10.4004,-0.2814,-3.7706,6.3484,-1.1613476709,-0.4943296836,-5.1476,15.2661,0.2818,-2.9868,13.1054,0.2818
1190,0.7427548595453393,2.080761660212907,10.3725,-0.2797,-3.7574,6.3353,-1.1613476709,-0.4943296836,-5.1377,15.2271,0.2831,-2.9786,13.0680,0.2831
1191,0.742737407138902,2.081761507908064,10.3446,-0.2781,-3.7442,6.3223,-1.1613477168,-0.4943296836,-5.1279,15.1882,0.2843,-2.9704,13.0307,0.2843
1192,0.742737407138902,2.0827615079080632,10.3169,-0.2765,-3.7311,6.3093,-1.1613477168,-0.4943296836,-5.1181,15.1494,0.2856,-2.9622,12.9935,0.2856
1193,0.7427199547324648,2.08376135560322,10.2892,-0.2749,-3.7179,6.2964,-1.1613477623,-0.4943296836,-5.1084,15.1107,0.2869,-2.9541,12.9564,0.2869
1194,0.7427199547324648,2.08476135560322,10.2616,-0.2733,-3.7049,6.2834,-1.1613477623,-0.4943296836,-5.0986,15.0720,0.2881,-2.9460,12.9194,0.2881
1195,0.7427025023260275,2.085761203298376,10.2340,-0.2717,-3.6918,6.2705,-1.1613478073,-0.4943296836,-5.0888,15.0335,0.2894,-2.9379,12.8826,0.2894
1196,0.7427025023260275,2.086761203298376,10.2066,-0.2701,-3.6789,6.2576,-1.1613478073,-0.4943296836,-5.0791,14.9950,0.2906,-2.9298,12.8458,0.2906
1197,0.7427025023260275,2.087761203298376,10.1792,-0.2686,-3.6659,6.2447,-1.1613478073,-0.4943296836,-5.0693,14.9567,0.2918,-2.9218,12.8091,0.2918
1198,0.7426850499195903,2.0887610509935324,10.1519,-0.2670,-3.6530,6.2319,-1.1613478520,-0.4943296836,-5.0596,14.9184,0.2930,-2.9138,12.7726,0.2930
1199,0.7426850499195903,2.0897610509935323,10.1246,-0.2654,-3.6402,6.2190,-1.1613478520,-0.4943296836,-5.0499,14.8803,0.2943,-2.9057,12.7361,0.2943
1200,0.742667597513153,2.0907608986886888,10.0974,-0.2639,-3.6273,6.2063,-1.1613478962,-0.4943296836,-5.0402,14.8422,0.2955,-2.8978,12.6997,0.2955
1201,0.742667597513153,2.0917608986886886,10.0703,-0.2624,-3.6145,6.1934,-1.1613478962,-0.4943296836,-5.0305,14.8042,0.2966,-2.8898,12.6634,0.2966
1202,0.742667597513153,2.0927608986886885,10.0433,-0.2608,-3.6019,6.1806,-1.1613478962,-0.4943296836,-5.0209,14.7663,0.2978,-2.8818,12.6273,0.2978
1203,0.7426501451067158,2.093760746383845,10.0163,-0.2593,-3.5891,6.1679,-1.1613479401,-0.4943296836,-5.0113,14.7286,0.2990,-2.8739,12.5912,0.2990
1204,0.7426501451067158,2.094760746383845,9.9894,-0.2578,-3.5765,6.1552,-1.1613479401,-0.4943296836,-5.0016,14.6909,0.3002,-2.8660,12.5553,0.3002
1205,0.7426326927002785,2.0957605940790014,9.9626,-0.2563,-3.5638,6.1425,-1.1613479835,-0.4943296836,-4.9920,14.6533,0.3013,-2.8581,12.5194,0.3013
1206,0.7426326927002785,2.0967605940790013,9.9359,-0.2548,-3.5513,6.1298,-1.1613479835,-0.4943296836,-4.9824,14.6158,0.3025,-2.8503,12.4837,0.3025
1207,0.7426326927002785,2.097760594079001,9.9092,-0.2533,-3.5388,6.1171,-1.1613479835,-0.4943296836,-4.9728,14.5784,0.3036,-2.8424,12.4480,0.3036
1208,0.7426152402938413,2.0987604417741577,9.8826,-0.2518,-3.5263,6.1045,-1.1613480266,-0.4943296836,-4.9632,14.5411,0.3047,-2.8346,12.4125,0.3047
1209,0.7426152402938413,2.099760441774157,9.8560,-0.2503,-3.5138,6.0919,-1.1613480266,-0.4943296836,-4.9536,14.5038,0.3059,-2.8268,12.3770,0.3059
1210,0.742597787887404,2.100760289469314,9.8296,-0.2489,-3.5014,6.0794,-1.1613480692,-0.4943296836,-4.9441,14.4667,0.3070,-2.8190,12.3416,0.3070
1211,0.742597787887404,2.101760289469314,9.8032,-0.2474,-3.4890,6.0667,-1.1613480692,-0.4943296836,-4.9345,14.4296,0.3081,-2.8113,12.3064,0.3081
1212,0.7425803354809668,2.1027601371644704,9.7769,-0.2460,-3.4767,6.0543,-1.1613481114,-0.4943296836,-4.9250,14.3927,0.3092,-2.8035,12.2712,0.3092
1213,0.7425803354809668,2.1037601371644703,9.7506,-0.2445,-3.4644,6.0417,-1.1613481114,-0.4943296836,-4.9155,14.3558,0.3103,-2.7958,12.2361,0.3103
1214,0.7425803354809668,2.10476013716447,9.7244,-0.2431,-3.4522,6.0291,-1.1613481114,-0.4943296836,-4.9060,14.3191,0.3113,-2.7881,12.2012,0.3113
1215,0.7425628830745296,2.1057599848596267,9.6983,-0.2417,-3.4399,6.0167,-1.1613481533,-0.4943296836,-4.8965,14.2824,0.3124,-2.7804,12.1663,0.3124
1216,0.7425628830745296,2.1067599848596266,9.6723,-0.2402,-3.4278,6.0042,-1.1613481533,-0.4943296836,-4.8870,14.2458,0.3135,-2.7728,12.1315,0.3135
1217,0.7425628830745296,2.1077599848596265,9.6463,-0.2388,-3.4157,5.9917,-1.1613481533,-0.4943296836,-4.8776,14.2093,0.3145,-2.7651,12.0969,0.3145
1218,0.7425454306680923,2.108759832554783,9.6204,-0.2374,-3.4036,5.9794,-1.1613481947,-0.4943296836,-4.8681,14.1729,0.3156,-2.7575,12.0623,0.3156
1219,0.7425454306680923,2.109759832554783,9.5945,-0.2360,-3.3915,5.9669,-1.1613481947,-0.4943296836,-4.8587,14.1366,0.3166,-2.7499,12.0278,0.3166
1220,0.7425454306680923,2.1107598325547827,9.5687,-0.2346,-3.3796,5.9545,-1.1613481947,-0.4943296836,-4.8492,14.1003,0.3176,-2.7423,11.9934,0.3176
1221,0.7425279782616551,2.111759680249939,9.5430,-0.2333,-3.3675,5.9422,-1.1613482357,-0.4943296836,-4.8398,14.0642,0.3186,-2.7348,11.9592,0.3186
1222,0.7425279782616551,2.112759680249939,9.5174,-0.2319,-3.3556,5.9299,-1.1613482357,-0.4943296836,-4.8304,14.0282,0.3197,-2.7272,11.9250,0.3197
1223,0.7425105258552178,2.113759527945096,9.4918,-0.2305,-3.3437,5.9176,-1.1613482763,-0.4943296836,-4.8211,13.9922,0.3207,-2.7197,11.8909,0.3207
1224,0.7425105258552178,2.1147595279450955,9.4663,-0.2292,-3.3319,5.9053,-1.1613482763,-0.4943296836,-4.8117,13.9564,0.3216,-2.7122,11.8569,0.3216
1225,0.7425105258552178,2.115759527945096,9.4409,-0.2278,-3.3201,5.8930,-1.1613482763,-0.4943296836,-4.8023,13.9206,0.3226,-2.7047,11.8230,0.3226
1226,0.7424930734487806,2.116759375640252,9.4155,-0.2265,-3.3083,5.8808,-1.1613483165,-0.4943296836,-4.7930,13.8849,0.3236,-2.6973,11.7892,0.3236
1227,0.7424930734487806,2.117759375640252,9.3902,-0.2251,-3.2965,5.8685,-1.1613483165,-0.4943296836,-4.7837,13.8493,0.3246,-2.6898,11.7555,0.3246
1228,0.7424756210423433,2.118759223335408,9.3650,-0.2238,-3.2848,5.8564,-1.1613483563,-0.4943296836,-4.7744,13.8138,0.3255,-2.6824,11.7218,0.3255
1229,0.7424756210423433,2.119759223335408,9.3398,-0.2225,-3.2732,5.8442,-1.1613483563,-0.4943296836,-4.7651,13.7784,0.3265,-2.6750,11.6883,0.3265
1230,0.7424756210423433,2.120759223335408,9.3147,-0.2212,-3.2616,5.8320,-1.1613483563,-0.4943296836,-4.7558,13.7430,0.3274,-2.6676,11.6549,0.3274
1231,0.7424581686359061,2.1217590710305645,9.2896,-0.2198,-3.2499,5.8199,-1.1613483957,-0.4943296836,-4.7465,13.7078,0.3284,-2.6603,11.6216,0.3284
1232,0.7424581686359061,2.1227590710305644,9.2647,-0.2185,-3.2384,5.8077,-1.1613483957,-0.4943296836,-4.7372,13.6726,0.3293,-2.6529,11.5883,0.3293
1233,0.7424581686359061,2.1237590710305643,9.2398,-0.2172,-3.2269,5.7956,-1.1613483957,-0.4943296836,-4.7280,13.6375,0.3302,-2.6456,11.5552,0.3302
1234,0.7424407162294688,2.1247589187257208,9.2149,-0.2160,-3.2154,5.7836,-1.1613484347,-0.4943296836,-4.7188,13.6026,0.3311,-2.6383,11.5221,0.3311
1235,0.7424407162294688,2.1257589187257206,9.1901,-0.2147,-3.2040,5.7715,-1.1613484347,-0.4943296836,-4.7095,13.5677,0.3320,-2.6310,11.4891,0.3320
1236,0.7424232638230316,2.126758766420877,9.1654,-0.2134,-3.1926,5.7595,-1.1613484733,-0.4943296836,-4.7003,13.5329,0.3329,-2.6238,11.4563,0.3329
1237,0.7424232638230316,2.127758766420877,9.1408,-0.2121,-3.1812,5.7474,-1.1613484733,-0.4943296836,-4.6911,13.4981,0.3338,-2.6165,11.4235,0.3338
1238,0.7424232638230316,2.128758766420877,9.1162,-0.2109,-3.1699,5.7354,-1.1613484733,-0.4943296836,-4.6820,13.4635,0.3347,-2.6093,11.3908,0.3347
1239,0.7424058114165943,2.1297586141160334,9.0917,-0.2096,-3.1586,5.7235,-1.1613485114,-0.4943296836,-4.6728,13.4289,0.3356,-2.6021,11.3582,0.3356
1240,0.7424058114165943,2.1307586141160333,9.0672,-0.2084,-3.1474,5.7115,-1.1613485114,-0.4943296836,-4.6636,13.3945,0.3364,-2.5949,11.3257,0.3364
1241,0.7424058114165943,2.131758614116033,9.0428,-0.2071,-3.1362,5.6995,-1.1613485114,-0.4943296836,-4.6545,13.3601,0.3373,-2.5877,11.2933,0.3373
1242,0.7423883590101571,2.1327584618111897,9.0185,-0.2059,-3.1250,5.6876,-1.1613485492,-0.4943296836,-4.6454,13.3258,0.3381,-2.5806,11.2610,0.3381
1243,0.7423883590101571,2.1337584618111896,8.9943,-0.2047,-3.1139,5.6757,-1.1613485492,-0.4943296836,-4.6363,13.2916,0.3390,-2.5734,11.2288,0.3390
1244,0.7423883590101571,2.134758461811189,8.9701,-0.2035,-3.1028,5.6638,-1.1613485492,-0.4943296836,-4.6272,13.2574,0.3398,-2.5663,11.1966,0.3398
1245,0.7423709066037198,2.135758309506346,8.9459,-0.2022,-3.0917,5.6520,-1.1613485866,-0.4943296836,-4.6181,13.2234,0.3406,-2.5592,11.1646,0.3406
1246,0.7423709066037198,2.136758309506346,8.9219,-0.2010,-3.0807,5.6401,-1.1613485866,-0.4943296836,-4.6090,13.1895,0.3414,-2.5522,11.1326,0.3414
1247,0.7423709066037198,2.1377583095063457,8.8979,-0.1998,-3.0697,5.6283,-1.1613485866,-0.4943296836,-4.5999,13.1556,0.3422,-2.5451,11.1007,0.3422
1248,0.7423534541972826,2.138758157201502,8.8739,-0.1986,-3.0587,5.6166,-1.1613486235,-0.4943296836,-4.5909,13.1218,0.3430,-2.5381,11.0690,0.3430
1249,0.7423534541972826,2.139758157201502,8.8501,-0.1975,-3.0478,5.6048,-1.1613486235,-0.4943296836,-4.5819,13.0881,0.3438,-2.5311,11.0373,0.3438
1250,0.7423534541972826,2.140758157201502,8.8262,-0.1963,-3.0370,5.5930,-1.1613486235,-0.4943296836,-4.5729,13.0545,0.3446,-2.5241,11.0057,0.3446
1251,0.7423360017908454,2.1417580048966585,8.8025,-0.1951,-3.0261,5.5813,-1.1613486601,-0.4943296836,-4.5639,13.0210,0.3454,-2.5171,10.9742,0.3454
1252,0.7423360017908454,2.1427580048966584,8.7788,-0.1939,-3.0153,5.5695,-1.1613486601,-0.4943296836,-4.5549,12.9875,0.3462,-2.5101,10.9427,0.3462
1253,0.7423185493844081,2.143757852591815,8.7552,-0.1928,-3.0045,5.5579,-1.1613486962,-0.4943296836,-4.5459,12.9541,0.3469,-2.5032,10.9114,0.3469
1254,0.7423185493844081,2.1447578525918147,8.7316,-0.1916,-2.9938,5.5462,-1.1613486962,-0.4943296836,-4.5369,12.9209,0.3477,-2.4962,10.8802,0.3477
1255,0.7423185493844081,2.1457578525918146,8.7081,-0.1905,-2.9831,5.5345,-1.1613486962,-0.4943296836,-4.5280,12.8876,0.3484,-2.4893,10.8490,0.3484
1256,0.7423185493844081,2.1467578525918145,8.6847,-0.1893,-2.9725,5.5229,-1.1613486962,-0.4943296836,-4.5190,12.8545,0.3492,-2.4824,10.8179,0.3492
1257,0.7423010969779709,2.147757700286971,8.6613,-0.1882,-2.9618,5.5113,-1.1613487319,-0.4943296836,-4.5101,12.8215,0.3499,-2.4756,10.7870,0.3499
1258,0.7423010969779709,2.148757700286971,8.6380,-0.1871,-2.9512,5.4997,-1.1613487319,-0.4943296836,-4.5012,12.7885,0.3506,-2.4687,10.7561,0.3506
1259,0.7422836445715336,2.149757547982128,8.6147,-0.1859,-2.9406,5.4882,-1.1613487673,-0.4943296836,-4.4923,12.7557,0.3514,-2.4619,10.7252,0.3514
1260,0.7422836445715336,2.150757547982128,8.5915,-0.1848,-2.9301,5.4766,-1.1613487673,-0.4943296836,-4.4834,12.7229,0.3521,-2.4551,10.6945,0.3521
1261,0.7422836445715336,2.151757547982127,8.5684,-0.1837,-2.9196,5.4650,-1.1613487673,-0.4943296836,-4.4745,12.6902,0.3528,-2.4483,10.6639,0.3528
1262,0.7422661921650964,2.152757395677284,8.5453,-0.1826,-2.9091,5.4536,-1.1613488022,-0.4943296836,-4.4657,12.6576,0.3535,-2.4415,10.6333,0.3535
1263,0.7422661921650964,2.1537573956772835,8.5223,-0.1815,-2.8988,5.4421,-1.1613488022,-0.4943296836,-4.4569,12.6250,0.3542,-2.4347,10.6029,0.3542
1264,0.7422661921650964,2.1547573956772834,8.4994,-0.1804,-2.8884,5.4306,-1.1613488022,-0.4943296836,-4.4480,12.5925,0.3548,-2.4280,10.5725,0.3548
1265,0.7422487397586591,2.15575724337244,8.4765,-0.1793,-2.8780,5.4192,-1.1613488367,-0.4943296836,-4.4392,12.5602,0.3555,-2.4212,10.5422,0.3555
1266,0.7422487397586591,2.15675724337244,8.4537,-0.1782,-2.8677,5.4077,-1.1613488367,-0.4943296836,-4.4304,12.5279,0.3562,-2.4145,10.5120,0.3562
1267,0.7422487397586591,2.15775724337244,8.4309,-0.1772,-2.8574,5.3963,-1.1613488367,-0.4943296836,-4.4216,12.4956,0.3569,-2.4079,10.4819,0.3569
1268,0.7422487397586591,2.15875724337244,8.4082,-0.1761,-2.8472,5.3848,-1.1613488367,-0.4943296836,-4.4128,12.4635,0.3575,-2.4012,10.4518,0.3575
1269,0.7422312873522219,2.159757091067596,8.3855,-0.1750,-2.8370,5.3735,-1.1613488708,-0.4943296836,-4.4041,12.4315,0.3582,-2.3945,10.4219,0.3582
1270,0.7422312873522219,2.160757091067596,8.3629,-0.1740,-2.8268,5.3622,-1.1613488708,-0.4943296836,-4.3953,12.3995,0.3588,-2.3879,10.3920,0.3588
1271,0.7422312873522219,2.161757091067596,8.3404,-0.1729,-2.8167,5.3508,-1.1613488708,-0.4943296836,-4.3866,12.3676,0.3594,-2.3813,10.3622,0.3594
1272,0.7422138349457846,2.1627569387627523,8.3180,-0.1719,-2.8065,5.3395,-1.1613489045,-0.4943296836,-4.3779,12.3358,0.3601,-2.3747,10.3325,0.3601
1273,0.7422138349457846,2.163756938762752,8.2955,-0.1708,-2.7965,5.3282,-1.1613489045,-0.4943296836,-4.3692,12.3040,0.3607,-2.3681,10.3029,0.3607
1274,0.7422138349457846,2.164756938762752,8.2732,-0.1698,-2.7865,5.3169,-1.1613489045,-0.4943296836,-4.3605,12.2723,0.3613,-2.3615,10.2734,0.3613
1275,0.7421963825393474,2.1657567864579086,8.2509,-0.1688,-2.7764,5.3057,-1.1613489378,-0.4943296836,-4.3518,12.2408,0.3619,-2.3550,10.2439,0.3619
1276,0.7421963825393474,2.1667567864579085,8.2287,-0.1678,-2.7664,5.2945,-1.1613489378,-0.4943296836,-4.3431,12.2093,0.3625,-2.3484,10.2146,0.3625
1277,0.7421963825393474,2.1677567864579084,8.2065,-0.1667,-2.7565,5.2832,-1.1613489378,-0.4943296836,-4.3345,12.1778,0.3631,-2.3419,10.1853,0.3631
1278,0.7421789301329101,2.168756634153065,8.1844,-0.1657,-2.7466,5.2721,-1.1613489707,-0.4943296836,-4.3258,12.1465,0.3637,-2.3354,10.1561,0.3637
1279,0.7421789301329101,2.1697566341530647,8.1623,-0.1647,-2.7367,5.2609,-1.1613489707,-0.4943296836,-4.3172,12.1152,0.3643,-2.3289,10.1270,0.3643
1280,0.7421789301329101,2.1707566341530646,8.1403,-0.1637,-2.7269,5.2497,-1.1613489707,-0.4943296836,-4.3086,12.0840,0.3649,-2.3225,10.0979,0.3649
1281,0.7421614777264729,2.171756481848221,8.1184,-0.1627,-2.7170,5.2386,-1.1613490032,-0.4943296836,-4.3000,12.0530,0.3654,-2.3160,10.0690,0.3654
1282,0.7421614777264729,2.172756481848221,8.0965,-0.1617,-2.7073,5.2275,-1.1613490032,-0.4943296836,-4.2914,12.0219,0.3660,-2.3096,10.0401,0.3660
1283,0.7421614777264729,2.173756481848221,8.0747,-0.1608,-2.6976,5.2164,-1.1613490032,-0.4943296836,-4.2828,11.9910,0.3666,-2.3032,10.0113,0.3666
1284,0.7421440253200356,2.1747563295433774,8.0530,-0.1598,-2.6878,5.2054,-1.1613490353,-0.4943296836,-4.2743,11.9601,0.3671,-2.2968,9.9826,0.3671
1285,0.7421440253200356,2.1757563295433773,8.0313,-0.1588,-2.6782,5.1943,-1.1613490353,-0.4943296836,-4.2657,11.9293,0.3677,-2.2904,9.9540,0.3677
1286,0.7421440253200356,2.176756329543377,8.0096,-0.1578,-2.6685,5.1832,-1.1613490353,-0.4943296836,-4.2572,11.8986,0.3682,-2.2840,9.9254,0.3682
1287,0.7421440253200356,2.177756329543377,7.9880,-0.1569,-2.6589,5.1722,-1.1613490353,-0.4943296836,-4.2486,11.8679,0.3687,-2.2777,9.8970,0.3687
1288,0.7421265729135984,2.178756177238533,7.9665,-0.1559,-2.6493,5.1613,-1.1613490670,-0.4943296836,-4.2401,11.8374,0.3693,-2.2714,9.8686,0.3693
1289,0.7421265729135984,2.179756177238533,7.9450,-0.1550,-2.6398,5.1503,-1.1613490670,-0.4943296836,-4.2316,11.8069,0.3698,-2.2651,9.8403,0.3698
1290,0.7421265729135984,2.1807561772385333,7.9236,-0.1540,-2.6303,5.1393,-1.1613490670,-0.4943296836,-4.2232,11.7764,0.3703,-2.2588,9.8121,0.3703
1291,0.7421091205071612,2.18175602493369,7.9023,-0.1531,-2.6208,5.1284,-1.1613490982,-0.4943296836,-4.2147,11.7461,0.3708,-2.2525,9.7839,0.3708
1292,0.7421091205071612,2.1827560249336897,7.8810,-0.1521,-2.6113,5.1175,-1.1613490982,-0.4943296836,-4.2062,11.7159,0.3713,-2.2462,9.7558,0.3713
1293,0.7421091205071612,2.1837560249336896,7.8597,-0.1512,-2.6019,5.1065,-1.1613490982,-0.4943296836,-4.1978,11.6857,0.3718,-2.2400,9.7279,0.3718
1294,0.7420916681007239,2.184755872628846,7.8385,-0.1503,-2.5925,5.0957,-1.1613491291,-0.4943296836,-4.1894,11.6556,0.3723,-2.2338,9.7000,0.3723
1295,0.7420916681007239,2.185755872628846,7.8174,-0.1494,-2.5832,5.0848,-1.1613491291,-0.4943296836,-4.1810,11.6255,0.3728,-2.2275,9.6721,0.3728
1296,0.7420916681007239,2.186755872628846,7.7963,-0.1485,-2.5739,5.0740,-1.1613491291,-0.4943296836,-4.1726,11.5956,0.3733,-2.2214,9.6444,0.3733
1297,0.7420916681007239,2.1877558726288457,7.7753,-0.1475,-2.5646,5.0631,-1.1613491291,-0.4943296836,-4.1642,11.5657,0.3738,-2.2152,9.6167,0.3738
1298,0.7420742156942867,2.1887557203240022,7.7543,-0.1466,-2.5553,5.0524,-1.1613491596,-0.4943296836,-4.1558,11.5359,0.3742,-2.2090,9.5891,0.3742
1299,0.7420742156942867,2.189755720324002,7.7334,-0.1457,-2.5461,5.0416,-1.1613491596,-0.4943296836,-4.1474,11.5062,0.3747,-2.2029,9.5616,0.3747
1300,0.7420742156942867,2.190755720324002,7.7126,-0.1448,-2.5369,5.0308,-1.1613491596,-0.4943296836,-4.1391,11.4765,0.3752,-2.1967,9.5341,0.3752
1301,0.7420567632878494,2.1917555680191585,7.6918,-0.1439,-2.5277,5.0201,-1.1613491896,-0.4943296836,-4.1308,11.4469,0.3756,-2.1906,9.5068,0.3756
1302,0.7420567632878494,2.1927555680191584,7.6710,-0.1431,-2.5186,5.0094,-1.1613491896,-0.4943296836,-4.1224,11.4174,0.3761,-2.1845,9.4795,0.3761
1303,0.7420567632878494,2.1937555680191583,7.6504,-0.1422,-2.5095,4.9987,-1.1613491896,-0.4943296836,-4.1141,11.3880,0.3765,-2.1785,9.4523,0.3765
1304,0.7420393108814122,2.1947554157143148,7.6297,-0.1413,-2.5004,4.9880,-1.1613492193,-0.4943296836,-4.1058,11.3586,0.3770,-2.1724,9.4252,0.3770
1305,0.7420393108814122,2.1957554157143147,7.6092,-0.1404,-2.4914,4.9773,-1.1613492193,-0.4943296836,-4.0976,11.3293,0.3774,-2.1663,9.3981,0.3774
1306,0.7420393108814122,2.1967554157143145,7.5886,-0.1396,-2.4824,4.9667,-1.1613492193,-0.4943296836,-4.0893,11.3001,0.3778,-2.1603,9.3711,0.3778
1307,0.7420393108814122,2.1977554157143144,7.5682,-0.1387,-2.4734,4.9560,-1.1613492193,-0.4943296836,-4.0810,11.2710,0.3782,-2.1543,9.3442,0.3782
1308,0.7420218584749749,2.198755263409471,7.5478,-0.1379,-2.4644,4.9455,-1.1613492485,-0.4943296836,-4.0728,11.2419,0.3787,-2.1483,9.3174,0.3787
1309,0.7420218584749749,2.199755263409471,7.5274,-0.1370,-2.4555,4.9349,-1.1613492485,-0.4943296836,-4.0646,11.2129,0.3791,-2.1423,9.2907,0.3791
1310,0.7420218584749749,2.2007552634094707,7.5071,-0.1362,-2.4467,4.9243,-1.1613492485,-0.4943296836,-4.0563,11.1840,0.3795,-2.1364,9.2640,0.3795
1311,0.7420044060685377,2.201755111104627,7.4869,-0.1353,-2.4378,4.9138,-1.1613492773,-0.4943296836,-4.0482,11.1552,0.3799,-2.1304,9.2374,0.3799
1312,0.7420044060685377,2.202755111104627,7.4667,-0.1345,-2.4290,4.9032,-1.1613492773,-0.4943296836,-4.0400,11.1264,0.3803,-2.1245,9.2109,0.3803
1313,0.7420044060685377,2.203755111104627,7.4465,-0.1336,-2.4202,4.8927,-1.1613492773,-0.4943296836,-4.0318,11.0977,0.3807,-2.1185,9.1844,0.3807
1314,0.7420044060685377,2.204755111104627,7.4265,-0.1328,-2.4114,4.8822,-1.1613492773,-0.4943296836,-4.0236,11.0690,0.3810,-2.1126,9.1581,0.3810
1315,0.7419869536621004,2.205754958799784,7.4064,-0.1320,-2.4027,4.8718,-1.1613493057,-0.4943296836,-4.0155,11.0405,0.3814,-2.1068,9.1318,0.3814
1316,0.7419869536621004,2.2067549587997832,7.3865,-0.1312,-2.3940,4.8613,-1.1613493057,-0.4943296836,-4.0073,11.0120,0.3818,-2.1009,9.1055,0.3818
1317,0.7419869536621004,2.207754958799783,7.3665,-0.1304,-2.3853,4.8509,-1.1613493057,-0.4943296836,-3.9992,10.9836,0.3822,-2.0950,9.0794,0.3822
1318,0.7419695012556632,2.20875480649494,7.3467,-0.1295,-2.3766,4.8405,-1.1613493338,-0.4943296836,-3.9911,10.9552,0.3825,-2.0892,9.0533,0.3825
1319,0.7419695012556632,2.2097548064949395,7.3268,-0.1287,-2.3680,4.8301,-1.1613493338,-0.4943296836,-3.9830,10.9270,0.3829,-2.0834,9.0273,0.3829
1320,0.7419695012556632,2.2107548064949394,7.3071,-0.1279,-2.3594,4.8197,-1.1613493338,-0.4943296836,-3.9749,10.8988,0.3832,-2.0776,9.0014,0.3832
1321,0.7419695012556632,2.21175480649494,7.2874,-0.1271,-2.3509,4.8093,-1.1613493338,-0.4943296836,-3.9668,10.8706,0.3836,-2.0718,8.9755,0.3836
1322,0.7419520488492259,2.212754654190096,7.2677,-0.1263,-2.3423,4.7990,-1.1613493614,-0.4943296836,-3.9588,10.8426,0.3839,-2.0660,8.9498,0.3839
1323,0.7419520488492259,2.213754654190096,7.2481,-0.1256,-2.3339,4.7887,-1.1613493614,-0.4943296836,-3.9508,10.8146,0.3843,-2.0602,8.9241,0.3843
1324,0.7419520488492259,2.2147546541900955,7.2285,-0.1248,-2.3254,4.7784,-1.1613493614,-0.4943296836,-3.9427,10.7867,0.3846,-2.0545,8.8984,0.3846
1325,0.7419520488492259,2.2157546541900954,7.2090,-0.1240,-2.3170,4.7681,-1.1613493614,-0.4943296836,-3.9347,10.7588,0.3849,-2.0487,8.8729,0.3849
1326,0.7419345964427887,2.216754501885252,7.1896,-0.1232,-2.3085,4.7578,-1.1613493886,-0.4943296836,-3.9267,10.7311,0.3852,-2.0430,8.8474,0.3852
1327,0.7419345964427887,2.217754501885252,7.1702,-0.1225,-2.3002,4.7476,-1.1613493886,-0.4943296836,-3.9187,10.7033,0.3856,-2.0373,8.8220,0.3856
1328,0.7419345964427887,2.218754501885252,7.1508,-0.1217,-2.2918,4.7373,-1.1613493886,-0.4943296836,-3.9107,10.6757,0.3859,-2.0316,8.7966,0.3859
1329,0.7419171440363515,2.219754349580408,7.1316,-0.1209,-2.2835,4.7272,-1.1613494154,-0.4943296836,-3.9028,10.6482,0.3862,-2.0260,8.7713,0.3862
1330,0.7419171440363515,2.220754349580408,7.1123,-0.1202,-2.2752,4.7170,-1.1613494154,-0.4943296836,-3.8948,10.6207,0.3865,-2.0203,8.7461,0.3865
1331,0.7419171440363515,2.221754349580408,7.0931,-0.1194,-2.2669,4.7068,-1.1613494154,-0.4943296836,-3.8869,10.5932,0.3868,-2.0147,8.7210,0.3868
1332,0.7419171440363515,2.222754349580408,7.0740,-0.1187,-2.2587,4.6966,-1.1613494154,-0.4943296836,-3.8789,10.5659,0.3871,-2.0090,8.6960,0.3871
1333,0.7418996916299142,2.2237541972755643,7.0549,-0.1179,-2.2504,4.6865,-1.1613494417,-0.4943296836,-3.8710,10.5386,0.3874,-2.0034,8.6710,0.3874
1334,0.7418996916299142,2.224754197275564,7.0358,-0.1172,-2.2423,4.6764,-1.1613494417,-0.4943296836,-3.8631,10.5114,0.3876,-1.9978,8.6461,0.3876
1335,0.7418996916299142,2.225754197275564,7.0169,-0.1164,-2.2341,4.6663,-1.1613494417,-0.4943296836,-3.8553,10.4842,0.3879,-1.9923,8.6212,0.3879
1336,0.7418996916299142,2.226754197275564,6.9979,-0.1157,-2.2260,4.6562,-1.1613494417,-0.4943296836,-3.8474,10.4571,0.3882,-1.9867,8.5964,0.3882
1337,0.7418996916299142,2.227754197275564,6.9790,-0.1150,-2.2179,4.6461,-1.1613494417,-0.4943296836,-3.8395,10.4301,0.3884,-1.9812,8.5717,0.3884
1338,0.741882239223477,2.2287540449707204,6.9602,-0.1142,-2.2098,4.6361,-1.1613494677,-0.4943296836,-3.8317,10.4032,0.3887,-1.9756,8.5471,0.3887
1339,0.741882239223477,2.2297540449707203,6.9414,-0.1135,-2.2018,4.6261,-1.1613494677,-0.4943296836,-3.8238,10.3763,0.3890,-1.9701,8.5225,0.3890
1340,0.741882239223477,2.23075404497072,6.9227,-0.1128,-2.1938,4.6160,-1.1613494677,-0.4943296836,-3.8160,10.3495,0.3892,-1.9646,8.4980,0.3892
1341,0.7418647868170397,2.2317538926658766,6.9040,-0.1121,-2.1858,4.6061,-1.1613494933,-0.4943296836,-3.8082,10.3227,0.3895,-1.9591,8.4736,0.3895
1342,0.7418647868170397,2.2327538926658765,6.8853,-0.1114,-2.1778,4.5961,-1.1613494933,-0.4943296836,-3.8004,10.2961,0.3897,-1.9536,8.4493,0.3897
1343,0.7418647868170397,2.2337538926658764,6.8667,-0.1107,-2.1699,4.5861,-1.1613494933,-0.4943296836,-3.7926,10.2694,0.3899,-1.9482,8.4250,0.3899
1344,0.7418647868170397,2.2347538926658763,6.8482,-0.1100,-2.1620,4.5762,-1.1613494933,-0.4943296836,-3.7849,10.2429,0.3902,-1.9427,8.4008,0.3902
1345,0.7418473344106025,2.235753740361033,6.8297,-0.1093,-2.1541,4.5663,-1.1613495185,-0.4943296836,-3.7771,10.2164,0.3904,-1.9373,8.3766,0.3904
1346,0.7418473344106025,2.2367537403610327,6.8113,-0.1086,-2.1463,4.5564,-1.1613495185,-0.4943296836,-3.7694,10.1900,0.3906,-1.9319,8.3525,0.3906
1347,0.7418473344106025,2.2377537403610326,6.7929,-0.1079,-2.1385,4.5465,-1.1613495185,-0.4943296836,-3.7616,10.1637,0.3908,-1.9265,8.3285,0.3908
1348,0.7418473344106025,2.2387537403610325,6.7745,-0.1072,-2.1307,4.5366,-1.1613495185,-0.4943296836,-3.7539,10.1374,0.3910,-1.9211,8.3046,0.3910
1349,0.7418298820041652,2.239753588056189,6.7562,-0.1065,-2.1229,4.5268,-1.1613495432,-0.4943296836,-3.7462,10.1112,0.3912,-1.9157,8.2807,0.3912
1350,0.7418298820041652,2.240753588056189,6.7380,-0.1058,-2.1152,4.5170,-1.1613495432,-0.4943296836,-3.7385,10.0851,0.3914,-1.9103,8.2569,0.3914
1351,0.7418298820041652,2.2417535880561887,6.7198,-0.1052,-2.1075,4.5071,-1.1613495432,-0.4943296836,-3.7308,10.0590,0.3916,-1.9050,8.2331,0.3916
1352,0.741812429597728,2.242753435751345,6.7016,-0.1045,-2.0997,4.4974,-1.1613495676,-0.4943296836,-3.7232,10.0330,0.3918,-1.8997,8.2095,0.3918
1353,0.741812429597728,2.243753435751345,6.6835,-0.1038,-2.0921,4.4876,-1.1613495676,-0.4943296836,-3.7155,10.0071,0.3920,-1.8943,8.1859,0.3920
1354,0.741812429597728,2.244753435751345,6.6655,-0.1032,-2.0845,4.4778,-1.1613495676,-0.4943296836,-3.7079,9.9812,0.3922,-1.8890,8.1623,0.3922
1355,0.741812429597728,2.245753435751345,6.6474,-0.1025,-2.0769,4.4681,-1.1613495676,-0.4943296836,-3.7003,9.9554,0.3923,-1.8838,8.1389,0.3923
1356,0.741812429597728,2.246753435751345,6.6295,-0.1018,-2.0693,4.4583,-1.1613495676,-0.4943296836,-3.6926,9.9296,0.3925,-1.8785,8.1155,0.3925
1357,0.7417949771912907,2.2477532834465013,6.6116,-0.1012,-2.0617,4.4487,-1.1613495915,-0.4943296836,-3.6851,9.9039,0.3927,-1.8732,8.0921,0.3927
1358,0.7417949771912907,2.248753283446501,6.5937,-0.1005,-2.0542,4.4390,-1.1613495915,-0.4943296836,-3.6775,9.8783,0.3928,-1.8680,8.0688,0.3928
1359,0.7417949771912907,2.249753283446501,6.5759,-0.0999,-2.0467,4.4293,-1.1613495915,-0.4943296836,-3.6699,9.8528,0.3930,-1.8627,8.0456,0.3930
1360,0.7417949771912907,2.250753283446501,6.5581,-0.0992,-2.0393,4.4196,-1.1613495915,-0.4943296836,-3.6623,9.8273,0.3931,-1.8575,8.0225,0.3931
1361,0.7417949771912907,2.251753283446501,6.5404,-0.0986,-2.0318,4.4099,-1.1613495915,-0.4943296836,-3.6548,9.8019,0.3933,-1.8523,7.9994,0.3933
1362,0.7417775247848535,2.2527531311416573,6.5227,-0.0980,-2.0244,4.4004,-1.1613496150,-0.4943296836,-3.6472,9.7765,0.3934,-1.8471,7.9764,0.3934
1363,0.7417775247848535,2.253753131141657,6.5051,-0.0973,-2.0170,4.3907,-1.1613496150,-0.4943296836,-3.6397,9.7512,0.3935,-1.8420,7.9535,0.3935
1364,0.7417775247848535,2.254753131141657,6.4875,-0.0967,-2.0096,4.3811,-1.1613496150,-0.4943296836,-3.6322,9.7260,0.3937,-1.8368,7.9306,0.3937
1365,0.7417775247848535,2.255753131141657,6.4699,-0.0961,-2.0023,4.3716,-1.1613496150,-0.4943296836,-3.6247,9.7008,0.3938,-1.8316,7.9078,0.3938
1366,0.7417600723784162,2.256752978836813,6.4524,-0.0955,-1.9949,4.3620,-1.1613496382,-0.4943296836,-3.6172,9.6757,0.3939,-1.8265,7.8850,0.3939
1367,0.7417600723784162,2.2577529788368134,6.4350,-0.0948,-1.9876,4.3525,-1.1613496382,-0.4943296836,-3.6097,9.6507,0.3940,-1.8214,7.8623,0.3940
1368,0.7417600723784162,2.2587529788368133,6.4176,-0.0942,-1.9804,4.3430,-1.1613496382,-0.4943296836,-3.6023,9.6257,0.3941,-1.8163,7.8397,0.3941
1369,0.741742619971979,2.2597528265319697,6.4002,-0.0936,-1.9731,4.3335,-1.1613496609,-0.4943296836,-3.5948,9.6008,0.3942,-1.8112,7.8172,0.3942
1370,0.741742619971979,2.2607528265319696,6.3829,-0.0930,-1.9659,4.3240,-1.1613496609,-0.4943296837,-3.5874,9.5760,0.3943,-1.8061,7.7947,0.3943
1371,0.741742619971979,2.261752826531969,6.3656,-0.0924,-1.9587,4.3145,-1.1613496609,-0.4943296837,-3.5800,9.5512,0.3944,-1.8010,7.7723,0.3944
1372,0.741742619971979,2.2627528265319694,6.3484,-0.0918,-1.9516,4.3050,-1.1613496609,-0.4943296837,-3.5726,9.5265,0.3945,-1.7960,7.7499,0.3945
1373,0.741742619971979,2.2637528265319693,6.3312,-0.0912,-1.9444,4.2956,-1.1613496609,-0.4943296837,-3.5652,9.5018,0.3946,-1.7910,7.7276,0.3946
1374,0.7417251675655417,2.264752674227126,6.3141,-0.0906,-1.9373,4.2862,-1.1613496832,-0.4943296837,-3.5578,9.4772,0.3947,-1.7859,7.7054,0.3947
1375,0.7417251675655417,2.2657526742271257,6.2970,-0.0900,-1.9302,4.2768,-1.1613496832,-0.4943296837,-3.5504,9.4527,0.3947,-1.7809,7.6832,0.3947
1376,0.7417251675655417,2.2667526742271256,6.2800,-0.0894,-1.9231,4.2674,-1.1613496832,-0.4943296837,-3.5431,9.4282,0.3948,-1.7759,7.6611,0.3948
1377,0.7417251675655417,2.267752674227125,6.2630,-0.0889,-1.9161,4.2580,-1.1613496832,-0.4943296837,-3.5357,9.4038,0.3949,-1.7709,7.6390,0.3949
1378,0.7417077151591045,2.268752521922282,6.2460,-0.0883,-1.9091,4.2487,-1.1613497051,-0.4943296837,-3.5284,9.3795,0.3949,-1.7660,7.6171,0.3949
1379,0.7417077151591045,2.269752521922282,6.2291,-0.0877,-1.9021,4.2393,-1.1613497051,-0.4943296837,-3.5211,9.3552,0.3950,-1.7610,7.5951,0.3950
1380,0.7417077151591045,2.2707525219222817,6.2122,-0.0871,-1.8951,4.2300,-1.1613497051,-0.4943296837,-3.5137,9.3309,0.3950,-1.7561,7.5733,0.3950
1381,0.7417077151591045,2.2717525219222816,6.1954,-0.0866,-1.8882,4.2207,-1.1613497051,-0.4943296837,-3.5064,9.3068,0.3951,-1.7511,7.5515,0.3951
1382,0.7417077151591045,2.272752521922281,6.1786,-0.0860,-1.8813,4.2114,-1.1613497051,-0.4943296837,-3.4992,9.2827,0.3951,-1.7462,7.5297,0.3951
1383,0.7416902627526673,2.273752369617438,6.1619,-0.0854,-1.8743,4.2021,-1.1613497266,-0.4943296837,-3.4919,9.2586,0.3951,-1.7413,7.5081,0.3951
1384,0.7416902627526673,2.274752369617438,6.1452,-0.0849,-1.8675,4.1928,-1.1613497266,-0.4943296837,-3.4846,9.2347,0.3952,-1.7364,7.4865,0.3952
1385,0.7416902627526673,2.2757523696174378,6.1285,-0.0843,-1.8606,4.1836,-1.1613497266,-0.4943296837,-3.4774,9.2107,0.3952,-1.7316,7.4649,0.3952
1386,0.7416902627526673,2.2767523696174377,6.1119,-0.0838,-1.8538,4.1743,-1.1613497266,-0.4943296837,-3.4702,9.1869,0.3952,-1.7267,7.4434,0.3952
1387,0.74167281034623,2.277752217312594,6.0954,-0.0832,-1.8470,4.1652,-1.1613497477,-0.4943296837,-3.4629,9.1631,0.3952,-1.7218,7.4220,0.3952
1388,0.74167281034623,2.278752217312594,6.0789,-0.0827,-1.8402,4.1560,-1.1613497477,-0.4943296837,-3.4557,9.1394,0.3952,-1.7170,7.4006,0.3952
1389,0.74167281034623,2.279752217312594,6.0624,-0.0821,-1.8335,4.1468,-1.1613497477,-0.4943296837,-3.4485,9.1157,0.3952,-1.7122,7.3793,0.3952
1390,0.74167281034623,2.280752217312594,6.0460,-0.0816,-1.8268,4.1376,-1.1613497477,-0.4943296837,-3.4413,9.0921,0.3952,-1.7074,7.3581,0.3952
1391,0.74167281034623,2.2817522173125937,6.0296,-0.0811,-1.8201,4.1284,-1.1613497477,-0.4943296837,-3.4342,9.0685,0.3952,-1.7026,7.3369,0.3952
1392,0.7416553579397928,2.28275206500775,6.0132,-0.0805,-1.8134,4.1193,-1.1613497684,-0.4943296837,-3.4270,9.0450,0.3952,-1.6978,7.3158,0.3952
1393,0.7416553579397928,2.28375206500775,5.9969,-0.0800,-1.8067,4.1102,-1.1613497684,-0.4943296837,-3.4199,9.0216,0.3952,-1.6930,7.2947,0.3952
1394,0.7416553579397928,2.28475206500775,5.9807,-0.0795,-1.8001,4.1011,-1.1613497684,-0.4943296837,-3.4127,8.9982,0.3952,-1.6882,7.2737,0.3952
1395,0.7416553579397928,2.28575206500775,5.9644,-0.0790,-1.7935,4.0920,-1.1613497684,-0.4943296837,-3.4056,8.9749,0.3951,-1.6835,7.2528,0.3951
1396,0.7416379055333555,2.2867519127029063,5.9483,-0.0784,-1.7869,4.0830,-1.1613497887,-0.4943296837,-3.3985,8.9517,0.3951,-1.6788,7.2319,0.3951
1397,0.7416379055333555,2.2877519127029062,5.9321,-0.0779,-1.7803,4.0739,-1.1613497887,-0.4943296837,-3.3914,8.9285,0.3951,-1.6740,7.2111,0.3951
1398,0.7416379055333555,2.288751912702906,5.9160,-0.0774,-1.7738,4.0648,-1.1613497887,-0.4943296837,-3.3843,8.9053,0.3950,-1.6693,7.1903,0.3950
1399,0.7416379055333555,2.289751912702906,5.9000,-0.0769,-1.7673,4.0558,-1.1613497887,-0.4943296837,-3.3773,8.8822,0.3950,-1.6646,7.1696,0.3950
1400,0.7416379055333555,2.290751912702906,5.8840,-0.0764,-1.7608,4.0468,-1.1613497887,-0.4943296837,-3.3702,8.8592,0.3949,-1.6599,7.1490,0.3949
1401,0.7416204531269183,2.2917517603980624,5.8680,-0.0759,-1.7543,4.0378,-1.1613498085,-0.4943296837,-3.3632,8.8363,0.3949,-1.6553,7.1284,0.3949
1402,0.7416204531269183,2.2927517603980623,5.8521,-0.0754,-1.7479,4.0288,-1.1613498085,-0.4943296837,-3.3561,8.8134,0.3948,-1.6506,7.1079,0.3948
1403,0.7416204531269183,2.293751760398062,5.8362,-0.0749,-1.7414,4.0199,-1.1613498085,-0.4943296837,-3.3491,8.7905,0.3948,-1.6460,7.0874,0.3948
1404,0.7416204531269183,2.294751760398062,5.8203,-0.0744,-1.7350,4.0109,-1.1613498085,-0.4943296837,-3.3421,8.7677,0.3947,-1.6413,7.0670,0.3947
1405,0.7416204531269183,2.295751760398062,5.8045,-0.0739,-1.7287,4.0019,-1.1613498085,-0.4943296837,-3.3351,8.7450,0.3946,-1.6367,7.0466,0.3946
1406,0.741603000720481,2.2967516080932184,5.7888,-0.0734,-1.7223,3.9931,-1.1613498280,-0.4943296837,-3.3281,8.7223,0.3945,-1.6321,7.0263,0.3945
1407,0.741603000720481,2.2977516080932183,5.7730,-0.0729,-1.7160,3.9842,-1.1613498280,-0.4943296837,-3.3211,8.6997,0.3945,-1.6275,7.0061,0.3945
1408,0.741603000720481,2.298751608093218,5.7574,-0.0724,-1.7097,3.9753,-1.1613498280,-0.4943296837,-3.3142,8.6772,0.3944,-1.6229,6.9859,0.3944
1409,0.741603000720481,2.299751608093218,5.7417,-0.0720,-1.7034,3.9664,-1.1613498280,-0.4943296837,-3.3072,8.6547,0.3943,-1.6184,6.9658,0.3943
1410,0.741603000720481,2.300751608093218,5.7261,-0.0715,-1.6971,3.9575,-1.1613498280,-0.4943296837,-3.3003,8.6322,0.3942,-1.6138,6.9457,0.3942
1411,0.7415855483140438,2.3017514557883745,5.7106,-0.0710,-1.6908,3.9487,-1.1613498470,-0.4943296837,-3.2934,8.6099,0.3941,-1.6093,6.9257,0.3941
1412,0.7415855483140438,2.3027514557883744,5.6950,-0.0705,-1.6846,3.9399,-1.1613498470,-0.4943296837,-3.2865,8.5875,0.3940,-1.6047,6.9058,0.3940
1413,0.7415855483140438,2.3037514557883743,5.6796,-0.0701,-1.6784,3.9310,-1.1613498470,-0.4943296837,-3.2796,8.5653,0.3939,-1.6002,6.8859,0.3939
1414,0.7415855483140438,2.304751455788374,5.6641,-0.0696,-1.6723,3.9222,-1.1613498470,-0.4943296837,-3.2727,8.5430,0.3937,-1.5957,6.8661,0.3937
1415,0.7415680959076065,2.30575130348353,5.6487,-0.0692,-1.6661,3.9135,-1.1613498657,-0.4943296837,-3.2658,8.5209,0.3936,-1.5912,6.8463,0.3936
1416,0.7415680959076065,2.3067513034835305,5.6334,-0.0687,-1.6600,3.9047,-1.1613498657,-0.4943296837,-3.2589,8.4988,0.3935,-1.5867,6.8266,0.3935
1417,0.7415680959076065,2.3077513034835304,5.6180,-0.0682,-1.6539,3.8959,-1.1613498657,-0.4943296837,-3.2521,8.4768,0.3934,-1.5822,6.8069,0.3934
1418,0.7415680959076065,2.3087513034835303,5.6028,-0.0678,-1.6478,3.8872,-1.1613498657,-0.4943296837,-3.2453,8.4548,0.3932,-1.5778,6.7873,0.3932
1419,0.7415680959076065,2.30975130348353,5.5875,-0.0673,-1.6417,3.8785,-1.1613498657,-0.4943296837,-3.2384,8.4328,0.3931,-1.5733,6.7677,0.3931
1420,0.7415680959076065,2.31075130348353,5.5723,-0.0669,-1.6357,3.8697,-1.1613498657,-0.4943296837,-3.2316,8.4110,0.3930,-1.5689,6.7482,0.3930
1421,0.7415680959076065,2.31175130348353,5.5571,-0.0664,-1.6297,3.8610,-1.1613498657,-0.4943296837,-3.2248,8.3891,0.3928,-1.5645,6.7288,0.3928
1422,0.7415506435011693,2.3127511511786865,5.5420,-0.0660,-1.6236,3.8524,-1.1613498839,-0.4943296837,-3.2180,8.3674,0.3927,-1.5600,6.7094,0.3927
1423,0.7415506435011693,2.3137511511786863,5.5269,-0.0656,-1.6176,3.8437,-1.1613498839,-0.4943296837,-3.2113,8.3457,0.3925,-1.5556,6.6901,0.3925
1424,0.7415506435011693,2.3147511511786862,5.5119,-0.0651,-1.6117,3.8351,-1.1613498839,-0.4943296837,-3.2045,8.3240,0.3923,-1.5513,6.6708,0.3923
1425,0.7415506435011693,2.315751151178686,5.4969,-0.0647,-1.6058,3.8264,-1.1613498839,-0.4943296837,-3.1977,8.3024,0.3922,-1.5469,6.6516,0.3922
1426,0.7415506435011693,2.316751151178686,5.4819,-0.0643,-1.5999,3.8178,-1.1613498839,-0.4943296837,-3.1910,8.2809,0.3920,-1.5425,6.6324,0.3920
1427,0.741533191094732,2.3177509988738425,5.4670,-0.0638,-1.5939,3.8092,-1.1613499017,-0.4943296837,-3.1843,8.2594,0.3918,-1.5382,6.6133,0.3918
1428,0.741533191094732,2.3187509988738424,5.4521,-0.0634,-1.5881,3.8006,-1.1613499017,-0.4943296837,-3.1775,8.2380,0.3917,-1.5338,6.5943,0.3917
1429,0.741533191094732,2.3197509988738423,5.4372,-0.0630,-1.5822,3.7920,-1.1613499017,-0.4943296837,-3.1708,8.2166,0.3915,-1.5295,6.5753,0.3915
1430,0.741533191094732,2.320750998873842,5.4224,-0.0626,-1.5764,3.7835,-1.1613499017,-0.4943296837,-3.1641,8.1953,0.3913,-1.5252,6.5563,0.3913
1431,0.741533191094732,2.321750998873842,5.4077,-0.0622,-1.5706,3.7749,-1.1613499017,-0.4943296837,-3.1575,8.1740,0.3911,-1.5209,6.5374,0.3911
1432,0.7415157386882948,2.3227508465689986,5.3929,-0.0617,-1.5648,3.7664,-1.1613499192,-0.4943296837,-3.1508,8.1528,0.3909,-1.5166,6.5186,0.3909
1433,0.7415157386882948,2.3237508465689984,5.3782,-0.0613,-1.5590,3.7579,-1.1613499192,-0.4943296837,-3.1441,8.1317,0.3907,-1.5123,6.4998,0.3907
1434,0.7415157386882948,2.3247508465689983,5.3636,-0.0609,-1.5533,3.7494,-1.1613499192,-0.4943296837,-3.1375,8.1105,0.3905,-1.5080,6.4811,0.3905
1435,0.7415157386882948,2.325750846568998,5.3489,-0.0605,-1.5475,3.7409,-1.1613499192,-0.4943296837,-3.1309,8.0895,0.3903,-1.5038,6.4624,0.3903
1436,0.7415157386882948,2.326750846568998,5.3344,-0.0601,-1.5419,3.7324,-1.1613499192,-0.4943296837,-3.1242,8.0685,0.3901,-1.4995,6.4438,0.3901
1437,0.7414982862818575,2.3277506942641546,5.3198,-0.0597,-1.5361,3.7240,-1.1613499362,-0.4943296837,-3.1176,8.0476,0.3899,-1.4953,6.4252,0.3899
1438,0.7414982862818575,2.3287506942641545,5.3053,-0.0593,-1.5305,3.7155,-1.1613499362,-0.4943296837,-3.1110,8.0267,0.3897,-1.4910,6.4067,0.3897
1439,0.7414982862818575,2.3297506942641544,5.2908,-0.0589,-1.5248,3.7071,-1.1613499362,-0.4943296837,-3.1045,8.0058,0.3894,-1.4868,6.3882,0.3894
1440,0.7414982862818575,2.3307506942641543,5.2764,-0.0585,-1.5192,3.6987,-1.1613499362,-0.4943296837,-3.0979,7.9851,0.3892,-1.4826,6.3698,0.3892
1441,0.7414982862818575,2.331750694264154,5.2620,-0.0581,-1.5136,3.6902,-1.1613499362,-0.4943296837,-3.0913,7.9643,0.3890,-1.4784,6.3514,0.3890
1442,0.7414982862818575,2.332750694264154,5.2476,-0.0577,-1.5080,3.6819,-1.1613499362,-0.4943296837,-3.0848,7.9436,0.3888,-1.4743,6.3331,0.3888
1443,0.7414808338754203,2.3337505419593105,5.2333,-0.0573,-1.5025,3.6735,-1.1613499528,-0.4943296837,-3.0782,7.9230,0.3885,-1.4701,6.3149,0.3885
1444,0.7414808338754203,2.3347505419593104,5.2190,-0.0570,-1.4969,3.6652,-1.1613499528,-0.4943296837,-3.0717,7.9025,0.3883,-1.4659,6.2967,0.3883
1445,0.7414808338754203,2.3357505419593103,5.2048,-0.0566,-1.4914,3.6568,-1.1613499528,-0.4943296837,-3.0652,7.8819,0.3880,-1.4618,6.2785,0.3880
1446,0.7414808338754203,2.33675054195931,5.1906,-0.0562,-1.4859,3.6485,-1.1613499528,-0.4943296837,-3.0587,7.8615,0.3878,-1.4577,6.2604,0.3878
1447,0.7414808338754203,2.33775054195931,5.1764,-0.0558,-1.4804,3.6401,-1.1613499528,-0.4943296837,-3.0522,7.8411,0.3875,-1.4535,6.2424,0.3875
1448,0.7414808338754203,2.33875054195931,5.1622,-0.0554,-1.4750,3.6318,-1.1613499528,-0.4943296837,-3.0457,7.8207,0.3873,-1.4494,6.2244,0.3873
1449,0.741463381468983,2.3397503896544665,5.1481,-0.0551,-1.4695,3.6236,-1.1613499690,-0.4943296837,-3.0393,7.8004,0.3870,-1.4453,6.2065,0.3870
1450,0.741463381468983,2.3407503896544664,5.1341,-0.0547,-1.4641,3.6153,-1.1613499690,-0.4943296837,-3.0328,7.7801,0.3867,-1.4412,6.1886,0.3867
1451,0.741463381468983,2.3417503896544662,5.1201,-0.0543,-1.4587,3.6070,-1.1613499690,-0.4943296837,-3.0264,7.7599,0.3865,-1.4372,6.1707,0.3865
1452,0.741463381468983,2.342750389654466,5.1061,-0.0540,-1.4533,3.5988,-1.1613499690,-0.4943296837,-3.0199,7.7398,0.3862,-1.4331,6.1529,0.3862
1453,0.741463381468983,2.343750389654466,5.0921,-0.0536,-1.4480,3.5906,-1.1613499690,-0.4943296837,-3.0135,7.7197,0.3859,-1.4290,6.1352,0.3859
1454,0.741463381468983,2.344750389654466,5.0782,-0.0532,-1.4426,3.5823,-1.1613499690,-0.4943296837,-3.0071,7.6996,0.3857,-1.4250,6.1175,0.3857
1455,0.7414459290625458,2.3457502373496224,5.0643,-0.0529,-1.4373,3.5742,-1.1613499848,-0.4943296837,-3.0007,7.6796,0.3854,-1.4209,6.0999,0.3854
1456,0.7414459290625458,2.3467502373496223,5.0505,-0.0525,-1.4320,3.5660,-1.1613499848,-0.4943296837,-2.9943,7.6597,0.3851,-1.4169,6.0823,0.3851
1457,0.7414459290625458,2.347750237349622,5.0366,-0.0522,-1.4267,3.5578,-1.1613499848,-0.4943296837,-2.9879,7.6398,0.3848,-1.4129,6.0648,0.3848
1458,0.7414459290625458,2.348750237349622,5.0229,-0.0518,-1.4214,3.5496,-1.1613499848,-0.4943296837,-2.9816,7.6199,0.3845,-1.4089,6.0473,0.3845
1459,0.7414284766561086,2.3497500850447786,5.0091,-0.0515,-1.4161,3.5415,-1.1613500001,-0.4943296837,-2.9752,7.6002,0.3842,-1.4049,6.0298,0.3842
1460,0.7414284766561086,2.3507500850447784,4.9954,-0.0511,-1.4109,3.5334,-1.1613500001,-0.4943296837,-2.9689,7.5804,0.3839,-1.4009,6.0124,0.3839
1461,0.7414284766561086,2.3517500850447783,4.9818,-0.0508,-1.4057,3.5253,-1.1613500001,-0.4943296837,-2.9626,7.5607,0.3836,-1.3970,5.9951,0.3836
1462,0.7414284766561086,2.3527500850447782,4.9681,-0.0504,-1.4005,3.5172,-1.1613500001,-0.4943296837,-2.9563,7.5411,0.3833,-1.3930,5.9778,0.3833
1463,0.7414284766561086,2.353750085044778,4.9545,-0.0501,-1.3954,3.5091,-1.1613500001,-0.4943296837,-2.9500,7.5215,0.3830,-1.3891,5.9606,0.3830
1464,0.7414284766561086,2.354750085044778,4.9410,-0.0498,-1.3902,3.5010,-1.1613500001,-0.4943296837,-2.9437,7.5019,0.3827,-1.3851,5.9434,0.3827
1465,0.7414284766561086,2.355750085044778,4.9275,-0.0494,-1.3851,3.4929,-1.1613500001,-0.4943296837,-2.9374,7.4824,0.3824,-1.3812,5.9263,0.3824
1466,0.7414110242496713,2.3567499327399344,4.9140,-0.0491,-1.3800,3.4849,-1.1613500151,-0.4943296837,-2.9311,7.4630,0.3821,-1.3773,5.9092,0.3821
1467,0.7414110242496713,2.3577499327399343,4.9005,-0.0487,-1.3749,3.4769,-1.1613500151,-0.4943296837,-2.9249,7.4436,0.3817,-1.3734,5.8921,0.3817
1468,0.7414110242496713,2.358749932739934,4.8871,-0.0484,-1.3698,3.4689,-1.1613500151,-0.4943296837,-2.9186,7.4243,0.3814,-1.3695,5.8752,0.3814
1469,0.7414110242496713,2.359749932739934,4.8737,-0.0481,-1.3647,3.4609,-1.1613500151,-0.4943296837,-2.9124,7.4050,0.3811,-1.3656,5.8582,0.3811
1470,0.7414110242496713,2.360749932739934,4.8604,-0.0478,-1.3597,3.4529,-1.1613500151,-0.4943296837,-2.9061,7.3857,0.3808,-1.3617,5.8413,0.3808
1471,0.7414110242496713,2.361749932739934,4.8470,-0.0474,-1.3547,3.4449,-1.1613500151,-0.4943296837,-2.8999,7.3665,0.3804,-1.3579,5.8245,0.3804
1472,0.7413935718432341,2.3627497804350903,4.8338,-0.0471,-1.3497,3.4370,-1.1613500297,-0.4943296837,-2.8937,7.3474,0.3801,-1.3540,5.8077,0.3801
1473,0.7413935718432341,2.36374978043509,4.8205,-0.0468,-1.3447,3.4290,-1.1613500297,-0.4943296837,-2.8876,7.3283,0.3798,-1.3502,5.7909,0.3798
1474,0.7413935718432341,2.36474978043509,4.8073,-0.0465,-1.3397,3.4211,-1.1613500297,-0.4943296837,-2.8814,7.3093,0.3794,-1.3463,5.7742,0.3794
1475,0.7413935718432341,2.36574978043509,4.7941,-0.0462,-1.3348,3.4132,-1.1613500297,-0.4943296837,-2.8752,7.2903,0.3791,-1.3425,5.7576,0.3791
1476,0.7413935718432341,2.36674978043509,4.7810,-0.0459,-1.3299,3.4053,-1.1613500297,-0.4943296837,-2.8691,7.2713,0.3787,-1.3387,5.7410,0.3787
1477,0.7413935718432341,2.3677497804350898,4.7679,-0.0455,-1.3250,3.3974,-1.1613500297,-0.4943296837,-2.8629,7.2524,0.3784,-1.3349,5.7244,0.3784
1478,0.7413761194367968,2.3687496281302463,4.7548,-0.0452,-1.3200,3.3895,-1.1613500438,-0.4943296837,-2.8568,7.2336,0.3780,-1.3311,5.7079,0.3780
1479,0.7413761194367968,2.369749628130246,4.7418,-0.0449,-1.3152,3.3817,-1.1613500438,-0.4943296837,-2.8507,7.2148,0.3777,-1.3273,5.6914,0.3777
1480,0.7413761194367968,2.370749628130246,4.7288,-0.0446,-1.3103,3.3738,-1.1613500438,-0.4943296837,-2.8446,7.1960,0.3773,-1.3236,5.6750,0.3773
1481,0.7413761194367968,2.371749628130246,4.7158,-0.0443,-1.3055,3.3660,-1.1613500438,-0.4943296837,-2.8385,7.1773,0.3770,-1.3198,5.6587,0.3770
1482,0.7413761194367968,2.372749628130246,4.7029,-0.0440,-1.3007,3.3582,-1.1613500438,-0.4943296837,-2.8324,7.1586,0.3766,-1.3161,5.6423,0.3766
1483,0.7413761194367968,2.3737496281302457,4.6900,-0.0437,-1.2959,3.3504,-1.1613500438,-0.4943296837,-2.8263,7.1400,0.3762,-1.3123,5.6261,0.3762
1484,0.7413761194367968,2.3747496281302456,4.6771,-0.0434,-1.2911,3.3426,-1.1613500438,-0.4943296837,-2.8202,7.1215,0.3759,-1.3086,5.6098,0.3759
1485,0.7413586670303596,2.375749475825402,4.6643,-0.0431,-1.2863,3.3348,-1.1613500576,-0.4943296837,-2.8142,7.1029,0.3755,-1.3049,5.5937,0.3755
1486,0.7413586670303596,2.376749475825402,4.6515,-0.0428,-1.2816,3.3271,-1.1613500576,-0.4943296837,-2.8081,7.0845,0.3751,-1.3012,5.5775,0.3751
1487,0.7413586670303596,2.377749475825402,4.6387,-0.0425,-1.2768,3.3193,-1.1613500576,-0.4943296837,-2.8021,7.0661,0.3748,-1.2975,5.5614,0.3748
1488,0.7413586670303596,2.3787494758254017,4.6260,-0.0422,-1.2721,3.3116,-1.1613500576,-0.4943296837,-2.7961,7.0477,0.3744,-1.2938,5.5454,0.3744
1489,0.7413586670303596,2.3797494758254016,4.6133,-0.0420,-1.2674,3.3039,-1.1613500576,-0.4943296837,-2.7901,7.0293,0.3740,-1.2901,5.5294,0.3740
1490,0.7413586670303596,2.380749475825401,4.6006,-0.0417,-1.2628,3.2962,-1.1613500576,-0.4943296837,-2.7841,7.0111,0.3736,-1.2865,5.5134,0.3736
1491,0.7413412146239223,2.381749323520558,4.5880,-0.0414,-1.2581,3.2885,-1.1613500709,-0.4943296837,-2.7781,6.9928,0.3733,-1.2828,5.4975,0.3733
1492,0.7413412146239223,2.382749323520558,4.5754,-0.0411,-1.2535,3.2808,-1.1613500709,-0.4943296837,-2.7721,6.9747,0.3729,-1.2791,5.4817,0.3729
1493,0.7413412146239223,2.383749323520558,4.5628,-0.0408,-1.2488,3.2732,-1.1613500709,-0.4943296837,-2.7662,6.9565,0.3725,-1.2755,5.4659,0.3725
1494,0.7413412146239223,2.3847493235205577,4.5503,-0.0405,-1.2442,3.2655,-1.1613500709,-0.4943296837,-2.7602,6.9384,0.3721,-1.2719,5.4501,0.3721
1495,0.7413412146239223,2.3857493235205576,4.5378,-0.0403,-1.2396,3.2579,-1.1613500709,-0.4943296837,-2.7543,6.9204,0.3717,-1.2683,5.4344,0.3717
1496,0.7413412146239223,2.386749323520557,4.5253,-0.0400,-1.2351,3.2503,-1.1613500709,-0.4943296837,-2.7483,6.9024,0.3713,-1.2647,5.4187,0.3713
1497,0.7413412146239223,2.3877493235205574,4.5129,-0.0397,-1.2305,3.2427,-1.1613500709,-0.4943296837,-2.7424,6.8844,0.3709,-1.2611,5.4031,0.3709
1498,0.7413237622174851,2.388749171215714,4.5005,-0.0394,-1.2260,3.2351,-1.1613500838,-0.4943296837,-2.7365,6.8665,0.3705,-1.2575,5.3875,0.3705
1499,0.7413237622174851,2.3897491712157137,4.4881,-0.0392,-1.2214,3.2275,-1.1613500838,-0.4943296837,-2.7306,6.8486,0.3701,-1.2539,5.3719,0.3701
1500,0.7413237622174851,2.3907491712157136,4.4758,-0.0389,-1.2169,3.2200,-1.1613500838,-0.4943296837,-2.7247,6.8308,0.3697,-1.2503,5.3564,0.3697
1501,0.7413237622174851,2.391749171215713,4.4635,-0.0386,-1.2125,3.2124,-1.1613500838,-0.4943296837,-2.7189,6.8131,0.3693,-1.2468,5.3410,0.3693
1502,0.7413237622174851,2.3927491712157134,4.4512,-0.0384,-1.2080,3.2049,-1.1613500838,-0.4943296837,-2.7130,6.7953,0.3689,-1.2432,5.3256,0.3689
1503,0.7413237622174851,2.3937491712157133,4.4390,-0.0381,-1.2035,3.1973,-1.1613500838,-0.4943296837,-2.7071,6.7777,0.3685,-1.2397,5.3102,0.3685
1504,0.7413063098110478,2.3947490189108698,4.4268,-0.0379,-1.1991,3.1899,-1.1613500964,-0.4943296837,-2.7013,6.7600,0.3681,-1.2361,5.2949,0.3681
1505,0.7413063098110478,2.3957490189108697,4.4146,-0.0376,-1.1947,3.1824,-1.1613500964,-0.4943296837,-2.6955,6.7424,0.3677,-1.2326,5.2796,0.3677
1506,0.7413063098110478,2.3967490189108696,4.4025,-0.0373,-1.1903,3.1749,-1.1613500964,-0.4943296837,-2.6897,6.7249,0.3673,-1.2291,5.2643,0.3673
1507,0.7413063098110478,2.397749018910869,4.3904,-0.0371,-1.1859,3.1674,-1.1613500964,-0.4943296837,-2.6838,6.7074,0.3668,-1.2256,5.2492,0.3668
1508,0.7413063098110478,2.3987490189108693,4.3783,-0.0368,-1.1815,3.1600,-1.1613500964,-0.4943296837,-2.6781,6.6899,0.3664,-1.2221,5.2340,0.3664
1509,0.7413063098110478,2.399749018910869,4.3663,-0.0366,-1.1772,3.1525,-1.1613500964,-0.4943296837,-2.6723,6.6725,0.3660,-1.2186,5.2189,0.3660
1510,0.7413063098110478,2.400749018910869,4.3542,-0.0363,-1.1728,3.1451,-1.1613500964,-0.4943296837,-2.6665,6.6552,0.3656,-1.2152,5.2038,0.3656
1511,0.7412888574046106,2.4017488666060256,4.3423,-0.0361,-1.1685,3.1377,-1.1613501085,-0.4943296837,-2.6607,6.6378,0.3651,-1.2117,5.1888,0.3651
1512,0.7412888574046106,2.402748866606025,4.3303,-0.0358,-1.1642,3.1303,-1.1613501085,-0.4943296837,-2.6550,6.6206,0.3647,-1.2083,5.1738,0.3647
1513,0.7412888574046106,2.4037488666060254,4.3184,-0.0356,-1.1599,3.1229,-1.1613501085,-0.4943296837,-2.6492,6.6033,0.3643,-1.2048,5.1589,0.3643
1514,0.7412888574046106,2.4047488666060253,4.3065,-0.0353,-1.1556,3.1156,-1.1613501085,-0.4943296837,-2.6435,6.5861,0.3639,-1.2014,5.1440,0.3639
1515,0.7412888574046106,2.405748866606025,4.2946,-0.0351,-1.1514,3.1082,-1.1613501085,-0.4943296837,-2.6378,6.5690,0.3634,-1.1980,5.1292,0.3634
1516,0.7412888574046106,2.406748866606025,4.2828,-0.0348,-1.1471,3.1009,-1.1613501085,-0.4943296837,-2.6321,6.5519,0.3630,-1.1945,5.1144,0.3630
1517,0.7412888574046106,2.407748866606025,4.2710,-0.0346,-1.1429,3.0935,-1.1613501085,-0.4943296837,-2.6264,6.5348,0.3626,-1.1911,5.0996,0.3626
1518,0.7412888574046106,2.408748866606025,4.2593,-0.0344,-1.1387,3.0862,-1.1613501085,-0.4943296837,-2.6207,6.5178,0.3621,-1.1877,5.0849,0.3621
1519,0.7412888574046106,2.4097488666060247,4.2475,-0.0341,-1.1345,3.0789,-1.1613501085,-0.4943296837,-2.6150,6.5009,0.3617,-1.1844,5.0702,0.3617
1520,0.7412714049981733,2.410748714301181,4.2358,-0.0339,-1.1303,3.0716,-1.1613501202,-0.4943296837,-2.6093,6.4839,0.3612,-1.1810,5.0556,0.3612
1521,0.7412714049981733,2.411748714301181,4.2242,-0.0336,-1.1262,3.0644,-1.1613501202,-0.4943296837,-2.6037,6.4671,0.3608,-1.1776,5.0410,0.3608
1522,0.7412714049981733,2.412748714301181,4.2125,-0.0334,-1.1220,3.0571,-1.1613501202,-0.4943296837,-2.5980,6.4502,0.3603,-1.1742,5.0264,0.3603
1523,0.7412714049981733,2.413748714301181,4.2009,-0.0332,-1.1179,3.0498,-1.1613501202,-0.4943296837,-2.5924,6.4334,0.3599,-1.1709,5.0119,0.3599
1524,0.7412714049981733,2.4147487143011808,4.1893,-0.0330,-1.1138,3.0426,-1.1613501202,-0.4943296837,-2.5868,6.4167,0.3594,-1.1676,4.9975,0.3594
1525,0.7412714049981733,2.4157487143011807,4.1778,-0.0327,-1.1097,3.0354,-1.1613501202,-0.4943296837,-2.5812,6.4000,0.3590,-1.1642,4.9830,0.3590
1526,0.7412714049981733,2.4167487143011805,4.1663,-0.0325,-1.1056,3.0282,-1.1613501202,-0.4943296837,-2.5756,6.3833,0.3585,-1.1609,4.9686,0.3585
1527,0.7412539525917361,2.417748561996337,4.1548,-0.0323,-1.1015,3.0210,-1.1613501315,-0.4943296837,-2.5700,6.3667,0.3581,-1.1576,4.9543,0.3581
1528,0.7412539525917361,2.418748561996337,4.1433,-0.0320,-1.0975,3.0138,-1.1613501315,-0.4943296837,-2.5644,6.3501,0.3576,-1.1543,4.9400,0.3576
1529,0.7412539525917361,2.419748561996337,4.1319,-0.0318,-1.0934,3.0067,-1.1613501315,-0.4943296837,-2.5588,6.3335,0.3572,-1.1510,4.9257,0.3572
1530,0.7412539525917361,2.4207485619963367,4.1205,-0.0316,-1.0894,2.9995,-1.1613501315,-0.4943296837,-2.5533,6.3170,0.3567,-1.1477,4.9115,0.3567
1531,0.7412539525917361,2.4217485619963366,4.1091,-0.0314,-1.0854,2.9923,-1.1613501315,-0.4943296837,-2.5477,6.3006,0.3562,-1.1444,4.8973,0.3562
1532,0.7412539525917361,2.4227485619963365,4.0978,-0.0312,-1.0814,2.9852,-1.1613501315,-0.4943296837,-2.5422,6.2842,0.3558,-1.1412,4.8832,0.3558
1533,0.7412365001852989,2.423748409691493,4.0865,-0.0309,-1.0774,2.9781,-1.1613501423,-0.4943296837,-2.5366,6.2678,0.3553,-1.1379,4.8691,0.3553
1534,0.7412365001852989,2.424748409691493,4.0752,-0.0307,-1.0735,2.9710,-1.1613501423,-0.4943296837,-2.5311,6.2515,0.3548,-1.1346,4.8550,0.3548
1535,0.7412365001852989,2.4257484096914927,4.0640,-0.0305,-1.0695,2.9639,-1.1613501423,-0.4943296837,-2.5256,6.2352,0.3544,-1.1314,4.8410,0.3544
1536,0.7412365001852989,2.4267484096914926,4.0527,-0.0303,-1.0656,2.9568,-1.1613501423,-0.4943296837,-2.5201,6.2190,0.3539,-1.1282,4.8270,0.3539
1537,0.7412365001852989,2.4277484096914925,4.0415,-0.0301,-1.0617,2.9498,-1.1613501423,-0.4943296837,-2.5146,6.2028,0.3534,-1.1249,4.8131,0.3534
1538,0.7412365001852989,2.4287484096914924,4.0304,-0.0299,-1.0578,2.9427,-1.1613501423,-0.4943296837,-2.5091,6.1866,0.3529,-1.1217,4.7992,0.3529
1539,0.7412365001852989,2.4297484096914923,4.0192,-0.0297,-1.0539,2.9357,-1.1613501423,-0.4943296837,-2.5037,6.1705,0.3525,-1.1185,4.7853,0.3525
1540,0.7412365001852989,2.430748409691492,4.0081,-0.0295,-1.0500,2.9287,-1.1613501423,-0.4943296837,-2.4982,6.1544,0.3520,-1.1153,4.7715,0.3520
1541,0.7412365001852989,2.431748409691492,3.9971,-0.0292,-1.0462,2.9216,-1.1613501423,-0.4943296837,-2.4928,6.1384,0.3515,-1.1121,4.7577,0.3515
1542,0.7412190477788616,2.432748257386649,3.9860,-0.0290,-1.0423,2.9147,-1.1613501528,-0.4943296837,-2.4874,6.1224,0.3510,-1.1090,4.7440,0.3510
1543,0.7412190477788616,2.4337482573866485,3.9750,-0.0288,-1.0385,2.9077,-1.1613501528,-0.4943296837,-2.4819,6.1064,0.3505,-1.1058,4.7303,0.3505
1544,0.7412190477788616,2.4347482573866484,3.9640,-0.0286,-1.0347,2.9007,-1.1613501528,-0.4943296837,-2.4765,6.0905,0.3500,-1.1026,4.7166,0.3500
1545,0.7412190477788616,2.435748257386648,3.9530,-0.0284,-1.0309,2.8937,-1.1613501528,-0.4943296837,-2.4711,6.0746,0.3495,-1.0995,4.7030,0.3495
1546,0.7412190477788616,2.436748257386648,3.9421,-0.0282,-1.0271,2.8868,-1.1613501528,-0.4943296837,-2.4657,6.0588,0.3490,-1.0963,4.6894,0.3490
1547,0.7412190477788616,2.437748257386648,3.9312,-0.0280,-1.0233,2.8799,-1.1613501528,-0.4943296837,-2.4603,6.0430,0.3486,-1.0932,4.6758,0.3486
1548,0.7412190477788616,2.438748257386648,3.9203,-0.0278,-1.0196,2.8729,-1.1613501528,-0.4943296837,-2.4550,6.0272,0.3481,-1.0901,4.6623,0.3481
1549,0.7412015953724244,2.4397481050818044,3.9095,-0.0276,-1.0158,2.8660,-1.1613501629,-0.4943296837,-2.4496,6.0115,0.3476,-1.0869,4.6489,0.3476
1550,0.7412015953724244,2.4407481050818043,3.8987,-0.0274,-1.0121,2.8591,-1.1613501629,-0.4943296837,-2.4443,5.9959,0.3471,-1.0838,4.6354,0.3471
1551,0.7412015953724244,2.441748105081804,3.8879,-0.0272,-1.0084,2.8522,-1.1613501629,-0.4943296837,-2.4389,5.9802,0.3466,-1.0807,4.6220,0.3466
1552,0.7412015953724244,2.442748105081804,3.8771,-0.0270,-1.0047,2.8454,-1.1613501629,-0.4943296837,-2.4336,5.9646,0.3461,-1.0776,4.6087,0.3461
1553,0.7412015953724244,2.443748105081804,3.8664,-0.0269,-1.0010,2.8385,-1.1613501629,-0.4943296837,-2.4283,5.9491,0.3455,-1.0745,4.5954,0.3455
1554,0.7412015953724244,2.444748105081804,3.8557,-0.0267,-0.9973,2.8317,-1.1613501629,-0.4943296837,-2.4230,5.9336,0.3450,-1.0715,4.5821,0.3450
1555,0.7412015953724244,2.445748105081804,3.8450,-0.0265,-0.9937,2.8248,-1.1613501629,-0.4943296837,-2.4177,5.9181,0.3445,-1.0684,4.5689,0.3445
1556,0.7412015953724244,2.446748105081804,3.8343,-0.0263,-0.9900,2.8180,-1.1613501629,-0.4943296837,-2.4124,5.9027,0.3440,-1.0653,4.5557,0.3440
1557,0.7412015953724244,2.4477481050818035,3.8237,-0.0261,-0.9864,2.8112,-1.1613501629,-0.4943296837,-2.4071,5.8873,0.3435,-1.0623,4.5425,0.3435
1558,0.7411841429659871,2.44874795277696,3.8131,-0.0259,-0.9828,2.8044,-1.1613501725,-0.4943296837,-2.4018,5.8719,0.3430,-1.0592,4.5294,0.3430
1559,0.7411841429659871,2.44974795277696,3.8025,-0.0257,-0.9792,2.7976,-1.1613501725,-0.4943296837,-2.3966,5.8566,0.3425,-1.0562,4.5163,0.3425
1560,0.7411841429659871,2.45074795277696,3.7920,-0.0255,-0.9756,2.7908,-1.1613501725,-0.4943296837,-2.3913,5.8413,0.3419,-1.0532,4.5032,0.3419
1561,0.7411841429659871,2.45174795277696,3.7815,-0.0254,-0.9720,2.7841,-1.1613501725,-0.4943296837,-2.3861,5.8261,0.3414,-1.0502,4.4902,0.3414
1562,0.7411841429659871,2.45274795277696,3.7710,-0.0252,-0.9685,2.7773,-1.1613501725,-0.4943296837,-2.3808,5.8109,0.3409,-1.0472,4.4772,0.3409
1563,0.7411841429659871,2.4537479527769595,3.7605,-0.0250,-0.9649,2.7706,-1.1613501725,-0.4943296837,-2.3756,5.7957,0.3404,-1.0442,4.4643,0.3404
1564,0.7411841429659871,2.45474795277696,3.7501,-0.0248,-0.9614,2.7638,-1.1613501725,-0.4943296837,-2.3704,5.7806,0.3399,-1.0412,4.4514,0.3399
1565,0.7411841429659871,2.4557479527769592,3.7397,-0.0246,-0.9579,2.7571,-1.1613501725,-0.4943296837,-2.3652,5.7655,0.3393,-1.0382,4.4385,0.3393
1566,0.7411841429659871,2.456747952776959,3.7293,-0.0245,-0.9544,2.7504,-1.1613501725,-0.4943296837,-2.3600,5.7505,0.3388,-1.0352,4.4257,0.3388
1567,0.7411666905595499,2.457747800472116,3.7189,-0.0243,-0.9509,2.7438,-1.1613501818,-0.4943296838,-2.3549,5.7355,0.3383,-1.0322,4.4129,0.3383
1568,0.7411666905595499,2.4587478004721155,3.7086,-0.0241,-0.9474,2.7371,-1.1613501818,-0.4943296838,-2.3497,5.7205,0.3377,-1.0293,4.4001,0.3377
1569,0.7411666905595499,2.4597478004721154,3.6983,-0.0239,-0.9439,2.7304,-1.1613501818,-0.4943296838,-2.3445,5.7056,0.3372,-1.0263,4.3874,0.3372
1570,0.7411666905595499,2.460747800472116,3.6880,-0.0238,-0.9405,2.7237,-1.1613501818,-0.4943296838,-2.3394,5.6907,0.3366,-1.0234,4.3747,0.3366
1571,0.7411666905595499,2.461747800472115,3.6777,-0.0236,-0.9370,2.7171,-1.1613501818,-0.4943296838,-2.3342,5.6759,0.3361,-1.0204,4.3621,0.3361
1572,0.7411666905595499,2.462747800472115,3.6675,-0.0234,-0.9336,2.7105,-1.1613501818,-0.4943296838,-2.3291,5.6611,0.3356,-1.0175,4.3495,0.3356
1573,0.7411666905595499,2.463747800472115,3.6573,-0.0233,-0.9302,2.7038,-1.1613501818,-0.4943296838,-2.3240,5.6463,0.3350,-1.0146,4.3369,0.3350
1574,0.7411666905595499,2.464747800472115,3.6471,-0.0231,-0.9268,2.6972,-1.1613501818,-0.4943296838,-2.3189,5.6316,0.3345,-1.0117,4.3244,0.3345
1575,0.7411666905595499,2.4657478004721147,3.6370,-0.0229,-0.9234,2.6906,-1.1613501818,-0.4943296838,-2.3138,5.6169,0.3339,-1.0088,4.3118,0.3339
1576,0.7411666905595499,2.4667478004721146,3.6269,-0.0228,-0.9201,2.6841,-1.1613501818,-0.4943296838,-2.3087,5.6022,0.3334,-1.0059,4.2994,0.3334
1577,0.7411492381531126,2.467747648167271,3.6168,-0.0226,-0.9167,2.6775,-1.1613501906,-0.4943296838,-2.3036,5.5876,0.3328,-1.0030,4.2869,0.3328
1578,0.7411492381531126,2.468747648167271,3.6067,-0.0224,-0.9133,2.6709,-1.1613501906,-0.4943296838,-2.2986,5.5730,0.3323,-1.0001,4.2745,0.3323
1579,0.7411492381531126,2.469747648167271,3.5966,-0.0223,-0.9100,2.6644,-1.1613501906,-0.4943296838,-2.2935,5.5584,0.3317,-0.9972,4.2622,0.3317
1580,0.7411492381531126,2.4707476481672708,3.5866,-0.0221,-0.9067,2.6578,-1.1613501906,-0.4943296838,-2.2885,5.5439,0.3311,-0.9944,4.2499,0.3311
1581,0.7411492381531126,2.4717476481672707,3.5766,-0.0219,-0.9034,2.6513,-1.1613501906,-0.4943296838,-2.2834,5.5295,0.3306,-0.9915,4.2376,0.3306
1582,0.7411492381531126,2.4727476481672706,3.5666,-0.0218,-0.9001,2.6448,-1.1613501906,-0.4943296838,-2.2784,5.5150,0.3300,-0.9887,4.2253,0.3300
1583,0.7411492381531126,2.4737476481672704,3.5567,-0.0216,-0.8968,2.6383,-1.1613501906,-0.4943296838,-2.2734,5.5006,0.3294,-0.9858,4.2131,0.3294
1584,0.7411492381531126,2.4747476481672703,3.5468,-0.0215,-0.8935,2.6318,-1.1613501906,-0.4943296838,-2.2684,5.4863,0.3289,-0.9830,4.2009,0.3289
1585,0.7411492381531126,2.47574764816727,3.5369,-0.0213,-0.8903,2.6253,-1.1613501906,-0.4943296838,-2.2634,5.4719,0.3283,-0.9802,4.1887,0.3283
1586,0.7411317857466754,2.4767474958624267,3.5270,-0.0211,-0.8870,2.6189,-1.1613501991,-0.4943296838,-2.2584,5.4576,0.3277,-0.9774,4.1766,0.3277
1587,0.7411317857466754,2.4777474958624266,3.5172,-0.0210,-0.8838,2.6124,-1.1613501991,-0.4943296838,-2.2534,5.4434,0.3272,-0.9746,4.1645,0.3272
1588,0.7411317857466754,2.4787474958624265,3.5073,-0.0208,-0.8805,2.6060,-1.1613501991,-0.4943296838,-2.2484,5.4292,0.3266,-0.9718,4.1525,0.3266
1589,0.7411317857466754,2.4797474958624264,3.4975,-0.0207,-0.8773,2.5995,-1.1613501991,-0.4943296838,-2.2435,5.4150,0.3260,-0.9690,4.1405,0.3260
1590,0.7411317857466754,2.4807474958624263,3.4878,-0.0205,-0.8741,2.5931,-1.1613501991,-0.4943296838,-2.2385,5.4008,0.3254,-0.9662,4.1285,0.3254
1591,0.7411317857466754,2.481747495862426,3.4780,-0.0204,-0.8709,2.5867,-1.1613501991,-0.4943296838,-2.2336,5.3867,0.3249,-0.9634,4.1166,0.3249
1592,0.7411317857466754,2.482747495862426,3.4683,-0.0202,-0.8678,2.5803,-1.1613501991,-0.4943296838,-2.2286,5.3727,0.3243,-0.9606,4.1046,0.3243
1593,0.7411317857466754,2.483747495862426,3.4586,-0.0201,-0.8646,2.5739,-1.1613501991,-0.4943296838,-2.2237,5.3586,0.3237,-0.9579,4.0928,0.3237
1594,0.7411317857466754,2.484747495862426,3.4489,-0.0200,-0.8615,2.5675,-1.1613501991,-0.4943296838,-2.2188,5.3446,0.3231,-0.9551,4.0809,0.3231
1595,0.7411143333402381,2.4857473435575823,3.4393,-0.0198,-0.8583,2.5612,-1.1613502071,-0.4943296838,-2.2139,5.3307,0.3225,-0.9524,4.0691,0.3225
1596,0.7411143333402381,2.486747343557582,3.4297,-0.0197,-0.8552,2.5548,-1.1613502071,-0.4943296838,-2.2090,5.3167,0.3219,-0.9496,4.0573,0.3219
1597,0.7411143333402381,2.487747343557582,3.4201,-0.0195,-0.8521,2.5485,-1.1613502071,-0.4943296838,-2.2041,5.3028,0.3213,-0.9469,4.0456,0.3213
1598,0.7411143333402381,2.488747343557582,3.4105,-0.0194,-0.8490,2.5421,-1.1613502071,-0.4943296838,-2.1993,5.2890,0.3208,-0.9442,4.0339,0.3208
1599,0.7411143333402381,2.489747343557582,3.4009,-0.0192,-0.8459,2.5358,-1.1613502071,-0.4943296838,-2.1944,5.2752,0.3202,-0.9414,4.0222,0.3202
1600,0.7411143333402381,2.4907473435575818,3.3914,-0.0191,-0.8428,2.5295,-1.1613502071,-0.4943296838,-2.1895,5.2614,0.3196,-0.9387,4.0106,0.3196
1601,0.7411143333402381,2.4917473435575817,3.3819,-0.0190,-0.8397,2.5232,-1.1613502071,-0.4943296838,-2.1847,5.2476,0.3190,-0.9360,3.9990,0.3190
1602,0.7411143333402381,2.492747343557581,3.3724,-0.0188,-0.8367,2.5169,-1.1613502071,-0.4943296838,-2.1799,5.2339,0.3184,-0.9333,3.9874,0.3184
1603,0.7411143333402381,2.493747343557581,3.3630,-0.0187,-0.8337,2.5106,-1.1613502071,-0.4943296838,-2.1750,5.2202,0.3178,-0.9307,3.9758,0.3178
1604,0.7411143333402381,2.4947473435575813,3.3535,-0.0185,-0.8306,2.5044,-1.1613502071,-0.4943296838,-2.1702,5.2066,0.3172,-0.9280,3.9643,0.3172
1605,0.7410968809338009,2.495747191252738,3.3441,-0.0184,-0.8276,2.4981,-1.1613502147,-0.4943296838,-2.1654,5.1930,0.3165,-0.9253,3.9529,0.3165
1606,0.7410968809338009,2.4967471912527377,3.3347,-0.0183,-0.8246,2.4919,-1.1613502147,-0.4943296838,-2.1606,5.1794,0.3159,-0.9226,3.9414,0.3159
1607,0.7410968809338009,2.4977471912527376,3.3254,-0.0181,-0.8216,2.4856,-1.1613502147,-0.4943296838,-2.1558,5.1659,0.3153,-0.9200,3.9300,0.3153
1608,0.7410968809338009,2.498747191252737,3.3160,-0.0180,-0.8186,2.4794,-1.1613502147,-0.4943296838,-2.1511,5.1524,0.3147,-0.9173,3.9186,0.3147
1609,0.7410968809338009,2.4997471912527374,3.3067,-0.0179,-0.8156,2.4732,-1.1613502147,-0.4943296838,-2.1463,5.1389,0.3141,-0.9147,3.9073,0.3141
1610,0.7410968809338009,2.5007471912527373,3.2974,-0.0178,-0.8127,2.4670,-1.1613502147,-0.4943296838,-2.1415,5.1255,0.3135,-0.9120,3.8960,0.3135
1611,0.7410968809338009,2.501747191252737,3.2881,-0.0176,-0.8097,2.4608,-1.1613502147,-0.4943296838,-2.1368,5.1121,0.3129,-0.9094,3.8847,0.3129
1612,0.7410968809338009,2.502747191252737,3.2789,-0.0175,-0.8068,2.4546,-1.1613502147,-0.4943296838,-2.1320,5.0987,0.3123,-0.9068,3.8734,0.3123
1613,0.7410968809338009,2.503747191252737,3.2697,-0.0174,-0.8039,2.4485,-1.1613502147,-0.4943296838,-2.1273,5.0853,0.3116,-0.9042,3.8622,0.3116
1614,0.7410968809338009,2.504747191252737,3.2605,-0.0172,-0.8009,2.4423,-1.1613502147,-0.4943296838,-2.1226,5.0720,0.3110,-0.9016,3.8510,0.3110
1615,0.7410968809338009,2.5057471912527367,3.2513,-0.0171,-0.7980,2.4361,-1.1613502147,-0.4943296838,-2.1179,5.0588,0.3104,-0.8990,3.8399,0.3104
1616,0.7410794285273636,2.506747038947893,3.2421,-0.0170,-0.7951,2.4300,-1.1613502219,-0.4943296838,-2.1132,5.0456,0.3098,-0.8964,3.8287,0.3098
1617,0.7410794285273636,2.507747038947893,3.2330,-0.0169,-0.7922,2.4239,-1.1613502219,-0.4943296838,-2.1085,5.0324,0.3091,-0.8938,3.8177,0.3091
1618,0.7410794285273636,2.508747038947893,3.2239,-0.0167,-0.7894,2.4178,-1.1613502219,-0.4943296838,-2.1038,5.0192,0.3085,-0.8912,3.8066,0.3085
1619,0.7410794285273636,2.509747038947893,3.2148,-0.0166,-0.7865,2.4117,-1.1613502219,-0.4943296838,-2.0991,5.0061,0.3079,-0.8886,3.7956,0.3079
1620,0.7410794285273636,2.5107470389478928,3.2058,-0.0165,-0.7837,2.4056,-1.1613502219,-0.4943296838,-2.0945,4.9930,0.3073,-0.8861,3.7846,0.3073
1621,0.7410794285273636,2.5117470389478926,3.1967,-0.0164,-0.7808,2.3995,-1.1613502219,-0.4943296838,-2.0898,4.9799,0.3066,-0.8835,3.7736,0.3066
1622,0.7410794285273636,2.5127470389478925,3.1877,-0.0163,-0.7780,2.3934,-1.1613502219,-0.4943296838,-2.0852,4.9669,0.3060,-0.8810,3.7627,0.3060
1623,0.7410794285273636,2.5137470389478924,3.1787,-0.0162,-0.7752,2.3874,-1.1613502219,-0.4943296838,-2.0805,4.9539,0.3054,-0.8784,3.7518,0.3054
1624,0.7410794285273636,2.5147470389478923,3.1697,-0.0160,-0.7724,2.3813,-1.1613502219,-0.4943296838,-2.0759,4.9409,0.3047,-0.8759,3.7409,0.3047
1625,0.7410619761209264,2.515746886643049,3.1608,-0.0159,-0.7696,2.3753,-1.1613502287,-0.4943296838,-2.0713,4.9280,0.3041,-0.8734,3.7301,0.3041
1626,0.7410619761209264,2.5167468866430487,3.1518,-0.0158,-0.7668,2.3693,-1.1613502287,-0.4943296838,-2.0667,4.9151,0.3034,-0.8708,3.7193,0.3034
1627,0.7410619761209264,2.517746886643049,3.1429,-0.0157,-0.7640,2.3632,-1.1613502287,-0.4943296838,-2.0621,4.9022,0.3028,-0.8683,3.7085,0.3028
1628,0.7410619761209264,2.5187468866430485,3.1341,-0.0156,-0.7612,2.3572,-1.1613502287,-0.4943296838,-2.0575,4.8894,0.3021,-0.8658,3.6977,0.3021
1629,0.7410619761209264,2.5197468866430484,3.1252,-0.0155,-0.7585,2.3512,-1.1613502287,-0.4943296838,-2.0529,4.8766,0.3015,-0.8633,3.6870,0.3015
1630,0.7410619761209264,2.520746886643048,3.1164,-0.0154,-0.7558,2.3452,-1.1613502287,-0.4943296838,-2.0483,4.8638,0.3009,-0.8608,3.6763,0.3009
1631,0.7410619761209264,2.521746886643048,3.1075,-0.0152,-0.7530,2.3393,-1.1613502287,-0.4943296838,-2.0438,4.8511,0.3002,-0.8583,3.6657,0.3002
1632,0.7410619761209264,2.522746886643048,3.0987,-0.0151,-0.7503,2.3333,-1.1613502287,-0.4943296838,-2.0392,4.8384,0.2995,-0.8559,3.6551,0.2995
1633,0.7410619761209264,2.523746886643048,3.0900,-0.0150,-0.7476,2.3273,-1.1613502287,-0.4943296838,-2.0347,4.8257,0.2989,-0.8534,3.6445,0.2989
1634,0.7410619761209264,2.524746886643048,3.0812,-0.0149,-0.7449,2.3214,-1.1613502287,-0.4943296838,-2.0301,4.8131,0.2982,-0.8509,3.6339,0.2982
1635,0.7410619761209264,2.525746886643048,3.0725,-0.0148,-0.7422,2.3155,-1.1613502287,-0.4943296838,-2.0256,4.8005,0.2976,-0.8485,3.6234,0.2976
1636,0.7410619761209264,2.526746886643048,3.0638,-0.0147,-0.7395,2.3095,-1.1613502287,-0.4943296838,-2.0211,4.7879,0.2969,-0.8460,3.6129,0.2969
1637,0.7410445237144891,2.527746734338204,3.0551,-0.0146,-0.7368,2.3036,-1.1613502351,-0.4943296838,-2.0166,4.7754,0.2963,-0.8436,3.6024,0.2963
1638,0.7410445237144891,2.528746734338204,3.0464,-0.0145,-0.7342,2.2977,-1.1613502351,-0.4943296838,-2.0121,4.7629,0.2956,-0.8411,3.5919,0.2956
1639,0.7410445237144891,2.529746734338204,3.0378,-0.0144,-0.7315,2.2918,-1.1613502351,-0.4943296838,-2.0076,4.7504,0.2949,-0.8387,3.5815,0.2949
1640,0.7410445237144891,2.530746734338204,3.0291,-0.0143,-0.7289,2.2860,-1.1613502351,-0.4943296838,-2.0031,4.7380,0.2943,-0.8363,3.5711,0.2943
1641,0.7410445237144891,2.531746734338204,3.0205,-0.0142,-0.7263,2.2801,-1.1613502351,-0.4943296838,-1.9986,4.7256,0.2936,-0.8339,3.5608,0.2936
1642,0.7410445237144891,2.5327467343382035,3.0120,-0.0141,-0.7237,2.2742,-1.1613502351,-0.4943296838,-1.9942,4.7132,0.2930,-0.8314,3.5505,0.2930
1643,0.7410445237144891,2.5337467343382034,3.0034,-0.0140,-0.7210,2.2684,-1.1613502351,-0.4943296838,-1.9897,4.7008,0.2923,-0.8290,3.5402,0.2923
1644,0.7410445237144891,2.534746734338204,2.9949,-0.0139,-0.7184,2.2625,-1.1613502351,-0.4943296838,-1.9853,4.6885,0.2916,-0.8266,3.5299,0.2916
1645,0.7410445237144891,2.535746734338203,2.9864,-0.0138,-0.7159,2.2567,-1.1613502351,-0.4943296838,-1.9808,4.6762,0.2909,-0.8242,3.5197,0.2909
1646,0.7410445237144891,2.536746734338203,2.9779,-0.0137,-0.7133,2.2509,-1.1613502351,-0.4943296838,-1.9764,4.6640,0.2903,-0.8219,3.5094,0.2903
1647,0.7410445237144891,2.537746734338203,2.9694,-0.0136,-0.7107,2.2451,-1.1613502351,-0.4943296838,-1.9720,4.6518,0.2896,-0.8195,3.4993,0.2896
1648,0.7410445237144891,2.538746734338203,2.9609,-0.0135,-0.7082,2.2393,-1.1613502351,-0.4943296838,-1.9676,4.6396,0.2889,-0.8171,3.4891,0.2889
1649,0.7410445237144891,2.5397467343382027,2.9525,-0.0134,-0.7056,2.2335,-1.1613502351,-0.4943296838,-1.9632,4.6274,0.2883,-0.8147,3.4790,0.2883
1650,0.7410270713080519,2.5407465820333592,2.9441,-0.0133,-0.7031,2.2277,-1.1613502410,-0.4943296838,-1.9588,4.6153,0.2876,-0.8124,3.4689,0.2876
1651,0.7410270713080519,2.541746582033359,2.9357,-0.0132,-0.7005,2.2220,-1.1613502410,-0.4943296838,-1.9544,4.6032,0.2869,-0.8100,3.4588,0.2869
1652,0.7410270713080519,2.542746582033359,2.9273,-0.0131,-0.6980,2.2162,-1.1613502410,-0.4943296838,-1.9500,4.5911,0.2862,-0.8077,3.4488,0.2862
1653,0.7410270713080519,2.543746582033359,2.9190,-0.0130,-0.6955,2.2105,-1.1613502410,-0.4943296838,-1.9456,4.5791,0.2855,-0.8054,3.4388,0.2855
1654,0.7410270713080519,2.544746582033359,2.9107,-0.0129,-0.6930,2.2047,-1.1613502410,-0.4943296838,-1.9413,4.5671,0.2849,-0.8030,3.4288,0.2849
1655,0.7410270713080519,2.5457465820333587,2.9024,-0.0128,-0.6905,2.1990,-1.1613502410,-0.4943296838,-1.9369,4.5551,0.2842,-0.8007,3.4189,0.2842
1656,0.7410270713080519,2.5467465820333586,2.8941,-0.0127,-0.6880,2.1933,-1.1613502410,-0.4943296838,-1.9326,4.5432,0.2835,-0.7984,3.4089,0.2835
1657,0.7410270713080519,2.5477465820333585,2.8858,-0.0126,-0.6856,2.1876,-1.1613502410,-0.4943296838,-1.9283,4.5313,0.2828,-0.7961,3.3991,0.2828
1658,0.7410270713080519,2.5487465820333584,2.8776,-0.0126,-0.6831,2.1819,-1.1613502410,-0.4943296838,-1.9239,4.5194,0.2821,-0.7938,3.3892,0.2821
1659,0.7410270713080519,2.5497465820333582,2.8693,-0.0125,-0.6806,2.1762,-1.1613502410,-0.4943296838,-1.9196,4.5075,0.2814,-0.7915,3.3794,0.2814
1660,0.7410270713080519,2.550746582033358,2.8611,-0.0124,-0.6782,2.1706,-1.1613502410,-0.4943296838,-1.9153,4.4957,0.2807,-0.7892,3.3695,0.2807
1661,0.7410270713080519,2.551746582033358,2.8530,-0.0123,-0.6758,2.1649,-1.1613502410,-0.4943296838,-1.9110,4.4839,0.2801,-0.7869,3.3598,0.2801
1662,0.7410270713080519,2.552746582033358,2.8448,-0.0122,-0.6734,2.1592,-1.1613502410,-0.4943296838,-1.9067,4.4722,0.2794,-0.7846,3.3500,0.2794
1663,0.7410096189016147,2.5537464297285144,2.8367,-0.0121,-0.6709,2.1536,-1.1613502466,-0.4943296838,-1.9025,4.4604,0.2787,-0.7823,3.3403,0.2787
1664,0.7410096189016147,2.5547464297285143,2.8285,-0.0120,-0.6685,2.1480,-1.1613502466,-0.4943296838,-1.8982,4.4487,0.2780,-0.7800,3.3306,0.2780
1665,0.7410096189016147,2.555746429728514,2.8204,-0.0119,-0.6661,2.1424,-1.1613502466,-0.4943296838,-1.8939,4.4371,0.2773,-0.7778,3.3209,0.2773
1666,0.7410096189016147,2.556746429728514,2.8124,-0.0119,-0.6637,2.1368,-1.1613502466,-0.4943296838,-1.8897,4.4254,0.2766,-0.7755,3.3113,0.2766
1667,0.7410096189016147,2.557746429728514,2.8043,-0.0118,-0.6614,2.1312,-1.1613502466,-0.4943296838,-1.8854,4.4138,0.2759,-0.7733,3.3017,0.2759
1668,0.7410096189016147,2.558746429728514,2.7963,-0.0117,-0.6590,2.1256,-1.1613502466,-0.4943296838,-1.8812,4.4022,0.2752,-0.7710,3.2921,0.2752
1669,0.7410096189016147,2.5597464297285137,2.7882,-0.0116,-0.6566,2.1200,-1.1613502466,-0.4943296838,-1.8770,4.3907,0.2745,-0.7688,3.2825,0.2745
1670,0.7410096189016147,2.5607464297285136,2.7803,-0.0115,-0.6543,2.1144,-1.1613502466,-0.4943296838,-1.8728,4.3792,0.2738,-0.7666,3.2730,0.2738
1671,0.7410096189016147,2.561746429728513,2.7723,-0.0114,-0.6520,2.1089,-1.1613502466,-0.4943296838,-1.8685,4.3677,0.2731,-0.7643,3.2635,0.2731
1672,0.7410096189016147,2.5627464297285134,2.7643,-0.0114,-0.6496,2.1033,-1.1613502466,-0.4943296838,-1.8643,4.3562,0.2724,-0.7621,3.2540,0.2724
1673,0.7410096189016147,2.5637464297285133,2.7564,-0.0113,-0.6473,2.0978,-1.1613502466,-0.4943296838,-1.8601,4.3448,0.2717,-0.7599,3.2446,0.2717
1674,0.7409921664951774,2.56474627742367,2.7485,-0.0112,-0.6450,2.0923,-1.1613502518,-0.4943296838,-1.8560,4.3334,0.2710,-0.7577,3.2351,0.2710
1675,0.7409921664951774,2.5657462774236697,2.7406,-0.0111,-0.6427,2.0868,-1.1613502518,-0.4943296838,-1.8518,4.3220,0.2703,-0.7555,3.2257,0.2703
1676,0.7409921664951774,2.5667462774236696,2.7327,-0.0110,-0.6404,2.0813,-1.1613502518,-0.4943296838,-1.8476,4.3107,0.2696,-0.7533,3.2164,0.2696
1677,0.7409921664951774,2.567746277423669,2.7248,-0.0110,-0.6381,2.0758,-1.1613502518,-0.4943296838,-1.8435,4.2994,0.2690,-0.7511,3.2070,0.2690
1678,0.7409921664951774,2.5687462774236693,2.7170,-0.0109,-0.6358,2.0703,-1.1613502518,-0.4943296838,-1.8393,4.2881,0.2683,-0.7489,3.1977,0.2683
1679,0.7409921664951774,2.569746277423669,2.7092,-0.0108,-0.6336,2.0648,-1.1613502518,-0.4943296838,-1.8352,4.2768,0.2676,-0.7468,3.1884,0.2676
1680,0.7409921664951774,2.570746277423669,2.7014,-0.0107,-0.6313,2.0594,-1.1613502518,-0.4943296838,-1.8310,4.2656,0.2669,-0.7446,3.1792,0.2669
1681,0.7409921664951774,2.571746277423669,2.6936,-0.0107,-0.6290,2.0539,-1.1613502518,-0.4943296838,-1.8269,4.2544,0.2662,-0.7424,3.1699,0.2662
1682,0.7409921664951774,2.572746277423669,2.6859,-0.0106,-0.6268,2.0485,-1.1613502518,-0.4943296838,-1.8228,4.2432,0.2655,-0.7403,3.1607,0.2655
1683,0.7409921664951774,2.573746277423669,2.6781,-0.0105,-0.6246,2.0431,-1.1613502518,-0.4943296838,-1.8187,4.2321,0.2648,-0.7381,3.1515,0.2648
1684,0.7409921664951774,2.5747462774236687,2.6704,-0.0104,-0.6224,2.0376,-1.1613502518,-0.4943296838,-1.8146,4.2210,0.2641,-0.7360,3.1424,0.2641
1685,0.7409921664951774,2.575746277423669,2.6627,-0.0104,-0.6201,2.0322,-1.1613502518,-0.4943296838,-1.8105,4.2099,0.2633,-0.7338,3.1332,0.2633
1686,0.7409921664951774,2.5767462774236685,2.6551,-0.0103,-0.6179,2.0268,-1.1613502518,-0.4943296838,-1.8064,4.1988,0.2626,-0.7317,3.1241,0.2626
1687,0.7409921664951774,2.5777462774236684,2.6474,-0.0102,-0.6157,2.0214,-1.1613502518,-0.4943296838,-1.8023,4.1878,0.2619,-0.7296,3.1150,0.2619
1688,0.7409921664951774,2.578746277423668,2.6398,-0.0102,-0.6135,2.0161,-1.1613502518,-0.4943296838,-1.7983,4.1768,0.2612,-0.7275,3.1060,0.2612
1689,0.7409921664951774,2.579746277423668,2.6322,-0.0101,-0.6114,2.0107,-1.1613502518,-0.4943296838,-1.7942,4.1658,0.2605,-0.7253,3.0970,0.2605
1690,0.7409921664951774,2.580746277423668,2.6246,-0.0100,-0.6092,2.0053,-1.1613502518,-0.4943296838,-1.7902,4.1549,0.2598,-0.7232,3.0880,0.2598
1691,0.7409921664951774,2.581746277423668,2.6170,-0.0099,-0.6070,2.0000,-1.1613502518,-0.4943296838,-1.7861,4.1440,0.2591,-0.7211,3.0790,0.2591
1692,0.7409747140887402,2.5827461251188244,2.6094,-0.0099,-0.6049,1.9947,-1.1613502565,-0.4943296838,-1.7821,4.1331,0.2584,-0.7190,3.0700,0.2584
1693,0.7409747140887402,2.5837461251188243,2.6019,-0.0098,-0.6027,1.9894,-1.1613502565,-0.4943296838,-1.7781,4.1222,0.2577,-0.7169,3.0611,0.2577
1694,0.7409747140887402,2.584746125118824,2.5944,-0.0097,-0.6006,1.9840,-1.1613502565,-0.4943296838,-1.7740,4.1114,0.2570,-0.7149,3.0522,0.2570
1695,0.7409747140887402,2.585746125118824,2.5869,-0.0097,-0.5985,1.9787,-1.1613502565,-0.4943296838,-1.7700,4.1006,0.2563,-0.7128,3.0433,0.2563
1696,0.7409747140887402,2.586746125118824,2.5794,-0.0096,-0.5963,1.9735,-1.1613502565,-0.4943296838,-1.7660,4.0898,0.2556,-0.7107,3.0345,0.2556
1697,0.7409747140887402,2.587746125118824,2.5719,-0.0095,-0.5942,1.9682,-1.1613502565,-0.4943296838,-1.7620,4.0791,0.2549,-0.7086,3.0256,0.2549
1698,0.7409747140887402,2.588746125118824,2.5645,-0.0095,-0.5921,1.9629,-1.1613502565,-0.4943296838,-1.7581,4.0683,0.2542,-0.7066,3.0169,0.2542
1699,0.7409747140887402,2.589746125118824,2.5571,-0.0094,-0.5900,1.9576,-1.1613502565,-0.4943296838,-1.7541,4.0576,0.2535,-0.7045,3.0081,0.2535
1700,0.7409747140887402,2.5907461251188235,2.5497,-0.0093,-0.5879,1.9524,-1.1613502565,-0.4943296838,-1.7501,4.0470,0.2528,-0.7025,2.9993,0.2528
1701,0.7409747140887402,2.5917461251188234,2.5423,-0.0093,-0.5859,1.9472,-1.1613502565,-0.4943296838,-1.7462,4.0363,0.2521,-0.7004,2.9906,0.2521
1702,0.7409747140887402,2.592746125118824,2.5349,-0.0092,-0.5838,1.9419,-1.1613502565,-0.4943296838,-1.7422,4.0257,0.2514,-0.6984,2.9819,0.2514
1703,0.7409747140887402,2.593746125118823,2.5276,-0.0092,-0.5817,1.9367,-1.1613502565,-0.4943296838,-1.7383,4.0151,0.2507,-0.6963,2.9732,0.2507
1704,0.7409747140887402,2.594746125118823,2.5203,-0.0091,-0.5797,1.9315,-1.1613502565,-0.4943296838,-1.7343,4.0046,0.2500,-0.6943,2.9646,0.2500
1705,0.7409572616823029,2.59574597281398,2.5130,-0.0090,-0.5776,1.9263,-1.1613502609,-0.4943296838,-1.7304,3.9941,0.2493,-0.6923,2.9559,0.2493
1706,0.7409572616823029,2.5967459728139795,2.5057,-0.0090,-0.5756,1.9211,-1.1613502609,-0.4943296838,-1.7265,3.9836,0.2486,-0.6903,2.9473,0.2486
1707,0.7409572616823029,2.59774597281398,2.4984,-0.0089,-0.5735,1.9160,-1.1613502609,-0.4943296838,-1.7226,3.9731,0.2479,-0.6883,2.9388,0.2479
1708,0.7409572616823029,2.5987459728139792,2.4912,-0.0088,-0.5715,1.9108,-1.1613502609,-0.4943296838,-1.7187,3.9626,0.2472,-0.6863,2.9302,0.2472
1709,0.7409572616823029,2.599745972813979,2.4839,-0.0088,-0.5695,1.9056,-1.1613502609,-0.4943296838,-1.7148,3.9522,0.2465,-0.6843,2.9217,0.2465
1710,0.7409572616823029,2.600745972813979,2.4767,-0.0087,-0.5675,1.9005,-1.1613502609,-0.4943296838,-1.7109,3.9418,0.2458,-0.6823,2.9132,0.2458
1711,0.7409572616823029,2.601745972813979,2.4695,-0.0087,-0.5655,1.8954,-1.1613502609,-0.4943296838,-1.7070,3.9314,0.2451,-0.6803,2.9047,0.2451
1712,0.7409572616823029,2.602745972813979,2.4623,-0.0086,-0.5635,1.8902,-1.1613502609,-0.4943296838,-1.7031,3.9211,0.2444,-0.6783,2.8963,0.2444
1713,0.7409572616823029,2.6037459728139787,2.4552,-0.0085,-0.5615,1.8851,-1.1613502609,-0.4943296838,-1.6993,3.9108,0.2437,-0.6763,2.8878,0.2437
1714,0.7409572616823029,2.6047459728139786,2.4481,-0.0085,-0.5596,1.8800,-1.1613502609,-0.4943296838,-1.6954,3.9005,0.2430,-0.6743,2.8794,0.2430
1715,0.7409572616823029,2.6057459728139785,2.4409,-0.0084,-0.5576,1.8749,-1.1613502609,-0.4943296838,-1.6916,3.8902,0.2423,-0.6724,2.8710,0.2423
1716,0.7409572616823029,2.6067459728139784,2.4338,-0.0084,-0.5556,1.8698,-1.1613502609,-0.4943296838,-1.6877,3.8800,0.2416,-0.6704,2.8627,0.2416
1717,0.7409572616823029,2.6077459728139782,2.4268,-0.0083,-0.5537,1.8648,-1.1613502609,-0.4943296838,-1.6839,3.8698,0.2409,-0.6685,2.8543,0.2409
1718,0.7409572616823029,2.608745972813978,2.4197,-0.0083,-0.5517,1.8597,-1.1613502609,-0.4943296838,-1.6801,3.8596,0.2402,-0.6665,2.8460,0.2402
1719,0.7409572616823029,2.609745972813978,2.4127,-0.0082,-0.5498,1.8546,-1.1613502609,-0.4943296838,-1.6763,3.8494,0.2395,-0.6646,2.8377,0.2395
1720,0.7409572616823029,2.610745972813978,2.4056,-0.0081,-0.5479,1.8496,-1.1613502609,-0.4943296838,-1.6724,3.8393,0.2388,-0.6626,2.8295,0.2388
1721,0.7409572616823029,2.611745972813978,2.3986,-0.0081,-0.5460,1.8446,-1.1613502609,-0.4943296838,-1.6686,3.8292,0.2381,-0.6607,2.8212,0.2381
1722,0.7409398092758657,2.6127458205091343,2.3916,-0.0080,-0.5440,1.8396,-1.1613502648,-0.4943296838,-1.6649,3.8191,0.2374,-0.6588,2.8130,0.2374
1723,0.7409398092758657,2.613745820509134,2.3847,-0.0080,-0.5421,1.8346,-1.1613502648,-0.4943296838,-1.6611,3.8091,0.2367,-0.6568,2.8048,0.2367
1724,0.7409398092758657,2.614745820509134,2.3777,-0.0079,-0.5402,1.8296,-1.1613502648,-0.4943296838,-1.6573,3.7990,0.2360,-0.6549,2.7967,0.2360
1725,0.7409398092758657,2.615745820509134,2.3708,-0.0079,-0.5383,1.8246,-1.1613502648,-0.4943296838,-1.6535,3.7890,0.2353,-0.6530,2.7885,0.2353
1726,0.7409398092758657,2.616745820509134,2.3639,-0.0078,-0.5364,1.8196,-1.1613502648,-0.4943296838,-1.6498,3.7791,0.2346,-0.6511,2.7804,0.2346
1727,0.7409398092758657,2.6177458205091337,2.3570,-0.0078,-0.5346,1.8146,-1.1613502648,-0.4943296838,-1.6460,3.7691,0.2339,-0.6492,2.7723,0.2339
1728,0.7409398092758657,2.6187458205091336,2.3501,-0.0077,-0.5327,1.8097,-1.1613502648,-0.4943296838,-1.6423,3.7592,0.2332,-0.6473,2.7642,0.2332
1729,0.7409398092758657,2.619745820509133,2.3432,-0.0077,-0.5308,1.8047,-1.1613502648,-0.4943296838,-1.6385,3.7493,0.2325,-0.6454,2.7562,0.2325
1730,0.7409398092758657,2.6207458205091334,2.3364,-0.0076,-0.5290,1.7998,-1.1613502648,-0.4943296838,-1.6348,3.7394,0.2318,-0.6435,2.7481,0.2318
1731,0.7409398092758657,2.6217458205091333,2.3295,-0.0076,-0.5271,1.7948,-1.1613502648,-0.4943296838,-1.6311,3.7296,0.2311,-0.6416,2.7401,0.2311
1732,0.7409398092758657,2.622745820509133,2.3227,-0.0075,-0.5253,1.7899,-1.1613502648,-0.4943296838,-1.6274,3.7197,0.2304,-0.6398,2.7321,0.2304
1733,0.7409398092758657,2.623745820509133,2.3159,-0.0075,-0.5235,1.7850,-1.1613502648,-0.4943296838,-1.6237,3.7099,0.2297,-0.6379,2.7242,0.2297
1734,0.7409398092758657,2.624745820509133,2.3092,-0.0074,-0.5217,1.7801,-1.1613502648,-0.4943296838,-1.6200,3.7002,0.2290,-0.6360,2.7162,0.2290
1735,0.7409398092758657,2.625745820509133,2.3024,-0.0074,-0.5198,1.7752,-1.1613502648,-0.4943296838,-1.6163,3.6904,0.2283,-0.6342,2.7083,0.2283
1736,0.7409398092758657,2.6267458205091327,2.2957,-0.0073,-0.5180,1.7703,-1.1613502648,-0.4943296838,-1.6126,3.6807,0.2276,-0.6323,2.7004,0.2276
1737,0.7409398092758657,2.6277458205091326,2.2890,-0.0073,-0.5162,1.7655,-1.1613502648,-0.4943296838,-1.6089,3.6710,0.2269,-0.6305,2.6925,0.2269
1738,0.7409398092758657,2.6287458205091325,2.2823,-0.0072,-0.5144,1.7606,-1.1613502648,-0.4943296838,-1.6052,3.6613,0.2262,-0.6286,2.6847,0.2262
1739,0.7409398092758657,2.6297458205091324,2.2756,-0.0072,-0.5126,1.7558,-1.1613502648,-0.4943296838,-1.6016,3.6517,0.2255,-0.6268,2.6769,0.2255
1740,0.7409223568694284,2.630745668204289,2.2689,-0.0071,-0.5108,1.7509,-1.1613502683,-0.4943296838,-1.5979,3.6420,0.2248,-0.6250,2.6691,0.2248
1741,0.7409223568694284,2.631745668204289,2.2622,-0.0071,-0.5091,1.7461,-1.1613502683,-0.4943296838,-1.5943,3.6324,0.2241,-0.6231,2.6613,0.2241
1742,0.7409223568694284,2.6327456682042887,2.2556,-0.0070,-0.5073,1.7413,-1.1613502683,-0.4943296838,-1.5906,3.6229,0.2234,-0.6213,2.6535,0.2234
1743,0.7409223568694284,2.633745668204289,2.2490,-0.0070,-0.5055,1.7365,-1.1613502683,-0.4943296838,-1.5870,3.6133,0.2227,-0.6195,2.6458,0.2227
1744,0.7409223568694284,2.6347456682042885,2.2424,-0.0069,-0.5038,1.7317,-1.1613502683,-0.4943296838,-1.5834,3.6038,0.2220,-0.6177,2.6381,0.2220
1745,0.7409223568694284,2.6357456682042884,2.2358,-0.0069,-0.5020,1.7269,-1.1613502683,-0.4943296838,-1.5798,3.5943,0.2213,-0.6159,2.6304,0.2213
1746,0.7409223568694284,2.636745668204288,2.2293,-0.0068,-0.5003,1.7221,-1.1613502683,-0.4943296838,-1.5762,3.5848,0.2206,-0.6141,2.6227,0.2206
1747,0.7409223568694284,2.637745668204288,2.2227,-0.0068,-0.4986,1.7173,-1.1613502683,-0.4943296838,-1.5726,3.5753,0.2199,-0.6123,2.6150,0.2199
1748,0.7409223568694284,2.638745668204288,2.2162,-0.0067,-0.4968,1.7126,-1.1613502683,-0.4943296838,-1.5690,3.5659,0.2192,-0.6105,2.6074,0.2192
1749,0.7409223568694284,2.639745668204288,2.2097,-0.0067,-0.4951,1.7078,-1.1613502683,-0.4943296838,-1.5654,3.5565,0.2185,-0.6087,2.5998,0.2185
1750,0.7409223568694284,2.640745668204288,2.2032,-0.0067,-0.4934,1.7031,-1.1613502683,-0.4943296838,-1.5618,3.5471,0.2178,-0.6069,2.5922,0.2178
1751,0.7409223568694284,2.641745668204288,2.1967,-0.0066,-0.4917,1.6984,-1.1613502683,-0.4943296839,-1.5582,3.5378,0.2171,-0.6051,2.5847,0.2171
1752,0.7409223568694284,2.642745668204288,2.1902,-0.0066,-0.4900,1.6937,-1.1613502683,-0.4943296839,-1.5547,3.5284,0.2165,-0.6034,2.5771,0.2165
1753,0.7409223568694284,2.6437456682042875,2.1838,-0.0065,-0.4883,1.6889,-1.1613502683,-0.4943296839,-1.5511,3.5191,0.2158,-0.6016,2.5696,0.2158
1754,0.7409223568694284,2.644745668204288,2.1773,-0.0065,-0.4866,1.6842,-1.1613502683,-0.4943296839,-1.5476,3.5099,0.2151,-0.5998,2.5621,0.2151
1755,0.7409223568694284,2.6457456682042872,2.1709,-0.0064,-0.4849,1.6795,-1.1613502683,-0.4943296839,-1.5440,3.5006,0.2144,-0.5981,2.5546,0.2144
1756,0.7409223568694284,2.646745668204287,2.1645,-0.0064,-0.4833,1.6749,-1.1613502683,-0.4943296839,-1.5405,3.4914,0.2137,-0.5963,2.5472,0.2137
1757,0.7409223568694284,2.647745668204287,2.1582,-0.0064,-0.4816,1.6702,-1.1613502683,-0.4943296839,-1.5370,3.4821,0.2130,-0.5946,2.5397,0.2130
1758,0.7409223568694284,2.648745668204287,2.1518,-0.0063,-0.4799,1.6655,-1.1613502683,-0.4943296839,-1.5335,3.4729,0.2123,-0.5928,2.5323,0.2123
1759,0.7409049044629912,2.6497455158994434,2.1454,-0.0063,-0.4783,1.6609,-1.1613502714,-0.4943296839,-1.5299,3.4638,0.2116,-0.5911,2.5249,0.2116
1760,0.7409049044629912,2.650745515899444,2.1391,-0.0062,-0.4766,1.6562,-1.1613502714,-0.4943296839,-1.5264,3.4546,0.2109,-0.5893,2.5175,0.2109
1761,0.7409049044629912,2.651745515899443,2.1328,-0.0062,-0.4750,1.6516,-1.1613502714,-0.4943296839,-1.5229,3.4455,0.2102,-0.5876,2.5102,0.2102
1762,0.7409049044629912,2.652745515899443,2.1265,-0.0061,-0.4734,1.6470,-1.1613502714,-0.4943296839,-1.5195,3.4364,0.2095,-0.5859,2.5029,0.2095
1763,0.7409049044629912,2.653745515899443,2.1202,-0.0061,-0.4717,1.6424,-1.1613502714,-0.4943296839,-1.5160,3.4274,0.2088,-0.5842,2.4956,0.2088
1764,0.7409049044629912,2.654745515899443,2.1139,-0.0061,-0.4701,1.6378,-1.1613502714,-0.4943296839,-1.5125,3.4183,0.2081,-0.5825,2.4883,0.2081
1765,0.7409049044629912,2.6557455158994427,2.1077,-0.0060,-0.4685,1.6332,-1.1613502714,-0.4943296839,-1.5090,3.4093,0.2074,-0.5808,2.4810,0.2074
1766,0.7409049044629912,2.656745515899442,2.1015,-0.0060,-0.4669,1.6286,-1.1613502714,-0.4943296839,-1.5056,3.4003,0.2068,-0.5791,2.4738,0.2068
1767,0.7409049044629912,2.6577455158994425,2.0952,-0.0059,-0.4653,1.6240,-1.1613502714,-0.4943296839,-1.5021,3.3913,0.2061,-0.5774,2.4665,0.2061
1768,0.7409049044629912,2.6587455158994424,2.0890,-0.0059,-0.4637,1.6194,-1.1613502714,-0.4943296839,-1.4987,3.3823,0.2054,-0.5757,2.4593,0.2054
1769,0.7409049044629912,2.6597455158994423,2.0828,-0.0059,-0.4621,1.6149,-1.1613502714,-0.4943296839,-1.4952,3.3734,0.2047,-0.5740,2.4521,0.2047
1770,0.7409049044629912,2.660745515899442,2.0767,-0.0058,-0.4605,1.6103,-1.1613502714,-0.4943296839,-1.4918,3.3645,0.2040,-0.5723,2.4450,0.2040
1771,0.7409049044629912,2.661745515899442,2.0705,-0.0058,-0.4589,1.6058,-1.1613502714,-0.4943296839,-1.4884,3.3556,0.2033,-0.5706,2.4378,0.2033
1772,0.7409049044629912,2.662745515899442,2.0644,-0.0057,-0.4574,1.6013,-1.1613502714,-0.4943296839,-1.4850,3.3467,0.2026,-0.5689,2.4307,0.2026
1773,0.7409049044629912,2.663745515899442,2.0583,-0.0057,-0.4558,1.5967,-1.1613502714,-0.4943296839,-1.4816,3.3379,0.2019,-0.5673,2.4236,0.2019
1774,0.7409049044629912,2.6647455158994418,2.0521,-0.0057,-0.4542,1.5922,-1.1613502714,-0.4943296839,-1.4782,3.3291,0.2012,-0.5656,2.4165,0.2012
1775,0.7409049044629912,2.6657455158994416,2.0461,-0.0056,-0.4527,1.5877,-1.1613502714,-0.4943296839,-1.4748,3.3203,0.2005,-0.5639,2.4095,0.2005
1776,0.7409049044629912,2.666745515899441,2.0400,-0.0056,-0.4511,1.5832,-1.1613502714,-0.4943296839,-1.4714,3.3115,0.1998,-0.5623,2.4024,0.1998
1777,0.7409049044629912,2.6677455158994414,2.0339,-0.0056,-0.4496,1.5788,-1.1613502714,-0.4943296839,-1.4680,3.3028,0.1992,-0.5606,2.3954,0.1992
1778,0.7408874520565539,2.668745363594598,2.0279,-0.0055,-0.4481,1.5743,-1.1613502741,-0.4943296839,-1.4646,3.2940,0.1985,-0.5590,2.3884,0.1985
1779,0.7408874520565539,2.669745363594598,2.0218,-0.0055,-0.4465,1.5698,-1.1613502741,-0.4943296839,-1.4613,3.2853,0.1978,-0.5573,2.3814,0.1978
1780,0.7408874520565539,2.6707453635945977,2.0158,-0.0054,-0.4450,1.5654,-1.1613502741,-0.4943296839,-1.4579,3.2766,0.1971,-0.5557,2.3744,0.1971
1781,0.7408874520565539,2.6717453635945976,2.0098,-0.0054,-0.4435,1.5609,-1.1613502741,-0.4943296839,-1.4545,3.2680,0.1964,-0.5541,2.3675,0.1964
1782,0.7408874520565539,2.672745363594597,2.0038,-0.0054,-0.4420,1.5565,-1.1613502741,-0.4943296839,-1.4512,3.2593,0.1957,-0.5524,2.3606,0.1957
1783,0.7408874520565539,2.6737453635945974,1.9979,-0.0053,-0.4405,1.5521,-1.1613502741,-0.4943296839,-1.4479,3.2507,0.1950,-0.5508,2.3537,0.1950
1784,0.7408874520565539,2.674745363594597,1.9919,-0.0053,-0.4390,1.5476,-1.1613502741,-0.4943296839,-1.4445,3.2421,0.1943,-0.5492,2.3468,0.1943
1785,0.7408874520565539,2.675745363594597,1.9860,-0.0053,-0.4375,1.5432,-1.1613502741,-0.4943296839,-1.4412,3.2335,0.1936,-0.5476,2.3399,0.1936
1786,0.7408874520565539,2.676745363594597,1.9800,-0.0052,-0.4360,1.5388,-1.1613502741,-0.4943296839,-1.4379,3.2250,0.1929,-0.5460,2.3331,0.1929
1787,0.7408874520565539,2.677745363594597,1.9741,-0.0052,-0.4345,1.5344,-1.1613502741,-0.4943296839,-1.4346,3.2165,0.1922,-0.5444,2.3263,0.1922
1788,0.7408874520565539,2.678745363594597,1.9682,-0.0052,-0.4330,1.5300,-1.1613502741,-0.4943296839,-1.4313,3.2080,0.1915,-0.5428,2.3195,0.1915
1789,0.7408874520565539,2.6797453635945967,1.9624,-0.0051,-0.4316,1.5257,-1.1613502741,-0.4943296839,-1.4280,3.1995,0.1909,-0.5412,2.3127,0.1909
1790,0.7408874520565539,2.6807453635945966,1.9565,-0.0051,-0.4301,1.5213,-1.1613502741,-0.4943296839,-1.4247,3.1910,0.1902,-0.5396,2.3059,0.1902
1791,0.7408874520565539,2.6817453635945965,1.9506,-0.0051,-0.4286,1.5169,-1.1613502741,-0.4943296839,-1.4214,3.1826,0.1895,-0.5380,2.2992,0.1895
1792,0.7408874520565539,2.6827453635945964,1.9448,-0.0050,-0.4272,1.5126,-1.1613502741,-0.4943296839,-1.4181,3.1742,0.1888,-0.5364,2.2924,0.1888
1793,0.7408874520565539,2.6837453635945963,1.9390,-0.0050,-0.4257,1.5083,-1.1613502741,-0.4943296839,-1.4149,3.1658,0.1881,-0.5348,2.2857,0.1881
1794,0.7408874520565539,2.684745363594596,1.9332,-0.0050,-0.4243,1.5039,-1.1613502741,-0.4943296839,-1.4116,3.1574,0.1874,-0.5333,2.2790,0.1874
1795,0.7408874520565539,2.685745363594596,1.9274,-0.0049,-0.4229,1.4996,-1.1613502741,-0.4943296839,-1.4083,3.1490,0.1867,-0.5317,2.2724,0.1867
1796,0.7408874520565539,2.686745363594596,1.9216,-0.0049,-0.4214,1.4953,-1.1613502741,-0.4943296839,-1.4051,3.1407,0.1860,-0.5301,2.2657,0.1860
1797,0.7408874520565539,2.687745363594596,1.9158,-0.0049,-0.4200,1.4910,-1.1613502741,-0.4943296839,-1.4019,3.1324,0.1853,-0.5286,2.2591,0.1853
1798,0.7408874520565539,2.688745363594596,1.9101,-0.0048,-0.4186,1.4867,-1.1613502741,-0.4943296839,-1.3986,3.1241,0.1846,-0.5270,2.2525,0.1846
1799,0.7408874520565539,2.689745363594596,1.9044,-0.0048,-0.4172,1.4824,-1.1613502741,-0.4943296839,-1.3954,3.1158,0.1839,-0.5255,2.2459,0.1839
1800,0.7408699996501167,2.690745211289752,1.8986,-0.0048,-0.4157,1.4781,-1.1613502764,-0.4943296839,-1.3922,3.1076,0.1832,-0.5239,2.2393,0.1832
1801,0.7408699996501167,2.691745211289752,1.8929,-0.0047,-0.4143,1.4739,-1.1613502764,-0.4943296839,-1.3890,3.0993,0.1825,-0.5224,2.2327,0.1825
1802,0.7408699996501167,2.692745211289752,1.8872,-0.0047,-0.4129,1.4696,-1.1613502764,-0.4943296839,-1.3858,3.0911,0.1819,-0.5208,2.2262,0.1819
1803,0.7408699996501167,2.693745211289752,1.8816,-0.0047,-0.4116,1.4653,-1.1613502764,-0.4943296839,-1.3826,3.0829,0.1812,-0.5193,2.2197,0.1812
1804,0.7408699996501167,2.694745211289752,1.8759,-0.0046,-0.4102,1.4611,-1.1613502764,-0.4943296839,-1.3794,3.0748,0.1805,-0.5178,2.2132,0.1805
1805,0.7408699996501167,2.6957452112897515,1.8702,-0.0046,-0.4088,1.4569,-1.1613502764,-0.4943296839,-1.3762,3.0666,0.1798,-0.5162,2.2067,0.1798
1806,0.7408699996501167,2.6967452112897514,1.8646,-0.0046,-0.4074,1.4526,-1.1613502764,-0.4943296839,-1.3730,3.0585,0.1791,-0.5147,2.2002,0.1791
1807,0.7408699996501167,2.697745211289752,1.8590,-0.0045,-0.4060,1.4484,-1.1613502764,-0.4943296839,-1.3698,3.0504,0.1784,-0.5132,2.1938,0.1784
1808,0.7408699996501167,2.698745211289751,1.8534,-0.0045,-0.4047,1.4442,-1.1613502764,-0.4943296839,-1.3667,3.0423,0.1777,-0.5117,2.1874,0.1777
1809,0.7408699996501167,2.699745211289751,1.8478,-0.0045,-0.4033,1.4400,-1.1613502764,-0.4943296839,-1.3635,3.0343,0.1770,-0.5102,2.1810,0.1770
1810,0.7408699996501167,2.700745211289751,1.8422,-0.0045,-0.4019,1.4358,-1.1613502764,-0.4943296839,-1.3603,3.0262,0.1763,-0.5087,2.1746,0.1763
1811,0.7408699996501167,2.701745211289751,1.8366,-0.0044,-0.4006,1.4316,-1.1613502764,-0.4943296839,-1.3572,3.0182,0.1756,-0.5072,2.1682,0.1756
1812,0.7408699996501167,2.7027452112897508,1.8311,-0.0044,-0.3993,1.4274,-1.1613502764,-0.4943296839,-1.3541,3.0102,0.1749,-0.5057,2.1618,0.1749
1813,0.7408699996501167,2.70374521128975,1.8256,-0.0044,-0.3979,1.4233,-1.1613502764,-0.4943296839,-1.3509,3.0023,0.1742,-0.5042,2.1555,0.1742
1814,0.7408699996501167,2.7047452112897505,1.8200,-0.0043,-0.3966,1.4191,-1.1613502764,-0.4943296839,-1.3478,2.9943,0.1735,-0.5027,2.1492,0.1735
1815,0.7408699996501167,2.7057452112897504,1.8145,-0.0043,-0.3952,1.4150,-1.1613502764,-0.4943296839,-1.3447,2.9864,0.1728,-0.5012,2.1429,0.1728
1816,0.7408699996501167,2.7067452112897503,1.8090,-0.0043,-0.3939,1.4108,-1.1613502764,-0.4943296839,-1.3416,2.9784,0.1721,-0.4997,2.1366,0.1721
1817,0.7408699996501167,2.70774521128975,1.8035,-0.0043,-0.3926,1.4067,-1.1613502764,-0.4943296839,-1.3385,2.9706,0.1714,-0.4983,2.1304,0.1714
1818,0.7408699996501167,2.70874521128975,1.7981,-0.0042,-0.3913,1.4026,-1.1613502764,-0.4943296839,-1.3354,2.9627,0.1708,-0.4968,2.1241,0.1708
1819,0.7408699996501167,2.70974521128975,1.7926,-0.0042,-0.3900,1.3984,-1.1613502764,-0.4943296839,-1.3323,2.9548,0.1701,-0.4953,2.1179,0.1701
1820,0.7408699996501167,2.71074521128975,1.7872,-0.0042,-0.3887,1.3943,-1.1613502764,-0.4943296839,-1.3292,2.9470,0.1694,-0.4939,2.1117,0.1694
1821,0.7408699996501167,2.7117452112897498,1.7818,-0.0041,-0.3874,1.3902,-1.1613502764,-0.4943296839,-1.3261,2.9392,0.1687,-0.4924,2.1055,0.1687
1822,0.7408699996501167,2.7127452112897497,1.7763,-0.0041,-0.3861,1.3861,-1.1613502764,-0.4943296839,-1.3230,2.9314,0.1680,-0.4910,2.0993,0.1680
1823,0.7408699996501167,2.713745211289749,1.7709,-0.0041,-0.3848,1.3821,-1.1613502764,-0.4943296839,-1.3200,2.9236,0.1673,-0.4895,2.0932,0.1673
1824,0.7408699996501167,2.714745211289749,1.7656,-0.0041,-0.3835,1.3780,-1.1613502764,-0.4943296839,-1.3169,2.9159,0.1666,-0.4881,2.0870,0.1666
1825,0.7408699996501167,2.7157452112897493,1.7602,-0.0040,-0.3822,1.3739,-1.1613502764,-0.4943296839,-1.3138,2.9081,0.1659,-0.4866,2.0809,0.1659
1826,0.7408699996501167,2.716745211289749,1.7548,-0.0040,-0.3809,1.3699,-1.1613502764,-0.4943296839,-1.3108,2.9004,0.1652,-0.4852,2.0748,0.1652
1827,0.7408699996501167,2.717745211289749,1.7495,-0.0040,-0.3797,1.3658,-1.1613502764,-0.4943296839,-1.3078,2.8927,0.1645,-0.4837,2.0687,0.1645
1828,0.7408699996501167,2.718745211289749,1.7441,-0.0040,-0.3784,1.3618,-1.1613502764,-0.4943296839,-1.3047,2.8851,0.1638,-0.4823,2.0626,0.1638
1829,0.7408525472436794,2.719745058984905,1.7388,-0.0039,-0.3771,1.3577,-1.1613502783,-0.4943296839,-1.3017,2.8774,0.1631,-0.4809,2.0566,0.1631
1830,0.7408525472436794,2.7207450589849054,1.7335,-0.0039,-0.3759,1.3537,-1.1613502783,-0.4943296839,-1.2987,2.8698,0.1624,-0.4795,2.0506,0.1624
1831,0.7408525472436794,2.7217450589849053,1.7282,-0.0039,-0.3746,1.3497,-1.1613502783,-0.4943296839,-1.2957,2.8622,0.1617,-0.4781,2.0445,0.1617
1832,0.7408525472436794,2.722745058984905,1.7229,-0.0039,-0.3734,1.3457,-1.1613502783,-0.4943296839,-1.2927,2.8546,0.1610,-0.4766,2.0385,0.1610
1833,0.7408525472436794,2.723745058984905,1.7177,-0.0039,-0.3721,1.3417,-1.1613502783,-0.4943296839,-1.2897,2.8470,0.1603,-0.4752,2.0326,0.1603
1834,0.7408525472436794,2.724745058984905,1.7124,-0.0038,-0.3709,1.3377,-1.1613502783,-0.4943296839,-1.2867,2.8394,0.1596,-0.4738,2.0266,0.1596
1835,0.7408525472436794,2.725745058984905,1.7072,-0.0038,-0.3697,1.3337,-1.1613502783,-0.4943296839,-1.2837,2.8319,0.1589,-0.4724,2.0206,0.1589
1836,0.7408525472436794,2.7267450589849047,1.7019,-0.0038,-0.3684,1.3297,-1.1613502783,-0.4943296839,-1.2807,2.8244,0.1582,-0.4710,2.0147,0.1582
1837,0.7408525472436794,2.7277450589849046,1.6967,-0.0038,-0.3672,1.3258,-1.1613502783,-0.4943296839,-1.2777,2.8169,0.1576,-0.4696,2.0088,0.1576
1838,0.7408525472436794,2.7287450589849045,1.6915,-0.0037,-0.3660,1.3218,-1.1613502783,-0.4943296839,-1.2747,2.8094,0.1569,-0.4682,2.0029,0.1569
1839,0.7408525472436794,2.7297450589849044,1.6863,-0.0037,-0.3648,1.3178,-1.1613502783,-0.4943296839,-1.2718,2.8019,0.1562,-0.4669,1.9970,0.1562
1840,0.7408525472436794,2.7307450589849043,1.6812,-0.0037,-0.3636,1.3139,-1.1613502783,-0.4943296839,-1.2688,2.7945,0.1555,-0.4655,1.9912,0.1555
1841,0.7408525472436794,2.731745058984904,1.6760,-0.0037,-0.3624,1.3100,-1.1613502783,-0.4943296839,-1.2659,2.7871,0.1548,-0.4641,1.9853,0.1548
1842,0.7408525472436794,2.732745058984904,1.6708,-0.0037,-0.3612,1.3060,-1.1613502783,-0.4943296839,-1.2629,2.7797,0.1541,-0.4627,1.9795,0.1541
1843,0.7408525472436794,2.733745058984904,1.6657,-0.0036,-0.3600,1.3021,-1.1613502783,-0.4943296839,-1.2600,2.7723,0.1534,-0.4614,1.9737,0.1534
1844,0.7408525472436794,2.734745058984904,1.6606,-0.0036,-0.3588,1.2982,-1.1613502783,-0.4943296839,-1.2571,2.7649,0.1527,-0.4600,1.9679,0.1527
1845,0.7408525472436794,2.735745058984904,1.6555,-0.0036,-0.3576,1.2943,-1.1613502783,-0.4943296839,-1.2541,2.7576,0.1520,-0.4586,1.9621,0.1520
1846,0.7408525472436794,2.736745058984904,1.6504,-0.0036,-0.3564,1.2904,-1.1613502783,-0.4943296839,-1.2512,2.7503,0.1513,-0.4573,1.9564,0.1513
1847,0.7408525472436794,2.7377450589849035,1.6453,-0.0035,-0.3552,1.2865,-1.1613502783,-0.4943296839,-1.2483,2.7430,0.1506,-0.4559,1.9506,0.1506
1848,0.7408525472436794,2.7387450589849034,1.6402,-0.0035,-0.3540,1.2826,-1.1613502783,-0.4943296839,-1.2454,2.7357,0.1499,-0.4546,1.9449,0.1499
1849,0.7408525472436794,2.739745058984904,1.6351,-0.0035,-0.3529,1.2788,-1.1613502783,-0.4943296839,-1.2425,2.7284,0.1492,-0.4532,1.9392,0.1492
1850,0.7408525472436794,2.740745058984903,1.6301,-0.0035,-0.3517,1.2749,-1.1613502783,-0.4943296839,-1.2396,2.7212,0.1485,-0.4519,1.9335,0.1485
1851,0.7408525472436794,2.741745058984903,1.6251,-0.0035,-0.3505,1.2710,-1.1613502783,-0.4943296839,-1.2367,2.7140,0.1478,-0.4505,1.9278,0.1478
1852,0.7408525472436794,2.742745058984903,1.6200,-0.0035,-0.3494,1.2672,-1.1613502783,-0.4943296839,-1.2338,2.7067,0.1471,-0.4492,1.9221,0.1471
1853,0.7408525472436794,2.743745058984903,1.6150,-0.0034,-0.3482,1.2634,-1.1613502783,-0.4943296839,-1.2310,2.6995,0.1464,-0.4479,1.9165,0.1464
1854,0.7408525472436794,2.7447450589849027,1.6100,-0.0034,-0.3471,1.2595,-1.1613502783,-0.4943296839,-1.2281,2.6924,0.1457,-0.4466,1.9108,0.1457
1855,0.7408525472436794,2.7457450589849026,1.6050,-0.0034,-0.3459,1.2557,-1.1613502783,-0.4943296839,-1.2252,2.6852,0.1450,-0.4452,1.9052,0.1450
1856,0.7408525472436794,2.7467450589849025,1.6001,-0.0034,-0.3448,1.2519,-1.1613502783,-0.4943296839,-1.2224,2.6781,0.1443,-0.4439,1.8996,0.1443
1857,0.7408525472436794,2.7477450589849024,1.5951,-0.0034,-0.3437,1.2481,-1.1613502783,-0.4943296839,-1.2195,2.6710,0.1436,-0.4426,1.8941,0.1436
1858,0.7408525472436794,2.7487450589849023,1.5901,-0.0033,-0.3425,1.2443,-1.1613502783,-0.4943296839,-1.2167,2.6639,0.1429,-0.4413,1.8885,0.1429
1859,0.7408525472436794,2.749745058984902,1.5852,-0.0033,-0.3414,1.2405,-1.1613502783,-0.4943296839,-1.2138,2.6568,0.1422,-0.4400,1.8829,0.1422
1860,0.7408525472436794,2.750745058984902,1.5803,-0.0033,-0.3403,1.2367,-1.1613502783,-0.4943296839,-1.2110,2.6497,0.1416,-0.4387,1.8774,0.1416
1861,0.7408525472436794,2.751745058984902,1.5754,-0.0033,-0.3392,1.2329,-1.1613502783,-0.4943296839,-1.2082,2.6427,0.1409,-0.4374,1.8719,0.1409
1862,0.7408350948372422,2.7527449066800584,1.5705,-0.0033,-0.3380,1.2292,-1.1613502797,-0.4943296839,-1.2053,2.6357,0.1402,-0.4361,1.8664,0.1402
1863,0.7408350948372422,2.7537449066800583,1.5656,-0.0033,-0.3369,1.2254,-1.1613502797,-0.4943296839,-1.2025,2.6286,0.1395,-0.4348,1.8609,0.1395
1864,0.7408350948372422,2.7547449066800582,1.5607,-0.0032,-0.3358,1.2216,-1.1613502797,-0.4943296839,-1.1997,2.6217,0.1388,-0.4335,1.8554,0.1388
1865,0.7408350948372422,2.755744906680058,1.5558,-0.0032,-0.3347,1.2179,-1.1613502797,-0.4943296839,-1.1969,2.6147,0.1381,-0.4322,1.8500,0.1381
1866,0.7408350948372422,2.756744906680058,1.5510,-0.0032,-0.3336,1.2142,-1.1613502797,-0.4943296839,-1.1941,2.6077,0.1374,-0.4309,1.8445,0.1374
1867,0.7408350948372422,2.757744906680058,1.5461,-0.0032,-0.3325,1.2104,-1.1613502797,-0.4943296839,-1.1913,2.6008,0.1367,-0.4296,1.8391,0.1367
1868,0.7408350948372422,2.758744906680058,1.5413,-0.0032,-0.3314,1.2067,-1.1613502797,-0.4943296839,-1.1886,2.5939,0.1360,-0.4284,1.8337,0.1360
1869,0.7408350948372422,2.7597449066800577,1.5365,-0.0032,-0.3303,1.2030,-1.1613502797,-0.4943296839,-1.1858,2.5870,0.1353,-0.4271,1.8283,0.1353
1870,0.7408350948372422,2.7607449066800576,1.5317,-0.0031,-0.3293,1.1993,-1.1613502797,-0.4943296839,-1.1830,2.5801,0.1346,-0.4258,1.8229,0.1346
1871,0.7408350948372422,2.761744906680057,1.5269,-0.0031,-0.3282,1.1956,-1.1613502797,-0.4943296839,-1.1802,2.5732,0.1339,-0.4246,1.8176,0.1339
1872,0.7408350948372422,2.7627449066800573,1.5221,-0.0031,-0.3271,1.1919,-1.1613502797,-0.4943296839,-1.1775,2.5664,0.1332,-0.4233,1.8122,0.1332
1873,0.7408350948372422,2.763744906680057,1.5173,-0.0031,-0.3260,1.1882,-1.1613502797,-0.4943296839,-1.1747,2.5596,0.1325,-0.4221,1.8069,0.1325
1874,0.7408350948372422,2.764744906680057,1.5126,-0.0031,-0.3250,1.1845,-1.1613502797,-0.4943296839,-1.1720,2.5527,0.1318,-0.4208,1.8016,0.1318
1875,0.7408350948372422,2.765744906680057,1.5078,-0.0031,-0.3239,1.1809,-1.1613502797,-0.4943296839,-1.1692,2.5460,0.1311,-0.4196,1.7963,0.1311
1876,0.7408350948372422,2.766744906680057,1.5031,-0.0031,-0.3228,1.1772,-1.1613502797,-0.4943296839,-1.1665,2.5392,0.1304,-0.4183,1.7910,0.1304
1877,0.7408350948372422,2.767744906680057,1.4984,-0.0030,-0.3218,1.1736,-1.1613502797,-0.4943296839,-1.1638,2.5324,0.1297,-0.4171,1.7857,0.1297
1878,0.7408350948372422,2.7687449066800567,1.4937,-0.0030,-0.3207,1.1699,-1.1613502797,-0.4943296839,-1.1610,2.5257,0.1290,-0.4158,1.7805,0.1290
1879,0.7408350948372422,2.769744906680057,1.4890,-0.0030,-0.3197,1.1663,-1.1613502797,-0.4943296839,-1.1583,2.5190,0.1283,-0.4146,1.7752,0.1283
1880,0.7408350948372422,2.7707449066800565,1.4843,-0.0030,-0.3187,1.1626,-1.1613502797,-0.4943296839,-1.1556,2.5123,0.1277,-0.4134,1.7700,0.1277
1881,0.7408350948372422,2.7717449066800564,1.4796,-0.0030,-0.3176,1.1590,-1.1613502797,-0.4943296839,-1.1529,2.5056,0.1270,-0.4121,1.7648,0.1270
1882,0.7408350948372422,2.772744906680056,1.4750,-0.0030,-0.3166,1.1554,-1.1613502797,-0.4943296839,-1.1502,2.4989,0.1263,-0.4109,1.7596,0.1263
1883,0.7408350948372422,2.773744906680056,1.4703,-0.0030,-0.3155,1.1518,-1.1613502797,-0.4943296839,-1.1475,2.4922,0.1256,-0.4097,1.7544,0.1256
1884,0.7408350948372422,2.774744906680056,1.4657,-0.0029,-0.3145,1.1482,-1.1613502797,-0.4943296839,-1.1448,2.4856,0.1249,-0.4085,1.7493,0.1249
1885,0.7408350948372422,2.775744906680056,1.4611,-0.0029,-0.3135,1.1446,-1.1613502797,-0.4943296839,-1.1421,2.4790,0.1242,-0.4073,1.7441,0.1242
1886,0.7408350948372422,2.776744906680056,1.4564,-0.0029,-0.3125,1.1410,-1.1613502797,-0.4943296839,-1.1395,2.4724,0.1235,-0.4060,1.7390,0.1235
1887,0.7408350948372422,2.777744906680056,1.4518,-0.0029,-0.3115,1.1375,-1.1613502797,-0.4943296839,-1.1368,2.4658,0.1228,-0.4048,1.7339,0.1228
1888,0.7408350948372422,2.778744906680056,1.4472,-0.0029,-0.3105,1.1339,-1.1613502797,-0.4943296839,-1.1341,2.4592,0.1221,-0.4036,1.7287,0.1221
1889,0.7408350948372422,2.7797449066800555,1.4427,-0.0029,-0.3094,1.1303,-1.1613502797,-0.4943296839,-1.1315,2.4527,0.1214,-0.4024,1.7237,0.1214
1890,0.7408350948372422,2.780744906680056,1.4381,-0.0029,-0.3084,1.1268,-1.1613502797,-0.4943296839,-1.1288,2.4462,0.1208,-0.4012,1.7186,0.1208
1891,0.7408350948372422,2.781744906680056,1.4335,-0.0029,-0.3074,1.1233,-1.1613502797,-0.4943296839,-1.1262,2.4396,0.1201,-0.4000,1.7135,0.1201
1892,0.7408350948372422,2.782744906680055,1.4290,-0.0028,-0.3064,1.1197,-1.1613502797,-0.4943296839,-1.1235,2.4331,0.1194,-0.3988,1.7085,0.1194
1893,0.7408350948372422,2.783744906680055,1.4245,-0.0028,-0.3054,1.1162,-1.1613502797,-0.4943296839,-1.1209,2.4267,0.1187,-0.3977,1.7034,0.1187
1894,0.7408350948372422,2.784744906680055,1.4200,-0.0028,-0.3045,1.1127,-1.1613502797,-0.4943296839,-1.1182,2.4202,0.1180,-0.3965,1.6984,0.1180
1895,0.740817642430805,2.7857447543752114,1.4154,-0.0028,-0.3035,1.1092,-1.1613502808,-0.4943296839,-1.1156,2.4137,0.1173,-0.3953,1.6934,0.1173
1896,0.740817642430805,2.786744754375212,1.4109,-0.0028,-0.3025,1.1057,-1.1613502808,-0.4943296839,-1.1130,2.4073,0.1166,-0.3941,1.6884,0.1166
1897,0.740817642430805,2.787744754375211,1.4065,-0.0028,-0.3015,1.1022,-1.1613502808,-0.4943296839,-1.1104,2.4009,0.1160,-0.3929,1.6835,0.1160
1898,0.740817642430805,2.788744754375211,1.4020,-0.0028,-0.3005,1.0987,-1.1613502808,-0.4943296839,-1.1078,2.3945,0.1153,-0.3918,1.6785,0.1153
1899,0.740817642430805,2.789744754375211,1.3975,-0.0028,-0.2996,1.0952,-1.1613502808,-0.4943296839,-1.1052,2.3881,0.1146,-0.3906,1.6735,0.1146
1900,0.740817642430805,2.790744754375211,1.3931,-0.0028,-0.2986,1.0917,-1.1613502808,-0.4943296839,-1.1026,2.3817,0.1139,-0.3895,1.6686,0.1139
1901,0.740817642430805,2.7917447543752107,1.3886,-0.0027,-0.2976,1.0883,-1.1613502808,-0.4943296839,-1.1000,2.3754,0.1132,-0.3883,1.6637,0.1132
1902,0.740817642430805,2.79274475437521,1.3842,-0.0027,-0.2967,1.0848,-1.1613502808,-0.4943296839,-1.0974,2.3691,0.1126,-0.3871,1.6588,0.1126
1903,0.740817642430805,2.7937447543752105,1.3798,-0.0027,-0.2957,1.0814,-1.1613502808,-0.4943296839,-1.0948,2.3627,0.1119,-0.3860,1.6539,0.1119
1904,0.740817642430805,2.7947447543752104,1.3754,-0.0027,-0.2948,1.0779,-1.1613502808,-0.4943296839,-1.0922,2.3564,0.1112,-0.3848,1.6490,0.1112
1905,0.740817642430805,2.7957447543752103,1.3710,-0.0027,-0.2938,1.0745,-1.1613502808,-0.4943296839,-1.0897,2.3502,0.1105,-0.3837,1.6442,0.1105
1906,0.740817642430805,2.79674475437521,1.3666,-0.0027,-0.2929,1.0711,-1.1613502808,-0.4943296839,-1.0871,2.3439,0.1098,-0.3825,1.6393,0.1098
1907,0.740817642430805,2.79774475437521,1.3623,-0.0027,-0.2919,1.0677,-1.1613502808,-0.4943296839,-1.0846,2.3376,0.1092,-0.3814,1.6345,0.1092
1908,0.740817642430805,2.79874475437521,1.3579,-0.0027,-0.2910,1.0643,-1.1613502808,-0.4943296839,-1.0820,2.3314,0.1085,-0.3803,1.6297,0.1085
1909,0.740817642430805,2.79974475437521,1.3536,-0.0027,-0.2901,1.0609,-1.1613502808,-0.4943296839,-1.0795,2.3252,0.1078,-0.3791,1.6249,0.1078
1910,0.740817642430805,2.8007447543752098,1.3492,-0.0026,-0.2891,1.0575,-1.1613502808,-0.4943296839,-1.0769,2.3190,0.1072,-0.3780,1.6201,0.1072
1911,0.740817642430805,2.8017447543752096,1.3449,-0.0026,-0.2882,1.0541,-1.1613502808,-0.4943296839,-1.0744,2.3128,0.1065,-0.3769,1.6153,0.1065
1912,0.740817642430805,2.802744754375209,1.3406,-0.0026,-0.2873,1.0507,-1.1613502808,-0.4943296839,-1.0718,2.3066,0.1058,-0.3758,1.6105,0.1058
1913,0.740817642430805,2.803744754375209,1.3363,-0.0026,-0.2864,1.0473,-1.1613502808,-0.4943296839,-1.0693,2.3005,0.1052,-0.3746,1.6058,0.1052
1914,0.740817642430805,2.8047447543752093,1.3320,-0.0026,-0.2854,1.0440,-1.1613502808,-0.4943296839,-1.0668,2.2943,0.1045,-0.3735,1.6011,0.1045
1915,0.740817642430805,2.805744754375209,1.3278,-0.0026,-0.2845,1.0406,-1.1613502808,-0.4943296839,-1.0643,2.2882,0.1038,-0.3724,1.5963,0.1038
1916,0.740817642430805,2.806744754375209,1.3235,-0.0026,-0.2836,1.0373,-1.1613502808,-0.4943296839,-1.0618,2.2821,0.1032,-0.3713,1.5916,0.1032
1917,0.740817642430805,2.807744754375209,1.3192,-0.0026,-0.2827,1.0339,-1.1613502808,-0.4943296839,-1.0593,2.2760,0.1025,-0.3702,1.5869,0.1025
1918,0.740817642430805,2.808744754375209,1.3150,-0.0026,-0.2818,1.0306,-1.1613502808,-0.4943296839,-1.0568,2.2700,0.1018,-0.3691,1.5823,0.1018
1919,0.740817642430805,2.8097447543752088,1.3108,-0.0026,-0.2809,1.0273,-1.1613502808,-0.4943296839,-1.0543,2.2639,0.1012,-0.3680,1.5776,0.1012
1920,0.740817642430805,2.8107447543752087,1.3066,-0.0026,-0.2800,1.0240,-1.1613502808,-0.4943296839,-1.0518,2.2579,0.1005,-0.3669,1.5729,0.1005
1921,0.740817642430805,2.8117447543752085,1.3023,-0.0025,-0.2791,1.0207,-1.1613502808,-0.4943296839,-1.0493,2.2518,0.0998,-0.3658,1.5683,0.0998
1922,0.740817642430805,2.8127447543752084,1.2982,-0.0025,-0.2782,1.0174,-1.1613502808,-0.4943296840,-1.0468,2.2458,0.0992,-0.3647,1.5637,0.0992
1923,0.740817642430805,2.8137447543752083,1.2940,-0.0025,-0.2773,1.0141,-1.1613502808,-0.4943296840,-1.0444,2.2398,0.0985,-0.3636,1.5590,0.0985
1924,0.740817642430805,2.814744754375208,1.2898,-0.0025,-0.2765,1.0108,-1.1613502808,-0.4943296840,-1.0419,2.2338,0.0979,-0.3625,1.5544,0.0979
1925,0.740817642430805,2.815744754375208,1.2856,-0.0025,-0.2756,1.0075,-1.1613502808,-0.4943296840,-1.0395,2.2279,0.0972,-0.3614,1.5499,0.0972
1926,0.740817642430805,2.816744754375208,1.2815,-0.0025,-0.2747,1.0043,-1.1613502808,-0.4943296840,-1.0370,2.2219,0.0966,-0.3604,1.5453,0.0966
1927,0.740817642430805,2.817744754375208,1.2774,-0.0025,-0.2738,1.0010,-1.1613502808,-0.4943296840,-1.0346,2.2160,0.0959,-0.3593,1.5407,0.0959
1928,0.740817642430805,2.818744754375208,1.2732,-0.0025,-0.2730,0.9978,-1.1613502808,-0.4943296840,-1.0321,2.2101,0.0953,-0.3582,1.5362,0.0953
1929,0.740817642430805,2.819744754375208,1.2691,-0.0025,-0.2721,0.9945,-1.1613502808,-0.4943296840,-1.0297,2.2042,0.0946,-0.3571,1.5316,0.0946
1930,0.740817642430805,2.820744754375208,1.2650,-0.0025,-0.2712,0.9913,-1.1613502808,-0.4943296840,-1.0272,2.1983,0.0940,-0.3561,1.5271,0.0940
1931,0.740817642430805,2.8217447543752074,1.2609,-0.0025,-0.2704,0.9881,-1.1613502808,-0.4943296840,-1.0248,2.1924,0.0933,-0.3550,1.5226,0.0933
1932,0.740817642430805,2.822744754375208,1.2568,-0.0025,-0.2695,0.9849,-1.1613502808,-0.4943296840,-1.0224,2.1866,0.0927,-0.3540,1.5181,0.0927
1933,0.740817642430805,2.8237447543752072,1.2528,-0.0024,-0.2687,0.9816,-1.1613502808,-0.4943296840,-1.0200,2.1807,0.0920,-0.3529,1.5136,0.0920
1934,0.740817642430805,2.824744754375207,1.2487,-0.0024,-0.2678,0.9784,-1.1613502808,-0.4943296840,-1.0176,2.1749,0.0914,-0.3518,1.5092,0.0914
1935,0.740817642430805,2.825744754375207,1.2447,-0.0024,-0.2670,0.9753,-1.1613502808,-0.4943296840,-1.0152,2.1691,0.0907,-0.3508,1.5047,0.0907
1936,0.740817642430805,2.826744754375207,1.2406,-0.0024,-0.2661,0.9721,-1.1613502808,-0.4943296840,-1.0128,2.1633,0.0901,-0.3497,1.5003,0.0901
1937,0.740817642430805,2.827744754375207,1.2366,-0.0024,-0.2653,0.9689,-1.1613502808,-0.4943296840,-1.0104,2.1575,0.0895,-0.3487,1.4958,0.0895
1938,0.740817642430805,2.8287447543752067,1.2326,-0.0024,-0.2645,0.9657,-1.1613502808,-0.4943296840,-1.0080,2.1517,0.0888,-0.3477,1.4914,0.0888
1939,0.740817642430805,2.8297447543752066,1.2286,-0.0024,-0.2636,0.9626,-1.1613502808,-0.4943296840,-1.0056,2.1460,0.0882,-0.3466,1.4870,0.0882
1940,0.7408001900243677,2.830744602070363,1.2246,-0.0024,-0.2628,0.9594,-1.1613502814,-0.4943296840,-1.0032,2.1402,0.0875,-0.3456,1.4826,0.0875
1941,0.7408001900243677,2.831744602070363,1.2206,-0.0024,-0.2620,0.9562,-1.1613502814,-0.4943296840,-1.0008,2.1345,0.0869,-0.3445,1.4782,0.0869
1942,0.7408001900243677,2.832744602070363,1.2166,-0.0024,-0.2611,0.9531,-1.1613502814,-0.4943296840,-0.9985,2.1288,0.0863,-0.3435,1.4739,0.0863
1943,0.7408001900243677,2.8337446020703627,1.2127,-0.0024,-0.2603,0.9500,-1.1613502814,-0.4943296840,-0.9961,2.1231,0.0856,-0.3425,1.4695,0.0856
1944,0.7408001900243677,2.8347446020703626,1.2087,-0.0024,-0.2595,0.9469,-1.1613502814,-0.4943296840,-0.9937,2.1174,0.0850,-0.3415,1.4652,0.0850
1945,0.7408001900243677,2.8357446020703625,1.2048,-0.0023,-0.2587,0.9437,-1.1613502814,-0.4943296840,-0.9914,2.1118,0.0844,-0.3404,1.4608,0.0844
1946,0.7408001900243677,2.8367446020703624,1.2008,-0.0023,-0.2579,0.9406,-1.1613502814,-0.4943296840,-0.9890,2.1061,0.0837,-0.3394,1.4565,0.0837
1947,0.7408001900243677,2.8377446020703623,1.1969,-0.0023,-0.2571,0.9375,-1.1613502814,-0.4943296840,-0.9867,2.1005,0.0831,-0.3384,1.4522,0.0831
1948,0.7408001900243677,2.838744602070362,1.1930,-0.0023,-0.2563,0.9344,-1.1613502814,-0.4943296840,-0.9844,2.0949,0.0825,-0.3374,1.4479,0.0825
1949,0.7408001900243677,2.839744602070362,1.1891,-0.0023,-0.2555,0.9313,-1.1613502814,-0.4943296840,-0.9820,2.0893,0.0819,-0.3364,1.4436,0.0819
1950,0.7408001900243677,2.840744602070362,1.1852,-0.0023,-0.2547,0.9283,-1.1613502814,-0.4943296840,-0.9797,2.0837,0.0812,-0.3354,1.4394,0.0812
1951,0.7408001900243677,2.841744602070362,1.1814,-0.0023,-0.2539,0.9252,-1.1613502814,-0.4943296840,-0.9774,2.0781,0.0806,-0.3344,1.4351,0.0806
1952,0.7408001900243677,2.8427446020703617,1.1775,-0.0023,-0.2531,0.9221,-1.1613502814,-0.4943296840,-0.9751,2.0726,0.0800,-0.3334,1.4309,0.0800
1953,0.7408001900243677,2.8437446020703616,1.1736,-0.0023,-0.2523,0.9191,-1.1613502814,-0.4943296840,-0.9728,2.0670,0.0794,-0.3324,1.4266,0.0794
1954,0.7408001900243677,2.844744602070361,1.1698,-0.0023,-0.2515,0.9160,-1.1613502814,-0.4943296840,-0.9704,2.0615,0.0787,-0.3314,1.4224,0.0787
1955,0.7408001900243677,2.8457446020703614,1.1660,-0.0023,-0.2507,0.9130,-1.1613502814,-0.4943296840,-0.9681,2.0560,0.0781,-0.3304,1.4182,0.0781
1956,0.7408001900243677,2.8467446020703613,1.1621,-0.0023,-0.2499,0.9099,-1.1613502814,-0.4943296840,-0.9658,2.0505,0.0775,-0.3294,1.4140,0.0775
1957,0.7408001900243677,2.847744602070361,1.1583,-0.0023,-0.2491,0.9069,-1.1613502814,-0.4943296840,-0.9636,2.0450,0.0769,-0.3284,1.4098,0.0769
1958,0.7408001900243677,2.848744602070361,1.1545,-0.0023,-0.2484,0.9039,-1.1613502814,-0.4943296840,-0.9613,2.0395,0.0763,-0.3274,1.4057,0.0763
1959,0.7408001900243677,2.849744602070361,1.1507,-0.0023,-0.2476,0.9009,-1.1613502814,-0.4943296840,-0.9590,2.0341,0.0757,-0.3264,1.4015,0.0757
1960,0.7408001900243677,2.850744602070361,1.1470,-0.0022,-0.2468,0.8979,-1.1613502814,-0.4943296840,-0.9567,2.0286,0.0751,-0.3255,1.3974,0.0751
1961,0.7408001900243677,2.8517446020703607,1.1432,-0.0022,-0.2461,0.8949,-1.1613502814,-0.4943296840,-0.9544,2.0232,0.0744,-0.3245,1.3932,0.0744
1962,0.7408001900243677,2.8527446020703606,1.1394,-0.0022,-0.2453,0.8919,-1.1613502814,-0.4943296840,-0.9522,2.0178,0.0738,-0.3235,1.3891,0.0738
1963,0.7408001900243677,2.8537446020703605,1.1357,-0.0022,-0.2445,0.8889,-1.1613502814,-0.4943296840,-0.9499,2.0124,0.0732,-0.3226,1.3850,0.0732
1964,0.7408001900243677,2.8547446020703604,1.1319,-0.0022,-0.2438,0.8859,-1.1613502814,-0.4943296840,-0.9477,2.0070,0.0726,-0.3216,1.3809,0.0726
1965,0.7408001900243677,2.8557446020703603,1.1282,-0.0022,-0.2430,0.8830,-1.1613502814,-0.4943296840,-0.9454,2.0016,0.0720,-0.3206,1.3768,0.0720
1966,0.7408001900243677,2.85674460207036,1.1245,-0.0022,-0.2423,0.8800,-1.1613502814,-0.4943296840,-0.9432,1.9962,0.0714,-0.3197,1.3728,0.0714
1967,0.7408001900243677,2.85774460207036,1.1208,-0.0022,-0.2415,0.8771,-1.1613502814,-0.4943296840,-0.9409,1.9909,0.0708,-0.3187,1.3687,0.0708
1968,0.7408001900243677,2.85874460207036,1.1171,-0.0022,-0.2408,0.8741,-1.1613502814,-0.4943296840,-0.9387,1.9856,0.0702,-0.3177,1.3646,0.0702
1969,0.7408001900243677,2.85974460207036,1.1134,-0.0022,-0.2400,0.8712,-1.1613502814,-0.4943296840,-0.9364,1.9803,0.0696,-0.3168,1.3606,0.0696
1970,0.7408001900243677,2.86074460207036,1.1097,-0.0022,-0.2393,0.8683,-1.1613502814,-0.4943296840,-0.9342,1.9749,0.0690,-0.3158,1.3566,0.0690
1971,0.7408001900243677,2.86174460207036,1.1061,-0.0022,-0.2386,0.8653,-1.1613502814,-0.4943296840,-0.9320,1.9697,0.0684,-0.3149,1.3526,0.0684
1972,0.7408001900243677,2.8627446020703595,1.1024,-0.0022,-0.2378,0.8624,-1.1613502814,-0.4943296840,-0.9298,1.9644,0.0678,-0.3140,1.3486,0.0678
1973,0.7408001900243677,2.8637446020703594,1.0988,-0.0022,-0.2371,0.8595,-1.1613502814,-0.4943296840,-0.9276,1.9591,0.0672,-0.3130,1.3446,0.0672
1974,0.7408001900243677,2.86474460207036,1.0951,-0.0022,-0.2364,0.8566,-1.1613502814,-0.4943296840,-0.9254,1.9539,0.0666,-0.3121,1.3406,0.0666
1975,0.7408001900243677,2.865744602070359,1.0915,-0.0021,-0.2356,0.8537,-1.1613502814,-0.4943296840,-0.9232,1.9486,0.0660,-0.3111,1.3366,0.0660
1976,0.7408001900243677,2.866744602070359,1.0879,-0.0021,-0.2349,0.8508,-1.1613502814,-0.4943296840,-0.9210,1.9434,0.0654,-0.3102,1.3327,0.0654
1977,0.7408001900243677,2.867744602070359,1.0843,-0.0021,-0.2342,0.8480,-1.1613502814,-0.4943296840,-0.9188,1.9382,0.0648,-0.3093,1.3287,0.0648
1978,0.7408001900243677,2.868744602070359,1.0807,-0.0021,-0.2335,0.8451,-1.1613502814,-0.4943296840,-0.9166,1.9330,0.0642,-0.3083,1.3248,0.0642
1979,0.7408001900243677,2.8697446020703588,1.0771,-0.0021,-0.2327,0.8422,-1.1613502814,-0.4943296840,-0.9144,1.9278,0.0637,-0.3074,1.3209,0.0637
1980,0.7408001900243677,2.870744602070358,1.0735,-0.0021,-0.2320,0.8394,-1.1613502814,-0.4943296840,-0.9122,1.9227,0.0631,-0.3065,1.3169,0.0631
1981,0.7408001900243677,2.8717446020703585,1.0700,-0.0021,-0.2313,0.8365,-1.1613502814,-0.4943296840,-0.9100,1.9175,0.0625,-0.3056,1.3130,0.0625
1982,0.7408001900243677,2.8727446020703584,1.0664,-0.0021,-0.2306,0.8337,-1.1613502814,-0.4943296840,-0.9079,1.9124,0.0619,-0.3047,1.3092,0.0619
1983,0.7408001900243677,2.8737446020703583,1.0628,-0.0021,-0.2299,0.8308,-1.1613502814,-0.4943296840,-0.9057,1.9072,0.0613,-0.3037,1.3053,0.0613
1984,0.7408001900243677,2.874744602070358,1.0593,-0.0021,-0.2292,0.8280,-1.1613502814,-0.4943296840,-0.9036,1.9021,0.0607,-0.3028,1.3014,0.0607
1985,0.7408001900243677,2.875744602070358,1.0558,-0.0021,-0.2285,0.8252,-1.1613502814,-0.4943296840,-0.9014,1.8970,0.0601,-0.3019,1.2976,0.0601
1986,0.7408001900243677,2.876744602070358,1.0523,-0.0021,-0.2278,0.8224,-1.1613502814,-0.4943296840,-0.8993,1.8920,0.0596,-0.3010,1.2937,0.0596
1987,0.7408001900243677,2.877744602070358,1.0488,-0.0021,-0.2271,0.8196,-1.1613502814,-0.4943296840,-0.8971,1.8869,0.0590,-0.3001,1.2899,0.0590
1988,0.7408001900243677,2.8787446020703578,1.0453,-0.0021,-0.2264,0.8168,-1.1613502814,-0.4943296840,-0.8950,1.8818,0.0584,-0.2992,1.2861,0.0584
1989,0.7408001900243677,2.8797446020703577,1.0418,-0.0021,-0.2257,0.8140,-1.1613502814,-0.4943296840,-0.8928,1.8768,0.0578,-0.2983,1.2822,0.0578
1990,0.7408001900243677,2.880744602070357,1.0383,-0.0021,-0.2250,0.8112,-1.1613502814,-0.4943296840,-0.8907,1.8717,0.0573,-0.2974,1.2784,0.0573
1991,0.7408001900243677,2.881744602070357,1.0348,-0.0021,-0.2243,0.8084,-1.1613502814,-0.4943296840,-0.8886,1.8667,0.0567,-0.2965,1.2747,0.0567
1992,0.7408001900243677,2.8827446020703573,1.0314,-0.0021,-0.2237,0.8056,-1.1613502814,-0.4943296840,-0.8865,1.8617,0.0561,-0.2956,1.2709,0.0561
1993,0.7408001900243677,2.883744602070357,1.0279,-0.0020,-0.2230,0.8029,-1.1613502814,-0.4943296840,-0.8843,1.8567,0.0555,-0.2947,1.2671,0.0555
1994,0.7408001900243677,2.884744602070357,1.0245,-0.0020,-0.2223,0.8001,-1.1613502814,-0.4943296840,-0.8822,1.8517,0.0550,-0.2939,1.2634,0.0550
1995,0.7407827376179305,2.8857444497655136,1.0210,-0.0020,-0.2216,0.7974,-1.1613502817,-0.4943296840,-0.8801,1.8468,0.0544,-0.2930,1.2596,0.0544
1996,0.7407827376179305,2.886744449765513,1.0176,-0.0020,-0.2209,0.7946,-1.1613502817,-0.4943296840,-0.8780,1.8418,0.0538,-0.2921,1.2559,0.0538
1997,0.7407827376179305,2.8877444497655134,1.0142,-0.0020,-0.2203,0.7919,-1.1613502817,-0.4943296840,-0.8759,1.8369,0.0532,-0.2912,1.2522,0.0532
1998,0.7407827376179305,2.8887444497655133,1.0108,-0.0020,-0.2196,0.7892,-1.1613502817,-0.4943296840,-0.8738,1.8319,0.0527,-0.2903,1.2484,0.0527
1999,0.7407827376179305,2.889744449765513,1.0074,-0.0020,-0.2189,0.7864,-1.1613502817,-0.4943296840,-0.8717,1.8270,0.0521,-0.2895,1.2447,0.0521
2000,0.7407827376179305,2.890744449765513,1.0040,-0.0020,-0.2183,0.7837,-1.1613502817,-0.4943296840,-0.8697,1.8221,0.0515,-0.2886,1.2411,0.0515
2001,0.7407827376179305,2.891744449765513,1.0006,-0.0020,-0.2176,0.7810,-1.1613502817,-0.4943296840,-0.8676,1.8172,0.0510,-0.2877,1.2374,0.0510
2002,0.7407827376179305,2.892744449765513,0.9973,-0.0020,-0.2170,0.7783,-1.1613502817,-0.4943296840,-0.8655,1.8124,0.0504,-0.2869,1.2337,0.0504
2003,0.7407827376179305,2.8937444497655127,0.9939,-0.0020,-0.2163,0.7756,-1.1613502817,-0.4943296840,-0.8634,1.8075,0.0499,-0.2860,1.2300,0.0499
2004,0.7407827376179305,2.8947444497655126,0.9906,-0.0020,-0.2156,0.7729,-1.1613502817,-0.4943296840,-0.8614,1.8026,0.0493,-0.2851,1.2264,0.0493
2005,0.7407827376179305,2.8957444497655125,0.9872,-0.0020,-0.2150,0.7702,-1.1613502817,-0.4943296840,-0.8593,1.7978,0.0487,-0.2843,1.2228,0.0487
2006,0.7407827376179305,2.8967444497655124,0.9839,-0.0020,-0.2143,0.7676,-1.1613502817,-0.4943296840,-0.8573,1.7930,0.0482,-0.2834,1.2191,0.0482
2007,0.7407827376179305,2.8977444497655123,0.9806,-0.0020,-0.2137,0.7649,-1.1613502817,-0.4943296840,-0.8552,1.7882,0.0476,-0.2826,1.2155,0.0476
2008,0.7407827376179305,2.898744449765512,0.9773,-0.0020,-0.2131,0.7622,-1.1613502817,-0.4943296840,-0.8532,1.7834,0.0471,-0.2817,1.2119,0.0471
2009,0.7407827376179305,2.899744449765512,0.9740,-0.0020,-0.2124,0.7596,-1.1613502817,-0.4943296840,-0.8511,1.7786,0.0465,-0.2809,1.2083,0.0465
2010,0.7407827376179305,2.900744449765512,0.9707,-0.0020,-0.2118,0.7569,-1.1613502817,-0.4943296840,-0.8491,1.7738,0.0459,-0.2800,1.2047,0.0459
2011,0.7407827376179305,2.901744449765512,0.9674,-0.0019,-0.2111,0.7543,-1.1613502817,-0.4943296840,-0.8471,1.7690,0.0454,-0.2792,1.2012,0.0454
2012,0.7407827376179305,2.902744449765512,0.9641,-0.0019,-0.2105,0.7516,-1.1613502817,-0.4943296840,-0.8450,1.7643,0.0448,-0.2783,1.1976,0.0448
2013,0.7407827376179305,2.903744449765512,0.9608,-0.0019,-0.2099,0.7490,-1.1613502817,-0.4943296840,-0.8430,1.7596,0.0443,-0.2775,1.1941,0.0443
2014,0.7407827376179305,2.9047444497655115,0.9576,-0.0019,-0.2092,0.7464,-1.1613502817,-0.4943296840,-0.8410,1.7548,0.0437,-0.2767,1.1905,0.0437
2015,0.7407827376179305,2.9057444497655114,0.9543,-0.0019,-0.2086,0.7438,-1.1613502817,-0.4943296840,-0.8390,1.7501,0.0432,-0.2758,1.1870,0.0432
2016,0.7407827376179305,2.906744449765512,0.9511,-0.0019,-0.2080,0.7412,-1.1613502817,-0.4943296840,-0.8370,1.7454,0.0426,-0.2750,1.1835,0.0426
2017,0.7407827376179305,2.907744449765511,0.9478,-0.0019,-0.2074,0.7386,-1.1613502817,-0.4943296840,-0.8350,1.7407,0.0421,-0.2742,1.1799,0.0421
2018,0.7407827376179305,2.908744449765511,0.9446,-0.0019,-0.2067,0.7360,-1.1613502817,-0.4943296840,-0.8330,1.7361,0.0415,-0.2734,1.1764,0.0415
2019,0.7407827376179305,2.909744449765511,0.9414,-0.0019,-0.2061,0.7334,-1.1613502817,-0.4943296840,-0.8310,1.7314,0.0410,-0.2725,1.1730,0.0410
2020,0.7407827376179305,2.910744449765511,0.9382,-0.0019,-0.2055,0.7308,-1.1613502817,-0.4943296840,-0.8290,1.7267,0.0404,-0.2717,1.1695,0.0404
2021,0.7407827376179305,2.9117444497655107,0.9350,-0.0019,-0.2049,0.7282,-1.1613502817,-0.4943296840,-0.8270,1.7221,0.0399,-0.2709,1.1660,0.0399
2022,0.7407827376179305,2.9127444497655106,0.9318,-0.0019,-0.2043,0.7256,-1.1613502817,-0.4943296840,-0.8250,1.7175,0.0393,-0.2701,1.1625,0.0393
2023,0.7407827376179305,2.9137444497655105,0.9286,-0.0019,-0.2037,0.7231,-1.1613502817,-0.4943296840,-0.8230,1.7129,0.0388,-0.2693,1.1591,0.0388
2024,0.7407827376179305,2.9147444497655104,0.9254,-0.0019,-0.2031,0.7205,-1.1613502817,-0.4943296840,-0.8210,1.7083,0.0382,-0.2684,1.1557,0.0382
2025,0.7407827376179305,2.9157444497655103,0.9223,-0.0019,-0.2025,0.7180,-1.1613502817,-0.4943296840,-0.8191,1.7037,0.0377,-0.2676,1.1522,0.0377
2026,0.7407827376179305,2.91674444976551,0.9191,-0.0019,-0.2018,0.7154,-1.1613502817,-0.4943296840,-0.8171,1.6991,0.0371,-0.2668,1.1488,0.0371
2027,0.7407827376179305,2.91774444976551,0.9160,-0.0019,-0.2012,0.7129,-1.1613502817,-0.4943296840,-0.8152,1.6945,0.0366,-0.2660,1.1454,0.0366
2028,0.7407827376179305,2.91874444976551,0.9128,-0.0019,-0.2006,0.7103,-1.1613502817,-0.4943296840,-0.8132,1.6900,0.0361,-0.2652,1.1420,0.0361
2029,0.7407827376179305,2.91974444976551,0.9097,-0.0019,-0.2001,0.7078,-1.1613502817,-0.4943296840,-0.8112,1.6854,0.0355,-0.2644,1.1386,0.0355
2030,0.7407827376179305,2.9207444497655097,0.9066,-0.0018,-0.1995,0.7053,-1.1613502817,-0.4943296840,-0.8093,1.6809,0.0350,-0.2636,1.1352,0.0350
2031,0.7407827376179305,2.9217444497655096,0.9035,-0.0018,-0.1989,0.7028,-1.1613502817,-0.4943296840,-0.8074,1.6764,0.0344,-0.2628,1.1319,0.0344
2032,0.7407827376179305,2.922744449765509,0.9004,-0.0018,-0.1983,0.7002,-1.1613502817,-0.4943296840,-0.8054,1.6719,0.0339,-0.2620,1.1285,0.0339
2033,0.7407827376179305,2.9237444497655094,0.8973,-0.0018,-0.1977,0.6977,-1.1613502817,-0.4943296840,-0.8035,1.6674,0.0333,-0.2612,1.1252,0.0333
2034,0.7407827376179305,2.9247444497655093,0.8942,-0.0018,-0.1971,0.6952,-1.1613502817,-0.4943296840,-0.8016,1.6629,0.0328,-0.2605,1.1218,0.0328
2035,0.7407827376179305,2.925744449765509,0.8911,-0.0018,-0.1965,0.6927,-1.1613502817,-0.4943296840,-0.7996,1.6584,0.0323,-0.2597,1.1185,0.0323
2036,0.7407827376179305,2.926744449765509,0.8880,-0.0018,-0.1959,0.6903,-1.1613502817,-0.4943296840,-0.7977,1.6540,0.0317,-0.2589,1.1152,0.0317
2037,0.7407827376179305,2.927744449765509,0.8849,-0.0018,-0.1954,0.6878,-1.1613502817,-0.4943296840,-0.7958,1.6495,0.0312,-0.2581,1.1118,0.0312
2038,0.7407827376179305,2.928744449765509,0.8819,-0.0018,-0.1948,0.6853,-1.1613502817,-0.4943296840,-0.7939,1.6451,0.0307,-0.2573,1.1085,0.0307
2039,0.7407827376179305,2.9297444497655087,0.8788,-0.0018,-0.1942,0.6828,-1.1613502817,-0.4943296840,-0.7920,1.6407,0.0301,-0.2566,1.1053,0.0301
2040,0.7407827376179305,2.9307444497655086,0.8758,-0.0018,-0.1936,0.6804,-1.1613502817,-0.4943296840,-0.7901,1.6363,0.0296,-0.2558,1.1020,0.0296
2041,0.7407827376179305,2.9317444497655085,0.8727,-0.0018,-0.1931,0.6779,-1.1613502817,-0.4943296840,-0.7882,1.6319,0.0290,-0.2550,1.0987,0.0290
2042,0.7407827376179305,2.9327444497655084,0.8697,-0.0018,-0.1925,0.6755,-1.1613502817,-0.4943296840,-0.7863,1.6275,0.0285,-0.2542,1.0954,0.0285
2043,0.7407827376179305,2.9337444497655083,0.8667,-0.0018,-0.1919,0.6730,-1.1613502817,-0.4943296840,-0.7844,1.6231,0.0280,-0.2535,1.0922,0.0280
2044,0.7407827376179305,2.934744449765508,0.8637,-0.0018,-0.1914,0.6706,-1.1613502817,-0.4943296840,-0.7825,1.6187,0.0274,-0.2527,1.0889,0.0274
2045,0.7407827376179305,2.935744449765508,0.8607,-0.0018,-0.1908,0.6681,-1.1613502817,-0.4943296840,-0.7806,1.6144,0.0269,-0.2519,1.0857,0.0269
2046,0.7407827376179305,2.936744449765508,0.8577,-0.0018,-0.1902,0.6657,-1.1613502817,-0.4943296840,-0.7787,1.6100,0.0264,-0.2512,1.0825,0.0264
2047,0.7407827376179305,2.937744449765508,0.8547,-0.0018,-0.1897,0.6633,-1.1613502817,-0.4943296840,-0.7769,1.6057,0.0258,-0.2504,1.0793,0.0258
2048,0.7407827376179305,2.938744449765508,0.8517,-0.0017,-0.1891,0.6609,-1.1613502817,-0.4943296840,-0.7750,1.6014,0.0253,-0.2497,1.0761,0.0253
2049,0.7407827376179305,2.939744449765508,0.8487,-0.0017,-0.1886,0.6585,-1.1613502817,-0.4943296840,-0.7731,1.5971,0.0248,-0.2489,1.0729,0.0248
2050,0.7407827376179305,2.9407444497655075,0.8458,-0.0017,-0.1880,0.6560,-1.1613502817,-0.4943296840,-0.7713,1.5928,0.0242,-0.2482,1.0697,0.0242
2051,0.7407827376179305,2.9417444497655074,0.8428,-0.0017,-0.1874,0.6536,-1.1613502817,-0.4943296840,-0.7694,1.5885,0.0237,-0.2474,1.0665,0.0237
2052,0.7407827376179305,2.942744449765508,0.8399,-0.0017,-0.1869,0.6512,-1.1613502817,-0.4943296840,-0.7675,1.5842,0.0232,-0.2467,1.0633,0.0232
2053,0.7407827376179305,2.943744449765507,0.8369,-0.0017,-0.1864,0.6489,-1.1613502817,-0.4943296840,-0.7657,1.5800,0.0227,-0.2459,1.0602,0.0227
2054,0.7407827376179305,2.944744449765507,0.8340,-0.0017,-0.1858,0.6465,-1.1613502817,-0.4943296840,-0.7638,1.5757,0.0221,-0.2452,1.0570,0.0221
2055,0.7407827376179305,2.945744449765507,0.8311,-0.0017,-0.1853,0.6441,-1.1613502817,-0.4943296840,-0.7620,1.5715,0.0216,-0.2444,1.0539,0.0216
2056,0.7407827376179305,2.946744449765507,0.8282,-0.0017,-0.1847,0.6417,-1.1613502817,-0.4943296840,-0.7602,1.5672,0.0211,-0.2437,1.0508,0.0211
2057,0.7407827376179305,2.9477444497655068,0.8252,-0.0017,-0.1842,0.6394,-1.1613502817,-0.4943296840,-0.7583,1.5630,0.0205,-0.2430,1.0476,0.0205
2058,0.7407827376179305,2.948744449765506,0.8223,-0.0017,-0.1836,0.6370,-1.1613502817,-0.4943296840,-0.7565,1.5588,0.0200,-0.2422,1.0445,0.0200
2059,0.7407827376179305,2.9497444497655065,0.8194,-0.0017,-0.1831,0.6346,-1.1613502817,-0.4943296840,-0.7547,1.5546,0.0195,-0.2415,1.0414,0.0195
2060,0.7407827376179305,2.9507444497655064,0.8166,-0.0017,-0.1826,0.6323,-1.1613502817,-0.4943296840,-0.7529,1.5505,0.0190,-0.2408,1.0383,0.0190
2061,0.7407827376179305,2.9517444497655063,0.8137,-0.0017,-0.1820,0.6300,-1.1613502817,-0.4943296840,-0.7510,1.5463,0.0184,-0.2400,1.0353,0.0184
2062,0.7407827376179305,2.952744449765506,0.8108,-0.0017,-0.1815,0.6276,-1.1613502817,-0.4943296840,-0.7492,1.5421,0.0179,-0.2393,1.0322,0.0179
2063,0.7407827376179305,2.953744449765506,0.8079,-0.0017,-0.1810,0.6253,-1.1613502817,-0.4943296840,-0.7474,1.5380,0.0174,-0.2386,1.0291,0.0174
2064,0.7407827376179305,2.954744449765506,0.8051,-0.0017,-0.1804,0.6230,-1.1613502817,-0.4943296840,-0.7456,1.5338,0.0169,-0.2379,1.0261,0.0169
2065,0.7407827376179305,2.955744449765506,0.8022,-0.0017,-0.1799,0.6206,-1.1613502817,-0.4943296840,-0.7438,1.5297,0.0163,-0.2371,1.0230,0.0163
2066,0.7407827376179305,2.9567444497655058,0.7994,-0.0017,-0.1794,0.6183,-1.1613502817,-0.4943296840,-0.7420,1.5256,0.0158,-0.2364,1.0200,0.0158
2067,0.7407827376179305,2.9577444497655057,0.7965,-0.0017,-0.1789,0.6160,-1.1613502817,-0.4943296840,-0.7402,1.5215,0.0153,-0.2357,1.0169,0.0153
2068,0.7407827376179305,2.958744449765505,0.7937,-0.0016,-0.1784,0.6137,-1.1613502817,-0.4943296840,-0.7385,1.5174,0.0148,-0.2350,1.0139,0.0148
2069,0.7407827376179305,2.959744449765505,0.7909,-0.0016,-0.1778,0.6114,-1.1613502817,-0.4943296840,-0.7367,1.5133,0.0143,-0.2343,1.0109,0.0143
2070,0.7407827376179305,2.9607444497655053,0.7881,-0.0016,-0.1773,0.6091,-1.1613502817,-0.4943296840,-0.7349,1.5092,0.0137,-0.2336,1.0079,0.0137
2071,0.7407827376179305,2.961744449765505,0.7853,-0.0016,-0.1768,0.6068,-1.1613502817,-0.4943296840,-0.7331,1.5052,0.0132,-0.2329,1.0049,0.0132
2072,0.7407827376179305,2.962744449765505,0.7825,-0.0016,-0.1763,0.6045,-1.1613502817,-0.4943296840,-0.7313,1.5011,0.0127,-0.2322,1.0019,0.0127
2073,0.7407827376179305,2.963744449765505,0.7797,-0.0016,-0.1758,0.6023,-1.1613502817,-0.4943296840,-0.7296,1.4971,0.0122,-0.2315,0.9990,0.0122
2074,0.7407827376179305,2.964744449765505,0.7769,-0.0016,-0.1753,0.6000,-1.1613502817,-0.4943296840,-0.7278,1.4930,0.0117,-0.2308,0.9960,0.0117
2075,0.7407827376179305,2.9657444497655048,0.7741,-0.0016,-0.1748,0.5977,-1.1613502817,-0.4943296840,-0.7261,1.4890,0.0111,-0.2301,0.9930,0.0111
2076,0.7407827376179305,2.9667444497655047,0.7713,-0.0016,-0.1742,0.5955,-1.1613502817,-0.4943296840,-0.7243,1.4850,0.0106,-0.2294,0.9901,0.0106
2077,0.7407652852114932,2.968744297460661,0.7658,-0.0016,-0.1732,0.5910,-1.1613502815,-0.4943296840,-0.7208,1.4770,0.0096,-0.2280,0.9842,0.0096
2078,0.7407652852114932,2.969744297460661,0.7631,-0.0016,-0.1727,0.5887,-1.1613502815,-0.4943296840,-0.7191,1.4731,0.0091,-0.2273,0.9813,0.0091
2079,0.7407652852114932,2.970744297460661,0.7603,-0.0016,-0.1722,0.5865,-1.1613502815,-0.4943296840,-0.7173,1.4691,0.0086,-0.2266,0.9784,0.0086
2080,0.7407652852114932,2.9717442974606607,0.7576,-0.0016,-0.1717,0.5843,-1.1613502815,-0.4943296840,-0.7156,1.4651,0.0080,-0.2259,0.9755,0.0080
2081,0.7407652852114932,2.9727442974606606,0.7549,-0.0016,-0.1712,0.5820,-1.1613502815,-0.4943296840,-0.7139,1.4612,0.0075,-0.2252,0.9726,0.0075
2082,0.7407652852114932,2.9737442974606605,0.7521,-0.0016,-0.1707,0.5798,-1.1613502815,-0.4943296841,-0.7121,1.4573,0.0070,-0.2245,0.9697,0.0070
2083,0.7407652852114932,2.9747442974606604,0.7494,-0.0016,-0.1703,0.5776,-1.1613502815,-0.4943296841,-0.7104,1.4533,0.0065,-0.2239,0.9668,0.0065
2084,0.7407652852114932,2.9757442974606603,0.7467,-0.0016,-0.1698,0.5754,-1.1613502815,-0.4943296841,-0.7087,1.4494,0.0060,-0.2232,0.9639,0.0060
2085,0.7407652852114932,2.97674429746066,0.7440,-0.0016,-0.1693,0.5732,-1.1613502815,-0.4943296841,-0.7070,1.4455,0.0055,-0.2225,0.9611,0.0055
2086,0.7407652852114932,2.97774429746066,0.7413,-0.0016,-0.1688,0.5710,-1.1613502815,-0.4943296841,-0.7053,1.4416,0.0050,-0.2218,0.9582,0.0050
2087,0.7407652852114932,2.97874429746066,0.7387,-0.0016,-0.1683,0.5688,-1.1613502815,-0.4943296841,-0.7035,1.4377,0.0045,-0.2212,0.9554,0.0045
2088,0.7407652852114932,2.97974429746066,0.7360,-0.0016,-0.1678,0.5666,-1.1613502815,-0.4943296841,-0.7018,1.4339,0.0039,-0.2205,0.9525,0.0039
2089,0.7407652852114932,2.98074429746066,0.7333,-0.0016,-0.1673,0.5644,-1.1613502815,-0.4943296841,-0.7001,1.4300,0.0034,-0.2198,0.9497,0.0034
2090,0.7407652852114932,2.98174429746066,0.7306,-0.0016,-0.1668,0.5622,-1.1613502815,-0.4943296841,-0.6984,1.4262,0.0029,-0.2191,0.9469,0.0029
2091,0.7407652852114932,2.9827442974606595,0.7280,-0.0016,-0.1664,0.5601,-1.1613502815,-0.4943296841,-0.6968,1.4223,0.0024,-0.2185,0.9441,0.0024
2092,0.7407652852114932,2.9837442974606594,0.7253,-0.0016,-0.1659,0.5579,-1.1613502815,-0.4943296841,-0.6951,1.4185,0.0019,-0.2178,0.9412,0.0019
2093,0.7407827376179305,2.984744145155816,0.7227,-0.0016,-0.1654,0.5557,-1.1613502817,-0.4943296841,-0.6934,1.4147,0.0014,-0.2172,0.9385,0.0014
2094,0.7407827376179305,2.985744145155816,0.7201,-0.0016,-0.1649,0.5536,-1.1613502817,-0.4943296841,-0.6917,1.4109,0.0009,-0.2165,0.9357,0.0009
2095,0.7407827376179305,2.986744145155816,0.7174,-0.0016,-0.1645,0.5514,-1.1613502817,-0.4943296841,-0.6900,1.4071,0.0004,-0.2158,0.9329,0.0004
2096,0.7407652852114932,2.987743992850972,0.7148,-0.0016,-0.1640,0.5493,-1.1613502815,-0.4943296841,-0.6883,1.4033,-0.0001,-0.2152,0.9301,-0.0001
2097,0.7407652852114932,2.988743992850972,0.7122,-0.0016,-0.1635,0.5471,-1.1613502815,-0.4943296841,-0.6867,1.3995,-0.0006,-0.2145,0.9274,-0.0006
2098,0.7407652852114932,2.989743992850972,0.7096,-0.0016,-0.1630,0.5450,-1.1613502815,-0.4943296841,-0.6850,1.3957,-0.0011,-0.2139,0.9246,-0.0011
2099,0.7407652852114932,2.990743992850972,0.7070,-0.0016,-0.1626,0.5429,-1.1613502815,-0.4943296841,-0.6834,1.3920,-0.0016,-0.2132,0.9218,-0.0016
2100,0.7407652852114932,2.991743992850972,0.7044,-0.0015,-0.1621,0.5407,-1.1613502815,-0.4943296841,-0.6817,1.3882,-0.0021,-0.2126,0.9191,-0.0021
2101,0.7407827376179305,2.992743840546128,0.7018,-0.0015,-0.1616,0.5386,-1.1613502817,-0.4943296841,-0.6800,1.3845,-0.0026,-0.2119,0.9164,-0.0026
2102,0.7408001900243677,2.9937436882412847,0.6992,-0.0015,-0.1612,0.5365,-1.1613502814,-0.4943296841,-0.6784,1.3808,-0.0031,-0.2113,0.9137,-0.0031
2103,0.740817642430805,2.994743535936441,0.6967,-0.0015,-0.1607,0.5344,-1.1613502808,-0.4943296841,-0.6767,1.3770,-0.0036,-0.2107,0.9110,-0.0036
2104,0.740817642430805,2.995743535936441,0.6941,-0.0015,-0.1603,0.5323,-1.1613502808,-0.4943296841,-0.6751,1.3733,-0.0041,-0.2100,0.9083,-0.0041
2105,0.7408001900243677,2.996743383631597,0.6915,-0.0015,-0.1598,0.5302,-1.1613502814,-0.4943296841,-0.6735,1.3696,-0.0046,-0.2094,0.9056,-0.0046
2106,0.7407827376179305,2.997743231326754,0.6890,-0.0015,-0.1593,0.5281,-1.1613502817,-0.4943296841,-0.6718,1.3659,-0.0051,-0.2087,0.9029,-0.0051
2107,0.7407478381212279,2.998742622153773,0.6864,-0.0015,-0.1589,0.5260,-1.1613502809,-0.4943296841,-0.6702,1.3622,-0.0056,-0.2081,0.9002,-0.0056
