    0.000000    0.000000   -3.500000    0.002333  -1.0951874272E-004
    0.000000    0.000000   -3.497667    0.004667  -1.1022434870E-004
    0.000000    0.000000   -3.495333    0.007000  -1.1093362279E-004
    0.000000    0.000000   -3.493000    0.009333  -1.1164657839E-004
    0.000000    0.000000   -3.490667    0.011667  -1.1236322889E-004
    0.000000    0.000000   -3.488333    0.014000  -1.1308358776E-004
    0.000000    0.000000   -3.486000    0.016333  -1.1380766844E-004
    0.000000    0.000000   -3.483667    0.018667  -1.1453548443E-004
    0.000000    0.000000   -3.481333    0.021000  -1.1526704926E-004
    0.000000    0.000000   -3.479000    0.023333  -1.1600237648E-004
    0.000000    0.000000   -3.476667    0.025667  -1.1674147967E-004
    0.000000    0.000000   -3.474333    0.028000  -1.1748437243E-004
    0.000000    0.000000   -3.472000    0.030333  -1.1823106840E-004
    0.000000    0.000000   -3.469667    0.032667  -1.1898158125E-004
    0.000000    0.000000   -3.467333    0.035000  -1.1973592466E-004
    0.000000    0.000000   -3.465000    0.037333  -1.2049411237E-004
    0.000000    0.000000   -3.462667    0.039667  -1.2125615813E-004
    0.000000    0.000000   -3.460333    0.042000  -1.2202207571E-004
    0.000000    0.000000   -3.458000    0.044333  -1.2279187893E-004
    0.000000    0.000000   -3.455667    0.046667  -1.2356558163E-004
    0.000000    0.000000   -3.453333    0.049000  -1.2434319767E-004
    0.000000    0.000000   -3.451000    0.051333  -1.2512474096E-004
    0.000000    0.000000   -3.448667    0.053667  -1.2591022543E-004
    0.000000    0.000000   -3.446333    0.056000  -1.2669966503E-004
    0.000000    0.000000   -3.444000    0.058333  -1.2749307376E-004
    0.000000    0.000000   -3.441667    0.060667  -1.2829046563E-004
    0.000000    0.000000   -3.439333    0.063000  -1.2909185471E-004
    0.000000    0.000000   -3.437000    0.065333  -1.2989725506E-004
    0.000000    0.000000   -3.434667    0.067667  -1.3070668080E-004
    0.000000    0.000000   -3.432333    0.070000  -1.3152014609E-004
    0.000000    0.000000   -3.430000    0.072333  -1.3233766508E-004
    0.000000    0.000000   -3.427667    0.074667  -1.3315925200E-004
    0.000000    0.000000   -3.425333    0.077000  -1.3398492107E-004
    0.000000    0.000000   -3.423000    0.079333  -1.3481468657E-004
    0.000000    0.000000   -3.420667    0.081667  -1.3564856279E-004
    0.000000    0.000000   -3.418333    0.084000  -1.3648656409E-004
    0.000000    0.000000   -3.416000    0.086333  -1.3732870481E-004
    0.000000    0.000000   -3.413667    0.088667  -1.3817499937E-004
    0.000000    0.000000   -3.411333    0.091000  -1.3902546219E-004
    0.000000    0.000000   -3.409000    0.093333  -1.3988010774E-004
    0.000000    0.000000   -3.406667    0.095667  -1.4073895052E-004
    0.000000    0.000000   -3.404333    0.098000  -1.4160200506E-004
    0.000000    0.000000   -3.402000    0.100333  -1.4246928593E-004
    0.000000    0.000000   -3.399667    0.102667  -1.4334080772E-004
    0.000000    0.000000   -3.397333    0.105000  -1.4421658508E-004
    0.000000    0.000000   -3.395000    0.107333  -1.4509663267E-004
    0.000000    0.000000   -3.392667    0.109667  -1.4598096519E-004
    0.000000    0.000000   -3.390333    0.112000  -1.4686959738E-004
    0.000000    0.000000   -3.388000    0.114333  -1.4776254401E-004
    0.000000    0.000000   -3.385667    0.116667  -1.4865981990E-004
    0.000000    0.000000   -3.383333    0.119000  -1.4956143988E-004
    0.000000    0.000000   -3.381000    0.121333  -1.5046741884E-004
    0.000000    0.000000   -3.378667    0.123667  -1.5137777170E-004
    0.000000    0.000000   -3.376333    0.126000  -1.5229251340E-004
    0.000000    0.000000   -3.374000    0.128333  -1.5321165893E-004
    0.000000    0.000000   -3.371667    0.130667  -1.5413522333E-004
    0.000000    0.000000   -3.369333    0.133000  -1.5506322165E-004
    0.000000    0.000000   -3.367000    0.135333  -1.5599566899E-004
    0.000000    0.000000   -3.364667    0.137667  -1.5693258050E-004
    0.000000    0.000000   -3.362333    0.140000  -1.5787397134E-004
    0.000000    0.000000   -3.360000    0.142333  -1.5881985674E-004
    0.000000    0.000000   -3.357667    0.144667  -1.5977025194E-004
    0.000000    0.000000   -3.355333    0.147000  -1.6072517225E-004
    0.000000    0.000000   -3.353000    0.149333  -1.6168463298E-004
    0.000000    0.000000   -3.350667    0.151667  -1.6264864952E-004
    0.000000    0.000000   -3.348333    0.154000  -1.6361723727E-004
    0.000000    0.000000   -3.346000    0.156333  -1.6459041169E-004
    0.000000    0.000000   -3.343667    0.158667  -1.6556818826E-004
    0.000000    0.000000   -3.341333    0.161000  -1.6655058251E-004
    0.000000    0.000000   -3.339000    0.163333  -1.6753761003E-004
    0.000000    0.000000   -3.336667    0.165667  -1.6852928642E-004
    0.000000    0.000000   -3.334333    0.168000  -1.6952562735E-004
    0.000000    0.000000   -3.332000    0.170333  -1.7052664851E-004
    0.000000    0.000000   -3.329667    0.172667  -1.7153236564E-004
    0.000000    0.000000   -3.327333    0.175000  -1.7254279453E-004
    0.000000    0.000000   -3.325000    0.177333  -1.7355795100E-004
    0.000000    0.000000   -3.322667    0.179667  -1.7457785093E-004
    0.000000    0.000000   -3.320333    0.182000  -1.7560251023E-004
    0.000000    0.000000   -3.318000    0.184333  -1.7663194486E-004
    0.000000    0.000000   -3.315667    0.186667  -1.7766617083E-004
    0.000000    0.000000   -3.313333    0.189000  -1.7870520418E-004
    0.000000    0.000000   -3.311000    0.191333  -1.7974906100E-004
    0.000000    0.000000   -3.308667    0.193667  -1.8079775745E-004
    0.000000    0.000000   -3.306333    0.196000  -1.8185130970E-004
    0.000000    0.000000   -3.304000    0.198333  -1.8290973399E-004
    0.000000    0.000000   -3.301667    0.200667  -1.8397304660E-004
    0.000000    0.000000   -3.299333    0.203000  -1.8504126386E-004
    0.000000    0.000000   -3.297000    0.205333  -1.8611440214E-004
    0.000000    0.000000   -3.294667    0.207667  -1.8719247787E-004
    0.000000    0.000000   -3.292333    0.210000  -1.8827550752E-004
    0.000000    0.000000   -3.290000    0.212333  -1.8936350762E-004
    0.000000    0.000000   -3.287667    0.214667  -1.9045649473E-004
    0.000000    0.000000   -3.285333    0.217000  -1.9155448548E-004
    0.000000    0.000000   -3.283000    0.219333  -1.9265749654E-004
    0.000000    0.000000   -3.280667    0.221667  -1.9376554463E-004
    0.000000    0.000000   -3.278333    0.224000  -1.9487864653E-004
    0.000000    0.000000   -3.276000    0.226333  -1.9599681907E-004
    0.000000    0.000000   -3.273667    0.228667  -1.9712007913E-004
    0.000000    0.000000   -3.271333    0.231000  -1.9824844363E-004
    0.000000    0.000000   -3.269000    0.233333  -1.9938192957E-004
    0.000000    0.000000   -3.266667    0.235667  -2.0052055398E-004
    0.000000    0.000000   -3.264333    0.238000  -2.0166433395E-004
    0.000000    0.000000   -3.262000    0.240333  -2.0281328664E-004
    0.000000    0.000000   -3.259667    0.242667  -2.0396742926E-004
    0.000000    0.000000   -3.257333    0.245000  -2.0512677905E-004
    0.000000    0.000000   -3.255000    0.247333  -2.0629135334E-004
    0.000000    0.000000   -3.252667    0.249667  -2.0746116949E-004
    0.000000    0.000000   -3.250333    0.252000  -2.0863624495E-004
    0.000000    0.000000   -3.248000    0.254333  -2.0981659720E-004
    0.000000    0.000000   -3.245667    0.256667  -2.1100224378E-004
    0.000000    0.000000   -3.243333    0.259000  -2.1219320230E-004
    0.000000    0.000000   -3.241000    0.261333  -2.1338949043E-004
    0.000000    0.000000   -3.238667    0.263667  -2.1459112589E-004
    0.000000    0.000000   -3.236333    0.266000  -2.1579812648E-004
    0.000000    0.000000   -3.234000    0.268333  -2.1701051003E-004
    0.000000    0.000000   -3.231667    0.270667  -2.1822829446E-004
    0.000000    0.000000   -3.229333    0.273000  -2.1945149775E-004
    0.000000    0.000000   -3.227000    0.275333  -2.2068013791E-004
    0.000000    0.000000   -3.224667    0.277667  -2.2191423306E-004
    0.000000    0.000000   -3.222333    0.280000  -2.2315380137E-004
    0.000000    0.000000   -3.220000    0.282333  -2.2439886104E-004
    0.000000    0.000000   -3.217667    0.284667  -2.2564943039E-004
    0.000000    0.000000   -3.215333    0.287000  -2.2690552776E-004
    0.000000    0.000000   -3.213000    0.289333  -2.2816717160E-004
    0.000000    0.000000   -3.210667    0.291667  -2.2943438038E-004
    0.000000    0.000000   -3.208333    0.294000  -2.3070717267E-004
    0.000000    0.000000   -3.206000    0.296333  -2.3198556710E-004
    0.000000    0.000000   -3.203667    0.298667  -2.3326958237E-004
    0.000000    0.000000   -3.201333    0.301000  -2.3455923726E-004
    0.000000    0.000000   -3.199000    0.303333  -2.3585455059E-004
    0.000000    0.000000   -3.196667    0.305667  -2.3715554128E-004
    0.000000    0.000000   -3.194333    0.308000  -2.3846222832E-004
    0.000000    0.000000   -3.192000    0.310333  -2.3977463076E-004
    0.000000    0.000000   -3.189667    0.312667  -2.4109276773E-004
    0.000000    0.000000   -3.187333    0.315000  -2.4241665843E-004
    0.000000    0.000000   -3.185000    0.317333  -2.4374632214E-004
    0.000000    0.000000   -3.182667    0.319667  -2.4508177822E-004
    0.000000    0.000000   -3.180333    0.322000  -2.4642304608E-004
    0.000000    0.000000   -3.178000    0.324333  -2.4777014525E-004
    0.000000    0.000000   -3.175667    0.326667  -2.4912309530E-004
    0.000000    0.000000   -3.173333    0.329000  -2.5048191589E-004
    0.000000    0.000000   -3.171000    0.331333  -2.5184662676E-004
    0.000000    0.000000   -3.168667    0.333667  -2.5321724775E-004
    0.000000    0.000000   -3.166333    0.336000  -2.5459379873E-004
    0.000000    0.000000   -3.164000    0.338333  -2.5597629971E-004
    0.000000    0.000000   -3.161667    0.340667  -2.5736477075E-004
    0.000000    0.000000   -3.159333    0.343000  -2.5875923198E-004
    0.000000    0.000000   -3.157000    0.345333  -2.6015970365E-004
    0.000000    0.000000   -3.154667    0.347667  -2.6156620606E-004
    0.000000    0.000000   -3.152333    0.350000  -2.6297875963E-004
    0.000000    0.000000   -3.150000    0.352333  -2.6439738483E-004
    0.000000    0.000000   -3.147667    0.354667  -2.6582210224E-004
    0.000000    0.000000   -3.145333    0.357000  -2.6725293251E-004
    0.000000    0.000000   -3.143000    0.359333  -2.6868989641E-004
    0.000000    0.000000   -3.140667    0.361667  -2.7013301477E-004
    0.000000    0.000000   -3.138333    0.364000  -2.7158230851E-004
    0.000000    0.000000   -3.136000    0.366333  -2.7303779866E-004
    0.000000    0.000000   -3.133667    0.368667  -2.7449950633E-004
    0.000000    0.000000   -3.131333    0.371000  -2.7596745271E-004
    0.000000    0.000000   -3.129000    0.373333  -2.7744165912E-004
    0.000000    0.000000   -3.126667    0.375667  -2.7892214694E-004
    0.000000    0.000000   -3.124333    0.378000  -2.8040893767E-004
    0.000000    0.000000   -3.122000    0.380333  -2.8190205287E-004
    0.000000    0.000000   -3.119667    0.382667  -2.8340151423E-004
    0.000000    0.000000   -3.117333    0.385000  -2.8490734354E-004
    0.000000    0.000000   -3.115000    0.387333  -2.8641956266E-004
    0.000000    0.000000   -3.112667    0.389667  -2.8793819358E-004
    0.000000    0.000000   -3.110333    0.392000  -2.8946325838E-004
    0.000000    0.000000   -3.108000    0.394333  -2.9099477922E-004
    0.000000    0.000000   -3.105667    0.396667  -2.9253277840E-004
    0.000000    0.000000   -3.103333    0.399000  -2.9407727829E-004
    0.000000    0.000000   -3.101000    0.401333  -2.9562830139E-004
    0.000000    0.000000   -3.098667    0.403667  -2.9718587029E-004
    0.000000    0.000000   -3.096333    0.406000  -2.9875000769E-004
    0.000000    0.000000   -3.094000    0.408333  -3.0032073641E-004
    0.000000    0.000000   -3.091667    0.410667  -3.0189807934E-004
    0.000000    0.000000   -3.089333    0.413000  -3.0348205954E-004
    0.000000    0.000000   -3.087000    0.415333  -3.0507270011E-004
    0.000000    0.000000   -3.084667    0.417667  -3.0667002432E-004
    0.000000    0.000000   -3.082333    0.420000  -3.0827405553E-004
    0.000000    0.000000   -3.080000    0.422333  -3.0988481720E-004
    0.000000    0.000000   -3.077667    0.424667  -3.1150233291E-004
    0.000000    0.000000   -3.075333    0.427000  -3.1312662638E-004
    0.000000    0.000000   -3.073000    0.429333  -3.1475772143E-004
    0.000000    0.000000   -3.070667    0.431667  -3.1639564197E-004
    0.000000    0.000000   -3.068333    0.434000  -3.1804041207E-004
    0.000000    0.000000   -3.066000    0.436333  -3.1969205590E-004
    0.000000    0.000000   -3.063667    0.438667  -3.2135059776E-004
    0.000000    0.000000   -3.061333    0.441000  -3.2301606205E-004
    0.000000    0.000000   -3.059000    0.443333  -3.2468847331E-004
    0.000000    0.000000   -3.056667    0.445667  -3.2636785621E-004
    0.000000    0.000000   -3.054333    0.448000  -3.2805423553E-004
    0.000000    0.000000   -3.052000    0.450333  -3.2974763618E-004
    0.000000    0.000000   -3.049667    0.452667  -3.3144808319E-004
    0.000000    0.000000   -3.047333    0.455000  -3.3315560174E-004
    0.000000    0.000000   -3.045000    0.457333  -3.3487021711E-004
    0.000000    0.000000   -3.042667    0.459667  -3.3659195474E-004
    0.000000    0.000000   -3.040333    0.462000  -3.3832084017E-004
    0.000000    0.000000   -3.038000    0.464333  -3.4005689910E-004
    0.000000    0.000000   -3.035667    0.466667  -3.4180015735E-004
    0.000000    0.000000   -3.033333    0.469000  -3.4355064088E-004
    0.000000    0.000000   -3.031000    0.471333  -3.4530837577E-004
    0.000000    0.000000   -3.028667    0.473667  -3.4707338826E-004
    0.000000    0.000000   -3.026333    0.476000  -3.4884570471E-004
    0.000000    0.000000   -3.024000    0.478333  -3.5062535164E-004
    0.000000    0.000000   -3.021667    0.480667  -3.5241235569E-004
    0.000000    0.000000   -3.019333    0.483000  -3.5420674364E-004
    0.000000    0.000000   -3.017000    0.485333  -3.5600854244E-004
    0.000000    0.000000   -3.014667    0.487667  -3.5781777915E-004
    0.000000    0.000000   -3.012333    0.490000  -3.5963448100E-004
    0.000000    0.000000   -3.010000    0.492333  -3.6145867535E-004
    0.000000    0.000000   -3.007667    0.494667  -3.6329038973E-004
    0.000000    0.000000   -3.005333    0.497000  -3.6512965179E-004
    0.000000    0.000000   -3.003000    0.499333  -3.6697648936E-004
    0.000000    0.000000   -3.000667    0.501667  -3.6883093039E-004
    0.000000    0.000000   -2.998333    0.504000  -3.7069300300E-004
    0.000000    0.000000   -2.996000    0.506333  -3.7256273547E-004
    0.000000    0.000000   -2.993667    0.508667  -3.7444015622E-004
    0.000000    0.000000   -2.991333    0.511000  -3.7632529384E-004
    0.000000    0.000000   -2.989000    0.513333  -3.7821817707E-004
    0.000000    0.000000   -2.986667    0.515667  -3.8011883481E-004
    0.000000    0.000000   -2.984333    0.518000  -3.8202729612E-004
    0.000000    0.000000   -2.982000    0.520333  -3.8394359021E-004
    0.000000    0.000000   -2.979667    0.522667  -3.8586774649E-004
    0.000000    0.000000   -2.977333    0.525000  -3.8779979448E-004
    0.000000    0.000000   -2.975000    0.527333  -3.8973976391E-004
    0.000000    0.000000   -2.972667    0.529667  -3.9168768466E-004
    0.000000    0.000000   -2.970333    0.532000  -3.9364358678E-004
    0.000000    0.000000   -2.968000    0.534333  -3.9560750048E-004
    0.000000    0.000000   -2.965667    0.536667  -3.9757945615E-004
    0.000000    0.000000   -2.963333    0.539000  -3.9955948434E-004
    0.000000    0.000000   -2.961000    0.541333  -4.0154761581E-004
    0.000000    0.000000   -2.958667    0.543667  -4.0354388144E-004
    0.000000    0.000000   -2.956333    0.546000  -4.0554831233E-004
    0.000000    0.000000   -2.954000    0.548333  -4.0756093973E-004
    0.000000    0.000000   -2.951667    0.550667  -4.0958179509E-004
    0.000000    0.000000   -2.949333    0.553000  -4.1161091002E-004
    0.000000    0.000000   -2.947000    0.555333  -4.1364831633E-004
    0.000000    0.000000   -2.944667    0.557667  -4.1569404599E-004
    0.000000    0.000000   -2.942333    0.560000  -4.1774813118E-004
    0.000000    0.000000   -2.940000    0.562333  -4.1981060425E-004
    0.000000    0.000000   -2.937667    0.564667  -4.2188149774E-004
    0.000000    0.000000   -2.935333    0.567000  -4.2396084437E-004
    0.000000    0.000000   -2.933000    0.569333  -4.2604867706E-004
    0.000000    0.000000   -2.930667    0.571667  -4.2814502892E-004
    0.000000    0.000000   -2.928333    0.574000  -4.3024993326E-004
    0.000000    0.000000   -2.926000    0.576333  -4.3236342357E-004
    0.000000    0.000000   -2.923667    0.578667  -4.3448553353E-004
    0.000000    0.000000   -2.921333    0.581000  -4.3661629704E-004
    0.000000    0.000000   -2.919000    0.583333  -4.3875574817E-004
    0.000000    0.000000   -2.916667    0.585667  -4.4090392122E-004
    0.000000    0.000000   -2.914333    0.588000  -4.4306085067E-004
    0.000000    0.000000   -2.912000    0.590333  -4.4522657120E-004
    0.000000    0.000000   -2.909667    0.592667  -4.4740111771E-004
    0.000000    0.000000   -2.907333    0.595000  -4.4958452530E-004
    0.000000    0.000000   -2.905000    0.597333  -4.5177682927E-004
    0.000000    0.000000   -2.902667    0.599667  -4.5397806513E-004
    0.000000    0.000000   -2.900333    0.602000  -4.5618826860E-004
    0.000000    0.000000   -2.898000    0.604333  -4.5840747561E-004
    0.000000    0.000000   -2.895667    0.606667  -4.6063572232E-004
    0.000000    0.000000   -2.893333    0.609000  -4.6287304508E-004
    0.000000    0.000000   -2.891000    0.611333  -4.6511948046E-004
    0.000000    0.000000   -2.888667    0.613667  -4.6737506526E-004
    0.000000    0.000000   -2.886333    0.616000  -4.6963983648E-004
    0.000000    0.000000   -2.884000    0.618333  -4.7191383137E-004
    0.000000    0.000000   -2.881667    0.620667  -4.7419708736E-004
    0.000000    0.000000   -2.879333    0.623000  -4.7648964214E-004
    0.000000    0.000000   -2.877000    0.625333  -4.7879153360E-004
    0.000000    0.000000   -2.874667    0.627667  -4.8110279987E-004
    0.000000    0.000000   -2.872333    0.630000  -4.8342347931E-004
    0.000000    0.000000   -2.870000    0.632333  -4.8575361048E-004
    0.000000    0.000000   -2.867667    0.634667  -4.8809323222E-004
    0.000000    0.000000   -2.865333    0.637000  -4.9044238356E-004
    0.000000    0.000000   -2.863000    0.639333  -4.9280110377E-004
    0.000000    0.000000   -2.860667    0.641667  -4.9516943238E-004
    0.000000    0.000000   -2.858333    0.644000  -4.9754740913E-004
    0.000000    0.000000   -2.856000    0.646333  -4.9993507401E-004
    0.000000    0.000000   -2.853667    0.648667  -5.0233246724E-004
    0.000000    0.000000   -2.851333    0.651000  -5.0473962930E-004
    0.000000    0.000000   -2.849000    0.653333  -5.0715660090E-004
    0.000000    0.000000   -2.846667    0.655667  -5.0958342298E-004
    0.000000    0.000000   -2.844333    0.658000  -5.1202013676E-004
    0.000000    0.000000   -2.842000    0.660333  -5.1446678367E-004
    0.000000    0.000000   -2.839667    0.662667  -5.1692340543E-004
    0.000000    0.000000   -2.837333    0.665000  -5.1939004396E-004
    0.000000    0.000000   -2.835000    0.667333  -5.2186674148E-004
    0.000000    0.000000   -2.832667    0.669667  -5.2435354044E-004
    0.000000    0.000000   -2.830333    0.672000  -5.2685048354E-004
    0.000000    0.000000   -2.828000    0.674333  -5.2935761374E-004
    0.000000    0.000000   -2.825667    0.676667  -5.3187497428E-004
    0.000000    0.000000   -2.823333    0.679000  -5.3440260862E-004
    0.000000    0.000000   -2.821000    0.681333  -5.3694056052E-004
    0.000000    0.000000   -2.818667    0.683667  -5.3948887398E-004
    0.000000    0.000000   -2.816333    0.686000  -5.4204759327E-004
    0.000000    0.000000   -2.814000    0.688333  -5.4461676292E-004
    0.000000    0.000000   -2.811667    0.690667  -5.4719642774E-004
    0.000000    0.000000   -2.809333    0.693000  -5.4978663280E-004
    0.000000    0.000000   -2.807000    0.695333  -5.5238742344E-004
    0.000000    0.000000   -2.804667    0.697667  -5.5499884527E-004
    0.000000    0.000000   -2.802333    0.700000  -5.5762094419E-004
    0.000000    0.000000   -2.800000    0.702333  -5.6025376636E-004
    0.000000    0.000000   -2.797667    0.704667  -5.6289735821E-004
    0.000000    0.000000   -2.795333    0.707000  -5.6555176647E-004
    0.000000    0.000000   -2.793000    0.709333  -5.6821703812E-004
    0.000000    0.000000   -2.790667    0.711667  -5.7089322046E-004
    0.000000    0.000000   -2.788333    0.714000  -5.7358036104E-004
    0.000000    0.000000   -2.786000    0.716333  -5.7627850770E-004
    0.000000    0.000000   -2.783667    0.718667  -5.7898770859E-004
    0.000000    0.000000   -2.781333    0.721000  -5.8170801212E-004
    0.000000    0.000000   -2.779000    0.723333  -5.8443946699E-004
    0.000000    0.000000   -2.776667    0.725667  -5.8718212221E-004
    0.000000    0.000000   -2.774333    0.728000  -5.8993602707E-004
    0.000000    0.000000   -2.772000    0.730333  -5.9270123116E-004
    0.000000    0.000000   -2.769667    0.732667  -5.9547778435E-004
    0.000000    0.000000   -2.767333    0.735000  -5.9826573682E-004
    0.000000    0.000000   -2.765000    0.737333  -6.0106513905E-004
    0.000000    0.000000   -2.762667    0.739667  -6.0387604181E-004
    0.000000    0.000000   -2.760333    0.742000  -6.0669849617E-004
    0.000000    0.000000   -2.758000    0.744333  -6.0953255353E-004
    0.000000    0.000000   -2.755667    0.746667  -6.1237826556E-004
    0.000000    0.000000   -2.753333    0.749000  -6.1523568425E-004
    0.000000    0.000000   -2.751000    0.751333  -6.1810486190E-004
    0.000000    0.000000   -2.748667    0.753667  -6.2098585111E-004
    0.000000    0.000000   -2.746333    0.756000  -6.2387870481E-004
    0.000000    0.000000   -2.744000    0.758333  -6.2678347622E-004
    0.000000    0.000000   -2.741667    0.760667  -6.2970021889E-004
    0.000000    0.000000   -2.739333    0.763000  -6.3262898666E-004
    0.000000    0.000000   -2.737000    0.765333  -6.3556983373E-004
    0.000000    0.000000   -2.734667    0.767667  -6.3852281457E-004
    0.000000    0.000000   -2.732333    0.770000  -6.4148798400E-004
    0.000000    0.000000   -2.730000    0.772333  -6.4446539716E-004
    0.000000    0.000000   -2.727667    0.774667  -6.4745510950E-004
    0.000000    0.000000   -2.725333    0.777000  -6.5045717679E-004
    0.000000    0.000000   -2.723000    0.779333  -6.5347165515E-004
    0.000000    0.000000   -2.720667    0.781667  -6.5649860101E-004
    0.000000    0.000000   -2.718333    0.784000  -6.5953807113E-004
    0.000000    0.000000   -2.716000    0.786333  -6.6259012259E-004
    0.000000    0.000000   -2.713667    0.788667  -6.6565481282E-004
    0.000000    0.000000   -2.711333    0.791000  -6.6873219958E-004
    0.000000    0.000000   -2.709000    0.793333  -6.7182234096E-004
    0.000000    0.000000   -2.706667    0.795667  -6.7492529538E-004
    0.000000    0.000000   -2.704333    0.798000  -6.7804112160E-004
    0.000000    0.000000   -2.702000    0.800333  -6.8116987872E-004
    0.000000    0.000000   -2.699667    0.802667  -6.8431162619E-004
    0.000000    0.000000   -2.697333    0.805000  -6.8746642379E-004
    0.000000    0.000000   -2.695000    0.807333  -6.9063433165E-004
    0.000000    0.000000   -2.692667    0.809667  -6.9381541023E-004
    0.000000    0.000000   -2.690333    0.812000  -6.9700972035E-004
    0.000000    0.000000   -2.688000    0.814333  -7.0021732319E-004
    0.000000    0.000000   -2.685667    0.816667  -7.0343828024E-004
    0.000000    0.000000   -2.683333    0.819000  -7.0667265337E-004
    0.000000    0.000000   -2.681000    0.821333  -7.0992050480E-004
    0.000000    0.000000   -2.678667    0.823667  -7.1318189709E-004
    0.000000    0.000000   -2.676333    0.826000  -7.1645689316E-004
    0.000000    0.000000   -2.674000    0.828333  -7.1974555629E-004
    0.000000    0.000000   -2.671667    0.830667  -7.2304795012E-004
    0.000000    0.000000   -2.669333    0.833000  -7.2636413863E-004
    0.000000    0.000000   -2.667000    0.835333  -7.2969418618E-004
    0.000000    0.000000   -2.664667    0.837667  -7.3303815748E-004
    0.000000    0.000000   -2.662333    0.840000  -7.3639611760E-004
    0.000000    0.000000   -2.660000    0.842333  -7.3976813198E-004
    0.000000    0.000000   -2.657667    0.844667  -7.4315426644E-004
    0.000000    0.000000   -2.655333    0.847000  -7.4655458713E-004
    0.000000    0.000000   -2.653000    0.849333  -7.4996916059E-004
    0.000000    0.000000   -2.650667    0.851667  -7.5339805374E-004
    0.000000    0.000000   -2.648333    0.854000  -7.5684133385E-004
    0.000000    0.000000   -2.646000    0.856333  -7.6029906856E-004
    0.000000    0.000000   -2.643667    0.858667  -7.6377132590E-004
    0.000000    0.000000   -2.641333    0.861000  -7.6725817426E-004
    0.000000    0.000000   -2.639000    0.863333  -7.7075968242E-004
    0.000000    0.000000   -2.636667    0.865667  -7.7427591951E-004
    0.000000    0.000000   -2.634333    0.868000  -7.7780695508E-004
    0.000000    0.000000   -2.632000    0.870333  -7.8135285901E-004
    0.000000    0.000000   -2.629667    0.872667  -7.8491370160E-004
    0.000000    0.000000   -2.627333    0.875000  -7.8848955351E-004
    0.000000    0.000000   -2.625000    0.877333  -7.9208048578E-004
    0.000000    0.000000   -2.622667    0.879667  -7.9568656986E-004
    0.000000    0.000000   -2.620333    0.882000  -7.9930787755E-004
    0.000000    0.000000   -2.618000    0.884333  -8.0294448107E-004
    0.000000    0.000000   -2.615667    0.886667  -8.0659645300E-004
    0.000000    0.000000   -2.613333    0.889000  -8.1026386633E-004
    0.000000    0.000000   -2.611000    0.891333  -8.1394679442E-004
    0.000000    0.000000   -2.608667    0.893667  -8.1764531103E-004
    0.000000    0.000000   -2.606333    0.896000  -8.2135949032E-004
    0.000000    0.000000   -2.604000    0.898333  -8.2508940683E-004
    0.000000    0.000000   -2.601667    0.900667  -8.2883513551E-004
    0.000000    0.000000   -2.599333    0.903000  -8.3259675168E-004
    0.000000    0.000000   -2.597000    0.905333  -8.3637433109E-004
    0.000000    0.000000   -2.594667    0.907667  -8.4016794986E-004
    0.000000    0.000000   -2.592333    0.910000  -8.4397768451E-004
    0.000000    0.000000   -2.590000    0.912333  -8.4780361199E-004
    0.000000    0.000000   -2.587667    0.914667  -8.5164580961E-004
    0.000000    0.000000   -2.585333    0.917000  -8.5550435510E-004
    0.000000    0.000000   -2.583000    0.919333  -8.5937932662E-004
    0.000000    0.000000   -2.580667    0.921667  -8.6327080267E-004
    0.000000    0.000000   -2.578333    0.924000  -8.6717886223E-004
    0.000000    0.000000   -2.576000    0.926333  -8.7110358462E-004
    0.000000    0.000000   -2.573667    0.928667  -8.7504504961E-004
    0.000000    0.000000   -2.571333    0.931000  -8.7900333737E-004
    0.000000    0.000000   -2.569000    0.933333  -8.8297852845E-004
    0.000000    0.000000   -2.566667    0.935667  -8.8697070386E-004
    0.000000    0.000000   -2.564333    0.938000  -8.9097994497E-004
    0.000000    0.000000   -2.562000    0.940333  -8.9500633361E-004
    0.000000    0.000000   -2.559667    0.942667  -8.9904995197E-004
    0.000000    0.000000   -2.557333    0.945000  -9.0311088271E-004
    0.000000    0.000000   -2.555000    0.947333  -9.0718920885E-004
    0.000000    0.000000   -2.552667    0.949667  -9.1128501388E-004
    0.000000    0.000000   -2.550333    0.952000  -9.1539838166E-004
    0.000000    0.000000   -2.548000    0.954333  -9.1952939649E-004
    0.000000    0.000000   -2.545667    0.956667  -9.2367814309E-004
    0.000000    0.000000   -2.543333    0.959000  -9.2784470659E-004
    0.000000    0.000000   -2.541000    0.961333  -9.3202917254E-004
    0.000000    0.000000   -2.538667    0.963667  -9.3623162692E-004
    0.000000    0.000000   -2.536333    0.966000  -9.4045215612E-004
    0.000000    0.000000   -2.534000    0.968333  -9.4469084697E-004
    0.000000    0.000000   -2.531667    0.970667  -9.4894778671E-004
    0.000000    0.000000   -2.529333    0.973000  -9.5322306300E-004
    0.000000    0.000000   -2.527000    0.975333  -9.5751676393E-004
    0.000000    0.000000   -2.524667    0.977667  -9.6182897803E-004
    0.000000    0.000000   -2.522333    0.980000  -9.6615979423E-004
    0.000000    0.000000   -2.520000    0.982333  -9.7050930191E-004
    0.000000    0.000000   -2.517667    0.984667  -9.7487759087E-004
    0.000000    0.000000   -2.515333    0.987000  -9.7926475133E-004
    0.000000    0.000000   -2.513000    0.989333  -9.8367087396E-004
    0.000000    0.000000   -2.510667    0.991667  -9.8809604985E-004
    0.000000    0.000000   -2.508333    0.994000  -9.9254037050E-004
    0.000000    0.000000   -2.506000    0.996333  -9.9700392789E-004
    0.000000    0.000000   -2.503667    0.998667  -1.0014868144E-003
    0.000000    0.000000   -2.501333    1.001000  -1.0059891228E-003
    0.000000    0.000000   -2.499000    1.003333  -1.0105109464E-003
    0.000000    0.000000   -2.496667    1.005667  -1.0150523789E-003
    0.000000    0.000000   -2.494333    1.008000  -1.0196135143E-003
    0.000000    0.000000   -2.492000    1.010333  -1.0241944474E-003
    0.000000    0.000000   -2.489667    1.012667  -1.0287952729E-003
    0.000000    0.000000   -2.487333    1.015000  -1.0334160865E-003
    0.000000    0.000000   -2.485000    1.017333  -1.0380569839E-003
    0.000000    0.000000   -2.482667    1.019667  -1.0427180614E-003
    0.000000    0.000000   -2.480333    1.022000  -1.0473994159E-003
    0.000000    0.000000   -2.478000    1.024333  -1.0521011444E-003
    0.000000    0.000000   -2.475667    1.026667  -1.0568233447E-003
    0.000000    0.000000   -2.473333    1.029000  -1.0615661149E-003
    0.000000    0.000000   -2.471000    1.031333  -1.0663295533E-003
    0.000000    0.000000   -2.468667    1.033667  -1.0711137590E-003
    0.000000    0.000000   -2.466333    1.036000  -1.0759188314E-003
    0.000000    0.000000   -2.464000    1.038333  -1.0807448703E-003
    0.000000    0.000000   -2.461667    1.040667  -1.0855919761E-003
    0.000000    0.000000   -2.459333    1.043000  -1.0904602494E-003
    0.000000    0.000000   -2.457000    1.045333  -1.0953497914E-003
    0.000000    0.000000   -2.454667    1.047667  -1.1002607038E-003
    0.000000    0.000000   -2.452333    1.050000  -1.1051930886E-003
    0.000000    0.000000   -2.450000    1.052333  -1.1101470484E-003
    0.000000    0.000000   -2.447667    1.054667  -1.1151226861E-003
    0.000000    0.000000   -2.445333    1.057000  -1.1201201052E-003
    0.000000    0.000000   -2.443000    1.059333  -1.1251394095E-003
    0.000000    0.000000   -2.440667    1.061667  -1.1301807034E-003
    0.000000    0.000000   -2.438333    1.064000  -1.1352440915E-003
    0.000000    0.000000   -2.436000    1.066333  -1.1403296792E-003
    0.000000    0.000000   -2.433667    1.068667  -1.1454375721E-003
    0.000000    0.000000   -2.431333    1.071000  -1.1505678764E-003
    0.000000    0.000000   -2.429000    1.073333  -1.1557206986E-003
    0.000000    0.000000   -2.426667    1.075667  -1.1608961457E-003
    0.000000    0.000000   -2.424333    1.078000  -1.1660943253E-003
    0.000000    0.000000   -2.422000    1.080333  -1.1713153453E-003
    0.000000    0.000000   -2.419667    1.082667  -1.1765593140E-003
    0.000000    0.000000   -2.417333    1.085000  -1.1818263405E-003
    0.000000    0.000000   -2.415000    1.087333  -1.1871165338E-003
    0.000000    0.000000   -2.412667    1.089667  -1.1924300040E-003
    0.000000    0.000000   -2.410333    1.092000  -1.1977668610E-003
    0.000000    0.000000   -2.408000    1.094333  -1.2031272158E-003
    0.000000    0.000000   -2.405667    1.096667  -1.2085111793E-003
    0.000000    0.000000   -2.403333    1.099000  -1.2139188633E-003
    0.000000    0.000000   -2.401000    1.101333  -1.2193503797E-003
    0.000000    0.000000   -2.398667    1.103667  -1.2248058412E-003
    0.000000    0.000000   -2.396333    1.106000  -1.2302853607E-003
    0.000000    0.000000   -2.394000    1.108333  -1.2357890516E-003
    0.000000    0.000000   -2.391667    1.110667  -1.2413170279E-003
    0.000000    0.000000   -2.389333    1.113000  -1.2468694040E-003
    0.000000    0.000000   -2.387000    1.115333  -1.2524462948E-003
    0.000000    0.000000   -2.384667    1.117667  -1.2580478155E-003
    0.000000    0.000000   -2.382333    1.120000  -1.2636740819E-003
    0.000000    0.000000   -2.380000    1.122333  -1.2693252103E-003
    0.000000    0.000000   -2.377667    1.124667  -1.2750013174E-003
    0.000000    0.000000   -2.375333    1.127000  -1.2807025204E-003
    0.000000    0.000000   -2.373000    1.129333  -1.2864289369E-003
    0.000000    0.000000   -2.370667    1.131667  -1.2921806852E-003
    0.000000    0.000000   -2.368333    1.134000  -1.2979578837E-003
    0.000000    0.000000   -2.366000    1.136333  -1.3037606516E-003
    0.000000    0.000000   -2.363667    1.138667  -1.3095891085E-003
    0.000000    0.000000   -2.361333    1.141000  -1.3154433742E-003
    0.000000    0.000000   -2.359000    1.143333  -1.3213235694E-003
    0.000000    0.000000   -2.356667    1.145667  -1.3272298151E-003
    0.000000    0.000000   -2.354333    1.148000  -1.3331622326E-003
    0.000000    0.000000   -2.352000    1.150333  -1.3391209439E-003
    0.000000    0.000000   -2.349667    1.152667  -1.3451060714E-003
    0.000000    0.000000   -2.347333    1.155000  -1.3511177380E-003
    0.000000    0.000000   -2.345000    1.157333  -1.3571560671E-003
    0.000000    0.000000   -2.342667    1.159667  -1.3632211826E-003
    0.000000    0.000000   -2.340333    1.162000  -1.3693132087E-003
    0.000000    0.000000   -2.338000    1.164333  -1.3754322704E-003
    0.000000    0.000000   -2.335667    1.166667  -1.3815784928E-003
    0.000000    0.000000   -2.333333    1.169000  -1.3877520019E-003
    0.000000    0.000000   -2.331000    1.171333  -1.3939529239E-003
    0.000000    0.000000   -2.328667    1.173667  -1.4001813856E-003
    0.000000    0.000000   -2.326333    1.176000  -1.4064375143E-003
    0.000000    0.000000   -2.324000    1.178333  -1.4127214377E-003
    0.000000    0.000000   -2.321667    1.180667  -1.4190332841E-003
    0.000000    0.000000   -2.319333    1.183000  -1.4253731822E-003
    0.000000    0.000000   -2.317000    1.185333  -1.4317412614E-003
    0.000000    0.000000   -2.314667    1.187667  -1.4381376512E-003
    0.000000    0.000000   -2.312333    1.190000  -1.4445624821E-003
    0.000000    0.000000   -2.310000    1.192333  -1.4510158848E-003
    0.000000    0.000000   -2.307667    1.194667  -1.4574979904E-003
    0.000000    0.000000   -2.305333    1.197000  -1.4640089308E-003
    0.000000    0.000000   -2.303000    1.199333  -1.4705488383E-003
    0.000000    0.000000   -2.300667    1.201667  -1.4771178456E-003
    0.000000    0.000000   -2.298333    1.204000  -1.4837160860E-003
    0.000000    0.000000   -2.296000    1.206333  -1.4903436933E-003
    0.000000    0.000000   -2.293667    1.208667  -1.4970008019E-003
    0.000000    0.000000   -2.291333    1.211000  -1.5036875466E-003
    0.000000    0.000000   -2.289000    1.213333  -1.5104040627E-003
    0.000000    0.000000   -2.286667    1.215667  -1.5171504860E-003
    0.000000    0.000000   -2.284333    1.218000  -1.5239269531E-003
    0.000000    0.000000   -2.282000    1.220333  -1.5307336008E-003
    0.000000    0.000000   -2.279667    1.222667  -1.5375705666E-003
    0.000000    0.000000   -2.277333    1.225000  -1.5444379885E-003
    0.000000    0.000000   -2.275000    1.227333  -1.5513360049E-003
    0.000000    0.000000   -2.272667    1.229667  -1.5582647549E-003
    0.000000    0.000000   -2.270333    1.232000  -1.5652243782E-003
    0.000000    0.000000   -2.268000    1.234333  -1.5722150148E-003
    0.000000    0.000000   -2.265667    1.236667  -1.5792368053E-003
    0.000000    0.000000   -2.263333    1.239000  -1.5862898911E-003
    0.000000    0.000000   -2.261000    1.241333  -1.5933744139E-003
    0.000000    0.000000   -2.258667    1.243667  -1.6004905159E-003
    0.000000    0.000000   -2.256333    1.246000  -1.6076383401E-003
    0.000000    0.000000   -2.254000    1.248333  -1.6148180299E-003
    0.000000    0.000000   -2.251667    1.250667  -1.6220297293E-003
    0.000000    0.000000   -2.249333    1.253000  -1.6292735827E-003
    0.000000    0.000000   -2.247000    1.255333  -1.6365497354E-003
    0.000000    0.000000   -2.244667    1.257667  -1.6438583330E-003
    0.000000    0.000000   -2.242333    1.260000  -1.6511995218E-003
    0.000000    0.000000   -2.240000    1.262333  -1.6585734485E-003
    0.000000    0.000000   -2.237667    1.264667  -1.6659802606E-003
    0.000000    0.000000   -2.235333    1.267000  -1.6734201062E-003
    0.000000    0.000000   -2.233000    1.269333  -1.6808931337E-003
    0.000000    0.000000   -2.230667    1.271667  -1.6883994924E-003
    0.000000    0.000000   -2.228333    1.274000  -1.6959393321E-003
    0.000000    0.000000   -2.226000    1.276333  -1.7035128030E-003
    0.000000    0.000000   -2.223667    1.278667  -1.7111200562E-003
    0.000000    0.000000   -2.221333    1.281000  -1.7187612433E-003
    0.000000    0.000000   -2.219000    1.283333  -1.7264365165E-003
    0.000000    0.000000   -2.216667    1.285667  -1.7341460285E-003
    0.000000    0.000000   -2.214333    1.288000  -1.7418899327E-003
    0.000000    0.000000   -2.212000    1.290333  -1.7496683834E-003
    0.000000    0.000000   -2.209667    1.292667  -1.7574815351E-003
    0.000000    0.000000   -2.207333    1.295000  -1.7653295431E-003
    0.000000    0.000000   -2.205000    1.297333  -1.7732125634E-003
    0.000000    0.000000   -2.202667    1.299667  -1.7811307527E-003
    0.000000    0.000000   -2.200333    1.302000  -1.7890842681E-003
    0.000000    0.000000   -2.198000    1.304333  -1.7970732676E-003
    0.000000    0.000000   -2.195667    1.306667  -1.8050979097E-003
    0.000000    0.000000   -2.193333    1.309000  -1.8131583537E-003
    0.000000    0.000000   -2.191000    1.311333  -1.8212547595E-003
    0.000000    0.000000   -2.188667    1.313667  -1.8293872876E-003
    0.000000    0.000000   -2.186333    1.316000  -1.8375560994E-003
    0.000000    0.000000   -2.184000    1.318333  -1.8457613568E-003
    0.000000    0.000000   -2.181667    1.320667  -1.8540032224E-003
    0.000000    0.000000   -2.179333    1.323000  -1.8622818595E-003
    0.000000    0.000000   -2.177000    1.325333  -1.8705974323E-003
    0.000000    0.000000   -2.174667    1.327667  -1.8789501055E-003
    0.000000    0.000000   -2.172333    1.330000  -1.8873400446E-003
    0.000000    0.000000   -2.170000    1.332333  -1.8957674158E-003
    0.000000    0.000000   -2.167667    1.334667  -1.9042323860E-003
    0.000000    0.000000   -2.165333    1.337000  -1.9127351229E-003
    0.000000    0.000000   -2.163000    1.339333  -1.9212757950E-003
    0.000000    0.000000   -2.160667    1.341667  -1.9298545714E-003
    0.000000    0.000000   -2.158333    1.344000  -1.9384716221E-003
    0.000000    0.000000   -2.156000    1.346333  -1.9471271178E-003
    0.000000    0.000000   -2.153667    1.348667  -1.9558212300E-003
    0.000000    0.000000   -2.151333    1.351000  -1.9645541310E-003
    0.000000    0.000000   -2.149000    1.353333  -1.9733259938E-003
    0.000000    0.000000   -2.146667    1.355667  -1.9821369923E-003
    0.000000    0.000000   -2.144333    1.358000  -1.9909873012E-003
    0.000000    0.000000   -2.142000    1.360333  -1.9998770959E-003
    0.000000    0.000000   -2.139667    1.362667  -2.0088065528E-003
    0.000000    0.000000   -2.137333    1.365000  -2.0177758491E-003
    0.000000    0.000000   -2.135000    1.367333  -2.0267851627E-003
    0.000000    0.000000   -2.132667    1.369667  -2.0358346724E-003
    0.000000    0.000000   -2.130333    1.372000  -2.0449245579E-003
    0.000000    0.000000   -2.128000    1.374333  -2.0540549999E-003
    0.000000    0.000000   -2.125667    1.376667  -2.0632261797E-003
    0.000000    0.000000   -2.123333    1.379000  -2.0724382797E-003
    0.000000    0.000000   -2.121000    1.381333  -2.0816914831E-003
    0.000000    0.000000   -2.118667    1.383667  -2.0909859741E-003
    0.000000    0.000000   -2.116333    1.386000  -2.1003219376E-003
    0.000000    0.000000   -2.114000    1.388333  -2.1096995597E-003
    0.000000    0.000000   -2.111667    1.390667  -2.1191190272E-003
    0.000000    0.000000   -2.109333    1.393000  -2.1285805281E-003
    0.000000    0.000000   -2.107000    1.395333  -2.1380842511E-003
    0.000000    0.000000   -2.104667    1.397667  -2.1476303860E-003
    0.000000    0.000000   -2.102333    1.400000  -2.1572191236E-003
    0.000000    0.000000   -2.100000    1.402333  -2.1668506556E-003
    0.000000    0.000000   -2.097667    1.404667  -2.1765251747E-003
    0.000000    0.000000   -2.095333    1.407000  -2.1862428748E-003
    0.000000    0.000000   -2.093000    1.409333  -2.1960039506E-003
    0.000000    0.000000   -2.090667    1.411667  -2.2058085979E-003
    0.000000    0.000000   -2.088333    1.414000  -2.2156570136E-003
    0.000000    0.000000   -2.086000    1.416333  -2.2255493957E-003
    0.000000    0.000000   -2.083667    1.418667  -2.2354859430E-003
    0.000000    0.000000   -2.081333    1.421000  -2.2454668557E-003
    0.000000    0.000000   -2.079000    1.423333  -2.2554923350E-003
    0.000000    0.000000   -2.076667    1.425667  -2.2655625830E-003
    0.000000    0.000000   -2.074333    1.428000  -2.2756778034E-003
    0.000000    0.000000   -2.072000    1.430333  -2.2858382004E-003
    0.000000    0.000000   -2.069667    1.432667  -2.2960439800E-003
    0.000000    0.000000   -2.067333    1.435000  -2.3062953488E-003
    0.000000    0.000000   -2.065000    1.437333  -2.3165925148E-003
    0.000000    0.000000   -2.062667    1.439667  -2.3269356874E-003
    0.000000    0.000000   -2.060333    1.442000  -2.3373250769E-003
    0.000000    0.000000   -2.058000    1.444333  -2.3477608949E-003
    0.000000    0.000000   -2.055667    1.446667  -2.3582433542E-003
    0.000000    0.000000   -2.053333    1.449000  -2.3687726689E-003
    0.000000    0.000000   -2.051000    1.451333  -2.3793490545E-003
    0.000000    0.000000   -2.048667    1.453667  -2.3899727274E-003
    0.000000    0.000000   -2.046333    1.456000  -2.4006439056E-003
    0.000000    0.000000   -2.044000    1.458333  -2.4113628083E-003
    0.000000    0.000000   -2.041667    1.460667  -2.4221296560E-003
    0.000000    0.000000   -2.039333    1.463000  -2.4329446706E-003
    0.000000    0.000000   -2.037000    1.465333  -2.4438080752E-003
    0.000000    0.000000   -2.034667    1.467667  -2.4547200945E-003
    0.000000    0.000000   -2.032333    1.470000  -2.4656809543E-003
    0.000000    0.000000   -2.030000    1.472333  -2.4766908820E-003
    0.000000    0.000000   -2.027667    1.474667  -2.4877501063E-003
    0.000000    0.000000   -2.025333    1.477000  -2.4988588575E-003
    0.000000    0.000000   -2.023000    1.479333  -2.5100173670E-003
    0.000000    0.000000   -2.020667    1.481667  -2.5212258680E-003
    0.000000    0.000000   -2.018333    1.484000  -2.5324845951E-003
    0.000000    0.000000   -2.016000    1.486333  -2.5437937842E-003
    0.000000    0.000000   -2.013667    1.488667  -2.5551536729E-003
    0.000000    0.000000   -2.011333    1.491000  -2.5665645003E-003
    0.000000    0.000000   -2.009000    1.493333  -2.5780265070E-003
    0.000000    0.000000   -2.006667    1.495667  -2.5895399352E-003
    0.000000    0.000000   -2.004333    1.498000  -2.6011050287E-003
    0.000000    0.000000   -2.002000    1.500333  -2.6127220327E-003
    0.000000    0.000000   -1.999667    1.502667  -2.6243911943E-003
    0.000000    0.000000   -1.997333    1.505000  -2.6361127621E-003
    0.000000    0.000000   -1.995000    1.507333  -2.6478869862E-003
    0.000000    0.000000   -1.992667    1.509667  -2.6597141187E-003
    0.000000    0.000000   -1.990333    1.512000  -2.6715944132E-003
    0.000000    0.000000   -1.988000    1.514333  -2.6835281249E-003
    0.000000    0.000000   -1.985667    1.516667  -2.6955155108E-003
    0.000000    0.000000   -1.983333    1.519000  -2.7075568298E-003
    0.000000    0.000000   -1.981000    1.521333  -2.7196523424E-003
    0.000000    0.000000   -1.978667    1.523667  -2.7318023109E-003
    0.000000    0.000000   -1.976333    1.526000  -2.7440069995E-003
    0.000000    0.000000   -1.974000    1.528333  -2.7562666739E-003
    0.000000    0.000000   -1.971667    1.530667  -2.7685816021E-003
    0.000000    0.000000   -1.969333    1.533000  -2.7809520537E-003
    0.000000    0.000000   -1.967000    1.535333  -2.7933783000E-003
    0.000000    0.000000   -1.964667    1.537667  -2.8058606147E-003
    0.000000    0.000000   -1.962333    1.540000  -2.8183992729E-003
    0.000000    0.000000   -1.960000    1.542333  -2.8309945519E-003
    0.000000    0.000000   -1.957667    1.544667  -2.8436467309E-003
    0.000000    0.000000   -1.955333    1.547000  -2.8563560911E-003
    0.000000    0.000000   -1.953000    1.549333  -2.8691229157E-003
    0.000000    0.000000   -1.950667    1.551667  -2.8819474898E-003
    0.000000    0.000000   -1.948333    1.554000  -2.8948301007E-003
    0.000000    0.000000   -1.946000    1.556333  -2.9077710376E-003
    0.000000    0.000000   -1.943667    1.558667  -2.9207705919E-003
    0.000000    0.000000   -1.941333    1.561000  -2.9338290571E-003
    0.000000    0.000000   -1.939000    1.563333  -2.9469467287E-003
    0.000000    0.000000   -1.936667    1.565667  -2.9601239044E-003
    0.000000    0.000000   -1.934333    1.568000  -2.9733608840E-003
    0.000000    0.000000   -1.932000    1.570333  -2.9866579697E-003
    0.000000    0.000000   -1.929667    1.572667  -3.0000154655E-003
    0.000000    0.000000   -1.927333    1.575000  -3.0134336781E-003
    0.000000    0.000000   -1.925000    1.577333  -3.0269129159E-003
    0.000000    0.000000   -1.922667    1.579667  -3.0404534901E-003
    0.000000    0.000000   -1.920333    1.582000  -3.0540557138E-003
    0.000000    0.000000   -1.918000    1.584333  -3.0677199025E-003
    0.000000    0.000000   -1.915667    1.586667  -3.0814463741E-003
    0.000000    0.000000   -1.913333    1.589000  -3.0952354488E-003
    0.000000    0.000000   -1.911000    1.591333  -3.1090874490E-003
    0.000000    0.000000   -1.908667    1.593667  -3.1230026998E-003
    0.000000    0.000000   -1.906333    1.596000  -3.1369815284E-003
    0.000000    0.000000   -1.904000    1.598333  -3.1510242647E-003
    0.000000    0.000000   -1.901667    1.600667  -3.1651312407E-003
    0.000000    0.000000   -1.899333    1.603000  -3.1793027912E-003
    0.000000    0.000000   -1.897000    1.605333  -3.1935392532E-003
    0.000000    0.000000   -1.894667    1.607667  -3.2078409665E-003
    0.000000    0.000000   -1.892333    1.610000  -3.2222082731E-003
    0.000000    0.000000   -1.890000    1.612333  -3.2366415178E-003
    0.000000    0.000000   -1.887667    1.614667  -3.2511410479E-003
    0.000000    0.000000   -1.885333    1.617000  -3.2657072132E-003
    0.000000    0.000000   -1.883000    1.619333  -3.2803403661E-003
    0.000000    0.000000   -1.880667    1.621667  -3.2950408618E-003
    0.000000    0.000000   -1.878333    1.624000  -3.3098090579E-003
    0.000000    0.000000   -1.876000    1.626333  -3.3246453148E-003
    0.000000    0.000000   -1.873667    1.628667  -3.3395499955E-003
    0.000000    0.000000   -1.871333    1.631000  -3.3545234659E-003
    0.000000    0.000000   -1.869000    1.633333  -3.3695660943E-003
    0.000000    0.000000   -1.866667    1.635667  -3.3846782520E-003
    0.000000    0.000000   -1.864333    1.638000  -3.3998603130E-003
    0.000000    0.000000   -1.862000    1.640333  -3.4151126539E-003
    0.000000    0.000000   -1.859667    1.642667  -3.4304356543E-003
    0.000000    0.000000   -1.857333    1.645000  -3.4458296966E-003
    0.000000    0.000000   -1.855000    1.647333  -3.4612951658E-003
    0.000000    0.000000   -1.852667    1.649667  -3.4768324499E-003
    0.000000    0.000000   -1.850333    1.652000  -3.4924419399E-003
    0.000000    0.000000   -1.848000    1.654333  -3.5081240294E-003
    0.000000    0.000000   -1.845667    1.656667  -3.5238791150E-003
    0.000000    0.000000   -1.843333    1.659000  -3.5397075964E-003
    0.000000    0.000000   -1.841000    1.661333  -3.5556098759E-003
    0.000000    0.000000   -1.838667    1.663667  -3.5715863590E-003
    0.000000    0.000000   -1.836333    1.666000  -3.5876374541E-003
    0.000000    0.000000   -1.834000    1.668333  -3.6037635724E-003
    0.000000    0.000000   -1.831667    1.670667  -3.6199651282E-003
    0.000000    0.000000   -1.829333    1.673000  -3.6362425390E-003
    0.000000    0.000000   -1.827000    1.675333  -3.6525962250E-003
    0.000000    0.000000   -1.824667    1.677667  -3.6690266096E-003
    0.000000    0.000000   -1.822333    1.680000  -3.6855341192E-003
    0.000000    0.000000   -1.820000    1.682333  -3.7021191833E-003
    0.000000    0.000000   -1.817667    1.684667  -3.7187822344E-003
    0.000000    0.000000   -1.815333    1.687000  -3.7355237082E-003
    0.000000    0.000000   -1.813000    1.689333  -3.7523440432E-003
    0.000000    0.000000   -1.810667    1.691667  -3.7692436814E-003
    0.000000    0.000000   -1.808333    1.694000  -3.7862230677E-003
    0.000000    0.000000   -1.806000    1.696333  -3.8032826501E-003
    0.000000    0.000000   -1.803667    1.698667  -3.8204228798E-003
    0.000000    0.000000   -1.801333    1.701000  -3.8376442112E-003
    0.000000    0.000000   -1.799000    1.703333  -3.8549471016E-003
    0.000000    0.000000   -1.796667    1.705667  -3.8723320119E-003
    0.000000    0.000000   -1.794333    1.708000  -3.8897994057E-003
    0.000000    0.000000   -1.792000    1.710333  -3.9073497502E-003
    0.000000    0.000000   -1.789667    1.712667  -3.9249835154E-003
    0.000000    0.000000   -1.787333    1.715000  -3.9427011747E-003
    0.000000    0.000000   -1.785000    1.717333  -3.9605032048E-003
    0.000000    0.000000   -1.782667    1.719667  -3.9783900854E-003
    0.000000    0.000000   -1.780333    1.722000  -3.9963622994E-003
    0.000000    0.000000   -1.778000    1.724333  -4.0144203331E-003
    0.000000    0.000000   -1.775667    1.726667  -4.0325646759E-003
    0.000000    0.000000   -1.773333    1.729000  -4.0507958203E-003
    0.000000    0.000000   -1.771000    1.731333  -4.0691142623E-003
    0.000000    0.000000   -1.768667    1.733667  -4.0875205008E-003
    0.000000    0.000000   -1.766333    1.736000  -4.1060150382E-003
    0.000000    0.000000   -1.764000    1.738333  -4.1245983800E-003
    0.000000    0.000000   -1.761667    1.740667  -4.1432710349E-003
    0.000000    0.000000   -1.759333    1.743000  -4.1620335148E-003
    0.000000    0.000000   -1.757000    1.745333  -4.1808863349E-003
    0.000000    0.000000   -1.754667    1.747667  -4.1998300136E-003
    0.000000    0.000000   -1.752333    1.750000  -4.2188650724E-003
    0.000000    0.000000   -1.750000    1.752333  -4.2379920361E-003
    0.000000    0.000000   -1.747667    1.754667  -4.2572114328E-003
    0.000000    0.000000   -1.745333    1.757000  -4.2765237935E-003
    0.000000    0.000000   -1.743000    1.759333  -4.2959296527E-003
    0.000000    0.000000   -1.740667    1.761667  -4.3154295479E-003
    0.000000    0.000000   -1.738333    1.764000  -4.3350240199E-003
    0.000000    0.000000   -1.736000    1.766333  -4.3547136125E-003
    0.000000    0.000000   -1.733667    1.768667  -4.3744988727E-003
    0.000000    0.000000   -1.731333    1.771000  -4.3943803507E-003
    0.000000    0.000000   -1.729000    1.773333  -4.4143585999E-003
    0.000000    0.000000   -1.726667    1.775667  -4.4344341766E-003
    0.000000    0.000000   -1.724333    1.778000  -4.4546076403E-003
    0.000000    0.000000   -1.722000    1.780333  -4.4748795536E-003
    0.000000    0.000000   -1.719667    1.782667  -4.4952504823E-003
    0.000000    0.000000   -1.717333    1.785000  -4.5157209949E-003
    0.000000    0.000000   -1.715000    1.787333  -4.5362916634E-003
    0.000000    0.000000   -1.712667    1.789667  -4.5569630624E-003
    0.000000    0.000000   -1.710333    1.792000  -4.5777357697E-003
    0.000000    0.000000   -1.708000    1.794333  -4.5986103661E-003
    0.000000    0.000000   -1.705667    1.796667  -4.6195874352E-003
    0.000000    0.000000   -1.703333    1.799000  -4.6406675636E-003
    0.000000    0.000000   -1.701000    1.801333  -4.6618513410E-003
    0.000000    0.000000   -1.698667    1.803667  -4.6831393597E-003
    0.000000    0.000000   -1.696333    1.806000  -4.7045322150E-003
    0.000000    0.000000   -1.694000    1.808333  -4.7260305049E-003
    0.000000    0.000000   -1.691667    1.810667  -4.7476348304E-003
    0.000000    0.000000   -1.689333    1.813000  -4.7693457951E-003
    0.000000    0.000000   -1.687000    1.815333  -4.7911640054E-003
    0.000000    0.000000   -1.684667    1.817667  -4.8130900705E-003
    0.000000    0.000000   -1.682333    1.820000  -4.8351246020E-003
    0.000000    0.000000   -1.680000    1.822333  -4.8572682144E-003
    0.000000    0.000000   -1.677667    1.824667  -4.8795215247E-003
    0.000000    0.000000   -1.675333    1.827000  -4.9018851525E-003
    0.000000    0.000000   -1.673000    1.829333  -4.9243597199E-003
    0.000000    0.000000   -1.670667    1.831667  -4.9469458516E-003
    0.000000    0.000000   -1.668333    1.834000  -4.9696441745E-003
    0.000000    0.000000   -1.666000    1.836333  -4.9924553181E-003
    0.000000    0.000000   -1.663667    1.838667  -5.0153799143E-003
    0.000000    0.000000   -1.661333    1.841000  -5.0384185972E-003
    0.000000    0.000000   -1.659000    1.843333  -5.0615720033E-003
    0.000000    0.000000   -1.656667    1.845667  -5.0848407712E-003
    0.000000    0.000000   -1.654333    1.848000  -5.1082255417E-003
    0.000000    0.000000   -1.652000    1.850333  -5.1317269578E-003
    0.000000    0.000000   -1.649667    1.852667  -5.1553456647E-003
    0.000000    0.000000   -1.647333    1.855000  -5.1790823094E-003
    0.000000    0.000000   -1.645000    1.857333  -5.2029375409E-003
    0.000000    0.000000   -1.642667    1.859667  -5.2269120104E-003
    0.000000    0.000000   -1.640333    1.862000  -5.2510063706E-003
    0.000000    0.000000   -1.638000    1.864333  -5.2752212764E-003
    0.000000    0.000000   -1.635667    1.866667  -5.2995573842E-003
    0.000000    0.000000   -1.633333    1.869000  -5.3240153520E-003
    0.000000    0.000000   -1.631000    1.871333  -5.3485958399E-003
    0.000000    0.000000   -1.628667    1.873667  -5.3732995092E-003
    0.000000    0.000000   -1.626333    1.876000  -5.3981270227E-003
    0.000000    0.000000   -1.624000    1.878333  -5.4230790449E-003
    0.000000    0.000000   -1.621667    1.880667  -5.4481562415E-003
    0.000000    0.000000   -1.619333    1.883000  -5.4733592797E-003
    0.000000    0.000000   -1.617000    1.885333  -5.4986888279E-003
    0.000000    0.000000   -1.614667    1.887667  -5.5241455555E-003
    0.000000    0.000000   -1.612333    1.890000  -5.5497301333E-003
    0.000000    0.000000   -1.610000    1.892333  -5.5754432330E-003
    0.000000    0.000000   -1.607667    1.894667  -5.6012855274E-003
    0.000000    0.000000   -1.605333    1.897000  -5.6272576902E-003
    0.000000    0.000000   -1.603000    1.899333  -5.6533603957E-003
    0.000000    0.000000   -1.600667    1.901667  -5.6795943193E-003
    0.000000    0.000000   -1.598333    1.904000  -5.7059601369E-003
    0.000000    0.000000   -1.596000    1.906333  -5.7324585251E-003
    0.000000    0.000000   -1.593667    1.908667  -5.7590901611E-003
    0.000000    0.000000   -1.591333    1.911000  -5.7858557224E-003
    0.000000    0.000000   -1.589000    1.913333  -5.8127558870E-003
    0.000000    0.000000   -1.586667    1.915667  -5.8397913331E-003
    0.000000    0.000000   -1.584333    1.918000  -5.8669627394E-003
    0.000000    0.000000   -1.582000    1.920333  -5.8942707844E-003
    0.000000    0.000000   -1.579667    1.922667  -5.9217161470E-003
    0.000000    0.000000   -1.577333    1.925000  -5.9492995058E-003
    0.000000    0.000000   -1.575000    1.927333  -5.9770215395E-003
    0.000000    0.000000   -1.572667    1.929667  -6.0048829266E-003
    0.000000    0.000000   -1.570333    1.932000  -6.0328843452E-003
    0.000000    0.000000   -1.568000    1.934333  -6.0610264733E-003
    0.000000    0.000000   -1.565667    1.936667  -6.0893099883E-003
    0.000000    0.000000   -1.563333    1.939000  -6.1177355672E-003
    0.000000    0.000000   -1.561000    1.941333  -6.1463038864E-003
    0.000000    0.000000   -1.558667    1.943667  -6.1750156215E-003
    0.000000    0.000000   -1.556333    1.946000  -6.2038714476E-003
    0.000000    0.000000   -1.554000    1.948333  -6.2328720387E-003
    0.000000    0.000000   -1.551667    1.950667  -6.2620180682E-003
    0.000000    0.000000   -1.549333    1.953000  -6.2913102081E-003
    0.000000    0.000000   -1.547000    1.955333  -6.3207491297E-003
    0.000000    0.000000   -1.544667    1.957667  -6.3503355029E-003
    0.000000    0.000000   -1.542333    1.960000  -6.3800699965E-003
    0.000000    0.000000   -1.540000    1.962333  -6.4099532780E-003
    0.000000    0.000000   -1.537667    1.964667  -6.4399860133E-003
    0.000000    0.000000   -1.535333    1.967000  -6.4701688672E-003
    0.000000    0.000000   -1.533000    1.969333  -6.5005025026E-003
    0.000000    0.000000   -1.530667    1.971667  -6.5309875809E-003
    0.000000    0.000000   -1.528333    1.974000  -6.5616247619E-003
    0.000000    0.000000   -1.526000    1.976333  -6.5924147035E-003
    0.000000    0.000000   -1.523667    1.978667  -6.6233580619E-003
    0.000000    0.000000   -1.521333    1.981000  -6.6544554913E-003
    0.000000    0.000000   -1.519000    1.983333  -6.6857076440E-003
    0.000000    0.000000   -1.516667    1.985667  -6.7171151702E-003
    0.000000    0.000000   -1.514333    1.988000  -6.7486787182E-003
    0.000000    0.000000   -1.512000    1.990333  -6.7803989338E-003
    0.000000    0.000000   -1.509667    1.992667  -6.8122764609E-003
    0.000000    0.000000   -1.507333    1.995000  -6.8443119412E-003
    0.000000    0.000000   -1.505000    1.997333  -6.8765060138E-003
    0.000000    0.000000   -1.502667    1.999667  -6.9088593156E-003
    0.000000    0.000000   -1.500333    2.002000  -6.9413724812E-003
    0.000000    0.000000   -1.498000    2.004333  -6.9740461426E-003
    0.000000    0.000000   -1.495667    2.006667  -7.0068809296E-003
    0.000000    0.000000   -1.493333    2.009000  -7.0398774692E-003
    0.000000    0.000000   -1.491000    2.011333  -7.0730363860E-003
    0.000000    0.000000   -1.488667    2.013667  -7.1063583022E-003
    0.000000    0.000000   -1.486333    2.016000  -7.1398438373E-003
    0.000000    0.000000   -1.484000    2.018333  -7.1734936082E-003
    0.000000    0.000000   -1.481667    2.020667  -7.2073082293E-003
    0.000000    0.000000   -1.479333    2.023000  -7.2412883125E-003
    0.000000    0.000000   -1.477000    2.025333  -7.2754344669E-003
    0.000000    0.000000   -1.474667    2.027667  -7.3097472994E-003
    0.000000    0.000000   -1.472333    2.030000  -7.3442274141E-003
    0.000000    0.000000   -1.470000    2.032333  -7.3788754126E-003
    0.000000    0.000000   -1.467667    2.034667  -7.4136918941E-003
    0.000000    0.000000   -1.465333    2.037000  -7.4486774554E-003
    0.000000    0.000000   -1.463000    2.039333  -7.4838326909E-003
    0.000000    0.000000   -1.460667    2.041667  -7.5191581926E-003
    0.000000    0.000000   -1.458333    2.044000  -7.5546545503E-003
    0.000000    0.000000   -1.456000    2.046333  -7.5903223515E-003
    0.000000    0.000000   -1.453667    2.048667  -7.6261621817E-003
    0.000000    0.000000   -1.451333    2.051000  -7.6621746244E-003
    0.000000    0.000000   -1.449000    2.053333  -7.6983602610E-003
    0.000000    0.000000   -1.446667    2.055667  -7.7347196713E-003
    0.000000    0.000000   -1.444333    2.058000  -7.7712534333E-003
    0.000000    0.000000   -1.442000    2.060333  -7.8079621234E-003
    0.000000    0.000000   -1.439667    2.062667  -7.8448463167E-003
    0.000000    0.000000   -1.437333    2.065000  -7.8819065869E-003
    0.000000    0.000000   -1.435000    2.067333  -7.9191435067E-003
    0.000000    0.000000   -1.432667    2.069667  -7.9565576477E-003
    0.000000    0.000000   -1.430333    2.072000  -7.9941495810E-003
    0.000000    0.000000   -1.428000    2.074333  -8.0319198770E-003
    0.000000    0.000000   -1.425667    2.076667  -8.0698691058E-003
    0.000000    0.000000   -1.423333    2.079000  -8.1079978374E-003
    0.000000    0.000000   -1.421000    2.081333  -8.1463066420E-003
    0.000000    0.000000   -1.418667    2.083667  -8.1847960900E-003
    0.000000    0.000000   -1.416333    2.086000  -8.2234667527E-003
    0.000000    0.000000   -1.414000    2.088333  -8.2623192022E-003
    0.000000    0.000000   -1.411667    2.090667  -8.3013540119E-003
    0.000000    0.000000   -1.409333    2.093000  -8.3405717567E-003
    0.000000    0.000000   -1.407000    2.095333  -8.3799730133E-003
    0.000000    0.000000   -1.404667    2.097667  -8.4195583608E-003
    0.000000    0.000000   -1.402333    2.100000  -8.4593283807E-003
    0.000000    0.000000   -1.400000    2.102333  -8.4992836576E-003
    0.000000    0.000000   -1.397667    2.104667  -8.5394247793E-003
    0.000000    0.000000   -1.395333    2.107000  -8.5797523375E-003
    0.000000    0.000000   -1.393000    2.109333  -8.6202669280E-003
    0.000000    0.000000   -1.390667    2.111667  -8.6609691511E-003
    0.000000    0.000000   -1.388333    2.114000  -8.7018596124E-003
    0.000000    0.000000   -1.386000    2.116333  -8.7429389230E-003
    0.000000    0.000000   -1.383667    2.118667  -8.7842076999E-003
    0.000000    0.000000   -1.381333    2.121000  -8.8256665667E-003
    0.000000    0.000000   -1.379000    2.123333  -8.8673161544E-003
    0.000000    0.000000   -1.376667    2.125667  -8.9091571012E-003
    0.000000    0.000000   -1.374333    2.128000  -8.9511900538E-003
    0.000000    0.000000   -1.372000    2.130333  -8.9934156675E-003
    0.000000    0.000000   -1.369667    2.132667  -9.0358346074E-003
    0.000000    0.000000   -1.367333    2.135000  -9.0784475481E-003
    0.000000    0.000000   -1.365000    2.137333  -9.1212551753E-003
    0.000000    0.000000   -1.362667    2.139667  -9.1642581857E-003
    0.000000    0.000000   -1.360333    2.142000  -9.2074572884E-003
    0.000000    0.000000   -1.358000    2.144333  -9.2508532048E-003
    0.000000    0.000000   -1.355667    2.146667  -9.2944466700E-003
    0.000000    0.000000   -1.353333    2.149000  -9.3382384331E-003
    0.000000    0.000000   -1.351000    2.151333  -9.3822292584E-003
    0.000000    0.000000   -1.348667    2.153667  -9.4264199255E-003
    0.000000    0.000000   -1.346333    2.156000  -9.4708112308E-003
    0.000000    0.000000   -1.344000    2.158333  -9.5154039878E-003
    0.000000    0.000000   -1.341667    2.160667  -9.5601990282E-003
    0.000000    0.000000   -1.339333    2.163000  -9.6051972025E-003
    0.000000    0.000000   -1.337000    2.165333  -9.6503993812E-003
    0.000000    0.000000   -1.334667    2.167667  -9.6958064554E-003
    0.000000    0.000000   -1.332333    2.170000  -9.7414193377E-003
    0.000000    0.000000   -1.330000    2.172333  -9.7872389632E-003
    0.000000    0.000000   -1.327667    2.174667  -9.8332662903E-003
    0.000000    0.000000   -1.325333    2.177000  -9.8795023019E-003
    0.000000    0.000000   -1.323000    2.179333  -9.9259480061E-003
    0.000000    0.000000   -1.320667    2.181667  -9.9726044370E-003
    0.000000    0.000000   -1.318333    2.184000  -1.0019472656E-002
    0.000000    0.000000   -1.316000    2.186333  -1.0066553753E-002
    0.000000    0.000000   -1.313667    2.188667  -1.0113848846E-002
    0.000000    0.000000   -1.311333    2.191000  -1.0161359084E-002
    0.000000    0.000000   -1.309000    2.193333  -1.0209085647E-002
    0.000000    0.000000   -1.306667    2.195667  -1.0257029747E-002
    0.000000    0.000000   -1.304333    2.198000  -1.0305192630E-002
    0.000000    0.000000   -1.302000    2.200333  -1.0353575574E-002
    0.000000    0.000000   -1.299667    2.202667  -1.0402179894E-002
    0.000000    0.000000   -1.297333    2.205000  -1.0451006941E-002
    0.000000    0.000000   -1.295000    2.207333  -1.0500058102E-002
    0.000000    0.000000   -1.292667    2.209667  -1.0549334804E-002
    0.000000    0.000000   -1.290333    2.212000  -1.0598838511E-002
    0.000000    0.000000   -1.288000    2.214333  -1.0648570730E-002
    0.000000    0.000000   -1.285667    2.216667  -1.0698533007E-002
    0.000000    0.000000   -1.283333    2.219000  -1.0748726931E-002
    0.000000    0.000000   -1.281000    2.221333  -1.0799154134E-002
    0.000000    0.000000   -1.278667    2.223667  -1.0849816292E-002
    0.000000    0.000000   -1.276333    2.226000  -1.0900715127E-002
    0.000000    0.000000   -1.274000    2.228333  -1.0951852407E-002
    0.000000    0.000000   -1.271667    2.230667  -1.1003229945E-002
    0.000000    0.000000   -1.269333    2.233000  -1.1054849604E-002
    0.000000    0.000000   -1.267000    2.235333  -1.1106713295E-002
    0.000000    0.000000   -1.264667    2.237667  -1.1158822979E-002
    0.000000    0.000000   -1.262333    2.240000  -1.1211180666E-002
    0.000000    0.000000   -1.260000    2.242333  -1.1263788419E-002
    0.000000    0.000000   -1.257667    2.244667  -1.1316648351E-002
    0.000000    0.000000   -1.255333    2.247000  -1.1369762629E-002
    0.000000    0.000000   -1.253000    2.249333  -1.1423133473E-002
    0.000000    0.000000   -1.250667    2.251667  -1.1476763158E-002
    0.000000    0.000000   -1.248333    2.254000  -1.1530654010E-002
    0.000000    0.000000   -1.246000    2.256333  -1.1584808415E-002
    0.000000    0.000000   -1.243667    2.258667  -1.1639228811E-002
    0.000000    0.000000   -1.241333    2.261000  -1.1693917692E-002
    0.000000    0.000000   -1.239000    2.263333  -1.1748877611E-002
    0.000000    0.000000   -1.236667    2.265667  -1.1804111176E-002
    0.000000    0.000000   -1.234333    2.268000  -1.1859621052E-002
    0.000000    0.000000   -1.232000    2.270333  -1.1915409960E-002
    0.000000    0.000000   -1.229667    2.272667  -1.1971480681E-002
    0.000000    0.000000   -1.227333    2.275000  -1.2027836051E-002
    0.000000    0.000000   -1.225000    2.277333  -1.2084478966E-002
    0.000000    0.000000   -1.222667    2.279667  -1.2141412375E-002
    0.000000    0.000000   -1.220333    2.282000  -1.2198639288E-002
    0.000000    0.000000   -1.218000    2.284333  -1.2256162769E-002
    0.000000    0.000000   -1.215667    2.286667  -1.2313985941E-002
    0.000000    0.000000   -1.213333    2.289000  -1.2372111981E-002
    0.000000    0.000000   -1.211000    2.291333  -1.2430544122E-002
    0.000000    0.000000   -1.208667    2.293667  -1.2489285652E-002
    0.000000    0.000000   -1.206333    2.296000  -1.2548339912E-002
    0.000000    0.000000   -1.204000    2.298333  -1.2607710297E-002
    0.000000    0.000000   -1.201667    2.300667  -1.2667400255E-002
    0.000000    0.000000   -1.199333    2.303000  -1.2727413283E-002
    0.000000    0.000000   -1.197000    2.305333  -1.2787752930E-002
    0.000000    0.000000   -1.194667    2.307667  -1.2848422792E-002
    0.000000    0.000000   -1.192333    2.310000  -1.2909426513E-002
    0.000000    0.000000   -1.190000    2.312333  -1.2970767784E-002
    0.000000    0.000000   -1.187667    2.314667  -1.3032450336E-002
    0.000000    0.000000   -1.185333    2.317000  -1.3094477946E-002
    0.000000    0.000000   -1.183000    2.319333  -1.3156854430E-002
    0.000000    0.000000   -1.180667    2.321667  -1.3219583642E-002
    0.000000    0.000000   -1.178333    2.324000  -1.3282669470E-002
    0.000000    0.000000   -1.176000    2.326333  -1.3346115839E-002
    0.000000    0.000000   -1.173667    2.328667  -1.3409926701E-002
    0.000000    0.000000   -1.171333    2.331000  -1.3474106041E-002
    0.000000    0.000000   -1.169000    2.333333  -1.3538657866E-002
    0.000000    0.000000   -1.166667    2.335667  -1.3603586205E-002
    0.000000    0.000000   -1.164333    2.338000  -1.3668895110E-002
    0.000000    0.000000   -1.162000    2.340333  -1.3734588646E-002
    0.000000    0.000000   -1.159667    2.342667  -1.3800670891E-002
    0.000000    0.000000   -1.157333    2.345000  -1.3867145935E-002
    0.000000    0.000000   -1.155000    2.347333  -1.3934017869E-002
    0.000000    0.000000   -1.152667    2.349667  -1.4001290789E-002
    0.000000    0.000000   -1.150333    2.352000  -1.4068968787E-002
    0.000000    0.000000   -1.148000    2.354333  -1.4137055948E-002
    0.000000    0.000000   -1.145667    2.356667  -1.4205556347E-002
    0.000000    0.000000   -1.143333    2.359000  -1.4274474041E-002
    0.000000    0.000000   -1.141000    2.361333  -1.4343813069E-002
    0.000000    0.000000   -1.138667    2.363667  -1.4413577444E-002
    0.000000    0.000000   -1.136333    2.366000  -1.4483771146E-002
    0.000000    0.000000   -1.134000    2.368333  -1.4554398125E-002
    0.000000    0.000000   -1.131667    2.370667  -1.4625462284E-002
    0.000000    0.000000   -1.129333    2.373000  -1.4696967483E-002
    0.000000    0.000000   -1.127000    2.375333  -1.4768917529E-002
    0.000000    0.000000   -1.124667    2.377667  -1.4841316172E-002
    0.000000    0.000000   -1.122333    2.380000  -1.4914167097E-002
    0.000000    0.000000   -1.120000    2.382333  -1.4987473919E-002
    0.000000    0.000000   -1.117667    2.384667  -1.5061240177E-002
    0.000000    0.000000   -1.115333    2.387000  -1.5135469328E-002
    0.000000    0.000000   -1.113000    2.389333  -1.5210164740E-002
    0.000000    0.000000   -1.110667    2.391667  -1.5285329684E-002
    0.000000    0.000000   -1.108333    2.394000  -1.5360967329E-002
    0.000000    0.000000   -1.106000    2.396333  -1.5437080735E-002
    0.000000    0.000000   -1.103667    2.398667  -1.5513672846E-002
    0.000000    0.000000   -1.101333    2.401000  -1.5590746482E-002
    0.000000    0.000000   -1.099000    2.403333  -1.5668304332E-002
    0.000000    0.000000   -1.096667    2.405667  -1.5746348949E-002
    0.000000    0.000000   -1.094333    2.408000  -1.5824882739E-002
    0.000000    0.000000   -1.092000    2.410333  -1.5903907958E-002
    0.000000    0.000000   -1.089667    2.412667  -1.5983426701E-002
    0.000000    0.000000   -1.087333    2.415000  -1.6063440897E-002
    0.000000    0.000000   -1.085000    2.417333  -1.6143952299E-002
    0.000000    0.000000   -1.082667    2.419667  -1.6224962481E-002
    0.000000    0.000000   -1.080333    2.422000  -1.6306472828E-002
    0.000000    0.000000   -1.078000    2.424333  -1.6388484527E-002
    0.000000    0.000000   -1.075667    2.426667  -1.6470998564E-002
    0.000000    0.000000   -1.073333    2.429000  -1.6554015715E-002
    0.000000    0.000000   -1.071000    2.431333  -1.6637536540E-002
    0.000000    0.000000   -1.068667    2.433667  -1.6721561375E-002
    0.000000    0.000000   -1.066333    2.436000  -1.6806090327E-002
    0.000000    0.000000   -1.064000    2.438333  -1.6891123269E-002
    0.000000    0.000000   -1.061667    2.440667  -1.6976659831E-002
    0.000000    0.000000   -1.059333    2.443000  -1.7062699398E-002
    0.000000    0.000000   -1.057000    2.445333  -1.7149241105E-002
    0.000000    0.000000   -1.054667    2.447667  -1.7236283830E-002
    0.000000    0.000000   -1.052333    2.450000  -1.7323826193E-002
    0.000000    0.000000   -1.050000    2.452333  -1.7411866552E-002
    0.000000    0.000000   -1.047667    2.454667  -1.7500403000E-002
    0.000000    0.000000   -1.045333    2.457000  -1.7589433364E-002
    0.000000    0.000000   -1.043000    2.459333  -1.7678955205E-002
    0.000000    0.000000   -1.040667    2.461667  -1.7768965815E-002
    0.000000    0.000000   -1.038333    2.464000  -1.7859462224E-002
    0.000000    0.000000   -1.036000    2.466333  -1.7950441197E-002
    0.000000    0.000000   -1.033667    2.468667  -1.8041899241E-002
    0.000000    0.000000   -1.031333    2.471000  -1.8133832608E-002
    0.000000    0.000000   -1.029000    2.473333  -1.8226237302E-002
    0.000000    0.000000   -1.026667    2.475667  -1.8319109092E-002
    0.000000    0.000000   -1.024333    2.478000  -1.8412443513E-002
    0.000000    0.000000   -1.022000    2.480333  -1.8506235885E-002
    0.000000    0.000000   -1.019667    2.482667  -1.8600481326E-002
    0.000000    0.000000   -1.017333    2.485000  -1.8695174766E-002
    0.000000    0.000000   -1.015000    2.487333  -1.8790310966E-002
    0.000000    0.000000   -1.012667    2.489667  -1.8885884539E-002
    0.000000    0.000000   -1.010333    2.492000  -1.8981889975E-002
    0.000000    0.000000   -1.008000    2.494333  -1.9078321665E-002
    0.000000    0.000000   -1.005667    2.496667  -1.9175173931E-002
    0.000000    0.000000   -1.003333    2.499000  -1.9272441059E-002
    0.000000    0.000000   -1.001000    2.501333  -1.9370117332E-002
    0.000000    0.000000   -0.998667    2.503667  -1.9468197070E-002
    0.000000    0.000000   -0.996333    2.506000  -1.9566674669E-002
    0.000000    0.000000   -0.994000    2.508333  -1.9665544649E-002
    0.000000    0.000000   -0.991667    2.510667  -1.9764801703E-002
    0.000000    0.000000   -0.989333    2.513000  -1.9864440744E-002
    0.000000    0.000000   -0.987000    2.515333  -1.9964456964E-002
    0.000000    0.000000   -0.984667    2.517667  -2.0064845891E-002
    0.000000    0.000000   -0.982333    2.520000  -2.0165603451E-002
    0.000000    0.000000   -0.980000    2.522333  -2.0266726034E-002
    0.000000    0.000000   -0.977667    2.524667  -2.0368210562E-002
    0.000000    0.000000   -0.975333    2.527000  -2.0470054556E-002
    0.000000    0.000000   -0.973000    2.529333  -2.0572256214E-002
    0.000000    0.000000   -0.970667    2.531667  -2.0674814487E-002
    0.000000    0.000000   -0.968333    2.534000  -2.0777729153E-002
    0.000000    0.000000   -0.966000    2.536333  -2.0881000895E-002
    0.000000    0.000000   -0.963667    2.538667  -2.0984631388E-002
    0.000000    0.000000   -0.961333    2.541000  -2.1088623371E-002
    0.000000    0.000000   -0.959000    2.543333  -2.1192980731E-002
    0.000000    0.000000   -0.956667    2.545667  -2.1297708583E-002
    0.000000    0.000000   -0.954333    2.548000  -2.1402813341E-002
    0.000000    0.000000   -0.952000    2.550333  -2.1508302798E-002
    0.000000    0.000000   -0.949667    2.552667  -2.1614186194E-002
    0.000000    0.000000   -0.947333    2.555000  -2.1720474281E-002
    0.000000    0.000000   -0.945000    2.557333  -2.1827179382E-002
    0.000000    0.000000   -0.942667    2.559667  -2.1934315445E-002
    0.000000    0.000000   -0.940333    2.562000  -2.2041898085E-002
    0.000000    0.000000   -0.938000    2.564333  -2.2149944620E-002
    0.000000    0.000000   -0.935667    2.566667  -2.2258474094E-002
    0.000000    0.000000   -0.933333    2.569000  -2.2367507285E-002
    0.000000    0.000000   -0.931000    2.571333  -2.2477066706E-002
    0.000000    0.000000   -0.928667    2.573667  -2.2587176583E-002
    0.000000    0.000000   -0.926333    2.576000  -2.2697862821E-002
    0.000000    0.000000   -0.924000    2.578333  -2.2809152952E-002
    0.000000    0.000000   -0.921667    2.580667  -2.2921076058E-002
    0.000000    0.000000   -0.919333    2.583000  -2.3033662679E-002
    0.000000    0.000000   -0.917000    2.585333  -2.3146944697E-002
    0.000000    0.000000   -0.914667    2.587667  -2.3260955196E-002
    0.000000    0.000000   -0.912333    2.590000  -2.3375728293E-002
    0.000000    0.000000   -0.910000    2.592333  -2.3491298956E-002
    0.000000    0.000000   -0.907667    2.594667  -2.3607702779E-002
    0.000000    0.000000   -0.905333    2.597000  -2.3724975745E-002
    0.000000    0.000000   -0.903000    2.599333  -2.3843153951E-002
    0.000000    0.000000   -0.900667    2.601667  -2.3962273314E-002
    0.000000    0.000000   -0.898333    2.604000  -2.4082369242E-002
    0.000000    0.000000   -0.896000    2.606333  -2.4203476284E-002
    0.000000    0.000000   -0.893667    2.608667  -2.4325627747E-002
    0.000000    0.000000   -0.891333    2.611000  -2.4448855300E-002
    0.000000    0.000000   -0.889000    2.613333  -2.4573188536E-002
    0.000000    0.000000   -0.886667    2.615667  -2.4698654530E-002
    0.000000    0.000000   -0.884333    2.618000  -2.4825277360E-002
    0.000000    0.000000   -0.882000    2.620333  -2.4953077627E-002
    0.000000    0.000000   -0.879667    2.622667  -2.5082071943E-002
    0.000000    0.000000   -0.877333    2.625000  -2.5212272415E-002
    0.000000    0.000000   -0.875000    2.627333  -2.5343686125E-002
    0.000000    0.000000   -0.872667    2.629667  -2.5476314595E-002
    0.000000    0.000000   -0.870333    2.632000  -2.5610153256E-002
    0.000000    0.000000   -0.868000    2.634333  -2.5745190920E-002
    0.000000    0.000000   -0.865667    2.636667  -2.5881409261E-002
    0.000000    0.000000   -0.863333    2.639000  -2.6018782307E-002
    0.000000    0.000000   -0.861000    2.641333  -2.6157275954E-002
    0.000000    0.000000   -0.858667    2.643667  -2.6296847496E-002
    0.000000    0.000000   -0.856333    2.646000  -2.6437445191E-002
    0.000000    0.000000   -0.854000    2.648333  -2.6579007862E-002
    0.000000    0.000000   -0.851667    2.650667  -2.6721464531E-002
    0.000000    0.000000   -0.849333    2.653000  -2.6864734102E-002
    0.000000    0.000000   -0.847000    2.655333  -2.7008725097E-002
    0.000000    0.000000   -0.844667    2.657667  -2.7153335446E-002
    0.000000    0.000000   -0.842333    2.660000  -2.7298452337E-002
    0.000000    0.000000   -0.840000    2.662333  -2.7443952130E-002
    0.000000    0.000000   -0.837667    2.664667  -2.7589700345E-002
    0.000000    0.000000   -0.835333    2.667000  -2.7735551720E-002
    0.000000    0.000000   -0.833000    2.669333  -2.7881350348E-002
    0.000000    0.000000   -0.830667    2.671667  -2.8026929892E-002
    0.000000    0.000000   -0.828333    2.674000  -2.8172113881E-002
    0.000000    0.000000   -0.826000    2.676333  -2.8316716092E-002
    0.000000    0.000000   -0.823667    2.678667  -2.8460541013E-002
    0.000000    0.000000   -0.821333    2.681000  -2.8603384393E-002
    0.000000    0.000000   -0.819000    2.683333  -2.8745033871E-002
    0.000000    0.000000   -0.816667    2.685667  -2.8885269690E-002
    0.000000    0.000000   -0.814333    2.688000  -2.9023865488E-002
    0.000000    0.000000   -0.812000    2.690333  -2.9160589167E-002
    0.000000    0.000000   -0.809667    2.692667  -2.9295203831E-002
    0.000000    0.000000   -0.807333    2.695000  -2.9427468793E-002
    0.000000    0.000000   -0.805000    2.697333  -2.9557140639E-002
    0.000000    0.000000   -0.802667    2.699667  -2.9683974353E-002
    0.000000    0.000000   -0.800333    2.702000  -2.9807724485E-002
    0.000000    0.000000   -0.798000    2.704333  -2.9928146355E-002
    0.000000    0.000000   -0.795667    2.706667  -3.0044997299E-002
    0.000000    0.000000   -0.793333    2.709000  -3.0158037924E-002
    0.000000    0.000000   -0.791000    2.711333  -3.0267033383E-002
    0.000000    0.000000   -0.788667    2.713667  -3.0371754654E-002
    0.000000    0.000000   -0.786333    2.716000  -3.0471979807E-002
    0.000000    0.000000   -0.784000    2.718333  -3.0567495254E-002
    0.000000    0.000000   -0.781667    2.720667  -3.0658096977E-002
    0.000000    0.000000   -0.779333    2.723000  -3.0743591712E-002
    0.000000    0.000000   -0.777000    2.725333  -3.0823798086E-002
    0.000000    0.000000   -0.774667    2.727667  -3.0898547700E-002
    0.000000    0.000000   -0.772333    2.730000  -3.0967686143E-002
    0.000000    0.000000   -0.770000    2.732333  -3.1031073927E-002
    0.000000    0.000000   -0.767667    2.734667  -3.1088587344E-002
    0.000000    0.000000   -0.765333    2.737000  -3.1140119227E-002
    0.000000    0.000000   -0.763000    2.739333  -3.1185579614E-002
    0.000000    0.000000   -0.760667    2.741667  -3.1224896305E-002
    0.000000    0.000000   -0.758333    2.744000  -3.1258015316E-002
    0.000000    0.000000   -0.756000    2.746333  -3.1284901210E-002
    0.000000    0.000000   -0.753667    2.748667  -3.1305537321E-002
    0.000000    0.000000   -0.751333    2.751000  -3.1319925850E-002
    0.000000    0.000000   -0.749000    2.753333  -3.1328087849E-002
    0.000000    0.000000   -0.746667    2.755667  -3.1330063082E-002
    0.000000    0.000000   -0.744333    2.758000  -3.1325909766E-002
    0.000000    0.000000   -0.742000    2.760333  -3.1315704201E-002
    0.000000    0.000000   -0.739667    2.762667  -3.1299540284E-002
    0.000000    0.000000   -0.737333    2.765000  -3.1277528914E-002
    0.000000    0.000000   -0.735000    2.767333  -3.1249797300E-002
    0.000000    0.000000   -0.732667    2.769667  -3.1216488165E-002
    0.000000    0.000000   -0.730333    2.772000  -3.1177758865E-002
    0.000000    0.000000   -0.728000    2.774333  -3.1133780431E-002
    0.000000    0.000000   -0.725667    2.776667  -3.1084736524E-002
    0.000000    0.000000   -0.723333    2.779000  -3.1030822344E-002
    0.000000    0.000000   -0.721000    2.781333  -3.0972243467E-002
    0.000000    0.000000   -0.718667    2.783667  -3.0909214654E-002
    0.000000    0.000000   -0.716333    2.786000  -3.0841958610E-002
    0.000000    0.000000   -0.714000    2.788333  -3.0770704732E-002
    0.000000    0.000000   -0.711667    2.790667  -3.0695687831E-002
    0.000000    0.000000   -0.709333    2.793000  -3.0617146861E-002
    0.000000    0.000000   -0.707000    2.795333  -3.0535323644E-002
    0.000000    0.000000   -0.704667    2.797667  -3.0450461618E-002
    0.000000    0.000000   -0.702333    2.800000  -3.0362804608E-002
    0.000000    0.000000   -0.700000    2.802333  -3.0272595628E-002
    0.000000    0.000000   -0.697667    2.804667  -3.0180075726E-002
    0.000000    0.000000   -0.695333    2.807000  -3.0085482884E-002
    0.000000    0.000000   -0.693000    2.809333  -2.9989050965E-002
    0.000000    0.000000   -0.690667    2.811667  -2.9891008734E-002
    0.000000    0.000000   -0.688333    2.814000  -2.9791578935E-002
    0.000000    0.000000   -0.686000    2.816333  -2.9690977454E-002
    0.000000    0.000000   -0.683667    2.818667  -2.9589412549E-002
    0.000000    0.000000   -0.681333    2.821000  -2.9487084164E-002
    0.000000    0.000000   -0.679000    2.823333  -2.9384183325E-002
    0.000000    0.000000   -0.676667    2.825667  -2.9280891620E-002
    0.000000    0.000000   -0.674333    2.828000  -2.9177380761E-002
    0.000000    0.000000   -0.672000    2.830333  -2.9073812228E-002
    0.000000    0.000000   -0.669667    2.832667  -2.8970337006E-002
    0.000000    0.000000   -0.667333    2.835000  -2.8867095387E-002
    0.000000    0.000000   -0.665000    2.837333  -2.8764216868E-002
    0.000000    0.000000   -0.662667    2.839667  -2.8661820108E-002
    0.000000    0.000000   -0.660333    2.842000  -2.8560012970E-002
    0.000000    0.000000   -0.658000    2.844333  -2.8458892628E-002
    0.000000    0.000000   -0.655667    2.846667  -2.8358545734E-002
    0.000000    0.000000   -0.653333    2.849000  -2.8259048648E-002
    0.000000    0.000000   -0.651000    2.851333  -2.8160467721E-002
    0.000000    0.000000   -0.648667    2.853667  -2.8062859629E-002
    0.000000    0.000000   -0.646333    2.856000  -2.7966271746E-002
    0.000000    0.000000   -0.644000    2.858333  -2.7870742560E-002
    0.000000    0.000000   -0.641667    2.860667  -2.7776302121E-002
    0.000000    0.000000   -0.639333    2.863000  -2.7682972509E-002
    0.000000    0.000000   -0.637000    2.865333  -2.7590768338E-002
    0.000000    0.000000   -0.634667    2.867667  -2.7499697259E-002
    0.000000    0.000000   -0.632333    2.870000  -2.7409760490E-002
    0.000000    0.000000   -0.630000    2.872333  -2.7320953345E-002
    0.000000    0.000000   -0.627667    2.874667  -2.7233265762E-002
    0.000000    0.000000   -0.625333    2.877000  -2.7146682837E-002
    0.000000    0.000000   -0.623000    2.879333  -2.7061185347E-002
    0.000000    0.000000   -0.620667    2.881667  -2.6976750262E-002
    0.000000    0.000000   -0.618333    2.884000  -2.6893351245E-002
    0.000000    0.000000   -0.616000    2.886333  -2.6810959136E-002
    0.000000    0.000000   -0.613667    2.888667  -2.6729542421E-002
    0.000000    0.000000   -0.611333    2.891000  -2.6649067669E-002
    0.000000    0.000000   -0.609000    2.893333  -2.6569499959E-002
    0.000000    0.000000   -0.606667    2.895667  -2.6490803274E-002
    0.000000    0.000000   -0.604333    2.898000  -2.6412940874E-002
    0.000000    0.000000   -0.602000    2.900333  -2.6335875634E-002
    0.000000    0.000000   -0.599667    2.902667  -2.6259570371E-002
    0.000000    0.000000   -0.597333    2.905000  -2.6183988125E-002
    0.000000    0.000000   -0.595000    2.907333  -2.6109092425E-002
    0.000000    0.000000   -0.592667    2.909667  -2.6034847525E-002
    0.000000    0.000000   -0.590333    2.912000  -2.5961218611E-002
    0.000000    0.000000   -0.588000    2.914333  -2.5888171982E-002
    0.000000    0.000000   -0.585667    2.916667  -2.5815675211E-002
    0.000000    0.000000   -0.583333    2.919000  -2.5743697274E-002
    0.000000    0.000000   -0.581000    2.921333  -2.5672208660E-002
    0.000000    0.000000   -0.578667    2.923667  -2.5601181464E-002
    0.000000    0.000000   -0.576333    2.926000  -2.5530589446E-002
    0.000000    0.000000   -0.574000    2.928333  -2.5460408087E-002
    0.000000    0.000000   -0.571667    2.930667  -2.5390614613E-002
    0.000000    0.000000   -0.569333    2.933000  -2.5321188014E-002
    0.000000    0.000000   -0.567000    2.935333  -2.5252109041E-002
    0.000000    0.000000   -0.564667    2.937667  -2.5183360190E-002
    0.000000    0.000000   -0.562333    2.940000  -2.5114925678E-002
    0.000000    0.000000   -0.560000    2.942333  -2.5046791407E-002
    0.000000    0.000000   -0.557667    2.944667  -2.4978944912E-002
    0.000000    0.000000   -0.555333    2.947000  -2.4911375316E-002
    0.000000    0.000000   -0.553000    2.949333  -2.4844073260E-002
    0.000000    0.000000   -0.550667    2.951667  -2.4777030843E-002
    0.000000    0.000000   -0.548333    2.954000  -2.4710241546E-002
    0.000000    0.000000   -0.546000    2.956333  -2.4643700162E-002
    0.000000    0.000000   -0.543667    2.958667  -2.4577402715E-002
    0.000000    0.000000   -0.541333    2.961000  -2.4511346386E-002
    0.000000    0.000000   -0.539000    2.963333  -2.4445529429E-002
    0.000000    0.000000   -0.536667    2.965667  -2.4379951093E-002
    0.000000    0.000000   -0.534333    2.968000  -2.4314611546E-002
    0.000000    0.000000   -0.532000    2.970333  -2.4249511792E-002
    0.000000    0.000000   -0.529667    2.972667  -2.4184653597E-002
    0.000000    0.000000   -0.527333    2.975000  -2.4120039415E-002
    0.000000    0.000000   -0.525000    2.977333  -2.4055672316E-002
    0.000000    0.000000   -0.522667    2.979667  -2.3991555915E-002
    0.000000    0.000000   -0.520333    2.982000  -2.3927694306E-002
    0.000000    0.000000   -0.518000    2.984333  -2.3864092001E-002
    0.000000    0.000000   -0.515667    2.986667  -2.3800753863E-002
    0.000000    0.000000   -0.513333    2.989000  -2.3737685059E-002
    0.000000    0.000000   -0.511000    2.991333  -2.3674890997E-002
    0.000000    0.000000   -0.508667    2.993667  -2.3612377282E-002
    0.000000    0.000000   -0.506333    2.996000  -2.3550149664E-002
    0.000000    0.000000   -0.504000    2.998333  -2.3488214000E-002
    0.000000    0.000000   -0.501667    3.000667  -2.3426576212E-002
    0.000000    0.000000   -0.499333    3.003000  -2.3365242247E-002
    0.000000    0.000000   -0.497000    3.005333  -2.3304218048E-002
    0.000000    0.000000   -0.494667    3.007667  -2.3243509518E-002
    0.000000    0.000000   -0.492333    3.010000  -2.3183122498E-002
    0.000000    0.000000   -0.490000    3.012333  -2.3123062738E-002
    0.000000    0.000000   -0.487667    3.014667  -2.3063335875E-002
    0.000000    0.000000   -0.485333    3.017000  -2.3003947415E-002
    0.000000    0.000000   -0.483000    3.019333  -2.2944902713E-002
    0.000000    0.000000   -0.480667    3.021667  -2.2886206960E-002
    0.000000    0.000000   -0.478333    3.024000  -2.2827865167E-002
    0.000000    0.000000   -0.476000    3.026333  -2.2769882159E-002
    0.000000    0.000000   -0.473667    3.028667  -2.2712262559E-002
    0.000000    0.000000   -0.471333    3.031000  -2.2655010782E-002
    0.000000    0.000000   -0.469000    3.033333  -2.2598131035E-002
    0.000000    0.000000   -0.466667    3.035667  -2.2541627303E-002
    0.000000    0.000000   -0.464333    3.038000  -2.2485503351E-002
    0.000000    0.000000   -0.462000    3.040333  -2.2429762720E-002
    0.000000    0.000000   -0.459667    3.042667  -2.2374408728E-002
    0.000000    0.000000   -0.457333    3.045000  -2.2319444466E-002
    0.000000    0.000000   -0.455000    3.047333  -2.2264872802E-002
    0.000000    0.000000   -0.452667    3.049667  -2.2210696381E-002
    0.000000    0.000000   -0.450333    3.052000  -2.2156917626E-002
    0.000000    0.000000   -0.448000    3.054333  -2.2103538743E-002
    0.000000    0.000000   -0.445667    3.056667  -2.2050561725E-002
    0.000000    0.000000   -0.443333    3.059000  -2.1997988351E-002
    0.000000    0.000000   -0.441000    3.061333  -2.1945820195E-002
    0.000000    0.000000   -0.438667    3.063667  -2.1894058631E-002
    0.000000    0.000000   -0.436333    3.066000  -2.1842704832E-002
    0.000000    0.000000   -0.434000    3.068333  -2.1791759783E-002
    0.000000    0.000000   -0.431667    3.070667  -2.1741224280E-002
    0.000000    0.000000   -0.429333    3.073000  -2.1691098940E-002
    0.000000    0.000000   -0.427000    3.075333  -2.1641384202E-002
    0.000000    0.000000   -0.424667    3.077667  -2.1592080338E-002
    0.000000    0.000000   -0.422333    3.080000  -2.1543187455E-002
    0.000000    0.000000   -0.420000    3.082333  -2.1494705503E-002
    0.000000    0.000000   -0.417667    3.084667  -2.1446634278E-002
    0.000000    0.000000   -0.415333    3.087000  -2.1398973431E-002
    0.000000    0.000000   -0.413000    3.089333  -2.1351722473E-002
    0.000000    0.000000   -0.410667    3.091667  -2.1304880779E-002
    0.000000    0.000000   -0.408333    3.094000  -2.1258447594E-002
    0.000000    0.000000   -0.406000    3.096333  -2.1212422040E-002
    0.000000    0.000000   -0.403667    3.098667  -2.1166803119E-002
    0.000000    0.000000   -0.401333    3.101000  -2.1121589721E-002
    0.000000    0.000000   -0.399000    3.103333  -2.1076780627E-002
    0.000000    0.000000   -0.396667    3.105667  -2.1032374514E-002
    0.000000    0.000000   -0.394333    3.108000  -2.0988369958E-002
    0.000000    0.000000   -0.392000    3.110333  -2.0944765445E-002
    0.000000    0.000000   -0.389667    3.112667  -2.0901559365E-002
    0.000000    0.000000   -0.387333    3.115000  -2.0858750026E-002
    0.000000    0.000000   -0.385000    3.117333  -2.0816335651E-002
    0.000000    0.000000   -0.382667    3.119667  -2.0774314387E-002
    0.000000    0.000000   -0.380333    3.122000  -2.0732684301E-002
    0.000000    0.000000   -0.378000    3.124333  -2.0691443392E-002
    0.000000    0.000000   -0.375667    3.126667  -2.0650589587E-002
    0.000000    0.000000   -0.373333    3.129000  -2.0610120747E-002
    0.000000    0.000000   -0.371000    3.131333  -2.0570034670E-002
    0.000000    0.000000   -0.368667    3.133667  -2.0530329091E-002
    0.000000    0.000000   -0.366333    3.136000  -2.0491001686E-002
    0.000000    0.000000   -0.364000    3.138333  -2.0452050070E-002
    0.000000    0.000000   -0.361667    3.140667  -2.0413471805E-002
    0.000000    0.000000   -0.359333    3.143000  -2.0375264397E-002
    0.000000    0.000000   -0.357000    3.145333  -2.0337425295E-002
    0.000000    0.000000   -0.354667    3.147667  -2.0299951898E-002
    0.000000    0.000000   -0.352333    3.150000  -2.0262841551E-002
    0.000000    0.000000   -0.350000    3.152333  -2.0226091547E-002
    0.000000    0.000000   -0.347667    3.154667  -2.0189699125E-002
    0.000000    0.000000   -0.345333    3.157000  -2.0153661475E-002
    0.000000    0.000000   -0.343000    3.159333  -2.0117975732E-002
    0.000000    0.000000   -0.340667    3.161667  -2.0082638981E-002
    0.000000    0.000000   -0.338333    3.164000  -2.0047648250E-002
    0.000000    0.000000   -0.336000    3.166333  -2.0013000517E-002
    0.000000    0.000000   -0.333667    3.168667  -1.9978692702E-002
    0.000000    0.000000   -0.331333    3.171000  -1.9944721670E-002
    0.000000    0.000000   -0.329000    3.173333  -1.9911084229E-002
    0.000000    0.000000   -0.326667    3.175667  -1.9877777129E-002
    0.000000    0.000000   -0.324333    3.178000  -1.9844797058E-002
    0.000000    0.000000   -0.322000    3.180333  -1.9812140644E-002
    0.000000    0.000000   -0.319667    3.182667  -1.9779804452E-002
    0.000000    0.000000   -0.317333    3.185000  -1.9747784983E-002
    0.000000    0.000000   -0.315000    3.187333  -1.9716078668E-002
    0.000000    0.000000   -0.312667    3.189667  -1.9684681873E-002
    0.000000    0.000000   -0.310333    3.192000  -1.9653590894E-002
    0.000000    0.000000   -0.308000    3.194333  -1.9622801955E-002
    0.000000    0.000000   -0.305667    3.196667  -1.9592311206E-002
    0.000000    0.000000   -0.303333    3.199000  -1.9562114725E-002
    0.000000    0.000000   -0.301000    3.201333  -1.9532208511E-002
    0.000000    0.000000   -0.298667    3.203667  -1.9502588489E-002
    0.000000    0.000000   -0.296333    3.206000  -1.9473250505E-002
    0.000000    0.000000   -0.294000    3.208333  -1.9444190327E-002
    0.000000    0.000000   -0.291667    3.210667  -1.9415403645E-002
    0.000000    0.000000   -0.289333    3.213000  -1.9386886067E-002
    0.000000    0.000000   -0.287000    3.215333  -1.9358633128E-002
    0.000000    0.000000   -0.284667    3.217667  -1.9330640282E-002
    0.000000    0.000000   -0.282333    3.220000  -1.9302902909E-002
    0.000000    0.000000   -0.280000    3.222333  -1.9275416313E-002
    0.000000    0.000000   -0.277667    3.224667  -1.9248175730E-002
    0.000000    0.000000   -0.275333    3.227000  -1.9221176326E-002
    0.000000    0.000000   -0.273000    3.229333  -1.9194413205E-002
    0.000000    0.000000   -0.270667    3.231667  -1.9167881411E-002
    0.000000    0.000000   -0.268333    3.234000  -1.9141575938E-002
    0.000000    0.000000   -0.266000    3.236333  -1.9115491732E-002
    0.000000    0.000000   -0.263667    3.238667  -1.9089623705E-002
    0.000000    0.000000   -0.261333    3.241000  -1.9063966737E-002
    0.000000    0.000000   -0.259000    3.243333  -1.9038515694E-002
    0.000000    0.000000   -0.256667    3.245667  -1.9013265435E-002
    0.000000    0.000000   -0.254333    3.248000  -1.8988210830E-002
    0.000000    0.000000   -0.252000    3.250333  -1.8963346767E-002
    0.000000    0.000000   -0.249667    3.252667  -1.8938668177E-002
    0.000000    0.000000   -0.247333    3.255000  -1.8914170047E-002
    0.000000    0.000000   -0.245000    3.257333  -1.8889847442E-002
    0.000000    0.000000   -0.242667    3.259667  -1.8865695525E-002
    0.000000    0.000000   -0.240333    3.262000  -1.8841709581E-002
    0.000000    0.000000   -0.238000    3.264333  -1.8817885044E-002
    0.000000    0.000000   -0.235667    3.266667  -1.8794217521E-002
    0.000000    0.000000   -0.233333    3.269000  -1.8770702823E-002
    0.000000    0.000000   -0.231000    3.271333  -1.8747336995E-002
    0.000000    0.000000   -0.228667    3.273667  -1.8724116350E-002
    0.000000    0.000000   -0.226333    3.276000  -1.8701037504E-002
    0.000000    0.000000   -0.224000    3.278333  -1.8678097408E-002
    0.000000    0.000000   -0.221667    3.280667  -1.8655293391E-002
    0.000000    0.000000   -0.219333    3.283000  -1.8632623199E-002
    0.000000    0.000000   -0.217000    3.285333  -1.8610085032E-002
    0.000000    0.000000   -0.214667    3.287667  -1.8587677590E-002
    0.000000    0.000000   -0.212333    3.290000  -1.8565400113E-002
    0.000000    0.000000   -0.210000    3.292333  -1.8543252429E-002
    0.000000    0.000000   -0.207667    3.294667  -1.8521234992E-002
    0.000000    0.000000   -0.205333    3.297000  -1.8499348931E-002
    0.000000    0.000000   -0.203000    3.299333  -1.8477596094E-002
    0.000000    0.000000   -0.200667    3.301667  -1.8455979086E-002
    0.000000    0.000000   -0.198333    3.304000  -1.8434501315E-002
    0.000000    0.000000   -0.196000    3.306333  -1.8413167032E-002
    0.000000    0.000000   -0.193667    3.308667  -1.8391981366E-002
    0.000000    0.000000   -0.191333    3.311000  -1.8370950362E-002
    0.000000    0.000000   -0.189000    3.313333  -1.8350081010E-002
    0.000000    0.000000   -0.186667    3.315667  -1.8329381273E-002
    0.000000    0.000000   -0.184333    3.318000  -1.8308860108E-002
    0.000000    0.000000   -0.182000    3.320333  -1.8288527483E-002
    0.000000    0.000000   -0.179667    3.322667  -1.8268394386E-002
    0.000000    0.000000   -0.177333    3.325000  -1.8248472832E-002
    0.000000    0.000000   -0.175000    3.327333  -1.8228775848E-002
    0.000000    0.000000   -0.172667    3.329667  -1.8209317469E-002
    0.000000    0.000000   -0.170333    3.332000  -1.8190112707E-002
    0.000000    0.000000   -0.168000    3.334333  -1.8171177519E-002
    0.000000    0.000000   -0.165667    3.336667  -1.8152528759E-002
    0.000000    0.000000   -0.163333    3.339000  -1.8134184124E-002
    0.000000    0.000000   -0.161000    3.341333  -1.8116162078E-002
    0.000000    0.000000   -0.158667    3.343667  -1.8098481772E-002
    0.000000    0.000000   -0.156333    3.346000  -1.8081162943E-002
    0.000000    0.000000   -0.154000    3.348333  -1.8064225802E-002
    0.000000    0.000000   -0.151667    3.350667  -1.8047690909E-002
    0.000000    0.000000   -0.149333    3.353000  -1.8031579025E-002
    0.000000    0.000000   -0.147000    3.355333  -1.8015910958E-002
    0.000000    0.000000   -0.144667    3.357667  -1.8000707389E-002
    0.000000    0.000000   -0.142333    3.360000  -1.7985988680E-002
    0.000000    0.000000   -0.140000    3.362333  -1.7971774674E-002
    0.000000    0.000000   -0.137667    3.364667  -1.7958084472E-002
    0.000000    0.000000   -0.135333    3.367000  -1.7944936205E-002
    0.000000    0.000000   -0.133000    3.369333  -1.7932346785E-002
    0.000000    0.000000   -0.130667    3.371667  -1.7920331648E-002
    0.000000    0.000000   -0.128333    3.374000  -1.7908904482E-002
    0.000000    0.000000   -0.126000    3.376333  -1.7898076955E-002
    0.000000    0.000000   -0.123667    3.378667  -1.7887858420E-002
    0.000000    0.000000   -0.121333    3.381000  -1.7878255628E-002
    0.000000    0.000000   -0.119000    3.383333  -1.7869272427E-002
    0.000000    0.000000   -0.116667    3.385667  -1.7860909464E-002
    0.000000    0.000000   -0.114333    3.388000  -1.7853163887E-002
    0.000000    0.000000   -0.112000    3.390333  -1.7846029046E-002
    0.000000    0.000000   -0.109667    3.392667  -1.7839494204E-002
    0.000000    0.000000   -0.107333    3.395000  -1.7833544255E-002
    0.000000    0.000000   -0.105000    3.397333  -1.7828159449E-002
    0.000000    0.000000   -0.102667    3.399667  -1.7823315141E-002
    0.000000    0.000000   -0.100333    3.402000  -1.7818981547E-002
    0.000000    0.000000   -0.098000    3.404333  -1.7815123524E-002
    0.000000    0.000000   -0.095667    3.406667  -1.7811700378E-002
    0.000000    0.000000   -0.093333    3.409000  -1.7808665691E-002
    0.000000    0.000000   -0.091000    3.411333  -1.7805967184E-002
    0.000000    0.000000   -0.088667    3.413667  -1.7803546605E-002
    0.000000    0.000000   -0.086333    3.416000  -1.7801339663E-002
    0.000000    0.000000   -0.084000    3.418333  -1.7799275989E-002
    0.000000    0.000000   -0.081667    3.420667  -1.7797279142E-002
    0.000000    0.000000   -0.079333    3.423000  -1.7795266655E-002
    0.000000    0.000000   -0.077000    3.425333  -1.7793150128E-002
    0.000000    0.000000   -0.074667    3.427667  -1.7790835365E-002
    0.000000    0.000000   -0.072333    3.430000  -1.7788222553E-002
    0.000000    0.000000   -0.070000    3.432333  -1.7785206493E-002
    0.000000    0.000000   -0.067667    3.434667  -1.7781676877E-002
    0.000000    0.000000   -0.065333    3.437000  -1.7777518611E-002
    0.000000    0.000000   -0.063000    3.439333  -1.7772612187E-002
    0.000000    0.000000   -0.060667    3.441667  -1.7766834094E-002
    0.000000    0.000000   -0.058333    3.444000  -1.7760057285E-002
    0.000000    0.000000   -0.056000    3.446333  -1.7752151669E-002
    0.000000    0.000000   -0.053667    3.448667  -1.7742984658E-002
    0.000000    0.000000   -0.051333    3.451000  -1.7732421745E-002
    0.000000    0.000000   -0.049000    3.453333  -1.7720327109E-002
    0.000000    0.000000   -0.046667    3.455667  -1.7706564259E-002
    0.000000    0.000000   -0.044333    3.458000  -1.7690996695E-002
    0.000000    0.000000   -0.042000    3.460333  -1.7673488599E-002
    0.000000    0.000000   -0.039667    3.462667  -1.7653905529E-002
    0.000000    0.000000   -0.037333    3.465000  -1.7632115136E-002
    0.000000    0.000000   -0.035000    3.467333  -1.7607987879E-002
    0.000000    0.000000   -0.032667    3.469667  -1.7581397741E-002
    0.000000    0.000000   -0.030333    3.472000  -1.7552222940E-002
    0.000000    0.000000   -0.028000    3.474333  -1.7520346629E-002
    0.000000    0.000000   -0.025667    3.476667  -1.7485657573E-002
    0.000000    0.000000   -0.023333    3.479000  -1.7448050813E-002
    0.000000    0.000000   -0.021000    3.481333  -1.7407428291E-002
    0.000000    0.000000   -0.018667    3.483667  -1.7363699448E-002
    0.000000    0.000000   -0.016333    3.486000  -1.7316781775E-002
    0.000000    0.000000   -0.014000    3.488333  -1.7266601331E-002
    0.000000    0.000000   -0.011667    3.490667  -1.7213093200E-002
    0.000000    0.000000   -0.009333    3.493000  -1.7156201905E-002
    0.000000    0.000000   -0.007000    3.495333  -1.7095881756E-002
    0.000000    0.000000   -0.004667    3.497667  -1.7032097152E-002
    0.000000    0.000000   -0.002333    3.500000  -1.6964822801E-002
    0.000000    0.000000    0.000000    3.502333  -1.6894043895E-002
    0.000000    0.000000    0.002333    3.504667  -1.6819756207E-002
    0.000000    0.000000    0.004667    3.507000  -1.6741966125E-002
    0.000000    0.000000    0.007000    3.509333  -1.6660690616E-002
    0.000000    0.000000    0.009333    3.511667  -1.6575957128E-002
    0.000000    0.000000    0.011667    3.514000  -1.6487803421E-002
    0.000000    0.000000    0.014000    3.516333  -1.6396277336E-002
    0.000000    0.000000    0.016333    3.518667  -1.6301436500E-002
    0.000000    0.000000    0.018667    3.521000  -1.6203347974E-002
    0.000000    0.000000    0.021000    3.523333  -1.6102087840E-002
    0.000000    0.000000    0.023333    3.525667  -1.5997740740E-002
    0.000000    0.000000    0.025667    3.528000  -1.5890399362E-002
    0.000000    0.000000    0.028000    3.530333  -1.5780163885E-002
    0.000000    0.000000    0.030333    3.532667  -1.5667141382E-002
    0.000000    0.000000    0.032667    3.535000  -1.5551445191E-002
    0.000000    0.000000    0.035000    3.537333  -1.5433194255E-002
    0.000000    0.000000    0.037333    3.539667  -1.5312512441E-002
    0.000000    0.000000    0.039667    3.542000  -1.5189527841E-002
    0.000000    0.000000    0.042000    3.544333  -1.5064372058E-002
    0.000000    0.000000    0.044333    3.546667  -1.4937179495E-002
    0.000000    0.000000    0.046667    3.549000  -1.4808086628E-002
    0.000000    0.000000    0.049000    3.551333  -1.4677231302E-002
    0.000000    0.000000    0.051333    3.553667  -1.4544752027E-002
    0.000000    0.000000    0.053667    3.556000  -1.4410787287E-002
    0.000000    0.000000    0.056000    3.558333  -1.4275474883E-002
    0.000000    0.000000    0.058333    3.560667  -1.4138951286E-002
    0.000000    0.000000    0.060667    3.563000  -1.4001351028E-002
    0.000000    0.000000    0.063000    3.565333  -1.3862806126E-002
    0.000000    0.000000    0.065333    3.567667  -1.3723445539E-002
    0.000000    0.000000    0.067667    3.570000  -1.3583394663E-002
    0.000000    0.000000    0.070000    3.572333  -1.3442774876E-002
    0.000000    0.000000    0.072333    3.574667  -1.3301703120E-002
    0.000000    0.000000    0.074667    3.577000  -1.3160291529E-002
    0.000000    0.000000    0.077000    3.579333  -1.3018647103E-002
    0.000000    0.000000    0.079333    3.581667  -1.2876871435E-002
    0.000000    0.000000    0.081667    3.584000  -1.2735060479E-002
    0.000000    0.000000    0.084000    3.586333  -1.2593304365E-002
    0.000000    0.000000    0.086333    3.588667  -1.2451687263E-002
    0.000000    0.000000    0.088667    3.591000  -1.2310287293E-002
    0.000000    0.000000    0.091000    3.593333  -1.2169176476E-002
    0.000000    0.000000    0.093333    3.595667  -1.2028420728E-002
    0.000000    0.000000    0.095667    3.598000  -1.1888079892E-002
    0.000000    0.000000    0.098000    3.600333  -1.1748207813E-002
    0.000000    0.000000    0.100333    3.602667  -1.1608852444E-002
    0.000000    0.000000    0.102667    3.605000  -1.1470055982E-002
    0.000000    0.000000    0.105000    3.607333  -1.1331855039E-002
    0.000000    0.000000    0.107333    3.609667  -1.1194280837E-002
    0.000000    0.000000    0.109667    3.612000  -1.1057359428E-002
    0.000000    0.000000    0.112000    3.614333  -1.0921111929E-002
    0.000000    0.000000    0.114333    3.616667  -1.0785554780E-002
    0.000000    0.000000    0.116667    3.619000  -1.0650700016E-002
    0.000000    0.000000    0.119000    3.621333  -1.0516555547E-002
    0.000000    0.000000    0.121333    3.623667  -1.0383125449E-002
    0.000000    0.000000    0.123667    3.626000  -1.0250410257E-002
    0.000000    0.000000    0.126000    3.628333  -1.0118407266E-002
    0.000000    0.000000    0.128333    3.630667  -9.9871108302E-003
    0.000000    0.000000    0.130667    3.633000  -9.8565126552E-003
    0.000000    0.000000    0.133000    3.635333  -9.7266020944E-003
    0.000000    0.000000    0.135333    3.637667  -9.5973664332E-003
    0.000000    0.000000    0.137667    3.640000  -9.4687911671E-003
    0.000000    0.000000    0.140000    3.642333  -9.3408602698E-003
    0.000000    0.000000    0.142333    3.644667  -9.2135564507E-003
    0.000000    0.000000    0.144667    3.647000  -9.0868613999E-003
    0.000000    0.000000    0.147000    3.649333  -8.9607560194E-003
    0.000000    0.000000    0.149333    3.651667  -8.8352206415E-003
    0.000000    0.000000    0.151667    3.654000  -8.7102352311E-003
    0.000000    0.000000    0.154000    3.656333  -8.5857795747E-003
    0.000000    0.000000    0.156333    3.658667  -8.4618334518E-003
    0.000000    0.000000    0.158667    3.661000  -8.3383767935E-003
    0.000000    0.000000    0.161000    3.663333  -8.2153898230E-003
    0.000000    0.000000    0.163333    3.665667  -8.0928531833E-003
    0.000000    0.000000    0.165667    3.668000  -7.9707480484E-003
    0.000000    0.000000    0.168000    3.670333  -7.8490562205E-003
    0.000000    0.000000    0.170333    3.672667  -7.7277602134E-003
    0.000000    0.000000    0.172667    3.675000  -7.6068433223E-003
    0.000000    0.000000    0.175000    3.677333  -7.4862896805E-003
    0.000000    0.000000    0.177333    3.679667  -7.3660843049E-003
    0.000000    0.000000    0.179667    3.682000  -7.2462131291E-003
    0.000000    0.000000    0.182000    3.684333  -7.1266630271E-003
    0.000000    0.000000    0.184333    3.686667  -7.0074218262E-003
    0.000000    0.000000    0.186667    3.689000  -6.8884783119E-003
    0.000000    0.000000    0.189000    3.691333  -6.7698222241E-003
    0.000000    0.000000    0.191333    3.693667  -6.6514442462E-003
    0.000000    0.000000    0.193667    3.696000  -6.5333359882E-003
    0.000000    0.000000    0.196000    3.698333  -6.4154899629E-003
    0.000000    0.000000    0.198333    3.700667  -6.2978995586E-003
    0.000000    0.000000    0.200667    3.703000  -6.1805590063E-003
    0.000000    0.000000    0.203000    3.705333  -6.0634633444E-003
    0.000000    0.000000    0.205333    3.707667  -5.9466083795E-003
    0.000000    0.000000    0.207667    3.710000  -5.8299906456E-003
    0.000000    0.000000    0.210000    3.712333  -5.7136073614E-003
    0.000000    0.000000    0.212333    3.714667  -5.5974563860E-003
    0.000000    0.000000    0.214667    3.717000  -5.4815361744E-003
    0.000000    0.000000    0.217000    3.719333  -5.3658457323E-003
    0.000000    0.000000    0.219333    3.721667  -5.2503845708E-003
    0.000000    0.000000    0.221667    3.724000  -5.1351526622E-003
    0.000000    0.000000    0.224000    3.726333  -5.0201503960E-003
    0.000000    0.000000    0.226333    3.728667  -4.9053785354E-003
    0.000000    0.000000    0.228667    3.731000  -4.7908381763E-003
    0.000000    0.000000    0.231000    3.733333  -4.6765307062E-003
    0.000000    0.000000    0.233333    3.735667  -4.5624577660E-003
    0.000000    0.000000    0.235667    3.738000  -4.4486212123E-003
    0.000000    0.000000    0.238000    3.740333  -4.3350230824E-003
    0.000000    0.000000    0.240333    3.742667  -4.2216655605E-003
    0.000000    0.000000    0.242667    3.745000  -4.1085509461E-003
    0.000000    0.000000    0.245000    3.747333  -3.9956816245E-003
    0.000000    0.000000    0.247333    3.749667  -3.8830600384E-003
    0.000000    0.000000    0.249667    3.752000  -3.7706886628E-003
    0.000000    0.000000    0.252000    3.754333  -3.6585699802E-003
    0.000000    0.000000    0.254333    3.756667  -3.5467064590E-003
    0.000000    0.000000    0.256667    3.759000  -3.4351005330E-003
    0.000000    0.000000    0.259000    3.761333  -3.3237545830E-003
    0.000000    0.000000    0.261333    3.763667  -3.2126709196E-003
    0.000000    0.000000    0.263667    3.766000  -3.1018517682E-003
    0.000000    0.000000    0.266000    3.768333  -2.9912992554E-003
    0.000000    0.000000    0.268333    3.770667  -2.8810153965E-003
    0.000000    0.000000    0.270667    3.773000  -2.7710020852E-003
    0.000000    0.000000    0.273000    3.775333  -2.6612610837E-003
    0.000000    0.000000    0.275333    3.777667  -2.5517940146E-003
    0.000000    0.000000    0.277667    3.780000  -2.4426023541E-003
    0.000000    0.000000    0.280000    3.782333  -2.3336874259E-003
    0.000000    0.000000    0.282333    3.784667  -2.2250503960E-003
    0.000000    0.000000    0.284667    3.787000  -2.1166922693E-003
    0.000000    0.000000    0.287000    3.789333  -2.0086138861E-003
    0.000000    0.000000    0.289333    3.791667  -1.9008159199E-003
    0.000000    0.000000    0.291667    3.794000  -1.7932988760E-003
    0.000000    0.000000    0.294000    3.796333  -1.6860630902E-003
    0.000000    0.000000    0.296333    3.798667  -1.5791087291E-003
    0.000000    0.000000    0.298667    3.801000  -1.4724357901E-003
    0.000000    0.000000    0.301000    3.803333  -1.3660441023E-003
    0.000000    0.000000    0.303333    3.805667  -1.2599333278E-003
    0.000000    0.000000    0.305667    3.808000  -1.1541029635E-003
    0.000000    0.000000    0.308000    3.810333  -1.0485523429E-003
    0.000000    0.000000    0.310333    3.812667  -9.4328063887E-004
    0.000000    0.000000    0.312667    3.815000  -8.3828686628E-004
    0.000000    0.000000    0.315000    3.817333  -7.3356988483E-004
    0.000000    0.000000    0.317333    3.819667  -6.2912840245E-004
    0.000000    0.000000    0.319667    3.822000  -5.2496097862E-004
    0.000000    0.000000    0.322000    3.824333  -4.2106602800E-004
    0.000000    0.000000    0.324333    3.826667  -3.1744182417E-004
    0.000000    0.000000    0.326667    3.829000  -2.1408650352E-004
    0.000000    0.000000    0.329000    3.831333  -1.1099806919E-004
    0.000000    0.000000    0.331333    3.833667  -8.1743951884E-006
    0.000000    0.000000    0.333667    3.836000   9.4386769528E-005
    0.000000    0.000000    0.336000    3.838333   1.9668779683E-004
    0.000000    0.000000    0.338333    3.840667   2.9873117518E-004
    0.000000    0.000000    0.340667    3.843000   4.0051950544E-004
    0.000000    0.000000    0.343000    3.845333   5.0205549651E-004
    0.000000    0.000000    0.345333    3.847667   6.0334196118E-004
    0.000000    0.000000    0.347667    3.850000   7.0438181175E-004
    0.000000    0.000000    0.350000    3.852333   8.0517805589E-004
    0.000000    0.000000    0.352333    3.854667   9.0573379236E-004
    0.000000    0.000000    0.354667    3.857000   1.0060522069E-003
    0.000000    0.000000    0.357000    3.859333   1.1061365680E-003
    0.000000    0.000000    0.359333    3.861667   1.2059902228E-003
    0.000000    0.000000    0.361667    3.864000   1.3056165933E-003
    0.000000    0.000000    0.364000    3.866333   1.4050191720E-003
    0.000000    0.000000    0.366333    3.868667   1.5042015181E-003
    0.000000    0.000000    0.368667    3.871000   1.6031672540E-003
    0.000000    0.000000    0.371000    3.873333   1.7019200609E-003
    0.000000    0.000000    0.373333    3.875667   1.8004636757E-003
    0.000000    0.000000    0.375667    3.878000   1.8988018868E-003
    0.000000    0.000000    0.378000    3.880333   1.9969385309E-003
    0.000000    0.000000    0.380333    3.882667   2.0948774896E-003
    0.000000    0.000000    0.382667    3.885000   2.1926226857E-003
    0.000000    0.000000    0.385000    3.887333   2.2901780801E-003
    0.000000    0.000000    0.387333    3.889667   2.3875476685E-003
    0.000000    0.000000    0.389667    3.892000   2.4847354782E-003
    0.000000    0.000000    0.392000    3.894333   2.5817455653E-003
    0.000000    0.000000    0.394333    3.896667   2.6785820116E-003
    0.000000    0.000000    0.396667    3.899000   2.7752489215E-003
    0.000000    0.000000    0.399000    3.901333   2.8717504196E-003
    0.000000    0.000000    0.401333    3.903667   2.9680906478E-003
    0.000000    0.000000    0.403667    3.906000   3.0642737630E-003
    0.000000    0.000000    0.406000    3.908333   3.1603039340E-003
    0.000000    0.000000    0.408333    3.910667   3.2561853396E-003
    0.000000    0.000000    0.410667    3.913000   3.3519221662E-003
    0.000000    0.000000    0.413000    3.915333   3.4475186053E-003
    0.000000    0.000000    0.415333    3.917667   3.5429788518E-003
    0.000000    0.000000    0.417667    3.920000   3.6383071015E-003
    0.000000    0.000000    0.420000    3.922333   3.7335075494E-003
    0.000000    0.000000    0.422333    3.924667   3.8285843876E-003
    0.000000    0.000000    0.424667    3.927000   3.9235418038E-003
    0.000000    0.000000    0.427000    3.929333   4.0183839794E-003
    0.000000    0.000000    0.429333    3.931667   4.1131150878E-003
    0.000000    0.000000    0.431667    3.934000   4.2077392931E-003
    0.000000    0.000000    0.434000    3.936333   4.3022607483E-003
    0.000000    0.000000    0.436333    3.938667   4.3966835943E-003
    0.000000    0.000000    0.438667    3.941000   4.4910119583E-003
    0.000000    0.000000    0.441000    3.943333   4.5852499526E-003
    0.000000    0.000000    0.443333    3.945667   4.6794016737E-003
    0.000000    0.000000    0.445667    3.948000   4.7734712007E-003
    0.000000    0.000000    0.448000    3.950333   4.8674625950E-003
    0.000000    0.000000    0.450333    3.952667   4.9613798987E-003
    0.000000    0.000000    0.452667    3.955000   5.0552271341E-003
    0.000000    0.000000    0.455000    3.957333   5.1490083028E-003
    0.000000    0.000000    0.457333    3.959667   5.2427273849E-003
    0.000000    0.000000    0.459667    3.962000   5.3363883385E-003
    0.000000    0.000000    0.462000    3.964333   5.4299950987E-003
    0.000000    0.000000    0.464333    3.966667   5.5235515777E-003
    0.000000    0.000000    0.466667    3.969000   5.6170616635E-003
    0.000000    0.000000    0.469000    3.971333   5.7105292201E-003
    0.000000    0.000000    0.471333    3.973667   5.8039580869E-003
    0.000000    0.000000    0.473667    3.976000   5.8973520782E-003
    0.000000    0.000000    0.476000    3.978333   5.9907149830E-003
    0.000000    0.000000    0.478333    3.980667   6.0840505651E-003
    0.000000    0.000000    0.480667    3.983000   6.1773625623E-003
    0.000000    0.000000    0.483000    3.985333   6.2706546867E-003
    0.000000    0.000000    0.485333    3.987667   6.3639306246E-003
    0.000000    0.000000    0.487667    3.990000   6.4571940361E-003
    0.000000    0.000000    0.490000    3.992333   6.5504485553E-003
    0.000000    0.000000    0.492333    3.994667   6.6436977904E-003
    0.000000    0.000000    0.494667    3.997000   6.7369453236E-003
    0.000000    0.000000    0.497000    3.999333   6.8301947113E-003
    0.000000    0.000000    0.499333    4.001667   6.9234494839E-003
    0.000000    0.000000    0.501667    4.004000   7.0167131466E-003
    0.000000    0.000000    0.504000    4.006333   7.1099891787E-003
    0.000000    0.000000    0.506333    4.008667   7.2032810347E-003
    0.000000    0.000000    0.508667    4.011000   7.2965921438E-003
    0.000000    0.000000    0.511000    4.013333   7.3899259106E-003
    0.000000    0.000000    0.513333    4.015667   7.4832857153E-003
    0.000000    0.000000    0.515667    4.018000   7.5766749137E-003
    0.000000    0.000000    0.518000    4.020333   7.6700968380E-003
    0.000000    0.000000    0.520333    4.022667   7.7635547968E-003
    0.000000    0.000000    0.522667    4.025000   7.8570520756E-003
    0.000000    0.000000    0.525000    4.027333   7.9505919370E-003
    0.000000    0.000000    0.527333    4.029667   8.0441776212E-003
    0.000000    0.000000    0.529667    4.032000   8.1378123467E-003
    0.000000    0.000000    0.532000    4.034333   8.2314993099E-003
    0.000000    0.000000    0.534333    4.036667   8.3252416866E-003
    0.000000    0.000000    0.536667    4.039000   8.4190426314E-003
    0.000000    0.000000    0.539000    4.041333   8.5129052790E-003
    0.000000    0.000000    0.541333    4.043667   8.6068327439E-003
    0.000000    0.000000    0.543667    4.046000   8.7008281215E-003
    0.000000    0.000000    0.546000    4.048333   8.7948944880E-003
    0.000000    0.000000    0.548333    4.050667   8.8890349015E-003
    0.000000    0.000000    0.550667    4.053000   8.9832524017E-003
    0.000000    0.000000    0.553000    4.055333   9.0775500112E-003
    0.000000    0.000000    0.555333    4.057667   9.1719307352E-003
    0.000000    0.000000    0.557667    4.060000   9.2663975625E-003
    0.000000    0.000000    0.560000    4.062333   9.3609534658E-003
    0.000000    0.000000    0.562333    4.064667   9.4556014021E-003
    0.000000    0.000000    0.564667    4.067000   9.5503443134E-003
    0.000000    0.000000    0.567000    4.069333   9.6451851270E-003
    0.000000    0.000000    0.569333    4.071667   9.7401267558E-003
    0.000000    0.000000    0.571667    4.074000   9.8351720993E-003
    0.000000    0.000000    0.574000    4.076333   9.9303240435E-003
    0.000000    0.000000    0.576333    4.078667   1.0025585462E-002
    0.000000    0.000000    0.578667    4.081000   1.0120959215E-002
    0.000000    0.000000    0.581000    4.083333   1.0216448152E-002
    0.000000    0.000000    0.583333    4.085667   1.0312055110E-002
    0.000000    0.000000    0.585667    4.088000   1.0407782917E-002
    0.000000    0.000000    0.588000    4.090333   1.0503634388E-002
    0.000000    0.000000    0.590333    4.092667   1.0599612329E-002
    0.000000    0.000000    0.592667    4.095000   1.0695719537E-002
    0.000000    0.000000    0.595000    4.097333   1.0791958797E-002
    0.000000    0.000000    0.597333    4.099667   1.0888332889E-002
    0.000000    0.000000    0.599667    4.102000   1.0984844582E-002
    0.000000    0.000000    0.602000    4.104333   1.1081496637E-002
    0.000000    0.000000    0.604333    4.106667   1.1178291808E-002
    0.000000    0.000000    0.606667    4.109000   1.1275232842E-002
    0.000000    0.000000    0.609000    4.111333   1.1372322478E-002
    0.000000    0.000000    0.611333    4.113667   1.1469563449E-002
    0.000000    0.000000    0.613667    4.116000   1.1566958482E-002
    0.000000    0.000000    0.616000    4.118333   1.1664510298E-002
    0.000000    0.000000    0.618333    4.120667   1.1762221611E-002
    0.000000    0.000000    0.620667    4.123000   1.1860095133E-002
    0.000000    0.000000    0.623000    4.125333   1.1958133568E-002
    0.000000    0.000000    0.625333    4.127667   1.2056339617E-002
    0.000000    0.000000    0.627667    4.130000   1.2154715976E-002
    0.000000    0.000000    0.630000    4.132333   1.2253265337E-002
    0.000000    0.000000    0.632333    4.134667   1.2351990390E-002
    0.000000    0.000000    0.634667    4.137000   1.2450893820E-002
    0.000000    0.000000    0.637000    4.139333   1.2549978309E-002
    0.000000    0.000000    0.639333    4.141667   1.2649246536E-002
    0.000000    0.000000    0.641667    4.144000   1.2748701178E-002
    0.000000    0.000000    0.644000    4.146333   1.2848344909E-002
    0.000000    0.000000    0.646333    4.148667   1.2948180401E-002
    0.000000    0.000000    0.648667    4.151000   1.3048210326E-002
    0.000000    0.000000    0.651000    4.153333   1.3148437350E-002
    0.000000    0.000000    0.653333    4.155667   1.3248864142E-002
    0.000000    0.000000    0.655667    4.158000   1.3349493367E-002
    0.000000    0.000000    0.658000    4.160333   1.3450327690E-002
    0.000000    0.000000    0.660333    4.162667   1.3551369775E-002
    0.000000    0.000000    0.662667    4.165000   1.3652622285E-002
    0.000000    0.000000    0.665000    4.167333   1.3754087883E-002
    0.000000    0.000000    0.667333    4.169667   1.3855769232E-002
    0.000000    0.000000    0.669667    4.172000   1.3957668993E-002
    0.000000    0.000000    0.672000    4.174333   1.4059789829E-002
    0.000000    0.000000    0.674333    4.176667   1.4162134401E-002
    0.000000    0.000000    0.676667    4.179000   1.4264705374E-002
    0.000000    0.000000    0.679000    4.181333   1.4367505409E-002
    0.000000    0.000000    0.681333    4.183667   1.4470537171E-002
    0.000000    0.000000    0.683667    4.186000   1.4573803322E-002
    0.000000    0.000000    0.686000    4.188333   1.4677306529E-002
    0.000000    0.000000    0.688333    4.190667   1.4781049458E-002
    0.000000    0.000000    0.690667    4.193000   1.4885034774E-002
    0.000000    0.000000    0.693000    4.195333   1.4989265147E-002
    0.000000    0.000000    0.695333    4.197667   1.5093743244E-002
    0.000000    0.000000    0.697667    4.200000   1.5198471738E-002
    0.000000    0.000000    0.700000    4.202333   1.5303453298E-002
    0.000000    0.000000    0.702333    4.204667   1.5408690600E-002
    0.000000    0.000000    0.704667    4.207000   1.5514186317E-002
    0.000000    0.000000    0.707000    4.209333   1.5619943127E-002
    0.000000    0.000000    0.709333    4.211667   1.5725963706E-002
    0.000000    0.000000    0.711667    4.214000   1.5832250736E-002
    0.000000    0.000000    0.714000    4.216333   1.5938806897E-002
    0.000000    0.000000    0.716333    4.218667   1.6045634874E-002
    0.000000    0.000000    0.718667    4.221000   1.6152737351E-002
    0.000000    0.000000    0.721000    4.223333   1.6260117016E-002
    0.000000    0.000000    0.723333    4.225667   1.6367776558E-002
    0.000000    0.000000    0.725667    4.228000   1.6475718669E-002
    0.000000    0.000000    0.728000    4.230333   1.6583946042E-002
    0.000000    0.000000    0.730333    4.232667   1.6692461374E-002
    0.000000    0.000000    0.732667    4.235000   1.6801267361E-002
    0.000000    0.000000    0.735000    4.237333   1.6910366703E-002
    0.000000    0.000000    0.737333    4.239667   1.7019762103E-002
    0.000000    0.000000    0.739667    4.242000   1.7129456265E-002
    0.000000    0.000000    0.742000    4.244333   1.7239451896E-002
    0.000000    0.000000    0.744333    4.246667   1.7349751705E-002
    0.000000    0.000000    0.746667    4.249000   1.7460358403E-002
    0.000000    0.000000    0.749000    4.251333   1.7571274702E-002
    0.000000    0.000000    0.751333    4.253667   1.7682503320E-002
    0.000000    0.000000    0.753667    4.256000   1.7794046974E-002
    0.000000    0.000000    0.756000    4.258333   1.7905908385E-002
    0.000000    0.000000    0.758333    4.260667   1.8018090275E-002
    0.000000    0.000000    0.760667    4.263000   1.8130595370E-002
    0.000000    0.000000    0.763000    4.265333   1.8243426397E-002
    0.000000    0.000000    0.765333    4.267667   1.8356586086E-002
    0.000000    0.000000    0.767667    4.270000   1.8470077169E-002
    0.000000    0.000000    0.770000    4.272333   1.8583902381E-002
    0.000000    0.000000    0.772333    4.274667   1.8698064459E-002
    0.000000    0.000000    0.774667    4.277000   1.8812566141E-002
    0.000000    0.000000    0.777000    4.279333   1.8927410170E-002
    0.000000    0.000000    0.779333    4.281667   1.9042599289E-002
    0.000000    0.000000    0.781667    4.284000   1.9158136244E-002
    0.000000    0.000000    0.784000    4.286333   1.9274023785E-002
    0.000000    0.000000    0.786333    4.288667   1.9390264661E-002
    0.000000    0.000000    0.788667    4.291000   1.9506861627E-002
    0.000000    0.000000    0.791000    4.293333   1.9623817437E-002
    0.000000    0.000000    0.793333    4.295667   1.9741134850E-002
    0.000000    0.000000    0.795667    4.298000   1.9858816625E-002
    0.000000    0.000000    0.798000    4.300333   1.9976865524E-002
    0.000000    0.000000    0.800333    4.302667   2.0095284312E-002
    0.000000    0.000000    0.802667    4.305000   2.0214075756E-002
    0.000000    0.000000    0.805000    4.307333   2.0333242624E-002
    0.000000    0.000000    0.807333    4.309667   2.0452787689E-002
    0.000000    0.000000    0.809667    4.312000   2.0572713722E-002
    0.000000    0.000000    0.812000    4.314333   2.0693023500E-002
    0.000000    0.000000    0.814333    4.316667   2.0813719799E-002
    0.000000    0.000000    0.816667    4.319000   2.0934805401E-002
    0.000000    0.000000    0.819000    4.321333   2.1056283087E-002
    0.000000    0.000000    0.821333    4.323667   2.1178155640E-002
    0.000000    0.000000    0.823667    4.326000   2.1300425847E-002
    0.000000    0.000000    0.826000    4.328333   2.1423096496E-002
    0.000000    0.000000    0.828333    4.330667   2.1546170377E-002
    0.000000    0.000000    0.830667    4.333000   2.1669650283E-002
    0.000000    0.000000    0.833000    4.335333   2.1793539007E-002
    0.000000    0.000000    0.835333    4.337667   2.1917839345E-002
    0.000000    0.000000    0.837667    4.340000   2.2042554097E-002
    0.000000    0.000000    0.840000    4.342333   2.2167686062E-002
    0.000000    0.000000    0.842333    4.344667   2.2293238043E-002
    0.000000    0.000000    0.844667    4.347000   2.2419212843E-002
    0.000000    0.000000    0.847000    4.349333   2.2545613268E-002
    0.000000    0.000000    0.849333    4.351667   2.2672442126E-002
    0.000000    0.000000    0.851667    4.354000   2.2799702228E-002
    0.000000    0.000000    0.854000    4.356333   2.2927396384E-002
    0.000000    0.000000    0.856333    4.358667   2.3055527408E-002
    0.000000    0.000000    0.858667    4.361000   2.3184098115E-002
    0.000000    0.000000    0.861000    4.363333   2.3313111323E-002
    0.000000    0.000000    0.863333    4.365667   2.3442569851E-002
    0.000000    0.000000    0.865667    4.368000   2.3572476518E-002
    0.000000    0.000000    0.868000    4.370333   2.3702834148E-002
    0.000000    0.000000    0.870333    4.372667   2.3833645564E-002
    0.000000    0.000000    0.872667    4.375000   2.3964913594E-002
    0.000000    0.000000    0.875000    4.377333   2.4096641063E-002
    0.000000    0.000000    0.877333    4.379667   2.4228830802E-002
    0.000000    0.000000    0.879667    4.382000   2.4361485642E-002
    0.000000    0.000000    0.882000    4.384333   2.4494608415E-002
    0.000000    0.000000    0.884333    4.386667   2.4628201955E-002
    0.000000    0.000000    0.886667    4.389000   2.4762269100E-002
    0.000000    0.000000    0.889000    4.391333   2.4896812686E-002
    0.000000    0.000000    0.891333    4.393667   2.5031835552E-002
    0.000000    0.000000    0.893667    4.396000   2.5167340540E-002
    0.000000    0.000000    0.896000    4.398333   2.5303330492E-002
    0.000000    0.000000    0.898333    4.400667   2.5439808252E-002
    0.000000    0.000000    0.900667    4.403000   2.5576776667E-002
    0.000000    0.000000    0.903000    4.405333   2.5714238582E-002
    0.000000    0.000000    0.905333    4.407667   2.5852196846E-002
    0.000000    0.000000    0.907667    4.410000   2.5990654311E-002
    0.000000    0.000000    0.910000    4.412333   2.6129613828E-002
    0.000000    0.000000    0.912333    4.414667   2.6269078250E-002
    0.000000    0.000000    0.914667    4.417000   2.6409050433E-002
    0.000000    0.000000    0.917000    4.419333   2.6549533232E-002
    0.000000    0.000000    0.919333    4.421667   2.6690529506E-002
    0.000000    0.000000    0.921667    4.424000   2.6832042114E-002
    0.000000    0.000000    0.924000    4.426333   2.6974073917E-002
    0.000000    0.000000    0.926333    4.428667   2.7116627777E-002
    0.000000    0.000000    0.928667    4.431000   2.7259706559E-002
    0.000000    0.000000    0.931000    4.433333   2.7403313128E-002
    0.000000    0.000000    0.933333    4.435667   2.7547450350E-002
    0.000000    0.000000    0.935667    4.438000   2.7692121095E-002
    0.000000    0.000000    0.938000    4.440333   2.7837328231E-002
    0.000000    0.000000    0.940333    4.442667   2.7983074631E-002
    0.000000    0.000000    0.942667    4.445000   2.8129363167E-002
    0.000000    0.000000    0.945000    4.447333   2.8276196713E-002
    0.000000    0.000000    0.947333    4.449667   2.8423578145E-002
    0.000000    0.000000    0.949667    4.452000   2.8571510341E-002
    0.000000    0.000000    0.952000    4.454333   2.8719996179E-002
    0.000000    0.000000    0.954333    4.456667   2.8869038540E-002
    0.000000    0.000000    0.956667    4.459000   2.9018640305E-002
    0.000000    0.000000    0.959000    4.461333   2.9168804358E-002
    0.000000    0.000000    0.961333    4.463667   2.9319533583E-002
    0.000000    0.000000    0.963667    4.466000   2.9470830867E-002
    0.000000    0.000000    0.966000    4.468333   2.9622699097E-002
    0.000000    0.000000    0.968333    4.470667   2.9775141163E-002
    0.000000    0.000000    0.970667    4.473000   2.9928159957E-002
    0.000000    0.000000    0.973000    4.475333   3.0081758370E-002
    0.000000    0.000000    0.975333    4.477667   3.0235939296E-002
    0.000000    0.000000    0.977667    4.480000   3.0390705633E-002
    0.000000    0.000000    0.980000    4.482333   3.0546060276E-002
    0.000000    0.000000    0.982333    4.484667   3.0702006125E-002
    0.000000    0.000000    0.984667    4.487000   3.0858546080E-002
    0.000000    0.000000    0.987000    4.489333   3.1015683045E-002
    0.000000    0.000000    0.989333    4.491667   3.1173419922E-002
    0.000000    0.000000    0.991667    4.494000   3.1331759619E-002
    0.000000    0.000000    0.994000    4.496333   3.1490705041E-002
    0.000000    0.000000    0.996333    4.498667   3.1650259100E-002
    0.000000    0.000000    0.998667    4.501000   3.1810424705E-002
    0.000000    0.000000    1.001000    4.503333   3.1971204770E-002
    0.000000    0.000000    1.003333    4.505667   3.2132602210E-002
    0.000000    0.000000    1.005667    4.508000   3.2294619941E-002
    0.000000    0.000000    1.008000    4.510333   3.2457260883E-002
    0.000000    0.000000    1.010333    4.512667   3.2620527955E-002
    0.000000    0.000000    1.012667    4.515000   3.2784424081E-002
    0.000000    0.000000    1.015000    4.517333   3.2948952185E-002
    0.000000    0.000000    1.017333    4.519667   3.3114115194E-002
    0.000000    0.000000    1.019667    4.522000   3.3279916038E-002
    0.000000    0.000000    1.022000    4.524333   3.3446357646E-002
    0.000000    0.000000    1.024333    4.526667   3.3613442954E-002
    0.000000    0.000000    1.026667    4.529000   3.3781174895E-002
    0.000000    0.000000    1.029000    4.531333   3.3949556409E-002
    0.000000    0.000000    1.031333    4.533667   3.4118590436E-002
    0.000000    0.000000    1.033667    4.536000   3.4288279918E-002
    0.000000    0.000000    1.036000    4.538333   3.4458627802E-002
    0.000000    0.000000    1.038333    4.540667   3.4629637034E-002
    0.000000    0.000000    1.040667    4.543000   3.4801310565E-002
    0.000000    0.000000    1.043000    4.545333   3.4973651349E-002
    0.000000    0.000000    1.045333    4.547667   3.5146662341E-002
    0.000000    0.000000    1.047667    4.550000   3.5320346501E-002
    0.000000    0.000000    1.050000    4.552333   3.5494706790E-002
    0.000000    0.000000    1.052333    4.554667   3.5669746173E-002
    0.000000    0.000000    1.054667    4.557000   3.5845467616E-002
    0.000000    0.000000    1.057000    4.559333   3.6021874092E-002
    0.000000    0.000000    1.059333    4.561667   3.6198968575E-002
    0.000000    0.000000    1.061667    4.564000   3.6376754041E-002
    0.000000    0.000000    1.064000    4.566333   3.6555233471E-002
    0.000000    0.000000    1.066333    4.568667   3.6734409849E-002
    0.000000    0.000000    1.068667    4.571000   3.6914286164E-002
    0.000000    0.000000    1.071000    4.573333   3.7094865406E-002
    0.000000    0.000000    1.073333    4.575667   3.7276150572E-002
    0.000000    0.000000    1.075667    4.578000   3.7458144658E-002
    0.000000    0.000000    1.078000    4.580333   3.7640850670E-002
    0.000000    0.000000    1.080333    4.582667   3.7824271614E-002
    0.000000    0.000000    1.082667    4.585000   3.8008410500E-002
    0.000000    0.000000    1.085000    4.587333   3.8193270345E-002
    0.000000    0.000000    1.087333    4.589667   3.8378854169E-002
    0.000000    0.000000    1.089667    4.592000   3.8565164995E-002
    0.000000    0.000000    1.092000    4.594333   3.8752205854E-002
    0.000000    0.000000    1.094333    4.596667   3.8939979778E-002
    0.000000    0.000000    1.096667    4.599000   3.9128489808E-002
    0.000000    0.000000    1.099000    4.601333   3.9317738986E-002
    0.000000    0.000000    1.101333    4.603667   3.9507730362E-002
    0.000000    0.000000    1.103667    4.606000   3.9698466990E-002
    0.000000    0.000000    1.106000    4.608333   3.9889951930E-002
    0.000000    0.000000    1.108333    4.610667   4.0082188248E-002
    0.000000    0.000000    1.110667    4.613000   4.0275179014E-002
    0.000000    0.000000    1.113000    4.615333   4.0468927307E-002
    0.000000    0.000000    1.115333    4.617667   4.0663436208E-002
    0.000000    0.000000    1.117667    4.620000   4.0858708808E-002
    0.000000    0.000000    1.120000    4.622333   4.1054748202E-002
    0.000000    0.000000    1.122333    4.624667   4.1251557494E-002
    0.000000    0.000000    1.124667    4.627000   4.1449139791E-002
    0.000000    0.000000    1.127000    4.629333   4.1647498211E-002
    0.000000    0.000000    1.129333    4.631667   4.1846635877E-002
    0.000000    0.000000    1.131667    4.634000   4.2046555919E-002
    0.000000    0.000000    1.134000    4.636333   4.2247261475E-002
    0.000000    0.000000    1.136333    4.638667   4.2448755692E-002
    0.000000    0.000000    1.138667    4.641000   4.2651041723E-002
    0.000000    0.000000    1.141000    4.643333   4.2854122729E-002
    0.000000    0.000000    1.143333    4.645667   4.3058001881E-002
    0.000000    0.000000    1.145667    4.648000   4.3262682358E-002
    0.000000    0.000000    1.148000    4.650333   4.3468167346E-002
    0.000000    0.000000    1.150333    4.652667   4.3674460042E-002
    0.000000    0.000000    1.152667    4.655000   4.3881563652E-002
    0.000000    0.000000    1.155000    4.657333   4.4089481390E-002
    0.000000    0.000000    1.157333    4.659667   4.4298216481E-002
    0.000000    0.000000    1.159667    4.662000   4.4507772160E-002
    0.000000    0.000000    1.162000    4.664333   4.4718151670E-002
    0.000000    0.000000    1.164333    4.666667   4.4929358267E-002
    0.000000    0.000000    1.166667    4.669000   4.5141395217E-002
    0.000000    0.000000    1.169000    4.671333   4.5354265795E-002
    0.000000    0.000000    1.171333    4.673667   4.5567973289E-002
    0.000000    0.000000    1.173667    4.676000   4.5782520999E-002
    0.000000    0.000000    1.176000    4.678333   4.5997912235E-002
    0.000000    0.000000    1.178333    4.680667   4.6214150320E-002
    0.000000    0.000000    1.180667    4.683000   4.6431238588E-002
    0.000000    0.000000    1.183000    4.685333   4.6649180388E-002
    0.000000    0.000000    1.185333    4.687667   4.6867979078E-002
    0.000000    0.000000    1.187667    4.690000   4.7087638034E-002
    0.000000    0.000000    1.190000    4.692333   4.7308160641E-002
    0.000000    0.000000    1.192333    4.694667   4.7529550301E-002
    0.000000    0.000000    1.194667    4.697000   4.7751810427E-002
    0.000000    0.000000    1.197000    4.699333   4.7974944449E-002
    0.000000    0.000000    1.199333    4.701667   4.8198955811E-002
    0.000000    0.000000    1.201667    4.704000   4.8423847970E-002
    0.000000    0.000000    1.204000    4.706333   4.8649624402E-002
    0.000000    0.000000    1.206333    4.708667   4.8876288596E-002
    0.000000    0.000000    1.208667    4.711000   4.9103844058E-002
    0.000000    0.000000    1.211000    4.713333   4.9332294310E-002
    0.000000    0.000000    1.213333    4.715667   4.9561642890E-002
    0.000000    0.000000    1.215667    4.718000   4.9791893355E-002
    0.000000    0.000000    1.218000    4.720333   5.0023049278E-002
    0.000000    0.000000    1.220333    4.722667   5.0255114250E-002
    0.000000    0.000000    1.222667    4.725000   5.0488091881E-002
    0.000000    0.000000    1.225000    4.727333   5.0721985799E-002
    0.000000    0.000000    1.227333    4.729667   5.0956799650E-002
    0.000000    0.000000    1.229667    4.732000   5.1192537101E-002
    0.000000    0.000000    1.232000    4.734333   5.1429201838E-002
    0.000000    0.000000    1.234333    4.736667   5.1666797566E-002
    0.000000    0.000000    1.236667    4.739000   5.1905328013E-002
    0.000000    0.000000    1.239000    4.741333   5.2144796927E-002
    0.000000    0.000000    1.241333    4.743667   5.2385208075E-002
    0.000000    0.000000    1.243667    4.746000   5.2626565250E-002
    0.000000    0.000000    1.246000    4.748333   5.2868872263E-002
    0.000000    0.000000    1.248333    4.750667   5.3112132951E-002
    0.000000    0.000000    1.250667    4.753000   5.3356351172E-002
    0.000000    0.000000    1.253000    4.755333   5.3601530808E-002
    0.000000    0.000000    1.255333    4.757667   5.3847675765E-002
    0.000000    0.000000    1.257667    4.760000   5.4094789975E-002
    0.000000    0.000000    1.260000    4.762333   5.4342877391E-002
    0.000000    0.000000    1.262333    4.764667   5.4591941996E-002
    0.000000    0.000000    1.264667    4.767000   5.4841987795E-002
    0.000000    0.000000    1.267000    4.769333   5.5093018820E-002
    0.000000    0.000000    1.269333    4.771667   5.5345039133E-002
    0.000000    0.000000    1.271667    4.774000   5.5598052818E-002
    0.000000    0.000000    1.274000    4.776333   5.5852063990E-002
    0.000000    0.000000    1.276333    4.778667   5.6107076791E-002
    0.000000    0.000000    1.278667    4.781000   5.6363095394E-002
    0.000000    0.000000    1.281000    4.783333   5.6620123996E-002
    0.000000    0.000000    1.283333    4.785667   5.6878166830E-002
    0.000000    0.000000    1.285667    4.788000   5.7137228154E-002
    0.000000    0.000000    1.288000    4.790333   5.7397312258E-002
    0.000000    0.000000    1.290333    4.792667   5.7658423466E-002
    0.000000    0.000000    1.292667    4.795000   5.7920566129E-002
    0.000000    0.000000    1.295000    4.797333   5.8183744634E-002
    0.000000    0.000000    1.297333    4.799667   5.8447963399E-002
    0.000000    0.000000    1.299667    4.802000   5.8713226876E-002
    0.000000    0.000000    1.302000    4.804333   5.8979539549E-002
    0.000000    0.000000    1.304333    4.806667   5.9246905938E-002
    0.000000    0.000000    1.306667    4.809000   5.9515330598E-002
    0.000000    0.000000    1.309000    4.811333   5.9784818118E-002
    0.000000    0.000000    1.311333    4.813667   6.0055373124E-002
    0.000000    0.000000    1.313667    4.816000   6.0327000278E-002
    0.000000    0.000000    1.316000    4.818333   6.0599704278E-002
    0.000000    0.000000    1.318333    4.820667   6.0873489863E-002
    0.000000    0.000000    1.320667    4.823000   6.1148361806E-002
    0.000000    0.000000    1.323000    4.825333   6.1424324921E-002
    0.000000    0.000000    1.325333    4.827667   6.1701384060E-002
    0.000000    0.000000    1.327667    4.830000   6.1979544115E-002
    0.000000    0.000000    1.330000    4.832333   6.2258810020E-002
    0.000000    0.000000    1.332333    4.834667   6.2539186748E-002
    0.000000    0.000000    1.334667    4.837000   6.2820679314E-002
    0.000000    0.000000    1.337000    4.839333   6.3103292774E-002
    0.000000    0.000000    1.339333    4.841667   6.3387032229E-002
    0.000000    0.000000    1.341667    4.844000   6.3671902821E-002
    0.000000    0.000000    1.344000    4.846333   6.3957909737E-002
    0.000000    0.000000    1.346333    4.848667   6.4245058207E-002
    0.000000    0.000000    1.348667    4.851000   6.4533353507E-002
    0.000000    0.000000    1.351000    4.853333   6.4822800958E-002
    0.000000    0.000000    1.353333    4.855667   6.5113405927E-002
    0.000000    0.000000    1.355667    4.858000   6.5405173828E-002
    0.000000    0.000000    1.358000    4.860333   6.5698110121E-002
    0.000000    0.000000    1.360333    4.862667   6.5992220315E-002
    0.000000    0.000000    1.362667    4.865000   6.6287509967E-002
    0.000000    0.000000    1.365000    4.867333   6.6583984682E-002
    0.000000    0.000000    1.367333    4.869667   6.6881650116E-002
    0.000000    0.000000    1.369667    4.872000   6.7180511973E-002
    0.000000    0.000000    1.372000    4.874333   6.7480576008E-002
    0.000000    0.000000    1.374333    4.876667   6.7781848029E-002
    0.000000    0.000000    1.376667    4.879000   6.8084333893E-002
    0.000000    0.000000    1.379000    4.881333   6.8388039512E-002
    0.000000    0.000000    1.381333    4.883667   6.8692970849E-002
    0.000000    0.000000    1.383667    4.886000   6.8999133919E-002
    0.000000    0.000000    1.386000    4.888333   6.9306534794E-002
    0.000000    0.000000    1.388333    4.890667   6.9615179599E-002
    0.000000    0.000000    1.390667    4.893000   6.9925074514E-002
    0.000000    0.000000    1.393000    4.895333   7.0236225773E-002
    0.000000    0.000000    1.395333    4.897667   7.0548639669E-002
    0.000000    0.000000    1.397667    4.900000   7.0862322549E-002
    0.000000    0.000000    1.400000    4.902333   7.1177280819E-002
    0.000000    0.000000    1.402333    4.904667   7.1493520941E-002
    0.000000    0.000000    1.404667    4.907000   7.1811049437E-002
    0.000000    0.000000    1.407000    4.909333   7.2129872885E-002
    0.000000    0.000000    1.409333    4.911667   7.2449997925E-002
    0.000000    0.000000    1.411667    4.914000   7.2771431255E-002
    0.000000    0.000000    1.414000    4.916333   7.3094179633E-002
    0.000000    0.000000    1.416333    4.918667   7.3418249878E-002
    0.000000    0.000000    1.418667    4.921000   7.3743648870E-002
    0.000000    0.000000    1.421000    4.923333   7.4070383551E-002
    0.000000    0.000000    1.423333    4.925667   7.4398460926E-002
    0.000000    0.000000    1.425667    4.928000   7.4727888059E-002
    0.000000    0.000000    1.428000    4.930333   7.5058672080E-002
    0.000000    0.000000    1.430333    4.932667   7.5390820181E-002
    0.000000    0.000000    1.432667    4.935000   7.5724339619E-002
    0.000000    0.000000    1.435000    4.937333   7.6059237714E-002
    0.000000    0.000000    1.437333    4.939667   7.6395521850E-002
    0.000000    0.000000    1.439667    4.942000   7.6733199479E-002
    0.000000    0.000000    1.442000    4.944333   7.7072278115E-002
    0.000000    0.000000    1.444333    4.946667   7.7412765338E-002
    0.000000    0.000000    1.446667    4.949000   7.7754668797E-002
    0.000000    0.000000    1.449000    4.951333   7.8097996205E-002
    0.000000    0.000000    1.451333    4.953667   7.8442755341E-002
    0.000000    0.000000    1.453667    4.956000   7.8788954055E-002
    0.000000    0.000000    1.456000    4.958333   7.9136600259E-002
    0.000000    0.000000    1.458333    4.960667   7.9485701938E-002
    0.000000    0.000000    1.460667    4.963000   7.9836267141E-002
    0.000000    0.000000    1.463000    4.965333   8.0188303987E-002
    0.000000    0.000000    1.465333    4.967667   8.0541820663E-002
    0.000000    0.000000    1.467667    4.970000   8.0896825426E-002
    0.000000    0.000000    1.470000    4.972333   8.1253326601E-002
    0.000000    0.000000    1.472333    4.974667   8.1611332581E-002
    0.000000    0.000000    1.474667    4.977000   8.1970851830E-002
    0.000000    0.000000    1.477000    4.979333   8.2331892881E-002
    0.000000    0.000000    1.479333    4.981667   8.2694464338E-002
    0.000000    0.000000    1.481667    4.984000   8.3058574872E-002
    0.000000    0.000000    1.484000    4.986333   8.3424233226E-002
    0.000000    0.000000    1.486333    4.988667   8.3791448212E-002
    0.000000    0.000000    1.488667    4.991000   8.4160228714E-002
    0.000000    0.000000    1.491000    4.993333   8.4530583683E-002
    0.000000    0.000000    1.493333    4.995667   8.4902522144E-002
    0.000000    0.000000    1.495667    4.998000   8.5276053189E-002
    0.000000    0.000000    1.498000    5.000333   8.5651185981E-002
    0.000000    0.000000    1.500333    5.002667   8.6027929756E-002
    0.000000    0.000000    1.502667    5.005000   8.6406293815E-002
    0.000000    0.000000    1.505000    5.007333   8.6786287535E-002
    0.000000    0.000000    1.507333    5.009667   8.7167920357E-002
    0.000000    0.000000    1.509667    5.012000   8.7551201797E-002
    0.000000    0.000000    1.512000    5.014333   8.7936141438E-002
    0.000000    0.000000    1.514333    5.016667   8.8322748934E-002
    0.000000    0.000000    1.516667    5.019000   8.8711034006E-002
    0.000000    0.000000    1.519000    5.021333   8.9101006448E-002
    0.000000    0.000000    1.521333    5.023667   8.9492676120E-002
    0.000000    0.000000    1.523667    5.026000   8.9886052951E-002
    0.000000    0.000000    1.526000    5.028333   9.0281146940E-002
    0.000000    0.000000    1.528333    5.030667   9.0677968152E-002
    0.000000    0.000000    1.530667    5.033000   9.1076526723E-002
    0.000000    0.000000    1.533000    5.035333   9.1476832852E-002
    0.000000    0.000000    1.535333    5.037667   9.1878896809E-002
    0.000000    0.000000    1.537667    5.040000   9.2282728928E-002
    0.000000    0.000000    1.540000    5.042333   9.2688339611E-002
    0.000000    0.000000    1.542333    5.044667   9.3095739324E-002
    0.000000    0.000000    1.544667    5.047000   9.3504938598E-002
    0.000000    0.000000    1.547000    5.049333   9.3915948032E-002
    0.000000    0.000000    1.549333    5.051667   9.4328778284E-002
    0.000000    0.000000    1.551667    5.054000   9.4743440078E-002
    0.000000    0.000000    1.554000    5.056333   9.5159944202E-002
    0.000000    0.000000    1.556333    5.058667   9.5578301504E-002
    0.000000    0.000000    1.558667    5.061000   9.5998522894E-002
    0.000000    0.000000    1.561000    5.063333   9.6420619342E-002
    0.000000    0.000000    1.563333    5.065667   9.6844601880E-002
    0.000000    0.000000    1.565667    5.068000   9.7270481598E-002
    0.000000    0.000000    1.568000    5.070333   9.7698269643E-002
    0.000000    0.000000    1.570333    5.072667   9.8127977221E-002
    0.000000    0.000000    1.572667    5.075000   9.8559615594E-002
    0.000000    0.000000    1.575000    5.077333   9.8993196079E-002
    0.000000    0.000000    1.577333    5.079667   9.9428730049E-002
    0.000000    0.000000    1.579667    5.082000   9.9866228929E-002
    0.000000    0.000000    1.582000    5.084333   1.0030570420E-001
    0.000000    0.000000    1.584333    5.086667   1.0074716739E-001
    0.000000    0.000000    1.586667    5.089000   1.0119063007E-001
    0.000000    0.000000    1.589000    5.091333   1.0163610389E-001
    0.000000    0.000000    1.591333    5.093667   1.0208360050E-001
    0.000000    0.000000    1.593667    5.096000   1.0253313165E-001
    0.000000    0.000000    1.596000    5.098333   1.0298470910E-001
    0.000000    0.000000    1.598333    5.100667   1.0343834466E-001
    0.000000    0.000000    1.600667    5.103000   1.0389405020E-001
    0.000000    0.000000    1.603000    5.105333   1.0435183760E-001
    0.000000    0.000000    1.605333    5.107667   1.0481171881E-001
    0.000000    0.000000    1.607667    5.110000   1.0527370581E-001
    0.000000    0.000000    1.610000    5.112333   1.0573781060E-001
    0.000000    0.000000    1.612333    5.114667   1.0620404525E-001
    0.000000    0.000000    1.614667    5.117000   1.0667242183E-001
    0.000000    0.000000    1.617000    5.119333   1.0714295246E-001
    0.000000    0.000000    1.619333    5.121667   1.0761564930E-001
    0.000000    0.000000    1.621667    5.124000   1.0809052451E-001
    0.000000    0.000000    1.624000    5.126333   1.0856759031E-001
    0.000000    0.000000    1.626333    5.128667   1.0904685892E-001
    0.000000    0.000000    1.628667    5.131000   1.0952834260E-001
    0.000000    0.000000    1.631000    5.133333   1.1001205362E-001
    0.000000    0.000000    1.633333    5.135667   1.1049800429E-001
    0.000000    0.000000    1.635667    5.138000   1.1098620692E-001
    0.000000    0.000000    1.638000    5.140333   1.1147667384E-001
    0.000000    0.000000    1.640333    5.142667   1.1196941740E-001
    0.000000    0.000000    1.642667    5.145000   1.1246444996E-001
    0.000000    0.000000    1.645000    5.147333   1.1296178390E-001
    0.000000    0.000000    1.647333    5.149667   1.1346143158E-001
    0.000000    0.000000    1.649667    5.152000   1.1396340539E-001
    0.000000    0.000000    1.652000    5.154333   1.1446771774E-001
    0.000000    0.000000    1.654333    5.156667   1.1497438100E-001
    0.000000    0.000000    1.656667    5.159000   1.1548340757E-001
    0.000000    0.000000    1.659000    5.161333   1.1599480984E-001
    0.000000    0.000000    1.661333    5.163667   1.1650860019E-001
    0.000000    0.000000    1.663667    5.166000   1.1702479101E-001
    0.000000    0.000000    1.666000    5.168333   1.1754339466E-001
    0.000000    0.000000    1.668333    5.170667   1.1806442350E-001
    0.000000    0.000000    1.670667    5.173000   1.1858788988E-001
    0.000000    0.000000    1.673000    5.175333   1.1911380612E-001
    0.000000    0.000000    1.675333    5.177667   1.1964218453E-001
    0.000000    0.000000    1.677667    5.180000   1.2017303741E-001
    0.000000    0.000000    1.680000    5.182333   1.2070637701E-001
    0.000000    0.000000    1.682333    5.184667   1.2124221558E-001
    0.000000    0.000000    1.684667    5.187000   1.2178056533E-001
    0.000000    0.000000    1.687000    5.189333   1.2232143843E-001
    0.000000    0.000000    1.689333    5.191667   1.2286484703E-001
    0.000000    0.000000    1.691667    5.194000   1.2341080324E-001
    0.000000    0.000000    1.694000    5.196333   1.2395931913E-001
    0.000000    0.000000    1.696333    5.198667   1.2451040674E-001
    0.000000    0.000000    1.698667    5.201000   1.2506407804E-001
    0.000000    0.000000    1.701000    5.203333   1.2562034498E-001
    0.000000    0.000000    1.703333    5.205667   1.2617921945E-001
    0.000000    0.000000    1.705667    5.208000   1.2674071329E-001
    0.000000    0.000000    1.708000    5.210333   1.2730483827E-001
    0.000000    0.000000    1.710333    5.212667   1.2787160614E-001
    0.000000    0.000000    1.712667    5.215000   1.2844102855E-001
    0.000000    0.000000    1.715000    5.217333   1.2901311711E-001
    0.000000    0.000000    1.717333    5.219667   1.2958788337E-001
    0.000000    0.000000    1.719667    5.222000   1.3016533879E-001
    0.000000    0.000000    1.722000    5.224333   1.3074549479E-001
    0.000000    0.000000    1.724333    5.226667   1.3132836269E-001
    0.000000    0.000000    1.726667    5.229000   1.3191395375E-001
    0.000000    0.000000    1.729000    5.231333   1.3250227914E-001
    0.000000    0.000000    1.731333    5.233667   1.3309334998E-001
    0.000000    0.000000    1.733667    5.236000   1.3368717727E-001
    0.000000    0.000000    1.736000    5.238333   1.3428377195E-001
    0.000000    0.000000    1.738333    5.240667   1.3488314486E-001
    0.000000    0.000000    1.740667    5.243000   1.3548530676E-001
    0.000000    0.000000    1.743000    5.245333   1.3609026831E-001
    0.000000    0.000000    1.745333    5.247667   1.3669804008E-001
    0.000000    0.000000    1.747667    5.250000   1.3730863253E-001
    0.000000    0.000000    1.750000    5.252333   1.3792205605E-001
    0.000000    0.000000    1.752333    5.254667   1.3853832091E-001
    0.000000    0.000000    1.754667    5.257000   1.3915743728E-001
    0.000000    0.000000    1.757000    5.259333   1.3977941522E-001
    0.000000    0.000000    1.759333    5.261667   1.4040426469E-001
    0.000000    0.000000    1.761667    5.264000   1.4103199554E-001
    0.000000    0.000000    1.764000    5.266333   1.4166261752E-001
    0.000000    0.000000    1.766333    5.268667   1.4229614024E-001
    0.000000    0.000000    1.768667    5.271000   1.4293257322E-001
    0.000000    0.000000    1.771000    5.273333   1.4357192587E-001
    0.000000    0.000000    1.773333    5.275667   1.4421420746E-001
    0.000000    0.000000    1.775667    5.278000   1.4485942716E-001
    0.000000    0.000000    1.778000    5.280333   1.4550759401E-001
    0.000000    0.000000    1.780333    5.282667   1.4615871694E-001
    0.000000    0.000000    1.782667    5.285000   1.4681280476E-001
    0.000000    0.000000    1.785000    5.287333   1.4746986614E-001
    0.000000    0.000000    1.787333    5.289667   1.4812990965E-001
    0.000000    0.000000    1.789667    5.292000   1.4879294372E-001
    0.000000    0.000000    1.792000    5.294333   1.4945897668E-001
    0.000000    0.000000    1.794333    5.296667   1.5012801670E-001
    0.000000    0.000000    1.796667    5.299000   1.5080007185E-001
    0.000000    0.000000    1.799000    5.301333   1.5147515008E-001
    0.000000    0.000000    1.801333    5.303667   1.5215325920E-001
    0.000000    0.000000    1.803667    5.306000   1.5283440691E-001
    0.000000    0.000000    1.806000    5.308333   1.5351860079E-001
    0.000000    0.000000    1.808333    5.310667   1.5420584828E-001
    0.000000    0.000000    1.810667    5.313000   1.5489615671E-001
    0.000000    0.000000    1.813000    5.315333   1.5558953329E-001
    0.000000    0.000000    1.815333    5.317667   1.5628598512E-001
    0.000000    0.000000    1.817667    5.320000   1.5698551917E-001
    0.000000    0.000000    1.820000    5.322333   1.5768814230E-001
    0.000000    0.000000    1.822333    5.324667   1.5839386125E-001
    0.000000    0.000000    1.824667    5.327000   1.5910268267E-001
    0.000000    0.000000    1.827000    5.329333   1.5981461308E-001
    0.000000    0.000000    1.829333    5.331667   1.6052965890E-001
    0.000000    0.000000    1.831667    5.334000   1.6124782646E-001
    0.000000    0.000000    1.834000    5.336333   1.6196912197E-001
    0.000000    0.000000    1.836333    5.338667   1.6269355156E-001
    0.000000    0.000000    1.838667    5.341000   1.6342112126E-001
    0.000000    0.000000    1.841000    5.343333   1.6415183702E-001
    0.000000    0.000000    1.843333    5.345667   1.6488570469E-001
    0.000000    0.000000    1.845667    5.348000   1.6562273006E-001
    0.000000    0.000000    1.848000    5.350333   1.6636291885E-001
    0.000000    0.000000    1.850333    5.352667   1.6710627668E-001
    0.000000    0.000000    1.852667    5.355000   1.6785280913E-001
    0.000000    0.000000    1.855000    5.357333   1.6860252172E-001
    0.000000    0.000000    1.857333    5.359667   1.6935541992E-001
    0.000000    0.000000    1.859667    5.362000   1.7011150915E-001
    0.000000    0.000000    1.862000    5.364333   1.7087079480E-001
    0.000000    0.000000    1.864333    5.366667   1.7163328222E-001
    0.000000    0.000000    1.866667    5.369000   1.7239897673E-001
    0.000000    0.000000    1.869000    5.371333   1.7316788366E-001
    0.000000    0.000000    1.871333    5.373667   1.7394000830E-001
    0.000000    0.000000    1.873667    5.376000   1.7471535597E-001
    0.000000    0.000000    1.876000    5.378333   1.7549393199E-001
    0.000000    0.000000    1.878333    5.380667   1.7627574168E-001
    0.000000    0.000000    1.880667    5.383000   1.7706079043E-001
    0.000000    0.000000    1.883000    5.385333   1.7784908362E-001
    0.000000    0.000000    1.885333    5.387667   1.7864062671E-001
    0.000000    0.000000    1.887667    5.390000   1.7943542522E-001
    0.000000    0.000000    1.890000    5.392333   1.8023348472E-001
    0.000000    0.000000    1.892333    5.394667   1.8103481088E-001
    0.000000    0.000000    1.894667    5.397000   1.8183940946E-001
    0.000000    0.000000    1.897000    5.399333   1.8264728632E-001
    0.000000    0.000000    1.899333    5.401667   1.8345844743E-001
    0.000000    0.000000    1.901667    5.404000   1.8427289892E-001
    0.000000    0.000000    1.904000    5.406333   1.8509064702E-001
    0.000000    0.000000    1.906333    5.408667   1.8591169817E-001
    0.000000    0.000000    1.908667    5.411000   1.8673605892E-001
    0.000000    0.000000    1.911000    5.413333   1.8756373606E-001
    0.000000    0.000000    1.913333    5.415667   1.8839473654E-001
    0.000000    0.000000    1.915667    5.418000   1.8922906755E-001
    0.000000    0.000000    1.918000    5.420333   1.9006673650E-001
    0.000000    0.000000    1.920333    5.422667   1.9090775103E-001
    0.000000    0.000000    1.922667    5.425000   1.9175211907E-001
    0.000000    0.000000    1.925000    5.427333   1.9259984879E-001
    0.000000    0.000000    1.927333    5.429667   1.9345094869E-001
    0.000000    0.000000    1.929667    5.432000   1.9430542754E-001
    0.000000    0.000000    1.932000    5.434333   1.9516329446E-001
    0.000000    0.000000    1.934333    5.436667   1.9602455891E-001
    0.000000    0.000000    1.936667    5.439000   1.9688923071E-001
    0.000000    0.000000    1.939000    5.441333   1.9775732003E-001
    0.000000    0.000000    1.941333    5.443667   1.9862883748E-001
    0.000000    0.000000    1.943667    5.446000   1.9950379405E-001
    0.000000    0.000000    1.946000    5.448333   2.0038220115E-001
    0.000000    0.000000    1.948333    5.450667   2.0126407068E-001
    0.000000    0.000000    1.950667    5.453000   2.0214941495E-001
    0.000000    0.000000    1.953000    5.455333   2.0303824680E-001
    0.000000    0.000000    1.955333    5.457667   2.0393057956E-001
    0.000000    0.000000    1.957667    5.460000   2.0482642705E-001
    0.000000    0.000000    1.960000    5.462333   2.0572580366E-001
    0.000000    0.000000    1.962333    5.464667   2.0662872434E-001
    0.000000    0.000000    1.964667    5.467000   2.0753520458E-001
    0.000000    0.000000    1.967000    5.469333   2.0844526049E-001
    0.000000    0.000000    1.969333    5.471667   2.0935890878E-001
    0.000000    0.000000    1.971667    5.474000   2.1027616679E-001
    0.000000    0.000000    1.974000    5.476333   2.1119705250E-001
    0.000000    0.000000    1.976333    5.478667   2.1212158455E-001
    0.000000    0.000000    1.978667    5.481000   2.1304978228E-001
    0.000000    0.000000    1.981000    5.483333   2.1398166569E-001
    0.000000    0.000000    1.983333    5.485667   2.1491725553E-001
    0.000000    0.000000    1.985667    5.488000   2.1585657324E-001
    0.000000    0.000000    1.988000    5.490333   2.1679964103E-001
    0.000000    0.000000    1.990333    5.492667   2.1774648186E-001
    0.000000    0.000000    1.992667    5.495000   2.1869711946E-001
    0.000000    0.000000    1.995000    5.497333   2.1965157835E-001
    0.000000    0.000000    1.997333    5.499667   2.2060988385E-001
    0.000000    0.000000    1.999667    5.502000   2.2157206209E-001
    0.000000    0.000000    2.002000    5.504333   2.2253814003E-001
    0.000000    0.000000    2.004333    5.506667   2.2350814545E-001
    0.000000    0.000000    2.006667    5.509000   2.2448210701E-001
    0.000000    0.000000    2.009000    5.511333   2.2546005419E-001
    0.000000    0.000000    2.011333    5.513667   2.2644201735E-001
    0.000000    0.000000    2.013667    5.516000   2.2742802771E-001
    0.000000    0.000000    2.016000    5.518333   2.2841811740E-001
    0.000000    0.000000    2.018333    5.520667   2.2941231940E-001
    0.000000    0.000000    2.020667    5.523000   2.3041066760E-001
    0.000000    0.000000    2.023000    5.525333   2.3141319676E-001
    0.000000    0.000000    2.025333    5.527667   2.3241994257E-001
    0.000000    0.000000    2.027667    5.530000   2.3343094157E-001
    0.000000    0.000000    2.030000    5.532333   2.3444623122E-001
    0.000000    0.000000    2.032333    5.534667   2.3546584988E-001
    0.000000    0.000000    2.034667    5.537000   2.3648983678E-001
    0.000000    0.000000    2.037000    5.539333   2.3751823203E-001
    0.000000    0.000000    2.039333    5.541667   2.3855107664E-001
    0.000000    0.000000    2.041667    5.544000   2.3958841247E-001
    0.000000    0.000000    2.044000    5.546333   2.4063028223E-001
    0.000000    0.000000    2.046333    5.548667   2.4167672951E-001
    0.000000    0.000000    2.048667    5.551000   2.4272779868E-001
    0.000000    0.000000    2.051000    5.553333   2.4378353498E-001
    0.000000    0.000000    2.053333    5.555667   2.4484398442E-001
    0.000000    0.000000    2.055667    5.558000   2.4590919378E-001
    0.000000    0.000000    2.058000    5.560333   2.4697921063E-001
    0.000000    0.000000    2.060333    5.562667   2.4805408325E-001
    0.000000    0.000000    2.062667    5.565000   2.4913386063E-001
    0.000000    0.000000    2.065000    5.567333   2.5021859245E-001
    0.000000    0.000000    2.067333    5.569667   2.5130832904E-001
    0.000000    0.000000    2.069667    5.572000   2.5240312133E-001
    0.000000    0.000000    2.072000    5.574333   2.5350302084E-001
    0.000000    0.000000    2.074333    5.576667   2.5460807965E-001
    0.000000    0.000000    2.076667    5.579000   2.5571835032E-001
    0.000000    0.000000    2.079000    5.581333   2.5683388589E-001
    0.000000    0.000000    2.081333    5.583667   2.5795473980E-001
    0.000000    0.000000    2.083667    5.586000   2.5908096587E-001
    0.000000    0.000000    2.086000    5.588333   2.6021261823E-001
    0.000000    0.000000    2.088333    5.590667   2.6134975128E-001
    0.000000    0.000000    2.090667    5.593000   2.6249241964E-001
    0.000000    0.000000    2.093000    5.595333   2.6364067806E-001
    0.000000    0.000000    2.095333    5.597667   2.6479458139E-001
    0.000000    0.000000    2.097667    5.600000   2.6595418451E-001
    0.000000    0.000000    2.100000    5.602333   2.6711954226E-001
    0.000000    0.000000    2.102333    5.604667   2.6829070936E-001
    0.000000    0.000000    2.104667    5.607000   2.6946774035E-001
    0.000000    0.000000    2.107000    5.609333   2.7065068953E-001
    0.000000    0.000000    2.109333    5.611667   2.7183961083E-001
    0.000000    0.000000    2.111667    5.614000   2.7303455779E-001
    0.000000    0.000000    2.114000    5.616333   2.7423558345E-001
    0.000000    0.000000    2.116333    5.618667   2.7544274026E-001
    0.000000    0.000000    2.118667    5.621000   2.7665607999E-001
    0.000000    0.000000    2.121000    5.623333   2.7787565364E-001
    0.000000    0.000000    2.123333    5.625667   2.7910151137E-001
    0.000000    0.000000    2.125667    5.628000   2.8033370236E-001
    0.000000    0.000000    2.128000    5.630333   2.8157227473E-001
    0.000000    0.000000    2.130333    5.632667   2.8281727547E-001
    0.000000    0.000000    2.132667    5.635000   2.8406875028E-001
    0.000000    0.000000    2.135000    5.637333   2.8532674349E-001
    0.000000    0.000000    2.137333    5.639667   2.8659129796E-001
    0.000000    0.000000    2.139667    5.642000   2.8786245495E-001
    0.000000    0.000000    2.142000    5.644333   2.8914025402E-001
    0.000000    0.000000    2.144333    5.646667   2.9042473291E-001
    0.000000    0.000000    2.146667    5.649000   2.9171592742E-001
    0.000000    0.000000    2.149000    5.651333   2.9301387129E-001
    0.000000    0.000000    2.151333    5.653667   2.9431859610E-001
    0.000000    0.000000    2.153667    5.656000   2.9563013109E-001
    0.000000    0.000000    2.156000    5.658333   2.9694850314E-001
    0.000000    0.000000    2.158333    5.660667   2.9827373653E-001
    0.000000    0.000000    2.160667    5.663000   2.9960585290E-001
    0.000000    0.000000    2.163000    5.665333   3.0094487110E-001
    0.000000    0.000000    2.165333    5.667667   3.0229080705E-001
    0.000000    0.000000    2.167667    5.670000   3.0364367364E-001
    0.000000    0.000000    2.170000    5.672333   3.0500348059E-001
    0.000000    0.000000    2.172333    5.674667   3.0637023434E-001
    0.000000    0.000000    2.174667    5.677000   3.0774393793E-001
    0.000000    0.000000    2.177000    5.679333   3.0912459086E-001
    0.000000    0.000000    2.179333    5.681667   3.1051218900E-001
    0.000000    0.000000    2.181667    5.684000   3.1190672449E-001
    0.000000    0.000000    2.184000    5.686333   3.1330818560E-001
    0.000000    0.000000    2.186333    5.688667   3.1471655662E-001
    0.000000    0.000000    2.188667    5.691000   3.1613181782E-001
    0.000000    0.000000    2.191000    5.693333   3.1755394531E-001
    0.000000    0.000000    2.193333    5.695667   3.1898291094E-001
    0.000000    0.000000    2.195667    5.698000   3.2041868230E-001
    0.000000    0.000000    2.198000    5.700333   3.2186122259E-001
    0.000000    0.000000    2.200333    5.702667   3.2331049057E-001
    0.000000    0.000000    2.202667    5.705000   3.2476644054E-001
    0.000000    0.000000    2.205000    5.707333   3.2622902231E-001
    0.000000    0.000000    2.207333    5.709667   3.2769818116E-001
    0.000000    0.000000    2.209667    5.712000   3.2917385786E-001
    0.000000    0.000000    2.212000    5.714333   3.3065598871E-001
    0.000000    0.000000    2.214333    5.716667   3.3214450551E-001
    0.000000    0.000000    2.216667    5.719000   3.3363933569E-001
    0.000000    0.000000    2.219000    5.721333   3.3514040238E-001
    0.000000    0.000000    2.221333    5.723667   3.3664762448E-001
    0.000000    0.000000    2.223667    5.726000   3.3816091684E-001
    0.000000    0.000000    2.226000    5.728333   3.3968019040E-001
    0.000000    0.000000    2.228333    5.730667   3.4120535242E-001
    0.000000    0.000000    2.230667    5.733000   3.4273630667E-001
    0.000000    0.000000    2.233000    5.735333   3.4427295374E-001
    0.000000    0.000000    2.235333    5.737667   3.4581519132E-001
    0.000000    0.000000    2.237667    5.740000   3.4736291457E-001
    0.000000    0.000000    2.240000    5.742333   3.4891601651E-001
    0.000000    0.000000    2.242333    5.744667   3.5047438847E-001
    0.000000    0.000000    2.244667    5.747000   3.5203792056E-001
    0.000000    0.000000    2.247000    5.749333   3.5360650223E-001
    0.000000    0.000000    2.249333    5.751667   3.5518002287E-001
    0.000000    0.000000    2.251667    5.754000   3.5675837243E-001
    0.000000    0.000000    2.254000    5.756333   3.5834144217E-001
    0.000000    0.000000    2.256333    5.758667   3.5992912539E-001
    0.000000    0.000000    2.258667    5.761000   3.6152131827E-001
    0.000000    0.000000    2.261000    5.763333   3.6311792075E-001
    0.000000    0.000000    2.263333    5.765667   3.6471883748E-001
    0.000000    0.000000    2.265667    5.768000   3.6632397880E-001
    0.000000    0.000000    2.268000    5.770333   3.6793326183E-001
    0.000000    0.000000    2.270333    5.772667   3.6954661156E-001
    0.000000    0.000000    2.272667    5.775000   3.7116396206E-001
    0.000000    0.000000    2.275000    5.777333   3.7278525764E-001
    0.000000    0.000000    2.277333    5.779667   3.7441045417E-001
    0.000000    0.000000    2.279667    5.782000   3.7603952038E-001
    0.000000    0.000000    2.282000    5.784333   3.7767243919E-001
    0.000000    0.000000    2.284333    5.786667   3.7930920908E-001
    0.000000    0.000000    2.286667    5.789000   3.8094984549E-001
    0.000000    0.000000    2.289000    5.791333   3.8259438222E-001
    0.000000    0.000000    2.291333    5.793667   3.8424287286E-001
    0.000000    0.000000    2.293667    5.796000   3.8589539208E-001
    0.000000    0.000000    2.296000    5.798333   3.8755203711E-001
    0.000000    0.000000    2.298333    5.800667   3.8921292894E-001
    0.000000    0.000000    2.300667    5.803000   3.9087821367E-001
    0.000000    0.000000    2.303000    5.805333   3.9254806362E-001
    0.000000    0.000000    2.305333    5.807667   3.9422267843E-001
    0.000000    0.000000    2.307667    5.810000   3.9590228603E-001
    0.000000    0.000000    2.310000    5.812333   3.9758714347E-001
    0.000000    0.000000    2.312333    5.814667   3.9927753756E-001
    0.000000    0.000000    2.314667    5.817000   4.0097378537E-001
    0.000000    0.000000    2.317000    5.819333   4.0267623451E-001
    0.000000    0.000000    2.319333    5.821667   4.0438526314E-001
    0.000000    0.000000    2.321667    5.824000   4.0610127975E-001
    0.000000    0.000000    2.324000    5.826333   4.0782472268E-001
    0.000000    0.000000    2.326333    5.828667   4.0955605930E-001
    0.000000    0.000000    2.328667    5.831000   4.1129578483E-001
    0.000000    0.000000    2.331000    5.833333   4.1304442086E-001
    0.000000    0.000000    2.333333    5.835667   4.1480251347E-001
    0.000000    0.000000    2.335667    5.838000   4.1657063090E-001
    0.000000    0.000000    2.338000    5.840333   4.1834936088E-001
    0.000000    0.000000    2.340333    5.842667   4.2013930744E-001
    0.000000    0.000000    2.342667    5.845000   4.2194108731E-001
    0.000000    0.000000    2.345000    5.847333   4.2375532588E-001
    0.000000    0.000000    2.347333    5.849667   4.2558265260E-001
    0.000000    0.000000    2.349667    5.852000   4.2742369597E-001
    0.000000    0.000000    2.352000    5.854333   4.2927907807E-001
    0.000000    0.000000    2.354333    5.856667   4.3114940851E-001
    0.000000    0.000000    2.356667    5.859000   4.3303527803E-001
    0.000000    0.000000    2.359000    5.861333   4.3493725159E-001
    0.000000    0.000000    2.361333    5.863667   4.3685586107E-001
    0.000000    0.000000    2.363667    5.866000   4.3879159749E-001
    0.000000    0.000000    2.366000    5.868333   4.4074490296E-001
    0.000000    0.000000    2.368333    5.870667   4.4271616221E-001
    0.000000    0.000000    2.370667    5.873000   4.4470569393E-001
    0.000000    0.000000    2.373000    5.875333   4.4671374177E-001
    0.000000    0.000000    2.375333    5.877667   4.4874046522E-001
    0.000000    0.000000    2.377667    5.880000   4.5078593039E-001
    0.000000    0.000000    2.380000    5.882333   4.5285010072E-001
    0.000000    0.000000    2.382333    5.884667   4.5493282773E-001
    0.000000    0.000000    2.384667    5.887000   4.5703384185E-001
    0.000000    0.000000    2.387000    5.889333   4.5915274352E-001
    0.000000    0.000000    2.389333    5.891667   4.6128899448E-001
    0.000000    0.000000    2.391667    5.894000   4.6344190954E-001
    0.000000    0.000000    2.394000    5.896333   4.6561064871E-001
    0.000000    0.000000    2.396333    5.898667   4.6779420996E-001
    0.000000    0.000000    2.398667    5.901000   4.6999142265E-001
    0.000000    0.000000    2.401000    5.903333   4.7220094170E-001
    0.000000    0.000000    2.403333    5.905667   4.7442124255E-001
    0.000000    0.000000    2.405667    5.908000   4.7665061719E-001
    0.000000    0.000000    2.408000    5.910333   4.7888717110E-001
    0.000000    0.000000    2.410333    5.912667   4.8112882138E-001
    0.000000    0.000000    2.412667    5.915000   4.8337329601E-001
    0.000000    0.000000    2.415000    5.917333   4.8561813446E-001
    0.000000    0.000000    2.417333    5.919667   4.8786068947E-001
    0.000000    0.000000    2.419667    5.922000   4.9009813040E-001
    0.000000    0.000000    2.422000    5.924333   4.9232744780E-001
    0.000000    0.000000    2.424333    5.926667   4.9454545957E-001
    0.000000    0.000000    2.426667    5.929000   4.9674881850E-001
    0.000000    0.000000    2.429000    5.931333   4.9893402131E-001
    0.000000    0.000000    2.431333    5.933667   5.0109741912E-001
    0.000000    0.000000    2.433667    5.936000   5.0323522943E-001
    0.000000    0.000000    2.436000    5.938333   5.0534354935E-001
    0.000000    0.000000    2.438333    5.940667   5.0741837037E-001
    0.000000    0.000000    2.440667    5.943000   5.0945559422E-001
    0.000000    0.000000    2.443000    5.945333   5.1145105007E-001
    0.000000    0.000000    2.445333    5.947667   5.1340051277E-001
    0.000000    0.000000    2.447667    5.950000   5.1529972205E-001
    0.000000    0.000000    2.450000    5.952333   5.1714440270E-001
    0.000000    0.000000    2.452333    5.954667   5.1893028537E-001
    0.000000    0.000000    2.454667    5.957000   5.2065312807E-001
    0.000000    0.000000    2.457000    5.959333   5.2230873803E-001
    0.000000    0.000000    2.459333    5.961667   5.2389299388E-001
    0.000000    0.000000    2.461667    5.964000   5.2540186796E-001
    0.000000    0.000000    2.464000    5.966333   5.2683144852E-001
    0.000000    0.000000    2.466333    5.968667   5.2817796172E-001
    0.000000    0.000000    2.468667    5.971000   5.2943779321E-001
    0.000000    0.000000    2.471000    5.973333   5.3060750907E-001
    0.000000    0.000000    2.473333    5.975667   5.3168387607E-001
    0.000000    0.000000    2.475667    5.978000   5.3266388086E-001
    0.000000    0.000000    2.478000    5.980333   5.3354474819E-001
    0.000000    0.000000    2.480333    5.982667   5.3432395772E-001
    0.000000    0.000000    2.482667    5.985000   5.3499925955E-001
    0.000000    0.000000    2.485000    5.987333   5.3556868810E-001
    0.000000    0.000000    2.487333    5.989667   5.3603057434E-001
    0.000000    0.000000    2.489667    5.992000   5.3638355623E-001
    0.000000    0.000000    2.492000    5.994333   5.3662658734E-001
    0.000000    0.000000    2.494333    5.996667   5.3675894335E-001
    0.000000    0.000000    2.496667    5.999000   5.3678022674E-001
    0.000000    0.000000    2.499000    6.001333   5.3669036922E-001
    0.000000    0.000000    2.501333    6.003667   5.3648963222E-001
    0.000000    0.000000    2.503667    6.006000   5.3617860523E-001
    0.000000    0.000000    2.506000    6.008333   5.3575820204E-001
    0.000000    0.000000    2.508333    6.010667   5.3522965499E-001
    0.000000    0.000000    2.510667    6.013000   5.3459450720E-001
    0.000000    0.000000    2.513000    6.015333   5.3385460293E-001
    0.000000    0.000000    2.515333    6.017667   5.3301207602E-001
    0.000000    0.000000    2.517667    6.020000   5.3206933673E-001
    0.000000    0.000000    2.520000    6.022333   5.3102905683E-001
    0.000000    0.000000    2.522333    6.024667   5.2989415333E-001
    0.000000    0.000000    2.524667    6.027000   5.2866777086E-001
    0.000000    0.000000    2.527000    6.029333   5.2735326277E-001
    0.000000    0.000000    2.529333    6.031667   5.2595417141E-001
    0.000000    0.000000    2.531667    6.034000   5.2447420735E-001
    0.000000    0.000000    2.534000    6.036333   5.2291722810E-001
    0.000000    0.000000    2.536333    6.038667   5.2128721626E-001
    0.000000    0.000000    2.538667    6.041000   5.1958825735E-001
    0.000000    0.000000    2.541000    6.043333   5.1782451756E-001
    0.000000    0.000000    2.543333    6.045667   5.1600022148E-001
    0.000000    0.000000    2.545667    6.048000   5.1411963006E-001
    0.000000    0.000000    2.548000    6.050333   5.1218701901E-001
    0.000000    0.000000    2.550333    6.052667   5.1020665761E-001
    0.000000    0.000000    2.552667    6.055000   5.0818278832E-001
    0.000000    0.000000    2.555000    6.057333   5.0611960713E-001
    0.000000    0.000000    2.557333    6.059667   5.0402124489E-001
    0.000000    0.000000    2.559667    6.062000   5.0189174971E-001
    0.000000    0.000000    2.562000    6.064333   4.9973507050E-001
    0.000000    0.000000    2.564333    6.066667   4.9755504174E-001
    0.000000    0.000000    2.566667    6.069000   4.9535536964E-001
    0.000000    0.000000    2.569000    6.071333   4.9313961956E-001
    0.000000    0.000000    2.571333    6.073667   4.9091120501E-001
    0.000000    0.000000    2.573667    6.076000   4.8867337792E-001
    0.000000    0.000000    2.576000    6.078333   4.8642922054E-001
    0.000000    0.000000    2.578333    6.080667   4.8418163868E-001
    0.000000    0.000000    2.580667    6.083000   4.8193335650E-001
    0.000000    0.000000    2.583000    6.085333   4.7968691263E-001
    0.000000    0.000000    2.585333    6.087667   4.7744465778E-001
    0.000000    0.000000    2.587667    6.090000   4.7520875363E-001
    0.000000    0.000000    2.590000    6.092333   4.7298117302E-001
    0.000000    0.000000    2.592333    6.094667   4.7076370135E-001
    0.000000    0.000000    2.594667    6.097000   4.6855793918E-001
    0.000000    0.000000    2.597000    6.099333   4.6636530582E-001
    0.000000    0.000000    2.599333    6.101667   4.6418704393E-001
    0.000000    0.000000    2.601667    6.104000   4.6202422505E-001
    0.000000    0.000000    2.604000    6.106333   4.5987775584E-001
    0.000000    0.000000    2.606333    6.108667   4.5774838511E-001
    0.000000    0.000000    2.608667    6.111000   4.5563671139E-001
    0.000000    0.000000    2.611000    6.113333   4.5354319105E-001
    0.000000    0.000000    2.613333    6.115667   4.5146814679E-001
    0.000000    0.000000    2.615667    6.118000   4.4941177651E-001
    0.000000    0.000000    2.618000    6.120333   4.4737416237E-001
    0.000000    0.000000    2.620333    6.122667   4.4535528001E-001
    0.000000    0.000000    2.622667    6.125000   4.4335500780E-001
    0.000000    0.000000    2.625000    6.127333   4.4137313615E-001
    0.000000    0.000000    2.627333    6.129667   4.3940937668E-001
    0.000000    0.000000    2.629667    6.132000   4.3746337122E-001
    0.000000    0.000000    2.632000    6.134333   4.3553470069E-001
    0.000000    0.000000    2.634333    6.136667   4.3362289358E-001
    0.000000    0.000000    2.636667    6.139000   4.3172743424E-001
    0.000000    0.000000    2.639000    6.141333   4.2984777077E-001
    0.000000    0.000000    2.641333    6.143667   4.2798332247E-001
    0.000000    0.000000    2.643667    6.146000   4.2613348697E-001
    0.000000    0.000000    2.646000    6.148333   4.2429764683E-001
    0.000000    0.000000    2.648333    6.150667   4.2247517573E-001
    0.000000    0.000000    2.650667    6.153000   4.2066544418E-001
    0.000000    0.000000    2.653000    6.155333   4.1886782472E-001
    0.000000    0.000000    2.655333    6.157667   4.1708169672E-001
    0.000000    0.000000    2.657667    6.160000   4.1530645058E-001
    0.000000    0.000000    2.660000    6.162333   4.1354149160E-001
    0.000000    0.000000    2.662333    6.164667   4.1178624327E-001
    0.000000    0.000000    2.664667    6.167000   4.1004015021E-001
    0.000000    0.000000    2.667000    6.169333   4.0830268057E-001
    0.000000    0.000000    2.669333    6.171667   4.0657332816E-001
    0.000000    0.000000    2.671667    6.174000   4.0485161406E-001
    0.000000    0.000000    2.674000    6.176333   4.0313708793E-001
    0.000000    0.000000    2.676333    6.178667   4.0142932897E-001
    0.000000    0.000000    2.678667    6.181000   3.9972794652E-001
    0.000000    0.000000    2.681000    6.183333   3.9803258046E-001
    0.000000    0.000000    2.683333    6.185667   3.9634290120E-001
    0.000000    0.000000    2.685667    6.188000   3.9465860955E-001
    0.000000    0.000000    2.688000    6.190333   3.9297943633E-001
    0.000000    0.000000    2.690333    6.192667   3.9130514174E-001
    0.000000    0.000000    2.692667    6.195000   3.8963551464E-001
    0.000000    0.000000    2.695000    6.197333   3.8797037160E-001
    0.000000    0.000000    2.697333    6.199667   3.8630955591E-001
    0.000000    0.000000    2.699667    6.202000   3.8465293643E-001
    0.000000    0.000000    2.702000    6.204333   3.8300040632E-001
    0.000000    0.000000    2.704333    6.206667   3.8135188181E-001
    0.000000    0.000000    2.706667    6.209000   3.7970730084E-001
    0.000000    0.000000    2.709000    6.211333   3.7806662167E-001
    0.000000    0.000000    2.711333    6.213667   3.7642982148E-001
    0.000000    0.000000    2.713667    6.216000   3.7479689503E-001
    0.000000    0.000000    2.716000    6.218333   3.7316785317E-001
    0.000000    0.000000    2.718333    6.220667   3.7154272154E-001
    0.000000    0.000000    2.720667    6.223000   3.6992153917E-001
    0.000000    0.000000    2.723000    6.225333   3.6830435717E-001
    0.000000    0.000000    2.725333    6.227667   3.6669123745E-001
    0.000000    0.000000    2.727667    6.230000   3.6508225144E-001
    0.000000    0.000000    2.730000    6.232333   3.6347747896E-001
    0.000000    0.000000    2.732333    6.234667   3.6187700704E-001
    0.000000    0.000000    2.734667    6.237000   3.6028092885E-001
    0.000000    0.000000    2.737000    6.239333   3.5868934264E-001
    0.000000    0.000000    2.739333    6.241667   3.5710235083E-001
    0.000000    0.000000    2.741667    6.244000   3.5552005907E-001
    0.000000    0.000000    2.744000    6.246333   3.5394257537E-001
    0.000000    0.000000    2.746333    6.248667   3.5237000936E-001
    0.000000    0.000000    2.748667    6.251000   3.5080247151E-001
    0.000000    0.000000    2.751000    6.253333   3.4924007251E-001
    0.000000    0.000000    2.753333    6.255667   3.4768292260E-001
    0.000000    0.000000    2.755667    6.258000   3.4613113103E-001
    0.000000    0.000000    2.758000    6.260333   3.4458480554E-001
    0.000000    0.000000    2.760333    6.262667   3.4304405192E-001
    0.000000    0.000000    2.762667    6.265000   3.4150897357E-001
    0.000000    0.000000    2.765000    6.267333   3.3997967114E-001
    0.000000    0.000000    2.767333    6.269667   3.3845624221E-001
    0.000000    0.000000    2.769667    6.272000   3.3693878098E-001
    0.000000    0.000000    2.772000    6.274333   3.3542737805E-001
    0.000000    0.000000    2.774333    6.276667   3.3392212020E-001
    0.000000    0.000000    2.776667    6.279000   3.3242309020E-001
    0.000000    0.000000    2.779000    6.281333   3.3093036666E-001
    0.000000    0.000000    2.781333    6.283667   3.2944402393E-001
    0.000000    0.000000    2.783667    6.286000   3.2796413198E-001
    0.000000    0.000000    2.786000    6.288333   3.2649075635E-001
    0.000000    0.000000    2.788333    6.290667   3.2502395810E-001
    0.000000    0.000000    2.790667    6.293000   3.2356379377E-001
    0.000000    0.000000    2.793000    6.295333   3.2211031537E-001
    0.000000    0.000000    2.795333    6.297667   3.2066357043E-001
    0.000000    0.000000    2.797667    6.300000   3.1922360197E-001
    0.000000    0.000000    2.800000    6.302333   3.1779044856E-001
    0.000000    0.000000    2.802333    6.304667   3.1636414438E-001
    0.000000    0.000000    2.804667    6.307000   3.1494471926E-001
    0.000000    0.000000    2.807000    6.309333   3.1353219879E-001
    0.000000    0.000000    2.809333    6.311667   3.1212660434E-001
    0.000000    0.000000    2.811667    6.314000   3.1072795321E-001
    0.000000    0.000000    2.814000    6.316333   3.0933625869E-001
    0.000000    0.000000    2.816333    6.318667   3.0795153014E-001
    0.000000    0.000000    2.818667    6.321000   3.0657377317E-001
    0.000000    0.000000    2.821000    6.323333   3.0520298966E-001
    0.000000    0.000000    2.823333    6.325667   3.0383917795E-001
    0.000000    0.000000    2.825667    6.328000   3.0248233290E-001
    0.000000    0.000000    2.828000    6.330333   3.0113244604E-001
    0.000000    0.000000    2.830333    6.332667   2.9978950570E-001
    0.000000    0.000000    2.832667    6.335000   2.9845349708E-001
    0.000000    0.000000    2.835000    6.337333   2.9712440246E-001
    0.000000    0.000000    2.837333    6.339667   2.9580220121E-001
    0.000000    0.000000    2.839667    6.342000   2.9448687004E-001
    0.000000    0.000000    2.842000    6.344333   2.9317838303E-001
    0.000000    0.000000    2.844333    6.346667   2.9187671178E-001
    0.000000    0.000000    2.846667    6.349000   2.9058182555E-001
    0.000000    0.000000    2.849000    6.351333   2.8929369139E-001
    0.000000    0.000000    2.851333    6.353667   2.8801227419E-001
    0.000000    0.000000    2.853667    6.356000   2.8673753691E-001
    0.000000    0.000000    2.856000    6.358333   2.8546944060E-001
    0.000000    0.000000    2.858333    6.360667   2.8420794457E-001
    0.000000    0.000000    2.860667    6.363000   2.8295300648E-001
    0.000000    0.000000    2.863000    6.365333   2.8170458248E-001
    0.000000    0.000000    2.865333    6.367667   2.8046262728E-001
    0.000000    0.000000    2.867667    6.370000   2.7922709429E-001
    0.000000    0.000000    2.870000    6.372333   2.7799793572E-001
    0.000000    0.000000    2.872333    6.374667   2.7677510268E-001
    0.000000    0.000000    2.874667    6.377000   2.7555854526E-001
    0.000000    0.000000    2.877000    6.379333   2.7434821268E-001
    0.000000    0.000000    2.879333    6.381667   2.7314405332E-001
    0.000000    0.000000    2.881667    6.384000   2.7194601487E-001
    0.000000    0.000000    2.884000    6.386333   2.7075404438E-001
    0.000000    0.000000    2.886333    6.388667   2.6956808838E-001
    0.000000    0.000000    2.888667    6.391000   2.6838809294E-001
    0.000000    0.000000    2.891000    6.393333   2.6721400375E-001
    0.000000    0.000000    2.893333    6.395667   2.6604576622E-001
    0.000000    0.000000    2.895667    6.398000   2.6488332556E-001
    0.000000    0.000000    2.898000    6.400333   2.6372662681E-001
    0.000000    0.000000    2.900333    6.402667   2.6257561495E-001
    0.000000    0.000000    2.902667    6.405000   2.6143023497E-001
    0.000000    0.000000    2.905000    6.407333   2.6029043192E-001
    0.000000    0.000000    2.907333    6.409667   2.5915615096E-001
    0.000000    0.000000    2.909667    6.412000   2.5802733744E-001
    0.000000    0.000000    2.912000    6.414333   2.5690393698E-001
    0.000000    0.000000    2.914333    6.416667   2.5578589545E-001
    0.000000    0.000000    2.916667    6.419000   2.5467315909E-001
    0.000000    0.000000    2.919000    6.421333   2.5356567456E-001
    0.000000    0.000000    2.921333    6.423667   2.5246338891E-001
    0.000000    0.000000    2.923667    6.426000   2.5136624972E-001
    0.000000    0.000000    2.926000    6.428333   2.5027420509E-001
    0.000000    0.000000    2.928333    6.430667   2.4918720366E-001
    0.000000    0.000000    2.930667    6.433000   2.4810519471E-001
    0.000000    0.000000    2.933000    6.435333   2.4702812812E-001
    0.000000    0.000000    2.935333    6.437667   2.4595595447E-001
    0.000000    0.000000    2.937667    6.440000   2.4488862501E-001
    0.000000    0.000000    2.940000    6.442333   2.4382609173E-001
    0.000000    0.000000    2.942333    6.444667   2.4276830735E-001
    0.000000    0.000000    2.944667    6.447000   2.4171522540E-001
    0.000000    0.000000    2.947000    6.449333   2.4066680015E-001
    0.000000    0.000000    2.949333    6.451667   2.3962298672E-001
    0.000000    0.000000    2.951667    6.454000   2.3858374104E-001
    0.000000    0.000000    2.954000    6.456333   2.3754901987E-001
    0.000000    0.000000    2.956333    6.458667   2.3651878085E-001
    0.000000    0.000000    2.958667    6.461000   2.3549298246E-001
    0.000000    0.000000    2.961000    6.463333   2.3447158407E-001
    0.000000    0.000000    2.963333    6.465667   2.3345454592E-001
    0.000000    0.000000    2.965667    6.468000   2.3244182915E-001
    0.000000    0.000000    2.968000    6.470333   2.3143339577E-001
    0.000000    0.000000    2.970333    6.472667   2.3042920870E-001
    0.000000    0.000000    2.972667    6.475000   2.2942923176E-001
    0.000000    0.000000    2.975000    6.477333   2.2843342964E-001
    0.000000    0.000000    2.977333    6.479667   2.2744176795E-001
    0.000000    0.000000    2.979667    6.482000   2.2645421318E-001
    0.000000    0.000000    2.982000    6.484333   2.2547073271E-001
    0.000000    0.000000    2.984333    6.486667   2.2449129479E-001
    0.000000    0.000000    2.986667    6.489000   2.2351586857E-001
    0.000000    0.000000    2.989000    6.491333   2.2254442405E-001
    0.000000    0.000000    2.991333    6.493667   2.2157693208E-001
    0.000000    0.000000    2.993667    6.496000   2.2061336439E-001
    0.000000    0.000000    2.996000    6.498333   2.1965369354E-001
    0.000000    0.000000    2.998333    6.500667   2.1869789291E-001
    0.000000    0.000000    3.000667    6.503000   2.1774593671E-001
    0.000000    0.000000    3.003000    6.505333   2.1679779996E-001
    0.000000    0.000000    3.005333    6.507667   2.1585345845E-001
    0.000000    0.000000    3.007667    6.510000   2.1491288877E-001
    0.000000    0.000000    3.010000    6.512333   2.1397606828E-001
    0.000000    0.000000    3.012333    6.514667   2.1304297509E-001
    0.000000    0.000000    3.014667    6.517000   2.1211358802E-001
    0.000000    0.000000    3.017000    6.519333   2.1118788663E-001
    0.000000    0.000000    3.019333    6.521667   2.1026585119E-001
    0.000000    0.000000    3.021667    6.524000   2.0934746265E-001
    0.000000    0.000000    3.024000    6.526333   2.0843270262E-001
    0.000000    0.000000    3.026333    6.528667   2.0752155338E-001
    0.000000    0.000000    3.028667    6.531000   2.0661399784E-001
    0.000000    0.000000    3.031000    6.533333   2.0571001952E-001
    0.000000    0.000000    3.033333    6.535667   2.0480960254E-001
    0.000000    0.000000    3.035667    6.538000   2.0391273163E-001
    0.000000    0.000000    3.038000    6.540333   2.0301939205E-001
    0.000000    0.000000    3.040333    6.542667   2.0212956963E-001
    0.000000    0.000000    3.042667    6.545000   2.0124325072E-001
    0.000000    0.000000    3.045000    6.547333   2.0036042218E-001
    0.000000    0.000000    3.047333    6.549667   1.9948107136E-001
    0.000000    0.000000    3.049667    6.552000   1.9860518608E-001
    0.000000    0.000000    3.052000    6.554333   1.9773275465E-001
    0.000000    0.000000    3.054333    6.556667   1.9686376577E-001
    0.000000    0.000000    3.056667    6.559000   1.9599820859E-001
    0.000000    0.000000    3.059000    6.561333   1.9513607266E-001
    0.000000    0.000000    3.061333    6.563667   1.9427734791E-001
    0.000000    0.000000    3.063667    6.566000   1.9342202464E-001
    0.000000    0.000000    3.066000    6.568333   1.9257009349E-001
    0.000000    0.000000    3.068333    6.570667   1.9172154547E-001
    0.000000    0.000000    3.070667    6.573000   1.9087637186E-001
    0.000000    0.000000    3.073000    6.575333   1.9003456427E-001
    0.000000    0.000000    3.075333    6.577667   1.8919611459E-001
    0.000000    0.000000    3.077667    6.580000   1.8836101497E-001
    0.000000    0.000000    3.080000    6.582333   1.8752925782E-001
    0.000000    0.000000    3.082333    6.584667   1.8670083579E-001
    0.000000    0.000000    3.084667    6.587000   1.8587574174E-001
    0.000000    0.000000    3.087000    6.589333   1.8505396874E-001
    0.000000    0.000000    3.089333    6.591667   1.8423551007E-001
    0.000000    0.000000    3.091667    6.594000   1.8342035917E-001
    0.000000    0.000000    3.094000    6.596333   1.8260850966E-001
    0.000000    0.000000    3.096333    6.598667   1.8179995528E-001
    0.000000    0.000000    3.098667    6.601000   1.8099468995E-001
    0.000000    0.000000    3.101000    6.603333   1.8019270767E-001
    0.000000    0.000000    3.103333    6.605667   1.7939400261E-001
    0.000000    0.000000    3.105667    6.608000   1.7859856897E-001
    0.000000    0.000000    3.108000    6.610333   1.7780640111E-001
    0.000000    0.000000    3.110333    6.612667   1.7701749340E-001
    0.000000    0.000000    3.112667    6.615000   1.7623184034E-001
    0.000000    0.000000    3.115000    6.617333   1.7544943642E-001
    0.000000    0.000000    3.117333    6.619667   1.7467027624E-001
    0.000000    0.000000    3.119667    6.622000   1.7389435438E-001
    0.000000    0.000000    3.122000    6.624333   1.7312166547E-001
    0.000000    0.000000    3.124333    6.626667   1.7235220416E-001
    0.000000    0.000000    3.126667    6.629000   1.7158596510E-001
    0.000000    0.000000    3.129000    6.631333   1.7082294293E-001
    0.000000    0.000000    3.131333    6.633667   1.7006313230E-001
    0.000000    0.000000    3.133667    6.636000   1.6930652782E-001
    0.000000    0.000000    3.136000    6.638333   1.6855312409E-001
    0.000000    0.000000    3.138333    6.640667   1.6780291566E-001
    0.000000    0.000000    3.140667    6.643000   1.6705589705E-001
    0.000000    0.000000    3.143000    6.645333   1.6631206275E-001
    0.000000    0.000000    3.145333    6.647667   1.6557140717E-001
    0.000000    0.000000    3.147667    6.650000   1.6483392466E-001
    0.000000    0.000000    3.150000    6.652333   1.6409960954E-001
    0.000000    0.000000    3.152333    6.654667   1.6336845603E-001
    0.000000    0.000000    3.154667    6.657000   1.6264045827E-001
    0.000000    0.000000    3.157000    6.659333   1.6191561035E-001
    0.000000    0.000000    3.159333    6.661667   1.6119390624E-001
    0.000000    0.000000    3.161667    6.664000   1.6047533986E-001
    0.000000    0.000000    3.164000    6.666333   1.5975990500E-001
    0.000000    0.000000    3.166333    6.668667   1.5904759538E-001
    0.000000    0.000000    3.168667    6.671000   1.5833840461E-001
    0.000000    0.000000    3.171000    6.673333   1.5763232621E-001
    0.000000    0.000000    3.173333    6.675667   1.5692935357E-001
    0.000000    0.000000    3.175667    6.678000   1.5622947999E-001
    0.000000    0.000000    3.178000    6.680333   1.5553269867E-001
    0.000000    0.000000    3.180333    6.682667   1.5483900267E-001
    0.000000    0.000000    3.182667    6.685000   1.5414838495E-001
    0.000000    0.000000    3.185000    6.687333   1.5346083837E-001
    0.000000    0.000000    3.187333    6.689667   1.5277635564E-001
    0.000000    0.000000    3.189667    6.692000   1.5209492938E-001
    0.000000    0.000000    3.192000    6.694333   1.5141655208E-001
    0.000000    0.000000    3.194333    6.696667   1.5074121610E-001
    0.000000    0.000000    3.196667    6.699000   1.5006891369E-001
    0.000000    0.000000    3.199000    6.701333   1.4939963697E-001
    0.000000    0.000000    3.201333    6.703667   1.4873337796E-001
    0.000000    0.000000    3.203667    6.706000   1.4807012853E-001
    0.000000    0.000000    3.206000    6.708333   1.4740988045E-001
    0.000000    0.000000    3.208333    6.710667   1.4675262535E-001
    0.000000    0.000000    3.210667    6.713000   1.4609835474E-001
    0.000000    0.000000    3.213000    6.715333   1.4544706003E-001
    0.000000    0.000000    3.215333    6.717667   1.4479873249E-001
    0.000000    0.000000    3.217667    6.720000   1.4415336328E-001
    0.000000    0.000000    3.220000    6.722333   1.4351094343E-001
    0.000000    0.000000    3.222333    6.724667   1.4287146385E-001
    0.000000    0.000000    3.224667    6.727000   1.4223491537E-001
    0.000000    0.000000    3.227000    6.729333   1.4160128865E-001
    0.000000    0.000000    3.229333    6.731667   1.4097057428E-001
    0.000000    0.000000    3.231667    6.734000   1.4034276272E-001
    0.000000    0.000000    3.234000    6.736333   1.3971784431E-001
    0.000000    0.000000    3.236333    6.738667   1.3909580930E-001
    0.000000    0.000000    3.238667    6.741000   1.3847664782E-001
    0.000000    0.000000    3.241000    6.743333   1.3786034989E-001
    0.000000    0.000000    3.243333    6.745667   1.3724690545E-001
    0.000000    0.000000    3.245667    6.748000   1.3663630430E-001
    0.000000    0.000000    3.248000    6.750333   1.3602853618E-001
    0.000000    0.000000    3.250333    6.752667   1.3542359069E-001
    0.000000    0.000000    3.252667    6.755000   1.3482145738E-001
    0.000000    0.000000    3.255000    6.757333   1.3422212568E-001
    0.000000    0.000000    3.257333    6.759667   1.3362558492E-001
    0.000000    0.000000    3.259667    6.762000   1.3303182436E-001
    0.000000    0.000000    3.262000    6.764333   1.3244083317E-001
    0.000000    0.000000    3.264333    6.766667   1.3185260043E-001
    0.000000    0.000000    3.266667    6.769000   1.3126711513E-001
    0.000000    0.000000    3.269000    6.771333   1.3068436621E-001
    0.000000    0.000000    3.271333    6.773667   1.3010434250E-001
    0.000000    0.000000    3.273667    6.776000   1.2952703276E-001
    0.000000    0.000000    3.276000    6.778333   1.2895242571E-001
    0.000000    0.000000    3.278333    6.780667   1.2838050997E-001
    0.000000    0.000000    3.280667    6.783000   1.2781127409E-001
    0.000000    0.000000    3.283000    6.785333   1.2724470657E-001
    0.000000    0.000000    3.285333    6.787667   1.2668079585E-001
    0.000000    0.000000    3.287667    6.790000   1.2611953031E-001
    0.000000    0.000000    3.290000    6.792333   1.2556089825E-001
    0.000000    0.000000    3.292333    6.794667   1.2500488795E-001
    0.000000    0.000000    3.294667    6.797000   1.2445148762E-001
    0.000000    0.000000    3.297000    6.799333   1.2390068542E-001
    0.000000    0.000000    3.299333    6.801667   1.2335246947E-001
    0.000000    0.000000    3.301667    6.804000   1.2280682784E-001
    0.000000    0.000000    3.304000    6.806333   1.2226374858E-001
    0.000000    0.000000    3.306333    6.808667   1.2172321967E-001
    0.000000    0.000000    3.308667    6.811000   1.2118522907E-001
    0.000000    0.000000    3.311000    6.813333   1.2064976471E-001
    0.000000    0.000000    3.313333    6.815667   1.2011681448E-001
    0.000000    0.000000    3.315667    6.818000   1.1958636626E-001
    0.000000    0.000000    3.318000    6.820333   1.1905840787E-001
    0.000000    0.000000    3.320333    6.822667   1.1853292714E-001
    0.000000    0.000000    3.322667    6.825000   1.1800991187E-001
    0.000000    0.000000    3.325000    6.827333   1.1748934982E-001
    0.000000    0.000000    3.327333    6.829667   1.1697122877E-001
    0.000000    0.000000    3.329667    6.832000   1.1645553647E-001
    0.000000    0.000000    3.332000    6.834333   1.1594226064E-001
    0.000000    0.000000    3.334333    6.836667   1.1543138903E-001
    0.000000    0.000000    3.336667    6.839000   1.1492290934E-001
    0.000000    0.000000    3.339000    6.841333   1.1441680930E-001
    0.000000    0.000000    3.341333    6.843667   1.1391307662E-001
    0.000000    0.000000    3.343667    6.846000   1.1341169902E-001
    0.000000    0.000000    3.346000    6.848333   1.1291266421E-001
    0.000000    0.000000    3.348333    6.850667   1.1241595992E-001
    0.000000    0.000000    3.350667    6.853000   1.1192157388E-001
    0.000000    0.000000    3.353000    6.855333   1.1142949382E-001
    0.000000    0.000000    3.355333    6.857667   1.1093970750E-001
    0.000000    0.000000    3.357667    6.860000   1.1045220266E-001
    0.000000    0.000000    3.360000    6.862333   1.0996696710E-001
    0.000000    0.000000    3.362333    6.864667   1.0948398860E-001
    0.000000    0.000000    3.364667    6.867000   1.0900325498E-001
    0.000000    0.000000    3.367000    6.869333   1.0852475406E-001
    0.000000    0.000000    3.369333    6.871667   1.0804847370E-001
    0.000000    0.000000    3.371667    6.874000   1.0757440179E-001
    0.000000    0.000000    3.374000    6.876333   1.0710252622E-001
    0.000000    0.000000    3.376333    6.878667   1.0663283492E-001
    0.000000    0.000000    3.378667    6.881000   1.0616531587E-001
    0.000000    0.000000    3.381000    6.883333   1.0569995705E-001
    0.000000    0.000000    3.383333    6.885667   1.0523674650E-001
    0.000000    0.000000    3.385667    6.888000   1.0477567226E-001
    0.000000    0.000000    3.388000    6.890333   1.0431672244E-001
    0.000000    0.000000    3.390333    6.892667   1.0385988518E-001
    0.000000    0.000000    3.392667    6.895000   1.0340514864E-001
    0.000000    0.000000    3.395000    6.897333   1.0295250104E-001
    0.000000    0.000000    3.397333    6.899667   1.0250193063E-001
    0.000000    0.000000    3.399667    6.902000   1.0205342572E-001
    0.000000    0.000000    3.402000    6.904333   1.0160697465E-001
    0.000000    0.000000    3.404333    6.906667   1.0116256580E-001
    0.000000    0.000000    3.406667    6.909000   1.0072018762E-001
    0.000000    0.000000    3.409000    6.911333   1.0027982858E-001
    0.000000    0.000000    3.411333    6.913667   9.9841477230E-002
    0.000000    0.000000    3.413667    6.916000   9.9405122144E-002
    0.000000    0.000000    3.416000    6.918333   9.8970751962E-002
    0.000000    0.000000    3.418333    6.920667   9.8538355373E-002
    0.000000    0.000000    3.420667    6.923000   9.8107921123E-002
    0.000000    0.000000    3.423000    6.925333   9.7679438008E-002
    0.000000    0.000000    3.425333    6.927667   9.7252894884E-002
    0.000000    0.000000    3.427667    6.930000   9.6828280663E-002
    0.000000    0.000000    3.430000    6.932333   9.6405584313E-002
    0.000000    0.000000    3.432333    6.934667   9.5984794863E-002
    0.000000    0.000000    3.434667    6.937000   9.5565901399E-002
    0.000000    0.000000    3.437000    6.939333   9.5148893071E-002
    0.000000    0.000000    3.439333    6.941667   9.4733759086E-002
    0.000000    0.000000    3.441667    6.944000   9.4320488716E-002
    0.000000    0.000000    3.444000    6.946333   9.3909071293E-002
    0.000000    0.000000    3.446333    6.948667   9.3499496214E-002
    0.000000    0.000000    3.448667    6.951000   9.3091752939E-002
    0.000000    0.000000    3.451000    6.953333   9.2685830994E-002
    0.000000    0.000000    3.453333    6.955667   9.2281719966E-002
    0.000000    0.000000    3.455667    6.958000   9.1879409513E-002
    0.000000    0.000000    3.458000    6.960333   9.1478889355E-002
    0.000000    0.000000    3.460333    6.962667   9.1080149281E-002
    0.000000    0.000000    3.462667    6.965000   9.0683179145E-002
    0.000000    0.000000    3.465000    6.967333   9.0287968870E-002
    0.000000    0.000000    3.467333    6.969667   8.9894508447E-002
    0.000000    0.000000    3.469667    6.972000   8.9502787934E-002
    0.000000    0.000000    3.472000    6.974333   8.9112797459E-002
    0.000000    0.000000    3.474333    6.976667   8.8724527218E-002
    0.000000    0.000000    3.476667    6.979000   8.8337967476E-002
    0.000000    0.000000    3.479000    6.981333   8.7953108569E-002
    0.000000    0.000000    3.481333    6.983667   8.7569940901E-002
    0.000000    0.000000    3.483667    6.986000   8.7188454948E-002
    0.000000    0.000000    3.486000    6.988333   8.6808641253E-002
    0.000000    0.000000    3.488333    6.990667   8.6430490432E-002
    0.000000    0.000000    3.490667    6.993000   8.6053993171E-002
    0.000000    0.000000    3.493000    6.995333   8.5679140226E-002
    0.000000    0.000000    3.495333    6.997667   8.5305922423E-002
    0.000000    0.000000    3.497667    7.000000   8.4934330661E-002
