    0.000000    0.000000   -3.500000    0.002333   1.0666888719E-003
    0.000000    0.000000   -3.497667    0.004667   1.0720943774E-003
    0.000000    0.000000   -3.495333    0.007000   1.0775260860E-003
    0.000000    0.000000   -3.493000    0.009333   1.0829841221E-003
    0.000000    0.000000   -3.490667    0.011667   1.0884686111E-003
    0.000000    0.000000   -3.488333    0.014000   1.0939796792E-003
    0.000000    0.000000   -3.486000    0.016333   1.0995174530E-003
    0.000000    0.000000   -3.483667    0.018667   1.1050820599E-003
    0.000000    0.000000   -3.481333    0.021000   1.1106736282E-003
    0.000000    0.000000   -3.479000    0.023333   1.1162922866E-003
    0.000000    0.000000   -3.476667    0.025667   1.1219381648E-003
    0.000000    0.000000   -3.474333    0.028000   1.1276113931E-003
    0.000000    0.000000   -3.472000    0.030333   1.1333121025E-003
    0.000000    0.000000   -3.469667    0.032667   1.1390404247E-003
    0.000000    0.000000   -3.467333    0.035000   1.1447964922E-003
    0.000000    0.000000   -3.465000    0.037333   1.1505804383E-003
    0.000000    0.000000   -3.462667    0.039667   1.1563923970E-003
    0.000000    0.000000   -3.460333    0.042000   1.1622325030E-003
    0.000000    0.000000   -3.458000    0.044333   1.1681008918E-003
    0.000000    0.000000   -3.455667    0.046667   1.1739976996E-003
    0.000000    0.000000   -3.453333    0.049000   1.1799230635E-003
    0.000000    0.000000   -3.451000    0.051333   1.1858771212E-003
    0.000000    0.000000   -3.448667    0.053667   1.1918600114E-003
    0.000000    0.000000   -3.446333    0.056000   1.1978718734E-003
    0.000000    0.000000   -3.444000    0.058333   1.2039128473E-003
    0.000000    0.000000   -3.441667    0.060667   1.2099830741E-003
    0.000000    0.000000   -3.439333    0.063000   1.2160826955E-003
    0.000000    0.000000   -3.437000    0.065333   1.2222118541E-003
    0.000000    0.000000   -3.434667    0.067667   1.2283706933E-003
    0.000000    0.000000   -3.432333    0.070000   1.2345593571E-003
    0.000000    0.000000   -3.430000    0.072333   1.2407779907E-003
    0.000000    0.000000   -3.427667    0.074667   1.2470267398E-003
    0.000000    0.000000   -3.425333    0.077000   1.2533057511E-003
    0.000000    0.000000   -3.423000    0.079333   1.2596151720E-003
    0.000000    0.000000   -3.420667    0.081667   1.2659551510E-003
    0.000000    0.000000   -3.418333    0.084000   1.2723258373E-003
    0.000000    0.000000   -3.416000    0.086333   1.2787273808E-003
    0.000000    0.000000   -3.413667    0.088667   1.2851599324E-003
    0.000000    0.000000   -3.411333    0.091000   1.2916236441E-003
    0.000000    0.000000   -3.409000    0.093333   1.2981186683E-003
    0.000000    0.000000   -3.406667    0.095667   1.3046451587E-003
    0.000000    0.000000   -3.404333    0.098000   1.3112032697E-003
    0.000000    0.000000   -3.402000    0.100333   1.3177931565E-003
    0.000000    0.000000   -3.399667    0.102667   1.3244149755E-003
    0.000000    0.000000   -3.397333    0.105000   1.3310688836E-003
    0.000000    0.000000   -3.395000    0.107333   1.3377550389E-003
    0.000000    0.000000   -3.392667    0.109667   1.3444736004E-003
    0.000000    0.000000   -3.390333    0.112000   1.3512247280E-003
    0.000000    0.000000   -3.388000    0.114333   1.3580085823E-003
    0.000000    0.000000   -3.385667    0.116667   1.3648253252E-003
    0.000000    0.000000   -3.383333    0.119000   1.3716751192E-003
    0.000000    0.000000   -3.381000    0.121333   1.3785581281E-003
    0.000000    0.000000   -3.378667    0.123667   1.3854745164E-003
    0.000000    0.000000   -3.376333    0.126000   1.3924244495E-003
    0.000000    0.000000   -3.374000    0.128333   1.3994080941E-003
    0.000000    0.000000   -3.371667    0.130667   1.4064256175E-003
    0.000000    0.000000   -3.369333    0.133000   1.4134771882E-003
    0.000000    0.000000   -3.367000    0.135333   1.4205629757E-003
    0.000000    0.000000   -3.364667    0.137667   1.4276831503E-003
    0.000000    0.000000   -3.362333    0.140000   1.4348378836E-003
    0.000000    0.000000   -3.360000    0.142333   1.4420273478E-003
    0.000000    0.000000   -3.357667    0.144667   1.4492517165E-003
    0.000000    0.000000   -3.355333    0.147000   1.4565111641E-003
    0.000000    0.000000   -3.353000    0.149333   1.4638058661E-003
    0.000000    0.000000   -3.350667    0.151667   1.4711359990E-003
    0.000000    0.000000   -3.348333    0.154000   1.4785017404E-003
    0.000000    0.000000   -3.346000    0.156333   1.4859032688E-003
    0.000000    0.000000   -3.343667    0.158667   1.4933407640E-003
    0.000000    0.000000   -3.341333    0.161000   1.5008144067E-003
    0.000000    0.000000   -3.339000    0.163333   1.5083243785E-003
    0.000000    0.000000   -3.336667    0.165667   1.5158708625E-003
    0.000000    0.000000   -3.334333    0.168000   1.5234540425E-003
    0.000000    0.000000   -3.332000    0.170333   1.5310741036E-003
    0.000000    0.000000   -3.329667    0.172667   1.5387312318E-003
    0.000000    0.000000   -3.327333    0.175000   1.5464256144E-003
    0.000000    0.000000   -3.325000    0.177333   1.5541574397E-003
    0.000000    0.000000   -3.322667    0.179667   1.5619268973E-003
    0.000000    0.000000   -3.320333    0.182000   1.5697341775E-003
    0.000000    0.000000   -3.318000    0.184333   1.5775794723E-003
    0.000000    0.000000   -3.315667    0.186667   1.5854629743E-003
    0.000000    0.000000   -3.313333    0.189000   1.5933848776E-003
    0.000000    0.000000   -3.311000    0.191333   1.6013453773E-003
    0.000000    0.000000   -3.308667    0.193667   1.6093446697E-003
    0.000000    0.000000   -3.306333    0.196000   1.6173829523E-003
    0.000000    0.000000   -3.304000    0.198333   1.6254604237E-003
    0.000000    0.000000   -3.301667    0.200667   1.6335772838E-003
    0.000000    0.000000   -3.299333    0.203000   1.6417337336E-003
    0.000000    0.000000   -3.297000    0.205333   1.6499299752E-003
    0.000000    0.000000   -3.294667    0.207667   1.6581662121E-003
    0.000000    0.000000   -3.292333    0.210000   1.6664426489E-003
    0.000000    0.000000   -3.290000    0.212333   1.6747594915E-003
    0.000000    0.000000   -3.287667    0.214667   1.6831169470E-003
    0.000000    0.000000   -3.285333    0.217000   1.6915152236E-003
    0.000000    0.000000   -3.283000    0.219333   1.6999545310E-003
    0.000000    0.000000   -3.280667    0.221667   1.7084350799E-003
    0.000000    0.000000   -3.278333    0.224000   1.7169570823E-003
    0.000000    0.000000   -3.276000    0.226333   1.7255207518E-003
    0.000000    0.000000   -3.273667    0.228667   1.7341263027E-003
    0.000000    0.000000   -3.271333    0.231000   1.7427739512E-003
    0.000000    0.000000   -3.269000    0.233333   1.7514639142E-003
    0.000000    0.000000   -3.266667    0.235667   1.7601964104E-003
    0.000000    0.000000   -3.264333    0.238000   1.7689716594E-003
    0.000000    0.000000   -3.262000    0.240333   1.7777898825E-003
    0.000000    0.000000   -3.259667    0.242667   1.7866513020E-003
    0.000000    0.000000   -3.257333    0.245000   1.7955561417E-003
    0.000000    0.000000   -3.255000    0.247333   1.8045046267E-003
    0.000000    0.000000   -3.252667    0.249667   1.8134969835E-003
    0.000000    0.000000   -3.250333    0.252000   1.8225334397E-003
    0.000000    0.000000   -3.248000    0.254333   1.8316142247E-003
    0.000000    0.000000   -3.245667    0.256667   1.8407395690E-003
    0.000000    0.000000   -3.243333    0.259000   1.8499097044E-003
    0.000000    0.000000   -3.241000    0.261333   1.8591248643E-003
    0.000000    0.000000   -3.238667    0.263667   1.8683852834E-003
    0.000000    0.000000   -3.236333    0.266000   1.8776911978E-003
    0.000000    0.000000   -3.234000    0.268333   1.8870428449E-003
    0.000000    0.000000   -3.231667    0.270667   1.8964404639E-003
    0.000000    0.000000   -3.229333    0.273000   1.9058842950E-003
    0.000000    0.000000   -3.227000    0.275333   1.9153745801E-003
    0.000000    0.000000   -3.224667    0.277667   1.9249115624E-003
    0.000000    0.000000   -3.222333    0.280000   1.9344954866E-003
    0.000000    0.000000   -3.220000    0.282333   1.9441265990E-003
    0.000000    0.000000   -3.217667    0.284667   1.9538051471E-003
    0.000000    0.000000   -3.215333    0.287000   1.9635313803E-003
    0.000000    0.000000   -3.213000    0.289333   1.9733055490E-003
    0.000000    0.000000   -3.210667    0.291667   1.9831279054E-003
    0.000000    0.000000   -3.208333    0.294000   1.9929987032E-003
    0.000000    0.000000   -3.206000    0.296333   2.0029181975E-003
    0.000000    0.000000   -3.203667    0.298667   2.0128866450E-003
    0.000000    0.000000   -3.201333    0.301000   2.0229043040E-003
    0.000000    0.000000   -3.199000    0.303333   2.0329714342E-003
    0.000000    0.000000   -3.196667    0.305667   2.0430882969E-003
    0.000000    0.000000   -3.194333    0.308000   2.0532551550E-003
    0.000000    0.000000   -3.192000    0.310333   2.0634722730E-003
    0.000000    0.000000   -3.189667    0.312667   2.0737399168E-003
    0.000000    0.000000   -3.187333    0.315000   2.0840583542E-003
    0.000000    0.000000   -3.185000    0.317333   2.0944278544E-003
    0.000000    0.000000   -3.182667    0.319667   2.1048486881E-003
    0.000000    0.000000   -3.180333    0.322000   2.1153211278E-003
    0.000000    0.000000   -3.178000    0.324333   2.1258454476E-003
    0.000000    0.000000   -3.175667    0.326667   2.1364219232E-003
    0.000000    0.000000   -3.173333    0.329000   2.1470508319E-003
    0.000000    0.000000   -3.171000    0.331333   2.1577324528E-003
    0.000000    0.000000   -3.168667    0.333667   2.1684670664E-003
    0.000000    0.000000   -3.166333    0.336000   2.1792549552E-003
    0.000000    0.000000   -3.164000    0.338333   2.1900964031E-003
    0.000000    0.000000   -3.161667    0.340667   2.2009916958E-003
    0.000000    0.000000   -3.159333    0.343000   2.2119411208E-003
    0.000000    0.000000   -3.157000    0.345333   2.2229449671E-003
    0.000000    0.000000   -3.154667    0.347667   2.2340035256E-003
    0.000000    0.000000   -3.152333    0.350000   2.2451170888E-003
    0.000000    0.000000   -3.150000    0.352333   2.2562859511E-003
    0.000000    0.000000   -3.147667    0.354667   2.2675104084E-003
    0.000000    0.000000   -3.145333    0.357000   2.2787907585E-003
    0.000000    0.000000   -3.143000    0.359333   2.2901273010E-003
    0.000000    0.000000   -3.140667    0.361667   2.3015203373E-003
    0.000000    0.000000   -3.138333    0.364000   2.3129701704E-003
    0.000000    0.000000   -3.136000    0.366333   2.3244771052E-003
    0.000000    0.000000   -3.133667    0.368667   2.3360414485E-003
    0.000000    0.000000   -3.131333    0.371000   2.3476635087E-003
    0.000000    0.000000   -3.129000    0.373333   2.3593435963E-003
    0.000000    0.000000   -3.126667    0.375667   2.3710820233E-003
    0.000000    0.000000   -3.124333    0.378000   2.3828791039E-003
    0.000000    0.000000   -3.122000    0.380333   2.3947351538E-003
    0.000000    0.000000   -3.119667    0.382667   2.4066504908E-003
    0.000000    0.000000   -3.117333    0.385000   2.4186254345E-003
    0.000000    0.000000   -3.115000    0.387333   2.4306603064E-003
    0.000000    0.000000   -3.112667    0.389667   2.4427554298E-003
    0.000000    0.000000   -3.110333    0.392000   2.4549111299E-003
    0.000000    0.000000   -3.108000    0.394333   2.4671277341E-003
    0.000000    0.000000   -3.105667    0.396667   2.4794055712E-003
    0.000000    0.000000   -3.103333    0.399000   2.4917449725E-003
    0.000000    0.000000   -3.101000    0.401333   2.5041462707E-003
    0.000000    0.000000   -3.098667    0.403667   2.5166098009E-003
    0.000000    0.000000   -3.096333    0.406000   2.5291358999E-003
    0.000000    0.000000   -3.094000    0.408333   2.5417249065E-003
    0.000000    0.000000   -3.091667    0.410667   2.5543771616E-003
    0.000000    0.000000   -3.089333    0.413000   2.5670930078E-003
    0.000000    0.000000   -3.087000    0.415333   2.5798727901E-003
    0.000000    0.000000   -3.084667    0.417667   2.5927168551E-003
    0.000000    0.000000   -3.082333    0.420000   2.6056255518E-003
    0.000000    0.000000   -3.080000    0.422333   2.6185992309E-003
    0.000000    0.000000   -3.077667    0.424667   2.6316382454E-003
    0.000000    0.000000   -3.075333    0.427000   2.6447429501E-003
    0.000000    0.000000   -3.073000    0.429333   2.6579137021E-003
    0.000000    0.000000   -3.070667    0.431667   2.6711508603E-003
    0.000000    0.000000   -3.068333    0.434000   2.6844547859E-003
    0.000000    0.000000   -3.066000    0.436333   2.6978258422E-003
    0.000000    0.000000   -3.063667    0.438667   2.7112643943E-003
    0.000000    0.000000   -3.061333    0.441000   2.7247708098E-003
    0.000000    0.000000   -3.059000    0.443333   2.7383454582E-003
    0.000000    0.000000   -3.056667    0.445667   2.7519887110E-003
    0.000000    0.000000   -3.054333    0.448000   2.7657009421E-003
    0.000000    0.000000   -3.052000    0.450333   2.7794825274E-003
    0.000000    0.000000   -3.049667    0.452667   2.7933338451E-003
    0.000000    0.000000   -3.047333    0.455000   2.8072552753E-003
    0.000000    0.000000   -3.045000    0.457333   2.8212472005E-003
    0.000000    0.000000   -3.042667    0.459667   2.8353100053E-003
    0.000000    0.000000   -3.040333    0.462000   2.8494440765E-003
    0.000000    0.000000   -3.038000    0.464333   2.8636498032E-003
    0.000000    0.000000   -3.035667    0.466667   2.8779275765E-003
    0.000000    0.000000   -3.033333    0.469000   2.8922777900E-003
    0.000000    0.000000   -3.031000    0.471333   2.9067008394E-003
    0.000000    0.000000   -3.028667    0.473667   2.9211971225E-003
    0.000000    0.000000   -3.026333    0.476000   2.9357670395E-003
    0.000000    0.000000   -3.024000    0.478333   2.9504109930E-003
    0.000000    0.000000   -3.021667    0.480667   2.9651293877E-003
    0.000000    0.000000   -3.019333    0.483000   2.9799226307E-003
    0.000000    0.000000   -3.017000    0.485333   2.9947911311E-003
    0.000000    0.000000   -3.014667    0.487667   3.0097353007E-003
    0.000000    0.000000   -3.012333    0.490000   3.0247555534E-003
    0.000000    0.000000   -3.010000    0.492333   3.0398523055E-003
    0.000000    0.000000   -3.007667    0.494667   3.0550259756E-003
    0.000000    0.000000   -3.005333    0.497000   3.0702769846E-003
    0.000000    0.000000   -3.003000    0.499333   3.0856057559E-003
    0.000000    0.000000   -3.000667    0.501667   3.1010127151E-003
    0.000000    0.000000   -2.998333    0.504000   3.1164982903E-003
    0.000000    0.000000   -2.996000    0.506333   3.1320629119E-003
    0.000000    0.000000   -2.993667    0.508667   3.1477070127E-003
    0.000000    0.000000   -2.991333    0.511000   3.1634310281E-003
    0.000000    0.000000   -2.989000    0.513333   3.1792353956E-003
    0.000000    0.000000   -2.986667    0.515667   3.1951205554E-003
    0.000000    0.000000   -2.984333    0.518000   3.2110869500E-003
    0.000000    0.000000   -2.982000    0.520333   3.2271350243E-003
    0.000000    0.000000   -2.979667    0.522667   3.2432652257E-003
    0.000000    0.000000   -2.977333    0.525000   3.2594780042E-003
    0.000000    0.000000   -2.975000    0.527333   3.2757738121E-003
    0.000000    0.000000   -2.972667    0.529667   3.2921531042E-003
    0.000000    0.000000   -2.970333    0.532000   3.3086163380E-003
    0.000000    0.000000   -2.968000    0.534333   3.3251639733E-003
    0.000000    0.000000   -2.965667    0.536667   3.3417964724E-003
    0.000000    0.000000   -2.963333    0.539000   3.3585143002E-003
    0.000000    0.000000   -2.961000    0.541333   3.3753179241E-003
    0.000000    0.000000   -2.958667    0.543667   3.3922078143E-003
    0.000000    0.000000   -2.956333    0.546000   3.4091844430E-003
    0.000000    0.000000   -2.954000    0.548333   3.4262482856E-003
    0.000000    0.000000   -2.951667    0.550667   3.4433998196E-003
    0.000000    0.000000   -2.949333    0.553000   3.4606395252E-003
    0.000000    0.000000   -2.947000    0.555333   3.4779678854E-003
    0.000000    0.000000   -2.944667    0.557667   3.4953853856E-003
    0.000000    0.000000   -2.942333    0.560000   3.5128925139E-003
    0.000000    0.000000   -2.940000    0.562333   3.5304897609E-003
    0.000000    0.000000   -2.937667    0.564667   3.5481776200E-003
    0.000000    0.000000   -2.935333    0.567000   3.5659565872E-003
    0.000000    0.000000   -2.933000    0.569333   3.5838271610E-003
    0.000000    0.000000   -2.930667    0.571667   3.6017898428E-003
    0.000000    0.000000   -2.928333    0.574000   3.6198451365E-003
    0.000000    0.000000   -2.926000    0.576333   3.6379935488E-003
    0.000000    0.000000   -2.923667    0.578667   3.6562355890E-003
    0.000000    0.000000   -2.921333    0.581000   3.6745717691E-003
    0.000000    0.000000   -2.919000    0.583333   3.6930026038E-003
    0.000000    0.000000   -2.916667    0.585667   3.7115286107E-003
    0.000000    0.000000   -2.914333    0.588000   3.7301503099E-003
    0.000000    0.000000   -2.912000    0.590333   3.7488682244E-003
    0.000000    0.000000   -2.909667    0.592667   3.7676828798E-003
    0.000000    0.000000   -2.907333    0.595000   3.7865948046E-003
    0.000000    0.000000   -2.905000    0.597333   3.8056045301E-003
    0.000000    0.000000   -2.902667    0.599667   3.8247125901E-003
    0.000000    0.000000   -2.900333    0.602000   3.8439195215E-003
    0.000000    0.000000   -2.898000    0.604333   3.8632258638E-003
    0.000000    0.000000   -2.895667    0.606667   3.8826321595E-003
    0.000000    0.000000   -2.893333    0.609000   3.9021389537E-003
    0.000000    0.000000   -2.891000    0.611333   3.9217467944E-003
    0.000000    0.000000   -2.888667    0.613667   3.9414562325E-003
    0.000000    0.000000   -2.886333    0.616000   3.9612678218E-003
    0.000000    0.000000   -2.884000    0.618333   3.9811821187E-003
    0.000000    0.000000   -2.881667    0.620667   4.0011996827E-003
    0.000000    0.000000   -2.879333    0.623000   4.0213210760E-003
    0.000000    0.000000   -2.877000    0.625333   4.0415468639E-003
    0.000000    0.000000   -2.874667    0.627667   4.0618776143E-003
    0.000000    0.000000   -2.872333    0.630000   4.0823138984E-003
    0.000000    0.000000   -2.870000    0.632333   4.1028562898E-003
    0.000000    0.000000   -2.867667    0.634667   4.1235053654E-003
    0.000000    0.000000   -2.865333    0.637000   4.1442617050E-003
    0.000000    0.000000   -2.863000    0.639333   4.1651258911E-003
    0.000000    0.000000   -2.860667    0.641667   4.1860985094E-003
    0.000000    0.000000   -2.858333    0.644000   4.2071801485E-003
    0.000000    0.000000   -2.856000    0.646333   4.2283713997E-003
    0.000000    0.000000   -2.853667    0.648667   4.2496728577E-003
    0.000000    0.000000   -2.851333    0.651000   4.2710851199E-003
    0.000000    0.000000   -2.849000    0.653333   4.2926087867E-003
    0.000000    0.000000   -2.846667    0.655667   4.3142444617E-003
    0.000000    0.000000   -2.844333    0.658000   4.3359927512E-003
    0.000000    0.000000   -2.842000    0.660333   4.3578542648E-003
    0.000000    0.000000   -2.839667    0.662667   4.3798296150E-003
    0.000000    0.000000   -2.837333    0.665000   4.4019194174E-003
    0.000000    0.000000   -2.835000    0.667333   4.4241242905E-003
    0.000000    0.000000   -2.832667    0.669667   4.4464448560E-003
    0.000000    0.000000   -2.830333    0.672000   4.4688817386E-003
    0.000000    0.000000   -2.828000    0.674333   4.4914355661E-003
    0.000000    0.000000   -2.825667    0.676667   4.5141069693E-003
    0.000000    0.000000   -2.823333    0.679000   4.5368965823E-003
    0.000000    0.000000   -2.821000    0.681333   4.5598050421E-003
    0.000000    0.000000   -2.818667    0.683667   4.5828329888E-003
    0.000000    0.000000   -2.816333    0.686000   4.6059810657E-003
    0.000000    0.000000   -2.814000    0.688333   4.6292499192E-003
    0.000000    0.000000   -2.811667    0.690667   4.6526401989E-003
    0.000000    0.000000   -2.809333    0.693000   4.6761525574E-003
    0.000000    0.000000   -2.807000    0.695333   4.6997876506E-003
    0.000000    0.000000   -2.804667    0.697667   4.7235461375E-003
    0.000000    0.000000   -2.802333    0.700000   4.7474286802E-003
    0.000000    0.000000   -2.800000    0.702333   4.7714359440E-003
    0.000000    0.000000   -2.797667    0.704667   4.7955685975E-003
    0.000000    0.000000   -2.795333    0.707000   4.8198273124E-003
    0.000000    0.000000   -2.793000    0.709333   4.8442127637E-003
    0.000000    0.000000   -2.790667    0.711667   4.8687256294E-003
    0.000000    0.000000   -2.788333    0.714000   4.8933665909E-003
    0.000000    0.000000   -2.786000    0.716333   4.9181363329E-003
    0.000000    0.000000   -2.783667    0.718667   4.9430355430E-003
    0.000000    0.000000   -2.781333    0.721000   4.9680649125E-003
    0.000000    0.000000   -2.779000    0.723333   4.9932251356E-003
    0.000000    0.000000   -2.776667    0.725667   5.0185169100E-003
    0.000000    0.000000   -2.774333    0.728000   5.0439409364E-003
    0.000000    0.000000   -2.772000    0.730333   5.0694979191E-003
    0.000000    0.000000   -2.769667    0.732667   5.0951885655E-003
    0.000000    0.000000   -2.767333    0.735000   5.1210135863E-003
    0.000000    0.000000   -2.765000    0.737333   5.1469736956E-003
    0.000000    0.000000   -2.762667    0.739667   5.1730696107E-003
    0.000000    0.000000   -2.760333    0.742000   5.1993020524E-003
    0.000000    0.000000   -2.758000    0.744333   5.2256717446E-003
    0.000000    0.000000   -2.755667    0.746667   5.2521794148E-003
    0.000000    0.000000   -2.753333    0.749000   5.2788257937E-003
    0.000000    0.000000   -2.751000    0.751333   5.3056116153E-003
    0.000000    0.000000   -2.748667    0.753667   5.3325376171E-003
    0.000000    0.000000   -2.746333    0.756000   5.3596045400E-003
    0.000000    0.000000   -2.744000    0.758333   5.3868131281E-003
    0.000000    0.000000   -2.741667    0.760667   5.4141641292E-003
    0.000000    0.000000   -2.739333    0.763000   5.4416582941E-003
    0.000000    0.000000   -2.737000    0.765333   5.4692963774E-003
    0.000000    0.000000   -2.734667    0.767667   5.4970791369E-003
    0.000000    0.000000   -2.732333    0.770000   5.5250073339E-003
    0.000000    0.000000   -2.730000    0.772333   5.5530817332E-003
    0.000000    0.000000   -2.727667    0.774667   5.5813031029E-003
    0.000000    0.000000   -2.725333    0.777000   5.6096722147E-003
    0.000000    0.000000   -2.723000    0.779333   5.6381898437E-003
    0.000000    0.000000   -2.720667    0.781667   5.6668567686E-003
    0.000000    0.000000   -2.718333    0.784000   5.6956737713E-003
    0.000000    0.000000   -2.716000    0.786333   5.7246416375E-003
    0.000000    0.000000   -2.713667    0.788667   5.7537611562E-003
    0.000000    0.000000   -2.711333    0.791000   5.7830331202E-003
    0.000000    0.000000   -2.709000    0.793333   5.8124583254E-003
    0.000000    0.000000   -2.706667    0.795667   5.8420375716E-003
    0.000000    0.000000   -2.704333    0.798000   5.8717716620E-003
    0.000000    0.000000   -2.702000    0.800333   5.9016614033E-003
    0.000000    0.000000   -2.699667    0.802667   5.9317076059E-003
    0.000000    0.000000   -2.697333    0.805000   5.9619110836E-003
    0.000000    0.000000   -2.695000    0.807333   5.9922726540E-003
    0.000000    0.000000   -2.692667    0.809667   6.0227931381E-003
    0.000000    0.000000   -2.690333    0.812000   6.0534733607E-003
    0.000000    0.000000   -2.688000    0.814333   6.0843141499E-003
    0.000000    0.000000   -2.685667    0.816667   6.1153163378E-003
    0.000000    0.000000   -2.683333    0.819000   6.1464807598E-003
    0.000000    0.000000   -2.681000    0.821333   6.1778082553E-003
    0.000000    0.000000   -2.678667    0.823667   6.2092996669E-003
    0.000000    0.000000   -2.676333    0.826000   6.2409558413E-003
    0.000000    0.000000   -2.674000    0.828333   6.2727776287E-003
    0.000000    0.000000   -2.671667    0.830667   6.3047658829E-003
    0.000000    0.000000   -2.669333    0.833000   6.3369214615E-003
    0.000000    0.000000   -2.667000    0.835333   6.3692452258E-003
    0.000000    0.000000   -2.664667    0.837667   6.4017380408E-003
    0.000000    0.000000   -2.662333    0.840000   6.4344007753E-003
    0.000000    0.000000   -2.660000    0.842333   6.4672343017E-003
    0.000000    0.000000   -2.657667    0.844667   6.5002394962E-003
    0.000000    0.000000   -2.655333    0.847000   6.5334172390E-003
    0.000000    0.000000   -2.653000    0.849333   6.5667684137E-003
    0.000000    0.000000   -2.650667    0.851667   6.6002939079E-003
    0.000000    0.000000   -2.648333    0.854000   6.6339946131E-003
    0.000000    0.000000   -2.646000    0.856333   6.6678714244E-003
    0.000000    0.000000   -2.643667    0.858667   6.7019252407E-003
    0.000000    0.000000   -2.641333    0.861000   6.7361569651E-003
    0.000000    0.000000   -2.639000    0.863333   6.7705675041E-003
    0.000000    0.000000   -2.636667    0.865667   6.8051577683E-003
    0.000000    0.000000   -2.634333    0.868000   6.8399286723E-003
    0.000000    0.000000   -2.632000    0.870333   6.8748811342E-003
    0.000000    0.000000   -2.629667    0.872667   6.9100160765E-003
    0.000000    0.000000   -2.627333    0.875000   6.9453344252E-003
    0.000000    0.000000   -2.625000    0.877333   6.9808371104E-003
    0.000000    0.000000   -2.622667    0.879667   7.0165250662E-003
    0.000000    0.000000   -2.620333    0.882000   7.0523992306E-003
    0.000000    0.000000   -2.618000    0.884333   7.0884605456E-003
    0.000000    0.000000   -2.615667    0.886667   7.1247099571E-003
    0.000000    0.000000   -2.613333    0.889000   7.1611484151E-003
    0.000000    0.000000   -2.611000    0.891333   7.1977768735E-003
    0.000000    0.000000   -2.608667    0.893667   7.2345962905E-003
    0.000000    0.000000   -2.606333    0.896000   7.2716076281E-003
    0.000000    0.000000   -2.604000    0.898333   7.3088118525E-003
    0.000000    0.000000   -2.601667    0.900667   7.3462099338E-003
    0.000000    0.000000   -2.599333    0.903000   7.3838028463E-003
    0.000000    0.000000   -2.597000    0.905333   7.4215915687E-003
    0.000000    0.000000   -2.594667    0.907667   7.4595770833E-003
    0.000000    0.000000   -2.592333    0.910000   7.4977603770E-003
    0.000000    0.000000   -2.590000    0.912333   7.5361424407E-003
    0.000000    0.000000   -2.587667    0.914667   7.5747242693E-003
    0.000000    0.000000   -2.585333    0.917000   7.6135068623E-003
    0.000000    0.000000   -2.583000    0.919333   7.6524912231E-003
    0.000000    0.000000   -2.580667    0.921667   7.6916783594E-003
    0.000000    0.000000   -2.578333    0.924000   7.7310692833E-003
    0.000000    0.000000   -2.576000    0.926333   7.7706650111E-003
    0.000000    0.000000   -2.573667    0.928667   7.8104665633E-003
    0.000000    0.000000   -2.571333    0.931000   7.8504749649E-003
    0.000000    0.000000   -2.569000    0.933333   7.8906912450E-003
    0.000000    0.000000   -2.566667    0.935667   7.9311164374E-003
    0.000000    0.000000   -2.564333    0.938000   7.9717515800E-003
    0.000000    0.000000   -2.562000    0.940333   8.0125977151E-003
    0.000000    0.000000   -2.559667    0.942667   8.0536558897E-003
    0.000000    0.000000   -2.557333    0.945000   8.0949271550E-003
    0.000000    0.000000   -2.555000    0.947333   8.1364125667E-003
    0.000000    0.000000   -2.552667    0.949667   8.1781131850E-003
    0.000000    0.000000   -2.550333    0.952000   8.2200300748E-003
    0.000000    0.000000   -2.548000    0.954333   8.2621643052E-003
    0.000000    0.000000   -2.545667    0.956667   8.3045169502E-003
    0.000000    0.000000   -2.543333    0.959000   8.3470890882E-003
    0.000000    0.000000   -2.541000    0.961333   8.3898818022E-003
    0.000000    0.000000   -2.538667    0.963667   8.4328961800E-003
    0.000000    0.000000   -2.536333    0.966000   8.4761333140E-003
    0.000000    0.000000   -2.534000    0.968333   8.5195943011E-003
    0.000000    0.000000   -2.531667    0.970667   8.5632802433E-003
    0.000000    0.000000   -2.529333    0.973000   8.6071922470E-003
    0.000000    0.000000   -2.527000    0.975333   8.6513314235E-003
    0.000000    0.000000   -2.524667    0.977667   8.6956988891E-003
    0.000000    0.000000   -2.522333    0.980000   8.7402957646E-003
    0.000000    0.000000   -2.520000    0.982333   8.7851231758E-003
    0.000000    0.000000   -2.517667    0.984667   8.8301822535E-003
    0.000000    0.000000   -2.515333    0.987000   8.8754741334E-003
    0.000000    0.000000   -2.513000    0.989333   8.9209999560E-003
    0.000000    0.000000   -2.510667    0.991667   8.9667608669E-003
    0.000000    0.000000   -2.508333    0.994000   9.0127580167E-003
    0.000000    0.000000   -2.506000    0.996333   9.0589925612E-003
    0.000000    0.000000   -2.503667    0.998667   9.1054656611E-003
    0.000000    0.000000   -2.501333    1.001000   9.1521784822E-003
    0.000000    0.000000   -2.499000    1.003333   9.1991321956E-003
    0.000000    0.000000   -2.496667    1.005667   9.2463279776E-003
    0.000000    0.000000   -2.494333    1.008000   9.2937670096E-003
    0.000000    0.000000   -2.492000    1.010333   9.3414504783E-003
    0.000000    0.000000   -2.489667    1.012667   9.3893795758E-003
    0.000000    0.000000   -2.487333    1.015000   9.4375554994E-003
    0.000000    0.000000   -2.485000    1.017333   9.4859794520E-003
    0.000000    0.000000   -2.482667    1.019667   9.5346526416E-003
    0.000000    0.000000   -2.480333    1.022000   9.5835762820E-003
    0.000000    0.000000   -2.478000    1.024333   9.6327515923E-003
    0.000000    0.000000   -2.475667    1.026667   9.6821797971E-003
    0.000000    0.000000   -2.473333    1.029000   9.7318621268E-003
    0.000000    0.000000   -2.471000    1.031333   9.7817998171E-003
    0.000000    0.000000   -2.468667    1.033667   9.8319941098E-003
    0.000000    0.000000   -2.466333    1.036000   9.8824462521E-003
    0.000000    0.000000   -2.464000    1.038333   9.9331574969E-003
    0.000000    0.000000   -2.461667    1.040667   9.9841291033E-003
    0.000000    0.000000   -2.459333    1.043000   1.0035362336E-002
    0.000000    0.000000   -2.457000    1.045333   1.0086858465E-002
    0.000000    0.000000   -2.454667    1.047667   1.0138618768E-002
    0.000000    0.000000   -2.452333    1.050000   1.0190644526E-002
    0.000000    0.000000   -2.450000    1.052333   1.0242937030E-002
    0.000000    0.000000   -2.447667    1.054667   1.0295497572E-002
    0.000000    0.000000   -2.445333    1.057000   1.0348327454E-002
    0.000000    0.000000   -2.443000    1.059333   1.0401427984E-002
    0.000000    0.000000   -2.440667    1.061667   1.0454800474E-002
    0.000000    0.000000   -2.438333    1.064000   1.0508446244E-002
    0.000000    0.000000   -2.436000    1.066333   1.0562366620E-002
    0.000000    0.000000   -2.433667    1.068667   1.0616562935E-002
    0.000000    0.000000   -2.431333    1.071000   1.0671036527E-002
    0.000000    0.000000   -2.429000    1.073333   1.0725788742E-002
    0.000000    0.000000   -2.426667    1.075667   1.0780820932E-002
    0.000000    0.000000   -2.424333    1.078000   1.0836134456E-002
    0.000000    0.000000   -2.422000    1.080333   1.0891730678E-002
    0.000000    0.000000   -2.419667    1.082667   1.0947610972E-002
    0.000000    0.000000   -2.417333    1.085000   1.1003776716E-002
    0.000000    0.000000   -2.415000    1.087333   1.1060229296E-002
    0.000000    0.000000   -2.412667    1.089667   1.1116970105E-002
    0.000000    0.000000   -2.410333    1.092000   1.1174000543E-002
    0.000000    0.000000   -2.408000    1.094333   1.1231322018E-002
    0.000000    0.000000   -2.405667    1.096667   1.1288935942E-002
    0.000000    0.000000   -2.403333    1.099000   1.1346843738E-002
    0.000000    0.000000   -2.401000    1.101333   1.1405046834E-002
    0.000000    0.000000   -2.398667    1.103667   1.1463546667E-002
    0.000000    0.000000   -2.396333    1.106000   1.1522344680E-002
    0.000000    0.000000   -2.394000    1.108333   1.1581442325E-002
    0.000000    0.000000   -2.391667    1.110667   1.1640841059E-002
    0.000000    0.000000   -2.389333    1.113000   1.1700542349E-002
    0.000000    0.000000   -2.387000    1.115333   1.1760547669E-002
    0.000000    0.000000   -2.384667    1.117667   1.1820858502E-002
    0.000000    0.000000   -2.382333    1.120000   1.1881476337E-002
    0.000000    0.000000   -2.380000    1.122333   1.1942402671E-002
    0.000000    0.000000   -2.377667    1.124667   1.2003639012E-002
    0.000000    0.000000   -2.375333    1.127000   1.2065186872E-002
    0.000000    0.000000   -2.373000    1.129333   1.2127047774E-002
    0.000000    0.000000   -2.370667    1.131667   1.2189223248E-002
    0.000000    0.000000   -2.368333    1.134000   1.2251714833E-002
    0.000000    0.000000   -2.366000    1.136333   1.2314524078E-002
    0.000000    0.000000   -2.363667    1.138667   1.2377652537E-002
    0.000000    0.000000   -2.361333    1.141000   1.2441101775E-002
    0.000000    0.000000   -2.359000    1.143333   1.2504873366E-002
    0.000000    0.000000   -2.356667    1.145667   1.2568968891E-002
    0.000000    0.000000   -2.354333    1.148000   1.2633389943E-002
    0.000000    0.000000   -2.352000    1.150333   1.2698138121E-002
    0.000000    0.000000   -2.349667    1.152667   1.2763215033E-002
    0.000000    0.000000   -2.347333    1.155000   1.2828622300E-002
    0.000000    0.000000   -2.345000    1.157333   1.2894361548E-002
    0.000000    0.000000   -2.342667    1.159667   1.2960434414E-002
    0.000000    0.000000   -2.340333    1.162000   1.3026842546E-002
    0.000000    0.000000   -2.338000    1.164333   1.3093587599E-002
    0.000000    0.000000   -2.335667    1.166667   1.3160671239E-002
    0.000000    0.000000   -2.333333    1.169000   1.3228095142E-002
    0.000000    0.000000   -2.331000    1.171333   1.3295860994E-002
    0.000000    0.000000   -2.328667    1.173667   1.3363970491E-002
    0.000000    0.000000   -2.326333    1.176000   1.3432425337E-002
    0.000000    0.000000   -2.324000    1.178333   1.3501227250E-002
    0.000000    0.000000   -2.321667    1.180667   1.3570377955E-002
    0.000000    0.000000   -2.319333    1.183000   1.3639879189E-002
    0.000000    0.000000   -2.317000    1.185333   1.3709732700E-002
    0.000000    0.000000   -2.314667    1.187667   1.3779940246E-002
    0.000000    0.000000   -2.312333    1.190000   1.3850503594E-002
    0.000000    0.000000   -2.310000    1.192333   1.3921424526E-002
    0.000000    0.000000   -2.307667    1.194667   1.3992704831E-002
    0.000000    0.000000   -2.305333    1.197000   1.4064346312E-002
    0.000000    0.000000   -2.303000    1.199333   1.4136350781E-002
    0.000000    0.000000   -2.300667    1.201667   1.4208720063E-002
    0.000000    0.000000   -2.298333    1.204000   1.4281455994E-002
    0.000000    0.000000   -2.296000    1.206333   1.4354560422E-002
    0.000000    0.000000   -2.293667    1.208667   1.4428035205E-002
    0.000000    0.000000   -2.291333    1.211000   1.4501882215E-002
    0.000000    0.000000   -2.289000    1.213333   1.4576103334E-002
    0.000000    0.000000   -2.286667    1.215667   1.4650700459E-002
    0.000000    0.000000   -2.284333    1.218000   1.4725675496E-002
    0.000000    0.000000   -2.282000    1.220333   1.4801030366E-002
    0.000000    0.000000   -2.279667    1.222667   1.4876767000E-002
    0.000000    0.000000   -2.277333    1.225000   1.4952887344E-002
    0.000000    0.000000   -2.275000    1.227333   1.5029393355E-002
    0.000000    0.000000   -2.272667    1.229667   1.5106287005E-002
    0.000000    0.000000   -2.270333    1.232000   1.5183570276E-002
    0.000000    0.000000   -2.268000    1.234333   1.5261245166E-002
    0.000000    0.000000   -2.265667    1.236667   1.5339313685E-002
    0.000000    0.000000   -2.263333    1.239000   1.5417777856E-002
    0.000000    0.000000   -2.261000    1.241333   1.5496639717E-002
    0.000000    0.000000   -2.258667    1.243667   1.5575901318E-002
    0.000000    0.000000   -2.256333    1.246000   1.5655564725E-002
    0.000000    0.000000   -2.254000    1.248333   1.5735632016E-002
    0.000000    0.000000   -2.251667    1.250667   1.5816105285E-002
    0.000000    0.000000   -2.249333    1.253000   1.5896986638E-002
    0.000000    0.000000   -2.247000    1.255333   1.5978278198E-002
    0.000000    0.000000   -2.244667    1.257667   1.6059982101E-002
    0.000000    0.000000   -2.242333    1.260000   1.6142100498E-002
    0.000000    0.000000   -2.240000    1.262333   1.6224635555E-002
    0.000000    0.000000   -2.237667    1.264667   1.6307589453E-002
    0.000000    0.000000   -2.235333    1.267000   1.6390964390E-002
    0.000000    0.000000   -2.233000    1.269333   1.6474762576E-002
    0.000000    0.000000   -2.230667    1.271667   1.6558986239E-002
    0.000000    0.000000   -2.228333    1.274000   1.6643637622E-002
    0.000000    0.000000   -2.226000    1.276333   1.6728718983E-002
    0.000000    0.000000   -2.223667    1.278667   1.6814232598E-002
    0.000000    0.000000   -2.221333    1.281000   1.6900180757E-002
    0.000000    0.000000   -2.219000    1.283333   1.6986565768E-002
    0.000000    0.000000   -2.216667    1.285667   1.7073389954E-002
    0.000000    0.000000   -2.214333    1.288000   1.7160655657E-002
    0.000000    0.000000   -2.212000    1.290333   1.7248365232E-002
    0.000000    0.000000   -2.209667    1.292667   1.7336521054E-002
    0.000000    0.000000   -2.207333    1.295000   1.7425125515E-002
    0.000000    0.000000   -2.205000    1.297333   1.7514181023E-002
    0.000000    0.000000   -2.202667    1.299667   1.7603690004E-002
    0.000000    0.000000   -2.200333    1.302000   1.7693654902E-002
    0.000000    0.000000   -2.198000    1.304333   1.7784078179E-002
    0.000000    0.000000   -2.195667    1.306667   1.7874962313E-002
    0.000000    0.000000   -2.193333    1.309000   1.7966309802E-002
    0.000000    0.000000   -2.191000    1.311333   1.8058123162E-002
    0.000000    0.000000   -2.188667    1.313667   1.8150404928E-002
    0.000000    0.000000   -2.186333    1.316000   1.8243157652E-002
    0.000000    0.000000   -2.184000    1.318333   1.8336383907E-002
    0.000000    0.000000   -2.181667    1.320667   1.8430086283E-002
    0.000000    0.000000   -2.179333    1.323000   1.8524267390E-002
    0.000000    0.000000   -2.177000    1.325333   1.8618929857E-002
    0.000000    0.000000   -2.174667    1.327667   1.8714076333E-002
    0.000000    0.000000   -2.172333    1.330000   1.8809709486E-002
    0.000000    0.000000   -2.170000    1.332333   1.8905832006E-002
    0.000000    0.000000   -2.167667    1.334667   1.9002446600E-002
    0.000000    0.000000   -2.165333    1.337000   1.9099555996E-002
    0.000000    0.000000   -2.163000    1.339333   1.9197162944E-002
    0.000000    0.000000   -2.160667    1.341667   1.9295270213E-002
    0.000000    0.000000   -2.158333    1.344000   1.9393880594E-002
    0.000000    0.000000   -2.156000    1.346333   1.9492996897E-002
    0.000000    0.000000   -2.153667    1.348667   1.9592621955E-002
    0.000000    0.000000   -2.151333    1.351000   1.9692758622E-002
    0.000000    0.000000   -2.149000    1.353333   1.9793409771E-002
    0.000000    0.000000   -2.146667    1.355667   1.9894578300E-002
    0.000000    0.000000   -2.144333    1.358000   1.9996267127E-002
    0.000000    0.000000   -2.142000    1.360333   2.0098479192E-002
    0.000000    0.000000   -2.139667    1.362667   2.0201217458E-002
    0.000000    0.000000   -2.137333    1.365000   2.0304484909E-002
    0.000000    0.000000   -2.135000    1.367333   2.0408284552E-002
    0.000000    0.000000   -2.132667    1.369667   2.0512619419E-002
    0.000000    0.000000   -2.130333    1.372000   2.0617492560E-002
    0.000000    0.000000   -2.128000    1.374333   2.0722907053E-002
    0.000000    0.000000   -2.125667    1.376667   2.0828865996E-002
    0.000000    0.000000   -2.123333    1.379000   2.0935372511E-002
    0.000000    0.000000   -2.121000    1.381333   2.1042429745E-002
    0.000000    0.000000   -2.118667    1.383667   2.1150040866E-002
    0.000000    0.000000   -2.116333    1.386000   2.1258209069E-002
    0.000000    0.000000   -2.114000    1.388333   2.1366937571E-002
    0.000000    0.000000   -2.111667    1.390667   2.1476229614E-002
    0.000000    0.000000   -2.109333    1.393000   2.1586088464E-002
    0.000000    0.000000   -2.107000    1.395333   2.1696517411E-002
    0.000000    0.000000   -2.104667    1.397667   2.1807519773E-002
    0.000000    0.000000   -2.102333    1.400000   2.1919098888E-002
    0.000000    0.000000   -2.100000    1.402333   2.2031258123E-002
    0.000000    0.000000   -2.097667    1.404667   2.2144000868E-002
    0.000000    0.000000   -2.095333    1.407000   2.2257330540E-002
    0.000000    0.000000   -2.093000    1.409333   2.2371250580E-002
    0.000000    0.000000   -2.090667    1.411667   2.2485764457E-002
    0.000000    0.000000   -2.088333    1.414000   2.2600875662E-002
    0.000000    0.000000   -2.086000    1.416333   2.2716587717E-002
    0.000000    0.000000   -2.083667    1.418667   2.2832904167E-002
    0.000000    0.000000   -2.081333    1.421000   2.2949828584E-002
    0.000000    0.000000   -2.079000    1.423333   2.3067364567E-002
    0.000000    0.000000   -2.076667    1.425667   2.3185515742E-002
    0.000000    0.000000   -2.074333    1.428000   2.3304285759E-002
    0.000000    0.000000   -2.072000    1.430333   2.3423678300E-002
    0.000000    0.000000   -2.069667    1.432667   2.3543697070E-002
    0.000000    0.000000   -2.067333    1.435000   2.3664345804E-002
    0.000000    0.000000   -2.065000    1.437333   2.3785628261E-002
    0.000000    0.000000   -2.062667    1.439667   2.3907548233E-002
    0.000000    0.000000   -2.060333    1.442000   2.4030109534E-002
    0.000000    0.000000   -2.058000    1.444333   2.4153316009E-002
    0.000000    0.000000   -2.055667    1.446667   2.4277171531E-002
    0.000000    0.000000   -2.053333    1.449000   2.4401680001E-002
    0.000000    0.000000   -2.051000    1.451333   2.4526845348E-002
    0.000000    0.000000   -2.048667    1.453667   2.4652671528E-002
    0.000000    0.000000   -2.046333    1.456000   2.4779162529E-002
    0.000000    0.000000   -2.044000    1.458333   2.4906322363E-002
    0.000000    0.000000   -2.041667    1.460667   2.5034155076E-002
    0.000000    0.000000   -2.039333    1.463000   2.5162664740E-002
    0.000000    0.000000   -2.037000    1.465333   2.5291855455E-002
    0.000000    0.000000   -2.034667    1.467667   2.5421731352E-002
    0.000000    0.000000   -2.032333    1.470000   2.5552296592E-002
    0.000000    0.000000   -2.030000    1.472333   2.5683555364E-002
    0.000000    0.000000   -2.027667    1.474667   2.5815511886E-002
    0.000000    0.000000   -2.025333    1.477000   2.5948170407E-002
    0.000000    0.000000   -2.023000    1.479333   2.6081535205E-002
    0.000000    0.000000   -2.020667    1.481667   2.6215610588E-002
    0.000000    0.000000   -2.018333    1.484000   2.6350400893E-002
    0.000000    0.000000   -2.016000    1.486333   2.6485910489E-002
    0.000000    0.000000   -2.013667    1.488667   2.6622143773E-002
    0.000000    0.000000   -2.011333    1.491000   2.6759105173E-002
    0.000000    0.000000   -2.009000    1.493333   2.6896799149E-002
    0.000000    0.000000   -2.006667    1.495667   2.7035230187E-002
    0.000000    0.000000   -2.004333    1.498000   2.7174402808E-002
    0.000000    0.000000   -2.002000    1.500333   2.7314321561E-002
    0.000000    0.000000   -1.999667    1.502667   2.7454991025E-002
    0.000000    0.000000   -1.997333    1.505000   2.7596415812E-002
    0.000000    0.000000   -1.995000    1.507333   2.7738600563E-002
    0.000000    0.000000   -1.992667    1.509667   2.7881549949E-002
    0.000000    0.000000   -1.990333    1.512000   2.8025268673E-002
    0.000000    0.000000   -1.988000    1.514333   2.8169761469E-002
    0.000000    0.000000   -1.985667    1.516667   2.8315033101E-002
    0.000000    0.000000   -1.983333    1.519000   2.8461088364E-002
    0.000000    0.000000   -1.981000    1.521333   2.8607932085E-002
    0.000000    0.000000   -1.978667    1.523667   2.8755569120E-002
    0.000000    0.000000   -1.976333    1.526000   2.8904004357E-002
    0.000000    0.000000   -1.974000    1.528333   2.9053242715E-002
    0.000000    0.000000   -1.971667    1.530667   2.9203289144E-002
    0.000000    0.000000   -1.969333    1.533000   2.9354148625E-002
    0.000000    0.000000   -1.967000    1.535333   2.9505826170E-002
    0.000000    0.000000   -1.964667    1.537667   2.9658326821E-002
    0.000000    0.000000   -1.962333    1.540000   2.9811655652E-002
    0.000000    0.000000   -1.960000    1.542333   2.9965817767E-002
    0.000000    0.000000   -1.957667    1.544667   3.0120818303E-002
    0.000000    0.000000   -1.955333    1.547000   3.0276662426E-002
    0.000000    0.000000   -1.953000    1.549333   3.0433355333E-002
    0.000000    0.000000   -1.950667    1.551667   3.0590902252E-002
    0.000000    0.000000   -1.948333    1.554000   3.0749308441E-002
    0.000000    0.000000   -1.946000    1.556333   3.0908579192E-002
    0.000000    0.000000   -1.943667    1.558667   3.1068719823E-002
    0.000000    0.000000   -1.941333    1.561000   3.1229735687E-002
    0.000000    0.000000   -1.939000    1.563333   3.1391632163E-002
    0.000000    0.000000   -1.936667    1.565667   3.1554414664E-002
    0.000000    0.000000   -1.934333    1.568000   3.1718088633E-002
    0.000000    0.000000   -1.932000    1.570333   3.1882659541E-002
    0.000000    0.000000   -1.929667    1.572667   3.2048132892E-002
    0.000000    0.000000   -1.927333    1.575000   3.2214514217E-002
    0.000000    0.000000   -1.925000    1.577333   3.2381809081E-002
    0.000000    0.000000   -1.922667    1.579667   3.2550023074E-002
    0.000000    0.000000   -1.920333    1.582000   3.2719161820E-002
    0.000000    0.000000   -1.918000    1.584333   3.2889230971E-002
    0.000000    0.000000   -1.915667    1.586667   3.3060236208E-002
    0.000000    0.000000   -1.913333    1.589000   3.3232183241E-002
    0.000000    0.000000   -1.911000    1.591333   3.3405077810E-002
    0.000000    0.000000   -1.908667    1.593667   3.3578925684E-002
    0.000000    0.000000   -1.906333    1.596000   3.3753732661E-002
    0.000000    0.000000   -1.904000    1.598333   3.3929504566E-002
    0.000000    0.000000   -1.901667    1.600667   3.4106247256E-002
    0.000000    0.000000   -1.899333    1.603000   3.4283966612E-002
    0.000000    0.000000   -1.897000    1.605333   3.4462668546E-002
    0.000000    0.000000   -1.894667    1.607667   3.4642358997E-002
    0.000000    0.000000   -1.892333    1.610000   3.4823043931E-002
    0.000000    0.000000   -1.890000    1.612333   3.5004729343E-002
    0.000000    0.000000   -1.887667    1.614667   3.5187421254E-002
    0.000000    0.000000   -1.885333    1.617000   3.5371125712E-002
    0.000000    0.000000   -1.883000    1.619333   3.5555848793E-002
    0.000000    0.000000   -1.880667    1.621667   3.5741596598E-002
    0.000000    0.000000   -1.878333    1.624000   3.5928375254E-002
    0.000000    0.000000   -1.876000    1.626333   3.6116190915E-002
    0.000000    0.000000   -1.873667    1.628667   3.6305049762E-002
    0.000000    0.000000   -1.871333    1.631000   3.6494957998E-002
    0.000000    0.000000   -1.869000    1.633333   3.6685921853E-002
    0.000000    0.000000   -1.866667    1.635667   3.6877947582E-002
    0.000000    0.000000   -1.864333    1.638000   3.7071041464E-002
    0.000000    0.000000   -1.862000    1.640333   3.7265209803E-002
    0.000000    0.000000   -1.859667    1.642667   3.7460458925E-002
    0.000000    0.000000   -1.857333    1.645000   3.7656795181E-002
    0.000000    0.000000   -1.855000    1.647333   3.7854224945E-002
    0.000000    0.000000   -1.852667    1.649667   3.8052754613E-002
    0.000000    0.000000   -1.850333    1.652000   3.8252390605E-002
    0.000000    0.000000   -1.848000    1.654333   3.8453139361E-002
    0.000000    0.000000   -1.845667    1.656667   3.8655007344E-002
    0.000000    0.000000   -1.843333    1.659000   3.8858001038E-002
    0.000000    0.000000   -1.841000    1.661333   3.9062126949E-002
    0.000000    0.000000   -1.838667    1.663667   3.9267391601E-002
    0.000000    0.000000   -1.836333    1.666000   3.9473801541E-002
    0.000000    0.000000   -1.834000    1.668333   3.9681363333E-002
    0.000000    0.000000   -1.831667    1.670667   3.9890083562E-002
    0.000000    0.000000   -1.829333    1.673000   4.0099968832E-002
    0.000000    0.000000   -1.827000    1.675333   4.0311025764E-002
    0.000000    0.000000   -1.824667    1.677667   4.0523260998E-002
    0.000000    0.000000   -1.822333    1.680000   4.0736681192E-002
    0.000000    0.000000   -1.820000    1.682333   4.0951293019E-002
    0.000000    0.000000   -1.817667    1.684667   4.1167103170E-002
    0.000000    0.000000   -1.815333    1.687000   4.1384118352E-002
    0.000000    0.000000   -1.813000    1.689333   4.1602345288E-002
    0.000000    0.000000   -1.810667    1.691667   4.1821790716E-002
    0.000000    0.000000   -1.808333    1.694000   4.2042461387E-002
    0.000000    0.000000   -1.806000    1.696333   4.2264364068E-002
    0.000000    0.000000   -1.803667    1.698667   4.2487505539E-002
    0.000000    0.000000   -1.801333    1.701000   4.2711892593E-002
    0.000000    0.000000   -1.799000    1.703333   4.2937532036E-002
    0.000000    0.000000   -1.796667    1.705667   4.3164430686E-002
    0.000000    0.000000   -1.794333    1.708000   4.3392595371E-002
    0.000000    0.000000   -1.792000    1.710333   4.3622032933E-002
    0.000000    0.000000   -1.789667    1.712667   4.3852750222E-002
    0.000000    0.000000   -1.787333    1.715000   4.4084754099E-002
    0.000000    0.000000   -1.785000    1.717333   4.4318051435E-002
    0.000000    0.000000   -1.782667    1.719667   4.4552649107E-002
    0.000000    0.000000   -1.780333    1.722000   4.4788554004E-002
    0.000000    0.000000   -1.778000    1.724333   4.5025773021E-002
    0.000000    0.000000   -1.775667    1.726667   4.5264313060E-002
    0.000000    0.000000   -1.773333    1.729000   4.5504181031E-002
    0.000000    0.000000   -1.771000    1.731333   4.5745383848E-002
    0.000000    0.000000   -1.768667    1.733667   4.5987928433E-002
    0.000000    0.000000   -1.766333    1.736000   4.6231821711E-002
    0.000000    0.000000   -1.764000    1.738333   4.6477070613E-002
    0.000000    0.000000   -1.761667    1.740667   4.6723682073E-002
    0.000000    0.000000   -1.759333    1.743000   4.6971663029E-002
    0.000000    0.000000   -1.757000    1.745333   4.7221020422E-002
    0.000000    0.000000   -1.754667    1.747667   4.7471761194E-002
    0.000000    0.000000   -1.752333    1.750000   4.7723892291E-002
    0.000000    0.000000   -1.750000    1.752333   4.7977420660E-002
    0.000000    0.000000   -1.747667    1.754667   4.8232353246E-002
    0.000000    0.000000   -1.745333    1.757000   4.8488696997E-002
    0.000000    0.000000   -1.743000    1.759333   4.8746458862E-002
    0.000000    0.000000   -1.740667    1.761667   4.9005645785E-002
    0.000000    0.000000   -1.738333    1.764000   4.9266264714E-002
    0.000000    0.000000   -1.736000    1.766333   4.9528322591E-002
    0.000000    0.000000   -1.733667    1.768667   4.9791826358E-002
    0.000000    0.000000   -1.731333    1.771000   5.0056782956E-002
    0.000000    0.000000   -1.729000    1.773333   5.0323199320E-002
    0.000000    0.000000   -1.726667    1.775667   5.0591082383E-002
    0.000000    0.000000   -1.724333    1.778000   5.0860439077E-002
    0.000000    0.000000   -1.722000    1.780333   5.1131276325E-002
    0.000000    0.000000   -1.719667    1.782667   5.1403601049E-002
    0.000000    0.000000   -1.717333    1.785000   5.1677420167E-002
    0.000000    0.000000   -1.715000    1.787333   5.1952740589E-002
    0.000000    0.000000   -1.712667    1.789667   5.2229569223E-002
    0.000000    0.000000   -1.710333    1.792000   5.2507912969E-002
    0.000000    0.000000   -1.708000    1.794333   5.2787778722E-002
    0.000000    0.000000   -1.705667    1.796667   5.3069173373E-002
    0.000000    0.000000   -1.703333    1.799000   5.3352103805E-002
    0.000000    0.000000   -1.701000    1.801333   5.3636576895E-002
    0.000000    0.000000   -1.698667    1.803667   5.3922599514E-002
    0.000000    0.000000   -1.696333    1.806000   5.4210178528E-002
    0.000000    0.000000   -1.694000    1.808333   5.4499320795E-002
    0.000000    0.000000   -1.691667    1.810667   5.4790033167E-002
    0.000000    0.000000   -1.689333    1.813000   5.5082322492E-002
    0.000000    0.000000   -1.687000    1.815333   5.5376195610E-002
    0.000000    0.000000   -1.684667    1.817667   5.5671659355E-002
    0.000000    0.000000   -1.682333    1.820000   5.5968720557E-002
    0.000000    0.000000   -1.680000    1.822333   5.6267386039E-002
    0.000000    0.000000   -1.677667    1.824667   5.6567662620E-002
    0.000000    0.000000   -1.675333    1.827000   5.6869557113E-002
    0.000000    0.000000   -1.673000    1.829333   5.7173076330E-002
    0.000000    0.000000   -1.670667    1.831667   5.7478227077E-002
    0.000000    0.000000   -1.668333    1.834000   5.7785016155E-002
    0.000000    0.000000   -1.666000    1.836333   5.8093450368E-002
    0.000000    0.000000   -1.663667    1.838667   5.8403536512E-002
    0.000000    0.000000   -1.661333    1.841000   5.8715281387E-002
    0.000000    0.000000   -1.659000    1.843333   5.9028691790E-002
    0.000000    0.000000   -1.656667    1.845667   5.9343774520E-002
    0.000000    0.000000   -1.654333    1.848000   5.9660536377E-002
    0.000000    0.000000   -1.652000    1.850333   5.9978984165E-002
    0.000000    0.000000   -1.649667    1.852667   6.0299124690E-002
    0.000000    0.000000   -1.647333    1.855000   6.0620964766E-002
    0.000000    0.000000   -1.645000    1.857333   6.0944511212E-002
    0.000000    0.000000   -1.642667    1.859667   6.1269770855E-002
    0.000000    0.000000   -1.640333    1.862000   6.1596750532E-002
    0.000000    0.000000   -1.638000    1.864333   6.1925457091E-002
    0.000000    0.000000   -1.635667    1.866667   6.2255897393E-002
    0.000000    0.000000   -1.633333    1.869000   6.2588078314E-002
    0.000000    0.000000   -1.631000    1.871333   6.2922006746E-002
    0.000000    0.000000   -1.628667    1.873667   6.3257689602E-002
    0.000000    0.000000   -1.626333    1.876000   6.3595133812E-002
    0.000000    0.000000   -1.624000    1.878333   6.3934346334E-002
    0.000000    0.000000   -1.621667    1.880667   6.4275334147E-002
    0.000000    0.000000   -1.619333    1.883000   6.4618104261E-002
    0.000000    0.000000   -1.617000    1.885333   6.4962663716E-002
    0.000000    0.000000   -1.614667    1.887667   6.5309019586E-002
    0.000000    0.000000   -1.612333    1.890000   6.5657178980E-002
    0.000000    0.000000   -1.610000    1.892333   6.6007149049E-002
    0.000000    0.000000   -1.607667    1.894667   6.6358936983E-002
    0.000000    0.000000   -1.605333    1.897000   6.6712550021E-002
    0.000000    0.000000   -1.603000    1.899333   6.7067995450E-002
    0.000000    0.000000   -1.600667    1.901667   6.7425280610E-002
    0.000000    0.000000   -1.598333    1.904000   6.7784412897E-002
    0.000000    0.000000   -1.596000    1.906333   6.8145399770E-002
    0.000000    0.000000   -1.593667    1.908667   6.8508248749E-002
    0.000000    0.000000   -1.591333    1.911000   6.8872967426E-002
    0.000000    0.000000   -1.589000    1.913333   6.9239563462E-002
    0.000000    0.000000   -1.586667    1.915667   6.9608044600E-002
    0.000000    0.000000   -1.584333    1.918000   6.9978418661E-002
    0.000000    0.000000   -1.582000    1.920333   7.0350693555E-002
    0.000000    0.000000   -1.579667    1.922667   7.0724877284E-002
    0.000000    0.000000   -1.577333    1.925000   7.1100977945E-002
    0.000000    0.000000   -1.575000    1.927333   7.1479003738E-002
    0.000000    0.000000   -1.572667    1.929667   7.1858962971E-002
    0.000000    0.000000   -1.570333    1.932000   7.2240864065E-002
    0.000000    0.000000   -1.568000    1.934333   7.2624715558E-002
    0.000000    0.000000   -1.565667    1.936667   7.3010526114E-002
    0.000000    0.000000   -1.563333    1.939000   7.3398304529E-002
    0.000000    0.000000   -1.561000    1.941333   7.3788059732E-002
    0.000000    0.000000   -1.558667    1.943667   7.4179800799E-002
    0.000000    0.000000   -1.556333    1.946000   7.4573536953E-002
    0.000000    0.000000   -1.554000    1.948333   7.4969277576E-002
    0.000000    0.000000   -1.551667    1.950667   7.5367032210E-002
    0.000000    0.000000   -1.549333    1.953000   7.5766810569E-002
    0.000000    0.000000   -1.547000    1.955333   7.6168622544E-002
    0.000000    0.000000   -1.544667    1.957667   7.6572478211E-002
    0.000000    0.000000   -1.542333    1.960000   7.6978387837E-002
    0.000000    0.000000   -1.540000    1.962333   7.7386361888E-002
    0.000000    0.000000   -1.537667    1.964667   7.7796411038E-002
    0.000000    0.000000   -1.535333    1.967000   7.8208546176E-002
    0.000000    0.000000   -1.533000    1.969333   7.8622778413E-002
    0.000000    0.000000   -1.530667    1.971667   7.9039119092E-002
    0.000000    0.000000   -1.528333    1.974000   7.9457579794E-002
    0.000000    0.000000   -1.526000    1.976333   7.9878172346E-002
    0.000000    0.000000   -1.523667    1.978667   8.0300908834E-002
    0.000000    0.000000   -1.521333    1.981000   8.0725801606E-002
    0.000000    0.000000   -1.519000    1.983333   8.1152863282E-002
    0.000000    0.000000   -1.516667    1.985667   8.1582106764E-002
    0.000000    0.000000   -1.514333    1.988000   8.2013545246E-002
    0.000000    0.000000   -1.512000    1.990333   8.2447192217E-002
    0.000000    0.000000   -1.509667    1.992667   8.2883061475E-002
    0.000000    0.000000   -1.507333    1.995000   8.3321167137E-002
    0.000000    0.000000   -1.505000    1.997333   8.3761523640E-002
    0.000000    0.000000   -1.502667    1.999667   8.4204145760E-002
    0.000000    0.000000   -1.500333    2.002000   8.4649048613E-002
    0.000000    0.000000   -1.498000    2.004333   8.5096247668E-002
    0.000000    0.000000   -1.495667    2.006667   8.5545758755E-002
    0.000000    0.000000   -1.493333    2.009000   8.5997598073E-002
    0.000000    0.000000   -1.491000    2.011333   8.6451782199E-002
    0.000000    0.000000   -1.488667    2.013667   8.6908328099E-002
    0.000000    0.000000   -1.486333    2.016000   8.7367253132E-002
    0.000000    0.000000   -1.484000    2.018333   8.7828575063E-002
    0.000000    0.000000   -1.481667    2.020667   8.8292312070E-002
    0.000000    0.000000   -1.479333    2.023000   8.8758482751E-002
    0.000000    0.000000   -1.477000    2.025333   8.9227106132E-002
    0.000000    0.000000   -1.474667    2.027667   8.9698201679E-002
    0.000000    0.000000   -1.472333    2.030000   9.0171789300E-002
    0.000000    0.000000   -1.470000    2.032333   9.0647889359E-002
    0.000000    0.000000   -1.467667    2.034667   9.1126522675E-002
    0.000000    0.000000   -1.465333    2.037000   9.1607710538E-002
    0.000000    0.000000   -1.463000    2.039333   9.2091474710E-002
    0.000000    0.000000   -1.460667    2.041667   9.2577837434E-002
    0.000000    0.000000   -1.458333    2.044000   9.3066821437E-002
    0.000000    0.000000   -1.456000    2.046333   9.3558449942E-002
    0.000000    0.000000   -1.453667    2.048667   9.4052746668E-002
    0.000000    0.000000   -1.451333    2.051000   9.4549735836E-002
    0.000000    0.000000   -1.449000    2.053333   9.5049442176E-002
    0.000000    0.000000   -1.446667    2.055667   9.5551890931E-002
    0.000000    0.000000   -1.444333    2.058000   9.6057107856E-002
    0.000000    0.000000   -1.442000    2.060333   9.6565119228E-002
    0.000000    0.000000   -1.439667    2.062667   9.7075951845E-002
    0.000000    0.000000   -1.437333    2.065000   9.7589633029E-002
    0.000000    0.000000   -1.435000    2.067333   9.8106190627E-002
    0.000000    0.000000   -1.432667    2.069667   9.8625653013E-002
    0.000000    0.000000   -1.430333    2.072000   9.9148049088E-002
    0.000000    0.000000   -1.428000    2.074333   9.9673408280E-002
    0.000000    0.000000   -1.425667    2.076667   1.0020176054E-001
    0.000000    0.000000   -1.423333    2.079000   1.0073313635E-001
    0.000000    0.000000   -1.421000    2.081333   1.0126756670E-001
    0.000000    0.000000   -1.418667    2.083667   1.0180508312E-001
    0.000000    0.000000   -1.416333    2.086000   1.0234571763E-001
    0.000000    0.000000   -1.414000    2.088333   1.0288950278E-001
    0.000000    0.000000   -1.411667    2.090667   1.0343647160E-001
    0.000000    0.000000   -1.409333    2.093000   1.0398665765E-001
    0.000000    0.000000   -1.407000    2.095333   1.0454009494E-001
    0.000000    0.000000   -1.404667    2.097667   1.0509681800E-001
    0.000000    0.000000   -1.402333    2.100000   1.0565686181E-001
    0.000000    0.000000   -1.400000    2.102333   1.0622026180E-001
    0.000000    0.000000   -1.397667    2.104667   1.0678705388E-001
    0.000000    0.000000   -1.395333    2.107000   1.0735727436E-001
    0.000000    0.000000   -1.393000    2.109333   1.0793096001E-001
    0.000000    0.000000   -1.390667    2.111667   1.0850814798E-001
    0.000000    0.000000   -1.388333    2.114000   1.0908887581E-001
    0.000000    0.000000   -1.386000    2.116333   1.0967318144E-001
    0.000000    0.000000   -1.383667    2.118667   1.1026110315E-001
    0.000000    0.000000   -1.381333    2.121000   1.1085267954E-001
    0.000000    0.000000   -1.379000    2.123333   1.1144794956E-001
    0.000000    0.000000   -1.376667    2.125667   1.1204695242E-001
    0.000000    0.000000   -1.374333    2.128000   1.1264972762E-001
    0.000000    0.000000   -1.372000    2.130333   1.1325631489E-001
    0.000000    0.000000   -1.369667    2.132667   1.1386675419E-001
    0.000000    0.000000   -1.367333    2.135000   1.1448108566E-001
    0.000000    0.000000   -1.365000    2.137333   1.1509934962E-001
    0.000000    0.000000   -1.362667    2.139667   1.1572158649E-001
    0.000000    0.000000   -1.360333    2.142000   1.1634783682E-001
    0.000000    0.000000   -1.358000    2.144333   1.1697814120E-001
    0.000000    0.000000   -1.355667    2.146667   1.1761254028E-001
    0.000000    0.000000   -1.353333    2.149000   1.1825107468E-001
    0.000000    0.000000   -1.351000    2.151333   1.1889378498E-001
    0.000000    0.000000   -1.348667    2.153667   1.1954071170E-001
    0.000000    0.000000   -1.346333    2.156000   1.2019189521E-001
    0.000000    0.000000   -1.344000    2.158333   1.2084737574E-001
    0.000000    0.000000   -1.341667    2.160667   1.2150719331E-001
    0.000000    0.000000   -1.339333    2.163000   1.2217138767E-001
    0.000000    0.000000   -1.337000    2.165333   1.2283999829E-001
    0.000000    0.000000   -1.334667    2.167667   1.2351306429E-001
    0.000000    0.000000   -1.332333    2.170000   1.2419062440E-001
    0.000000    0.000000   -1.330000    2.172333   1.2487271689E-001
    0.000000    0.000000   -1.327667    2.174667   1.2555937956E-001
    0.000000    0.000000   -1.325333    2.177000   1.2625064964E-001
    0.000000    0.000000   -1.323000    2.179333   1.2694656376E-001
    0.000000    0.000000   -1.320667    2.181667   1.2764715789E-001
    0.000000    0.000000   -1.318333    2.184000   1.2835246729E-001
    0.000000    0.000000   -1.316000    2.186333   1.2906252644E-001
    0.000000    0.000000   -1.313667    2.188667   1.2977736900E-001
    0.000000    0.000000   -1.311333    2.191000   1.3049702771E-001
    0.000000    0.000000   -1.309000    2.193333   1.3122153439E-001
    0.000000    0.000000   -1.306667    2.195667   1.3195091980E-001
    0.000000    0.000000   -1.304333    2.198000   1.3268521367E-001
    0.000000    0.000000   -1.302000    2.200333   1.3342444454E-001
    0.000000    0.000000   -1.299667    2.202667   1.3416863977E-001
    0.000000    0.000000   -1.297333    2.205000   1.3491782544E-001
    0.000000    0.000000   -1.295000    2.207333   1.3567202628E-001
    0.000000    0.000000   -1.292667    2.209667   1.3643126564E-001
    0.000000    0.000000   -1.290333    2.212000   1.3719556537E-001
    0.000000    0.000000   -1.288000    2.214333   1.3796494580E-001
    0.000000    0.000000   -1.285667    2.216667   1.3873942566E-001
    0.000000    0.000000   -1.283333    2.219000   1.3951902201E-001
    0.000000    0.000000   -1.281000    2.221333   1.4030375017E-001
    0.000000    0.000000   -1.278667    2.223667   1.4109362366E-001
    0.000000    0.000000   -1.276333    2.226000   1.4188865416E-001
    0.000000    0.000000   -1.274000    2.228333   1.4268885141E-001
    0.000000    0.000000   -1.271667    2.230667   1.4349422318E-001
    0.000000    0.000000   -1.269333    2.233000   1.4430477518E-001
    0.000000    0.000000   -1.267000    2.235333   1.4512051106E-001
    0.000000    0.000000   -1.264667    2.237667   1.4594143228E-001
    0.000000    0.000000   -1.262333    2.240000   1.4676753814E-001
    0.000000    0.000000   -1.260000    2.242333   1.4759882567E-001
    0.000000    0.000000   -1.257667    2.244667   1.4843528963E-001
    0.000000    0.000000   -1.255333    2.247000   1.4927692244E-001
    0.000000    0.000000   -1.253000    2.249333   1.5012371417E-001
    0.000000    0.000000   -1.250667    2.251667   1.5097565253E-001
    0.000000    0.000000   -1.248333    2.254000   1.5183272278E-001
    0.000000    0.000000   -1.246000    2.256333   1.5269490782E-001
    0.000000    0.000000   -1.243667    2.258667   1.5356218809E-001
    0.000000    0.000000   -1.241333    2.261000   1.5443454163E-001
    0.000000    0.000000   -1.239000    2.263333   1.5531194410E-001
    0.000000    0.000000   -1.236667    2.265667   1.5619436875E-001
    0.000000    0.000000   -1.234333    2.268000   1.5708178653E-001
    0.000000    0.000000   -1.232000    2.270333   1.5797416606E-001
    0.000000    0.000000   -1.229667    2.272667   1.5887147378E-001
    0.000000    0.000000   -1.227333    2.275000   1.5977367396E-001
    0.000000    0.000000   -1.225000    2.277333   1.6068072881E-001
    0.000000    0.000000   -1.222667    2.279667   1.6159259862E-001
    0.000000    0.000000   -1.220333    2.282000   1.6250924186E-001
    0.000000    0.000000   -1.218000    2.284333   1.6343061535E-001
    0.000000    0.000000   -1.215667    2.286667   1.6435667440E-001
    0.000000    0.000000   -1.213333    2.289000   1.6528737305E-001
    0.000000    0.000000   -1.211000    2.291333   1.6622266425E-001
    0.000000    0.000000   -1.208667    2.293667   1.6716250010E-001
    0.000000    0.000000   -1.206333    2.296000   1.6810683215E-001
    0.000000    0.000000   -1.204000    2.298333   1.6905561166E-001
    0.000000    0.000000   -1.201667    2.300667   1.7000878994E-001
    0.000000    0.000000   -1.199333    2.303000   1.7096631869E-001
    0.000000    0.000000   -1.197000    2.305333   1.7192815039E-001
    0.000000    0.000000   -1.194667    2.307667   1.7289423870E-001
    0.000000    0.000000   -1.192333    2.310000   1.7386453891E-001
    0.000000    0.000000   -1.190000    2.312333   1.7483900839E-001
    0.000000    0.000000   -1.187667    2.314667   1.7581760713E-001
    0.000000    0.000000   -1.185333    2.317000   1.7680029821E-001
    0.000000    0.000000   -1.183000    2.319333   1.7778704844E-001
    0.000000    0.000000   -1.180667    2.321667   1.7877782887E-001
    0.000000    0.000000   -1.178333    2.324000   1.7977261545E-001
    0.000000    0.000000   -1.176000    2.326333   1.8077138965E-001
    0.000000    0.000000   -1.173667    2.328667   1.8177413913E-001
    0.000000    0.000000   -1.171333    2.331000   1.8278085843E-001
    0.000000    0.000000   -1.169000    2.333333   1.8379154963E-001
    0.000000    0.000000   -1.166667    2.335667   1.8480622307E-001
    0.000000    0.000000   -1.164333    2.338000   1.8582489810E-001
    0.000000    0.000000   -1.162000    2.340333   1.8684760373E-001
    0.000000    0.000000   -1.159667    2.342667   1.8787437938E-001
    0.000000    0.000000   -1.157333    2.345000   1.8890527556E-001
    0.000000    0.000000   -1.155000    2.347333   1.8994035455E-001
    0.000000    0.000000   -1.152667    2.349667   1.9097969105E-001
    0.000000    0.000000   -1.150333    2.352000   1.9202337279E-001
    0.000000    0.000000   -1.148000    2.354333   1.9307150109E-001
    0.000000    0.000000   -1.145667    2.356667   1.9412419136E-001
    0.000000    0.000000   -1.143333    2.359000   1.9518157358E-001
    0.000000    0.000000   -1.141000    2.361333   1.9624379262E-001
    0.000000    0.000000   -1.138667    2.363667   1.9731100853E-001
    0.000000    0.000000   -1.136333    2.366000   1.9838339671E-001
    0.000000    0.000000   -1.134000    2.368333   1.9946114796E-001
    0.000000    0.000000   -1.131667    2.370667   2.0054446842E-001
    0.000000    0.000000   -1.129333    2.373000   2.0163357934E-001
    0.000000    0.000000   -1.127000    2.375333   2.0272871670E-001
    0.000000    0.000000   -1.124667    2.377667   2.0383013071E-001
    0.000000    0.000000   -1.122333    2.380000   2.0493808507E-001
    0.000000    0.000000   -1.120000    2.382333   2.0605285606E-001
    0.000000    0.000000   -1.117667    2.384667   2.0717473147E-001
    0.000000    0.000000   -1.115333    2.387000   2.0830400922E-001
    0.000000    0.000000   -1.113000    2.389333   2.0944099587E-001
    0.000000    0.000000   -1.110667    2.391667   2.1058600483E-001
    0.000000    0.000000   -1.108333    2.394000   2.1173935435E-001
    0.000000    0.000000   -1.106000    2.396333   2.1290136528E-001
    0.000000    0.000000   -1.103667    2.398667   2.1407235855E-001
    0.000000    0.000000   -1.101333    2.401000   2.1525265249E-001
    0.000000    0.000000   -1.099000    2.403333   2.1644255980E-001
    0.000000    0.000000   -1.096667    2.405667   2.1764238437E-001
    0.000000    0.000000   -1.094333    2.408000   2.1885241780E-001
    0.000000    0.000000   -1.092000    2.410333   2.2007293574E-001
    0.000000    0.000000   -1.089667    2.412667   2.2130419404E-001
    0.000000    0.000000   -1.087333    2.415000   2.2254642463E-001
    0.000000    0.000000   -1.085000    2.417333   2.2379983130E-001
    0.000000    0.000000   -1.082667    2.419667   2.2506458530E-001
    0.000000    0.000000   -1.080333    2.422000   2.2634082080E-001
    0.000000    0.000000   -1.078000    2.424333   2.2762863027E-001
    0.000000    0.000000   -1.075667    2.426667   2.2892805979E-001
    0.000000    0.000000   -1.073333    2.429000   2.3023910433E-001
    0.000000    0.000000   -1.071000    2.431333   2.3156170300E-001
    0.000000    0.000000   -1.068667    2.433667   2.3289573442E-001
    0.000000    0.000000   -1.066333    2.436000   2.3424101206E-001
    0.000000    0.000000   -1.064000    2.438333   2.3559727988E-001
    0.000000    0.000000   -1.061667    2.440667   2.3696420795E-001
    0.000000    0.000000   -1.059333    2.443000   2.3834138846E-001
    0.000000    0.000000   -1.057000    2.445333   2.3972833193E-001
    0.000000    0.000000   -1.054667    2.447667   2.4112446373E-001
    0.000000    0.000000   -1.052333    2.450000   2.4252912102E-001
    0.000000    0.000000   -1.050000    2.452333   2.4394155006E-001
    0.000000    0.000000   -1.047667    2.454667   2.4536090402E-001
    0.000000    0.000000   -1.045333    2.457000   2.4678624133E-001
    0.000000    0.000000   -1.043000    2.459333   2.4821652447E-001
    0.000000    0.000000   -1.040667    2.461667   2.4965061952E-001
    0.000000    0.000000   -1.038333    2.464000   2.5108729621E-001
    0.000000    0.000000   -1.036000    2.466333   2.5252522867E-001
    0.000000    0.000000   -1.033667    2.468667   2.5396299693E-001
    0.000000    0.000000   -1.031333    2.471000   2.5539908905E-001
    0.000000    0.000000   -1.029000    2.473333   2.5683190403E-001
    0.000000    0.000000   -1.026667    2.475667   2.5825975549E-001
    0.000000    0.000000   -1.024333    2.478000   2.5968087599E-001
    0.000000    0.000000   -1.022000    2.480333   2.6109342223E-001
    0.000000    0.000000   -1.019667    2.482667   2.6249548089E-001
    0.000000    0.000000   -1.017333    2.485000   2.6388507526E-001
    0.000000    0.000000   -1.015000    2.487333   2.6526017245E-001
    0.000000    0.000000   -1.012667    2.489667   2.6661869140E-001
    0.000000    0.000000   -1.010333    2.492000   2.6795851145E-001
    0.000000    0.000000   -1.008000    2.494333   2.6927748144E-001
    0.000000    0.000000   -1.005667    2.496667   2.7057342942E-001
    0.000000    0.000000   -1.003333    2.499000   2.7184417275E-001
    0.000000    0.000000   -1.001000    2.501333   2.7308752869E-001
    0.000000    0.000000   -0.998667    2.503667   2.7430132517E-001
    0.000000    0.000000   -0.996333    2.506000   2.7548341196E-001
    0.000000    0.000000   -0.994000    2.508333   2.7663167193E-001
    0.000000    0.000000   -0.991667    2.510667   2.7774403237E-001
    0.000000    0.000000   -0.989333    2.513000   2.7881847637E-001
    0.000000    0.000000   -0.987000    2.515333   2.7985305406E-001
    0.000000    0.000000   -0.984667    2.517667   2.8084589367E-001
    0.000000    0.000000   -0.982333    2.520000   2.8179521234E-001
    0.000000    0.000000   -0.980000    2.522333   2.8269932649E-001
    0.000000    0.000000   -0.977667    2.524667   2.8355666183E-001
    0.000000    0.000000   -0.975333    2.527000   2.8436576276E-001
    0.000000    0.000000   -0.973000    2.529333   2.8512530120E-001
    0.000000    0.000000   -0.970667    2.531667   2.8583408461E-001
    0.000000    0.000000   -0.968333    2.534000   2.8649106341E-001
    0.000000    0.000000   -0.966000    2.536333   2.8709533740E-001
    0.000000    0.000000   -0.963667    2.538667   2.8764616137E-001
    0.000000    0.000000   -0.961333    2.541000   2.8814294978E-001
    0.000000    0.000000   -0.959000    2.543333   2.8858528034E-001
    0.000000    0.000000   -0.956667    2.545667   2.8897289672E-001
    0.000000    0.000000   -0.954333    2.548000   2.8930571011E-001
    0.000000    0.000000   -0.952000    2.550333   2.8958379972E-001
    0.000000    0.000000   -0.949667    2.552667   2.8980741231E-001
    0.000000    0.000000   -0.947333    2.555000   2.8997696052E-001
    0.000000    0.000000   -0.945000    2.557333   2.9009302028E-001
    0.000000    0.000000   -0.942667    2.559667   2.9015632712E-001
    0.000000    0.000000   -0.940333    2.562000   2.9016777152E-001
    0.000000    0.000000   -0.938000    2.564333   2.9012839335E-001
    0.000000    0.000000   -0.935667    2.566667   2.9003937531E-001
    0.000000    0.000000   -0.933333    2.569000   2.8990203565E-001
    0.000000    0.000000   -0.931000    2.571333   2.8971782006E-001
    0.000000    0.000000   -0.928667    2.573667   2.8948829287E-001
    0.000000    0.000000   -0.926333    2.576000   2.8921512760E-001
    0.000000    0.000000   -0.924000    2.578333   2.8890009706E-001
    0.000000    0.000000   -0.921667    2.580667   2.8854506285E-001
    0.000000    0.000000   -0.919333    2.583000   2.8815196464E-001
    0.000000    0.000000   -0.917000    2.585333   2.8772280907E-001
    0.000000    0.000000   -0.914667    2.587667   2.8725965854E-001
    0.000000    0.000000   -0.912333    2.590000   2.8676461982E-001
    0.000000    0.000000   -0.910000    2.592333   2.8623983276E-001
    0.000000    0.000000   -0.907667    2.594667   2.8568745898E-001
    0.000000    0.000000   -0.905333    2.597000   2.8510967081E-001
    0.000000    0.000000   -0.903000    2.599333   2.8450864040E-001
    0.000000    0.000000   -0.900667    2.601667   2.8388652926E-001
    0.000000    0.000000   -0.898333    2.604000   2.8324547810E-001
    0.000000    0.000000   -0.896000    2.606333   2.8258759718E-001
    0.000000    0.000000   -0.893667    2.608667   2.8191495718E-001
    0.000000    0.000000   -0.891333    2.611000   2.8122958065E-001
    0.000000    0.000000   -0.889000    2.613333   2.8053343408E-001
    0.000000    0.000000   -0.886667    2.615667   2.7982842059E-001
    0.000000    0.000000   -0.884333    2.618000   2.7911637343E-001
    0.000000    0.000000   -0.882000    2.620333   2.7839905006E-001
    0.000000    0.000000   -0.879667    2.622667   2.7767812706E-001
    0.000000    0.000000   -0.877333    2.625000   2.7695519573E-001
    0.000000    0.000000   -0.875000    2.627333   2.7623175851E-001
    0.000000    0.000000   -0.872667    2.629667   2.7550922603E-001
    0.000000    0.000000   -0.870333    2.632000   2.7478891499E-001
    0.000000    0.000000   -0.868000    2.634333   2.7407204673E-001
    0.000000    0.000000   -0.865667    2.636667   2.7335974646E-001
    0.000000    0.000000   -0.863333    2.639000   2.7265304320E-001
    0.000000    0.000000   -0.861000    2.641333   2.7195287030E-001
    0.000000    0.000000   -0.858667    2.643667   2.7126006661E-001
    0.000000    0.000000   -0.856333    2.646000   2.7057537815E-001
    0.000000    0.000000   -0.854000    2.648333   2.6989946035E-001
    0.000000    0.000000   -0.851667    2.650667   2.6923288071E-001
    0.000000    0.000000   -0.849333    2.653000   2.6857612189E-001
    0.000000    0.000000   -0.847000    2.655333   2.6792958519E-001
    0.000000    0.000000   -0.844667    2.657667   2.6729359433E-001
    0.000000    0.000000   -0.842333    2.660000   2.6666839950E-001
    0.000000    0.000000   -0.840000    2.662333   2.6605418169E-001
    0.000000    0.000000   -0.837667    2.664667   2.6545105708E-001
    0.000000    0.000000   -0.835333    2.667000   2.6485908171E-001
    0.000000    0.000000   -0.833000    2.669333   2.6427825610E-001
    0.000000    0.000000   -0.830667    2.671667   2.6370853002E-001
    0.000000    0.000000   -0.828333    2.674000   2.6314980719E-001
    0.000000    0.000000   -0.826000    2.676333   2.6260194999E-001
    0.000000    0.000000   -0.823667    2.678667   2.6206478407E-001
    0.000000    0.000000   -0.821333    2.681000   2.6153810291E-001
    0.000000    0.000000   -0.819000    2.683333   2.6102167219E-001
    0.000000    0.000000   -0.816667    2.685667   2.6051523405E-001
    0.000000    0.000000   -0.814333    2.688000   2.6001851115E-001
    0.000000    0.000000   -0.812000    2.690333   2.5953121058E-001
    0.000000    0.000000   -0.809667    2.692667   2.5905302750E-001
    0.000000    0.000000   -0.807333    2.695000   2.5858364858E-001
    0.000000    0.000000   -0.805000    2.697333   2.5812275526E-001
    0.000000    0.000000   -0.802667    2.699667   2.5767002668E-001
    0.000000    0.000000   -0.800333    2.702000   2.5722514240E-001
    0.000000    0.000000   -0.798000    2.704333   2.5678778498E-001
    0.000000    0.000000   -0.795667    2.706667   2.5635764210E-001
    0.000000    0.000000   -0.793333    2.709000   2.5593440868E-001
    0.000000    0.000000   -0.791000    2.711333   2.5551778856E-001
    0.000000    0.000000   -0.788667    2.713667   2.5510749610E-001
    0.000000    0.000000   -0.786333    2.716000   2.5470325744E-001
    0.000000    0.000000   -0.784000    2.718333   2.5430481168E-001
    0.000000    0.000000   -0.781667    2.720667   2.5391191171E-001
    0.000000    0.000000   -0.779333    2.723000   2.5352432495E-001
    0.000000    0.000000   -0.777000    2.725333   2.5314183391E-001
    0.000000    0.000000   -0.774667    2.727667   2.5276423651E-001
    0.000000    0.000000   -0.772333    2.730000   2.5239134632E-001
    0.000000    0.000000   -0.770000    2.732333   2.5202299262E-001
    0.000000    0.000000   -0.767667    2.734667   2.5165902035E-001
    0.000000    0.000000   -0.765333    2.737000   2.5129928994E-001
    0.000000    0.000000   -0.763000    2.739333   2.5094367703E-001
    0.000000    0.000000   -0.760667    2.741667   2.5059207211E-001
    0.000000    0.000000   -0.758333    2.744000   2.5024438005E-001
    0.000000    0.000000   -0.756000    2.746333   2.4990051964E-001
    0.000000    0.000000   -0.753667    2.748667   2.4956042299E-001
    0.000000    0.000000   -0.751333    2.751000   2.4922403490E-001
    0.000000    0.000000   -0.749000    2.753333   2.4889131227E-001
    0.000000    0.000000   -0.746667    2.755667   2.4856222334E-001
    0.000000    0.000000   -0.744333    2.758000   2.4823674706E-001
    0.000000    0.000000   -0.742000    2.760333   2.4791487237E-001
    0.000000    0.000000   -0.739667    2.762667   2.4759659745E-001
    0.000000    0.000000   -0.737333    2.765000   2.4728192904E-001
    0.000000    0.000000   -0.735000    2.767333   2.4697088171E-001
    0.000000    0.000000   -0.732667    2.769667   2.4666347719E-001
    0.000000    0.000000   -0.730333    2.772000   2.4635974367E-001
    0.000000    0.000000   -0.728000    2.774333   2.4605971515E-001
    0.000000    0.000000   -0.725667    2.776667   2.4576343076E-001
    0.000000    0.000000   -0.723333    2.779000   2.4547093422E-001
    0.000000    0.000000   -0.721000    2.781333   2.4518227318E-001
    0.000000    0.000000   -0.718667    2.783667   2.4489749868E-001
    0.000000    0.000000   -0.716333    2.786000   2.4461666464E-001
    0.000000    0.000000   -0.714000    2.788333   2.4433982734E-001
    0.000000    0.000000   -0.711667    2.790667   2.4406704493E-001
    0.000000    0.000000   -0.709333    2.793000   2.4379837701E-001
    0.000000    0.000000   -0.707000    2.795333   2.4353388423E-001
    0.000000    0.000000   -0.704667    2.797667   2.4327362787E-001
    0.000000    0.000000   -0.702333    2.800000   2.4301766952E-001
    0.000000    0.000000   -0.700000    2.802333   2.4276607076E-001
    0.000000    0.000000   -0.697667    2.804667   2.4251889282E-001
    0.000000    0.000000   -0.695333    2.807000   2.4227619637E-001
    0.000000    0.000000   -0.693000    2.809333   2.4203804124E-001
    0.000000    0.000000   -0.690667    2.811667   2.4180448620E-001
    0.000000    0.000000   -0.688333    2.814000   2.4157558878E-001
    0.000000    0.000000   -0.686000    2.816333   2.4135140511E-001
    0.000000    0.000000   -0.683667    2.818667   2.4113198971E-001
    0.000000    0.000000   -0.681333    2.821000   2.4091739545E-001
    0.000000    0.000000   -0.679000    2.823333   2.4070767336E-001
    0.000000    0.000000   -0.676667    2.825667   2.4050287254E-001
    0.000000    0.000000   -0.674333    2.828000   2.4030304013E-001
    0.000000    0.000000   -0.672000    2.830333   2.4010822120E-001
    0.000000    0.000000   -0.669667    2.832667   2.3991845872E-001
    0.000000    0.000000   -0.667333    2.835000   2.3973379352E-001
    0.000000    0.000000   -0.665000    2.837333   2.3955426424E-001
    0.000000    0.000000   -0.662667    2.839667   2.3937990734E-001
    0.000000    0.000000   -0.660333    2.842000   2.3921075711E-001
    0.000000    0.000000   -0.658000    2.844333   2.3904684561E-001
    0.000000    0.000000   -0.655667    2.846667   2.3888820277E-001
    0.000000    0.000000   -0.653333    2.849000   2.3873485633E-001
    0.000000    0.000000   -0.651000    2.851333   2.3858683190E-001
    0.000000    0.000000   -0.648667    2.853667   2.3844415300E-001
    0.000000    0.000000   -0.646333    2.856000   2.3830684107E-001
    0.000000    0.000000   -0.644000    2.858333   2.3817491556E-001
    0.000000    0.000000   -0.641667    2.860667   2.3804839391E-001
    0.000000    0.000000   -0.639333    2.863000   2.3792729166E-001
    0.000000    0.000000   -0.637000    2.865333   2.3781162246E-001
    0.000000    0.000000   -0.634667    2.867667   2.3770139815E-001
    0.000000    0.000000   -0.632333    2.870000   2.3759662884E-001
    0.000000    0.000000   -0.630000    2.872333   2.3749732290E-001
    0.000000    0.000000   -0.627667    2.874667   2.3740348710E-001
    0.000000    0.000000   -0.625333    2.877000   2.3731512664E-001
    0.000000    0.000000   -0.623000    2.879333   2.3723224521E-001
    0.000000    0.000000   -0.620667    2.881667   2.3715484506E-001
    0.000000    0.000000   -0.618333    2.884000   2.3708292709E-001
    0.000000    0.000000   -0.616000    2.886333   2.3701649089E-001
    0.000000    0.000000   -0.613667    2.888667   2.3695553482E-001
    0.000000    0.000000   -0.611333    2.891000   2.3690005608E-001
    0.000000    0.000000   -0.609000    2.893333   2.3685005079E-001
    0.000000    0.000000   -0.606667    2.895667   2.3680551402E-001
    0.000000    0.000000   -0.604333    2.898000   2.3676643991E-001
    0.000000    0.000000   -0.602000    2.900333   2.3673282171E-001
    0.000000    0.000000   -0.599667    2.902667   2.3670465183E-001
    0.000000    0.000000   -0.597333    2.905000   2.3668192195E-001
    0.000000    0.000000   -0.595000    2.907333   2.3666462306E-001
    0.000000    0.000000   -0.592667    2.909667   2.3665274554E-001
    0.000000    0.000000   -0.590333    2.912000   2.3664627921E-001
    0.000000    0.000000   -0.588000    2.914333   2.3664521339E-001
    0.000000    0.000000   -0.585667    2.916667   2.3664953699E-001
    0.000000    0.000000   -0.583333    2.919000   2.3665923855E-001
    0.000000    0.000000   -0.581000    2.921333   2.3667430633E-001
    0.000000    0.000000   -0.578667    2.923667   2.3669472832E-001
    0.000000    0.000000   -0.576333    2.926000   2.3672049234E-001
    0.000000    0.000000   -0.574000    2.928333   2.3675158611E-001
    0.000000    0.000000   -0.571667    2.930667   2.3678799725E-001
    0.000000    0.000000   -0.569333    2.933000   2.3682971341E-001
    0.000000    0.000000   -0.567000    2.935333   2.3687672225E-001
    0.000000    0.000000   -0.564667    2.937667   2.3692901155E-001
    0.000000    0.000000   -0.562333    2.940000   2.3698656925E-001
    0.000000    0.000000   -0.560000    2.942333   2.3704938348E-001
    0.000000    0.000000   -0.557667    2.944667   2.3711744263E-001
    0.000000    0.000000   -0.555333    2.947000   2.3719073539E-001
    0.000000    0.000000   -0.553000    2.949333   2.3726925081E-001
    0.000000    0.000000   -0.550667    2.951667   2.3735297833E-001
    0.000000    0.000000   -0.548333    2.954000   2.3744190782E-001
    0.000000    0.000000   -0.546000    2.956333   2.3753602966E-001
    0.000000    0.000000   -0.543667    2.958667   2.3763533474E-001
    0.000000    0.000000   -0.541333    2.961000   2.3773981451E-001
    0.000000    0.000000   -0.539000    2.963333   2.3784946105E-001
    0.000000    0.000000   -0.536667    2.965667   2.3796426707E-001
    0.000000    0.000000   -0.534333    2.968000   2.3808422596E-001
    0.000000    0.000000   -0.532000    2.970333   2.3820933182E-001
    0.000000    0.000000   -0.529667    2.972667   2.3833957954E-001
    0.000000    0.000000   -0.527333    2.975000   2.3847496474E-001
    0.000000    0.000000   -0.525000    2.977333   2.3861548388E-001
    0.000000    0.000000   -0.522667    2.979667   2.3876113428E-001
    0.000000    0.000000   -0.520333    2.982000   2.3891191410E-001
    0.000000    0.000000   -0.518000    2.984333   2.3906782242E-001
    0.000000    0.000000   -0.515667    2.986667   2.3922885925E-001
    0.000000    0.000000   -0.513333    2.989000   2.3939502553E-001
    0.000000    0.000000   -0.511000    2.991333   2.3956632319E-001
    0.000000    0.000000   -0.508667    2.993667   2.3974275513E-001
    0.000000    0.000000   -0.506333    2.996000   2.3992432530E-001
    0.000000    0.000000   -0.504000    2.998333   2.4011103866E-001
    0.000000    0.000000   -0.501667    3.000667   2.4030290121E-001
    0.000000    0.000000   -0.499333    3.003000   2.4049992005E-001
    0.000000    0.000000   -0.497000    3.005333   2.4070210331E-001
    0.000000    0.000000   -0.494667    3.007667   2.4090946026E-001
    0.000000    0.000000   -0.492333    3.010000   2.4112200125E-001
    0.000000    0.000000   -0.490000    3.012333   2.4133973775E-001
    0.000000    0.000000   -0.487667    3.014667   2.4156268236E-001
    0.000000    0.000000   -0.485333    3.017000   2.4179084878E-001
    0.000000    0.000000   -0.483000    3.019333   2.4202425190E-001
    0.000000    0.000000   -0.480667    3.021667   2.4226290769E-001
    0.000000    0.000000   -0.478333    3.024000   2.4250683331E-001
    0.000000    0.000000   -0.476000    3.026333   2.4275604704E-001
    0.000000    0.000000   -0.473667    3.028667   2.4301056830E-001
    0.000000    0.000000   -0.471333    3.031000   2.4327041768E-001
    0.000000    0.000000   -0.469000    3.033333   2.4353561688E-001
    0.000000    0.000000   -0.466667    3.035667   2.4380618874E-001
    0.000000    0.000000   -0.464333    3.038000   2.4408215723E-001
    0.000000    0.000000   -0.462000    3.040333   2.4436354744E-001
    0.000000    0.000000   -0.459667    3.042667   2.4465038558E-001
    0.000000    0.000000   -0.457333    3.045000   2.4494269893E-001
    0.000000    0.000000   -0.455000    3.047333   2.4524051588E-001
    0.000000    0.000000   -0.452667    3.049667   2.4554386588E-001
    0.000000    0.000000   -0.450333    3.052000   2.4585277943E-001
    0.000000    0.000000   -0.448000    3.054333   2.4616728807E-001
    0.000000    0.000000   -0.445667    3.056667   2.4648742437E-001
    0.000000    0.000000   -0.443333    3.059000   2.4681322187E-001
    0.000000    0.000000   -0.441000    3.061333   2.4714471511E-001
    0.000000    0.000000   -0.438667    3.063667   2.4748193954E-001
    0.000000    0.000000   -0.436333    3.066000   2.4782493155E-001
    0.000000    0.000000   -0.434000    3.068333   2.4817372844E-001
    0.000000    0.000000   -0.431667    3.070667   2.4852836834E-001
    0.000000    0.000000   -0.429333    3.073000   2.4888889023E-001
    0.000000    0.000000   -0.427000    3.075333   2.4925533386E-001
    0.000000    0.000000   -0.424667    3.077667   2.4962773976E-001
    0.000000    0.000000   -0.422333    3.080000   2.5000614918E-001
    0.000000    0.000000   -0.420000    3.082333   2.5039060403E-001
    0.000000    0.000000   -0.417667    3.084667   2.5078114690E-001
    0.000000    0.000000   -0.415333    3.087000   2.5117782092E-001
    0.000000    0.000000   -0.413000    3.089333   2.5158066982E-001
    0.000000    0.000000   -0.410667    3.091667   2.5198973780E-001
    0.000000    0.000000   -0.408333    3.094000   2.5240506952E-001
    0.000000    0.000000   -0.406000    3.096333   2.5282671005E-001
    0.000000    0.000000   -0.403667    3.098667   2.5325470480E-001
    0.000000    0.000000   -0.401333    3.101000   2.5368909948E-001
    0.000000    0.000000   -0.399000    3.103333   2.5412994002E-001
    0.000000    0.000000   -0.396667    3.105667   2.5457727252E-001
    0.000000    0.000000   -0.394333    3.108000   2.5503114322E-001
    0.000000    0.000000   -0.392000    3.110333   2.5549159839E-001
    0.000000    0.000000   -0.389667    3.112667   2.5595868429E-001
    0.000000    0.000000   -0.387333    3.115000   2.5643244708E-001
    0.000000    0.000000   -0.385000    3.117333   2.5691293279E-001
    0.000000    0.000000   -0.382667    3.119667   2.5740018721E-001
    0.000000    0.000000   -0.380333    3.122000   2.5789425583E-001
    0.000000    0.000000   -0.378000    3.124333   2.5839518378E-001
    0.000000    0.000000   -0.375667    3.126667   2.5890301573E-001
    0.000000    0.000000   -0.373333    3.129000   2.5941779582E-001
    0.000000    0.000000   -0.371000    3.131333   2.5993956757E-001
    0.000000    0.000000   -0.368667    3.133667   2.6046837382E-001
    0.000000    0.000000   -0.366333    3.136000   2.6100425663E-001
    0.000000    0.000000   -0.364000    3.138333   2.6154725718E-001
    0.000000    0.000000   -0.361667    3.140667   2.6209741571E-001
    0.000000    0.000000   -0.359333    3.143000   2.6265477142E-001
    0.000000    0.000000   -0.357000    3.145333   2.6321936237E-001
    0.000000    0.000000   -0.354667    3.147667   2.6379122540E-001
    0.000000    0.000000   -0.352333    3.150000   2.6437039604E-001
    0.000000    0.000000   -0.350000    3.152333   2.6495690838E-001
    0.000000    0.000000   -0.347667    3.154667   2.6555079503E-001
    0.000000    0.000000   -0.345333    3.157000   2.6615208697E-001
    0.000000    0.000000   -0.343000    3.159333   2.6676081351E-001
    0.000000    0.000000   -0.340667    3.161667   2.6737700214E-001
    0.000000    0.000000   -0.338333    3.164000   2.6800067843E-001
    0.000000    0.000000   -0.336000    3.166333   2.6863186599E-001
    0.000000    0.000000   -0.333667    3.168667   2.6927058632E-001
    0.000000    0.000000   -0.331333    3.171000   2.6991685871E-001
    0.000000    0.000000   -0.329000    3.173333   2.7057070017E-001
    0.000000    0.000000   -0.326667    3.175667   2.7123212531E-001
    0.000000    0.000000   -0.324333    3.178000   2.7190114628E-001
    0.000000    0.000000   -0.322000    3.180333   2.7257777261E-001
    0.000000    0.000000   -0.319667    3.182667   2.7326201117E-001
    0.000000    0.000000   -0.317333    3.185000   2.7395386606E-001
    0.000000    0.000000   -0.315000    3.187333   2.7465333855E-001
    0.000000    0.000000   -0.312667    3.189667   2.7536042692E-001
    0.000000    0.000000   -0.310333    3.192000   2.7607512646E-001
    0.000000    0.000000   -0.308000    3.194333   2.7679742936E-001
    0.000000    0.000000   -0.305667    3.196667   2.7752732463E-001
    0.000000    0.000000   -0.303333    3.199000   2.7826479802E-001
    0.000000    0.000000   -0.301000    3.201333   2.7900983200E-001
    0.000000    0.000000   -0.298667    3.203667   2.7976240568E-001
    0.000000    0.000000   -0.296333    3.206000   2.8052249477E-001
    0.000000    0.000000   -0.294000    3.208333   2.8129007152E-001
    0.000000    0.000000   -0.291667    3.210667   2.8206510474E-001
    0.000000    0.000000   -0.289333    3.213000   2.8284755973E-001
    0.000000    0.000000   -0.287000    3.215333   2.8363739831E-001
    0.000000    0.000000   -0.284667    3.217667   2.8443457882E-001
    0.000000    0.000000   -0.282333    3.220000   2.8523905615E-001
    0.000000    0.000000   -0.280000    3.222333   2.8605078176E-001
    0.000000    0.000000   -0.277667    3.224667   2.8686970374E-001
    0.000000    0.000000   -0.275333    3.227000   2.8769576691E-001
    0.000000    0.000000   -0.273000    3.229333   2.8852891290E-001
    0.000000    0.000000   -0.270667    3.231667   2.8936908023E-001
    0.000000    0.000000   -0.268333    3.234000   2.9021620454E-001
    0.000000    0.000000   -0.266000    3.236333   2.9107021867E-001
    0.000000    0.000000   -0.263667    3.238667   2.9193105290E-001
    0.000000    0.000000   -0.261333    3.241000   2.9279863516E-001
    0.000000    0.000000   -0.259000    3.243333   2.9367289128E-001
    0.000000    0.000000   -0.256667    3.245667   2.9455374531E-001
    0.000000    0.000000   -0.254333    3.248000   2.9544111978E-001
    0.000000    0.000000   -0.252000    3.250333   2.9633493613E-001
    0.000000    0.000000   -0.249667    3.252667   2.9723511504E-001
    0.000000    0.000000   -0.247333    3.255000   2.9814157694E-001
    0.000000    0.000000   -0.245000    3.257333   2.9905424239E-001
    0.000000    0.000000   -0.242667    3.259667   2.9997303270E-001
    0.000000    0.000000   -0.240333    3.262000   3.0089787043E-001
    0.000000    0.000000   -0.238000    3.264333   3.0182868001E-001
    0.000000    0.000000   -0.235667    3.266667   3.0276538840E-001
    0.000000    0.000000   -0.233333    3.269000   3.0370792578E-001
    0.000000    0.000000   -0.231000    3.271333   3.0465622630E-001
    0.000000    0.000000   -0.228667    3.273667   3.0561022885E-001
    0.000000    0.000000   -0.226333    3.276000   3.0656987791E-001
    0.000000    0.000000   -0.224000    3.278333   3.0753512441E-001
    0.000000    0.000000   -0.221667    3.280667   3.0850592661E-001
    0.000000    0.000000   -0.219333    3.283000   3.0948225111E-001
    0.000000    0.000000   -0.217000    3.285333   3.1046407375E-001
    0.000000    0.000000   -0.214667    3.287667   3.1145138069E-001
    0.000000    0.000000   -0.212333    3.290000   3.1244416936E-001
    0.000000    0.000000   -0.210000    3.292333   3.1344244958E-001
    0.000000    0.000000   -0.207667    3.294667   3.1444624456E-001
    0.000000    0.000000   -0.205333    3.297000   3.1545559198E-001
    0.000000    0.000000   -0.203000    3.299333   3.1647054501E-001
    0.000000    0.000000   -0.200667    3.301667   3.1749117337E-001
    0.000000    0.000000   -0.198333    3.304000   3.1851756433E-001
    0.000000    0.000000   -0.196000    3.306333   3.1954982361E-001
    0.000000    0.000000   -0.193667    3.308667   3.2058807639E-001
    0.000000    0.000000   -0.191333    3.311000   3.2163246804E-001
    0.000000    0.000000   -0.189000    3.313333   3.2268316493E-001
    0.000000    0.000000   -0.186667    3.315667   3.2374035509E-001
    0.000000    0.000000   -0.184333    3.318000   3.2480424871E-001
    0.000000    0.000000   -0.182000    3.320333   3.2587507859E-001
    0.000000    0.000000   -0.179667    3.322667   3.2695310035E-001
    0.000000    0.000000   -0.177333    3.325000   3.2803859254E-001
    0.000000    0.000000   -0.175000    3.327333   3.2913185653E-001
    0.000000    0.000000   -0.172667    3.329667   3.3023321619E-001
    0.000000    0.000000   -0.170333    3.332000   3.3134301736E-001
    0.000000    0.000000   -0.168000    3.334333   3.3246162703E-001
    0.000000    0.000000   -0.165667    3.336667   3.3358943234E-001
    0.000000    0.000000   -0.163333    3.339000   3.3472683920E-001
    0.000000    0.000000   -0.161000    3.341333   3.3587427071E-001
    0.000000    0.000000   -0.158667    3.343667   3.3703216514E-001
    0.000000    0.000000   -0.156333    3.346000   3.3820097375E-001
    0.000000    0.000000   -0.154000    3.348333   3.3938115809E-001
    0.000000    0.000000   -0.151667    3.350667   3.4057318710E-001
    0.000000    0.000000   -0.149333    3.353000   3.4177753380E-001
    0.000000    0.000000   -0.147000    3.355333   3.4299467156E-001
    0.000000    0.000000   -0.144667    3.357667   3.4422507012E-001
    0.000000    0.000000   -0.142333    3.360000   3.4546919118E-001
    0.000000    0.000000   -0.140000    3.362333   3.4672748365E-001
    0.000000    0.000000   -0.137667    3.364667   3.4800037857E-001
    0.000000    0.000000   -0.135333    3.367000   3.4928828368E-001
    0.000000    0.000000   -0.133000    3.369333   3.5059157774E-001
    0.000000    0.000000   -0.130667    3.371667   3.5191060447E-001
    0.000000    0.000000   -0.128333    3.374000   3.5324566631E-001
    0.000000    0.000000   -0.126000    3.376333   3.5459701792E-001
    0.000000    0.000000   -0.123667    3.378667   3.5596485952E-001
    0.000000    0.000000   -0.121333    3.381000   3.5734933002E-001
    0.000000    0.000000   -0.119000    3.383333   3.5875050013E-001
    0.000000    0.000000   -0.116667    3.385667   3.6016836539E-001
    0.000000    0.000000   -0.114333    3.388000   3.6160283914E-001
    0.000000    0.000000   -0.112000    3.390333   3.6305374572E-001
    0.000000    0.000000   -0.109667    3.392667   3.6452081358E-001
    0.000000    0.000000   -0.107333    3.395000   3.6600366879E-001
    0.000000    0.000000   -0.105000    3.397333   3.6750182868E-001
    0.000000    0.000000   -0.102667    3.399667   3.6901469586E-001
    0.000000    0.000000   -0.100333    3.402000   3.7054155262E-001
    0.000000    0.000000   -0.098000    3.404333   3.7208155585E-001
    0.000000    0.000000   -0.095667    3.406667   3.7363373247E-001
    0.000000    0.000000   -0.093333    3.409000   3.7519697548E-001
    0.000000    0.000000   -0.091000    3.411333   3.7677004073E-001
    0.000000    0.000000   -0.088667    3.413667   3.7835154440E-001
    0.000000    0.000000   -0.086333    3.416000   3.7993996132E-001
    0.000000    0.000000   -0.084000    3.418333   3.8153362420E-001
    0.000000    0.000000   -0.081667    3.420667   3.8313072376E-001
    0.000000    0.000000   -0.079333    3.423000   3.8472930980E-001
    0.000000    0.000000   -0.077000    3.425333   3.8632729339E-001
    0.000000    0.000000   -0.074667    3.427667   3.8792245003E-001
    0.000000    0.000000   -0.072333    3.430000   3.8951242393E-001
    0.000000    0.000000   -0.070000    3.432333   3.9109473338E-001
    0.000000    0.000000   -0.067667    3.434667   3.9266677720E-001
    0.000000    0.000000   -0.065333    3.437000   3.9422584234E-001
    0.000000    0.000000   -0.063000    3.439333   3.9576911252E-001
    0.000000    0.000000   -0.060667    3.441667   3.9729367794E-001
    0.000000    0.000000   -0.058333    3.444000   3.9879654600E-001
    0.000000    0.000000   -0.056000    3.446333   4.0027465308E-001
    0.000000    0.000000   -0.053667    3.448667   4.0172487709E-001
    0.000000    0.000000   -0.051333    3.451000   4.0314405103E-001
    0.000000    0.000000   -0.049000    3.453333   4.0452897720E-001
    0.000000    0.000000   -0.046667    3.455667   4.0587644220E-001
    0.000000    0.000000   -0.044333    3.458000   4.0718323238E-001
    0.000000    0.000000   -0.042000    3.460333   4.0844614993E-001
    0.000000    0.000000   -0.039667    3.462667   4.0966202921E-001
    0.000000    0.000000   -0.037333    3.465000   4.1082775342E-001
    0.000000    0.000000   -0.035000    3.467333   4.1194027129E-001
    0.000000    0.000000   -0.032667    3.469667   4.1299661387E-001
    0.000000    0.000000   -0.030333    3.472000   4.1399391111E-001
    0.000000    0.000000   -0.028000    3.474333   4.1492940818E-001
    0.000000    0.000000   -0.025667    3.476667   4.1580048141E-001
    0.000000    0.000000   -0.023333    3.479000   4.1660465362E-001
    0.000000    0.000000   -0.021000    3.481333   4.1733960889E-001
    0.000000    0.000000   -0.018667    3.483667   4.1800320638E-001
    0.000000    0.000000   -0.016333    3.486000   4.1859349342E-001
    0.000000    0.000000   -0.014000    3.488333   4.1910871733E-001
    0.000000    0.000000   -0.011667    3.490667   4.1954733638E-001
    0.000000    0.000000   -0.009333    3.493000   4.1990802923E-001
    0.000000    0.000000   -0.007000    3.495333   4.2018970328E-001
    0.000000    0.000000   -0.004667    3.497667   4.2039150148E-001
    0.000000    0.000000   -0.002333    3.500000   4.2051280778E-001
    0.000000    0.000000    0.000000    3.502333   4.2055325095E-001
    0.000000    0.000000    0.002333    3.504667   4.2051270701E-001
    0.000000    0.000000    0.004667    3.507000   4.2039129993E-001
    0.000000    0.000000    0.007000    3.509333   4.2018940095E-001
    0.000000    0.000000    0.009333    3.511667   4.1990762613E-001
    0.000000    0.000000    0.011667    3.514000   4.1954683250E-001
    0.000000    0.000000    0.014000    3.516333   4.1910811269E-001
    0.000000    0.000000    0.016333    3.518667   4.1859278800E-001
    0.000000    0.000000    0.018667    3.521000   4.1800240021E-001
    0.000000    0.000000    0.021000    3.523333   4.1733870195E-001
    0.000000    0.000000    0.023333    3.525667   4.1660364592E-001
    0.000000    0.000000    0.025667    3.528000   4.1579937295E-001
    0.000000    0.000000    0.028000    3.530333   4.1492819898E-001
    0.000000    0.000000    0.030333    3.532667   4.1399260116E-001
    0.000000    0.000000    0.032667    3.535000   4.1299520318E-001
    0.000000    0.000000    0.035000    3.537333   4.1193875986E-001
    0.000000    0.000000    0.037333    3.539667   4.1082614126E-001
    0.000000    0.000000    0.039667    3.542000   4.0966031632E-001
    0.000000    0.000000    0.042000    3.544333   4.0844433632E-001
    0.000000    0.000000    0.044333    3.546667   4.0718131806E-001
    0.000000    0.000000    0.046667    3.549000   4.0587442717E-001
    0.000000    0.000000    0.049000    3.551333   4.0452686148E-001
    0.000000    0.000000    0.051333    3.553667   4.0314183461E-001
    0.000000    0.000000    0.053667    3.556000   4.0172255999E-001
    0.000000    0.000000    0.056000    3.558333   4.0027223531E-001
    0.000000    0.000000    0.058333    3.560667   3.9879402757E-001
    0.000000    0.000000    0.060667    3.563000   3.9729105885E-001
    0.000000    0.000000    0.063000    3.565333   3.9576639279E-001
    0.000000    0.000000    0.065333    3.567667   3.9422302197E-001
    0.000000    0.000000    0.067667    3.570000   3.9266385620E-001
    0.000000    0.000000    0.070000    3.572333   3.9109171176E-001
    0.000000    0.000000    0.072333    3.574667   3.8950930171E-001
    0.000000    0.000000    0.074667    3.577000   3.8791922722E-001
    0.000000    0.000000    0.077000    3.579333   3.8632397000E-001
    0.000000    0.000000    0.079333    3.581667   3.8472588584E-001
    0.000000    0.000000    0.081667    3.584000   3.8312719924E-001
    0.000000    0.000000    0.084000    3.586333   3.8152999914E-001
    0.000000    0.000000    0.086333    3.588667   3.7993623572E-001
    0.000000    0.000000    0.088667    3.591000   3.7834771828E-001
    0.000000    0.000000    0.091000    3.593333   3.7676611411E-001
    0.000000    0.000000    0.093333    3.595667   3.7519294837E-001
    0.000000    0.000000    0.095667    3.598000   3.7362960488E-001
    0.000000    0.000000    0.098000    3.600333   3.7207732780E-001
    0.000000    0.000000    0.100333    3.602667   3.7053722413E-001
    0.000000    0.000000    0.102667    3.605000   3.6901026694E-001
    0.000000    0.000000    0.105000    3.607333   3.6749729935E-001
    0.000000    0.000000    0.107333    3.609667   3.6599903906E-001
    0.000000    0.000000    0.109667    3.612000   3.6451608346E-001
    0.000000    0.000000    0.112000    3.614333   3.6304891523E-001
    0.000000    0.000000    0.114333    3.616667   3.6159790831E-001
    0.000000    0.000000    0.116667    3.619000   3.6016333423E-001
    0.000000    0.000000    0.119000    3.621333   3.5874536866E-001
    0.000000    0.000000    0.121333    3.623667   3.5734409825E-001
    0.000000    0.000000    0.123667    3.626000   3.5595952747E-001
    0.000000    0.000000    0.126000    3.628333   3.5459158562E-001
    0.000000    0.000000    0.128333    3.630667   3.5324013376E-001
    0.000000    0.000000    0.130667    3.633000   3.5190497171E-001
    0.000000    0.000000    0.133000    3.635333   3.5058584478E-001
    0.000000    0.000000    0.135333    3.637667   3.4928245054E-001
    0.000000    0.000000    0.137667    3.640000   3.4799444527E-001
    0.000000    0.000000    0.140000    3.642333   3.4672145022E-001
    0.000000    0.000000    0.142333    3.644667   3.4546305764E-001
    0.000000    0.000000    0.144667    3.647000   3.4421883648E-001
    0.000000    0.000000    0.147000    3.649333   3.4298833785E-001
    0.000000    0.000000    0.149333    3.651667   3.4177110004E-001
    0.000000    0.000000    0.151667    3.654000   3.4056665331E-001
    0.000000    0.000000    0.154000    3.656333   3.3937452429E-001
    0.000000    0.000000    0.156333    3.658667   3.3819423997E-001
    0.000000    0.000000    0.158667    3.661000   3.3702533141E-001
    0.000000    0.000000    0.161000    3.663333   3.3586733704E-001
    0.000000    0.000000    0.163333    3.665667   3.3471980563E-001
    0.000000    0.000000    0.165667    3.668000   3.3358229888E-001
    0.000000    0.000000    0.168000    3.670333   3.3245439372E-001
    0.000000    0.000000    0.170333    3.672667   3.3133568421E-001
    0.000000    0.000000    0.172667    3.675000   3.3022578325E-001
    0.000000    0.000000    0.175000    3.677333   3.2912432381E-001
    0.000000    0.000000    0.177333    3.679667   3.2803096006E-001
    0.000000    0.000000    0.179667    3.682000   3.2694536815E-001
    0.000000    0.000000    0.182000    3.684333   3.2586724669E-001
    0.000000    0.000000    0.184333    3.686667   3.2479631714E-001
    0.000000    0.000000    0.186667    3.689000   3.2373232387E-001
    0.000000    0.000000    0.189000    3.691333   3.2267503410E-001
    0.000000    0.000000    0.191333    3.693667   3.2162423763E-001
    0.000000    0.000000    0.193667    3.696000   3.2057974643E-001
    0.000000    0.000000    0.196000    3.698333   3.1954139413E-001
    0.000000    0.000000    0.198333    3.700667   3.1850903535E-001
    0.000000    0.000000    0.200667    3.703000   3.1748254493E-001
    0.000000    0.000000    0.203000    3.705333   3.1646181714E-001
    0.000000    0.000000    0.205333    3.707667   3.1544676471E-001
    0.000000    0.000000    0.207667    3.710000   3.1443731792E-001
    0.000000    0.000000    0.210000    3.712333   3.1343342361E-001
    0.000000    0.000000    0.212333    3.714667   3.1243504408E-001
    0.000000    0.000000    0.214667    3.717000   3.1144215614E-001
    0.000000    0.000000    0.217000    3.719333   3.1045474997E-001
    0.000000    0.000000    0.219333    3.721667   3.0947282813E-001
    0.000000    0.000000    0.221667    3.724000   3.0849640447E-001
    0.000000    0.000000    0.224000    3.726333   3.0752550313E-001
    0.000000    0.000000    0.226333    3.728667   3.0656015754E-001
    0.000000    0.000000    0.228667    3.731000   3.0560040942E-001
    0.000000    0.000000    0.231000    3.733333   3.0464630784E-001
    0.000000    0.000000    0.233333    3.735667   3.0369790834E-001
    0.000000    0.000000    0.235667    3.738000   3.0275527201E-001
    0.000000    0.000000    0.238000    3.740333   3.0181846471E-001
    0.000000    0.000000    0.240333    3.742667   3.0088755626E-001
    0.000000    0.000000    0.242667    3.745000   2.9996261970E-001
    0.000000    0.000000    0.245000    3.747333   2.9904373059E-001
    0.000000    0.000000    0.247333    3.749667   2.9813096638E-001
    0.000000    0.000000    0.249667    3.752000   2.9722440577E-001
    0.000000    0.000000    0.252000    3.754333   2.9632412817E-001
    0.000000    0.000000    0.254333    3.756667   2.9543021319E-001
    0.000000    0.000000    0.256667    3.759000   2.9454274012E-001
    0.000000    0.000000    0.259000    3.761333   2.9366178754E-001
    0.000000    0.000000    0.261333    3.763667   2.9278743290E-001
    0.000000    0.000000    0.263667    3.766000   2.9191975217E-001
    0.000000    0.000000    0.266000    3.768333   2.9105881951E-001
    0.000000    0.000000    0.268333    3.770667   2.9020470699E-001
    0.000000    0.000000    0.270667    3.773000   2.8935748434E-001
    0.000000    0.000000    0.273000    3.775333   2.8851721870E-001
    0.000000    0.000000    0.275333    3.777667   2.8768397445E-001
    0.000000    0.000000    0.277667    3.780000   2.8685781306E-001
    0.000000    0.000000    0.280000    3.782333   2.8603879291E-001
    0.000000    0.000000    0.282333    3.784667   2.8522696917E-001
    0.000000    0.000000    0.284667    3.787000   2.8442239376E-001
    0.000000    0.000000    0.287000    3.789333   2.8362511520E-001
    0.000000    0.000000    0.289333    3.791667   2.8283517862E-001
    0.000000    0.000000    0.291667    3.794000   2.8205262567E-001
    0.000000    0.000000    0.294000    3.796333   2.8127749454E-001
    0.000000    0.000000    0.296333    3.798667   2.8050981992E-001
    0.000000    0.000000    0.298667    3.801000   2.7974963301E-001
    0.000000    0.000000    0.301000    3.803333   2.7899696154E-001
    0.000000    0.000000    0.303333    3.805667   2.7825182982E-001
    0.000000    0.000000    0.305667    3.808000   2.7751425873E-001
    0.000000    0.000000    0.308000    3.810333   2.7678426582E-001
    0.000000    0.000000    0.310333    3.812667   2.7606186531E-001
    0.000000    0.000000    0.312667    3.815000   2.7534706819E-001
    0.000000    0.000000    0.315000    3.817333   2.7463988229E-001
    0.000000    0.000000    0.317333    3.819667   2.7394031232E-001
    0.000000    0.000000    0.319667    3.822000   2.7324835998E-001
    0.000000    0.000000    0.322000    3.824333   2.7256402401E-001
    0.000000    0.000000    0.324333    3.826667   2.7188730031E-001
    0.000000    0.000000    0.326667    3.829000   2.7121818202E-001
    0.000000    0.000000    0.329000    3.831333   2.7055665958E-001
    0.000000    0.000000    0.331333    3.833667   2.6990272086E-001
    0.000000    0.000000    0.333667    3.836000   2.6925635126E-001
    0.000000    0.000000    0.336000    3.838333   2.6861753375E-001
    0.000000    0.000000    0.338333    3.840667   2.6798624903E-001
    0.000000    0.000000    0.340667    3.843000   2.6736247562E-001
    0.000000    0.000000    0.343000    3.845333   2.6674618991E-001
    0.000000    0.000000    0.345333    3.847667   2.6613736631E-001
    0.000000    0.000000    0.347667    3.850000   2.6553597732E-001
    0.000000    0.000000    0.350000    3.852333   2.6494199367E-001
    0.000000    0.000000    0.352333    3.854667   2.6435538434E-001
    0.000000    0.000000    0.354667    3.857000   2.6377611675E-001
    0.000000    0.000000    0.357000    3.859333   2.6320415678E-001
    0.000000    0.000000    0.359333    3.861667   2.6263946890E-001
    0.000000    0.000000    0.361667    3.864000   2.6208201629E-001
    0.000000    0.000000    0.364000    3.866333   2.6153176086E-001
    0.000000    0.000000    0.366333    3.868667   2.6098866343E-001
    0.000000    0.000000    0.368667    3.871000   2.6045268376E-001
    0.000000    0.000000    0.371000    3.873333   2.5992378064E-001
    0.000000    0.000000    0.373333    3.875667   2.5940191202E-001
    0.000000    0.000000    0.375667    3.878000   2.5888703507E-001
    0.000000    0.000000    0.378000    3.880333   2.5837910626E-001
    0.000000    0.000000    0.380333    3.882667   2.5787808143E-001
    0.000000    0.000000    0.382667    3.885000   2.5738391592E-001
    0.000000    0.000000    0.385000    3.887333   2.5689656461E-001
    0.000000    0.000000    0.387333    3.889667   2.5641598198E-001
    0.000000    0.000000    0.389667    3.892000   2.5594212225E-001
    0.000000    0.000000    0.392000    3.894333   2.5547493940E-001
    0.000000    0.000000    0.394333    3.896667   2.5501438724E-001
    0.000000    0.000000    0.396667    3.899000   2.5456041951E-001
    0.000000    0.000000    0.399000    3.901333   2.5411298994E-001
    0.000000    0.000000    0.401333    3.903667   2.5367205230E-001
    0.000000    0.000000    0.403667    3.906000   2.5323756047E-001
    0.000000    0.000000    0.406000    3.908333   2.5280946850E-001
    0.000000    0.000000    0.408333    3.910667   2.5238773070E-001
    0.000000    0.000000    0.410667    3.913000   2.5197230164E-001
    0.000000    0.000000    0.413000    3.915333   2.5156313626E-001
    0.000000    0.000000    0.415333    3.917667   2.5116018989E-001
    0.000000    0.000000    0.417667    3.920000   2.5076341830E-001
    0.000000    0.000000    0.420000    3.922333   2.5037277779E-001
    0.000000    0.000000    0.422333    3.924667   2.4998822519E-001
    0.000000    0.000000    0.424667    3.927000   2.4960971793E-001
    0.000000    0.000000    0.427000    3.929333   2.4923721407E-001
    0.000000    0.000000    0.429333    3.931667   2.4887067237E-001
    0.000000    0.000000    0.431667    3.934000   2.4851005230E-001
    0.000000    0.000000    0.434000    3.936333   2.4815531408E-001
    0.000000    0.000000    0.436333    3.938667   2.4780641873E-001
    0.000000    0.000000    0.438667    3.941000   2.4746332811E-001
    0.000000    0.000000    0.441000    3.943333   2.4712600493E-001
    0.000000    0.000000    0.443333    3.945667   2.4679441278E-001
    0.000000    0.000000    0.445667    3.948000   2.4646851619E-001
    0.000000    0.000000    0.448000    3.950333   2.4614828063E-001
    0.000000    0.000000    0.450333    3.952667   2.4583367253E-001
    0.000000    0.000000    0.452667    3.955000   2.4552465933E-001
    0.000000    0.000000    0.455000    3.957333   2.4522120948E-001
    0.000000    0.000000    0.457333    3.959667   2.4492329247E-001
    0.000000    0.000000    0.459667    3.962000   2.4463087883E-001
    0.000000    0.000000    0.462000    3.964333   2.4434394018E-001
    0.000000    0.000000    0.464333    3.966667   2.4406244920E-001
    0.000000    0.000000    0.466667    3.969000   2.4378637970E-001
    0.000000    0.000000    0.469000    3.971333   2.4351570656E-001
    0.000000    0.000000    0.471333    3.973667   2.4325040581E-001
    0.000000    0.000000    0.473667    3.976000   2.4299045460E-001
    0.000000    0.000000    0.476000    3.978333   2.4273583121E-001
    0.000000    0.000000    0.478333    3.980667   2.4248651505E-001
    0.000000    0.000000    0.480667    3.983000   2.4224248669E-001
    0.000000    0.000000    0.483000    3.985333   2.4200372783E-001
    0.000000    0.000000    0.485333    3.987667   2.4177022132E-001
    0.000000    0.000000    0.487667    3.990000   2.4154195114E-001
    0.000000    0.000000    0.490000    3.992333   2.4131890243E-001
    0.000000    0.000000    0.492333    3.994667   2.4110106145E-001
    0.000000    0.000000    0.494667    3.997000   2.4088841560E-001
    0.000000    0.000000    0.497000    3.999333   2.4068095341E-001
    0.000000    0.000000    0.499333    4.001667   2.4047866449E-001
    0.000000    0.000000    0.501667    4.004000   2.4028153960E-001
    0.000000    0.000000    0.504000    4.006333   2.4008957056E-001
    0.000000    0.000000    0.506333    4.008667   2.3990275028E-001
    0.000000    0.000000    0.508667    4.011000   2.3972107274E-001
    0.000000    0.000000    0.511000    4.013333   2.3954453297E-001
    0.000000    0.000000    0.513333    4.015667   2.3937312702E-001
    0.000000    0.000000    0.515667    4.018000   2.3920685197E-001
    0.000000    0.000000    0.518000    4.020333   2.3904570588E-001
    0.000000    0.000000    0.520333    4.022667   2.3888968779E-001
    0.000000    0.000000    0.522667    4.025000   2.3873879769E-001
    0.000000    0.000000    0.525000    4.027333   2.3859303650E-001
    0.000000    0.000000    0.527333    4.029667   2.3845240602E-001
    0.000000    0.000000    0.529667    4.032000   2.3831690895E-001
    0.000000    0.000000    0.532000    4.034333   2.3818654882E-001
    0.000000    0.000000    0.534333    4.036667   2.3806132996E-001
    0.000000    0.000000    0.536667    4.039000   2.3794125752E-001
    0.000000    0.000000    0.539000    4.041333   2.3782633736E-001
    0.000000    0.000000    0.541333    4.043667   2.3771657610E-001
    0.000000    0.000000    0.543667    4.046000   2.3761198100E-001
    0.000000    0.000000    0.546000    4.048333   2.3751256000E-001
    0.000000    0.000000    0.548333    4.050667   2.3741832161E-001
    0.000000    0.000000    0.550667    4.053000   2.3732927496E-001
    0.000000    0.000000    0.553000    4.055333   2.3724542965E-001
    0.000000    0.000000    0.555333    4.057667   2.3716679581E-001
    0.000000    0.000000    0.557667    4.060000   2.3709338398E-001
    0.000000    0.000000    0.560000    4.062333   2.3702520512E-001
    0.000000    0.000000    0.562333    4.064667   2.3696227053E-001
    0.000000    0.000000    0.564667    4.067000   2.3690459182E-001
    0.000000    0.000000    0.567000    4.069333   2.3685218084E-001
    0.000000    0.000000    0.569333    4.071667   2.3680504966E-001
    0.000000    0.000000    0.571667    4.074000   2.3676321051E-001
    0.000000    0.000000    0.574000    4.076333   2.3672667570E-001
    0.000000    0.000000    0.576333    4.078667   2.3669545759E-001
    0.000000    0.000000    0.578667    4.081000   2.3666956856E-001
    0.000000    0.000000    0.581000    4.083333   2.3664902090E-001
    0.000000    0.000000    0.583333    4.085667   2.3663382679E-001
    0.000000    0.000000    0.585667    4.088000   2.3662399821E-001
    0.000000    0.000000    0.588000    4.090333   2.3661954694E-001
    0.000000    0.000000    0.590333    4.092667   2.3662048443E-001
    0.000000    0.000000    0.592667    4.095000   2.3662682178E-001
    0.000000    0.000000    0.595000    4.097333   2.3663856966E-001
    0.000000    0.000000    0.597333    4.099667   2.3665573826E-001
    0.000000    0.000000    0.599667    4.102000   2.3667833722E-001
    0.000000    0.000000    0.602000    4.104333   2.3670637555E-001
    0.000000    0.000000    0.604333    4.106667   2.3673986158E-001
    0.000000    0.000000    0.606667    4.109000   2.3677880291E-001
    0.000000    0.000000    0.609000    4.111333   2.3682320629E-001
    0.000000    0.000000    0.611333    4.113667   2.3687307761E-001
    0.000000    0.000000    0.613667    4.116000   2.3692842180E-001
    0.000000    0.000000    0.616000    4.118333   2.3698924276E-001
    0.000000    0.000000    0.618333    4.120667   2.3705554331E-001
    0.000000    0.000000    0.620667    4.123000   2.3712732510E-001
    0.000000    0.000000    0.623000    4.125333   2.3720458855E-001
    0.000000    0.000000    0.625333    4.127667   2.3728733280E-001
    0.000000    0.000000    0.627667    4.130000   2.3737555559E-001
    0.000000    0.000000    0.630000    4.132333   2.3746925328E-001
    0.000000    0.000000    0.632333    4.134667   2.3756842067E-001
    0.000000    0.000000    0.634667    4.137000   2.3767305103E-001
    0.000000    0.000000    0.637000    4.139333   2.3778313599E-001
    0.000000    0.000000    0.639333    4.141667   2.3789866550E-001
    0.000000    0.000000    0.641667    4.144000   2.3801962773E-001
    0.000000    0.000000    0.644000    4.146333   2.3814600905E-001
    0.000000    0.000000    0.646333    4.148667   2.3827779395E-001
    0.000000    0.000000    0.648667    4.151000   2.3841496503E-001
    0.000000    0.000000    0.651000    4.153333   2.3855750286E-001
    0.000000    0.000000    0.653333    4.155667   2.3870538604E-001
    0.000000    0.000000    0.655667    4.158000   2.3885859109E-001
    0.000000    0.000000    0.658000    4.160333   2.3901709241E-001
    0.000000    0.000000    0.660333    4.162667   2.3918086229E-001
    0.000000    0.000000    0.662667    4.165000   2.3934987087E-001
    0.000000    0.000000    0.665000    4.167333   2.3952408610E-001
    0.000000    0.000000    0.667333    4.169667   2.3970347373E-001
    0.000000    0.000000    0.669667    4.172000   2.3988799734E-001
    0.000000    0.000000    0.672000    4.174333   2.4007761831E-001
    0.000000    0.000000    0.674333    4.176667   2.4027229586E-001
    0.000000    0.000000    0.676667    4.179000   2.4047198705E-001
    0.000000    0.000000    0.679000    4.181333   2.4067664685E-001
    0.000000    0.000000    0.681333    4.183667   2.4088622816E-001
    0.000000    0.000000    0.683667    4.186000   2.4110068190E-001
    0.000000    0.000000    0.686000    4.188333   2.4131995706E-001
    0.000000    0.000000    0.688333    4.190667   2.4154400084E-001
    0.000000    0.000000    0.690667    4.193000   2.4177275872E-001
    0.000000    0.000000    0.693000    4.195333   2.4200617461E-001
    0.000000    0.000000    0.695333    4.197667   2.4224419101E-001
    0.000000    0.000000    0.697667    4.200000   2.4248674915E-001
    0.000000    0.000000    0.700000    4.202333   2.4273378924E-001
    0.000000    0.000000    0.702333    4.204667   2.4298525062E-001
    0.000000    0.000000    0.704667    4.207000   2.4324107207E-001
    0.000000    0.000000    0.707000    4.209333   2.4350119203E-001
    0.000000    0.000000    0.709333    4.211667   2.4376554891E-001
    0.000000    0.000000    0.711667    4.214000   2.4403408142E-001
    0.000000    0.000000    0.714000    4.216333   2.4430672892E-001
    0.000000    0.000000    0.716333    4.218667   2.4458343179E-001
    0.000000    0.000000    0.718667    4.221000   2.4486413184E-001
    0.000000    0.000000    0.721000    4.223333   2.4514877279E-001
    0.000000    0.000000    0.723333    4.225667   2.4543730068E-001
    0.000000    0.000000    0.725667    4.228000   2.4572966443E-001
    0.000000    0.000000    0.728000    4.230333   2.4602581633E-001
    0.000000    0.000000    0.730333    4.232667   2.4632571262E-001
    0.000000    0.000000    0.732667    4.235000   2.4662931407E-001
    0.000000    0.000000    0.735000    4.237333   2.4693658662E-001
    0.000000    0.000000    0.737333    4.239667   2.4724750199E-001
    0.000000    0.000000    0.739667    4.242000   2.4756203835E-001
    0.000000    0.000000    0.742000    4.244333   2.4788018101E-001
    0.000000    0.000000    0.744333    4.246667   2.4820192311E-001
    0.000000    0.000000    0.746667    4.249000   2.4852726633E-001
    0.000000    0.000000    0.749000    4.251333   2.4885622158E-001
    0.000000    0.000000    0.751333    4.253667   2.4918880978E-001
    0.000000    0.000000    0.753667    4.256000   2.4952506248E-001
    0.000000    0.000000    0.756000    4.258333   2.4986502262E-001
    0.000000    0.000000    0.758333    4.260667   2.5020874518E-001
    0.000000    0.000000    0.760667    4.263000   2.5055629787E-001
    0.000000    0.000000    0.763000    4.265333   2.5090776169E-001
    0.000000    0.000000    0.765333    4.267667   2.5126323151E-001
    0.000000    0.000000    0.767667    4.270000   2.5162281662E-001
    0.000000    0.000000    0.770000    4.272333   2.5198664113E-001
    0.000000    0.000000    0.772333    4.274667   2.5235484437E-001
    0.000000    0.000000    0.774667    4.277000   2.5272758115E-001
    0.000000    0.000000    0.777000    4.279333   2.5310502190E-001
    0.000000    0.000000    0.779333    4.281667   2.5348735282E-001
    0.000000    0.000000    0.781667    4.284000   2.5387477570E-001
    0.000000    0.000000    0.784000    4.286333   2.5426750779E-001
    0.000000    0.000000    0.786333    4.288667   2.5466578140E-001
    0.000000    0.000000    0.788667    4.291000   2.5506984340E-001
    0.000000    0.000000    0.791000    4.293333   2.5547995445E-001
    0.000000    0.000000    0.793333    4.295667   2.5589638819E-001
    0.000000    0.000000    0.795667    4.298000   2.5631943004E-001
    0.000000    0.000000    0.798000    4.300333   2.5674937597E-001
    0.000000    0.000000    0.800333    4.302667   2.5718653092E-001
    0.000000    0.000000    0.802667    4.305000   2.5763120703E-001
    0.000000    0.000000    0.805000    4.307333   2.5808372169E-001
    0.000000    0.000000    0.807333    4.309667   2.5854439522E-001
    0.000000    0.000000    0.809667    4.312000   2.5901354846E-001
    0.000000    0.000000    0.812000    4.314333   2.5949149999E-001
    0.000000    0.000000    0.814333    4.316667   2.5997856319E-001
    0.000000    0.000000    0.816667    4.319000   2.6047504302E-001
    0.000000    0.000000    0.819000    4.321333   2.6098123255E-001
    0.000000    0.000000    0.821333    4.323667   2.6149740933E-001
    0.000000    0.000000    0.823667    4.326000   2.6202383152E-001
    0.000000    0.000000    0.826000    4.328333   2.6256073379E-001
    0.000000    0.000000    0.828333    4.330667   2.6310832308E-001
    0.000000    0.000000    0.830667    4.333000   2.6366677422E-001
    0.000000    0.000000    0.833000    4.335333   2.6423622540E-001
    0.000000    0.000000    0.835333    4.337667   2.6481677355E-001
    0.000000    0.000000    0.837667    4.340000   2.6540846962E-001
    0.000000    0.000000    0.840000    4.342333   2.6601131387E-001
    0.000000    0.000000    0.842333    4.344667   2.6662525115E-001
    0.000000    0.000000    0.844667    4.347000   2.6725016621E-001
    0.000000    0.000000    0.847000    4.349333   2.6788587912E-001
    0.000000    0.000000    0.849333    4.351667   2.6853214078E-001
    0.000000    0.000000    0.851667    4.354000   2.6918862864E-001
    0.000000    0.000000    0.854000    4.356333   2.6985494266E-001
    0.000000    0.000000    0.856333    4.358667   2.7053060149E-001
    0.000000    0.000000    0.858667    4.361000   2.7121503900E-001
    0.000000    0.000000    0.861000    4.363333   2.7190760120E-001
    0.000000    0.000000    0.863333    4.365667   2.7260754353E-001
    0.000000    0.000000    0.865667    4.368000   2.7331402869E-001
    0.000000    0.000000    0.868000    4.370333   2.7402612485E-001
    0.000000    0.000000    0.870333    4.372667   2.7474280460E-001
    0.000000    0.000000    0.872667    4.375000   2.7546294433E-001
    0.000000    0.000000    0.875000    4.377333   2.7618532430E-001
    0.000000    0.000000    0.877333    4.379667   2.7690862941E-001
    0.000000    0.000000    0.879667    4.382000   2.7763145061E-001
    0.000000    0.000000    0.882000    4.384333   2.7835228704E-001
    0.000000    0.000000    0.884333    4.386667   2.7906954893E-001
    0.000000    0.000000    0.886667    4.389000   2.7978156117E-001
    0.000000    0.000000    0.889000    4.391333   2.8048656773E-001
    0.000000    0.000000    0.891333    4.393667   2.8118273670E-001
    0.000000    0.000000    0.893667    4.396000   2.8186816622E-001
    0.000000    0.000000    0.896000    4.398333   2.8254089098E-001
    0.000000    0.000000    0.898333    4.400667   2.8319888950E-001
    0.000000    0.000000    0.900667    4.403000   2.8384009202E-001
    0.000000    0.000000    0.903000    4.405333   2.8446238913E-001
    0.000000    0.000000    0.905333    4.407667   2.8506364078E-001
    0.000000    0.000000    0.907667    4.410000   2.8564168601E-001
    0.000000    0.000000    0.910000    4.412333   2.8619435305E-001
    0.000000    0.000000    0.912333    4.414667   2.8671946978E-001
    0.000000    0.000000    0.914667    4.417000   2.8721487465E-001
    0.000000    0.000000    0.917000    4.419333   2.8767842770E-001
    0.000000    0.000000    0.919333    4.421667   2.8810802187E-001
    0.000000    0.000000    0.921667    4.424000   2.8850159429E-001
    0.000000    0.000000    0.924000    4.426333   2.8885713768E-001
    0.000000    0.000000    0.926333    4.428667   2.8917271155E-001
    0.000000    0.000000    0.928667    4.431000   2.8944645330E-001
    0.000000    0.000000    0.931000    4.433333   2.8967658898E-001
    0.000000    0.000000    0.933333    4.435667   2.8986144371E-001
    0.000000    0.000000    0.935667    4.438000   2.8999945168E-001
    0.000000    0.000000    0.938000    4.440333   2.9008916556E-001
    0.000000    0.000000    0.940333    4.442667   2.9012926530E-001
    0.000000    0.000000    0.942667    4.445000   2.9011856627E-001
    0.000000    0.000000    0.945000    4.447333   2.9005602657E-001
    0.000000    0.000000    0.947333    4.449667   2.8994075355E-001
    0.000000    0.000000    0.949667    4.452000   2.8977200941E-001
    0.000000    0.000000    0.952000    4.454333   2.8954921590E-001
    0.000000    0.000000    0.954333    4.456667   2.8927195794E-001
    0.000000    0.000000    0.956667    4.459000   2.8893998633E-001
    0.000000    0.000000    0.959000    4.461333   2.8855321933E-001
    0.000000    0.000000    0.961333    4.463667   2.8811174323E-001
    0.000000    0.000000    0.963667    4.466000   2.8761581184E-001
    0.000000    0.000000    0.966000    4.468333   2.8706584488E-001
    0.000000    0.000000    0.968333    4.470667   2.8646242541E-001
    0.000000    0.000000    0.970667    4.473000   2.8580629618E-001
    0.000000    0.000000    0.973000    4.475333   2.8509835497E-001
    0.000000    0.000000    0.975333    4.477667   2.8433964903E-001
    0.000000    0.000000    0.977667    4.480000   2.8353136863E-001
    0.000000    0.000000    0.980000    4.482333   2.8267483971E-001
    0.000000    0.000000    0.982333    4.484667   2.8177151582E-001
    0.000000    0.000000    0.984667    4.487000   2.8082296931E-001
    0.000000    0.000000    0.987000    4.489333   2.7983088196E-001
    0.000000    0.000000    0.989333    4.491667   2.7879703498E-001
    0.000000    0.000000    0.991667    4.494000   2.7772329863E-001
    0.000000    0.000000    0.994000    4.496333   2.7661162142E-001
    0.000000    0.000000    0.996333    4.498667   2.7546401906E-001
    0.000000    0.000000    0.998667    4.501000   2.7428256322E-001
    0.000000    0.000000    1.001000    4.503333   2.7306937015E-001
    0.000000    0.000000    1.003333    4.505667   2.7182658939E-001
    0.000000    0.000000    1.005667    4.508000   2.7055639244E-001
    0.000000    0.000000    1.008000    4.510333   2.6926096168E-001
    0.000000    0.000000    1.010333    4.512667   2.6794247953E-001
    0.000000    0.000000    1.012667    4.515000   2.6660311787E-001
    0.000000    0.000000    1.015000    4.517333   2.6524502793E-001
    0.000000    0.000000    1.017333    4.519667   2.6387033065E-001
    0.000000    0.000000    1.019667    4.522000   2.6248110743E-001
    0.000000    0.000000    1.022000    4.524333   2.6107939166E-001
    0.000000    0.000000    1.024333    4.526667   2.5966716069E-001
    0.000000    0.000000    1.026667    4.529000   2.5824632858E-001
    0.000000    0.000000    1.029000    4.531333   2.5681873947E-001
    0.000000    0.000000    1.031333    4.533667   2.5538616172E-001
    0.000000    0.000000    1.033667    4.536000   2.5395028274E-001
    0.000000    0.000000    1.036000    4.538333   2.5251270462E-001
    0.000000    0.000000    1.038333    4.540667   2.5107494045E-001
    0.000000    0.000000    1.040667    4.543000   2.4963841141E-001
    0.000000    0.000000    1.043000    4.545333   2.4820444459E-001
    0.000000    0.000000    1.045333    4.547667   2.4677427154E-001
    0.000000    0.000000    1.047667    4.550000   2.4534902749E-001
    0.000000    0.000000    1.050000    4.552333   2.4392975123E-001
    0.000000    0.000000    1.052333    4.554667   2.4251738567E-001
    0.000000    0.000000    1.054667    4.557000   2.4111277890E-001
    0.000000    0.000000    1.057000    4.559333   2.3971668595E-001
    0.000000    0.000000    1.059333    4.561667   2.3832977092E-001
    0.000000    0.000000    1.061667    4.564000   2.3695260965E-001
    0.000000    0.000000    1.064000    4.566333   2.3558569282E-001
    0.000000    0.000000    1.066333    4.568667   2.3422942937E-001
    0.000000    0.000000    1.068667    4.571000   2.3288415033E-001
    0.000000    0.000000    1.071000    4.573333   2.3155011278E-001
    0.000000    0.000000    1.073333    4.575667   2.3022750424E-001
    0.000000    0.000000    1.075667    4.578000   2.2891644701E-001
    0.000000    0.000000    1.078000    4.580333   2.2761700284E-001
    0.000000    0.000000    1.080333    4.582667   2.2632917758E-001
    0.000000    0.000000    1.082667    4.585000   2.2505292587E-001
    0.000000    0.000000    1.085000    4.587333   2.2378815593E-001
    0.000000    0.000000    1.087333    4.589667   2.2253473420E-001
    0.000000    0.000000    1.089667    4.592000   2.2129248996E-001
    0.000000    0.000000    1.092000    4.594333   2.2006121991E-001
    0.000000    0.000000    1.094333    4.596667   2.1884069254E-001
    0.000000    0.000000    1.096667    4.599000   2.1763065238E-001
    0.000000    0.000000    1.099000    4.601333   2.1643082408E-001
    0.000000    0.000000    1.101333    4.603667   2.1524091627E-001
    0.000000    0.000000    1.103667    4.606000   2.1406062529E-001
    0.000000    0.000000    1.106000    4.608333   2.1288963858E-001
    0.000000    0.000000    1.108333    4.610667   2.1172763792E-001
    0.000000    0.000000    1.110667    4.613000   2.1057430243E-001
    0.000000    0.000000    1.113000    4.615333   2.0942931129E-001
    0.000000    0.000000    1.115333    4.617667   2.0829234624E-001
    0.000000    0.000000    1.117667    4.620000   2.0716309382E-001
    0.000000    0.000000    1.120000    4.622333   2.0604124742E-001
    0.000000    0.000000    1.122333    4.624667   2.0492650898E-001
    0.000000    0.000000    1.124667    4.627000   2.0381859062E-001
    0.000000    0.000000    1.127000    4.629333   2.0271721591E-001
    0.000000    0.000000    1.129333    4.631667   2.0162212098E-001
    0.000000    0.000000    1.131667    4.634000   2.0053305546E-001
    0.000000    0.000000    1.134000    4.636333   1.9944978317E-001
    0.000000    0.000000    1.136333    4.638667   1.9837208268E-001
    0.000000    0.000000    1.138667    4.641000   1.9729974764E-001
    0.000000    0.000000    1.141000    4.643333   1.9623258705E-001
    0.000000    0.000000    1.143333    4.645667   1.9517042530E-001
    0.000000    0.000000    1.145667    4.648000   1.9411310214E-001
    0.000000    0.000000    1.148000    4.650333   1.9306047248E-001
    0.000000    0.000000    1.150333    4.652667   1.9201240616E-001
    0.000000    0.000000    1.152667    4.655000   1.9096878755E-001
    0.000000    0.000000    1.155000    4.657333   1.8992951514E-001
    0.000000    0.000000    1.157333    4.659667   1.8889450102E-001
    0.000000    0.000000    1.159667    4.662000   1.8786367030E-001
    0.000000    0.000000    1.162000    4.664333   1.8683696054E-001
    0.000000    0.000000    1.164333    4.666667   1.8581432105E-001
    0.000000    0.000000    1.166667    4.669000   1.8479571226E-001
    0.000000    0.000000    1.169000    4.671333   1.8378110501E-001
    0.000000    0.000000    1.171333    4.673667   1.8277047983E-001
    0.000000    0.000000    1.173667    4.676000   1.8176382623E-001
    0.000000    0.000000    1.176000    4.678333   1.8076114201E-001
    0.000000    0.000000    1.178333    4.680667   1.7976243254E-001
    0.000000    0.000000    1.180667    4.683000   1.7876771004E-001
    0.000000    0.000000    1.183000    4.685333   1.7777699297E-001
    0.000000    0.000000    1.185333    4.687667   1.7679030529E-001
    0.000000    0.000000    1.187667    4.690000   1.7580767586E-001
    0.000000    0.000000    1.190000    4.692333   1.7482913783E-001
    0.000000    0.000000    1.192333    4.694667   1.7385472805E-001
    0.000000    0.000000    1.194667    4.697000   1.7288448648E-001
    0.000000    0.000000    1.197000    4.699333   1.7191845572E-001
    0.000000    0.000000    1.199333    4.701667   1.7095668043E-001
    0.000000    0.000000    1.201667    4.704000   1.6999920693E-001
    0.000000    0.000000    1.204000    4.706333   1.6904608272E-001
    0.000000    0.000000    1.206333    4.708667   1.6809735609E-001
    0.000000    0.000000    1.208667    4.711000   1.6715307570E-001
    0.000000    0.000000    1.211000    4.713333   1.6621329030E-001
    0.000000    0.000000    1.213333    4.715667   1.6527804835E-001
    0.000000    0.000000    1.215667    4.718000   1.6434739773E-001
    0.000000    0.000000    1.218000    4.720333   1.6342138550E-001
    0.000000    0.000000    1.220333    4.722667   1.6250005764E-001
    0.000000    0.000000    1.222667    4.725000   1.6158345886E-001
    0.000000    0.000000    1.225000    4.727333   1.6067163234E-001
    0.000000    0.000000    1.227333    4.729667   1.5976461964E-001
    0.000000    0.000000    1.229667    4.732000   1.5886246050E-001
    0.000000    0.000000    1.232000    4.734333   1.5796519272E-001
    0.000000    0.000000    1.234333    4.736667   1.5707285205E-001
    0.000000    0.000000    1.236667    4.739000   1.5618547210E-001
    0.000000    0.000000    1.239000    4.741333   1.5530308426E-001
    0.000000    0.000000    1.241333    4.743667   1.5442571762E-001
    0.000000    0.000000    1.243667    4.746000   1.5355339895E-001
    0.000000    0.000000    1.246000    4.748333   1.5268615264E-001
    0.000000    0.000000    1.248333    4.750667   1.5182400067E-001
    0.000000    0.000000    1.250667    4.753000   1.5096696263E-001
    0.000000    0.000000    1.253000    4.755333   1.5011505567E-001
    0.000000    0.000000    1.255333    4.757667   1.4926829453E-001
    0.000000    0.000000    1.257667    4.760000   1.4842669157E-001
    0.000000    0.000000    1.260000    4.762333   1.4759025674E-001
    0.000000    0.000000    1.262333    4.764667   1.4675899764E-001
    0.000000    0.000000    1.264667    4.767000   1.4593291956E-001
    0.000000    0.000000    1.267000    4.769333   1.4511202549E-001
    0.000000    0.000000    1.269333    4.771667   1.4429631618E-001
    0.000000    0.000000    1.271667    4.774000   1.4348579019E-001
    0.000000    0.000000    1.274000    4.776333   1.4268044390E-001
    0.000000    0.000000    1.276333    4.778667   1.4188027164E-001
    0.000000    0.000000    1.278667    4.781000   1.4108526566E-001
    0.000000    0.000000    1.281000    4.783333   1.4029541625E-001
    0.000000    0.000000    1.283333    4.785667   1.3951071177E-001
    0.000000    0.000000    1.285667    4.788000   1.3873113872E-001
    0.000000    0.000000    1.288000    4.790333   1.3795668180E-001
    0.000000    0.000000    1.290333    4.792667   1.3718732399E-001
    0.000000    0.000000    1.292667    4.795000   1.3642304658E-001
    0.000000    0.000000    1.295000    4.797333   1.3566382928E-001
    0.000000    0.000000    1.297333    4.799667   1.3490965024E-001
    0.000000    0.000000    1.299667    4.802000   1.3416048616E-001
    0.000000    0.000000    1.302000    4.804333   1.3341631231E-001
    0.000000    0.000000    1.304333    4.806667   1.3267710264E-001
    0.000000    0.000000    1.306667    4.809000   1.3194282983E-001
    0.000000    0.000000    1.309000    4.811333   1.3121346532E-001
    0.000000    0.000000    1.311333    4.813667   1.3048897944E-001
    0.000000    0.000000    1.313667    4.816000   1.2976934142E-001
    0.000000    0.000000    1.316000    4.818333   1.2905451948E-001
    0.000000    0.000000    1.318333    4.820667   1.2834448089E-001
    0.000000    0.000000    1.320667    4.823000   1.2763919200E-001
    0.000000    0.000000    1.323000    4.825333   1.2693861835E-001
    0.000000    0.000000    1.325333    4.827667   1.2624272470E-001
    0.000000    0.000000    1.327667    4.830000   1.2555147509E-001
    0.000000    0.000000    1.330000    4.832333   1.2486483291E-001
    0.000000    0.000000    1.332333    4.834667   1.2418276092E-001
    0.000000    0.000000    1.334667    4.837000   1.2350522136E-001
    0.000000    0.000000    1.337000    4.839333   1.2283217596E-001
    0.000000    0.000000    1.339333    4.841667   1.2216358600E-001
    0.000000    0.000000    1.341667    4.844000   1.2149941237E-001
    0.000000    0.000000    1.344000    4.846333   1.2083961561E-001
    0.000000    0.000000    1.346333    4.848667   1.2018415598E-001
    0.000000    0.000000    1.348667    4.851000   1.1953299346E-001
    0.000000    0.000000    1.351000    4.853333   1.1888608784E-001
    0.000000    0.000000    1.353333    4.855667   1.1824339875E-001
    0.000000    0.000000    1.355667    4.858000   1.1760488568E-001
    0.000000    0.000000    1.358000    4.860333   1.1697050805E-001
    0.000000    0.000000    1.360333    4.862667   1.1634022524E-001
    0.000000    0.000000    1.362667    4.865000   1.1571399662E-001
    0.000000    0.000000    1.365000    4.867333   1.1509178159E-001
    0.000000    0.000000    1.367333    4.869667   1.1447353962E-001
    0.000000    0.000000    1.369667    4.872000   1.1385923027E-001
    0.000000    0.000000    1.372000    4.874333   1.1324881324E-001
    0.000000    0.000000    1.374333    4.876667   1.1264224838E-001
    0.000000    0.000000    1.376667    4.879000   1.1203949575E-001
    0.000000    0.000000    1.379000    4.881333   1.1144051560E-001
    0.000000    0.000000    1.381333    4.883667   1.1084526845E-001
    0.000000    0.000000    1.383667    4.886000   1.1025371507E-001
    0.000000    0.000000    1.386000    4.888333   1.0966581653E-001
    0.000000    0.000000    1.388333    4.890667   1.0908153421E-001
    0.000000    0.000000    1.390667    4.893000   1.0850082983E-001
    0.000000    0.000000    1.393000    4.895333   1.0792366547E-001
    0.000000    0.000000    1.395333    4.897667   1.0735000358E-001
    0.000000    0.000000    1.397667    4.900000   1.0677980699E-001
    0.000000    0.000000    1.400000    4.902333   1.0621303896E-001
    0.000000    0.000000    1.402333    4.904667   1.0564966314E-001
    0.000000    0.000000    1.404667    4.907000   1.0508964365E-001
    0.000000    0.000000    1.407000    4.909333   1.0453294504E-001
    0.000000    0.000000    1.409333    4.911667   1.0397953232E-001
    0.000000    0.000000    1.411667    4.914000   1.0342937098E-001
    0.000000    0.000000    1.414000    4.916333   1.0288242699E-001
    0.000000    0.000000    1.416333    4.918667   1.0233866680E-001
    0.000000    0.000000    1.418667    4.921000   1.0179805736E-001
    0.000000    0.000000    1.421000    4.923333   1.0126056613E-001
    0.000000    0.000000    1.423333    4.925667   1.0072616106E-001
    0.000000    0.000000    1.425667    4.928000   1.0019481065E-001
    0.000000    0.000000    1.428000    4.930333   9.9666483889E-002
    0.000000    0.000000    1.430333    4.932667   9.9141150290E-002
    0.000000    0.000000    1.432667    4.935000   9.8618779898E-002
    0.000000    0.000000    1.435000    4.937333   9.8099343282E-002
    0.000000    0.000000    1.437333    4.939667   9.7582811535E-002
    0.000000    0.000000    1.439667    4.942000   9.7069156280E-002
    0.000000    0.000000    1.442000    4.944333   9.6558349663E-002
    0.000000    0.000000    1.444333    4.946667   9.6050364358E-002
    0.000000    0.000000    1.446667    4.949000   9.5545173563E-002
    0.000000    0.000000    1.449000    4.951333   9.5042750996E-002
    0.000000    0.000000    1.451333    4.953667   9.4543070895E-002
    0.000000    0.000000    1.453667    4.956000   9.4046108013E-002
    0.000000    0.000000    1.456000    4.958333   9.3551837616E-002
    0.000000    0.000000    1.458333    4.960667   9.3060235477E-002
    0.000000    0.000000    1.460667    4.963000   9.2571277872E-002
    0.000000    0.000000    1.463000    4.965333   9.2084941574E-002
    0.000000    0.000000    1.465333    4.967667   9.1601203850E-002
    0.000000    0.000000    1.467667    4.970000   9.1120042452E-002
    0.000000    0.000000    1.470000    4.972333   9.0641435614E-002
    0.000000    0.000000    1.472333    4.974667   9.0165362041E-002
    0.000000    0.000000    1.474667    4.977000   8.9691800909E-002
    0.000000    0.000000    1.477000    4.979333   8.9220731849E-002
    0.000000    0.000000    1.479333    4.981667   8.8752134948E-002
    0.000000    0.000000    1.481667    4.984000   8.8285990738E-002
    0.000000    0.000000    1.484000    4.986333   8.7822280186E-002
    0.000000    0.000000    1.486333    4.988667   8.7360984689E-002
    0.000000    0.000000    1.488667    4.991000   8.6902086065E-002
    0.000000    0.000000    1.491000    4.993333   8.6445566547E-002
    0.000000    0.000000    1.493333    4.995667   8.5991408769E-002
    0.000000    0.000000    1.495667    4.998000   8.5539595762E-002
    0.000000    0.000000    1.498000    5.000333   8.5090110946E-002
    0.000000    0.000000    1.500333    5.002667   8.4642938116E-002
    0.000000    0.000000    1.502667    5.005000   8.4198061439E-002
    0.000000    0.000000    1.505000    5.007333   8.3755465442E-002
    0.000000    0.000000    1.507333    5.009667   8.3315135006E-002
    0.000000    0.000000    1.509667    5.012000   8.2877055351E-002
    0.000000    0.000000    1.512000    5.014333   8.2441212036E-002
    0.000000    0.000000    1.514333    5.016667   8.2007590941E-002
    0.000000    0.000000    1.516667    5.019000   8.1576178265E-002
    0.000000    0.000000    1.519000    5.021333   8.1146960515E-002
    0.000000    0.000000    1.521333    5.023667   8.0719924494E-002
    0.000000    0.000000    1.523667    5.026000   8.0295057298E-002
    0.000000    0.000000    1.526000    5.028333   7.9872346303E-002
    0.000000    0.000000    1.528333    5.030667   7.9451779158E-002
    0.000000    0.000000    1.530667    5.033000   7.9033343777E-002
    0.000000    0.000000    1.533000    5.035333   7.8617028327E-002
    0.000000    0.000000    1.535333    5.037667   7.8202821225E-002
    0.000000    0.000000    1.537667    5.040000   7.7790711126E-002
    0.000000    0.000000    1.540000    5.042333   7.7380686918E-002
    0.000000    0.000000    1.542333    5.044667   7.6972737708E-002
    0.000000    0.000000    1.544667    5.047000   7.6566852821E-002
    0.000000    0.000000    1.547000    5.049333   7.6163021789E-002
    0.000000    0.000000    1.549333    5.051667   7.5761234342E-002
    0.000000    0.000000    1.551667    5.054000   7.5361480402E-002
    0.000000    0.000000    1.554000    5.056333   7.4963750078E-002
    0.000000    0.000000    1.556333    5.058667   7.4568033654E-002
    0.000000    0.000000    1.558667    5.061000   7.4174321584E-002
    0.000000    0.000000    1.561000    5.063333   7.3782604488E-002
    0.000000    0.000000    1.563333    5.065667   7.3392873138E-002
    0.000000    0.000000    1.565667    5.068000   7.3005118461E-002
    0.000000    0.000000    1.568000    5.070333   7.2619331522E-002
    0.000000    0.000000    1.570333    5.072667   7.2235503528E-002
    0.000000    0.000000    1.572667    5.075000   7.1853625811E-002
    0.000000    0.000000    1.575000    5.077333   7.1473689834E-002
    0.000000    0.000000    1.577333    5.079667   7.1095687174E-002
    0.000000    0.000000    1.579667    5.082000   7.0719609522E-002
    0.000000    0.000000    1.582000    5.084333   7.0345448678E-002
    0.000000    0.000000    1.584333    5.086667   6.9973196544E-002
    0.000000    0.000000    1.586667    5.089000   6.9602845118E-002
    0.000000    0.000000    1.589000    5.091333   6.9234386488E-002
    0.000000    0.000000    1.591333    5.093667   6.8867812834E-002
    0.000000    0.000000    1.593667    5.096000   6.8503116412E-002
    0.000000    0.000000    1.596000    5.098333   6.8140289560E-002
    0.000000    0.000000    1.598333    5.100667   6.7779324687E-002
    0.000000    0.000000    1.600667    5.103000   6.7420214271E-002
    0.000000    0.000000    1.603000    5.105333   6.7062950856E-002
    0.000000    0.000000    1.605333    5.107667   6.6707527043E-002
    0.000000    0.000000    1.607667    5.110000   6.6353935493E-002
    0.000000    0.000000    1.610000    5.112333   6.6002168918E-002
    0.000000    0.000000    1.612333    5.114667   6.5652220082E-002
    0.000000    0.000000    1.614667    5.117000   6.5304081791E-002
    0.000000    0.000000    1.617000    5.119333   6.4957746898E-002
    0.000000    0.000000    1.619333    5.121667   6.4613208291E-002
    0.000000    0.000000    1.621667    5.124000   6.4270458898E-002
    0.000000    0.000000    1.624000    5.126333   6.3929491679E-002
    0.000000    0.000000    1.626333    5.128667   6.3590299626E-002
    0.000000    0.000000    1.628667    5.131000   6.3252875756E-002
    0.000000    0.000000    1.631000    5.133333   6.2917213117E-002
    0.000000    0.000000    1.633333    5.135667   6.2583304774E-002
    0.000000    0.000000    1.635667    5.138000   6.2251143819E-002
    0.000000    0.000000    1.638000    5.140333   6.1920723358E-002
    0.000000    0.000000    1.640333    5.142667   6.1592036516E-002
    0.000000    0.000000    1.642667    5.145000   6.1265076433E-002
    0.000000    0.000000    1.645000    5.147333   6.0939836262E-002
    0.000000    0.000000    1.647333    5.149667   6.0616309165E-002
    0.000000    0.000000    1.649667    5.152000   6.0294488317E-002
    0.000000    0.000000    1.652000    5.154333   5.9974366899E-002
    0.000000    0.000000    1.654333    5.156667   5.9655938100E-002
    0.000000    0.000000    1.656667    5.159000   5.9339195111E-002
    0.000000    0.000000    1.659000    5.161333   5.9024131132E-002
    0.000000    0.000000    1.661333    5.163667   5.8710739362E-002
    0.000000    0.000000    1.663667    5.166000   5.8399013004E-002
    0.000000    0.000000    1.666000    5.168333   5.8088945260E-002
    0.000000    0.000000    1.668333    5.170667   5.7780529334E-002
    0.000000    0.000000    1.670667    5.173000   5.7473758427E-002
    0.000000    0.000000    1.673000    5.175333   5.7168625739E-002
    0.000000    0.000000    1.675333    5.177667   5.6865124468E-002
    0.000000    0.000000    1.677667    5.180000   5.6563247809E-002
    0.000000    0.000000    1.680000    5.182333   5.6262988953E-002
    0.000000    0.000000    1.682333    5.184667   5.5964341086E-002
    0.000000    0.000000    1.684667    5.187000   5.5667297390E-002
    0.000000    0.000000    1.687000    5.189333   5.5371851044E-002
    0.000000    0.000000    1.689333    5.191667   5.5077995218E-002
    0.000000    0.000000    1.691667    5.194000   5.4785723079E-002
    0.000000    0.000000    1.694000    5.196333   5.4495027788E-002
    0.000000    0.000000    1.696333    5.198667   5.4205902499E-002
    0.000000    0.000000    1.698667    5.201000   5.3918340360E-002
    0.000000    0.000000    1.701000    5.203333   5.3632334514E-002
    0.000000    0.000000    1.703333    5.205667   5.3347878097E-002
    0.000000    0.000000    1.705667    5.208000   5.3064964239E-002
    0.000000    0.000000    1.708000    5.210333   5.2783586062E-002
    0.000000    0.000000    1.710333    5.212667   5.2503736685E-002
    0.000000    0.000000    1.712667    5.215000   5.2225409219E-002
    0.000000    0.000000    1.715000    5.217333   5.1948596769E-002
    0.000000    0.000000    1.717333    5.219667   5.1673292436E-002
    0.000000    0.000000    1.719667    5.222000   5.1399489314E-002
    0.000000    0.000000    1.722000    5.224333   5.1127180493E-002
    0.000000    0.000000    1.724333    5.226667   5.0856359056E-002
    0.000000    0.000000    1.726667    5.229000   5.0587018084E-002
    0.000000    0.000000    1.729000    5.231333   5.0319150651E-002
    0.000000    0.000000    1.731333    5.233667   5.0052749829E-002
    0.000000    0.000000    1.733667    5.236000   4.9787808687E-002
    0.000000    0.000000    1.736000    5.238333   4.9524320287E-002
    0.000000    0.000000    1.738333    5.240667   4.9262277693E-002
    0.000000    0.000000    1.740667    5.243000   4.9001673962E-002
    0.000000    0.000000    1.743000    5.245333   4.8742502152E-002
    0.000000    0.000000    1.745333    5.247667   4.8484755319E-002
    0.000000    0.000000    1.747667    5.250000   4.8228426517E-002
    0.000000    0.000000    1.750000    5.252333   4.7973508799E-002
    0.000000    0.000000    1.752333    5.254667   4.7719995220E-002
    0.000000    0.000000    1.754667    5.257000   4.7467878833E-002
    0.000000    0.000000    1.757000    5.259333   4.7217152692E-002
    0.000000    0.000000    1.759333    5.261667   4.6967809854E-002
    0.000000    0.000000    1.761667    5.264000   4.6719843377E-002
    0.000000    0.000000    1.764000    5.266333   4.6473246321E-002
    0.000000    0.000000    1.766333    5.268667   4.6228011748E-002
    0.000000    0.000000    1.768667    5.271000   4.5984132726E-002
    0.000000    0.000000    1.771000    5.273333   4.5741602325E-002
    0.000000    0.000000    1.773333    5.275667   4.5500413619E-002
    0.000000    0.000000    1.775667    5.278000   4.5260559690E-002
    0.000000    0.000000    1.778000    5.280333   4.5022033622E-002
    0.000000    0.000000    1.780333    5.282667   4.4784828507E-002
    0.000000    0.000000    1.782667    5.285000   4.4548937445E-002
    0.000000    0.000000    1.785000    5.287333   4.4314353539E-002
    0.000000    0.000000    1.787333    5.289667   4.4081069904E-002
    0.000000    0.000000    1.789667    5.292000   4.3849079662E-002
    0.000000    0.000000    1.792000    5.294333   4.3618375943E-002
    0.000000    0.000000    1.794333    5.296667   4.3388951888E-002
    0.000000    0.000000    1.796667    5.299000   4.3160800645E-002
    0.000000    0.000000    1.799000    5.301333   4.2933915376E-002
    0.000000    0.000000    1.801333    5.303667   4.2708289252E-002
    0.000000    0.000000    1.803667    5.306000   4.2483915456E-002
    0.000000    0.000000    1.806000    5.308333   4.2260787183E-002
    0.000000    0.000000    1.808333    5.310667   4.2038897640E-002
    0.000000    0.000000    1.810667    5.313000   4.1818240050E-002
    0.000000    0.000000    1.813000    5.315333   4.1598807644E-002
    0.000000    0.000000    1.815333    5.317667   4.1380593673E-002
    0.000000    0.000000    1.817667    5.320000   4.1163591400E-002
    0.000000    0.000000    1.820000    5.322333   4.0947794102E-002
    0.000000    0.000000    1.822333    5.324667   4.0733195073E-002
    0.000000    0.000000    1.824667    5.327000   4.0519787623E-002
    0.000000    0.000000    1.827000    5.329333   4.0307565079E-002
    0.000000    0.000000    1.829333    5.331667   4.0096520783E-002
    0.000000    0.000000    1.831667    5.334000   3.9886648098E-002
    0.000000    0.000000    1.834000    5.336333   3.9677940401E-002
    0.000000    0.000000    1.836333    5.338667   3.9470391091E-002
    0.000000    0.000000    1.838667    5.341000   3.9263993582E-002
    0.000000    0.000000    1.841000    5.343333   3.9058741311E-002
    0.000000    0.000000    1.843333    5.345667   3.8854627732E-002
    0.000000    0.000000    1.845667    5.348000   3.8651646321E-002
    0.000000    0.000000    1.848000    5.350333   3.8449790573E-002
    0.000000    0.000000    1.850333    5.352667   3.8249054005E-002
    0.000000    0.000000    1.852667    5.355000   3.8049430154E-002
    0.000000    0.000000    1.855000    5.357333   3.7850912579E-002
    0.000000    0.000000    1.857333    5.359667   3.7653494864E-002
    0.000000    0.000000    1.859667    5.362000   3.7457170611E-002
    0.000000    0.000000    1.862000    5.364333   3.7261933447E-002
    0.000000    0.000000    1.864333    5.366667   3.7067777022E-002
    0.000000    0.000000    1.866667    5.369000   3.6874695010E-002
    0.000000    0.000000    1.869000    5.371333   3.6682681107E-002
    0.000000    0.000000    1.871333    5.373667   3.6491729036E-002
    0.000000    0.000000    1.873667    5.376000   3.6301832542E-002
    0.000000    0.000000    1.876000    5.378333   3.6112985395E-002
    0.000000    0.000000    1.878333    5.380667   3.5925181392E-002
    0.000000    0.000000    1.880667    5.383000   3.5738414353E-002
    0.000000    0.000000    1.883000    5.385333   3.5552678125E-002
    0.000000    0.000000    1.885333    5.387667   3.5367966581E-002
    0.000000    0.000000    1.887667    5.390000   3.5184273620E-002
    0.000000    0.000000    1.890000    5.392333   3.5001593167E-002
    0.000000    0.000000    1.892333    5.394667   3.4819919174E-002
    0.000000    0.000000    1.894667    5.397000   3.4639245620E-002
    0.000000    0.000000    1.897000    5.399333   3.4459566512E-002
    0.000000    0.000000    1.899333    5.401667   3.4280875882E-002
    0.000000    0.000000    1.901667    5.404000   3.4103167794E-002
    0.000000    0.000000    1.904000    5.406333   3.3926436335E-002
    0.000000    0.000000    1.906333    5.408667   3.3750675623E-002
    0.000000    0.000000    1.908667    5.411000   3.3575879804E-002
    0.000000    0.000000    1.911000    5.413333   3.3402043052E-002
    0.000000    0.000000    1.913333    5.415667   3.3229159569E-002
    0.000000    0.000000    1.915667    5.418000   3.3057223587E-002
    0.000000    0.000000    1.918000    5.420333   3.2886229367E-002
    0.000000    0.000000    1.920333    5.422667   3.2716171198E-002
    0.000000    0.000000    1.922667    5.425000   3.2547043398E-002
    0.000000    0.000000    1.925000    5.427333   3.2378840318E-002
    0.000000    0.000000    1.927333    5.429667   3.2211556334E-002
    0.000000    0.000000    1.929667    5.432000   3.2045185855E-002
    0.000000    0.000000    1.932000    5.434333   3.1879723317E-002
    0.000000    0.000000    1.934333    5.436667   3.1715163189E-002
    0.000000    0.000000    1.936667    5.439000   3.1551499968E-002
    0.000000    0.000000    1.939000    5.441333   3.1388728181E-002
    0.000000    0.000000    1.941333    5.443667   3.1226842388E-002
    0.000000    0.000000    1.943667    5.446000   3.1065837175E-002
    0.000000    0.000000    1.946000    5.448333   3.0905707163E-002
    0.000000    0.000000    1.948333    5.450667   3.0746447001E-002
    0.000000    0.000000    1.950667    5.453000   3.0588051368E-002
    0.000000    0.000000    1.953000    5.455333   3.0430514974E-002
    0.000000    0.000000    1.955333    5.457667   3.0273832563E-002
    0.000000    0.000000    1.957667    5.460000   3.0117998904E-002
    0.000000    0.000000    1.960000    5.462333   2.9963008802E-002
    0.000000    0.000000    1.962333    5.464667   2.9808857090E-002
    0.000000    0.000000    1.964667    5.467000   2.9655538633E-002
    0.000000    0.000000    1.967000    5.469333   2.9503048326E-002
    0.000000    0.000000    1.969333    5.471667   2.9351381096E-002
    0.000000    0.000000    1.971667    5.474000   2.9200531900E-002
    0.000000    0.000000    1.974000    5.476333   2.9050495726E-002
    0.000000    0.000000    1.976333    5.478667   2.8901267594E-002
    0.000000    0.000000    1.978667    5.481000   2.8752842554E-002
    0.000000    0.000000    1.981000    5.483333   2.8605215687E-002
    0.000000    0.000000    1.983333    5.485667   2.8458382106E-002
    0.000000    0.000000    1.985667    5.488000   2.8312336954E-002
    0.000000    0.000000    1.988000    5.490333   2.8167075405E-002
    0.000000    0.000000    1.990333    5.492667   2.8022592663E-002
    0.000000    0.000000    1.992667    5.495000   2.7878883965E-002
    0.000000    0.000000    1.995000    5.497333   2.7735944577E-002
    0.000000    0.000000    1.997333    5.499667   2.7593769796E-002
    0.000000    0.000000    1.999667    5.502000   2.7452354952E-002
    0.000000    0.000000    2.002000    5.504333   2.7311695402E-002
    0.000000    0.000000    2.004333    5.506667   2.7171786536E-002
    0.000000    0.000000    2.006667    5.509000   2.7032623774E-002
    0.000000    0.000000    2.009000    5.511333   2.6894202568E-002
    0.000000    0.000000    2.011333    5.513667   2.6756518397E-002
    0.000000    0.000000    2.013667    5.516000   2.6619566773E-002
    0.000000    0.000000    2.016000    5.518333   2.6483343239E-002
    0.000000    0.000000    2.018333    5.520667   2.6347843366E-002
    0.000000    0.000000    2.020667    5.523000   2.6213062757E-002
    0.000000    0.000000    2.023000    5.525333   2.6078997043E-002
    0.000000    0.000000    2.025333    5.527667   2.5945641888E-002
    0.000000    0.000000    2.027667    5.530000   2.5812992982E-002
    0.000000    0.000000    2.030000    5.532333   2.5681046048E-002
    0.000000    0.000000    2.032333    5.534667   2.5549796838E-002
    0.000000    0.000000    2.034667    5.537000   2.5419241134E-002
    0.000000    0.000000    2.037000    5.539333   2.5289374745E-002
    0.000000    0.000000    2.039333    5.541667   2.5160193511E-002
    0.000000    0.000000    2.041667    5.544000   2.5031693304E-002
    0.000000    0.000000    2.044000    5.546333   2.4903870020E-002
    0.000000    0.000000    2.046333    5.548667   2.4776719588E-002
    0.000000    0.000000    2.048667    5.551000   2.4650237964E-002
    0.000000    0.000000    2.051000    5.553333   2.4524421133E-002
    0.000000    0.000000    2.053333    5.555667   2.4399265110E-002
    0.000000    0.000000    2.055667    5.558000   2.4274765938E-002
    0.000000    0.000000    2.058000    5.560333   2.4150919687E-002
    0.000000    0.000000    2.060333    5.562667   2.4027722456E-002
    0.000000    0.000000    2.062667    5.565000   2.3905170374E-002
    0.000000    0.000000    2.065000    5.567333   2.3783259596E-002
    0.000000    0.000000    2.067333    5.569667   2.3661986305E-002
    0.000000    0.000000    2.069667    5.572000   2.3541346712E-002
    0.000000    0.000000    2.072000    5.574333   2.3421337056E-002
    0.000000    0.000000    2.074333    5.576667   2.3301953604E-002
    0.000000    0.000000    2.076667    5.579000   2.3183192648E-002
    0.000000    0.000000    2.079000    5.581333   2.3065050510E-002
    0.000000    0.000000    2.081333    5.583667   2.2947523538E-002
    0.000000    0.000000    2.083667    5.586000   2.2830608105E-002
    0.000000    0.000000    2.086000    5.588333   2.2714300613E-002
    0.000000    0.000000    2.088333    5.590667   2.2598597491E-002
    0.000000    0.000000    2.090667    5.593000   2.2483495191E-002
    0.000000    0.000000    2.093000    5.595333   2.2368990195E-002
    0.000000    0.000000    2.095333    5.597667   2.2255079009E-002
    0.000000    0.000000    2.097667    5.600000   2.2141758165E-002
    0.000000    0.000000    2.100000    5.602333   2.2029024223E-002
    0.000000    0.000000    2.102333    5.604667   2.1916873764E-002
    0.000000    0.000000    2.104667    5.607000   2.1805303399E-002
    0.000000    0.000000    2.107000    5.609333   2.1694309762E-002
    0.000000    0.000000    2.109333    5.611667   2.1583889513E-002
    0.000000    0.000000    2.111667    5.614000   2.1474039335E-002
    0.000000    0.000000    2.114000    5.616333   2.1364755939E-002
    0.000000    0.000000    2.116333    5.618667   2.1256036058E-002
    0.000000    0.000000    2.118667    5.621000   2.1147876449E-002
    0.000000    0.000000    2.121000    5.623333   2.1040273896E-002
    0.000000    0.000000    2.123333    5.625667   2.0933225205E-002
    0.000000    0.000000    2.125667    5.628000   2.0826727207E-002
    0.000000    0.000000    2.128000    5.630333   2.0720776754E-002
    0.000000    0.000000    2.130333    5.632667   2.0615370726E-002
    0.000000    0.000000    2.132667    5.635000   2.0510506023E-002
    0.000000    0.000000    2.135000    5.637333   2.0406179569E-002
    0.000000    0.000000    2.137333    5.639667   2.0302388312E-002
    0.000000    0.000000    2.139667    5.642000   2.0199129221E-002
    0.000000    0.000000    2.142000    5.644333   2.0096399289E-002
    0.000000    0.000000    2.144333    5.646667   1.9994195532E-002
    0.000000    0.000000    2.146667    5.649000   1.9892514987E-002
    0.000000    0.000000    2.149000    5.651333   1.9791354714E-002
    0.000000    0.000000    2.151333    5.653667   1.9690711795E-002
    0.000000    0.000000    2.153667    5.656000   1.9590583333E-002
    0.000000    0.000000    2.156000    5.658333   1.9490966452E-002
    0.000000    0.000000    2.158333    5.660667   1.9391858300E-002
    0.000000    0.000000    2.160667    5.663000   1.9293256045E-002
    0.000000    0.000000    2.163000    5.665333   1.9195156875E-002
    0.000000    0.000000    2.165333    5.667667   1.9097558000E-002
    0.000000    0.000000    2.167667    5.670000   1.9000456650E-002
    0.000000    0.000000    2.170000    5.672333   1.8903850077E-002
    0.000000    0.000000    2.172333    5.674667   1.8807735552E-002
    0.000000    0.000000    2.174667    5.677000   1.8712110367E-002
    0.000000    0.000000    2.177000    5.679333   1.8616971833E-002
    0.000000    0.000000    2.179333    5.681667   1.8522317281E-002
    0.000000    0.000000    2.181667    5.684000   1.8428144064E-002
    0.000000    0.000000    2.184000    5.686333   1.8334449552E-002
    0.000000    0.000000    2.186333    5.688667   1.8241231134E-002
    0.000000    0.000000    2.188667    5.691000   1.8148486221E-002
    0.000000    0.000000    2.191000    5.693333   1.8056212240E-002
    0.000000    0.000000    2.193333    5.695667   1.7964406638E-002
    0.000000    0.000000    2.195667    5.698000   1.7873066881E-002
    0.000000    0.000000    2.198000    5.700333   1.7782190453E-002
    0.000000    0.000000    2.200333    5.702667   1.7691774856E-002
    0.000000    0.000000    2.202667    5.705000   1.7601817612E-002
    0.000000    0.000000    2.205000    5.707333   1.7512316258E-002
    0.000000    0.000000    2.207333    5.709667   1.7423268351E-002
    0.000000    0.000000    2.209667    5.712000   1.7334671464E-002
    0.000000    0.000000    2.212000    5.714333   1.7246523190E-002
    0.000000    0.000000    2.214333    5.716667   1.7158821137E-002
    0.000000    0.000000    2.216667    5.719000   1.7071562931E-002
    0.000000    0.000000    2.219000    5.721333   1.6984746214E-002
    0.000000    0.000000    2.221333    5.723667   1.6898368646E-002
    0.000000    0.000000    2.223667    5.726000   1.6812427904E-002
    0.000000    0.000000    2.226000    5.728333   1.6726921680E-002
    0.000000    0.000000    2.228333    5.730667   1.6641847683E-002
    0.000000    0.000000    2.230667    5.733000   1.6557203639E-002
    0.000000    0.000000    2.233000    5.735333   1.6472987288E-002
    0.000000    0.000000    2.235333    5.737667   1.6389196388E-002
    0.000000    0.000000    2.237667    5.740000   1.6305828711E-002
    0.000000    0.000000    2.240000    5.742333   1.6222882046E-002
    0.000000    0.000000    2.242333    5.744667   1.6140354196E-002
    0.000000    0.000000    2.244667    5.747000   1.6058242980E-002
    0.000000    0.000000    2.247000    5.749333   1.5976546232E-002
    0.000000    0.000000    2.249333    5.751667   1.5895261801E-002
    0.000000    0.000000    2.251667    5.754000   1.5814387550E-002
    0.000000    0.000000    2.254000    5.756333   1.5733921358E-002
    0.000000    0.000000    2.256333    5.758667   1.5653861117E-002
    0.000000    0.000000    2.258667    5.761000   1.5574204734E-002
    0.000000    0.000000    2.261000    5.763333   1.5494950131E-002
    0.000000    0.000000    2.263333    5.765667   1.5416095242E-002
    0.000000    0.000000    2.265667    5.768000   1.5337638017E-002
    0.000000    0.000000    2.268000    5.770333   1.5259576418E-002
    0.000000    0.000000    2.270333    5.772667   1.5181908422E-002
    0.000000    0.000000    2.272667    5.775000   1.5104632019E-002
    0.000000    0.000000    2.275000    5.777333   1.5027745211E-002
    0.000000    0.000000    2.277333    5.779667   1.4951246016E-002
    0.000000    0.000000    2.279667    5.782000   1.4875132462E-002
    0.000000    0.000000    2.282000    5.784333   1.4799402591E-002
    0.000000    0.000000    2.284333    5.786667   1.4724054460E-002
    0.000000    0.000000    2.286667    5.789000   1.4649086135E-002
    0.000000    0.000000    2.289000    5.791333   1.4574495697E-002
    0.000000    0.000000    2.291333    5.793667   1.4500281238E-002
    0.000000    0.000000    2.293667    5.796000   1.4426440863E-002
    0.000000    0.000000    2.296000    5.798333   1.4352972690E-002
    0.000000    0.000000    2.298333    5.800667   1.4279874846E-002
    0.000000    0.000000    2.300667    5.803000   1.4207145472E-002
    0.000000    0.000000    2.303000    5.805333   1.4134782723E-002
    0.000000    0.000000    2.305333    5.807667   1.4062784760E-002
    0.000000    0.000000    2.307667    5.810000   1.3991149760E-002
    0.000000    0.000000    2.310000    5.812333   1.3919875910E-002
    0.000000    0.000000    2.312333    5.814667   1.3848961409E-002
    0.000000    0.000000    2.314667    5.817000   1.3778404465E-002
    0.000000    0.000000    2.317000    5.819333   1.3708203298E-002
    0.000000    0.000000    2.319333    5.821667   1.3638356141E-002
    0.000000    0.000000    2.321667    5.824000   1.3568861235E-002
    0.000000    0.000000    2.324000    5.826333   1.3499716833E-002
    0.000000    0.000000    2.326333    5.828667   1.3430921198E-002
    0.000000    0.000000    2.328667    5.831000   1.3362472604E-002
    0.000000    0.000000    2.331000    5.833333   1.3294369335E-002
    0.000000    0.000000    2.333333    5.835667   1.3226609685E-002
    0.000000    0.000000    2.335667    5.838000   1.3159191959E-002
    0.000000    0.000000    2.338000    5.840333   1.3092114471E-002
    0.000000    0.000000    2.340333    5.842667   1.3025375545E-002
    0.000000    0.000000    2.342667    5.845000   1.2958973516E-002
    0.000000    0.000000    2.345000    5.847333   1.2892906726E-002
    0.000000    0.000000    2.347333    5.849667   1.2827173531E-002
    0.000000    0.000000    2.349667    5.852000   1.2761772292E-002
    0.000000    0.000000    2.352000    5.854333   1.2696701382E-002
    0.000000    0.000000    2.354333    5.856667   1.2631959183E-002
    0.000000    0.000000    2.356667    5.859000   1.2567544085E-002
    0.000000    0.000000    2.359000    5.861333   1.2503454488E-002
    0.000000    0.000000    2.361333    5.863667   1.2439688801E-002
    0.000000    0.000000    2.363667    5.866000   1.2376245443E-002
    0.000000    0.000000    2.366000    5.868333   1.2313122839E-002
    0.000000    0.000000    2.368333    5.870667   1.2250319426E-002
    0.000000    0.000000    2.370667    5.873000   1.2187833647E-002
    0.000000    0.000000    2.373000    5.875333   1.2125663955E-002
    0.000000    0.000000    2.375333    5.877667   1.2063808812E-002
    0.000000    0.000000    2.377667    5.880000   1.2002266686E-002
    0.000000    0.000000    2.380000    5.882333   1.1941036056E-002
    0.000000    0.000000    2.382333    5.884667   1.1880115407E-002
    0.000000    0.000000    2.384667    5.887000   1.1819503234E-002
    0.000000    0.000000    2.387000    5.889333   1.1759198040E-002
    0.000000    0.000000    2.389333    5.891667   1.1699198333E-002
    0.000000    0.000000    2.391667    5.894000   1.1639502634E-002
    0.000000    0.000000    2.394000    5.896333   1.1580109466E-002
    0.000000    0.000000    2.396333    5.898667   1.1521017365E-002
    0.000000    0.000000    2.398667    5.901000   1.1462224872E-002
    0.000000    0.000000    2.401000    5.903333   1.1403730535E-002
    0.000000    0.000000    2.403333    5.905667   1.1345532911E-002
    0.000000    0.000000    2.405667    5.908000   1.1287630564E-002
    0.000000    0.000000    2.408000    5.910333   1.1230022066E-002
    0.000000    0.000000    2.410333    5.912667   1.1172705994E-002
    0.000000    0.000000    2.412667    5.915000   1.1115680936E-002
    0.000000    0.000000    2.415000    5.917333   1.1058945483E-002
    0.000000    0.000000    2.417333    5.919667   1.1002498236E-002
    0.000000    0.000000    2.419667    5.922000   1.0946337802E-002
    0.000000    0.000000    2.422000    5.924333   1.0890462796E-002
    0.000000    0.000000    2.424333    5.926667   1.0834871838E-002
    0.000000    0.000000    2.426667    5.929000   1.0779563556E-002
    0.000000    0.000000    2.429000    5.931333   1.0724536585E-002
    0.000000    0.000000    2.431333    5.933667   1.0669789567E-002
    0.000000    0.000000    2.433667    5.936000   1.0615321148E-002
    0.000000    0.000000    2.436000    5.938333   1.0561129985E-002
    0.000000    0.000000    2.438333    5.940667   1.0507214738E-002
    0.000000    0.000000    2.440667    5.943000   1.0453574074E-002
    0.000000    0.000000    2.443000    5.945333   1.0400206669E-002
    0.000000    0.000000    2.445333    5.947667   1.0347111201E-002
    0.000000    0.000000    2.447667    5.950000   1.0294286359E-002
    0.000000    0.000000    2.450000    5.952333   1.0241730835E-002
    0.000000    0.000000    2.452333    5.954667   1.0189443328E-002
    0.000000    0.000000    2.454667    5.957000   1.0137422544E-002
    0.000000    0.000000    2.457000    5.959333   1.0085667194E-002
    0.000000    0.000000    2.459333    5.961667   1.0034175995E-002
    0.000000    0.000000    2.461667    5.964000   9.9829476719E-003
    0.000000    0.000000    2.464000    5.966333   9.9319809531E-003
    0.000000    0.000000    2.466333    5.968667   9.8812745744E-003
    0.000000    0.000000    2.468667    5.971000   9.8308272768E-003
    0.000000    0.000000    2.471000    5.973333   9.7806378075E-003
    0.000000    0.000000    2.473333    5.975667   9.7307049193E-003
    0.000000    0.000000    2.475667    5.978000   9.6810273706E-003
    0.000000    0.000000    2.478000    5.980333   9.6316039256E-003
    0.000000    0.000000    2.480333    5.982667   9.5824333542E-003
    0.000000    0.000000    2.482667    5.985000   9.5335144318E-003
    0.000000    0.000000    2.485000    5.987333   9.4848459392E-003
    0.000000    0.000000    2.487333    5.989667   9.4364266629E-003
    0.000000    0.000000    2.489667    5.992000   9.3882553949E-003
    0.000000    0.000000    2.492000    5.994333   9.3403309324E-003
    0.000000    0.000000    2.494333    5.996667   9.2926520781E-003
    0.000000    0.000000    2.496667    5.999000   9.2452176401E-003
    0.000000    0.000000    2.499000    6.001333   9.1980264318E-003
    0.000000    0.000000    2.501333    6.003667   9.1510772717E-003
    0.000000    0.000000    2.503667    6.006000   9.1043689838E-003
    0.000000    0.000000    2.506000    6.008333   9.0579003969E-003
    0.000000    0.000000    2.508333    6.010667   9.0116703454E-003
    0.000000    0.000000    2.510667    6.013000   8.9656776686E-003
    0.000000    0.000000    2.513000    6.015333   8.9199212108E-003
    0.000000    0.000000    2.515333    6.017667   8.8743998216E-003
    0.000000    0.000000    2.517667    6.020000   8.8291123554E-003
    0.000000    0.000000    2.520000    6.022333   8.7840576717E-003
    0.000000    0.000000    2.522333    6.024667   8.7392346350E-003
    0.000000    0.000000    2.524667    6.027000   8.6946421145E-003
    0.000000    0.000000    2.527000    6.029333   8.6502789846E-003
    0.000000    0.000000    2.529333    6.031667   8.6061441244E-003
    0.000000    0.000000    2.531667    6.034000   8.5622364178E-003
    0.000000    0.000000    2.534000    6.036333   8.5185547536E-003
    0.000000    0.000000    2.536333    6.038667   8.4750980254E-003
    0.000000    0.000000    2.538667    6.041000   8.4318651315E-003
    0.000000    0.000000    2.541000    6.043333   8.3888549747E-003
    0.000000    0.000000    2.543333    6.045667   8.3460664630E-003
    0.000000    0.000000    2.545667    6.048000   8.3034985086E-003
    0.000000    0.000000    2.548000    6.050333   8.2611500285E-003
    0.000000    0.000000    2.550333    6.052667   8.2190199445E-003
    0.000000    0.000000    2.552667    6.055000   8.1771071827E-003
    0.000000    0.000000    2.555000    6.057333   8.1354106739E-003
    0.000000    0.000000    2.557333    6.059667   8.0939293535E-003
    0.000000    0.000000    2.559667    6.062000   8.0526621612E-003
    0.000000    0.000000    2.562000    6.064333   8.0116080415E-003
    0.000000    0.000000    2.564333    6.066667   7.9707659432E-003
    0.000000    0.000000    2.566667    6.069000   7.9301348195E-003
    0.000000    0.000000    2.569000    6.071333   7.8897136281E-003
    0.000000    0.000000    2.571333    6.073667   7.8495013312E-003
    0.000000    0.000000    2.573667    6.076000   7.8094968951E-003
    0.000000    0.000000    2.576000    6.078333   7.7696992907E-003
    0.000000    0.000000    2.578333    6.080667   7.7301074932E-003
    0.000000    0.000000    2.580667    6.083000   7.6907204821E-003
    0.000000    0.000000    2.583000    6.085333   7.6515372411E-003
    0.000000    0.000000    2.585333    6.087667   7.6125567584E-003
    0.000000    0.000000    2.587667    6.090000   7.5737780264E-003
    0.000000    0.000000    2.590000    6.092333   7.5352000414E-003
    0.000000    0.000000    2.592333    6.094667   7.4968218044E-003
    0.000000    0.000000    2.594667    6.097000   7.4586423204E-003
    0.000000    0.000000    2.597000    6.099333   7.4206605985E-003
    0.000000    0.000000    2.599333    6.101667   7.3828756522E-003
    0.000000    0.000000    2.601667    6.104000   7.3452864988E-003
    0.000000    0.000000    2.604000    6.106333   7.3078921601E-003
    0.000000    0.000000    2.606333    6.108667   7.2706916617E-003
    0.000000    0.000000    2.608667    6.111000   7.2336840336E-003
    0.000000    0.000000    2.611000    6.113333   7.1968683097E-003
    0.000000    0.000000    2.613333    6.115667   7.1602435280E-003
    0.000000    0.000000    2.615667    6.118000   7.1238087305E-003
    0.000000    0.000000    2.618000    6.120333   7.0875629633E-003
    0.000000    0.000000    2.620333    6.122667   7.0515052766E-003
    0.000000    0.000000    2.622667    6.125000   7.0156347244E-003
    0.000000    0.000000    2.625000    6.127333   6.9799503648E-003
    0.000000    0.000000    2.627333    6.129667   6.9444512600E-003
    0.000000    0.000000    2.629667    6.132000   6.9091364760E-003
    0.000000    0.000000    2.632000    6.134333   6.8740050826E-003
    0.000000    0.000000    2.634333    6.136667   6.8390561540E-003
    0.000000    0.000000    2.636667    6.139000   6.8042887678E-003
    0.000000    0.000000    2.639000    6.141333   6.7697020059E-003
    0.000000    0.000000    2.641333    6.143667   6.7352949538E-003
    0.000000    0.000000    2.643667    6.146000   6.7010667011E-003
    0.000000    0.000000    2.646000    6.148333   6.6670163411E-003
    0.000000    0.000000    2.648333    6.150667   6.6331429711E-003
    0.000000    0.000000    2.650667    6.153000   6.5994456921E-003
    0.000000    0.000000    2.653000    6.155333   6.5659236091E-003
    0.000000    0.000000    2.655333    6.157667   6.5325758306E-003
    0.000000    0.000000    2.657667    6.160000   6.4994014692E-003
    0.000000    0.000000    2.660000    6.162333   6.4663996413E-003
    0.000000    0.000000    2.662333    6.164667   6.4335694668E-003
    0.000000    0.000000    2.664667    6.167000   6.4009100697E-003
    0.000000    0.000000    2.667000    6.169333   6.3684205774E-003
    0.000000    0.000000    2.669333    6.171667   6.3361001214E-003
    0.000000    0.000000    2.671667    6.174000   6.3039478368E-003
    0.000000    0.000000    2.674000    6.176333   6.2719628621E-003
    0.000000    0.000000    2.676333    6.178667   6.2401443401E-003
    0.000000    0.000000    2.678667    6.181000   6.2084914169E-003
    0.000000    0.000000    2.681000    6.183333   6.1770032423E-003
    0.000000    0.000000    2.683333    6.185667   6.1456789699E-003
    0.000000    0.000000    2.685667    6.188000   6.1145177569E-003
    0.000000    0.000000    2.688000    6.190333   6.0835187643E-003
    0.000000    0.000000    2.690333    6.192667   6.0526811564E-003
    0.000000    0.000000    2.692667    6.195000   6.0220041016E-003
    0.000000    0.000000    2.695000    6.197333   5.9914867714E-003
    0.000000    0.000000    2.697333    6.199667   5.9611283415E-003
    0.000000    0.000000    2.699667    6.202000   5.9309279906E-003
    0.000000    0.000000    2.702000    6.204333   5.9008849015E-003
    0.000000    0.000000    2.704333    6.206667   5.8709982602E-003
    0.000000    0.000000    2.706667    6.209000   5.8412672566E-003
    0.000000    0.000000    2.709000    6.211333   5.8116910839E-003
    0.000000    0.000000    2.711333    6.213667   5.7822689390E-003
    0.000000    0.000000    2.713667    6.216000   5.7530000223E-003
    0.000000    0.000000    2.716000    6.218333   5.7238835378E-003
    0.000000    0.000000    2.718333    6.220667   5.6949186928E-003
    0.000000    0.000000    2.720667    6.223000   5.6661046984E-003
    0.000000    0.000000    2.723000    6.225333   5.6374407691E-003
    0.000000    0.000000    2.725333    6.227667   5.6089261229E-003
    0.000000    0.000000    2.727667    6.230000   5.5805599812E-003
    0.000000    0.000000    2.730000    6.232333   5.5523415689E-003
    0.000000    0.000000    2.732333    6.234667   5.5242701145E-003
    0.000000    0.000000    2.734667    6.237000   5.4963448499E-003
    0.000000    0.000000    2.737000    6.239333   5.4685650104E-003
    0.000000    0.000000    2.739333    6.241667   5.4409298347E-003
    0.000000    0.000000    2.741667    6.244000   5.4134385651E-003
    0.000000    0.000000    2.744000    6.246333   5.3860904472E-003
    0.000000    0.000000    2.746333    6.248667   5.3588847299E-003
    0.000000    0.000000    2.748667    6.251000   5.3318206659E-003
    0.000000    0.000000    2.751000    6.253333   5.3048975109E-003
    0.000000    0.000000    2.753333    6.255667   5.2781145241E-003
    0.000000    0.000000    2.755667    6.258000   5.2514709682E-003
    0.000000    0.000000    2.758000    6.260333   5.2249661090E-003
    0.000000    0.000000    2.760333    6.262667   5.1985992161E-003
    0.000000    0.000000    2.762667    6.265000   5.1723695620E-003
    0.000000    0.000000    2.765000    6.267333   5.1462764228E-003
    0.000000    0.000000    2.767333    6.269667   5.1203190778E-003
    0.000000    0.000000    2.769667    6.272000   5.0944968098E-003
    0.000000    0.000000    2.772000    6.274333   5.0688089047E-003
    0.000000    0.000000    2.774333    6.276667   5.0432546519E-003
    0.000000    0.000000    2.776667    6.279000   5.0178333441E-003
    0.000000    0.000000    2.779000    6.281333   4.9925442770E-003
    0.000000    0.000000    2.781333    6.283667   4.9673867499E-003
    0.000000    0.000000    2.783667    6.286000   4.9423600653E-003
    0.000000    0.000000    2.786000    6.288333   4.9174635289E-003
    0.000000    0.000000    2.788333    6.290667   4.8926964496E-003
    0.000000    0.000000    2.790667    6.293000   4.8680581398E-003
    0.000000    0.000000    2.793000    6.295333   4.8435479149E-003
    0.000000    0.000000    2.795333    6.297667   4.8191650935E-003
    0.000000    0.000000    2.797667    6.300000   4.7949089977E-003
    0.000000    0.000000    2.800000    6.302333   4.7707789524E-003
    0.000000    0.000000    2.802333    6.304667   4.7467742862E-003
    0.000000    0.000000    2.804667    6.307000   4.7228943305E-003
    0.000000    0.000000    2.807000    6.309333   4.6991384200E-003
    0.000000    0.000000    2.809333    6.311667   4.6755058926E-003
    0.000000    0.000000    2.811667    6.314000   4.6519960894E-003
    0.000000    0.000000    2.814000    6.316333   4.6286083546E-003
    0.000000    0.000000    2.816333    6.318667   4.6053420356E-003
    0.000000    0.000000    2.818667    6.321000   4.5821964829E-003
    0.000000    0.000000    2.821000    6.323333   4.5591710501E-003
    0.000000    0.000000    2.823333    6.325667   4.5362650941E-003
    0.000000    0.000000    2.825667    6.328000   4.5134779747E-003
    0.000000    0.000000    2.828000    6.330333   4.4908090549E-003
    0.000000    0.000000    2.830333    6.332667   4.4682577009E-003
    0.000000    0.000000    2.832667    6.335000   4.4458232817E-003
    0.000000    0.000000    2.835000    6.337333   4.4235051697E-003
    0.000000    0.000000    2.837333    6.339667   4.4013027402E-003
    0.000000    0.000000    2.839667    6.342000   4.3792153716E-003
    0.000000    0.000000    2.842000    6.344333   4.3572424453E-003
    0.000000    0.000000    2.844333    6.346667   4.3353833459E-003
    0.000000    0.000000    2.846667    6.349000   4.3136374609E-003
    0.000000    0.000000    2.849000    6.351333   4.2920041809E-003
    0.000000    0.000000    2.851333    6.353667   4.2704828993E-003
    0.000000    0.000000    2.853667    6.356000   4.2490730129E-003
    0.000000    0.000000    2.856000    6.358333   4.2277739212E-003
    0.000000    0.000000    2.858333    6.360667   4.2065850268E-003
    0.000000    0.000000    2.860667    6.363000   4.1855057352E-003
    0.000000    0.000000    2.863000    6.365333   4.1645354550E-003
    0.000000    0.000000    2.865333    6.367667   4.1436735976E-003
    0.000000    0.000000    2.867667    6.370000   4.1229195776E-003
    0.000000    0.000000    2.870000    6.372333   4.1022728123E-003
    0.000000    0.000000    2.872333    6.374667   4.0817327221E-003
    0.000000    0.000000    2.874667    6.377000   4.0612987301E-003
    0.000000    0.000000    2.877000    6.379333   4.0409702627E-003
    0.000000    0.000000    2.879333    6.381667   4.0207467489E-003
    0.000000    0.000000    2.881667    6.384000   4.0006276206E-003
    0.000000    0.000000    2.884000    6.386333   3.9806123127E-003
    0.000000    0.000000    2.886333    6.388667   3.9607002631E-003
    0.000000    0.000000    2.888667    6.391000   3.9408909122E-003
    0.000000    0.000000    2.891000    6.393333   3.9211837037E-003
    0.000000    0.000000    2.893333    6.395667   3.9015780839E-003
    0.000000    0.000000    2.895667    6.398000   3.8820735019E-003
    0.000000    0.000000    2.898000    6.400333   3.8626694097E-003
    0.000000    0.000000    2.900333    6.402667   3.8433652623E-003
    0.000000    0.000000    2.902667    6.405000   3.8241605173E-003
    0.000000    0.000000    2.905000    6.407333   3.8050546351E-003
    0.000000    0.000000    2.907333    6.409667   3.7860470790E-003
    0.000000    0.000000    2.909667    6.412000   3.7671373151E-003
    0.000000    0.000000    2.912000    6.414333   3.7483248122E-003
    0.000000    0.000000    2.914333    6.416667   3.7296090419E-003
    0.000000    0.000000    2.916667    6.419000   3.7109894785E-003
    0.000000    0.000000    2.919000    6.421333   3.6924655992E-003
    0.000000    0.000000    2.921333    6.423667   3.6740368837E-003
    0.000000    0.000000    2.923667    6.426000   3.6557028148E-003
    0.000000    0.000000    2.926000    6.428333   3.6374628776E-003
    0.000000    0.000000    2.928333    6.430667   3.6193165602E-003
    0.000000    0.000000    2.930667    6.433000   3.6012633533E-003
    0.000000    0.000000    2.933000    6.435333   3.5833027503E-003
    0.000000    0.000000    2.935333    6.437667   3.5654342473E-003
    0.000000    0.000000    2.937667    6.440000   3.5476573429E-003
    0.000000    0.000000    2.940000    6.442333   3.5299715387E-003
    0.000000    0.000000    2.942333    6.444667   3.5123763388E-003
    0.000000    0.000000    2.944667    6.447000   3.4948712497E-003
    0.000000    0.000000    2.947000    6.449333   3.4774557809E-003
    0.000000    0.000000    2.949333    6.451667   3.4601294443E-003
    0.000000    0.000000    2.951667    6.454000   3.4428917545E-003
    0.000000    0.000000    2.954000    6.456333   3.4257422288E-003
    0.000000    0.000000    2.956333    6.458667   3.4086803868E-003
    0.000000    0.000000    2.958667    6.461000   3.3917057510E-003
    0.000000    0.000000    2.961000    6.463333   3.3748178462E-003
    0.000000    0.000000    2.963333    6.465667   3.3580162001E-003
    0.000000    0.000000    2.965667    6.468000   3.3413003426E-003
    0.000000    0.000000    2.968000    6.470333   3.3246698064E-003
    0.000000    0.000000    2.970333    6.472667   3.3081241265E-003
    0.000000    0.000000    2.972667    6.475000   3.2916628408E-003
    0.000000    0.000000    2.975000    6.477333   3.2752854892E-003
    0.000000    0.000000    2.977333    6.479667   3.2589916147E-003
    0.000000    0.000000    2.979667    6.482000   3.2427807622E-003
    0.000000    0.000000    2.982000    6.484333   3.2266524795E-003
    0.000000    0.000000    2.984333    6.486667   3.2106063167E-003
    0.000000    0.000000    2.986667    6.489000   3.1946418265E-003
    0.000000    0.000000    2.989000    6.491333   3.1787585639E-003
    0.000000    0.000000    2.991333    6.493667   3.1629560864E-003
    0.000000    0.000000    2.993667    6.496000   3.1472339540E-003
    0.000000    0.000000    2.996000    6.498333   3.1315917290E-003
    0.000000    0.000000    2.998333    6.500667   3.1160289762E-003
    0.000000    0.000000    3.000667    6.503000   3.1005452629E-003
    0.000000    0.000000    3.003000    6.505333   3.0851401586E-003
    0.000000    0.000000    3.005333    6.507667   3.0698132352E-003
    0.000000    0.000000    3.007667    6.510000   3.0545640672E-003
    0.000000    0.000000    3.010000    6.512333   3.0393922313E-003
    0.000000    0.000000    3.012333    6.514667   3.0242973066E-003
    0.000000    0.000000    3.014667    6.517000   3.0092788744E-003
    0.000000    0.000000    3.017000    6.519333   2.9943365185E-003
    0.000000    0.000000    3.019333    6.521667   2.9794698250E-003
    0.000000    0.000000    3.021667    6.524000   2.9646783824E-003
    0.000000    0.000000    3.024000    6.526333   2.9499617812E-003
    0.000000    0.000000    3.026333    6.528667   2.9353196146E-003
    0.000000    0.000000    3.028667    6.531000   2.9207514778E-003
    0.000000    0.000000    3.031000    6.533333   2.9062569684E-003
    0.000000    0.000000    3.033333    6.535667   2.8918356861E-003
    0.000000    0.000000    3.035667    6.538000   2.8774872332E-003
    0.000000    0.000000    3.038000    6.540333   2.8632112139E-003
    0.000000    0.000000    3.040333    6.542667   2.8490072348E-003
    0.000000    0.000000    3.042667    6.545000   2.8348749046E-003
    0.000000    0.000000    3.045000    6.547333   2.8208138345E-003
    0.000000    0.000000    3.047333    6.549667   2.8068236375E-003
    0.000000    0.000000    3.049667    6.552000   2.7929039292E-003
    0.000000    0.000000    3.052000    6.554333   2.7790543271E-003
    0.000000    0.000000    3.054333    6.556667   2.7652744510E-003
    0.000000    0.000000    3.056667    6.559000   2.7515639228E-003
    0.000000    0.000000    3.059000    6.561333   2.7379223666E-003
    0.000000    0.000000    3.061333    6.563667   2.7243494087E-003
    0.000000    0.000000    3.063667    6.566000   2.7108446774E-003
    0.000000    0.000000    3.066000    6.568333   2.6974078032E-003
    0.000000    0.000000    3.068333    6.570667   2.6840384188E-003
    0.000000    0.000000    3.070667    6.573000   2.6707361589E-003
    0.000000    0.000000    3.073000    6.575333   2.6575006603E-003
    0.000000    0.000000    3.075333    6.577667   2.6443315618E-003
    0.000000    0.000000    3.077667    6.580000   2.6312285046E-003
    0.000000    0.000000    3.080000    6.582333   2.6181911315E-003
    0.000000    0.000000    3.082333    6.584667   2.6052190878E-003
    0.000000    0.000000    3.084667    6.587000   2.5923120206E-003
    0.000000    0.000000    3.087000    6.589333   2.5794695790E-003
    0.000000    0.000000    3.089333    6.591667   2.5666914143E-003
    0.000000    0.000000    3.091667    6.594000   2.5539771796E-003
    0.000000    0.000000    3.094000    6.596333   2.5413265303E-003
    0.000000    0.000000    3.096333    6.598667   2.5287391236E-003
    0.000000    0.000000    3.098667    6.601000   2.5162146186E-003
    0.000000    0.000000    3.101000    6.603333   2.5037526767E-003
    0.000000    0.000000    3.103333    6.605667   2.4913529608E-003
    0.000000    0.000000    3.105667    6.608000   2.4790151362E-003
    0.000000    0.000000    3.108000    6.610333   2.4667388699E-003
    0.000000    0.000000    3.110333    6.612667   2.4545238310E-003
    0.000000    0.000000    3.112667    6.615000   2.4423696903E-003
    0.000000    0.000000    3.115000    6.617333   2.4302761207E-003
    0.000000    0.000000    3.117333    6.619667   2.4182427970E-003
    0.000000    0.000000    3.119667    6.622000   2.4062693959E-003
    0.000000    0.000000    3.122000    6.624333   2.3943555958E-003
    0.000000    0.000000    3.124333    6.626667   2.3825010772E-003
    0.000000    0.000000    3.126667    6.629000   2.3707055224E-003
    0.000000    0.000000    3.129000    6.631333   2.3589686155E-003
    0.000000    0.000000    3.131333    6.633667   2.3472900426E-003
    0.000000    0.000000    3.133667    6.636000   2.3356694916E-003
    0.000000    0.000000    3.136000    6.638333   2.3241066520E-003
    0.000000    0.000000    3.138333    6.640667   2.3126012154E-003
    0.000000    0.000000    3.140667    6.643000   2.3011528751E-003
    0.000000    0.000000    3.143000    6.645333   2.2897613263E-003
    0.000000    0.000000    3.145333    6.647667   2.2784262657E-003
    0.000000    0.000000    3.147667    6.650000   2.2671473922E-003
    0.000000    0.000000    3.150000    6.652333   2.2559244062E-003
    0.000000    0.000000    3.152333    6.654667   2.2447570099E-003
    0.000000    0.000000    3.154667    6.657000   2.2336449072E-003
    0.000000    0.000000    3.157000    6.659333   2.2225878040E-003
    0.000000    0.000000    3.159333    6.661667   2.2115854077E-003
    0.000000    0.000000    3.161667    6.664000   2.2006374275E-003
    0.000000    0.000000    3.164000    6.666333   2.1897435743E-003
    0.000000    0.000000    3.166333    6.668667   2.1789035608E-003
    0.000000    0.000000    3.168667    6.671000   2.1681171011E-003
    0.000000    0.000000    3.171000    6.673333   2.1573839114E-003
    0.000000    0.000000    3.173333    6.675667   2.1467037093E-003
    0.000000    0.000000    3.175667    6.678000   2.1360762142E-003
    0.000000    0.000000    3.178000    6.680333   2.1255011472E-003
    0.000000    0.000000    3.180333    6.682667   2.1149782308E-003
    0.000000    0.000000    3.182667    6.685000   2.1045071894E-003
    0.000000    0.000000    3.185000    6.687333   2.0940877489E-003
    0.000000    0.000000    3.187333    6.689667   2.0837196370E-003
    0.000000    0.000000    3.189667    6.692000   2.0734025828E-003
    0.000000    0.000000    3.192000    6.694333   2.0631363171E-003
    0.000000    0.000000    3.194333    6.696667   2.0529205723E-003
    0.000000    0.000000    3.196667    6.699000   2.0427550824E-003
    0.000000    0.000000    3.199000    6.701333   2.0326395829E-003
    0.000000    0.000000    3.201333    6.703667   2.0225738111E-003
    0.000000    0.000000    3.203667    6.706000   2.0125575055E-003
    0.000000    0.000000    3.206000    6.708333   2.0025904064E-003
    0.000000    0.000000    3.208333    6.710667   1.9926722557E-003
    0.000000    0.000000    3.210667    6.713000   1.9828027966E-003
    0.000000    0.000000    3.213000    6.715333   1.9729817741E-003
    0.000000    0.000000    3.215333    6.717667   1.9632089344E-003
    0.000000    0.000000    3.217667    6.720000   1.9534840255E-003
    0.000000    0.000000    3.220000    6.722333   1.9438067967E-003
    0.000000    0.000000    3.222333    6.724667   1.9341769989E-003
    0.000000    0.000000    3.224667    6.727000   1.9245943845E-003
    0.000000    0.000000    3.227000    6.729333   1.9150587073E-003
    0.000000    0.000000    3.229333    6.731667   1.9055697226E-003
    0.000000    0.000000    3.231667    6.734000   1.8961271872E-003
    0.000000    0.000000    3.234000    6.736333   1.8867308592E-003
    0.000000    0.000000    3.236333    6.738667   1.8773804982E-003
    0.000000    0.000000    3.238667    6.741000   1.8680758654E-003
    0.000000    0.000000    3.241000    6.743333   1.8588167232E-003
    0.000000    0.000000    3.243333    6.745667   1.8496028356E-003
    0.000000    0.000000    3.245667    6.748000   1.8404339678E-003
    0.000000    0.000000    3.248000    6.750333   1.8313098866E-003
    0.000000    0.000000    3.250333    6.752667   1.8222303601E-003
    0.000000    0.000000    3.252667    6.755000   1.8131951576E-003
    0.000000    0.000000    3.255000    6.757333   1.8042040502E-003
    0.000000    0.000000    3.257333    6.759667   1.7952568100E-003
    0.000000    0.000000    3.259667    6.762000   1.7863532105E-003
    0.000000    0.000000    3.262000    6.764333   1.7774930267E-003
    0.000000    0.000000    3.264333    6.766667   1.7686760348E-003
    0.000000    0.000000    3.266667    6.769000   1.7599020125E-003
    0.000000    0.000000    3.269000    6.771333   1.7511707385E-003
    0.000000    0.000000    3.271333    6.773667   1.7424819933E-003
    0.000000    0.000000    3.273667    6.776000   1.7338355582E-003
    0.000000    0.000000    3.276000    6.778333   1.7252312161E-003
    0.000000    0.000000    3.278333    6.780667   1.7166687512E-003
    0.000000    0.000000    3.280667    6.783000   1.7081479488E-003
    0.000000    0.000000    3.283000    6.785333   1.6996685957E-003
    0.000000    0.000000    3.285333    6.787667   1.6912304796E-003
    0.000000    0.000000    3.287667    6.790000   1.6828333900E-003
    0.000000    0.000000    3.290000    6.792333   1.6744771172E-003
    0.000000    0.000000    3.292333    6.794667   1.6661614529E-003
    0.000000    0.000000    3.294667    6.797000   1.6578861901E-003
    0.000000    0.000000    3.297000    6.799333   1.6496511228E-003
    0.000000    0.000000    3.299333    6.801667   1.6414560466E-003
    0.000000    0.000000    3.301667    6.804000   1.6333007580E-003
    0.000000    0.000000    3.304000    6.806333   1.6251850548E-003
    0.000000    0.000000    3.306333    6.808667   1.6171087360E-003
    0.000000    0.000000    3.308667    6.811000   1.6090716018E-003
    0.000000    0.000000    3.311000    6.813333   1.6010734536E-003
    0.000000    0.000000    3.313333    6.815667   1.5931140938E-003
    0.000000    0.000000    3.315667    6.818000   1.5851933263E-003
    0.000000    0.000000    3.318000    6.820333   1.5773109559E-003
    0.000000    0.000000    3.320333    6.822667   1.5694667887E-003
    0.000000    0.000000    3.322667    6.825000   1.5616606317E-003
    0.000000    0.000000    3.325000    6.827333   1.5538922933E-003
    0.000000    0.000000    3.327333    6.829667   1.5461615830E-003
    0.000000    0.000000    3.329667    6.832000   1.5384683113E-003
    0.000000    0.000000    3.332000    6.834333   1.5308122899E-003
    0.000000    0.000000    3.334333    6.836667   1.5231933315E-003
    0.000000    0.000000    3.336667    6.839000   1.5156112502E-003
    0.000000    0.000000    3.339000    6.841333   1.5080658608E-003
    0.000000    0.000000    3.341333    6.843667   1.5005569795E-003
    0.000000    0.000000    3.343667    6.846000   1.4930844233E-003
    0.000000    0.000000    3.346000    6.848333   1.4856480106E-003
    0.000000    0.000000    3.348333    6.850667   1.4782475606E-003
    0.000000    0.000000    3.350667    6.853000   1.4708828937E-003
    0.000000    0.000000    3.353000    6.855333   1.4635538313E-003
    0.000000    0.000000    3.355333    6.857667   1.4562601958E-003
    0.000000    0.000000    3.357667    6.860000   1.4490018107E-003
    0.000000    0.000000    3.360000    6.862333   1.4417785007E-003
    0.000000    0.000000    3.362333    6.864667   1.4345900911E-003
    0.000000    0.000000    3.364667    6.867000   1.4274364086E-003
    0.000000    0.000000    3.367000    6.869333   1.4203172808E-003
    0.000000    0.000000    3.369333    6.871667   1.4132325363E-003
    0.000000    0.000000    3.371667    6.874000   1.4061820046E-003
    0.000000    0.000000    3.374000    6.876333   1.3991655163E-003
    0.000000    0.000000    3.376333    6.878667   1.3921829030E-003
    0.000000    0.000000    3.378667    6.881000   1.3852339973E-003
    0.000000    0.000000    3.381000    6.883333   1.3783186326E-003
    0.000000    0.000000    3.383333    6.885667   1.3714366435E-003
    0.000000    0.000000    3.385667    6.888000   1.3645878654E-003
    0.000000    0.000000    3.388000    6.890333   1.3577721347E-003
    0.000000    0.000000    3.390333    6.892667   1.3509892887E-003
    0.000000    0.000000    3.392667    6.895000   1.3442391657E-003
    0.000000    0.000000    3.395000    6.897333   1.3375216050E-003
    0.000000    0.000000    3.397333    6.899667   1.3308364467E-003
    0.000000    0.000000    3.399667    6.902000   1.3241835318E-003
    0.000000    0.000000    3.402000    6.904333   1.3175627024E-003
    0.000000    0.000000    3.404333    6.906667   1.3109738014E-003
    0.000000    0.000000    3.406667    6.909000   1.3044166726E-003
    0.000000    0.000000    3.409000    6.911333   1.2978911605E-003
    0.000000    0.000000    3.411333    6.913667   1.2913971110E-003
    0.000000    0.000000    3.413667    6.916000   1.2849343704E-003
    0.000000    0.000000    3.416000    6.918333   1.2785027861E-003
    0.000000    0.000000    3.418333    6.920667   1.2721022063E-003
    0.000000    0.000000    3.420667    6.923000   1.2657324801E-003
    0.000000    0.000000    3.423000    6.925333   1.2593934575E-003
    0.000000    0.000000    3.425333    6.927667   1.2530849893E-003
    0.000000    0.000000    3.427667    6.930000   1.2468069272E-003
    0.000000    0.000000    3.430000    6.932333   1.2405591237E-003
    0.000000    0.000000    3.432333    6.934667   1.2343414321E-003
    0.000000    0.000000    3.434667    6.937000   1.2281537066E-003
    0.000000    0.000000    3.437000    6.939333   1.2219958023E-003
    0.000000    0.000000    3.439333    6.941667   1.2158675749E-003
    0.000000    0.000000    3.441667    6.944000   1.2097688812E-003
    0.000000    0.000000    3.444000    6.946333   1.2036995785E-003
    0.000000    0.000000    3.446333    6.948667   1.1976595252E-003
    0.000000    0.000000    3.448667    6.951000   1.1916485804E-003
    0.000000    0.000000    3.451000    6.953333   1.1856666038E-003
    0.000000    0.000000    3.453333    6.955667   1.1797134562E-003
    0.000000    0.000000    3.455667    6.958000   1.1737889989E-003
    0.000000    0.000000    3.458000    6.960333   1.1678930942E-003
    0.000000    0.000000    3.460333    6.962667   1.1620256051E-003
    0.000000    0.000000    3.462667    6.965000   1.1561863954E-003
    0.000000    0.000000    3.465000    6.967333   1.1503753295E-003
    0.000000    0.000000    3.467333    6.969667   1.1445922727E-003
    0.000000    0.000000    3.469667    6.972000   1.1388370911E-003
    0.000000    0.000000    3.472000    6.974333   1.1331096514E-003
    0.000000    0.000000    3.474333    6.976667   1.1274098211E-003
    0.000000    0.000000    3.476667    6.979000   1.1217374685E-003
    0.000000    0.000000    3.479000    6.981333   1.1160924627E-003
    0.000000    0.000000    3.481333    6.983667   1.1104746731E-003
    0.000000    0.000000    3.483667    6.986000   1.1048839705E-003
    0.000000    0.000000    3.486000    6.988333   1.0993202257E-003
    0.000000    0.000000    3.488333    6.990667   1.0937833109E-003
    0.000000    0.000000    3.490667    6.993000   1.0882730984E-003
    0.000000    0.000000    3.493000    6.995333   1.0827894615E-003
    0.000000    0.000000    3.495333    6.997667   1.0773322743E-003
    0.000000    0.000000    3.497667    7.000000   1.0719014114E-003
