    0.000000    0.000000   -3.500000    0.002333  -1.4193066777E-003
    0.000000    0.000000   -3.497667    0.004667  -1.4294413404E-003
    0.000000    0.000000   -3.495333    0.007000  -1.4396373976E-003
    0.000000    0.000000   -3.493000    0.009333  -1.4498951851E-003
    0.000000    0.000000   -3.490667    0.011667  -1.4602150407E-003
    0.000000    0.000000   -3.488333    0.014000  -1.4705973043E-003
    0.000000    0.000000   -3.486000    0.016333  -1.4810423171E-003
    0.000000    0.000000   -3.483667    0.018667  -1.4915504225E-003
    0.000000    0.000000   -3.481333    0.021000  -1.5021219657E-003
    0.000000    0.000000   -3.479000    0.023333  -1.5127572937E-003
    0.000000    0.000000   -3.476667    0.025667  -1.5234567555E-003
    0.000000    0.000000   -3.474333    0.028000  -1.5342207018E-003
    0.000000    0.000000   -3.472000    0.030333  -1.5450494853E-003
    0.000000    0.000000   -3.469667    0.032667  -1.5559434606E-003
    0.000000    0.000000   -3.467333    0.035000  -1.5669029843E-003
    0.000000    0.000000   -3.465000    0.037333  -1.5779284148E-003
    0.000000    0.000000   -3.462667    0.039667  -1.5890201124E-003
    0.000000    0.000000   -3.460333    0.042000  -1.6001784397E-003
    0.000000    0.000000   -3.458000    0.044333  -1.6114037608E-003
    0.000000    0.000000   -3.455667    0.046667  -1.6226964420E-003
    0.000000    0.000000   -3.453333    0.049000  -1.6340568516E-003
    0.000000    0.000000   -3.451000    0.051333  -1.6454853599E-003
    0.000000    0.000000   -3.448667    0.053667  -1.6569823391E-003
    0.000000    0.000000   -3.446333    0.056000  -1.6685481635E-003
    0.000000    0.000000   -3.444000    0.058333  -1.6801832095E-003
    0.000000    0.000000   -3.441667    0.060667  -1.6918878553E-003
    0.000000    0.000000   -3.439333    0.063000  -1.7036624815E-003
    0.000000    0.000000   -3.437000    0.065333  -1.7155074704E-003
    0.000000    0.000000   -3.434667    0.067667  -1.7274232067E-003
    0.000000    0.000000   -3.432333    0.070000  -1.7394100769E-003
    0.000000    0.000000   -3.430000    0.072333  -1.7514684697E-003
    0.000000    0.000000   -3.427667    0.074667  -1.7635987762E-003
    0.000000    0.000000   -3.425333    0.077000  -1.7758013890E-003
    0.000000    0.000000   -3.423000    0.079333  -1.7880767035E-003
    0.000000    0.000000   -3.420667    0.081667  -1.8004251168E-003
    0.000000    0.000000   -3.418333    0.084000  -1.8128470283E-003
    0.000000    0.000000   -3.416000    0.086333  -1.8253428396E-003
    0.000000    0.000000   -3.413667    0.088667  -1.8379129544E-003
    0.000000    0.000000   -3.411333    0.091000  -1.8505577787E-003
    0.000000    0.000000   -3.409000    0.093333  -1.8632777206E-003
    0.000000    0.000000   -3.406667    0.095667  -1.8760731904E-003
    0.000000    0.000000   -3.404333    0.098000  -1.8889446008E-003
    0.000000    0.000000   -3.402000    0.100333  -1.9018923666E-003
    0.000000    0.000000   -3.399667    0.102667  -1.9149169048E-003
    0.000000    0.000000   -3.397333    0.105000  -1.9280186349E-003
    0.000000    0.000000   -3.395000    0.107333  -1.9411979784E-003
    0.000000    0.000000   -3.392667    0.109667  -1.9544553592E-003
    0.000000    0.000000   -3.390333    0.112000  -1.9677912036E-003
    0.000000    0.000000   -3.388000    0.114333  -1.9812059401E-003
    0.000000    0.000000   -3.385667    0.116667  -1.9946999996E-003
    0.000000    0.000000   -3.383333    0.119000  -2.0082738152E-003
    0.000000    0.000000   -3.381000    0.121333  -2.0219278226E-003
    0.000000    0.000000   -3.378667    0.123667  -2.0356624596E-003
    0.000000    0.000000   -3.376333    0.126000  -2.0494781665E-003
    0.000000    0.000000   -3.374000    0.128333  -2.0633753860E-003
    0.000000    0.000000   -3.371667    0.130667  -2.0773545633E-003
    0.000000    0.000000   -3.369333    0.133000  -2.0914161458E-003
    0.000000    0.000000   -3.367000    0.135333  -2.1055605834E-003
    0.000000    0.000000   -3.364667    0.137667  -2.1197883286E-003
    0.000000    0.000000   -3.362333    0.140000  -2.1340998362E-003
    0.000000    0.000000   -3.360000    0.142333  -2.1484955635E-003
    0.000000    0.000000   -3.357667    0.144667  -2.1629759703E-003
    0.000000    0.000000   -3.355333    0.147000  -2.1775415189E-003
    0.000000    0.000000   -3.353000    0.149333  -2.1921926741E-003
    0.000000    0.000000   -3.350667    0.151667  -2.2069299031E-003
    0.000000    0.000000   -3.348333    0.154000  -2.2217536759E-003
    0.000000    0.000000   -3.346000    0.156333  -2.2366644649E-003
    0.000000    0.000000   -3.343667    0.158667  -2.2516627450E-003
    0.000000    0.000000   -3.341333    0.161000  -2.2667489937E-003
    0.000000    0.000000   -3.339000    0.163333  -2.2819236913E-003
    0.000000    0.000000   -3.336667    0.165667  -2.2971873203E-003
    0.000000    0.000000   -3.334333    0.168000  -2.3125403663E-003
    0.000000    0.000000   -3.332000    0.170333  -2.3279833170E-003
    0.000000    0.000000   -3.329667    0.172667  -2.3435166633E-003
    0.000000    0.000000   -3.327333    0.175000  -2.3591408983E-003
    0.000000    0.000000   -3.325000    0.177333  -2.3748565181E-003
    0.000000    0.000000   -3.322667    0.179667  -2.3906640212E-003
    0.000000    0.000000   -3.320333    0.182000  -2.4065639090E-003
    0.000000    0.000000   -3.318000    0.184333  -2.4225566855E-003
    0.000000    0.000000   -3.315667    0.186667  -2.4386428576E-003
    0.000000    0.000000   -3.313333    0.189000  -2.4548229347E-003
    0.000000    0.000000   -3.311000    0.191333  -2.4710974291E-003
    0.000000    0.000000   -3.308667    0.193667  -2.4874668559E-003
    0.000000    0.000000   -3.306333    0.196000  -2.5039317329E-003
    0.000000    0.000000   -3.304000    0.198333  -2.5204925808E-003
    0.000000    0.000000   -3.301667    0.200667  -2.5371499229E-003
    0.000000    0.000000   -3.299333    0.203000  -2.5539042856E-003
    0.000000    0.000000   -3.297000    0.205333  -2.5707561979E-003
    0.000000    0.000000   -3.294667    0.207667  -2.5877061918E-003
    0.000000    0.000000   -3.292333    0.210000  -2.6047548022E-003
    0.000000    0.000000   -3.290000    0.212333  -2.6219025667E-003
    0.000000    0.000000   -3.287667    0.214667  -2.6391500261E-003
    0.000000    0.000000   -3.285333    0.217000  -2.6564977237E-003
    0.000000    0.000000   -3.283000    0.219333  -2.6739462062E-003
    0.000000    0.000000   -3.280667    0.221667  -2.6914960228E-003
    0.000000    0.000000   -3.278333    0.224000  -2.7091477259E-003
    0.000000    0.000000   -3.276000    0.226333  -2.7269018710E-003
    0.000000    0.000000   -3.273667    0.228667  -2.7447590162E-003
    0.000000    0.000000   -3.271333    0.231000  -2.7627197229E-003
    0.000000    0.000000   -3.269000    0.233333  -2.7807845555E-003
    0.000000    0.000000   -3.266667    0.235667  -2.7989540813E-003
    0.000000    0.000000   -3.264333    0.238000  -2.8172288707E-003
    0.000000    0.000000   -3.262000    0.240333  -2.8356094973E-003
    0.000000    0.000000   -3.259667    0.242667  -2.8540965375E-003
    0.000000    0.000000   -3.257333    0.245000  -2.8726905710E-003
    0.000000    0.000000   -3.255000    0.247333  -2.8913921805E-003
    0.000000    0.000000   -3.252667    0.249667  -2.9102019520E-003
    0.000000    0.000000   -3.250333    0.252000  -2.9291204745E-003
    0.000000    0.000000   -3.248000    0.254333  -2.9481483400E-003
    0.000000    0.000000   -3.245667    0.256667  -2.9672861440E-003
    0.000000    0.000000   -3.243333    0.259000  -2.9865344848E-003
    0.000000    0.000000   -3.241000    0.261333  -3.0058939644E-003
    0.000000    0.000000   -3.238667    0.263667  -3.0253651874E-003
    0.000000    0.000000   -3.236333    0.266000  -3.0449487622E-003
    0.000000    0.000000   -3.234000    0.268333  -3.0646453001E-003
    0.000000    0.000000   -3.231667    0.270667  -3.0844554157E-003
    0.000000    0.000000   -3.229333    0.273000  -3.1043797270E-003
    0.000000    0.000000   -3.227000    0.275333  -3.1244188552E-003
    0.000000    0.000000   -3.224667    0.277667  -3.1445734248E-003
    0.000000    0.000000   -3.222333    0.280000  -3.1648440636E-003
    0.000000    0.000000   -3.220000    0.282333  -3.1852314028E-003
    0.000000    0.000000   -3.217667    0.284667  -3.2057360769E-003
    0.000000    0.000000   -3.215333    0.287000  -3.2263587239E-003
    0.000000    0.000000   -3.213000    0.289333  -3.2470999849E-003
    0.000000    0.000000   -3.210667    0.291667  -3.2679605048E-003
    0.000000    0.000000   -3.208333    0.294000  -3.2889409315E-003
    0.000000    0.000000   -3.206000    0.296333  -3.3100419166E-003
    0.000000    0.000000   -3.203667    0.298667  -3.3312641150E-003
    0.000000    0.000000   -3.201333    0.301000  -3.3526081852E-003
    0.000000    0.000000   -3.199000    0.303333  -3.3740747890E-003
    0.000000    0.000000   -3.196667    0.305667  -3.3956645919E-003
    0.000000    0.000000   -3.194333    0.308000  -3.4173782628E-003
    0.000000    0.000000   -3.192000    0.310333  -3.4392164740E-003
    0.000000    0.000000   -3.189667    0.312667  -3.4611799016E-003
    0.000000    0.000000   -3.187333    0.315000  -3.4832692250E-003
    0.000000    0.000000   -3.185000    0.317333  -3.5054851274E-003
    0.000000    0.000000   -3.182667    0.319667  -3.5278282954E-003
    0.000000    0.000000   -3.180333    0.322000  -3.5502994194E-003
    0.000000    0.000000   -3.178000    0.324333  -3.5728991931E-003
    0.000000    0.000000   -3.175667    0.326667  -3.5956283142E-003
    0.000000    0.000000   -3.173333    0.329000  -3.6184874837E-003
    0.000000    0.000000   -3.171000    0.331333  -3.6414774067E-003
    0.000000    0.000000   -3.168667    0.333667  -3.6645987916E-003
    0.000000    0.000000   -3.166333    0.336000  -3.6878523506E-003
    0.000000    0.000000   -3.164000    0.338333  -3.7112387997E-003
    0.000000    0.000000   -3.161667    0.340667  -3.7347588586E-003
    0.000000    0.000000   -3.159333    0.343000  -3.7584132507E-003
    0.000000    0.000000   -3.157000    0.345333  -3.7822027031E-003
    0.000000    0.000000   -3.154667    0.347667  -3.8061279469E-003
    0.000000    0.000000   -3.152333    0.350000  -3.8301897167E-003
    0.000000    0.000000   -3.150000    0.352333  -3.8543887512E-003
    0.000000    0.000000   -3.147667    0.354667  -3.8787257928E-003
    0.000000    0.000000   -3.145333    0.357000  -3.9032015876E-003
    0.000000    0.000000   -3.143000    0.359333  -3.9278168858E-003
    0.000000    0.000000   -3.140667    0.361667  -3.9525724414E-003
    0.000000    0.000000   -3.138333    0.364000  -3.9774690122E-003
    0.000000    0.000000   -3.136000    0.366333  -4.0025073599E-003
    0.000000    0.000000   -3.133667    0.368667  -4.0276882502E-003
    0.000000    0.000000   -3.131333    0.371000  -4.0530124529E-003
    0.000000    0.000000   -3.129000    0.373333  -4.0784807413E-003
    0.000000    0.000000   -3.126667    0.375667  -4.1040938931E-003
    0.000000    0.000000   -3.124333    0.378000  -4.1298526899E-003
    0.000000    0.000000   -3.122000    0.380333  -4.1557579170E-003
    0.000000    0.000000   -3.119667    0.382667  -4.1818103642E-003
    0.000000    0.000000   -3.117333    0.385000  -4.2080108249E-003
    0.000000    0.000000   -3.115000    0.387333  -4.2343600969E-003
    0.000000    0.000000   -3.112667    0.389667  -4.2608589817E-003
    0.000000    0.000000   -3.110333    0.392000  -4.2875082851E-003
    0.000000    0.000000   -3.108000    0.394333  -4.3143088171E-003
    0.000000    0.000000   -3.105667    0.396667  -4.3412613917E-003
    0.000000    0.000000   -3.103333    0.399000  -4.3683668268E-003
    0.000000    0.000000   -3.101000    0.401333  -4.3956259448E-003
    0.000000    0.000000   -3.098667    0.403667  -4.4230395722E-003
    0.000000    0.000000   -3.096333    0.406000  -4.4506085394E-003
    0.000000    0.000000   -3.094000    0.408333  -4.4783336813E-003
    0.000000    0.000000   -3.091667    0.410667  -4.5062158368E-003
    0.000000    0.000000   -3.089333    0.413000  -4.5342558492E-003
    0.000000    0.000000   -3.087000    0.415333  -4.5624545659E-003
    0.000000    0.000000   -3.084667    0.417667  -4.5908128387E-003
    0.000000    0.000000   -3.082333    0.420000  -4.6193315234E-003
    0.000000    0.000000   -3.080000    0.422333  -4.6480114803E-003
    0.000000    0.000000   -3.077667    0.424667  -4.6768535741E-003
    0.000000    0.000000   -3.075333    0.427000  -4.7058586735E-003
    0.000000    0.000000   -3.073000    0.429333  -4.7350276518E-003
    0.000000    0.000000   -3.070667    0.431667  -4.7643613864E-003
    0.000000    0.000000   -3.068333    0.434000  -4.7938607595E-003
    0.000000    0.000000   -3.066000    0.436333  -4.8235266571E-003
    0.000000    0.000000   -3.063667    0.438667  -4.8533599700E-003
    0.000000    0.000000   -3.061333    0.441000  -4.8833615933E-003
    0.000000    0.000000   -3.059000    0.443333  -4.9135324264E-003
    0.000000    0.000000   -3.056667    0.445667  -4.9438733734E-003
    0.000000    0.000000   -3.054333    0.448000  -4.9743853427E-003
    0.000000    0.000000   -3.052000    0.450333  -5.0050692470E-003
    0.000000    0.000000   -3.049667    0.452667  -5.0359260038E-003
    0.000000    0.000000   -3.047333    0.455000  -5.0669565348E-003
    0.000000    0.000000   -3.045000    0.457333  -5.0981617665E-003
    0.000000    0.000000   -3.042667    0.459667  -5.1295426298E-003
    0.000000    0.000000   -3.040333    0.462000  -5.1611000601E-003
    0.000000    0.000000   -3.038000    0.464333  -5.1928349973E-003
    0.000000    0.000000   -3.035667    0.466667  -5.2247483860E-003
    0.000000    0.000000   -3.033333    0.469000  -5.2568411754E-003
    0.000000    0.000000   -3.031000    0.471333  -5.2891143193E-003
    0.000000    0.000000   -3.028667    0.473667  -5.3215687759E-003
    0.000000    0.000000   -3.026333    0.476000  -5.3542055082E-003
    0.000000    0.000000   -3.024000    0.478333  -5.3870254840E-003
    0.000000    0.000000   -3.021667    0.480667  -5.4200296755E-003
    0.000000    0.000000   -3.019333    0.483000  -5.4532190597E-003
    0.000000    0.000000   -3.017000    0.485333  -5.4865946182E-003
    0.000000    0.000000   -3.014667    0.487667  -5.5201573374E-003
    0.000000    0.000000   -3.012333    0.490000  -5.5539082083E-003
    0.000000    0.000000   -3.010000    0.492333  -5.5878482267E-003
    0.000000    0.000000   -3.007667    0.494667  -5.6219783933E-003
    0.000000    0.000000   -3.005333    0.497000  -5.6562997132E-003
    0.000000    0.000000   -3.003000    0.499333  -5.6908131966E-003
    0.000000    0.000000   -3.000667    0.501667  -5.7255198582E-003
    0.000000    0.000000   -2.998333    0.504000  -5.7604207178E-003
    0.000000    0.000000   -2.996000    0.506333  -5.7955167998E-003
    0.000000    0.000000   -2.993667    0.508667  -5.8308091335E-003
    0.000000    0.000000   -2.991333    0.511000  -5.8662987529E-003
    0.000000    0.000000   -2.989000    0.513333  -5.9019866971E-003
    0.000000    0.000000   -2.986667    0.515667  -5.9378740099E-003
    0.000000    0.000000   -2.984333    0.518000  -5.9739617400E-003
    0.000000    0.000000   -2.982000    0.520333  -6.0102509409E-003
    0.000000    0.000000   -2.979667    0.522667  -6.0467426712E-003
    0.000000    0.000000   -2.977333    0.525000  -6.0834379942E-003
    0.000000    0.000000   -2.975000    0.527333  -6.1203379784E-003
    0.000000    0.000000   -2.972667    0.529667  -6.1574436969E-003
    0.000000    0.000000   -2.970333    0.532000  -6.1947562281E-003
    0.000000    0.000000   -2.968000    0.534333  -6.2322766550E-003
    0.000000    0.000000   -2.965667    0.536667  -6.2700060658E-003
    0.000000    0.000000   -2.963333    0.539000  -6.3079455538E-003
    0.000000    0.000000   -2.961000    0.541333  -6.3460962170E-003
    0.000000    0.000000   -2.958667    0.543667  -6.3844591585E-003
    0.000000    0.000000   -2.956333    0.546000  -6.4230354866E-003
    0.000000    0.000000   -2.954000    0.548333  -6.4618263146E-003
    0.000000    0.000000   -2.951667    0.550667  -6.5008327605E-003
    0.000000    0.000000   -2.949333    0.553000  -6.5400559478E-003
    0.000000    0.000000   -2.947000    0.555333  -6.5794970048E-003
    0.000000    0.000000   -2.944667    0.557667  -6.6191570650E-003
    0.000000    0.000000   -2.942333    0.560000  -6.6590372670E-003
    0.000000    0.000000   -2.940000    0.562333  -6.6991387543E-003
    0.000000    0.000000   -2.937667    0.564667  -6.7394626758E-003
    0.000000    0.000000   -2.935333    0.567000  -6.7800101852E-003
    0.000000    0.000000   -2.933000    0.569333  -6.8207824417E-003
    0.000000    0.000000   -2.930667    0.571667  -6.8617806094E-003
    0.000000    0.000000   -2.928333    0.574000  -6.9030058576E-003
    0.000000    0.000000   -2.926000    0.576333  -6.9444593607E-003
    0.000000    0.000000   -2.923667    0.578667  -6.9861422984E-003
    0.000000    0.000000   -2.921333    0.581000  -7.0280558554E-003
    0.000000    0.000000   -2.919000    0.583333  -7.0702012219E-003
    0.000000    0.000000   -2.916667    0.585667  -7.1125795929E-003
    0.000000    0.000000   -2.914333    0.588000  -7.1551921689E-003
    0.000000    0.000000   -2.912000    0.590333  -7.1980401555E-003
    0.000000    0.000000   -2.909667    0.592667  -7.2411247636E-003
    0.000000    0.000000   -2.907333    0.595000  -7.2844472092E-003
    0.000000    0.000000   -2.905000    0.597333  -7.3280087137E-003
    0.000000    0.000000   -2.902667    0.599667  -7.3718105036E-003
    0.000000    0.000000   -2.900333    0.602000  -7.4158538109E-003
    0.000000    0.000000   -2.898000    0.604333  -7.4601398725E-003
    0.000000    0.000000   -2.895667    0.606667  -7.5046699308E-003
    0.000000    0.000000   -2.893333    0.609000  -7.5494452336E-003
    0.000000    0.000000   -2.891000    0.611333  -7.5944670337E-003
    0.000000    0.000000   -2.888667    0.613667  -7.6397365894E-003
    0.000000    0.000000   -2.886333    0.616000  -7.6852551642E-003
    0.000000    0.000000   -2.884000    0.618333  -7.7310240270E-003
    0.000000    0.000000   -2.881667    0.620667  -7.7770444520E-003
    0.000000    0.000000   -2.879333    0.623000  -7.8233177186E-003
    0.000000    0.000000   -2.877000    0.625333  -7.8698451117E-003
    0.000000    0.000000   -2.874667    0.627667  -7.9166279214E-003
    0.000000    0.000000   -2.872333    0.630000  -7.9636674433E-003
    0.000000    0.000000   -2.870000    0.632333  -8.0109649781E-003
    0.000000    0.000000   -2.867667    0.634667  -8.0585218321E-003
    0.000000    0.000000   -2.865333    0.637000  -8.1063393168E-003
    0.000000    0.000000   -2.863000    0.639333  -8.1544187491E-003
    0.000000    0.000000   -2.860667    0.641667  -8.2027614514E-003
    0.000000    0.000000   -2.858333    0.644000  -8.2513687512E-003
    0.000000    0.000000   -2.856000    0.646333  -8.3002419816E-003
    0.000000    0.000000   -2.853667    0.648667  -8.3493824811E-003
    0.000000    0.000000   -2.851333    0.651000  -8.3987915933E-003
    0.000000    0.000000   -2.849000    0.653333  -8.4484706676E-003
    0.000000    0.000000   -2.846667    0.655667  -8.4984210584E-003
    0.000000    0.000000   -2.844333    0.658000  -8.5486441257E-003
    0.000000    0.000000   -2.842000    0.660333  -8.5991412350E-003
    0.000000    0.000000   -2.839667    0.662667  -8.6499137569E-003
    0.000000    0.000000   -2.837333    0.665000  -8.7009630677E-003
    0.000000    0.000000   -2.835000    0.667333  -8.7522905489E-003
    0.000000    0.000000   -2.832667    0.669667  -8.8038975875E-003
    0.000000    0.000000   -2.830333    0.672000  -8.8557855760E-003
    0.000000    0.000000   -2.828000    0.674333  -8.9079559120E-003
    0.000000    0.000000   -2.825667    0.676667  -8.9604099989E-003
    0.000000    0.000000   -2.823333    0.679000  -9.0131492453E-003
    0.000000    0.000000   -2.821000    0.681333  -9.0661750653E-003
    0.000000    0.000000   -2.818667    0.683667  -9.1194888782E-003
    0.000000    0.000000   -2.816333    0.686000  -9.1730921090E-003
    0.000000    0.000000   -2.814000    0.688333  -9.2269861880E-003
    0.000000    0.000000   -2.811667    0.690667  -9.2811725510E-003
    0.000000    0.000000   -2.809333    0.693000  -9.3356526390E-003
    0.000000    0.000000   -2.807000    0.695333  -9.3904278986E-003
    0.000000    0.000000   -2.804667    0.697667  -9.4454997818E-003
    0.000000    0.000000   -2.802333    0.700000  -9.5008697460E-003
    0.000000    0.000000   -2.800000    0.702333  -9.5565392540E-003
    0.000000    0.000000   -2.797667    0.704667  -9.6125097740E-003
    0.000000    0.000000   -2.795333    0.707000  -9.6687827796E-003
    0.000000    0.000000   -2.793000    0.709333  -9.7253597498E-003
    0.000000    0.000000   -2.790667    0.711667  -9.7822421691E-003
    0.000000    0.000000   -2.788333    0.714000  -9.8394315274E-003
    0.000000    0.000000   -2.786000    0.716333  -9.8969293199E-003
    0.000000    0.000000   -2.783667    0.718667  -9.9547370473E-003
    0.000000    0.000000   -2.781333    0.721000  -1.0012856215E-002
    0.000000    0.000000   -2.779000    0.723333  -1.0071288336E-002
    0.000000    0.000000   -2.776667    0.725667  -1.0130034926E-002
    0.000000    0.000000   -2.774333    0.728000  -1.0189097507E-002
    0.000000    0.000000   -2.772000    0.730333  -1.0248477607E-002
    0.000000    0.000000   -2.769667    0.732667  -1.0308176759E-002
    0.000000    0.000000   -2.767333    0.735000  -1.0368196501E-002
    0.000000    0.000000   -2.765000    0.737333  -1.0428538377E-002
    0.000000    0.000000   -2.762667    0.739667  -1.0489203936E-002
    0.000000    0.000000   -2.760333    0.742000  -1.0550194733E-002
    0.000000    0.000000   -2.758000    0.744333  -1.0611512327E-002
    0.000000    0.000000   -2.755667    0.746667  -1.0673158283E-002
    0.000000    0.000000   -2.753333    0.749000  -1.0735134172E-002
    0.000000    0.000000   -2.751000    0.751333  -1.0797441569E-002
    0.000000    0.000000   -2.748667    0.753667  -1.0860082056E-002
    0.000000    0.000000   -2.746333    0.756000  -1.0923057219E-002
    0.000000    0.000000   -2.744000    0.758333  -1.0986368650E-002
    0.000000    0.000000   -2.741667    0.760667  -1.1050017946E-002
    0.000000    0.000000   -2.739333    0.763000  -1.1114006709E-002
    0.000000    0.000000   -2.737000    0.765333  -1.1178336547E-002
    0.000000    0.000000   -2.734667    0.767667  -1.1243009072E-002
    0.000000    0.000000   -2.732333    0.770000  -1.1308025904E-002
    0.000000    0.000000   -2.730000    0.772333  -1.1373388664E-002
    0.000000    0.000000   -2.727667    0.774667  -1.1439098982E-002
    0.000000    0.000000   -2.725333    0.777000  -1.1505158493E-002
    0.000000    0.000000   -2.723000    0.779333  -1.1571568834E-002
    0.000000    0.000000   -2.720667    0.781667  -1.1638331650E-002
    0.000000    0.000000   -2.718333    0.784000  -1.1705448592E-002
    0.000000    0.000000   -2.716000    0.786333  -1.1772921313E-002
    0.000000    0.000000   -2.713667    0.788667  -1.1840751474E-002
    0.000000    0.000000   -2.711333    0.791000  -1.1908940739E-002
    0.000000    0.000000   -2.709000    0.793333  -1.1977490780E-002
    0.000000    0.000000   -2.706667    0.795667  -1.2046403271E-002
    0.000000    0.000000   -2.704333    0.798000  -1.2115679894E-002
    0.000000    0.000000   -2.702000    0.800333  -1.2185322333E-002
    0.000000    0.000000   -2.699667    0.802667  -1.2255332280E-002
    0.000000    0.000000   -2.697333    0.805000  -1.2325711431E-002
    0.000000    0.000000   -2.695000    0.807333  -1.2396461487E-002
    0.000000    0.000000   -2.692667    0.809667  -1.2467584154E-002
    0.000000    0.000000   -2.690333    0.812000  -1.2539081143E-002
    0.000000    0.000000   -2.688000    0.814333  -1.2610954171E-002
    0.000000    0.000000   -2.685667    0.816667  -1.2683204959E-002
    0.000000    0.000000   -2.683333    0.819000  -1.2755835233E-002
    0.000000    0.000000   -2.681000    0.821333  -1.2828846725E-002
    0.000000    0.000000   -2.678667    0.823667  -1.2902241171E-002
    0.000000    0.000000   -2.676333    0.826000  -1.2976020312E-002
    0.000000    0.000000   -2.674000    0.828333  -1.3050185895E-002
    0.000000    0.000000   -2.671667    0.830667  -1.3124739672E-002
    0.000000    0.000000   -2.669333    0.833000  -1.3199683398E-002
    0.000000    0.000000   -2.667000    0.835333  -1.3275018834E-002
    0.000000    0.000000   -2.664667    0.837667  -1.3350747747E-002
    0.000000    0.000000   -2.662333    0.840000  -1.3426871908E-002
    0.000000    0.000000   -2.660000    0.842333  -1.3503393093E-002
    0.000000    0.000000   -2.657667    0.844667  -1.3580313082E-002
    0.000000    0.000000   -2.655333    0.847000  -1.3657633662E-002
    0.000000    0.000000   -2.653000    0.849333  -1.3735356622E-002
    0.000000    0.000000   -2.650667    0.851667  -1.3813483757E-002
    0.000000    0.000000   -2.648333    0.854000  -1.3892016869E-002
    0.000000    0.000000   -2.646000    0.856333  -1.3970957762E-002
    0.000000    0.000000   -2.643667    0.858667  -1.4050308245E-002
    0.000000    0.000000   -2.641333    0.861000  -1.4130070134E-002
    0.000000    0.000000   -2.639000    0.863333  -1.4210245246E-002
    0.000000    0.000000   -2.636667    0.865667  -1.4290835407E-002
    0.000000    0.000000   -2.634333    0.868000  -1.4371842445E-002
    0.000000    0.000000   -2.632000    0.870333  -1.4453268193E-002
    0.000000    0.000000   -2.629667    0.872667  -1.4535114489E-002
    0.000000    0.000000   -2.627333    0.875000  -1.4617383175E-002
    0.000000    0.000000   -2.625000    0.877333  -1.4700076100E-002
    0.000000    0.000000   -2.622667    0.879667  -1.4783195115E-002
    0.000000    0.000000   -2.620333    0.882000  -1.4866742076E-002
    0.000000    0.000000   -2.618000    0.884333  -1.4950718846E-002
    0.000000    0.000000   -2.615667    0.886667  -1.5035127289E-002
    0.000000    0.000000   -2.613333    0.889000  -1.5119969275E-002
    0.000000    0.000000   -2.611000    0.891333  -1.5205246681E-002
    0.000000    0.000000   -2.608667    0.893667  -1.5290961384E-002
    0.000000    0.000000   -2.606333    0.896000  -1.5377115269E-002
    0.000000    0.000000   -2.604000    0.898333  -1.5463710225E-002
    0.000000    0.000000   -2.601667    0.900667  -1.5550748144E-002
    0.000000    0.000000   -2.599333    0.903000  -1.5638230924E-002
    0.000000    0.000000   -2.597000    0.905333  -1.5726160466E-002
    0.000000    0.000000   -2.594667    0.907667  -1.5814538677E-002
    0.000000    0.000000   -2.592333    0.910000  -1.5903367467E-002
    0.000000    0.000000   -2.590000    0.912333  -1.5992648752E-002
    0.000000    0.000000   -2.587667    0.914667  -1.6082384450E-002
    0.000000    0.000000   -2.585333    0.917000  -1.6172576487E-002
    0.000000    0.000000   -2.583000    0.919333  -1.6263226789E-002
    0.000000    0.000000   -2.580667    0.921667  -1.6354337290E-002
    0.000000    0.000000   -2.578333    0.924000  -1.6445909926E-002
    0.000000    0.000000   -2.576000    0.926333  -1.6537946639E-002
    0.000000    0.000000   -2.573667    0.928667  -1.6630449373E-002
    0.000000    0.000000   -2.571333    0.931000  -1.6723420080E-002
    0.000000    0.000000   -2.569000    0.933333  -1.6816860713E-002
    0.000000    0.000000   -2.566667    0.935667  -1.6910773230E-002
    0.000000    0.000000   -2.564333    0.938000  -1.7005159594E-002
    0.000000    0.000000   -2.562000    0.940333  -1.7100021772E-002
    0.000000    0.000000   -2.559667    0.942667  -1.7195361735E-002
    0.000000    0.000000   -2.557333    0.945000  -1.7291181458E-002
    0.000000    0.000000   -2.555000    0.947333  -1.7387482920E-002
    0.000000    0.000000   -2.552667    0.949667  -1.7484268106E-002
    0.000000    0.000000   -2.550333    0.952000  -1.7581539004E-002
    0.000000    0.000000   -2.548000    0.954333  -1.7679297605E-002
    0.000000    0.000000   -2.545667    0.956667  -1.7777545906E-002
    0.000000    0.000000   -2.543333    0.959000  -1.7876285906E-002
    0.000000    0.000000   -2.541000    0.961333  -1.7975519612E-002
    0.000000    0.000000   -2.538667    0.963667  -1.8075249031E-002
    0.000000    0.000000   -2.536333    0.966000  -1.8175476177E-002
    0.000000    0.000000   -2.534000    0.968333  -1.8276203066E-002
    0.000000    0.000000   -2.531667    0.970667  -1.8377431720E-002
    0.000000    0.000000   -2.529333    0.973000  -1.8479164163E-002
    0.000000    0.000000   -2.527000    0.975333  -1.8581402426E-002
    0.000000    0.000000   -2.524667    0.977667  -1.8684148543E-002
    0.000000    0.000000   -2.522333    0.980000  -1.8787404549E-002
    0.000000    0.000000   -2.520000    0.982333  -1.8891172488E-002
    0.000000    0.000000   -2.517667    0.984667  -1.8995454406E-002
    0.000000    0.000000   -2.515333    0.987000  -1.9100252352E-002
    0.000000    0.000000   -2.513000    0.989333  -1.9205568381E-002
    0.000000    0.000000   -2.510667    0.991667  -1.9311404552E-002
    0.000000    0.000000   -2.508333    0.994000  -1.9417762925E-002
    0.000000    0.000000   -2.506000    0.996333  -1.9524645569E-002
    0.000000    0.000000   -2.503667    0.998667  -1.9632054554E-002
    0.000000    0.000000   -2.501333    1.001000  -1.9739991955E-002
    0.000000    0.000000   -2.499000    1.003333  -1.9848459851E-002
    0.000000    0.000000   -2.496667    1.005667  -1.9957460325E-002
    0.000000    0.000000   -2.494333    1.008000  -2.0066995465E-002
    0.000000    0.000000   -2.492000    1.010333  -2.0177067362E-002
    0.000000    0.000000   -2.489667    1.012667  -2.0287678113E-002
    0.000000    0.000000   -2.487333    1.015000  -2.0398829817E-002
    0.000000    0.000000   -2.485000    1.017333  -2.0510524578E-002
    0.000000    0.000000   -2.482667    1.019667  -2.0622764506E-002
    0.000000    0.000000   -2.480333    1.022000  -2.0735551713E-002
    0.000000    0.000000   -2.478000    1.024333  -2.0848888316E-002
    0.000000    0.000000   -2.475667    1.026667  -2.0962776437E-002
    0.000000    0.000000   -2.473333    1.029000  -2.1077218202E-002
    0.000000    0.000000   -2.471000    1.031333  -2.1192215740E-002
    0.000000    0.000000   -2.468667    1.033667  -2.1307771187E-002
    0.000000    0.000000   -2.466333    1.036000  -2.1423886681E-002
    0.000000    0.000000   -2.464000    1.038333  -2.1540564365E-002
    0.000000    0.000000   -2.461667    1.040667  -2.1657806389E-002
    0.000000    0.000000   -2.459333    1.043000  -2.1775614903E-002
    0.000000    0.000000   -2.457000    1.045333  -2.1893992066E-002
    0.000000    0.000000   -2.454667    1.047667  -2.2012940039E-002
    0.000000    0.000000   -2.452333    1.050000  -2.2132460987E-002
    0.000000    0.000000   -2.450000    1.052333  -2.2252557082E-002
    0.000000    0.000000   -2.447667    1.054667  -2.2373230499E-002
    0.000000    0.000000   -2.445333    1.057000  -2.2494483420E-002
    0.000000    0.000000   -2.443000    1.059333  -2.2616318027E-002
    0.000000    0.000000   -2.440667    1.061667  -2.2738736513E-002
    0.000000    0.000000   -2.438333    1.064000  -2.2861741072E-002
    0.000000    0.000000   -2.436000    1.066333  -2.2985333902E-002
    0.000000    0.000000   -2.433667    1.068667  -2.3109517211E-002
    0.000000    0.000000   -2.431333    1.071000  -2.3234293206E-002
    0.000000    0.000000   -2.429000    1.073333  -2.3359664104E-002
    0.000000    0.000000   -2.426667    1.075667  -2.3485632124E-002
    0.000000    0.000000   -2.424333    1.078000  -2.3612199493E-002
    0.000000    0.000000   -2.422000    1.080333  -2.3739368440E-002
    0.000000    0.000000   -2.419667    1.082667  -2.3867141202E-002
    0.000000    0.000000   -2.417333    1.085000  -2.3995520021E-002
    0.000000    0.000000   -2.415000    1.087333  -2.4124507143E-002
    0.000000    0.000000   -2.412667    1.089667  -2.4254104823E-002
    0.000000    0.000000   -2.410333    1.092000  -2.4384315317E-002
    0.000000    0.000000   -2.408000    1.094333  -2.4515140891E-002
    0.000000    0.000000   -2.405667    1.096667  -2.4646583815E-002
    0.000000    0.000000   -2.403333    1.099000  -2.4778646365E-002
    0.000000    0.000000   -2.401000    1.101333  -2.4911330823E-002
    0.000000    0.000000   -2.398667    1.103667  -2.5044639478E-002
    0.000000    0.000000   -2.396333    1.106000  -2.5178574623E-002
    0.000000    0.000000   -2.394000    1.108333  -2.5313138561E-002
    0.000000    0.000000   -2.391667    1.110667  -2.5448333598E-002
    0.000000    0.000000   -2.389333    1.113000  -2.5584162049E-002
    0.000000    0.000000   -2.387000    1.115333  -2.5720626234E-002
    0.000000    0.000000   -2.384667    1.117667  -2.5857728480E-002
    0.000000    0.000000   -2.382333    1.120000  -2.5995471122E-002
    0.000000    0.000000   -2.380000    1.122333  -2.6133856502E-002
    0.000000    0.000000   -2.377667    1.124667  -2.6272886968E-002
    0.000000    0.000000   -2.375333    1.127000  -2.6412564875E-002
    0.000000    0.000000   -2.373000    1.129333  -2.6552892588E-002
    0.000000    0.000000   -2.370667    1.131667  -2.6693872476E-002
    0.000000    0.000000   -2.368333    1.134000  -2.6835506919E-002
    0.000000    0.000000   -2.366000    1.136333  -2.6977798303E-002
    0.000000    0.000000   -2.363667    1.138667  -2.7120749022E-002
    0.000000    0.000000   -2.361333    1.141000  -2.7264361479E-002
    0.000000    0.000000   -2.359000    1.143333  -2.7408638084E-002
    0.000000    0.000000   -2.356667    1.145667  -2.7553581257E-002
    0.000000    0.000000   -2.354333    1.148000  -2.7699193426E-002
    0.000000    0.000000   -2.352000    1.150333  -2.7845477027E-002
    0.000000    0.000000   -2.349667    1.152667  -2.7992434505E-002
    0.000000    0.000000   -2.347333    1.155000  -2.8140068317E-002
    0.000000    0.000000   -2.345000    1.157333  -2.8288380926E-002
    0.000000    0.000000   -2.342667    1.159667  -2.8437374805E-002
    0.000000    0.000000   -2.340333    1.162000  -2.8587052438E-002
    0.000000    0.000000   -2.338000    1.164333  -2.8737416318E-002
    0.000000    0.000000   -2.335667    1.166667  -2.8888468948E-002
    0.000000    0.000000   -2.333333    1.169000  -2.9040212842E-002
    0.000000    0.000000   -2.331000    1.171333  -2.9192650525E-002
    0.000000    0.000000   -2.328667    1.173667  -2.9345784530E-002
    0.000000    0.000000   -2.326333    1.176000  -2.9499617403E-002
    0.000000    0.000000   -2.324000    1.178333  -2.9654151702E-002
    0.000000    0.000000   -2.321667    1.180667  -2.9809389994E-002
    0.000000    0.000000   -2.319333    1.183000  -2.9965334860E-002
    0.000000    0.000000   -2.317000    1.185333  -3.0121988891E-002
    0.000000    0.000000   -2.314667    1.187667  -3.0279354691E-002
    0.000000    0.000000   -2.312333    1.190000  -3.0437434876E-002
    0.000000    0.000000   -2.310000    1.192333  -3.0596232075E-002
    0.000000    0.000000   -2.307667    1.194667  -3.0755748930E-002
    0.000000    0.000000   -2.305333    1.197000  -3.0915988095E-002
    0.000000    0.000000   -2.303000    1.199333  -3.1076952238E-002
    0.000000    0.000000   -2.300667    1.201667  -3.1238644041E-002
    0.000000    0.000000   -2.298333    1.204000  -3.1401066199E-002
    0.000000    0.000000   -2.296000    1.206333  -3.1564221423E-002
    0.000000    0.000000   -2.293667    1.208667  -3.1728112437E-002
    0.000000    0.000000   -2.291333    1.211000  -3.1892741979E-002
    0.000000    0.000000   -2.289000    1.213333  -3.2058112805E-002
    0.000000    0.000000   -2.286667    1.215667  -3.2224227683E-002
    0.000000    0.000000   -2.284333    1.218000  -3.2391089400E-002
    0.000000    0.000000   -2.282000    1.220333  -3.2558700756E-002
    0.000000    0.000000   -2.279667    1.222667  -3.2727064569E-002
    0.000000    0.000000   -2.277333    1.225000  -3.2896183674E-002
    0.000000    0.000000   -2.275000    1.227333  -3.3066060921E-002
    0.000000    0.000000   -2.272667    1.229667  -3.3236699180E-002
    0.000000    0.000000   -2.270333    1.232000  -3.3408101338E-002
    0.000000    0.000000   -2.268000    1.234333  -3.3580270298E-002
    0.000000    0.000000   -2.265667    1.236667  -3.3753208983E-002
    0.000000    0.000000   -2.263333    1.239000  -3.3926920336E-002
    0.000000    0.000000   -2.261000    1.241333  -3.4101407316E-002
    0.000000    0.000000   -2.258667    1.243667  -3.4276672904E-002
    0.000000    0.000000   -2.256333    1.246000  -3.4452720100E-002
    0.000000    0.000000   -2.254000    1.248333  -3.4629551925E-002
    0.000000    0.000000   -2.251667    1.250667  -3.4807171420E-002
    0.000000    0.000000   -2.249333    1.253000  -3.4985581646E-002
    0.000000    0.000000   -2.247000    1.255333  -3.5164785688E-002
    0.000000    0.000000   -2.244667    1.257667  -3.5344786650E-002
    0.000000    0.000000   -2.242333    1.260000  -3.5525587661E-002
    0.000000    0.000000   -2.240000    1.262333  -3.5707191871E-002
    0.000000    0.000000   -2.237667    1.264667  -3.5889602453E-002
    0.000000    0.000000   -2.235333    1.267000  -3.6072822605E-002
    0.000000    0.000000   -2.233000    1.269333  -3.6256855547E-002
    0.000000    0.000000   -2.230667    1.271667  -3.6441704525E-002
    0.000000    0.000000   -2.228333    1.274000  -3.6627372810E-002
    0.000000    0.000000   -2.226000    1.276333  -3.6813863698E-002
    0.000000    0.000000   -2.223667    1.278667  -3.7001180509E-002
    0.000000    0.000000   -2.221333    1.281000  -3.7189326593E-002
    0.000000    0.000000   -2.219000    1.283333  -3.7378305322E-002
    0.000000    0.000000   -2.216667    1.285667  -3.7568120101E-002
    0.000000    0.000000   -2.214333    1.288000  -3.7758774357E-002
    0.000000    0.000000   -2.212000    1.290333  -3.7950271549E-002
    0.000000    0.000000   -2.209667    1.292667  -3.8142615163E-002
    0.000000    0.000000   -2.207333    1.295000  -3.8335808715E-002
    0.000000    0.000000   -2.205000    1.297333  -3.8529855751E-002
    0.000000    0.000000   -2.202667    1.299667  -3.8724759846E-002
    0.000000    0.000000   -2.200333    1.302000  -3.8920524606E-002
    0.000000    0.000000   -2.198000    1.304333  -3.9117153670E-002
    0.000000    0.000000   -2.195667    1.306667  -3.9314650706E-002
    0.000000    0.000000   -2.193333    1.309000  -3.9513019417E-002
    0.000000    0.000000   -2.191000    1.311333  -3.9712263537E-002
    0.000000    0.000000   -2.188667    1.313667  -3.9912386834E-002
    0.000000    0.000000   -2.186333    1.316000  -4.0113393111E-002
    0.000000    0.000000   -2.184000    1.318333  -4.0315286204E-002
    0.000000    0.000000   -2.181667    1.320667  -4.0518069984E-002
    0.000000    0.000000   -2.179333    1.323000  -4.0721748360E-002
    0.000000    0.000000   -2.177000    1.325333  -4.0926325275E-002
    0.000000    0.000000   -2.174667    1.327667  -4.1131804708E-002
    0.000000    0.000000   -2.172333    1.330000  -4.1338190679E-002
    0.000000    0.000000   -2.170000    1.332333  -4.1545487242E-002
    0.000000    0.000000   -2.167667    1.334667  -4.1753698493E-002
    0.000000    0.000000   -2.165333    1.337000  -4.1962828563E-002
    0.000000    0.000000   -2.163000    1.339333  -4.2172881628E-002
    0.000000    0.000000   -2.160667    1.341667  -4.2383861899E-002
    0.000000    0.000000   -2.158333    1.344000  -4.2595773633E-002
    0.000000    0.000000   -2.156000    1.346333  -4.2808621124E-002
    0.000000    0.000000   -2.153667    1.348667  -4.3022408711E-002
    0.000000    0.000000   -2.151333    1.351000  -4.3237140775E-002
    0.000000    0.000000   -2.149000    1.353333  -4.3452821741E-002
    0.000000    0.000000   -2.146667    1.355667  -4.3669456076E-002
    0.000000    0.000000   -2.144333    1.358000  -4.3887048295E-002
    0.000000    0.000000   -2.142000    1.360333  -4.4105602954E-002
    0.000000    0.000000   -2.139667    1.362667  -4.4325124660E-002
    0.000000    0.000000   -2.137333    1.365000  -4.4545618062E-002
    0.000000    0.000000   -2.135000    1.367333  -4.4767087858E-002
    0.000000    0.000000   -2.132667    1.369667  -4.4989538795E-002
    0.000000    0.000000   -2.130333    1.372000  -4.5212975667E-002
    0.000000    0.000000   -2.128000    1.374333  -4.5437403317E-002
    0.000000    0.000000   -2.125667    1.376667  -4.5662826639E-002
    0.000000    0.000000   -2.123333    1.379000  -4.5889250575E-002
    0.000000    0.000000   -2.121000    1.381333  -4.6116680121E-002
    0.000000    0.000000   -2.118667    1.383667  -4.6345120323E-002
    0.000000    0.000000   -2.116333    1.386000  -4.6574576279E-002
    0.000000    0.000000   -2.114000    1.388333  -4.6805053142E-002
    0.000000    0.000000   -2.111667    1.390667  -4.7036556116E-002
    0.000000    0.000000   -2.109333    1.393000  -4.7269090461E-002
    0.000000    0.000000   -2.107000    1.395333  -4.7502661492E-002
    0.000000    0.000000   -2.104667    1.397667  -4.7737274578E-002
    0.000000    0.000000   -2.102333    1.400000  -4.7972935146E-002
    0.000000    0.000000   -2.100000    1.402333  -4.8209648679E-002
    0.000000    0.000000   -2.097667    1.404667  -4.8447420718E-002
    0.000000    0.000000   -2.095333    1.407000  -4.8686256862E-002
    0.000000    0.000000   -2.093000    1.409333  -4.8926162767E-002
    0.000000    0.000000   -2.090667    1.411667  -4.9167144152E-002
    0.000000    0.000000   -2.088333    1.414000  -4.9409206793E-002
    0.000000    0.000000   -2.086000    1.416333  -4.9652356529E-002
    0.000000    0.000000   -2.083667    1.418667  -4.9896599258E-002
    0.000000    0.000000   -2.081333    1.421000  -5.0141940943E-002
    0.000000    0.000000   -2.079000    1.423333  -5.0388387605E-002
    0.000000    0.000000   -2.076667    1.425667  -5.0635945334E-002
    0.000000    0.000000   -2.074333    1.428000  -5.0884620279E-002
    0.000000    0.000000   -2.072000    1.430333  -5.1134418655E-002
    0.000000    0.000000   -2.069667    1.432667  -5.1385346744E-002
    0.000000    0.000000   -2.067333    1.435000  -5.1637410891E-002
    0.000000    0.000000   -2.065000    1.437333  -5.1890617509E-002
    0.000000    0.000000   -2.062667    1.439667  -5.2144973076E-002
    0.000000    0.000000   -2.060333    1.442000  -5.2400484139E-002
    0.000000    0.000000   -2.058000    1.444333  -5.2657157312E-002
    0.000000    0.000000   -2.055667    1.446667  -5.2914999279E-002
    0.000000    0.000000   -2.053333    1.449000  -5.3174016792E-002
    0.000000    0.000000   -2.051000    1.451333  -5.3434216672E-002
    0.000000    0.000000   -2.048667    1.453667  -5.3695605812E-002
    0.000000    0.000000   -2.046333    1.456000  -5.3958191174E-002
    0.000000    0.000000   -2.044000    1.458333  -5.4221979793E-002
    0.000000    0.000000   -2.041667    1.460667  -5.4486978774E-002
    0.000000    0.000000   -2.039333    1.463000  -5.4753195295E-002
    0.000000    0.000000   -2.037000    1.465333  -5.5020636607E-002
    0.000000    0.000000   -2.034667    1.467667  -5.5289310035E-002
    0.000000    0.000000   -2.032333    1.470000  -5.5559222976E-002
    0.000000    0.000000   -2.030000    1.472333  -5.5830382903E-002
    0.000000    0.000000   -2.027667    1.474667  -5.6102797362E-002
    0.000000    0.000000   -2.025333    1.477000  -5.6376473975E-002
    0.000000    0.000000   -2.023000    1.479333  -5.6651420439E-002
    0.000000    0.000000   -2.020667    1.481667  -5.6927644528E-002
    0.000000    0.000000   -2.018333    1.484000  -5.7205154090E-002
    0.000000    0.000000   -2.016000    1.486333  -5.7483957053E-002
    0.000000    0.000000   -2.013667    1.488667  -5.7764061419E-002
    0.000000    0.000000   -2.011333    1.491000  -5.8045475268E-002
    0.000000    0.000000   -2.009000    1.493333  -5.8328206760E-002
    0.000000    0.000000   -2.006667    1.495667  -5.8612264130E-002
    0.000000    0.000000   -2.004333    1.498000  -5.8897655692E-002
    0.000000    0.000000   -2.002000    1.500333  -5.9184389840E-002
    0.000000    0.000000   -1.999667    1.502667  -5.9472475045E-002
    0.000000    0.000000   -1.997333    1.505000  -5.9761919859E-002
    0.000000    0.000000   -1.995000    1.507333  -6.0052732912E-002
    0.000000    0.000000   -1.992667    1.509667  -6.0344922913E-002
    0.000000    0.000000   -1.990333    1.512000  -6.0638498653E-002
    0.000000    0.000000   -1.988000    1.514333  -6.0933468999E-002
    0.000000    0.000000   -1.985667    1.516667  -6.1229842900E-002
    0.000000    0.000000   -1.983333    1.519000  -6.1527629388E-002
    0.000000    0.000000   -1.981000    1.521333  -6.1826837569E-002
    0.000000    0.000000   -1.978667    1.523667  -6.2127476634E-002
    0.000000    0.000000   -1.976333    1.526000  -6.2429555852E-002
    0.000000    0.000000   -1.974000    1.528333  -6.2733084574E-002
    0.000000    0.000000   -1.971667    1.530667  -6.3038072229E-002
    0.000000    0.000000   -1.969333    1.533000  -6.3344528328E-002
    0.000000    0.000000   -1.967000    1.535333  -6.3652462461E-002
    0.000000    0.000000   -1.964667    1.537667  -6.3961884298E-002
    0.000000    0.000000   -1.962333    1.540000  -6.4272803590E-002
    0.000000    0.000000   -1.960000    1.542333  -6.4585230167E-002
    0.000000    0.000000   -1.957667    1.544667  -6.4899173938E-002
    0.000000    0.000000   -1.955333    1.547000  -6.5214644893E-002
    0.000000    0.000000   -1.953000    1.549333  -6.5531653100E-002
    0.000000    0.000000   -1.950667    1.551667  -6.5850208705E-002
    0.000000    0.000000   -1.948333    1.554000  -6.6170321934E-002
    0.000000    0.000000   -1.946000    1.556333  -6.6492003092E-002
    0.000000    0.000000   -1.943667    1.558667  -6.6815262559E-002
    0.000000    0.000000   -1.941333    1.561000  -6.7140110794E-002
    0.000000    0.000000   -1.939000    1.563333  -6.7466558335E-002
    0.000000    0.000000   -1.936667    1.565667  -6.7794615793E-002
    0.000000    0.000000   -1.934333    1.568000  -6.8124293856E-002
    0.000000    0.000000   -1.932000    1.570333  -6.8455603291E-002
    0.000000    0.000000   -1.929667    1.572667  -6.8788554934E-002
    0.000000    0.000000   -1.927333    1.575000  -6.9123159700E-002
    0.000000    0.000000   -1.925000    1.577333  -6.9459428576E-002
    0.000000    0.000000   -1.922667    1.579667  -6.9797372623E-002
    0.000000    0.000000   -1.920333    1.582000  -7.0137002971E-002
    0.000000    0.000000   -1.918000    1.584333  -7.0478330826E-002
    0.000000    0.000000   -1.915667    1.586667  -7.0821367461E-002
    0.000000    0.000000   -1.913333    1.589000  -7.1166124221E-002
    0.000000    0.000000   -1.911000    1.591333  -7.1512612519E-002
    0.000000    0.000000   -1.908667    1.593667  -7.1860843836E-002
    0.000000    0.000000   -1.906333    1.596000  -7.2210829722E-002
    0.000000    0.000000   -1.904000    1.598333  -7.2562581789E-002
    0.000000    0.000000   -1.901667    1.600667  -7.2916111718E-002
    0.000000    0.000000   -1.899333    1.603000  -7.3271431250E-002
    0.000000    0.000000   -1.897000    1.605333  -7.3628552194E-002
    0.000000    0.000000   -1.894667    1.607667  -7.3987486415E-002
    0.000000    0.000000   -1.892333    1.610000  -7.4348245841E-002
    0.000000    0.000000   -1.890000    1.612333  -7.4710842459E-002
    0.000000    0.000000   -1.887667    1.614667  -7.5075288313E-002
    0.000000    0.000000   -1.885333    1.617000  -7.5441595504E-002
    0.000000    0.000000   -1.883000    1.619333  -7.5809776188E-002
    0.000000    0.000000   -1.880667    1.621667  -7.6179842573E-002
    0.000000    0.000000   -1.878333    1.624000  -7.6551806921E-002
    0.000000    0.000000   -1.876000    1.626333  -7.6925681541E-002
    0.000000    0.000000   -1.873667    1.628667  -7.7301478795E-002
    0.000000    0.000000   -1.871333    1.631000  -7.7679211089E-002
    0.000000    0.000000   -1.869000    1.633333  -7.8058890875E-002
    0.000000    0.000000   -1.866667    1.635667  -7.8440530649E-002
    0.000000    0.000000   -1.864333    1.638000  -7.8824142949E-002
    0.000000    0.000000   -1.862000    1.640333  -7.9209740351E-002
    0.000000    0.000000   -1.859667    1.642667  -7.9597335472E-002
    0.000000    0.000000   -1.857333    1.645000  -7.9986940963E-002
    0.000000    0.000000   -1.855000    1.647333  -8.0378569508E-002
    0.000000    0.000000   -1.852667    1.649667  -8.0772233826E-002
    0.000000    0.000000   -1.850333    1.652000  -8.1167946662E-002
    0.000000    0.000000   -1.848000    1.654333  -8.1565720793E-002
    0.000000    0.000000   -1.845667    1.656667  -8.1965569018E-002
    0.000000    0.000000   -1.843333    1.659000  -8.2367504160E-002
    0.000000    0.000000   -1.841000    1.661333  -8.2771539062E-002
    0.000000    0.000000   -1.838667    1.663667  -8.3177686588E-002
    0.000000    0.000000   -1.836333    1.666000  -8.3585959615E-002
    0.000000    0.000000   -1.834000    1.668333  -8.3996371036E-002
    0.000000    0.000000   -1.831667    1.670667  -8.4408933752E-002
    0.000000    0.000000   -1.829333    1.673000  -8.4823660675E-002
    0.000000    0.000000   -1.827000    1.675333  -8.5240564722E-002
    0.000000    0.000000   -1.824667    1.677667  -8.5659658812E-002
    0.000000    0.000000   -1.822333    1.680000  -8.6080955865E-002
    0.000000    0.000000   -1.820000    1.682333  -8.6504468798E-002
    0.000000    0.000000   -1.817667    1.684667  -8.6930210524E-002
    0.000000    0.000000   -1.815333    1.687000  -8.7358193946E-002
    0.000000    0.000000   -1.813000    1.689333  -8.7788431956E-002
    0.000000    0.000000   -1.810667    1.691667  -8.8220937432E-002
    0.000000    0.000000   -1.808333    1.694000  -8.8655723236E-002
    0.000000    0.000000   -1.806000    1.696333  -8.9092802208E-002
    0.000000    0.000000   -1.803667    1.698667  -8.9532187164E-002
    0.000000    0.000000   -1.801333    1.701000  -8.9973890895E-002
    0.000000    0.000000   -1.799000    1.703333  -9.0417926160E-002
    0.000000    0.000000   -1.796667    1.705667  -9.0864305686E-002
    0.000000    0.000000   -1.794333    1.708000  -9.1313042163E-002
    0.000000    0.000000   -1.792000    1.710333  -9.1764148242E-002
    0.000000    0.000000   -1.789667    1.712667  -9.2217636528E-002
    0.000000    0.000000   -1.787333    1.715000  -9.2673519581E-002
    0.000000    0.000000   -1.785000    1.717333  -9.3131809911E-002
    0.000000    0.000000   -1.782667    1.719667  -9.3592519972E-002
    0.000000    0.000000   -1.780333    1.722000  -9.4055662162E-002
    0.000000    0.000000   -1.778000    1.724333  -9.4521248818E-002
    0.000000    0.000000   -1.775667    1.726667  -9.4989292210E-002
    0.000000    0.000000   -1.773333    1.729000  -9.5459804541E-002
    0.000000    0.000000   -1.771000    1.731333  -9.5932797941E-002
    0.000000    0.000000   -1.768667    1.733667  -9.6408284465E-002
    0.000000    0.000000   -1.766333    1.736000  -9.6886276087E-002
    0.000000    0.000000   -1.764000    1.738333  -9.7366784697E-002
    0.000000    0.000000   -1.761667    1.740667  -9.7849822097E-002
    0.000000    0.000000   -1.759333    1.743000  -9.8335399999E-002
    0.000000    0.000000   -1.757000    1.745333  -9.8823530019E-002
    0.000000    0.000000   -1.754667    1.747667  -9.9314223672E-002
    0.000000    0.000000   -1.752333    1.750000  -9.9807492370E-002
    0.000000    0.000000   -1.750000    1.752333  -1.0030334742E-001
    0.000000    0.000000   -1.747667    1.754667  -1.0080180002E-001
    0.000000    0.000000   -1.745333    1.757000  -1.0130286124E-001
    0.000000    0.000000   -1.743000    1.759333  -1.0180654204E-001
    0.000000    0.000000   -1.740667    1.761667  -1.0231285326E-001
    0.000000    0.000000   -1.738333    1.764000  -1.0282180560E-001
    0.000000    0.000000   -1.736000    1.766333  -1.0333340965E-001
    0.000000    0.000000   -1.733667    1.768667  -1.0384767584E-001
    0.000000    0.000000   -1.731333    1.771000  -1.0436461448E-001
    0.000000    0.000000   -1.729000    1.773333  -1.0488423571E-001
    0.000000    0.000000   -1.726667    1.775667  -1.0540654956E-001
    0.000000    0.000000   -1.724333    1.778000  -1.0593156587E-001
    0.000000    0.000000   -1.722000    1.780333  -1.0645929436E-001
    0.000000    0.000000   -1.719667    1.782667  -1.0698974456E-001
    0.000000    0.000000   -1.717333    1.785000  -1.0752292585E-001
    0.000000    0.000000   -1.715000    1.787333  -1.0805884744E-001
    0.000000    0.000000   -1.712667    1.789667  -1.0859751838E-001
    0.000000    0.000000   -1.710333    1.792000  -1.0913894751E-001
    0.000000    0.000000   -1.708000    1.794333  -1.0968314354E-001
    0.000000    0.000000   -1.705667    1.796667  -1.1023011496E-001
    0.000000    0.000000   -1.703333    1.799000  -1.1077987008E-001
    0.000000    0.000000   -1.701000    1.801333  -1.1133241703E-001
    0.000000    0.000000   -1.698667    1.803667  -1.1188776373E-001
    0.000000    0.000000   -1.696333    1.806000  -1.1244591792E-001
    0.000000    0.000000   -1.694000    1.808333  -1.1300688714E-001
    0.000000    0.000000   -1.691667    1.810667  -1.1357067869E-001
    0.000000    0.000000   -1.689333    1.813000  -1.1413729971E-001
    0.000000    0.000000   -1.687000    1.815333  -1.1470675710E-001
    0.000000    0.000000   -1.684667    1.817667  -1.1527905754E-001
    0.000000    0.000000   -1.682333    1.820000  -1.1585420751E-001
    0.000000    0.000000   -1.680000    1.822333  -1.1643221326E-001
    0.000000    0.000000   -1.677667    1.824667  -1.1701308083E-001
    0.000000    0.000000   -1.675333    1.827000  -1.1759681600E-001
    0.000000    0.000000   -1.673000    1.829333  -1.1818342436E-001
    0.000000    0.000000   -1.670667    1.831667  -1.1877291124E-001
    0.000000    0.000000   -1.668333    1.834000  -1.1936528175E-001
    0.000000    0.000000   -1.666000    1.836333  -1.1996054075E-001
    0.000000    0.000000   -1.663667    1.838667  -1.2055869289E-001
    0.000000    0.000000   -1.661333    1.841000  -1.2115974253E-001
    0.000000    0.000000   -1.659000    1.843333  -1.2176369384E-001
    0.000000    0.000000   -1.656667    1.845667  -1.2237055070E-001
    0.000000    0.000000   -1.654333    1.848000  -1.2298031678E-001
    0.000000    0.000000   -1.652000    1.850333  -1.2359299548E-001
    0.000000    0.000000   -1.649667    1.852667  -1.2420858996E-001
    0.000000    0.000000   -1.647333    1.855000  -1.2482710312E-001
    0.000000    0.000000   -1.645000    1.857333  -1.2544853762E-001
    0.000000    0.000000   -1.642667    1.859667  -1.2607289586E-001
    0.000000    0.000000   -1.640333    1.862000  -1.2670017999E-001
    0.000000    0.000000   -1.638000    1.864333  -1.2733039193E-001
    0.000000    0.000000   -1.635667    1.866667  -1.2796353330E-001
    0.000000    0.000000   -1.633333    1.869000  -1.2859960550E-001
    0.000000    0.000000   -1.631000    1.871333  -1.2923860968E-001
    0.000000    0.000000   -1.628667    1.873667  -1.2988054673E-001
    0.000000    0.000000   -1.626333    1.876000  -1.3052541728E-001
    0.000000    0.000000   -1.624000    1.878333  -1.3117322173E-001
    0.000000    0.000000   -1.621667    1.880667  -1.3182396022E-001
    0.000000    0.000000   -1.619333    1.883000  -1.3247763264E-001
    0.000000    0.000000   -1.617000    1.885333  -1.3313423865E-001
    0.000000    0.000000   -1.614667    1.887667  -1.3379377765E-001
    0.000000    0.000000   -1.612333    1.890000  -1.3445624883E-001
    0.000000    0.000000   -1.610000    1.892333  -1.3512165109E-001
    0.000000    0.000000   -1.607667    1.894667  -1.3578998316E-001
    0.000000    0.000000   -1.605333    1.897000  -1.3646124349E-001
    0.000000    0.000000   -1.603000    1.899333  -1.3713543032E-001
    0.000000    0.000000   -1.600667    1.901667  -1.3781254168E-001
    0.000000    0.000000   -1.598333    1.904000  -1.3849257536E-001
    0.000000    0.000000   -1.596000    1.906333  -1.3917552896E-001
    0.000000    0.000000   -1.593667    1.908667  -1.3986139984E-001
    0.000000    0.000000   -1.591333    1.911000  -1.4055018518E-001
    0.000000    0.000000   -1.589000    1.913333  -1.4124188195E-001
    0.000000    0.000000   -1.586667    1.915667  -1.4193648695E-001
    0.000000    0.000000   -1.584333    1.918000  -1.4263399678E-001
    0.000000    0.000000   -1.582000    1.920333  -1.4333440784E-001
    0.000000    0.000000   -1.579667    1.922667  -1.4403771640E-001
    0.000000    0.000000   -1.577333    1.925000  -1.4474391853E-001
    0.000000    0.000000   -1.575000    1.927333  -1.4545301017E-001
    0.000000    0.000000   -1.572667    1.929667  -1.4616498709E-001
    0.000000    0.000000   -1.570333    1.932000  -1.4687984495E-001
    0.000000    0.000000   -1.568000    1.934333  -1.4759757926E-001
    0.000000    0.000000   -1.565667    1.936667  -1.4831818539E-001
    0.000000    0.000000   -1.563333    1.939000  -1.4904165865E-001
    0.000000    0.000000   -1.561000    1.941333  -1.4976799420E-001
    0.000000    0.000000   -1.558667    1.943667  -1.5049718713E-001
    0.000000    0.000000   -1.556333    1.946000  -1.5122923247E-001
    0.000000    0.000000   -1.554000    1.948333  -1.5196412514E-001
    0.000000    0.000000   -1.551667    1.950667  -1.5270186003E-001
    0.000000    0.000000   -1.549333    1.953000  -1.5344243199E-001
    0.000000    0.000000   -1.547000    1.955333  -1.5418583582E-001
    0.000000    0.000000   -1.544667    1.957667  -1.5493206632E-001
    0.000000    0.000000   -1.542333    1.960000  -1.5568111826E-001
    0.000000    0.000000   -1.540000    1.962333  -1.5643298645E-001
    0.000000    0.000000   -1.537667    1.964667  -1.5718766569E-001
    0.000000    0.000000   -1.535333    1.967000  -1.5794515082E-001
    0.000000    0.000000   -1.533000    1.969333  -1.5870543675E-001
    0.000000    0.000000   -1.530667    1.971667  -1.5946851845E-001
    0.000000    0.000000   -1.528333    1.974000  -1.6023439095E-001
    0.000000    0.000000   -1.526000    1.976333  -1.6100304939E-001
    0.000000    0.000000   -1.523667    1.978667  -1.6177448902E-001
    0.000000    0.000000   -1.521333    1.981000  -1.6254870523E-001
    0.000000    0.000000   -1.519000    1.983333  -1.6332569353E-001
    0.000000    0.000000   -1.516667    1.985667  -1.6410544960E-001
    0.000000    0.000000   -1.514333    1.988000  -1.6488796930E-001
    0.000000    0.000000   -1.512000    1.990333  -1.6567324870E-001
    0.000000    0.000000   -1.509667    1.992667  -1.6646128404E-001
    0.000000    0.000000   -1.507333    1.995000  -1.6725207184E-001
    0.000000    0.000000   -1.505000    1.997333  -1.6804560883E-001
    0.000000    0.000000   -1.502667    1.999667  -1.6884189201E-001
    0.000000    0.000000   -1.500333    2.002000  -1.6964091868E-001
    0.000000    0.000000   -1.498000    2.004333  -1.7044268643E-001
    0.000000    0.000000   -1.495667    2.006667  -1.7124719317E-001
    0.000000    0.000000   -1.493333    2.009000  -1.7205443715E-001
    0.000000    0.000000   -1.491000    2.011333  -1.7286441696E-001
    0.000000    0.000000   -1.488667    2.013667  -1.7367713159E-001
    0.000000    0.000000   -1.486333    2.016000  -1.7449258040E-001
    0.000000    0.000000   -1.484000    2.018333  -1.7531076317E-001
    0.000000    0.000000   -1.481667    2.020667  -1.7613168011E-001
    0.000000    0.000000   -1.479333    2.023000  -1.7695533187E-001
    0.000000    0.000000   -1.477000    2.025333  -1.7778171957E-001
    0.000000    0.000000   -1.474667    2.027667  -1.7861084481E-001
    0.000000    0.000000   -1.472333    2.030000  -1.7944270969E-001
    0.000000    0.000000   -1.470000    2.032333  -1.8027731681E-001
    0.000000    0.000000   -1.467667    2.034667  -1.8111466933E-001
    0.000000    0.000000   -1.465333    2.037000  -1.8195477094E-001
    0.000000    0.000000   -1.463000    2.039333  -1.8279762591E-001
    0.000000    0.000000   -1.460667    2.041667  -1.8364323908E-001
    0.000000    0.000000   -1.458333    2.044000  -1.8449161589E-001
    0.000000    0.000000   -1.456000    2.046333  -1.8534276239E-001
    0.000000    0.000000   -1.453667    2.048667  -1.8619668526E-001
    0.000000    0.000000   -1.451333    2.051000  -1.8705339182E-001
    0.000000    0.000000   -1.449000    2.053333  -1.8791289003E-001
    0.000000    0.000000   -1.446667    2.055667  -1.8877518853E-001
    0.000000    0.000000   -1.444333    2.058000  -1.8964029663E-001
    0.000000    0.000000   -1.442000    2.060333  -1.9050822431E-001
    0.000000    0.000000   -1.439667    2.062667  -1.9137898227E-001
    0.000000    0.000000   -1.437333    2.065000  -1.9225258190E-001
    0.000000    0.000000   -1.435000    2.067333  -1.9312903531E-001
    0.000000    0.000000   -1.432667    2.069667  -1.9400835533E-001
    0.000000    0.000000   -1.430333    2.072000  -1.9489055550E-001
    0.000000    0.000000   -1.428000    2.074333  -1.9577565012E-001
    0.000000    0.000000   -1.425667    2.076667  -1.9666365419E-001
    0.000000    0.000000   -1.423333    2.079000  -1.9755458347E-001
    0.000000    0.000000   -1.421000    2.081333  -1.9844845445E-001
    0.000000    0.000000   -1.418667    2.083667  -1.9934528435E-001
    0.000000    0.000000   -1.416333    2.086000  -2.0024509113E-001
    0.000000    0.000000   -1.414000    2.088333  -2.0114789348E-001
    0.000000    0.000000   -1.411667    2.090667  -2.0205371083E-001
    0.000000    0.000000   -1.409333    2.093000  -2.0296256329E-001
    0.000000    0.000000   -1.407000    2.095333  -2.0387447174E-001
    0.000000    0.000000   -1.404667    2.097667  -2.0478945771E-001
    0.000000    0.000000   -1.402333    2.100000  -2.0570754345E-001
    0.000000    0.000000   -1.400000    2.102333  -2.0662875188E-001
    0.000000    0.000000   -1.397667    2.104667  -2.0755310659E-001
    0.000000    0.000000   -1.395333    2.107000  -2.0848063180E-001
    0.000000    0.000000   -1.393000    2.109333  -2.0941135238E-001
    0.000000    0.000000   -1.390667    2.111667  -2.1034529377E-001
    0.000000    0.000000   -1.388333    2.114000  -2.1128248203E-001
    0.000000    0.000000   -1.386000    2.116333  -2.1222294375E-001
    0.000000    0.000000   -1.383667    2.118667  -2.1316670606E-001
    0.000000    0.000000   -1.381333    2.121000  -2.1411379660E-001
    0.000000    0.000000   -1.379000    2.123333  -2.1506424346E-001
    0.000000    0.000000   -1.376667    2.125667  -2.1601807517E-001
    0.000000    0.000000   -1.374333    2.128000  -2.1697532067E-001
    0.000000    0.000000   -1.372000    2.130333  -2.1793600922E-001
    0.000000    0.000000   -1.369667    2.132667  -2.1890017045E-001
    0.000000    0.000000   -1.367333    2.135000  -2.1986783422E-001
    0.000000    0.000000   -1.365000    2.137333  -2.2083903064E-001
    0.000000    0.000000   -1.362667    2.139667  -2.2181378997E-001
    0.000000    0.000000   -1.360333    2.142000  -2.2279214264E-001
    0.000000    0.000000   -1.358000    2.144333  -2.2377411910E-001
    0.000000    0.000000   -1.355667    2.146667  -2.2475974986E-001
    0.000000    0.000000   -1.353333    2.149000  -2.2574906534E-001
    0.000000    0.000000   -1.351000    2.151333  -2.2674209590E-001
    0.000000    0.000000   -1.348667    2.153667  -2.2773887169E-001
    0.000000    0.000000   -1.346333    2.156000  -2.2873942264E-001
    0.000000    0.000000   -1.344000    2.158333  -2.2974377836E-001
    0.000000    0.000000   -1.341667    2.160667  -2.3075196809E-001
    0.000000    0.000000   -1.339333    2.163000  -2.3176402060E-001
    0.000000    0.000000   -1.337000    2.165333  -2.3277996413E-001
    0.000000    0.000000   -1.334667    2.167667  -2.3379982631E-001
    0.000000    0.000000   -1.332333    2.170000  -2.3482363405E-001
    0.000000    0.000000   -1.330000    2.172333  -2.3585141350E-001
    0.000000    0.000000   -1.327667    2.174667  -2.3688318992E-001
    0.000000    0.000000   -1.325333    2.177000  -2.3791898761E-001
    0.000000    0.000000   -1.323000    2.179333  -2.3895882981E-001
    0.000000    0.000000   -1.320667    2.181667  -2.4000273860E-001
    0.000000    0.000000   -1.318333    2.184000  -2.4105073482E-001
    0.000000    0.000000   -1.316000    2.186333  -2.4210283796E-001
    0.000000    0.000000   -1.313667    2.188667  -2.4315906603E-001
    0.000000    0.000000   -1.311333    2.191000  -2.4421943552E-001
    0.000000    0.000000   -1.309000    2.193333  -2.4528396122E-001
    0.000000    0.000000   -1.306667    2.195667  -2.4635265617E-001
    0.000000    0.000000   -1.304333    2.198000  -2.4742553152E-001
    0.000000    0.000000   -1.302000    2.200333  -2.4850259643E-001
    0.000000    0.000000   -1.299667    2.202667  -2.4958385795E-001
    0.000000    0.000000   -1.297333    2.205000  -2.5066932090E-001
    0.000000    0.000000   -1.295000    2.207333  -2.5175898779E-001
    0.000000    0.000000   -1.292667    2.209667  -2.5285285868E-001
    0.000000    0.000000   -1.290333    2.212000  -2.5395093105E-001
    0.000000    0.000000   -1.288000    2.214333  -2.5505319970E-001
    0.000000    0.000000   -1.285667    2.216667  -2.5615965666E-001
    0.000000    0.000000   -1.283333    2.219000  -2.5727029104E-001
    0.000000    0.000000   -1.281000    2.221333  -2.5838508893E-001
    0.000000    0.000000   -1.278667    2.223667  -2.5950403328E-001
    0.000000    0.000000   -1.276333    2.226000  -2.6062710381E-001
    0.000000    0.000000   -1.274000    2.228333  -2.6175427688E-001
    0.000000    0.000000   -1.271667    2.230667  -2.6288552541E-001
    0.000000    0.000000   -1.269333    2.233000  -2.6402081876E-001
    0.000000    0.000000   -1.267000    2.235333  -2.6516012262E-001
    0.000000    0.000000   -1.264667    2.237667  -2.6630339898E-001
    0.000000    0.000000   -1.262333    2.240000  -2.6745060596E-001
    0.000000    0.000000   -1.260000    2.242333  -2.6860169781E-001
    0.000000    0.000000   -1.257667    2.244667  -2.6975662478E-001
    0.000000    0.000000   -1.255333    2.247000  -2.7091533309E-001
    0.000000    0.000000   -1.253000    2.249333  -2.7207776488E-001
    0.000000    0.000000   -1.250667    2.251667  -2.7324385814E-001
    0.000000    0.000000   -1.248333    2.254000  -2.7441354671E-001
    0.000000    0.000000   -1.246000    2.256333  -2.7558676027E-001
    0.000000    0.000000   -1.243667    2.258667  -2.7676342430E-001
    0.000000    0.000000   -1.241333    2.261000  -2.7794346013E-001
    0.000000    0.000000   -1.239000    2.263333  -2.7912678498E-001
    0.000000    0.000000   -1.236667    2.265667  -2.8031331198E-001
    0.000000    0.000000   -1.234333    2.268000  -2.8150295029E-001
    0.000000    0.000000   -1.232000    2.270333  -2.8269560517E-001
    0.000000    0.000000   -1.229667    2.272667  -2.8389117813E-001
    0.000000    0.000000   -1.227333    2.275000  -2.8508956705E-001
    0.000000    0.000000   -1.225000    2.277333  -2.8629066640E-001
    0.000000    0.000000   -1.222667    2.279667  -2.8749436747E-001
    0.000000    0.000000   -1.220333    2.282000  -2.8870055856E-001
    0.000000    0.000000   -1.218000    2.284333  -2.8990912533E-001
    0.000000    0.000000   -1.215667    2.286667  -2.9111995110E-001
    0.000000    0.000000   -1.213333    2.289000  -2.9233291725E-001
    0.000000    0.000000   -1.211000    2.291333  -2.9354790357E-001
    0.000000    0.000000   -1.208667    2.293667  -2.9476478882E-001
    0.000000    0.000000   -1.206333    2.296000  -2.9598345113E-001
    0.000000    0.000000   -1.204000    2.298333  -2.9720376867E-001
    0.000000    0.000000   -1.201667    2.300667  -2.9842562015E-001
    0.000000    0.000000   -1.199333    2.303000  -2.9964888559E-001
    0.000000    0.000000   -1.197000    2.305333  -3.0087344697E-001
    0.000000    0.000000   -1.194667    2.307667  -3.0209918905E-001
    0.000000    0.000000   -1.192333    2.310000  -3.0332600018E-001
    0.000000    0.000000   -1.190000    2.312333  -3.0455377320E-001
    0.000000    0.000000   -1.187667    2.314667  -3.0578240640E-001
    0.000000    0.000000   -1.185333    2.317000  -3.0701180452E-001
    0.000000    0.000000   -1.183000    2.319333  -3.0824187979E-001
    0.000000    0.000000   -1.180667    2.321667  -3.0947255307E-001
    0.000000    0.000000   -1.178333    2.324000  -3.1070375502E-001
    0.000000    0.000000   -1.176000    2.326333  -3.1193542727E-001
    0.000000    0.000000   -1.173667    2.328667  -3.1316752369E-001
    0.000000    0.000000   -1.171333    2.331000  -3.1440001170E-001
    0.000000    0.000000   -1.169000    2.333333  -3.1563287353E-001
    0.000000    0.000000   -1.166667    2.335667  -3.1686610762E-001
    0.000000    0.000000   -1.164333    2.338000  -3.1809972989E-001
    0.000000    0.000000   -1.162000    2.340333  -3.1933377517E-001
    0.000000    0.000000   -1.159667    2.342667  -3.2056829845E-001
    0.000000    0.000000   -1.157333    2.345000  -3.2180337629E-001
    0.000000    0.000000   -1.155000    2.347333  -3.2303910800E-001
    0.000000    0.000000   -1.152667    2.349667  -3.2427561693E-001
    0.000000    0.000000   -1.150333    2.352000  -3.2551305163E-001
    0.000000    0.000000   -1.148000    2.354333  -3.2675158684E-001
    0.000000    0.000000   -1.145667    2.356667  -3.2799142455E-001
    0.000000    0.000000   -1.143333    2.359000  -3.2923279478E-001
    0.000000    0.000000   -1.141000    2.361333  -3.3047595625E-001
    0.000000    0.000000   -1.138667    2.363667  -3.3172119693E-001
    0.000000    0.000000   -1.136333    2.366000  -3.3296883437E-001
    0.000000    0.000000   -1.134000    2.368333  -3.3421921574E-001
    0.000000    0.000000   -1.131667    2.370667  -3.3547271777E-001
    0.000000    0.000000   -1.129333    2.373000  -3.3672974627E-001
    0.000000    0.000000   -1.127000    2.375333  -3.3799073548E-001
    0.000000    0.000000   -1.124667    2.377667  -3.3925614707E-001
    0.000000    0.000000   -1.122333    2.380000  -3.4052646872E-001
    0.000000    0.000000   -1.120000    2.382333  -3.4180221250E-001
    0.000000    0.000000   -1.117667    2.384667  -3.4308391271E-001
    0.000000    0.000000   -1.115333    2.387000  -3.4437212342E-001
    0.000000    0.000000   -1.113000    2.389333  -3.4566741554E-001
    0.000000    0.000000   -1.110667    2.391667  -3.4697037351E-001
    0.000000    0.000000   -1.108333    2.394000  -3.4828159146E-001
    0.000000    0.000000   -1.106000    2.396333  -3.4960166901E-001
    0.000000    0.000000   -1.103667    2.398667  -3.5093120654E-001
    0.000000    0.000000   -1.101333    2.401000  -3.5227080003E-001
    0.000000    0.000000   -1.099000    2.403333  -3.5362103544E-001
    0.000000    0.000000   -1.096667    2.405667  -3.5498248262E-001
    0.000000    0.000000   -1.094333    2.408000  -3.5635568885E-001
    0.000000    0.000000   -1.092000    2.410333  -3.5774117182E-001
    0.000000    0.000000   -1.089667    2.412667  -3.5913941241E-001
    0.000000    0.000000   -1.087333    2.415000  -3.6055084691E-001
    0.000000    0.000000   -1.085000    2.417333  -3.6197585906E-001
    0.000000    0.000000   -1.082667    2.419667  -3.6341477171E-001
    0.000000    0.000000   -1.080333    2.422000  -3.6486783827E-001
    0.000000    0.000000   -1.078000    2.424333  -3.6633523400E-001
    0.000000    0.000000   -1.075667    2.426667  -3.6781704713E-001
    0.000000    0.000000   -1.073333    2.429000  -3.6931326993E-001
    0.000000    0.000000   -1.071000    2.431333  -3.7082378981E-001
    0.000000    0.000000   -1.068667    2.433667  -3.7234838047E-001
    0.000000    0.000000   -1.066333    2.436000  -3.7388669325E-001
    0.000000    0.000000   -1.064000    2.438333  -3.7543824871E-001
    0.000000    0.000000   -1.061667    2.440667  -3.7700242855E-001
    0.000000    0.000000   -1.059333    2.443000  -3.7857846792E-001
    0.000000    0.000000   -1.057000    2.445333  -3.8016544832E-001
    0.000000    0.000000   -1.054667    2.447667  -3.8176229105E-001
    0.000000    0.000000   -1.052333    2.450000  -3.8336775139E-001
    0.000000    0.000000   -1.050000    2.452333  -3.8498041353E-001
    0.000000    0.000000   -1.047667    2.454667  -3.8659868648E-001
    0.000000    0.000000   -1.045333    2.457000  -3.8822080079E-001
    0.000000    0.000000   -1.043000    2.459333  -3.8984480648E-001
    0.000000    0.000000   -1.040667    2.461667  -3.9146857199E-001
    0.000000    0.000000   -1.038333    2.464000  -3.9308978437E-001
    0.000000    0.000000   -1.036000    2.466333  -3.9470595068E-001
    0.000000    0.000000   -1.033667    2.468667  -3.9631440076E-001
    0.000000    0.000000   -1.031333    2.471000  -3.9791229129E-001
    0.000000    0.000000   -1.029000    2.473333  -3.9949661126E-001
    0.000000    0.000000   -1.026667    2.475667  -4.0106418886E-001
    0.000000    0.000000   -1.024333    2.478000  -4.0261169970E-001
    0.000000    0.000000   -1.022000    2.480333  -4.0413567658E-001
    0.000000    0.000000   -1.019667    2.482667  -4.0563252046E-001
    0.000000    0.000000   -1.017333    2.485000  -4.0709851299E-001
    0.000000    0.000000   -1.015000    2.487333  -4.0852983015E-001
    0.000000    0.000000   -1.012667    2.489667  -4.0992255731E-001
    0.000000    0.000000   -1.010333    2.492000  -4.1127270533E-001
    0.000000    0.000000   -1.008000    2.494333  -4.1257622786E-001
    0.000000    0.000000   -1.005667    2.496667  -4.1382903955E-001
    0.000000    0.000000   -1.003333    2.499000  -4.1502703514E-001
    0.000000    0.000000   -1.001000    2.501333  -4.1616610939E-001
    0.000000    0.000000   -0.998667    2.503667  -4.1724217745E-001
    0.000000    0.000000   -0.996333    2.506000  -4.1825119591E-001
    0.000000    0.000000   -0.994000    2.508333  -4.1918918396E-001
    0.000000    0.000000   -0.991667    2.510667  -4.2005224489E-001
    0.000000    0.000000   -0.989333    2.513000  -4.2083658742E-001
    0.000000    0.000000   -0.987000    2.515333  -4.2153854695E-001
    0.000000    0.000000   -0.984667    2.517667  -4.2215460644E-001
    0.000000    0.000000   -0.982333    2.520000  -4.2268141671E-001
    0.000000    0.000000   -0.980000    2.522333  -4.2311581615E-001
    0.000000    0.000000   -0.977667    2.524667  -4.2345484945E-001
    0.000000    0.000000   -0.975333    2.527000  -4.2369578542E-001
    0.000000    0.000000   -0.973000    2.529333  -4.2383613354E-001
    0.000000    0.000000   -0.970667    2.531667  -4.2387365924E-001
    0.000000    0.000000   -0.968333    2.534000  -4.2380639772E-001
    0.000000    0.000000   -0.966000    2.536333  -4.2363266618E-001
    0.000000    0.000000   -0.963667    2.538667  -4.2335107433E-001
    0.000000    0.000000   -0.961333    2.541000  -4.2296053320E-001
    0.000000    0.000000   -0.959000    2.543333  -4.2246026196E-001
    0.000000    0.000000   -0.956667    2.545667  -4.2184979295E-001
    0.000000    0.000000   -0.954333    2.548000  -4.2112897461E-001
    0.000000    0.000000   -0.952000    2.550333  -4.2029797249E-001
    0.000000    0.000000   -0.949667    2.552667  -4.1935726823E-001
    0.000000    0.000000   -0.947333    2.555000  -4.1830765654E-001
    0.000000    0.000000   -0.945000    2.557333  -4.1715024017E-001
    0.000000    0.000000   -0.942667    2.559667  -4.1588642304E-001
    0.000000    0.000000   -0.940333    2.562000  -4.1451790139E-001
    0.000000    0.000000   -0.938000    2.564333  -4.1304665326E-001
    0.000000    0.000000   -0.935667    2.566667  -4.1147492619E-001
    0.000000    0.000000   -0.933333    2.569000  -4.0980522341E-001
    0.000000    0.000000   -0.931000    2.571333  -4.0804028851E-001
    0.000000    0.000000   -0.928667    2.573667  -4.0618308885E-001
    0.000000    0.000000   -0.926333    2.576000  -4.0423679776E-001
    0.000000    0.000000   -0.924000    2.578333  -4.0220477571E-001
    0.000000    0.000000   -0.921667    2.580667  -4.0009055069E-001
    0.000000    0.000000   -0.919333    2.583000  -3.9789779778E-001
    0.000000    0.000000   -0.917000    2.585333  -3.9563031833E-001
    0.000000    0.000000   -0.914667    2.587667  -3.9329201869E-001
    0.000000    0.000000   -0.912333    2.590000  -3.9088688881E-001
    0.000000    0.000000   -0.910000    2.592333  -3.8841898082E-001
    0.000000    0.000000   -0.907667    2.594667  -3.8589238779E-001
    0.000000    0.000000   -0.905333    2.597000  -3.8331122273E-001
    0.000000    0.000000   -0.903000    2.599333  -3.8067959819E-001
    0.000000    0.000000   -0.900667    2.601667  -3.7800160634E-001
    0.000000    0.000000   -0.898333    2.604000  -3.7528129988E-001
    0.000000    0.000000   -0.896000    2.606333  -3.7252267383E-001
    0.000000    0.000000   -0.893667    2.608667  -3.6972964827E-001
    0.000000    0.000000   -0.891333    2.611000  -3.6690605218E-001
    0.000000    0.000000   -0.889000    2.613333  -3.6405560849E-001
    0.000000    0.000000   -0.886667    2.615667  -3.6118192033E-001
    0.000000    0.000000   -0.884333    2.618000  -3.5828845864E-001
    0.000000    0.000000   -0.882000    2.620333  -3.5537855108E-001
    0.000000    0.000000   -0.879667    2.622667  -3.5245537238E-001
    0.000000    0.000000   -0.877333    2.625000  -3.4952193609E-001
    0.000000    0.000000   -0.875000    2.627333  -3.4658108769E-001
    0.000000    0.000000   -0.872667    2.629667  -3.4363549915E-001
    0.000000    0.000000   -0.870333    2.632000  -3.4068766490E-001
    0.000000    0.000000   -0.868000    2.634333  -3.3773989903E-001
    0.000000    0.000000   -0.865667    2.636667  -3.3479433394E-001
    0.000000    0.000000   -0.863333    2.639000  -3.3185292013E-001
    0.000000    0.000000   -0.861000    2.641333  -3.2891742729E-001
    0.000000    0.000000   -0.858667    2.643667  -3.2598944639E-001
    0.000000    0.000000   -0.856333    2.646000  -3.2307039289E-001
    0.000000    0.000000   -0.854000    2.648333  -3.2016151094E-001
    0.000000    0.000000   -0.851667    2.650667  -3.1726387839E-001
    0.000000    0.000000   -0.849333    2.653000  -3.1437841266E-001
    0.000000    0.000000   -0.847000    2.655333  -3.1150587723E-001
    0.000000    0.000000   -0.844667    2.657667  -3.0864688882E-001
    0.000000    0.000000   -0.842333    2.660000  -3.0580192504E-001
    0.000000    0.000000   -0.840000    2.662333  -3.0297133248E-001
    0.000000    0.000000   -0.837667    2.664667  -3.0015533511E-001
    0.000000    0.000000   -0.835333    2.667000  -2.9735404298E-001
    0.000000    0.000000   -0.833000    2.669333  -2.9456746100E-001
    0.000000    0.000000   -0.830667    2.671667  -2.9179549792E-001
    0.000000    0.000000   -0.828333    2.674000  -2.8903797518E-001
    0.000000    0.000000   -0.826000    2.676333  -2.8629463582E-001
    0.000000    0.000000   -0.823667    2.678667  -2.8356515319E-001
    0.000000    0.000000   -0.821333    2.681000  -2.8084913950E-001
    0.000000    0.000000   -0.819000    2.683333  -2.7814615411E-001
    0.000000    0.000000   -0.816667    2.685667  -2.7545571156E-001
    0.000000    0.000000   -0.814333    2.688000  -2.7277728926E-001
    0.000000    0.000000   -0.812000    2.690333  -2.7011033477E-001
    0.000000    0.000000   -0.809667    2.692667  -2.6745427278E-001
    0.000000    0.000000   -0.807333    2.695000  -2.6480851156E-001
    0.000000    0.000000   -0.805000    2.697333  -2.6217244907E-001
    0.000000    0.000000   -0.802667    2.699667  -2.5954547853E-001
    0.000000    0.000000   -0.800333    2.702000  -2.5692699363E-001
    0.000000    0.000000   -0.798000    2.704333  -2.5431639321E-001
    0.000000    0.000000   -0.795667    2.706667  -2.5171308547E-001
    0.000000    0.000000   -0.793333    2.709000  -2.4911649179E-001
    0.000000    0.000000   -0.791000    2.711333  -2.4652605006E-001
    0.000000    0.000000   -0.788667    2.713667  -2.4394121757E-001
    0.000000    0.000000   -0.786333    2.716000  -2.4136147353E-001
    0.000000    0.000000   -0.784000    2.718333  -2.3878632111E-001
    0.000000    0.000000   -0.781667    2.720667  -2.3621528920E-001
    0.000000    0.000000   -0.779333    2.723000  -2.3364793373E-001
    0.000000    0.000000   -0.777000    2.725333  -2.3108383866E-001
    0.000000    0.000000   -0.774667    2.727667  -2.2852261670E-001
    0.000000    0.000000   -0.772333    2.730000  -2.2596390973E-001
    0.000000    0.000000   -0.770000    2.732333  -2.2340738888E-001
    0.000000    0.000000   -0.767667    2.734667  -2.2085275450E-001
    0.000000    0.000000   -0.765333    2.737000  -2.1829973577E-001
    0.000000    0.000000   -0.763000    2.739333  -2.1574809025E-001
    0.000000    0.000000   -0.760667    2.741667  -2.1319760314E-001
    0.000000    0.000000   -0.758333    2.744000  -2.1064808650E-001
    0.000000    0.000000   -0.756000    2.746333  -2.0809937822E-001
    0.000000    0.000000   -0.753667    2.748667  -2.0555134105E-001
    0.000000    0.000000   -0.751333    2.751000  -2.0300386136E-001
    0.000000    0.000000   -0.749000    2.753333  -2.0045684796E-001
    0.000000    0.000000   -0.746667    2.755667  -1.9791023082E-001
    0.000000    0.000000   -0.744333    2.758000  -1.9536395978E-001
    0.000000    0.000000   -0.742000    2.760333  -1.9281800317E-001
    0.000000    0.000000   -0.739667    2.762667  -1.9027234650E-001
    0.000000    0.000000   -0.737333    2.765000  -1.8772699112E-001
    0.000000    0.000000   -0.735000    2.767333  -1.8518195288E-001
    0.000000    0.000000   -0.732667    2.769667  -1.8263726081E-001
    0.000000    0.000000   -0.730333    2.772000  -1.8009295587E-001
    0.000000    0.000000   -0.728000    2.774333  -1.7754908967E-001
    0.000000    0.000000   -0.725667    2.776667  -1.7500572332E-001
    0.000000    0.000000   -0.723333    2.779000  -1.7246292619E-001
    0.000000    0.000000   -0.721000    2.781333  -1.6992077489E-001
    0.000000    0.000000   -0.718667    2.783667  -1.6737935215E-001
    0.000000    0.000000   -0.716333    2.786000  -1.6483874587E-001
    0.000000    0.000000   -0.714000    2.788333  -1.6229904813E-001
    0.000000    0.000000   -0.711667    2.790667  -1.5976035434E-001
    0.000000    0.000000   -0.709333    2.793000  -1.5722276239E-001
    0.000000    0.000000   -0.707000    2.795333  -1.5468637188E-001
    0.000000    0.000000   -0.704667    2.797667  -1.5215128341E-001
    0.000000    0.000000   -0.702333    2.800000  -1.4961759790E-001
    0.000000    0.000000   -0.700000    2.802333  -1.4708541604E-001
    0.000000    0.000000   -0.697667    2.804667  -1.4455483764E-001
    0.000000    0.000000   -0.695333    2.807000  -1.4202596122E-001
    0.000000    0.000000   -0.693000    2.809333  -1.3949888350E-001
    0.000000    0.000000   -0.690667    2.811667  -1.3697369899E-001
    0.000000    0.000000   -0.688333    2.814000  -1.3445049966E-001
    0.000000    0.000000   -0.686000    2.816333  -1.3192937458E-001
    0.000000    0.000000   -0.683667    2.818667  -1.2941040965E-001
    0.000000    0.000000   -0.681333    2.821000  -1.2689368734E-001
    0.000000    0.000000   -0.679000    2.823333  -1.2437928651E-001
    0.000000    0.000000   -0.676667    2.825667  -1.2186728218E-001
    0.000000    0.000000   -0.674333    2.828000  -1.1935774541E-001
    0.000000    0.000000   -0.672000    2.830333  -1.1685074319E-001
    0.000000    0.000000   -0.669667    2.832667  -1.1434633830E-001
    0.000000    0.000000   -0.667333    2.835000  -1.1184458926E-001
    0.000000    0.000000   -0.665000    2.837333  -1.0934555027E-001
    0.000000    0.000000   -0.662667    2.839667  -1.0684927122E-001
    0.000000    0.000000   -0.660333    2.842000  -1.0435579759E-001
    0.000000    0.000000   -0.658000    2.844333  -1.0186517054E-001
    0.000000    0.000000   -0.655667    2.846667  -9.9377426862E-002
    0.000000    0.000000   -0.653333    2.849000  -9.6892599050E-002
    0.000000    0.000000   -0.651000    2.851333  -9.4410715326E-002
    0.000000    0.000000   -0.648667    2.853667  -9.1931799693E-002
    0.000000    0.000000   -0.646333    2.856000  -8.9455872005E-002
    0.000000    0.000000   -0.644000    2.858333  -8.6982948029E-002
    0.000000    0.000000   -0.641667    2.860667  -8.4513039530E-002
    0.000000    0.000000   -0.639333    2.863000  -8.2046154352E-002
    0.000000    0.000000   -0.637000    2.865333  -7.9582296510E-002
    0.000000    0.000000   -0.634667    2.867667  -7.7121466287E-002
    0.000000    0.000000   -0.632333    2.870000  -7.4663660326E-002
    0.000000    0.000000   -0.630000    2.872333  -7.2208871740E-002
    0.000000    0.000000   -0.627667    2.874667  -6.9757090212E-002
    0.000000    0.000000   -0.625333    2.877000  -6.7308302105E-002
    0.000000    0.000000   -0.623000    2.879333  -6.4862490567E-002
    0.000000    0.000000   -0.620667    2.881667  -6.2419635644E-002
    0.000000    0.000000   -0.618333    2.884000  -5.9979714388E-002
    0.000000    0.000000   -0.616000    2.886333  -5.7542700967E-002
    0.000000    0.000000   -0.613667    2.888667  -5.5108566777E-002
    0.000000    0.000000   -0.611333    2.891000  -5.2677280551E-002
    0.000000    0.000000   -0.609000    2.893333  -5.0248808467E-002
    0.000000    0.000000   -0.606667    2.895667  -4.7823114255E-002
    0.000000    0.000000   -0.604333    2.898000  -4.5400159308E-002
    0.000000    0.000000   -0.602000    2.900333  -4.2979902781E-002
    0.000000    0.000000   -0.599667    2.902667  -4.0562301698E-002
    0.000000    0.000000   -0.597333    2.905000  -3.8147311053E-002
    0.000000    0.000000   -0.595000    2.907333  -3.5734883909E-002
    0.000000    0.000000   -0.592667    2.909667  -3.3324971492E-002
    0.000000    0.000000   -0.590333    2.912000  -3.0917523291E-002
    0.000000    0.000000   -0.588000    2.914333  -2.8512487147E-002
    0.000000    0.000000   -0.585667    2.916667  -2.6109809342E-002
    0.000000    0.000000   -0.583333    2.919000  -2.3709434687E-002
    0.000000    0.000000   -0.581000    2.921333  -2.1311306607E-002
    0.000000    0.000000   -0.578667    2.923667  -1.8915367222E-002
    0.000000    0.000000   -0.576333    2.926000  -1.6521557424E-002
    0.000000    0.000000   -0.574000    2.928333  -1.4129816954E-002
    0.000000    0.000000   -0.571667    2.930667  -1.1740084475E-002
    0.000000    0.000000   -0.569333    2.933000  -9.3522976401E-003
    0.000000    0.000000   -0.567000    2.935333  -6.9663931617E-003
    0.000000    0.000000   -0.564667    2.937667  -4.5823068730E-003
    0.000000    0.000000   -0.562333    2.940000  -2.1999737902E-003
    0.000000    0.000000   -0.560000    2.942333   1.8067183066E-004
    0.000000    0.000000   -0.557667    2.944667   2.5596964382E-003
    0.000000    0.000000   -0.555333    2.947000   4.9371671342E-003
    0.000000    0.000000   -0.553000    2.949333   7.3131516248E-003
    0.000000    0.000000   -0.550667    2.951667   9.6877181743E-003
    0.000000    0.000000   -0.548333    2.954000   1.2060935562E-002
    0.000000    0.000000   -0.546000    2.956333   1.4432873043E-002
    0.000000    0.000000   -0.543667    2.958667   1.6803600308E-002
    0.000000    0.000000   -0.541333    2.961000   1.9173187452E-002
    0.000000    0.000000   -0.539000    2.963333   2.1541704939E-002
    0.000000    0.000000   -0.536667    2.965667   2.3909223576E-002
    0.000000    0.000000   -0.534333    2.968000   2.6275814483E-002
    0.000000    0.000000   -0.532000    2.970333   2.8641549069E-002
    0.000000    0.000000   -0.529667    2.972667   3.1006499013E-002
    0.000000    0.000000   -0.527333    2.975000   3.3370736239E-002
    0.000000    0.000000   -0.525000    2.977333   3.5734332904E-002
    0.000000    0.000000   -0.522667    2.979667   3.8097361379E-002
    0.000000    0.000000   -0.520333    2.982000   4.0459894237E-002
    0.000000    0.000000   -0.518000    2.984333   4.2822004242E-002
    0.000000    0.000000   -0.515667    2.986667   4.5183764338E-002
    0.000000    0.000000   -0.513333    2.989000   4.7545247645E-002
    0.000000    0.000000   -0.511000    2.991333   4.9906527449E-002
    0.000000    0.000000   -0.508667    2.993667   5.2267677198E-002
    0.000000    0.000000   -0.506333    2.996000   5.4628770501E-002
    0.000000    0.000000   -0.504000    2.998333   5.6989881127E-002
    0.000000    0.000000   -0.501667    3.000667   5.9351083002E-002
    0.000000    0.000000   -0.499333    3.003000   6.1712450209E-002
    0.000000    0.000000   -0.497000    3.005333   6.4074056993E-002
    0.000000    0.000000   -0.494667    3.007667   6.6435977762E-002
    0.000000    0.000000   -0.492333    3.010000   6.8798287090E-002
    0.000000    0.000000   -0.490000    3.012333   7.1161059720E-002
    0.000000    0.000000   -0.487667    3.014667   7.3524370570E-002
    0.000000    0.000000   -0.485333    3.017000   7.5888294736E-002
    0.000000    0.000000   -0.483000    3.019333   7.8252907500E-002
    0.000000    0.000000   -0.480667    3.021667   8.0618284330E-002
    0.000000    0.000000   -0.478333    3.024000   8.2984500890E-002
    0.000000    0.000000   -0.476000    3.026333   8.5351633042E-002
    0.000000    0.000000   -0.473667    3.028667   8.7719756851E-002
    0.000000    0.000000   -0.471333    3.031000   9.0088948589E-002
    0.000000    0.000000   -0.469000    3.033333   9.2459284741E-002
    0.000000    0.000000   -0.466667    3.035667   9.4830842002E-002
    0.000000    0.000000   -0.464333    3.038000   9.7203697287E-002
    0.000000    0.000000   -0.462000    3.040333   9.9577927723E-002
    0.000000    0.000000   -0.459667    3.042667   1.0195361066E-001
    0.000000    0.000000   -0.457333    3.045000   1.0433082365E-001
    0.000000    0.000000   -0.455000    3.047333   1.0670964448E-001
    0.000000    0.000000   -0.452667    3.049667   1.0909015112E-001
    0.000000    0.000000   -0.450333    3.052000   1.1147242176E-001
    0.000000    0.000000   -0.448000    3.054333   1.1385653478E-001
    0.000000    0.000000   -0.445667    3.056667   1.1624256876E-001
    0.000000    0.000000   -0.443333    3.059000   1.1863060242E-001
    0.000000    0.000000   -0.441000    3.061333   1.2102071467E-001
    0.000000    0.000000   -0.438667    3.063667   1.2341298456E-001
    0.000000    0.000000   -0.436333    3.066000   1.2580749127E-001
    0.000000    0.000000   -0.434000    3.068333   1.2820431407E-001
    0.000000    0.000000   -0.431667    3.070667   1.3060353232E-001
    0.000000    0.000000   -0.429333    3.073000   1.3300522547E-001
    0.000000    0.000000   -0.427000    3.075333   1.3540947294E-001
    0.000000    0.000000   -0.424667    3.077667   1.3781635420E-001
    0.000000    0.000000   -0.422333    3.080000   1.4022594866E-001
    0.000000    0.000000   -0.420000    3.082333   1.4263833565E-001
    0.000000    0.000000   -0.417667    3.084667   1.4505359440E-001
    0.000000    0.000000   -0.415333    3.087000   1.4747180396E-001
    0.000000    0.000000   -0.413000    3.089333   1.4989304320E-001
    0.000000    0.000000   -0.410667    3.091667   1.5231739072E-001
    0.000000    0.000000   -0.408333    3.094000   1.5474492479E-001
    0.000000    0.000000   -0.406000    3.096333   1.5717572333E-001
    0.000000    0.000000   -0.403667    3.098667   1.5960986383E-001
    0.000000    0.000000   -0.401333    3.101000   1.6204742327E-001
    0.000000    0.000000   -0.399000    3.103333   1.6448847808E-001
    0.000000    0.000000   -0.396667    3.105667   1.6693310401E-001
    0.000000    0.000000   -0.394333    3.108000   1.6938137615E-001
    0.000000    0.000000   -0.392000    3.110333   1.7183336876E-001
    0.000000    0.000000   -0.389667    3.112667   1.7428915522E-001
    0.000000    0.000000   -0.387333    3.115000   1.7674880793E-001
    0.000000    0.000000   -0.385000    3.117333   1.7921239826E-001
    0.000000    0.000000   -0.382667    3.119667   1.8167999640E-001
    0.000000    0.000000   -0.380333    3.122000   1.8415167127E-001
    0.000000    0.000000   -0.378000    3.124333   1.8662749044E-001
    0.000000    0.000000   -0.375667    3.126667   1.8910752001E-001
    0.000000    0.000000   -0.373333    3.129000   1.9159182449E-001
    0.000000    0.000000   -0.371000    3.131333   1.9408046670E-001
    0.000000    0.000000   -0.368667    3.133667   1.9657350762E-001
    0.000000    0.000000   -0.366333    3.136000   1.9907100630E-001
    0.000000    0.000000   -0.364000    3.138333   2.0157301974E-001
    0.000000    0.000000   -0.361667    3.140667   2.0407960270E-001
    0.000000    0.000000   -0.359333    3.143000   2.0659080764E-001
    0.000000    0.000000   -0.357000    3.145333   2.0910668453E-001
    0.000000    0.000000   -0.354667    3.147667   2.1162728074E-001
    0.000000    0.000000   -0.352333    3.150000   2.1415264089E-001
    0.000000    0.000000   -0.350000    3.152333   2.1668280668E-001
    0.000000    0.000000   -0.347667    3.154667   2.1921781678E-001
    0.000000    0.000000   -0.345333    3.157000   2.2175770665E-001
    0.000000    0.000000   -0.343000    3.159333   2.2430250842E-001
    0.000000    0.000000   -0.340667    3.161667   2.2685225069E-001
    0.000000    0.000000   -0.338333    3.164000   2.2940695840E-001
    0.000000    0.000000   -0.336000    3.166333   2.3196665269E-001
    0.000000    0.000000   -0.333667    3.168667   2.3453135070E-001
    0.000000    0.000000   -0.331333    3.171000   2.3710106545E-001
    0.000000    0.000000   -0.329000    3.173333   2.3967580565E-001
    0.000000    0.000000   -0.326667    3.175667   2.4225557558E-001
    0.000000    0.000000   -0.324333    3.178000   2.4484037489E-001
    0.000000    0.000000   -0.322000    3.180333   2.4743019849E-001
    0.000000    0.000000   -0.319667    3.182667   2.5002503636E-001
    0.000000    0.000000   -0.317333    3.185000   2.5262487342E-001
    0.000000    0.000000   -0.315000    3.187333   2.5522968939E-001
    0.000000    0.000000   -0.312667    3.189667   2.5783945864E-001
    0.000000    0.000000   -0.310333    3.192000   2.6045415006E-001
    0.000000    0.000000   -0.308000    3.194333   2.6307372694E-001
    0.000000    0.000000   -0.305667    3.196667   2.6569814682E-001
    0.000000    0.000000   -0.303333    3.199000   2.6832736144E-001
    0.000000    0.000000   -0.301000    3.201333   2.7096131658E-001
    0.000000    0.000000   -0.298667    3.203667   2.7359995203E-001
    0.000000    0.000000   -0.296333    3.206000   2.7624320146E-001
    0.000000    0.000000   -0.294000    3.208333   2.7889099242E-001
    0.000000    0.000000   -0.291667    3.210667   2.8154324625E-001
    0.000000    0.000000   -0.289333    3.213000   2.8419987810E-001
    0.000000    0.000000   -0.287000    3.215333   2.8686079690E-001
    0.000000    0.000000   -0.284667    3.217667   2.8952590541E-001
    0.000000    0.000000   -0.282333    3.220000   2.9219510025E-001
    0.000000    0.000000   -0.280000    3.222333   2.9486827201E-001
    0.000000    0.000000   -0.277667    3.224667   2.9754530531E-001
    0.000000    0.000000   -0.275333    3.227000   3.0022607898E-001
    0.000000    0.000000   -0.273000    3.229333   3.0291046625E-001
    0.000000    0.000000   -0.270667    3.231667   3.0559833495E-001
    0.000000    0.000000   -0.268333    3.234000   3.0828954775E-001
    0.000000    0.000000   -0.266000    3.236333   3.1098396252E-001
    0.000000    0.000000   -0.263667    3.238667   3.1368143267E-001
    0.000000    0.000000   -0.261333    3.241000   3.1638180752E-001
    0.000000    0.000000   -0.259000    3.243333   3.1908493285E-001
    0.000000    0.000000   -0.256667    3.245667   3.2179065134E-001
    0.000000    0.000000   -0.254333    3.248000   3.2449880320E-001
    0.000000    0.000000   -0.252000    3.250333   3.2720922684E-001
    0.000000    0.000000   -0.249667    3.252667   3.2992175955E-001
    0.000000    0.000000   -0.247333    3.255000   3.3263623834E-001
    0.000000    0.000000   -0.245000    3.257333   3.3535250076E-001
    0.000000    0.000000   -0.242667    3.259667   3.3807038590E-001
    0.000000    0.000000   -0.240333    3.262000   3.4078973536E-001
    0.000000    0.000000   -0.238000    3.264333   3.4351039439E-001
    0.000000    0.000000   -0.235667    3.266667   3.4623221306E-001
    0.000000    0.000000   -0.233333    3.269000   3.4895504754E-001
    0.000000    0.000000   -0.231000    3.271333   3.5167876143E-001
    0.000000    0.000000   -0.228667    3.273667   3.5440322719E-001
    0.000000    0.000000   -0.226333    3.276000   3.5712832765E-001
    0.000000    0.000000   -0.224000    3.278333   3.5985395760E-001
    0.000000    0.000000   -0.221667    3.280667   3.6258002540E-001
    0.000000    0.000000   -0.219333    3.283000   3.6530645476E-001
    0.000000    0.000000   -0.217000    3.285333   3.6803318644E-001
    0.000000    0.000000   -0.214667    3.287667   3.7076018014E-001
    0.000000    0.000000   -0.212333    3.290000   3.7348741630E-001
    0.000000    0.000000   -0.210000    3.292333   3.7621489806E-001
    0.000000    0.000000   -0.207667    3.294667   3.7894265313E-001
    0.000000    0.000000   -0.205333    3.297000   3.8167073569E-001
    0.000000    0.000000   -0.203000    3.299333   3.8439922835E-001
    0.000000    0.000000   -0.200667    3.301667   3.8712824395E-001
    0.000000    0.000000   -0.198333    3.304000   3.8985792740E-001
    0.000000    0.000000   -0.196000    3.306333   3.9258845742E-001
    0.000000    0.000000   -0.193667    3.308667   3.9532004821E-001
    0.000000    0.000000   -0.191333    3.311000   3.9805295089E-001
    0.000000    0.000000   -0.189000    3.313333   4.0078745494E-001
    0.000000    0.000000   -0.186667    3.315667   4.0352388937E-001
    0.000000    0.000000   -0.184333    3.318000   4.0626262366E-001
    0.000000    0.000000   -0.182000    3.320333   4.0900406853E-001
    0.000000    0.000000   -0.179667    3.322667   4.1174867639E-001
    0.000000    0.000000   -0.177333    3.325000   4.1449694148E-001
    0.000000    0.000000   -0.175000    3.327333   4.1724939966E-001
    0.000000    0.000000   -0.172667    3.329667   4.2000662789E-001
    0.000000    0.000000   -0.170333    3.332000   4.2276924320E-001
    0.000000    0.000000   -0.168000    3.334333   4.2553790125E-001
    0.000000    0.000000   -0.165667    3.336667   4.2831329448E-001
    0.000000    0.000000   -0.163333    3.339000   4.3109614962E-001
    0.000000    0.000000   -0.161000    3.341333   4.3388722478E-001
    0.000000    0.000000   -0.158667    3.343667   4.3668730585E-001
    0.000000    0.000000   -0.156333    3.346000   4.3949720248E-001
    0.000000    0.000000   -0.154000    3.348333   4.4231774321E-001
    0.000000    0.000000   -0.151667    3.350667   4.4514977022E-001
    0.000000    0.000000   -0.149333    3.353000   4.4799413322E-001
    0.000000    0.000000   -0.147000    3.355333   4.5085168281E-001
    0.000000    0.000000   -0.144667    3.357667   4.5372326317E-001
    0.000000    0.000000   -0.142333    3.360000   4.5660970408E-001
    0.000000    0.000000   -0.140000    3.362333   4.5951181228E-001
    0.000000    0.000000   -0.137667    3.364667   4.6243036225E-001
    0.000000    0.000000   -0.135333    3.367000   4.6536608638E-001
    0.000000    0.000000   -0.133000    3.369333   4.6831966461E-001
    0.000000    0.000000   -0.130667    3.371667   4.7129171344E-001
    0.000000    0.000000   -0.128333    3.374000   4.7428277463E-001
    0.000000    0.000000   -0.126000    3.376333   4.7729330338E-001
    0.000000    0.000000   -0.123667    3.378667   4.8032365621E-001
    0.000000    0.000000   -0.121333    3.381000   4.8337407852E-001
    0.000000    0.000000   -0.119000    3.383333   4.8644469210E-001
    0.000000    0.000000   -0.116667    3.385667   4.8953548238E-001
    0.000000    0.000000   -0.114333    3.388000   4.9264628583E-001
    0.000000    0.000000   -0.112000    3.390333   4.9577677741E-001
    0.000000    0.000000   -0.109667    3.392667   4.9892645827E-001
    0.000000    0.000000   -0.107333    3.395000   5.0209464379E-001
    0.000000    0.000000   -0.105000    3.397333   5.0528045213E-001
    0.000000    0.000000   -0.102667    3.399667   5.0848279334E-001
    0.000000    0.000000   -0.100333    3.402000   5.1170035924E-001
    0.000000    0.000000   -0.098000    3.404333   5.1493161412E-001
    0.000000    0.000000   -0.095667    3.406667   5.1817478648E-001
    0.000000    0.000000   -0.093333    3.409000   5.2142786188E-001
    0.000000    0.000000   -0.091000    3.411333   5.2468857703E-001
    0.000000    0.000000   -0.088667    3.413667   5.2795441525E-001
    0.000000    0.000000   -0.086333    3.416000   5.3122260340E-001
    0.000000    0.000000   -0.084000    3.418333   5.3449011051E-001
    0.000000    0.000000   -0.081667    3.420667   5.3775364791E-001
    0.000000    0.000000   -0.079333    3.423000   5.4100967136E-001
    0.000000    0.000000   -0.077000    3.425333   5.4425438484E-001
    0.000000    0.000000   -0.074667    3.427667   5.4748374638E-001
    0.000000    0.000000   -0.072333    3.430000   5.5069347580E-001
    0.000000    0.000000   -0.070000    3.432333   5.5387906448E-001
    0.000000    0.000000   -0.067667    3.434667   5.5703578705E-001
    0.000000    0.000000   -0.065333    3.437000   5.6015871518E-001
    0.000000    0.000000   -0.063000    3.439333   5.6324273325E-001
    0.000000    0.000000   -0.060667    3.441667   5.6628255602E-001
    0.000000    0.000000   -0.058333    3.444000   5.6927274808E-001
    0.000000    0.000000   -0.056000    3.446333   5.7220774515E-001
    0.000000    0.000000   -0.053667    3.448667   5.7508187702E-001
    0.000000    0.000000   -0.051333    3.451000   5.7788939200E-001
    0.000000    0.000000   -0.049000    3.453333   5.8062448283E-001
    0.000000    0.000000   -0.046667    3.455667   5.8328131381E-001
    0.000000    0.000000   -0.044333    3.458000   5.8585404898E-001
    0.000000    0.000000   -0.042000    3.460333   5.8833688119E-001
    0.000000    0.000000   -0.039667    3.462667   5.9072406185E-001
    0.000000    0.000000   -0.037333    3.465000   5.9300993106E-001
    0.000000    0.000000   -0.035000    3.467333   5.9518894808E-001
    0.000000    0.000000   -0.032667    3.469667   5.9725572167E-001
    0.000000    0.000000   -0.030333    3.472000   5.9920504024E-001
    0.000000    0.000000   -0.028000    3.474333   6.0103190148E-001
    0.000000    0.000000   -0.025667    3.476667   6.0273154127E-001
    0.000000    0.000000   -0.023333    3.479000   6.0429946156E-001
    0.000000    0.000000   -0.021000    3.481333   6.0573145707E-001
    0.000000    0.000000   -0.018667    3.483667   6.0702364056E-001
    0.000000    0.000000   -0.016333    3.486000   6.0817246636E-001
    0.000000    0.000000   -0.014000    3.488333   6.0917475208E-001
    0.000000    0.000000   -0.011667    3.490667   6.1002769825E-001
    0.000000    0.000000   -0.009333    3.493000   6.1072890569E-001
    0.000000    0.000000   -0.007000    3.495333   6.1127639050E-001
    0.000000    0.000000   -0.004667    3.497667   6.1166859651E-001
    0.000000    0.000000   -0.002333    3.500000   6.1190440509E-001
    0.000000    0.000000    0.000000    3.502333   6.1198314222E-001
    0.000000    0.000000    0.002333    3.504667   6.1190458275E-001
    0.000000    0.000000    0.004667    3.507000   6.1166895183E-001
    0.000000    0.000000    0.007000    3.509333   6.1127692347E-001
    0.000000    0.000000    0.009333    3.511667   6.1072961630E-001
    0.000000    0.000000    0.011667    3.514000   6.1002858649E-001
    0.000000    0.000000    0.014000    3.516333   6.0917581793E-001
    0.000000    0.000000    0.016333    3.518667   6.0817370979E-001
    0.000000    0.000000    0.018667    3.521000   6.0702506155E-001
    0.000000    0.000000    0.021000    3.523333   6.0573305559E-001
    0.000000    0.000000    0.023333    3.525667   6.0430123756E-001
    0.000000    0.000000    0.025667    3.528000   6.0273349474E-001
    0.000000    0.000000    0.028000    3.530333   6.0103403237E-001
    0.000000    0.000000    0.030333    3.532667   5.9920734849E-001
    0.000000    0.000000    0.032667    3.535000   5.9725820725E-001
    0.000000    0.000000    0.035000    3.537333   5.9519161093E-001
    0.000000    0.000000    0.037333    3.539667   5.9301277113E-001
    0.000000    0.000000    0.039667    3.542000   5.9072707907E-001
    0.000000    0.000000    0.042000    3.544333   5.8834007552E-001
    0.000000    0.000000    0.044333    3.546667   5.8585742033E-001
    0.000000    0.000000    0.046667    3.549000   5.8328486212E-001
    0.000000    0.000000    0.049000    3.551333   5.8062820803E-001
    0.000000    0.000000    0.051333    3.553667   5.7789329401E-001
    0.000000    0.000000    0.053667    3.556000   5.7508595576E-001
    0.000000    0.000000    0.056000    3.558333   5.7221200055E-001
    0.000000    0.000000    0.058333    3.560667   5.6927718003E-001
    0.000000    0.000000    0.060667    3.563000   5.6628716445E-001
    0.000000    0.000000    0.063000    3.565333   5.6324751806E-001
    0.000000    0.000000    0.065333    3.567667   5.6016367627E-001
    0.000000    0.000000    0.067667    3.570000   5.5704092433E-001
    0.000000    0.000000    0.070000    3.572333   5.5388437784E-001
    0.000000    0.000000    0.072333    3.574667   5.5069896513E-001
    0.000000    0.000000    0.074667    3.577000   5.4748941157E-001
    0.000000    0.000000    0.077000    3.579333   5.4426022578E-001
    0.000000    0.000000    0.079333    3.581667   5.4101568794E-001
    0.000000    0.000000    0.081667    3.584000   5.3775984001E-001
    0.000000    0.000000    0.084000    3.586333   5.3449647800E-001
    0.000000    0.000000    0.086333    3.588667   5.3122914617E-001
    0.000000    0.000000    0.088667    3.591000   5.2796113316E-001
    0.000000    0.000000    0.091000    3.593333   5.2469546997E-001
    0.000000    0.000000    0.093333    3.595667   5.2143492970E-001
    0.000000    0.000000    0.095667    3.598000   5.1818202905E-001
    0.000000    0.000000    0.098000    3.600333   5.1493903129E-001
    0.000000    0.000000    0.100333    3.602667   5.1170795089E-001
    0.000000    0.000000    0.102667    3.605000   5.0849055932E-001
    0.000000    0.000000    0.105000    3.607333   5.0528839228E-001
    0.000000    0.000000    0.107333    3.609667   5.0210275797E-001
    0.000000    0.000000    0.109667    3.612000   4.9893474633E-001
    0.000000    0.000000    0.112000    3.614333   4.9578523921E-001
    0.000000    0.000000    0.114333    3.616667   4.9265492120E-001
    0.000000    0.000000    0.116667    3.619000   4.8954429116E-001
    0.000000    0.000000    0.119000    3.621333   4.8645367413E-001
    0.000000    0.000000    0.121333    3.623667   4.8338323365E-001
    0.000000    0.000000    0.123667    3.626000   4.8033298426E-001
    0.000000    0.000000    0.126000    3.628333   4.7730280420E-001
    0.000000    0.000000    0.128333    3.630667   4.7429244803E-001
    0.000000    0.000000    0.130667    3.633000   4.7130155926E-001
    0.000000    0.000000    0.133000    3.635333   4.6832968268E-001
    0.000000    0.000000    0.135333    3.637667   4.6537627653E-001
    0.000000    0.000000    0.137667    3.640000   4.6244072429E-001
    0.000000    0.000000    0.140000    3.642333   4.5952234605E-001
    0.000000    0.000000    0.142333    3.644667   4.5662040939E-001
    0.000000    0.000000    0.144667    3.647000   4.5373413985E-001
    0.000000    0.000000    0.147000    3.649333   4.5086273066E-001
    0.000000    0.000000    0.149333    3.651667   4.4800535207E-001
    0.000000    0.000000    0.151667    3.654000   4.4516115988E-001
    0.000000    0.000000    0.154000    3.656333   4.4232930350E-001
    0.000000    0.000000    0.156333    3.658667   4.3950893320E-001
    0.000000    0.000000    0.158667    3.661000   4.3669920682E-001
    0.000000    0.000000    0.161000    3.663333   4.3389929580E-001
    0.000000    0.000000    0.163333    3.665667   4.3110839051E-001
    0.000000    0.000000    0.165667    3.668000   4.2832570504E-001
    0.000000    0.000000    0.168000    3.670333   4.2555048129E-001
    0.000000    0.000000    0.170333    3.672667   4.2278199252E-001
    0.000000    0.000000    0.172667    3.675000   4.2001954630E-001
    0.000000    0.000000    0.175000    3.677333   4.1726248696E-001
    0.000000    0.000000    0.177333    3.679667   4.1451019748E-001
    0.000000    0.000000    0.179667    3.682000   4.1176210089E-001
    0.000000    0.000000    0.182000    3.684333   4.0901766133E-001
    0.000000    0.000000    0.184333    3.686667   4.0627638456E-001
    0.000000    0.000000    0.186667    3.689000   4.0353781818E-001
    0.000000    0.000000    0.189000    3.691333   4.0080155146E-001
    0.000000    0.000000    0.191333    3.693667   3.9806721491E-001
    0.000000    0.000000    0.193667    3.696000   3.9533447953E-001
    0.000000    0.000000    0.196000    3.698333   3.9260305586E-001
    0.000000    0.000000    0.198333    3.700667   3.8987269274E-001
    0.000000    0.000000    0.200667    3.703000   3.8714317600E-001
    0.000000    0.000000    0.203000    3.705333   3.8441432691E-001
    0.000000    0.000000    0.205333    3.707667   3.8168600056E-001
    0.000000    0.000000    0.207667    3.710000   3.7895808410E-001
    0.000000    0.000000    0.210000    3.712333   3.7623049494E-001
    0.000000    0.000000    0.212333    3.714667   3.7350317889E-001
    0.000000    0.000000    0.214667    3.717000   3.7077610824E-001
    0.000000    0.000000    0.217000    3.719333   3.6804927986E-001
    0.000000    0.000000    0.219333    3.721667   3.6532271329E-001
    0.000000    0.000000    0.221667    3.724000   3.6259644886E-001
    0.000000    0.000000    0.224000    3.726333   3.5987054578E-001
    0.000000    0.000000    0.226333    3.728667   3.5714508036E-001
    0.000000    0.000000    0.228667    3.731000   3.5442014423E-001
    0.000000    0.000000    0.231000    3.733333   3.5169584261E-001
    0.000000    0.000000    0.233333    3.735667   3.4897229267E-001
    0.000000    0.000000    0.235667    3.738000   3.4624962195E-001
    0.000000    0.000000    0.238000    3.740333   3.4352796684E-001
    0.000000    0.000000    0.240333    3.742667   3.4080747119E-001
    0.000000    0.000000    0.242667    3.745000   3.3808828492E-001
    0.000000    0.000000    0.245000    3.747333   3.3537056279E-001
    0.000000    0.000000    0.247333    3.749667   3.3265446318E-001
    0.000000    0.000000    0.249667    3.752000   3.2994014703E-001
    0.000000    0.000000    0.252000    3.754333   3.2722777678E-001
    0.000000    0.000000    0.254333    3.756667   3.2451751541E-001
    0.000000    0.000000    0.256667    3.759000   3.2180952565E-001
    0.000000    0.000000    0.259000    3.761333   3.1910396909E-001
    0.000000    0.000000    0.261333    3.763667   3.1640100551E-001
    0.000000    0.000000    0.263667    3.766000   3.1370079223E-001
    0.000000    0.000000    0.266000    3.768333   3.1100348350E-001
    0.000000    0.000000    0.268333    3.770667   3.0830922997E-001
    0.000000    0.000000    0.270667    3.773000   3.0561817824E-001
    0.000000    0.000000    0.273000    3.775333   3.0293047047E-001
    0.000000    0.000000    0.275333    3.777667   3.0024624396E-001
    0.000000    0.000000    0.277667    3.780000   2.9756563088E-001
    0.000000    0.000000    0.280000    3.782333   2.9488875804E-001
    0.000000    0.000000    0.282333    3.784667   2.9221574658E-001
    0.000000    0.000000    0.284667    3.787000   2.8954671189E-001
    0.000000    0.000000    0.287000    3.789333   2.8688176339E-001
    0.000000    0.000000    0.289333    3.791667   2.8422100446E-001
    0.000000    0.000000    0.291667    3.794000   2.8156453234E-001
    0.000000    0.000000    0.294000    3.796333   2.7891243811E-001
    0.000000    0.000000    0.296333    3.798667   2.7626480662E-001
    0.000000    0.000000    0.298667    3.801000   2.7362171653E-001
    0.000000    0.000000    0.301000    3.803333   2.7098324030E-001
    0.000000    0.000000    0.303333    3.805667   2.6834944426E-001
    0.000000    0.000000    0.305667    3.808000   2.6572038863E-001
    0.000000    0.000000    0.308000    3.810333   2.6309612763E-001
    0.000000    0.000000    0.310333    3.812667   2.6047670953E-001
    0.000000    0.000000    0.312667    3.815000   2.5786217679E-001
    0.000000    0.000000    0.315000    3.817333   2.5525256612E-001
    0.000000    0.000000    0.317333    3.819667   2.5264790865E-001
    0.000000    0.000000    0.319667    3.822000   2.5004822999E-001
    0.000000    0.000000    0.322000    3.824333   2.4745355045E-001
    0.000000    0.000000    0.324333    3.826667   2.4486388511E-001
    0.000000    0.000000    0.326667    3.829000   2.4227924399E-001
    0.000000    0.000000    0.329000    3.831333   2.3969963219E-001
    0.000000    0.000000    0.331333    3.833667   2.3712505005E-001
    0.000000    0.000000    0.333667    3.836000   2.3455549333E-001
    0.000000    0.000000    0.336000    3.838333   2.3199095330E-001
    0.000000    0.000000    0.338333    3.840667   2.2943141695E-001
    0.000000    0.000000    0.340667    3.843000   2.2687686715E-001
    0.000000    0.000000    0.343000    3.845333   2.2432728277E-001
    0.000000    0.000000    0.345333    3.847667   2.2178263888E-001
    0.000000    0.000000    0.347667    3.850000   2.1924290687E-001
    0.000000    0.000000    0.350000    3.852333   2.1670805463E-001
    0.000000    0.000000    0.352333    3.854667   2.1417804672E-001
    0.000000    0.000000    0.354667    3.857000   2.1165284446E-001
    0.000000    0.000000    0.357000    3.859333   2.0913240617E-001
    0.000000    0.000000    0.359333    3.861667   2.0661668722E-001
    0.000000    0.000000    0.361667    3.864000   2.0410564027E-001
    0.000000    0.000000    0.364000    3.866333   2.0159921535E-001
    0.000000    0.000000    0.366333    3.868667   1.9909736002E-001
    0.000000    0.000000    0.368667    3.871000   1.9660001950E-001
    0.000000    0.000000    0.371000    3.873333   1.9410713683E-001
    0.000000    0.000000    0.373333    3.875667   1.9161865296E-001
    0.000000    0.000000    0.375667    3.878000   1.8913450692E-001
    0.000000    0.000000    0.378000    3.880333   1.8665463590E-001
    0.000000    0.000000    0.380333    3.882667   1.8417897540E-001
    0.000000    0.000000    0.382667    3.885000   1.8170745933E-001
    0.000000    0.000000    0.385000    3.887333   1.7924002014E-001
    0.000000    0.000000    0.387333    3.889667   1.7677658892E-001
    0.000000    0.000000    0.389667    3.892000   1.7431709547E-001
    0.000000    0.000000    0.392000    3.894333   1.7186146847E-001
    0.000000    0.000000    0.394333    3.896667   1.6940963551E-001
    0.000000    0.000000    0.396667    3.899000   1.6696152322E-001
    0.000000    0.000000    0.399000    3.901333   1.6451705735E-001
    0.000000    0.000000    0.401333    3.903667   1.6207616285E-001
    0.000000    0.000000    0.403667    3.906000   1.5963876395E-001
    0.000000    0.000000    0.406000    3.908333   1.5720478426E-001
    0.000000    0.000000    0.408333    3.910667   1.5477414680E-001
    0.000000    0.000000    0.410667    3.913000   1.5234677410E-001
    0.000000    0.000000    0.413000    3.915333   1.4992258826E-001
    0.000000    0.000000    0.415333    3.917667   1.4750151101E-001
    0.000000    0.000000    0.417667    3.920000   1.4508346378E-001
    0.000000    0.000000    0.420000    3.922333   1.4266836772E-001
    0.000000    0.000000    0.422333    3.924667   1.4025614378E-001
    0.000000    0.000000    0.424667    3.927000   1.3784671276E-001
    0.000000    0.000000    0.427000    3.929333   1.3543999533E-001
    0.000000    0.000000    0.429333    3.931667   1.3303591211E-001
    0.000000    0.000000    0.431667    3.934000   1.3063438366E-001
    0.000000    0.000000    0.434000    3.936333   1.2823533054E-001
    0.000000    0.000000    0.436333    3.938667   1.2583867336E-001
    0.000000    0.000000    0.438667    3.941000   1.2344433276E-001
    0.000000    0.000000    0.441000    3.943333   1.2105222948E-001
    0.000000    0.000000    0.443333    3.945667   1.1866228437E-001
    0.000000    0.000000    0.445667    3.948000   1.1627441839E-001
    0.000000    0.000000    0.448000    3.950333   1.1388855267E-001
    0.000000    0.000000    0.450333    3.952667   1.1150460849E-001
    0.000000    0.000000    0.452667    3.955000   1.0912250729E-001
    0.000000    0.000000    0.455000    3.957333   1.0674217072E-001
    0.000000    0.000000    0.457333    3.959667   1.0436352061E-001
    0.000000    0.000000    0.459667    3.962000   1.0198647900E-001
    0.000000    0.000000    0.462000    3.964333   9.9610968141E-002
    0.000000    0.000000    0.464333    3.966667   9.7236910486E-002
    0.000000    0.000000    0.466667    3.969000   9.4864228715E-002
    0.000000    0.000000    0.469000    3.971333   9.2492845717E-002
    0.000000    0.000000    0.471333    3.973667   9.0122684603E-002
    0.000000    0.000000    0.473667    3.976000   8.7753668697E-002
    0.000000    0.000000    0.476000    3.978333   8.5385721538E-002
    0.000000    0.000000    0.478333    3.980667   8.3018766876E-002
    0.000000    0.000000    0.480667    3.983000   8.0652728666E-002
    0.000000    0.000000    0.483000    3.985333   7.8287531070E-002
    0.000000    0.000000    0.485333    3.987667   7.5923098446E-002
    0.000000    0.000000    0.487667    3.990000   7.3559355347E-002
    0.000000    0.000000    0.490000    3.992333   7.1196226515E-002
    0.000000    0.000000    0.492333    3.994667   6.8833636875E-002
    0.000000    0.000000    0.494667    3.997000   6.6471511533E-002
    0.000000    0.000000    0.497000    3.999333   6.4109775765E-002
    0.000000    0.000000    0.499333    4.001667   6.1748355022E-002
    0.000000    0.000000    0.501667    4.004000   5.9387174917E-002
    0.000000    0.000000    0.504000    4.006333   5.7026161228E-002
    0.000000    0.000000    0.506333    4.008667   5.4665239892E-002
    0.000000    0.000000    0.508667    4.011000   5.2304337005E-002
    0.000000    0.000000    0.511000    4.013333   4.9943378820E-002
    0.000000    0.000000    0.513333    4.015667   4.7582291750E-002
    0.000000    0.000000    0.515667    4.018000   4.5221002364E-002
    0.000000    0.000000    0.518000    4.020333   4.2859437400E-002
    0.000000    0.000000    0.520333    4.022667   4.0497523756E-002
    0.000000    0.000000    0.522667    4.025000   3.8135188510E-002
    0.000000    0.000000    0.525000    4.027333   3.5772358915E-002
    0.000000    0.000000    0.527333    4.029667   3.3408962418E-002
    0.000000    0.000000    0.529667    4.032000   3.1044926666E-002
    0.000000    0.000000    0.532000    4.034333   2.8680179520E-002
    0.000000    0.000000    0.534333    4.036667   2.6314649072E-002
    0.000000    0.000000    0.536667    4.039000   2.3948263661E-002
    0.000000    0.000000    0.539000    4.041333   2.1580951894E-002
    0.000000    0.000000    0.541333    4.043667   1.9212642665E-002
    0.000000    0.000000    0.543667    4.046000   1.6843265183E-002
    0.000000    0.000000    0.546000    4.048333   1.4472748996E-002
    0.000000    0.000000    0.548333    4.050667   1.2101024023E-002
    0.000000    0.000000    0.550667    4.053000   9.7280205839E-003
    0.000000    0.000000    0.553000    4.055333   7.3536694359E-003
    0.000000    0.000000    0.555333    4.057667   4.9779018093E-003
    0.000000    0.000000    0.557667    4.060000   2.6006494486E-003
    0.000000    0.000000    0.560000    4.062333   2.2184465588E-004
    0.000000    0.000000    0.562333    4.064667  -2.1585796641E-003
    0.000000    0.000000    0.564667    4.067000  -4.5406899544E-003
    0.000000    0.000000    0.567000    4.069333  -6.9245519543E-003
    0.000000    0.000000    0.569333    4.071667  -9.3102306448E-003
    0.000000    0.000000    0.571667    4.074000  -1.1697790191E-002
    0.000000    0.000000    0.574000    4.076333  -1.4087293879E-002
    0.000000    0.000000    0.576333    4.078667  -1.6478804058E-002
    0.000000    0.000000    0.578667    4.081000  -1.8872382068E-002
    0.000000    0.000000    0.581000    4.083333  -2.1268088169E-002
    0.000000    0.000000    0.583333    4.085667  -2.3665981477E-002
    0.000000    0.000000    0.585667    4.088000  -2.6066119879E-002
    0.000000    0.000000    0.588000    4.090333  -2.8468559959E-002
    0.000000    0.000000    0.590333    4.092667  -3.0873356916E-002
    0.000000    0.000000    0.592667    4.095000  -3.3280564479E-002
    0.000000    0.000000    0.595000    4.097333  -3.5690234823E-002
    0.000000    0.000000    0.597333    4.099667  -3.8102418475E-002
    0.000000    0.000000    0.599667    4.102000  -4.0517164225E-002
    0.000000    0.000000    0.602000    4.104333  -4.2934519031E-002
    0.000000    0.000000    0.604333    4.106667  -4.5354527920E-002
    0.000000    0.000000    0.606667    4.109000  -4.7777233894E-002
    0.000000    0.000000    0.609000    4.111333  -5.0202677821E-002
    0.000000    0.000000    0.611333    4.113667  -5.2630898337E-002
    0.000000    0.000000    0.613667    4.116000  -5.5061931742E-002
    0.000000    0.000000    0.616000    4.118333  -5.7495811890E-002
    0.000000    0.000000    0.618333    4.120667  -5.9932570083E-002
    0.000000    0.000000    0.620667    4.123000  -6.2372234960E-002
    0.000000    0.000000    0.623000    4.125333  -6.4814832393E-002
    0.000000    0.000000    0.625333    4.127667  -6.7260385370E-002
    0.000000    0.000000    0.627667    4.130000  -6.9708913888E-002
    0.000000    0.000000    0.630000    4.132333  -7.2160434845E-002
    0.000000    0.000000    0.632333    4.134667  -7.4614961926E-002
    0.000000    0.000000    0.634667    4.137000  -7.7072505496E-002
    0.000000    0.000000    0.637000    4.139333  -7.9533072495E-002
    0.000000    0.000000    0.639333    4.141667  -8.1996666333E-002
    0.000000    0.000000    0.641667    4.144000  -8.4463286784E-002
    0.000000    0.000000    0.644000    4.146333  -8.6932929892E-002
    0.000000    0.000000    0.646333    4.148667  -8.9405587871E-002
    0.000000    0.000000    0.648667    4.151000  -9.1881249021E-002
    0.000000    0.000000    0.651000    4.153333  -9.4359897635E-002
    0.000000    0.000000    0.653333    4.155667  -9.6841513929E-002
    0.000000    0.000000    0.655667    4.158000  -9.9326073964E-002
    0.000000    0.000000    0.658000    4.160333  -1.0181354959E-001
    0.000000    0.000000    0.660333    4.162667  -1.0430390838E-001
    0.000000    0.000000    0.662667    4.165000  -1.0679711361E-001
    0.000000    0.000000    0.665000    4.167333  -1.0929312421E-001
    0.000000    0.000000    0.667333    4.169667  -1.1179189474E-001
    0.000000    0.000000    0.669667    4.172000  -1.1429337541E-001
    0.000000    0.000000    0.672000    4.174333  -1.1679751210E-001
    0.000000    0.000000    0.674333    4.176667  -1.1930424634E-001
    0.000000    0.000000    0.676667    4.179000  -1.2181351543E-001
    0.000000    0.000000    0.679000    4.181333  -1.2432525246E-001
    0.000000    0.000000    0.681333    4.183667  -1.2683938644E-001
    0.000000    0.000000    0.683667    4.186000  -1.2935584242E-001
    0.000000    0.000000    0.686000    4.188333  -1.3187454161E-001
    0.000000    0.000000    0.688333    4.190667  -1.3439540160E-001
    0.000000    0.000000    0.690667    4.193000  -1.3691833655E-001
    0.000000    0.000000    0.693000    4.195333  -1.3944325745E-001
    0.000000    0.000000    0.695333    4.197667  -1.4197007240E-001
    0.000000    0.000000    0.697667    4.200000  -1.4449868692E-001
    0.000000    0.000000    0.700000    4.202333  -1.4702900435E-001
    0.000000    0.000000    0.702333    4.204667  -1.4956092620E-001
    0.000000    0.000000    0.704667    4.207000  -1.5209435269E-001
    0.000000    0.000000    0.707000    4.209333  -1.5462918316E-001
    0.000000    0.000000    0.709333    4.211667  -1.5716531670E-001
    0.000000    0.000000    0.711667    4.214000  -1.5970265272E-001
    0.000000    0.000000    0.714000    4.216333  -1.6224109160E-001
    0.000000    0.000000    0.716333    4.218667  -1.6478053545E-001
    0.000000    0.000000    0.718667    4.221000  -1.6732088883E-001
    0.000000    0.000000    0.721000    4.223333  -1.6986205960E-001
    0.000000    0.000000    0.723333    4.225667  -1.7240395984E-001
    0.000000    0.000000    0.725667    4.228000  -1.7494650671E-001
    0.000000    0.000000    0.728000    4.230333  -1.7748962354E-001
    0.000000    0.000000    0.730333    4.232667  -1.8003324084E-001
    0.000000    0.000000    0.732667    4.235000  -1.8257729738E-001
    0.000000    0.000000    0.735000    4.237333  -1.8512174142E-001
    0.000000    0.000000    0.737333    4.239667  -1.8766653183E-001
    0.000000    0.000000    0.739667    4.242000  -1.9021163939E-001
    0.000000    0.000000    0.742000    4.244333  -1.9275704806E-001
    0.000000    0.000000    0.744333    4.246667  -1.9530275627E-001
    0.000000    0.000000    0.746667    4.249000  -1.9784877826E-001
    0.000000    0.000000    0.749000    4.251333  -2.0039514543E-001
    0.000000    0.000000    0.751333    4.253667  -2.0294190765E-001
    0.000000    0.000000    0.753667    4.256000  -2.0548913464E-001
    0.000000    0.000000    0.756000    4.258333  -2.0803691726E-001
    0.000000    0.000000    0.758333    4.260667  -2.1058536878E-001
    0.000000    0.000000    0.760667    4.263000  -2.1313462608E-001
    0.000000    0.000000    0.763000    4.265333  -2.1568485086E-001
    0.000000    0.000000    0.765333    4.267667  -2.1823623066E-001
    0.000000    0.000000    0.767667    4.270000  -2.2078897985E-001
    0.000000    0.000000    0.770000    4.272333  -2.2334334042E-001
    0.000000    0.000000    0.772333    4.274667  -2.2589958274E-001
    0.000000    0.000000    0.774667    4.277000  -2.2845800599E-001
    0.000000    0.000000    0.777000    4.279333  -2.3101893856E-001
    0.000000    0.000000    0.779333    4.281667  -2.3358273810E-001
    0.000000    0.000000    0.781667    4.284000  -2.3614979144E-001
    0.000000    0.000000    0.784000    4.286333  -2.3872051411E-001
    0.000000    0.000000    0.786333    4.288667  -2.4129534975E-001
    0.000000    0.000000    0.788667    4.291000  -2.4387476902E-001
    0.000000    0.000000    0.791000    4.293333  -2.4645926831E-001
    0.000000    0.000000    0.793333    4.295667  -2.4904936803E-001
    0.000000    0.000000    0.795667    4.298000  -2.5164561049E-001
    0.000000    0.000000    0.798000    4.300333  -2.5424855749E-001
    0.000000    0.000000    0.800333    4.302667  -2.5685878736E-001
    0.000000    0.000000    0.802667    4.305000  -2.5947689166E-001
    0.000000    0.000000    0.805000    4.307333  -2.6210347137E-001
    0.000000    0.000000    0.807333    4.309667  -2.6473913271E-001
    0.000000    0.000000    0.809667    4.312000  -2.6738448240E-001
    0.000000    0.000000    0.812000    4.314333  -2.7004012253E-001
    0.000000    0.000000    0.814333    4.316667  -2.7270664497E-001
    0.000000    0.000000    0.816667    4.319000  -2.7538462526E-001
    0.000000    0.000000    0.819000    4.321333  -2.7807461617E-001
    0.000000    0.000000    0.821333    4.323667  -2.8077714074E-001
    0.000000    0.000000    0.823667    4.326000  -2.8349268498E-001
    0.000000    0.000000    0.826000    4.328333  -2.8622169022E-001
    0.000000    0.000000    0.828333    4.330667  -2.8896454506E-001
    0.000000    0.000000    0.830667    4.333000  -2.9172157709E-001
    0.000000    0.000000    0.833000    4.335333  -2.9449304436E-001
    0.000000    0.000000    0.835333    4.337667  -2.9727912664E-001
    0.000000    0.000000    0.837667    4.340000  -3.0007991656E-001
    0.000000    0.000000    0.840000    4.342333  -3.0289541071E-001
    0.000000    0.000000    0.842333    4.344667  -3.0572550070E-001
    0.000000    0.000000    0.844667    4.347000  -3.0856996437E-001
    0.000000    0.000000    0.847000    4.349333  -3.1142845706E-001
    0.000000    0.000000    0.849333    4.351667  -3.1430050324E-001
    0.000000    0.000000    0.851667    4.354000  -3.1718548842E-001
    0.000000    0.000000    0.854000    4.356333  -3.2008265145E-001
    0.000000    0.000000    0.856333    4.358667  -3.2299107738E-001
    0.000000    0.000000    0.858667    4.361000  -3.2590969093E-001
    0.000000    0.000000    0.861000    4.363333  -3.2883725065E-001
    0.000000    0.000000    0.863333    4.365667  -3.3177234380E-001
    0.000000    0.000000    0.865667    4.368000  -3.3471338228E-001
    0.000000    0.000000    0.868000    4.370333  -3.3765859930E-001
    0.000000    0.000000    0.870333    4.372667  -3.4060604730E-001
    0.000000    0.000000    0.872667    4.375000  -3.4355359686E-001
    0.000000    0.000000    0.875000    4.377333  -3.4649893684E-001
    0.000000    0.000000    0.877333    4.379667  -3.4943957583E-001
    0.000000    0.000000    0.879667    4.382000  -3.5237284477E-001
    0.000000    0.000000    0.882000    4.384333  -3.5529590108E-001
    0.000000    0.000000    0.884333    4.386667  -3.5820573402E-001
    0.000000    0.000000    0.886667    4.389000  -3.6109917158E-001
    0.000000    0.000000    0.889000    4.391333  -3.6397288871E-001
    0.000000    0.000000    0.891333    4.393667  -3.6682341694E-001
    0.000000    0.000000    0.893667    4.396000  -3.6964715543E-001
    0.000000    0.000000    0.896000    4.398333  -3.7244038338E-001
    0.000000    0.000000    0.898333    4.400667  -3.7519927373E-001
    0.000000    0.000000    0.900667    4.403000  -3.7791990809E-001
    0.000000    0.000000    0.903000    4.405333  -3.8059829290E-001
    0.000000    0.000000    0.905333    4.407667  -3.8323037664E-001
    0.000000    0.000000    0.907667    4.410000  -3.8581206807E-001
    0.000000    0.000000    0.910000    4.412333  -3.8833925527E-001
    0.000000    0.000000    0.912333    4.414667  -3.9080782553E-001
    0.000000    0.000000    0.914667    4.417000  -3.9321368583E-001
    0.000000    0.000000    0.917000    4.419333  -3.9555278370E-001
    0.000000    0.000000    0.919333    4.421667  -3.9782112857E-001
    0.000000    0.000000    0.921667    4.424000  -4.0001481311E-001
    0.000000    0.000000    0.924000    4.426333  -4.0213003467E-001
    0.000000    0.000000    0.926333    4.428667  -4.0416311654E-001
    0.000000    0.000000    0.928667    4.431000  -4.0611052878E-001
    0.000000    0.000000    0.931000    4.433333  -4.0796890863E-001
    0.000000    0.000000    0.933333    4.435667  -4.0973508017E-001
    0.000000    0.000000    0.935667    4.438000  -4.1140607317E-001
    0.000000    0.000000    0.938000    4.440333  -4.1297914085E-001
    0.000000    0.000000    0.940333    4.442667  -4.1445177656E-001
    0.000000    0.000000    0.942667    4.445000  -4.1582172906E-001
    0.000000    0.000000    0.945000    4.447333  -4.1708701640E-001
    0.000000    0.000000    0.947333    4.449667  -4.1824593823E-001
    0.000000    0.000000    0.949667    4.452000  -4.1929708633E-001
    0.000000    0.000000    0.952000    4.454333  -4.2023935350E-001
    0.000000    0.000000    0.954333    4.456667  -4.2107194046E-001
    0.000000    0.000000    0.956667    4.459000  -4.2179436091E-001
    0.000000    0.000000    0.959000    4.461333  -4.2240644455E-001
    0.000000    0.000000    0.961333    4.463667  -4.2290833817E-001
    0.000000    0.000000    0.963667    4.466000  -4.2330050466E-001
    0.000000    0.000000    0.966000    4.468333  -4.2358372009E-001
    0.000000    0.000000    0.968333    4.470667  -4.2375906874E-001
    0.000000    0.000000    0.970667    4.473000  -4.2382793627E-001
    0.000000    0.000000    0.973000    4.475333  -4.2379200098E-001
    0.000000    0.000000    0.975333    4.477667  -4.2365322330E-001
    0.000000    0.000000    0.977667    4.480000  -4.2341383359E-001
    0.000000    0.000000    0.980000    4.482333  -4.2307631837E-001
    0.000000    0.000000    0.982333    4.484667  -4.2264340503E-001
    0.000000    0.000000    0.984667    4.487000  -4.2211804530E-001
    0.000000    0.000000    0.987000    4.489333  -4.2150339748E-001
    0.000000    0.000000    0.989333    4.491667  -4.2080280770E-001
    0.000000    0.000000    0.991667    4.494000  -4.2001979022E-001
    0.000000    0.000000    0.994000    4.496333  -4.1915800717E-001
    0.000000    0.000000    0.996333    4.498667  -4.1822124764E-001
    0.000000    0.000000    0.998667    4.501000  -4.1721340651E-001
    0.000000    0.000000    1.001000    4.503333  -4.1613846299E-001
    0.000000    0.000000    1.003333    4.505667  -4.1500045929E-001
    0.000000    0.000000    1.005667    4.508000  -4.1380347928E-001
    0.000000    0.000000    1.008000    4.510333  -4.1255162763E-001
    0.000000    0.000000    1.010333    4.512667  -4.1124900925E-001
    0.000000    0.000000    1.012667    4.515000  -4.0989970947E-001
    0.000000    0.000000    1.015000    4.517333  -4.0850777492E-001
    0.000000    0.000000    1.017333    4.519667  -4.0707719525E-001
    0.000000    0.000000    1.019667    4.522000  -4.0561188590E-001
    0.000000    0.000000    1.022000    4.524333  -4.0411567191E-001
    0.000000    0.000000    1.024333    4.526667  -4.0259227292E-001
    0.000000    0.000000    1.026667    4.529000  -4.0104528942E-001
    0.000000    0.000000    1.029000    4.531333  -3.9947819030E-001
    0.000000    0.000000    1.031333    4.533667  -3.9789430177E-001
    0.000000    0.000000    1.033667    4.536000  -3.9629679764E-001
    0.000000    0.000000    1.036000    4.538333  -3.9468869105E-001
    0.000000    0.000000    1.038333    4.540667  -3.9307282754E-001
    0.000000    0.000000    1.040667    4.543000  -3.9145187961E-001
    0.000000    0.000000    1.043000    4.545333  -3.8982834258E-001
    0.000000    0.000000    1.045333    4.547667  -3.8820453187E-001
    0.000000    0.000000    1.047667    4.550000  -3.8658258151E-001
    0.000000    0.000000    1.050000    4.552333  -3.8496444398E-001
    0.000000    0.000000    1.052333    4.554667  -3.8335189121E-001
    0.000000    0.000000    1.054667    4.557000  -3.8174651668E-001
    0.000000    0.000000    1.057000    4.559333  -3.8014973863E-001
    0.000000    0.000000    1.059333    4.561667  -3.7856280417E-001
    0.000000    0.000000    1.061667    4.564000  -3.7698679433E-001
    0.000000    0.000000    1.064000    4.566333  -3.7542262985E-001
    0.000000    0.000000    1.066333    4.568667  -3.7387107775E-001
    0.000000    0.000000    1.068667    4.571000  -3.7233275840E-001
    0.000000    0.000000    1.071000    4.573333  -3.7080815321E-001
    0.000000    0.000000    1.073333    4.575667  -3.6929761270E-001
    0.000000    0.000000    1.075667    4.578000  -3.6780136491E-001
    0.000000    0.000000    1.078000    4.580333  -3.6631952407E-001
    0.000000    0.000000    1.080333    4.582667  -3.6485209940E-001
    0.000000    0.000000    1.082667    4.585000  -3.6339900405E-001
    0.000000    0.000000    1.085000    4.587333  -3.6196006404E-001
    0.000000    0.000000    1.087333    4.589667  -3.6053502707E-001
    0.000000    0.000000    1.089667    4.592000  -3.5912357132E-001
    0.000000    0.000000    1.092000    4.594333  -3.5772531394E-001
    0.000000    0.000000    1.094333    4.596667  -3.5633981940E-001
    0.000000    0.000000    1.096667    4.599000  -3.5496660752E-001
    0.000000    0.000000    1.099000    4.601333  -3.5360516113E-001
    0.000000    0.000000    1.101333    4.603667  -3.5225493342E-001
    0.000000    0.000000    1.103667    4.606000  -3.5091535489E-001
    0.000000    0.000000    1.106000    4.608333  -3.4958583985E-001
    0.000000    0.000000    1.108333    4.610667  -3.4826579248E-001
    0.000000    0.000000    1.110667    4.613000  -3.4695461249E-001
    0.000000    0.000000    1.113000    4.615333  -3.4565170030E-001
    0.000000    0.000000    1.115333    4.617667  -3.4435646172E-001
    0.000000    0.000000    1.117667    4.620000  -3.4306831220E-001
    0.000000    0.000000    1.120000    4.622333  -3.4178668067E-001
    0.000000    0.000000    1.122333    4.624667  -3.4051101285E-001
    0.000000    0.000000    1.124667    4.627000  -3.3924077417E-001
    0.000000    0.000000    1.127000    4.629333  -3.3797545229E-001
    0.000000    0.000000    1.129333    4.631667  -3.3671455917E-001
    0.000000    0.000000    1.131667    4.634000  -3.3545763283E-001
    0.000000    0.000000    1.134000    4.636333  -3.3420423864E-001
    0.000000    0.000000    1.136333    4.638667  -3.3295397039E-001
    0.000000    0.000000    1.138667    4.641000  -3.3170645098E-001
    0.000000    0.000000    1.141000    4.643333  -3.3046133282E-001
    0.000000    0.000000    1.143333    4.645667  -3.2921829795E-001
    0.000000    0.000000    1.145667    4.648000  -3.2797705799E-001
    0.000000    0.000000    1.148000    4.650333  -3.2673735382E-001
    0.000000    0.000000    1.150333    4.652667  -3.2549895501E-001
    0.000000    0.000000    1.152667    4.655000  -3.2426165919E-001
    0.000000    0.000000    1.155000    4.657333  -3.2302529122E-001
    0.000000    0.000000    1.157333    4.659667  -3.2178970220E-001
    0.000000    0.000000    1.159667    4.662000  -3.2055476842E-001
    0.000000    0.000000    1.162000    4.664333  -3.1932039022E-001
    0.000000    0.000000    1.164333    4.666667  -3.1808649073E-001
    0.000000    0.000000    1.166667    4.669000  -3.1685301463E-001
    0.000000    0.000000    1.169000    4.671333  -3.1561992683E-001
    0.000000    0.000000    1.171333    4.673667  -3.1438721111E-001
    0.000000    0.000000    1.173667    4.676000  -3.1315486880E-001
    0.000000    0.000000    1.176000    4.678333  -3.1192291742E-001
    0.000000    0.000000    1.178333    4.680667  -3.1069138934E-001
    0.000000    0.000000    1.180667    4.683000  -3.0946033049E-001
    0.000000    0.000000    1.183000    4.685333  -3.0822979906E-001
    0.000000    0.000000    1.185333    4.687667  -3.0699986422E-001
    0.000000    0.000000    1.187667    4.690000  -3.0577060498E-001
    0.000000    0.000000    1.190000    4.692333  -3.0454210895E-001
    0.000000    0.000000    1.192333    4.694667  -3.0331447130E-001
    0.000000    0.000000    1.194667    4.697000  -3.0208779363E-001
    0.000000    0.000000    1.197000    4.699333  -3.0086218301E-001
    0.000000    0.000000    1.199333    4.701667  -2.9963775102E-001
    0.000000    0.000000    1.201667    4.704000  -2.9841461285E-001
    0.000000    0.000000    1.204000    4.706333  -2.9719288645E-001
    0.000000    0.000000    1.206333    4.708667  -2.9597269179E-001
    0.000000    0.000000    1.208667    4.711000  -2.9475415010E-001
    0.000000    0.000000    1.211000    4.713333  -2.9353738322E-001
    0.000000    0.000000    1.213333    4.715667  -2.9232251298E-001
    0.000000    0.000000    1.215667    4.718000  -2.9110966066E-001
    0.000000    0.000000    1.218000    4.720333  -2.8989894644E-001
    0.000000    0.000000    1.220333    4.722667  -2.8869048897E-001
    0.000000    0.000000    1.222667    4.725000  -2.8748440496E-001
    0.000000    0.000000    1.225000    4.727333  -2.8628080875E-001
    0.000000    0.000000    1.227333    4.729667  -2.8507981208E-001
    0.000000    0.000000    1.229667    4.732000  -2.8388152370E-001
    0.000000    0.000000    1.232000    4.734333  -2.8268604918E-001
    0.000000    0.000000    1.234333    4.736667  -2.8149349067E-001
    0.000000    0.000000    1.236667    4.739000  -2.8030394671E-001
    0.000000    0.000000    1.239000    4.741333  -2.7911751209E-001
    0.000000    0.000000    1.241333    4.743667  -2.7793427770E-001
    0.000000    0.000000    1.243667    4.746000  -2.7675433045E-001
    0.000000    0.000000    1.246000    4.748333  -2.7557775318E-001
    0.000000    0.000000    1.248333    4.750667  -2.7440462463E-001
    0.000000    0.000000    1.250667    4.753000  -2.7323501934E-001
    0.000000    0.000000    1.253000    4.755333  -2.7206900772E-001
    0.000000    0.000000    1.255333    4.757667  -2.7090665596E-001
    0.000000    0.000000    1.257667    4.760000  -2.6974802615E-001
    0.000000    0.000000    1.260000    4.762333  -2.6859317618E-001
    0.000000    0.000000    1.262333    4.764667  -2.6744215991E-001
    0.000000    0.000000    1.264667    4.767000  -2.6629502712E-001
    0.000000    0.000000    1.267000    4.769333  -2.6515182365E-001
    0.000000    0.000000    1.269333    4.771667  -2.6401259139E-001
    0.000000    0.000000    1.271667    4.774000  -2.6287736844E-001
    0.000000    0.000000    1.274000    4.776333  -2.6174618915E-001
    0.000000    0.000000    1.276333    4.778667  -2.6061908420E-001
    0.000000    0.000000    1.278667    4.781000  -2.5949608073E-001
    0.000000    0.000000    1.281000    4.783333  -2.5837720244E-001
    0.000000    0.000000    1.283333    4.785667  -2.5726246964E-001
    0.000000    0.000000    1.285667    4.788000  -2.5615189944E-001
    0.000000    0.000000    1.288000    4.790333  -2.5504550579E-001
    0.000000    0.000000    1.290333    4.792667  -2.5394329962E-001
    0.000000    0.000000    1.292667    4.795000  -2.5284528895E-001
    0.000000    0.000000    1.295000    4.797333  -2.5175147903E-001
    0.000000    0.000000    1.297333    4.799667  -2.5066187239E-001
    0.000000    0.000000    1.299667    4.802000  -2.4957646904E-001
    0.000000    0.000000    1.302000    4.804333  -2.4849526650E-001
    0.000000    0.000000    1.304333    4.806667  -2.4741825998E-001
    0.000000    0.000000    1.306667    4.809000  -2.4634544247E-001
    0.000000    0.000000    1.309000    4.811333  -2.4527680483E-001
    0.000000    0.000000    1.311333    4.813667  -2.4421233595E-001
    0.000000    0.000000    1.313667    4.816000  -2.4315202283E-001
    0.000000    0.000000    1.316000    4.818333  -2.4209585069E-001
    0.000000    0.000000    1.318333    4.820667  -2.4104380309E-001
    0.000000    0.000000    1.320667    4.823000  -2.3999586203E-001
    0.000000    0.000000    1.323000    4.825333  -2.3895200804E-001
    0.000000    0.000000    1.325333    4.827667  -2.3791222033E-001
    0.000000    0.000000    1.327667    4.830000  -2.3687647681E-001
    0.000000    0.000000    1.330000    4.832333  -2.3584475427E-001
    0.000000    0.000000    1.332333    4.834667  -2.3481702844E-001
    0.000000    0.000000    1.334667    4.837000  -2.3379327407E-001
    0.000000    0.000000    1.337000    4.839333  -2.3277346503E-001
    0.000000    0.000000    1.339333    4.841667  -2.3175757442E-001
    0.000000    0.000000    1.341667    4.844000  -2.3074557464E-001
    0.000000    0.000000    1.344000    4.846333  -2.2973743744E-001
    0.000000    0.000000    1.346333    4.848667  -2.2873313408E-001
    0.000000    0.000000    1.348667    4.851000  -2.2773263533E-001
    0.000000    0.000000    1.351000    4.853333  -2.2673591158E-001
    0.000000    0.000000    1.353333    4.855667  -2.2574293293E-001
    0.000000    0.000000    1.355667    4.858000  -2.2475366920E-001
    0.000000    0.000000    1.358000    4.860333  -2.2376809008E-001
    0.000000    0.000000    1.360333    4.862667  -2.2278616512E-001
    0.000000    0.000000    1.362667    4.865000  -2.2180786384E-001
    0.000000    0.000000    1.365000    4.867333  -2.2083315578E-001
    0.000000    0.000000    1.367333    4.869667  -2.1986201053E-001
    0.000000    0.000000    1.369667    4.872000  -2.1889439782E-001
    0.000000    0.000000    1.372000    4.874333  -2.1793028755E-001
    0.000000    0.000000    1.374333    4.876667  -2.1696964984E-001
    0.000000    0.000000    1.376667    4.879000  -2.1601245510E-001
    0.000000    0.000000    1.379000    4.881333  -2.1505867403E-001
    0.000000    0.000000    1.381333    4.883667  -2.1410827771E-001
    0.000000    0.000000    1.383667    4.886000  -2.1316123761E-001
    0.000000    0.000000    1.386000    4.888333  -2.1221752563E-001
    0.000000    0.000000    1.388333    4.890667  -2.1127711413E-001
    0.000000    0.000000    1.390667    4.893000  -2.1033997598E-001
    0.000000    0.000000    1.393000    4.895333  -2.0940608458E-001
    0.000000    0.000000    1.395333    4.897667  -2.0847541388E-001
    0.000000    0.000000    1.397667    4.900000  -2.0754793842E-001
    0.000000    0.000000    1.400000    4.902333  -2.0662363333E-001
    0.000000    0.000000    1.402333    4.904667  -2.0570247439E-001
    0.000000    0.000000    1.404667    4.907000  -2.0478443800E-001
    0.000000    0.000000    1.407000    4.909333  -2.0386950124E-001
    0.000000    0.000000    1.409333    4.911667  -2.0295764185E-001
    0.000000    0.000000    1.411667    4.914000  -2.0204883829E-001
    0.000000    0.000000    1.414000    4.916333  -2.0114306969E-001
    0.000000    0.000000    1.416333    4.918667  -2.0024031591E-001
    0.000000    0.000000    1.418667    4.921000  -1.9934055753E-001
    0.000000    0.000000    1.421000    4.923333  -1.9844377584E-001
    0.000000    0.000000    1.423333    4.925667  -1.9754995288E-001
    0.000000    0.000000    1.425667    4.928000  -1.9665907143E-001
    0.000000    0.000000    1.428000    4.930333  -1.9577111497E-001
    0.000000    0.000000    1.430333    4.932667  -1.9488606777E-001
    0.000000    0.000000    1.432667    4.935000  -1.9400391478E-001
    0.000000    0.000000    1.435000    4.937333  -1.9312464173E-001
    0.000000    0.000000    1.437333    4.939667  -1.9224823504E-001
    0.000000    0.000000    1.439667    4.942000  -1.9137468190E-001
    0.000000    0.000000    1.442000    4.944333  -1.9050397018E-001
    0.000000    0.000000    1.444333    4.946667  -1.8963608848E-001
    0.000000    0.000000    1.446667    4.949000  -1.8877102610E-001
    0.000000    0.000000    1.449000    4.951333  -1.8790877304E-001
    0.000000    0.000000    1.451333    4.953667  -1.8704931999E-001
    0.000000    0.000000    1.453667    4.956000  -1.8619265831E-001
    0.000000    0.000000    1.456000    4.958333  -1.8533878003E-001
    0.000000    0.000000    1.458333    4.960667  -1.8448767781E-001
    0.000000    0.000000    1.460667    4.963000  -1.8363934497E-001
    0.000000    0.000000    1.463000    4.965333  -1.8279377546E-001
    0.000000    0.000000    1.465333    4.967667  -1.8195096383E-001
    0.000000    0.000000    1.467667    4.970000  -1.8111090523E-001
    0.000000    0.000000    1.470000    4.972333  -1.8027359539E-001
    0.000000    0.000000    1.472333    4.974667  -1.7943903061E-001
    0.000000    0.000000    1.474667    4.977000  -1.7860720773E-001
    0.000000    0.000000    1.477000    4.979333  -1.7777812413E-001
    0.000000    0.000000    1.479333    4.981667  -1.7695177771E-001
    0.000000    0.000000    1.481667    4.984000  -1.7612816687E-001
    0.000000    0.000000    1.484000    4.986333  -1.7530729048E-001
    0.000000    0.000000    1.486333    4.988667  -1.7448914789E-001
    0.000000    0.000000    1.488667    4.991000  -1.7367373888E-001
    0.000000    0.000000    1.491000    4.993333  -1.7286106367E-001
    0.000000    0.000000    1.493333    4.995667  -1.7205112289E-001
    0.000000    0.000000    1.495667    4.998000  -1.7124391756E-001
    0.000000    0.000000    1.498000    5.000333  -1.7043944907E-001
    0.000000    0.000000    1.500333    5.002667  -1.6963771917E-001
    0.000000    0.000000    1.502667    5.005000  -1.6883872994E-001
    0.000000    0.000000    1.505000    5.007333  -1.6804248380E-001
    0.000000    0.000000    1.507333    5.009667  -1.6724898345E-001
    0.000000    0.000000    1.509667    5.012000  -1.6645823188E-001
    0.000000    0.000000    1.512000    5.014333  -1.6567023234E-001
    0.000000    0.000000    1.514333    5.016667  -1.6488498834E-001
    0.000000    0.000000    1.516667    5.019000  -1.6410250361E-001
    0.000000    0.000000    1.519000    5.021333  -1.6332278210E-001
    0.000000    0.000000    1.521333    5.023667  -1.6254582793E-001
    0.000000    0.000000    1.523667    5.026000  -1.6177164544E-001
    0.000000    0.000000    1.526000    5.028333  -1.6100023910E-001
    0.000000    0.000000    1.528333    5.030667  -1.6023161352E-001
    0.000000    0.000000    1.530667    5.033000  -1.5946577346E-001
    0.000000    0.000000    1.533000    5.035333  -1.5870272378E-001
    0.000000    0.000000    1.535333    5.037667  -1.5794246943E-001
    0.000000    0.000000    1.537667    5.040000  -1.5718501545E-001
    0.000000    0.000000    1.540000    5.042333  -1.5643036695E-001
    0.000000    0.000000    1.542333    5.044667  -1.5567852907E-001
    0.000000    0.000000    1.544667    5.047000  -1.5492950701E-001
    0.000000    0.000000    1.547000    5.049333  -1.5418330597E-001
    0.000000    0.000000    1.549333    5.051667  -1.5343993117E-001
    0.000000    0.000000    1.551667    5.054000  -1.5269938782E-001
    0.000000    0.000000    1.554000    5.056333  -1.5196168111E-001
    0.000000    0.000000    1.556333    5.058667  -1.5122681621E-001
    0.000000    0.000000    1.558667    5.061000  -1.5049479822E-001
    0.000000    0.000000    1.561000    5.063333  -1.4976563222E-001
    0.000000    0.000000    1.563333    5.065667  -1.4903932318E-001
    0.000000    0.000000    1.565667    5.068000  -1.4831587603E-001
    0.000000    0.000000    1.568000    5.070333  -1.4759529559E-001
    0.000000    0.000000    1.570333    5.072667  -1.4687758657E-001
    0.000000    0.000000    1.572667    5.075000  -1.4616275359E-001
    0.000000    0.000000    1.575000    5.077333  -1.4545080114E-001
    0.000000    0.000000    1.577333    5.079667  -1.4474173358E-001
    0.000000    0.000000    1.579667    5.082000  -1.4403555513E-001
    0.000000    0.000000    1.582000    5.084333  -1.4333226986E-001
    0.000000    0.000000    1.584333    5.086667  -1.4263188169E-001
    0.000000    0.000000    1.586667    5.089000  -1.4193439437E-001
    0.000000    0.000000    1.589000    5.091333  -1.4123981150E-001
    0.000000    0.000000    1.591333    5.093667  -1.4054813646E-001
    0.000000    0.000000    1.593667    5.096000  -1.3985937249E-001
    0.000000    0.000000    1.596000    5.098333  -1.3917352260E-001
    0.000000    0.000000    1.598333    5.100667  -1.3849058964E-001
    0.000000    0.000000    1.600667    5.103000  -1.3781057622E-001
    0.000000    0.000000    1.603000    5.105333  -1.3713348476E-001
    0.000000    0.000000    1.605333    5.107667  -1.3645931746E-001
    0.000000    0.000000    1.607667    5.110000  -1.3578807633E-001
    0.000000    0.000000    1.610000    5.112333  -1.3511976310E-001
    0.000000    0.000000    1.612333    5.114667  -1.3445437933E-001
    0.000000    0.000000    1.614667    5.117000  -1.3379192632E-001
    0.000000    0.000000    1.617000    5.119333  -1.3313240514E-001
    0.000000    0.000000    1.619333    5.121667  -1.3247581662E-001
    0.000000    0.000000    1.621667    5.124000  -1.3182216137E-001
    0.000000    0.000000    1.624000    5.126333  -1.3117143973E-001
    0.000000    0.000000    1.626333    5.128667  -1.3052365181E-001
    0.000000    0.000000    1.628667    5.131000  -1.2987879748E-001
    0.000000    0.000000    1.631000    5.133333  -1.2923687634E-001
    0.000000    0.000000    1.633333    5.135667  -1.2859788777E-001
    0.000000    0.000000    1.635667    5.138000  -1.2796183088E-001
    0.000000    0.000000    1.638000    5.140333  -1.2732870453E-001
    0.000000    0.000000    1.640333    5.142667  -1.2669850733E-001
    0.000000    0.000000    1.642667    5.145000  -1.2607123765E-001
    0.000000    0.000000    1.645000    5.147333  -1.2544689358E-001
    0.000000    0.000000    1.647333    5.149667  -1.2482547298E-001
    0.000000    0.000000    1.649667    5.152000  -1.2420697345E-001
    0.000000    0.000000    1.652000    5.154333  -1.2359139234E-001
    0.000000    0.000000    1.654333    5.156667  -1.2297872675E-001
    0.000000    0.000000    1.656667    5.159000  -1.2236897353E-001
    0.000000    0.000000    1.659000    5.161333  -1.2176212927E-001
    0.000000    0.000000    1.661333    5.163667  -1.2115819033E-001
    0.000000    0.000000    1.663667    5.166000  -1.2055715281E-001
    0.000000    0.000000    1.666000    5.168333  -1.1995901258E-001
    0.000000    0.000000    1.668333    5.170667  -1.1936376523E-001
    0.000000    0.000000    1.670667    5.173000  -1.1877140617E-001
    0.000000    0.000000    1.673000    5.175333  -1.1818193051E-001
    0.000000    0.000000    1.675333    5.177667  -1.1759533316E-001
    0.000000    0.000000    1.677667    5.180000  -1.1701160878E-001
    0.000000    0.000000    1.680000    5.182333  -1.1643075181E-001
    0.000000    0.000000    1.682333    5.184667  -1.1585275645E-001
    0.000000    0.000000    1.684667    5.187000  -1.1527761668E-001
    0.000000    0.000000    1.687000    5.189333  -1.1470532625E-001
    0.000000    0.000000    1.689333    5.191667  -1.1413587869E-001
    0.000000    0.000000    1.691667    5.194000  -1.1356926731E-001
    0.000000    0.000000    1.694000    5.196333  -1.1300548522E-001
    0.000000    0.000000    1.696333    5.198667  -1.1244452530E-001
    0.000000    0.000000    1.698667    5.201000  -1.1188638023E-001
    0.000000    0.000000    1.701000    5.203333  -1.1133104248E-001
    0.000000    0.000000    1.703333    5.205667  -1.1077850434E-001
    0.000000    0.000000    1.705667    5.208000  -1.1022875787E-001
    0.000000    0.000000    1.708000    5.210333  -1.0968179495E-001
    0.000000    0.000000    1.710333    5.212667  -1.0913760728E-001
    0.000000    0.000000    1.712667    5.215000  -1.0859618635E-001
    0.000000    0.000000    1.715000    5.217333  -1.0805752349E-001
    0.000000    0.000000    1.717333    5.219667  -1.0752160984E-001
    0.000000    0.000000    1.719667    5.222000  -1.0698843636E-001
    0.000000    0.000000    1.722000    5.224333  -1.0645799385E-001
    0.000000    0.000000    1.724333    5.226667  -1.0593027292E-001
    0.000000    0.000000    1.726667    5.229000  -1.0540526406E-001
    0.000000    0.000000    1.729000    5.231333  -1.0488295754E-001
    0.000000    0.000000    1.731333    5.233667  -1.0436334353E-001
    0.000000    0.000000    1.733667    5.236000  -1.0384641201E-001
    0.000000    0.000000    1.736000    5.238333  -1.0333215284E-001
    0.000000    0.000000    1.738333    5.240667  -1.0282055571E-001
    0.000000    0.000000    1.740667    5.243000  -1.0231161018E-001
    0.000000    0.000000    1.743000    5.245333  -1.0180530569E-001
    0.000000    0.000000    1.745333    5.247667  -1.0130163153E-001
    0.000000    0.000000    1.747667    5.250000  -1.0080057687E-001
    0.000000    0.000000    1.750000    5.252333  -1.0030213075E-001
    0.000000    0.000000    1.752333    5.254667  -9.9806282101E-002
    0.000000    0.000000    1.754667    5.257000  -9.9313019725E-002
    0.000000    0.000000    1.757000    5.259333  -9.8822332323E-002
    0.000000    0.000000    1.759333    5.261667  -9.8334208486E-002
    0.000000    0.000000    1.761667    5.264000  -9.7848636701E-002
    0.000000    0.000000    1.764000    5.266333  -9.7365605356E-002
    0.000000    0.000000    1.766333    5.268667  -9.6885102741E-002
    0.000000    0.000000    1.768667    5.271000  -9.6407117057E-002
    0.000000    0.000000    1.771000    5.273333  -9.5931636417E-002
    0.000000    0.000000    1.773333    5.275667  -9.5458648850E-002
    0.000000    0.000000    1.775667    5.278000  -9.4988142303E-002
    0.000000    0.000000    1.778000    5.280333  -9.4520104650E-002
    0.000000    0.000000    1.780333    5.282667  -9.4054523690E-002
    0.000000    0.000000    1.782667    5.285000  -9.3591387154E-002
    0.000000    0.000000    1.785000    5.287333  -9.3130682709E-002
    0.000000    0.000000    1.787333    5.289667  -9.2672397959E-002
    0.000000    0.000000    1.789667    5.292000  -9.2216520452E-002
    0.000000    0.000000    1.792000    5.294333  -9.1763037681E-002
    0.000000    0.000000    1.794333    5.296667  -9.1311937088E-002
    0.000000    0.000000    1.796667    5.299000  -9.0863206070E-002
    0.000000    0.000000    1.799000    5.301333  -9.0416831978E-002
    0.000000    0.000000    1.801333    5.303667  -8.9972802125E-002
    0.000000    0.000000    1.803667    5.306000  -8.9531103785E-002
    0.000000    0.000000    1.806000    5.308333  -8.9091724201E-002
    0.000000    0.000000    1.808333    5.310667  -8.8654650584E-002
    0.000000    0.000000    1.810667    5.313000  -8.8219870120E-002
    0.000000    0.000000    1.813000    5.315333  -8.7787369970E-002
    0.000000    0.000000    1.815333    5.317667  -8.7357137275E-002
    0.000000    0.000000    1.817667    5.320000  -8.6929159159E-002
    0.000000    0.000000    1.820000    5.322333  -8.6503422730E-002
    0.000000    0.000000    1.822333    5.324667  -8.6079915087E-002
    0.000000    0.000000    1.824667    5.327000  -8.5658623319E-002
    0.000000    0.000000    1.827000    5.329333  -8.5239534510E-002
    0.000000    0.000000    1.829333    5.331667  -8.4822635743E-002
    0.000000    0.000000    1.831667    5.334000  -8.4407914098E-002
    0.000000    0.000000    1.834000    5.336333  -8.3995356661E-002
    0.000000    0.000000    1.836333    5.338667  -8.3584950521E-002
    0.000000    0.000000    1.838667    5.341000  -8.3176682777E-002
    0.000000    0.000000    1.841000    5.343333  -8.2770540539E-002
    0.000000    0.000000    1.843333    5.345667  -8.2366510929E-002
    0.000000    0.000000    1.845667    5.348000  -8.1964581087E-002
    0.000000    0.000000    1.848000    5.350333  -8.1564738169E-002
    0.000000    0.000000    1.850333    5.352667  -8.1166969354E-002
    0.000000    0.000000    1.852667    5.355000  -8.0771261841E-002
    0.000000    0.000000    1.855000    5.357333  -8.0377602859E-002
    0.000000    0.000000    1.857333    5.359667  -7.9985979660E-002
    0.000000    0.000000    1.859667    5.362000  -7.9596379527E-002
    0.000000    0.000000    1.862000    5.364333  -7.9208789778E-002
    0.000000    0.000000    1.864333    5.366667  -7.8823197760E-002
    0.000000    0.000000    1.866667    5.369000  -7.8439590859E-002
    0.000000    0.000000    1.869000    5.371333  -7.8057956499E-002
    0.000000    0.000000    1.871333    5.373667  -7.7678282142E-002
    0.000000    0.000000    1.873667    5.376000  -7.7300555294E-002
    0.000000    0.000000    1.876000    5.378333  -7.6924763503E-002
    0.000000    0.000000    1.878333    5.380667  -7.6550894362E-002
    0.000000    0.000000    1.880667    5.383000  -7.6178935512E-002
    0.000000    0.000000    1.883000    5.385333  -7.5808874643E-002
    0.000000    0.000000    1.885333    5.387667  -7.5440699493E-002
    0.000000    0.000000    1.887667    5.390000  -7.5074397855E-002
    0.000000    0.000000    1.890000    5.392333  -7.4709957574E-002
    0.000000    0.000000    1.892333    5.394667  -7.4347366548E-002
    0.000000    0.000000    1.894667    5.397000  -7.3986612735E-002
    0.000000    0.000000    1.897000    5.399333  -7.3627684146E-002
    0.000000    0.000000    1.899333    5.401667  -7.3270568856E-002
    0.000000    0.000000    1.901667    5.404000  -7.2915254997E-002
    0.000000    0.000000    1.904000    5.406333  -7.2561730764E-002
    0.000000    0.000000    1.906333    5.408667  -7.2209984412E-002
    0.000000    0.000000    1.908667    5.411000  -7.1860004264E-002
    0.000000    0.000000    1.911000    5.413333  -7.1511778704E-002
    0.000000    0.000000    1.913333    5.415667  -7.1165296185E-002
    0.000000    0.000000    1.915667    5.418000  -7.0820545226E-002
    0.000000    0.000000    1.918000    5.420333  -7.0477514412E-002
    0.000000    0.000000    1.920333    5.422667  -7.0136192401E-002
    0.000000    0.000000    1.922667    5.425000  -6.9796567916E-002
    0.000000    0.000000    1.925000    5.427333  -6.9458629756E-002
    0.000000    0.000000    1.927333    5.429667  -6.9122366786E-002
    0.000000    0.000000    1.929667    5.432000  -6.8787767947E-002
    0.000000    0.000000    1.932000    5.434333  -6.8454822252E-002
    0.000000    0.000000    1.934333    5.436667  -6.8123518786E-002
    0.000000    0.000000    1.936667    5.439000  -6.7793846712E-002
    0.000000    0.000000    1.939000    5.441333  -6.7465795263E-002
    0.000000    0.000000    1.941333    5.443667  -6.7139353753E-002
    0.000000    0.000000    1.943667    5.446000  -6.6814511567E-002
    0.000000    0.000000    1.946000    5.448333  -6.6491258169E-002
    0.000000    0.000000    1.948333    5.450667  -6.6169583100E-002
    0.000000    0.000000    1.950667    5.453000  -6.5849475978E-002
    0.000000    0.000000    1.953000    5.455333  -6.5530926499E-002
    0.000000    0.000000    1.955333    5.457667  -6.5213924437E-002
    0.000000    0.000000    1.957667    5.460000  -6.4898459645E-002
    0.000000    0.000000    1.960000    5.462333  -6.4584522054E-002
    0.000000    0.000000    1.962333    5.464667  -6.4272101675E-002
    0.000000    0.000000    1.964667    5.467000  -6.3961188598E-002
    0.000000    0.000000    1.967000    5.469333  -6.3651772992E-002
    0.000000    0.000000    1.969333    5.471667  -6.3343845107E-002
    0.000000    0.000000    1.971667    5.474000  -6.3037395272E-002
    0.000000    0.000000    1.974000    5.476333  -6.2732413896E-002
    0.000000    0.000000    1.976333    5.478667  -6.2428891468E-002
    0.000000    0.000000    1.978667    5.481000  -6.2126818558E-002
    0.000000    0.000000    1.981000    5.483333  -6.1826185815E-002
    0.000000    0.000000    1.983333    5.485667  -6.1526983970E-002
    0.000000    0.000000    1.985667    5.488000  -6.1229203832E-002
    0.000000    0.000000    1.988000    5.490333  -6.0932836291E-002
    0.000000    0.000000    1.990333    5.492667  -6.0637872319E-002
    0.000000    0.000000    1.992667    5.495000  -6.0344302966E-002
    0.000000    0.000000    1.995000    5.497333  -6.0052119361E-002
    0.000000    0.000000    1.997333    5.499667  -5.9761312715E-002
    0.000000    0.000000    1.999667    5.502000  -5.9471874318E-002
    0.000000    0.000000    2.002000    5.504333  -5.9183795540E-002
    0.000000    0.000000    2.004333    5.506667  -5.8897067827E-002
    0.000000    0.000000    2.006667    5.509000  -5.8611682709E-002
    0.000000    0.000000    2.009000    5.511333  -5.8327631792E-002
    0.000000    0.000000    2.011333    5.513667  -5.8044906760E-002
    0.000000    0.000000    2.013667    5.516000  -5.7763499376E-002
    0.000000    0.000000    2.016000    5.518333  -5.7483401483E-002
    0.000000    0.000000    2.018333    5.520667  -5.7204604998E-002
    0.000000    0.000000    2.020667    5.523000  -5.6927101919E-002
    0.000000    0.000000    2.023000    5.525333  -5.6650884318E-002
    0.000000    0.000000    2.025333    5.527667  -5.6375944346E-002
    0.000000    0.000000    2.027667    5.530000  -5.6102274228E-002
    0.000000    0.000000    2.030000    5.532333  -5.5829866267E-002
    0.000000    0.000000    2.032333    5.534667  -5.5558712840E-002
    0.000000    0.000000    2.034667    5.537000  -5.5288806400E-002
    0.000000    0.000000    2.037000    5.539333  -5.5020139475E-002
    0.000000    0.000000    2.039333    5.541667  -5.4752704666E-002
    0.000000    0.000000    2.041667    5.544000  -5.4486494648E-002
    0.000000    0.000000    2.044000    5.546333  -5.4221502169E-002
    0.000000    0.000000    2.046333    5.548667  -5.3957720052E-002
    0.000000    0.000000    2.048667    5.551000  -5.3695141189E-002
    0.000000    0.000000    2.051000    5.553333  -5.3433758545E-002
    0.000000    0.000000    2.053333    5.555667  -5.3173565159E-002
    0.000000    0.000000    2.055667    5.558000  -5.2914554136E-002
    0.000000    0.000000    2.058000    5.560333  -5.2656718655E-002
    0.000000    0.000000    2.060333    5.562667  -5.2400051962E-002
    0.000000    0.000000    2.062667    5.565000  -5.2144547375E-002
    0.000000    0.000000    2.065000    5.567333  -5.1890198277E-002
    0.000000    0.000000    2.067333    5.569667  -5.1636998123E-002
    0.000000    0.000000    2.069667    5.572000  -5.1384940431E-002
    0.000000    0.000000    2.072000    5.574333  -5.1134018791E-002
    0.000000    0.000000    2.074333    5.576667  -5.0884226854E-002
    0.000000    0.000000    2.076667    5.579000  -5.0635558340E-002
    0.000000    0.000000    2.079000    5.581333  -5.0388007033E-002
    0.000000    0.000000    2.081333    5.583667  -5.0141566782E-002
    0.000000    0.000000    2.083667    5.586000  -4.9896231499E-002
    0.000000    0.000000    2.086000    5.588333  -4.9651995160E-002
    0.000000    0.000000    2.088333    5.590667  -4.9408851803E-002
    0.000000    0.000000    2.090667    5.593000  -4.9166795528E-002
    0.000000    0.000000    2.093000    5.595333  -4.8925820497E-002
    0.000000    0.000000    2.095333    5.597667  -4.8685920931E-002
    0.000000    0.000000    2.097667    5.600000  -4.8447091115E-002
    0.000000    0.000000    2.100000    5.602333  -4.8209325388E-002
    0.000000    0.000000    2.102333    5.604667  -4.7972618153E-002
    0.000000    0.000000    2.104667    5.607000  -4.7736963867E-002
    0.000000    0.000000    2.107000    5.609333  -4.7502357047E-002
    0.000000    0.000000    2.109333    5.611667  -4.7268792267E-002
    0.000000    0.000000    2.111667    5.614000  -4.7036264155E-002
    0.000000    0.000000    2.114000    5.616333  -4.6804767396E-002
    0.000000    0.000000    2.116333    5.618667  -4.6574296732E-002
    0.000000    0.000000    2.118667    5.621000  -4.6344846955E-002
    0.000000    0.000000    2.121000    5.623333  -4.6116412914E-002
    0.000000    0.000000    2.123333    5.625667  -4.5888989509E-002
    0.000000    0.000000    2.125667    5.628000  -4.5662571695E-002
    0.000000    0.000000    2.128000    5.630333  -4.5437154475E-002
    0.000000    0.000000    2.130333    5.632667  -4.5212732906E-002
    0.000000    0.000000    2.132667    5.635000  -4.4989302094E-002
    0.000000    0.000000    2.135000    5.637333  -4.4766857195E-002
    0.000000    0.000000    2.137333    5.639667  -4.4545393415E-002
    0.000000    0.000000    2.139667    5.642000  -4.4324906006E-002
    0.000000    0.000000    2.142000    5.644333  -4.4105390272E-002
    0.000000    0.000000    2.144333    5.646667  -4.3886841559E-002
    0.000000    0.000000    2.146667    5.649000  -4.3669255265E-002
    0.000000    0.000000    2.149000    5.651333  -4.3452626829E-002
    0.000000    0.000000    2.151333    5.653667  -4.3236951739E-002
    0.000000    0.000000    2.153667    5.656000  -4.3022225525E-002
    0.000000    0.000000    2.156000    5.658333  -4.2808443763E-002
    0.000000    0.000000    2.158333    5.660667  -4.2595602071E-002
    0.000000    0.000000    2.160667    5.663000  -4.2383696110E-002
    0.000000    0.000000    2.163000    5.665333  -4.2172721585E-002
    0.000000    0.000000    2.165333    5.667667  -4.1962674241E-002
    0.000000    0.000000    2.167667    5.670000  -4.1753549863E-002
    0.000000    0.000000    2.170000    5.672333  -4.1545344278E-002
    0.000000    0.000000    2.172333    5.674667  -4.1338053352E-002
    0.000000    0.000000    2.174667    5.677000  -4.1131672990E-002
    0.000000    0.000000    2.177000    5.679333  -4.0926199137E-002
    0.000000    0.000000    2.179333    5.681667  -4.0721627775E-002
    0.000000    0.000000    2.181667    5.684000  -4.0517954922E-002
    0.000000    0.000000    2.184000    5.686333  -4.0315176634E-002
    0.000000    0.000000    2.186333    5.688667  -4.0113289005E-002
    0.000000    0.000000    2.188667    5.691000  -3.9912288161E-002
    0.000000    0.000000    2.191000    5.693333  -3.9712170267E-002
    0.000000    0.000000    2.193333    5.695667  -3.9512931520E-002
    0.000000    0.000000    2.195667    5.698000  -3.9314568150E-002
    0.000000    0.000000    2.198000    5.700333  -3.9117076424E-002
    0.000000    0.000000    2.200333    5.702667  -3.8920452640E-002
    0.000000    0.000000    2.202667    5.705000  -3.8724693126E-002
    0.000000    0.000000    2.205000    5.707333  -3.8529794247E-002
    0.000000    0.000000    2.207333    5.709667  -3.8335752394E-002
    0.000000    0.000000    2.209667    5.712000  -3.8142563992E-002
    0.000000    0.000000    2.212000    5.714333  -3.7950225496E-002
    0.000000    0.000000    2.214333    5.716667  -3.7758733389E-002
    0.000000    0.000000    2.216667    5.719000  -3.7568084185E-002
    0.000000    0.000000    2.219000    5.721333  -3.7378274425E-002
    0.000000    0.000000    2.221333    5.723667  -3.7189300680E-002
    0.000000    0.000000    2.223667    5.726000  -3.7001159549E-002
    0.000000    0.000000    2.226000    5.728333  -3.6813847655E-002
    0.000000    0.000000    2.228333    5.730667  -3.6627361651E-002
    0.000000    0.000000    2.230667    5.733000  -3.6441698215E-002
    0.000000    0.000000    2.233000    5.735333  -3.6256854052E-002
    0.000000    0.000000    2.235333    5.737667  -3.6072825890E-002
    0.000000    0.000000    2.237667    5.740000  -3.5889610483E-002
    0.000000    0.000000    2.240000    5.742333  -3.5707204612E-002
    0.000000    0.000000    2.242333    5.744667  -3.5525605078E-002
    0.000000    0.000000    2.244667    5.747000  -3.5344808707E-002
    0.000000    0.000000    2.247000    5.749333  -3.5164812350E-002
    0.000000    0.000000    2.249333    5.751667  -3.4985612878E-002
    0.000000    0.000000    2.251667    5.754000  -3.4807207186E-002
    0.000000    0.000000    2.254000    5.756333  -3.4629592189E-002
    0.000000    0.000000    2.256333    5.758667  -3.4452764827E-002
    0.000000    0.000000    2.258667    5.761000  -3.4276722057E-002
    0.000000    0.000000    2.261000    5.763333  -3.4101460859E-002
    0.000000    0.000000    2.263333    5.765667  -3.3926978234E-002
    0.000000    0.000000    2.265667    5.768000  -3.3753271200E-002
    0.000000    0.000000    2.268000    5.770333  -3.3580336796E-002
    0.000000    0.000000    2.270333    5.772667  -3.3408172082E-002
    0.000000    0.000000    2.272667    5.775000  -3.3236774134E-002
    0.000000    0.000000    2.275000    5.777333  -3.3066140048E-002
    0.000000    0.000000    2.277333    5.779667  -3.2896266937E-002
    0.000000    0.000000    2.279667    5.782000  -3.2727151932E-002
    0.000000    0.000000    2.282000    5.784333  -3.2558792181E-002
    0.000000    0.000000    2.284333    5.786667  -3.2391184852E-002
    0.000000    0.000000    2.286667    5.789000  -3.2224327125E-002
    0.000000    0.000000    2.289000    5.791333  -3.2058216199E-002
    0.000000    0.000000    2.291333    5.793667  -3.1892849290E-002
    0.000000    0.000000    2.293667    5.796000  -3.1728223627E-002
    0.000000    0.000000    2.296000    5.798333  -3.1564336455E-002
    0.000000    0.000000    2.298333    5.800667  -3.1401185037E-002
    0.000000    0.000000    2.300667    5.803000  -3.1238766647E-002
    0.000000    0.000000    2.303000    5.805333  -3.1077078576E-002
    0.000000    0.000000    2.305333    5.807667  -3.0916118128E-002
    0.000000    0.000000    2.307667    5.810000  -3.0755882621E-002
    0.000000    0.000000    2.310000    5.812333  -3.0596369388E-002
    0.000000    0.000000    2.312333    5.814667  -3.0437575773E-002
    0.000000    0.000000    2.314667    5.817000  -3.0279499136E-002
    0.000000    0.000000    2.317000    5.819333  -3.0122136846E-002
    0.000000    0.000000    2.319333    5.821667  -2.9965486289E-002
    0.000000    0.000000    2.321667    5.824000  -2.9809544860E-002
    0.000000    0.000000    2.324000    5.826333  -2.9654309968E-002
    0.000000    0.000000    2.326333    5.828667  -2.9499779033E-002
    0.000000    0.000000    2.328667    5.831000  -2.9345949487E-002
    0.000000    0.000000    2.331000    5.833333  -2.9192818773E-002
    0.000000    0.000000    2.333333    5.835667  -2.9040384345E-002
    0.000000    0.000000    2.335667    5.838000  -2.8888643668E-002
    0.000000    0.000000    2.338000    5.840333  -2.8737594219E-002
    0.000000    0.000000    2.340333    5.842667  -2.8587233483E-002
    0.000000    0.000000    2.342667    5.845000  -2.8437558959E-002
    0.000000    0.000000    2.345000    5.847333  -2.8288568152E-002
    0.000000    0.000000    2.347333    5.849667  -2.8140258579E-002
    0.000000    0.000000    2.349667    5.852000  -2.7992627767E-002
    0.000000    0.000000    2.352000    5.854333  -2.7845673252E-002
    0.000000    0.000000    2.354333    5.856667  -2.7699392579E-002
    0.000000    0.000000    2.356667    5.859000  -2.7553783302E-002
    0.000000    0.000000    2.359000    5.861333  -2.7408842986E-002
    0.000000    0.000000    2.361333    5.863667  -2.7264569201E-002
    0.000000    0.000000    2.363667    5.866000  -2.7120959529E-002
    0.000000    0.000000    2.366000    5.868333  -2.6978011560E-002
    0.000000    0.000000    2.368333    5.870667  -2.6835722890E-002
    0.000000    0.000000    2.370667    5.873000  -2.6694091126E-002
    0.000000    0.000000    2.373000    5.875333  -2.6553113882E-002
    0.000000    0.000000    2.375333    5.877667  -2.6412788778E-002
    0.000000    0.000000    2.377667    5.880000  -2.6273113444E-002
    0.000000    0.000000    2.380000    5.882333  -2.6134085517E-002
    0.000000    0.000000    2.382333    5.884667  -2.5995702642E-002
    0.000000    0.000000    2.384667    5.887000  -2.5857962469E-002
    0.000000    0.000000    2.387000    5.889333  -2.5720862658E-002
    0.000000    0.000000    2.389333    5.891667  -2.5584400874E-002
    0.000000    0.000000    2.391667    5.894000  -2.5448574790E-002
    0.000000    0.000000    2.394000    5.896333  -2.5313382085E-002
    0.000000    0.000000    2.396333    5.898667  -2.5178820446E-002
    0.000000    0.000000    2.398667    5.901000  -2.5044887565E-002
    0.000000    0.000000    2.401000    5.903333  -2.4911581142E-002
    0.000000    0.000000    2.403333    5.905667  -2.4778898881E-002
    0.000000    0.000000    2.405667    5.908000  -2.4646838496E-002
    0.000000    0.000000    2.408000    5.910333  -2.4515397702E-002
    0.000000    0.000000    2.410333    5.912667  -2.4384574226E-002
    0.000000    0.000000    2.412667    5.915000  -2.4254365796E-002
    0.000000    0.000000    2.415000    5.917333  -2.4124770149E-002
    0.000000    0.000000    2.417333    5.919667  -2.3995785026E-002
    0.000000    0.000000    2.419667    5.922000  -2.3867408174E-002
    0.000000    0.000000    2.422000    5.924333  -2.3739637346E-002
    0.000000    0.000000    2.424333    5.926667  -2.3612470301E-002
    0.000000    0.000000    2.426667    5.929000  -2.3485904803E-002
    0.000000    0.000000    2.429000    5.931333  -2.3359938621E-002
    0.000000    0.000000    2.431333    5.933667  -2.3234569530E-002
    0.000000    0.000000    2.433667    5.936000  -2.3109795310E-002
    0.000000    0.000000    2.436000    5.938333  -2.2985613746E-002
    0.000000    0.000000    2.438333    5.940667  -2.2862022627E-002
    0.000000    0.000000    2.440667    5.943000  -2.2739019750E-002
    0.000000    0.000000    2.443000    5.945333  -2.2616602915E-002
    0.000000    0.000000    2.445333    5.947667  -2.2494769927E-002
    0.000000    0.000000    2.447667    5.950000  -2.2373518596E-002
    0.000000    0.000000    2.450000    5.952333  -2.2252846738E-002
    0.000000    0.000000    2.452333    5.954667  -2.2132752172E-002
    0.000000    0.000000    2.454667    5.957000  -2.2013232722E-002
    0.000000    0.000000    2.457000    5.959333  -2.1894286218E-002
    0.000000    0.000000    2.459333    5.961667  -2.1775910495E-002
    0.000000    0.000000    2.461667    5.964000  -2.1658103390E-002
    0.000000    0.000000    2.464000    5.966333  -2.1540862747E-002
    0.000000    0.000000    2.466333    5.968667  -2.1424186414E-002
    0.000000    0.000000    2.468667    5.971000  -2.1308072242E-002
    0.000000    0.000000    2.471000    5.973333  -2.1192518089E-002
    0.000000    0.000000    2.473333    5.975667  -2.1077521816E-002
    0.000000    0.000000    2.475667    5.978000  -2.0963081288E-002
    0.000000    0.000000    2.478000    5.980333  -2.0849194375E-002
    0.000000    0.000000    2.480333    5.982667  -2.0735858952E-002
    0.000000    0.000000    2.482667    5.985000  -2.0623072898E-002
    0.000000    0.000000    2.485000    5.987333  -2.0510834095E-002
    0.000000    0.000000    2.487333    5.989667  -2.0399140431E-002
    0.000000    0.000000    2.489667    5.992000  -2.0287989797E-002
    0.000000    0.000000    2.492000    5.994333  -2.0177380090E-002
    0.000000    0.000000    2.494333    5.996667  -2.0067309208E-002
    0.000000    0.000000    2.496667    5.999000  -1.9957775058E-002
    0.000000    0.000000    2.499000    6.001333  -1.9848775547E-002
    0.000000    0.000000    2.501333    6.003667  -1.9740308587E-002
    0.000000    0.000000    2.503667    6.006000  -1.9632372097E-002
    0.000000    0.000000    2.506000    6.008333  -1.9524963996E-002
    0.000000    0.000000    2.508333    6.010667  -1.9418082211E-002
    0.000000    0.000000    2.510667    6.013000  -1.9311724670E-002
    0.000000    0.000000    2.513000    6.015333  -1.9205889308E-002
    0.000000    0.000000    2.515333    6.017667  -1.9100574062E-002
    0.000000    0.000000    2.517667    6.020000  -1.8995776873E-002
    0.000000    0.000000    2.520000    6.022333  -1.8891495688E-002
    0.000000    0.000000    2.522333    6.024667  -1.8787728457E-002
    0.000000    0.000000    2.524667    6.027000  -1.8684473134E-002
    0.000000    0.000000    2.527000    6.029333  -1.8581727677E-002
    0.000000    0.000000    2.529333    6.031667  -1.8479490049E-002
    0.000000    0.000000    2.531667    6.034000  -1.8377758217E-002
    0.000000    0.000000    2.534000    6.036333  -1.8276530152E-002
    0.000000    0.000000    2.536333    6.038667  -1.8175803827E-002
    0.000000    0.000000    2.538667    6.041000  -1.8075577223E-002
    0.000000    0.000000    2.541000    6.043333  -1.7975848322E-002
    0.000000    0.000000    2.543333    6.045667  -1.7876615111E-002
    0.000000    0.000000    2.545667    6.048000  -1.7777875583E-002
    0.000000    0.000000    2.548000    6.050333  -1.7679627732E-002
    0.000000    0.000000    2.550333    6.052667  -1.7581869559E-002
    0.000000    0.000000    2.552667    6.055000  -1.7484599068E-002
    0.000000    0.000000    2.555000    6.057333  -1.7387814265E-002
    0.000000    0.000000    2.557333    6.059667  -1.7291513165E-002
    0.000000    0.000000    2.559667    6.062000  -1.7195693782E-002
    0.000000    0.000000    2.562000    6.064333  -1.7100354139E-002
    0.000000    0.000000    2.564333    6.066667  -1.7005492259E-002
    0.000000    0.000000    2.566667    6.069000  -1.6911106172E-002
    0.000000    0.000000    2.569000    6.071333  -1.6817193911E-002
    0.000000    0.000000    2.571333    6.073667  -1.6723753514E-002
    0.000000    0.000000    2.573667    6.076000  -1.6630783023E-002
    0.000000    0.000000    2.576000    6.078333  -1.6538280484E-002
    0.000000    0.000000    2.578333    6.080667  -1.6446243946E-002
    0.000000    0.000000    2.580667    6.083000  -1.6354671465E-002
    0.000000    0.000000    2.583000    6.085333  -1.6263561101E-002
    0.000000    0.000000    2.585333    6.087667  -1.6172910915E-002
    0.000000    0.000000    2.587667    6.090000  -1.6082718976E-002
    0.000000    0.000000    2.590000    6.092333  -1.5992983355E-002
    0.000000    0.000000    2.592333    6.094667  -1.5903702130E-002
    0.000000    0.000000    2.594667    6.097000  -1.5814873380E-002
    0.000000    0.000000    2.597000    6.099333  -1.5726495191E-002
    0.000000    0.000000    2.599333    6.101667  -1.5638565653E-002
    0.000000    0.000000    2.601667    6.104000  -1.5551082859E-002
    0.000000    0.000000    2.604000    6.106333  -1.5464044907E-002
    0.000000    0.000000    2.606333    6.108667  -1.5377449901E-002
    0.000000    0.000000    2.608667    6.111000  -1.5291295948E-002
    0.000000    0.000000    2.611000    6.113333  -1.5205581160E-002
    0.000000    0.000000    2.613333    6.115667  -1.5120303652E-002
    0.000000    0.000000    2.615667    6.118000  -1.5035461546E-002
    0.000000    0.000000    2.618000    6.120333  -1.4951052967E-002
    0.000000    0.000000    2.620333    6.122667  -1.4867076045E-002
    0.000000    0.000000    2.622667    6.125000  -1.4783528914E-002
    0.000000    0.000000    2.625000    6.127333  -1.4700409714E-002
    0.000000    0.000000    2.627333    6.129667  -1.4617716587E-002
    0.000000    0.000000    2.629667    6.132000  -1.4535447683E-002
    0.000000    0.000000    2.632000    6.134333  -1.4453601154E-002
    0.000000    0.000000    2.634333    6.136667  -1.4372175157E-002
    0.000000    0.000000    2.636667    6.139000  -1.4291167855E-002
    0.000000    0.000000    2.639000    6.141333  -1.4210577414E-002
    0.000000    0.000000    2.641333    6.143667  -1.4130402007E-002
    0.000000    0.000000    2.643667    6.146000  -1.4050639809E-002
    0.000000    0.000000    2.646000    6.148333  -1.3971289001E-002
    0.000000    0.000000    2.648333    6.150667  -1.3892347769E-002
    0.000000    0.000000    2.650667    6.153000  -1.3813814304E-002
    0.000000    0.000000    2.653000    6.155333  -1.3735686801E-002
    0.000000    0.000000    2.655333    6.157667  -1.3657963459E-002
    0.000000    0.000000    2.657667    6.160000  -1.3580642484E-002
    0.000000    0.000000    2.660000    6.162333  -1.3503722086E-002
    0.000000    0.000000    2.662333    6.164667  -1.3427200479E-002
    0.000000    0.000000    2.664667    6.167000  -1.3351075882E-002
    0.000000    0.000000    2.667000    6.169333  -1.3275346519E-002
    0.000000    0.000000    2.669333    6.171667  -1.3200010621E-002
    0.000000    0.000000    2.671667    6.174000  -1.3125066420E-002
    0.000000    0.000000    2.674000    6.176333  -1.3050512155E-002
    0.000000    0.000000    2.676333    6.178667  -1.2976346072E-002
    0.000000    0.000000    2.678667    6.181000  -1.2902566418E-002
    0.000000    0.000000    2.681000    6.183333  -1.2829171447E-002
    0.000000    0.000000    2.683333    6.185667  -1.2756159418E-002
    0.000000    0.000000    2.685667    6.188000  -1.2683528595E-002
    0.000000    0.000000    2.688000    6.190333  -1.2611277246E-002
    0.000000    0.000000    2.690333    6.192667  -1.2539403646E-002
    0.000000    0.000000    2.692667    6.195000  -1.2467906073E-002
    0.000000    0.000000    2.695000    6.197333  -1.2396782811E-002
    0.000000    0.000000    2.697333    6.199667  -1.2326032149E-002
    0.000000    0.000000    2.699667    6.202000  -1.2255652381E-002
    0.000000    0.000000    2.702000    6.204333  -1.2185641806E-002
    0.000000    0.000000    2.704333    6.206667  -1.2115998728E-002
    0.000000    0.000000    2.706667    6.209000  -1.2046721457E-002
    0.000000    0.000000    2.709000    6.211333  -1.1977808306E-002
    0.000000    0.000000    2.711333    6.213667  -1.1909257596E-002
    0.000000    0.000000    2.713667    6.216000  -1.1841067651E-002
    0.000000    0.000000    2.716000    6.218333  -1.1773236800E-002
    0.000000    0.000000    2.718333    6.220667  -1.1705763380E-002
    0.000000    0.000000    2.720667    6.223000  -1.1638645730E-002
    0.000000    0.000000    2.723000    6.225333  -1.1571882195E-002
    0.000000    0.000000    2.725333    6.227667  -1.1505471126E-002
    0.000000    0.000000    2.727667    6.230000  -1.1439410879E-002
    0.000000    0.000000    2.730000    6.232333  -1.1373699814E-002
    0.000000    0.000000    2.732333    6.234667  -1.1308336299E-002
    0.000000    0.000000    2.734667    6.237000  -1.1243318704E-002
    0.000000    0.000000    2.737000    6.239333  -1.1178645406E-002
    0.000000    0.000000    2.739333    6.241667  -1.1114314788E-002
    0.000000    0.000000    2.741667    6.244000  -1.1050325236E-002
    0.000000    0.000000    2.744000    6.246333  -1.0986675143E-002
    0.000000    0.000000    2.746333    6.248667  -1.0923362907E-002
    0.000000    0.000000    2.748667    6.251000  -1.0860386930E-002
    0.000000    0.000000    2.751000    6.253333  -1.0797745622E-002
    0.000000    0.000000    2.753333    6.255667  -1.0735437396E-002
    0.000000    0.000000    2.755667    6.258000  -1.0673460671E-002
    0.000000    0.000000    2.758000    6.260333  -1.0611813871E-002
    0.000000    0.000000    2.760333    6.262667  -1.0550495426E-002
    0.000000    0.000000    2.762667    6.265000  -1.0489503772E-002
    0.000000    0.000000    2.765000    6.267333  -1.0428837348E-002
    0.000000    0.000000    2.767333    6.269667  -1.0368494599E-002
    0.000000    0.000000    2.769667    6.272000  -1.0308473979E-002
    0.000000    0.000000    2.772000    6.274333  -1.0248773941E-002
    0.000000    0.000000    2.774333    6.276667  -1.0189392950E-002
    0.000000    0.000000    2.776667    6.279000  -1.0130329470E-002
    0.000000    0.000000    2.779000    6.281333  -1.0071581976E-002
    0.000000    0.000000    2.781333    6.283667  -1.0013148945E-002
    0.000000    0.000000    2.783667    6.286000  -9.9550288601E-003
    0.000000    0.000000    2.786000    6.288333  -9.8972202102E-003
    0.000000    0.000000    2.788333    6.290667  -9.8397214894E-003
    0.000000    0.000000    2.790667    6.293000  -9.7825311971E-003
    0.000000    0.000000    2.793000    6.295333  -9.7256478383E-003
    0.000000    0.000000    2.795333    6.297667  -9.6690699231E-003
    0.000000    0.000000    2.797667    6.300000  -9.6127959673E-003
    0.000000    0.000000    2.800000    6.302333  -9.5568244919E-003
    0.000000    0.000000    2.802333    6.304667  -9.5011540234E-003
    0.000000    0.000000    2.804667    6.307000  -9.4457830937E-003
    0.000000    0.000000    2.807000    6.309333  -9.3907102402E-003
    0.000000    0.000000    2.809333    6.311667  -9.3359340054E-003
    0.000000    0.000000    2.811667    6.314000  -9.2814529377E-003
    0.000000    0.000000    2.814000    6.316333  -9.2272655905E-003
    0.000000    0.000000    2.816333    6.318667  -9.1733705228E-003
    0.000000    0.000000    2.818667    6.321000  -9.1197662990E-003
    0.000000    0.000000    2.821000    6.323333  -9.0664514889E-003
    0.000000    0.000000    2.823333    6.325667  -9.0134246677E-003
    0.000000    0.000000    2.825667    6.328000  -8.9606844160E-003
    0.000000    0.000000    2.828000    6.330333  -8.9082293200E-003
    0.000000    0.000000    2.830333    6.332667  -8.8560579710E-003
    0.000000    0.000000    2.832667    6.335000  -8.8041689659E-003
    0.000000    0.000000    2.835000    6.337333  -8.7525609070E-003
    0.000000    0.000000    2.837333    6.339667  -8.7012324021E-003
    0.000000    0.000000    2.839667    6.342000  -8.6501820643E-003
    0.000000    0.000000    2.842000    6.344333  -8.5994085119E-003
    0.000000    0.000000    2.844333    6.346667  -8.5489103691E-003
    0.000000    0.000000    2.846667    6.349000  -8.4986862651E-003
    0.000000    0.000000    2.849000    6.351333  -8.4487348346E-003
    0.000000    0.000000    2.851333    6.353667  -8.3990547178E-003
    0.000000    0.000000    2.853667    6.356000  -8.3496445602E-003
    0.000000    0.000000    2.856000    6.358333  -8.3005030127E-003
    0.000000    0.000000    2.858333    6.360667  -8.2516287316E-003
    0.000000    0.000000    2.860667    6.363000  -8.2030203785E-003
    0.000000    0.000000    2.863000    6.365333  -8.1546766206E-003
    0.000000    0.000000    2.865333    6.367667  -8.1065961302E-003
    0.000000    0.000000    2.867667    6.370000  -8.0587775852E-003
    0.000000    0.000000    2.870000    6.372333  -8.0112196688E-003
    0.000000    0.000000    2.872333    6.374667  -7.9639210694E-003
    0.000000    0.000000    2.874667    6.377000  -7.9168804810E-003
    0.000000    0.000000    2.877000    6.379333  -7.8700966028E-003
    0.000000    0.000000    2.879333    6.381667  -7.8235681395E-003
    0.000000    0.000000    2.881667    6.384000  -7.7772938008E-003
    0.000000    0.000000    2.884000    6.386333  -7.7312723021E-003
    0.000000    0.000000    2.886333    6.388667  -7.6855023640E-003
    0.000000    0.000000    2.888667    6.391000  -7.6399827124E-003
    0.000000    0.000000    2.891000    6.393333  -7.5947120784E-003
    0.000000    0.000000    2.893333    6.395667  -7.5496891988E-003
    0.000000    0.000000    2.895667    6.398000  -7.5049128152E-003
    0.000000    0.000000    2.898000    6.400333  -7.4603816748E-003
    0.000000    0.000000    2.900333    6.402667  -7.4160945301E-003
    0.000000    0.000000    2.902667    6.405000  -7.3720501388E-003
    0.000000    0.000000    2.905000    6.407333  -7.3282472637E-003
    0.000000    0.000000    2.907333    6.409667  -7.2846846732E-003
    0.000000    0.000000    2.909667    6.412000  -7.2413611408E-003
    0.000000    0.000000    2.912000    6.414333  -7.1982754452E-003
    0.000000    0.000000    2.914333    6.416667  -7.1554263704E-003
    0.000000    0.000000    2.916667    6.419000  -7.1128127056E-003
    0.000000    0.000000    2.919000    6.421333  -7.0704332452E-003
    0.000000    0.000000    2.921333    6.423667  -7.0282867890E-003
    0.000000    0.000000    2.923667    6.426000  -6.9863721419E-003
    0.000000    0.000000    2.926000    6.428333  -6.9446881137E-003
    0.000000    0.000000    2.928333    6.430667  -6.9032335199E-003
    0.000000    0.000000    2.930667    6.433000  -6.8620071809E-003
    0.000000    0.000000    2.933000    6.435333  -6.8210079222E-003
    0.000000    0.000000    2.935333    6.437667  -6.7802345747E-003
    0.000000    0.000000    2.937667    6.440000  -6.7396859741E-003
    0.000000    0.000000    2.940000    6.442333  -6.6993609617E-003
    0.000000    0.000000    2.942333    6.444667  -6.6592583836E-003
    0.000000    0.000000    2.944667    6.447000  -6.6193770911E-003
    0.000000    0.000000    2.947000    6.449333  -6.5797159405E-003
    0.000000    0.000000    2.949333    6.451667  -6.5402737935E-003
    0.000000    0.000000    2.951667    6.454000  -6.5010495166E-003
    0.000000    0.000000    2.954000    6.456333  -6.4620419815E-003
    0.000000    0.000000    2.956333    6.458667  -6.4232500650E-003
    0.000000    0.000000    2.958667    6.461000  -6.3846726487E-003
    0.000000    0.000000    2.961000    6.463333  -6.3463086197E-003
    0.000000    0.000000    2.963333    6.465667  -6.3081568698E-003
    0.000000    0.000000    2.965667    6.468000  -6.2702162958E-003
    0.000000    0.000000    2.968000    6.470333  -6.2324857996E-003
    0.000000    0.000000    2.970333    6.472667  -6.1949642883E-003
    0.000000    0.000000    2.972667    6.475000  -6.1576506737E-003
    0.000000    0.000000    2.975000    6.477333  -6.1205438725E-003
    0.000000    0.000000    2.977333    6.479667  -6.0836428068E-003
    0.000000    0.000000    2.979667    6.482000  -6.0469464032E-003
    0.000000    0.000000    2.982000    6.484333  -6.0104535935E-003
    0.000000    0.000000    2.984333    6.486667  -5.9741633144E-003
    0.000000    0.000000    2.986667    6.489000  -5.9380745073E-003
    0.000000    0.000000    2.989000    6.491333  -5.9021861187E-003
    0.000000    0.000000    2.991333    6.493667  -5.8664971000E-003
    0.000000    0.000000    2.993667    6.496000  -5.8310064074E-003
    0.000000    0.000000    2.996000    6.498333  -5.7957130020E-003
    0.000000    0.000000    2.998333    6.500667  -5.7606158497E-003
    0.000000    0.000000    3.000667    6.503000  -5.7257139213E-003
    0.000000    0.000000    3.003000    6.505333  -5.6910061924E-003
    0.000000    0.000000    3.005333    6.507667  -5.6564916433E-003
    0.000000    0.000000    3.007667    6.510000  -5.6221692594E-003
    0.000000    0.000000    3.010000    6.512333  -5.5880380304E-003
    0.000000    0.000000    3.012333    6.514667  -5.5540969513E-003
    0.000000    0.000000    3.014667    6.517000  -5.5203450214E-003
    0.000000    0.000000    3.017000    6.519333  -5.4867812451E-003
    0.000000    0.000000    3.019333    6.521667  -5.4534046313E-003
    0.000000    0.000000    3.021667    6.524000  -5.4202141937E-003
    0.000000    0.000000    3.024000    6.526333  -5.3872089507E-003
    0.000000    0.000000    3.026333    6.528667  -5.3543879253E-003
    0.000000    0.000000    3.028667    6.531000  -5.3217501453E-003
    0.000000    0.000000    3.031000    6.533333  -5.2892946432E-003
    0.000000    0.000000    3.033333    6.535667  -5.2570204558E-003
    0.000000    0.000000    3.035667    6.538000  -5.2249266250E-003
    0.000000    0.000000    3.038000    6.540333  -5.1930121971E-003
    0.000000    0.000000    3.040333    6.542667  -5.1612762228E-003
    0.000000    0.000000    3.042667    6.545000  -5.1297177577E-003
    0.000000    0.000000    3.045000    6.547333  -5.0983358618E-003
    0.000000    0.000000    3.047333    6.549667  -5.0671295997E-003
    0.000000    0.000000    3.049667    6.552000  -5.0360980406E-003
    0.000000    0.000000    3.052000    6.554333  -5.0052402581E-003
    0.000000    0.000000    3.054333    6.556667  -4.9745553305E-003
    0.000000    0.000000    3.056667    6.559000  -4.9440423404E-003
    0.000000    0.000000    3.059000    6.561333  -4.9137003749E-003
    0.000000    0.000000    3.061333    6.563667  -4.8835285257E-003
    0.000000    0.000000    3.063667    6.566000  -4.8535258889E-003
    0.000000    0.000000    3.066000    6.568333  -4.8236915650E-003
    0.000000    0.000000    3.068333    6.570667  -4.7940246590E-003
    0.000000    0.000000    3.070667    6.573000  -4.7645242802E-003
    0.000000    0.000000    3.073000    6.575333  -4.7351895422E-003
    0.000000    0.000000    3.075333    6.577667  -4.7060195634E-003
    0.000000    0.000000    3.077667    6.580000  -4.6770134661E-003
    0.000000    0.000000    3.080000    6.582333  -4.6481703771E-003
    0.000000    0.000000    3.082333    6.584667  -4.6194894276E-003
    0.000000    0.000000    3.084667    6.587000  -4.5909697532E-003
    0.000000    0.000000    3.087000    6.589333  -4.5626104935E-003
    0.000000    0.000000    3.089333    6.591667  -4.5344107925E-003
    0.000000    0.000000    3.091667    6.594000  -4.5063697988E-003
    0.000000    0.000000    3.094000    6.596333  -4.4784866647E-003
    0.000000    0.000000    3.096333    6.598667  -4.4507605472E-003
    0.000000    0.000000    3.098667    6.601000  -4.4231906072E-003
    0.000000    0.000000    3.101000    6.603333  -4.3957760100E-003
    0.000000    0.000000    3.103333    6.605667  -4.3685159250E-003
    0.000000    0.000000    3.105667    6.608000  -4.3414095259E-003
    0.000000    0.000000    3.108000    6.610333  -4.3144559903E-003
    0.000000    0.000000    3.110333    6.612667  -4.2876545003E-003
    0.000000    0.000000    3.112667    6.615000  -4.2610042418E-003
    0.000000    0.000000    3.115000    6.617333  -4.2345044051E-003
    0.000000    0.000000    3.117333    6.619667  -4.2081541842E-003
    0.000000    0.000000    3.119667    6.622000  -4.1819527777E-003
    0.000000    0.000000    3.122000    6.624333  -4.1558993877E-003
    0.000000    0.000000    3.124333    6.626667  -4.1299932209E-003
    0.000000    0.000000    3.126667    6.629000  -4.1042334877E-003
    0.000000    0.000000    3.129000    6.631333  -4.0786194024E-003
    0.000000    0.000000    3.131333    6.633667  -4.0531501838E-003
    0.000000    0.000000    3.133667    6.636000  -4.0278250541E-003
    0.000000    0.000000    3.136000    6.638333  -4.0026432399E-003
    0.000000    0.000000    3.138333    6.640667  -3.9776039715E-003
    0.000000    0.000000    3.140667    6.643000  -3.9527064833E-003
    0.000000    0.000000    3.143000    6.645333  -3.9279500135E-003
    0.000000    0.000000    3.145333    6.647667  -3.9033338043E-003
    0.000000    0.000000    3.147667    6.650000  -3.8788571018E-003
    0.000000    0.000000    3.150000    6.652333  -3.8545191558E-003
    0.000000    0.000000    3.152333    6.654667  -3.8303192202E-003
    0.000000    0.000000    3.154667    6.657000  -3.8062565525E-003
    0.000000    0.000000    3.157000    6.659333  -3.7823304142E-003
    0.000000    0.000000    3.159333    6.661667  -3.7585400705E-003
    0.000000    0.000000    3.161667    6.664000  -3.7348847906E-003
    0.000000    0.000000    3.164000    6.666333  -3.7113638472E-003
    0.000000    0.000000    3.166333    6.668667  -3.6879765169E-003
    0.000000    0.000000    3.168667    6.671000  -3.6647220801E-003
    0.000000    0.000000    3.171000    6.673333  -3.6415998208E-003
    0.000000    0.000000    3.173333    6.675667  -3.6186090268E-003
    0.000000    0.000000    3.175667    6.678000  -3.5957489896E-003
    0.000000    0.000000    3.178000    6.680333  -3.5730190043E-003
    0.000000    0.000000    3.180333    6.682667  -3.5504183697E-003
    0.000000    0.000000    3.182667    6.685000  -3.5279463884E-003
    0.000000    0.000000    3.185000    6.687333  -3.5056023664E-003
    0.000000    0.000000    3.187333    6.689667  -3.4833856135E-003
    0.000000    0.000000    3.189667    6.692000  -3.4612954430E-003
    0.000000    0.000000    3.192000    6.694333  -3.4393311718E-003
    0.000000    0.000000    3.194333    6.696667  -3.4174921204E-003
    0.000000    0.000000    3.196667    6.699000  -3.3957776128E-003
    0.000000    0.000000    3.199000    6.701333  -3.3741869767E-003
    0.000000    0.000000    3.201333    6.703667  -3.3527195431E-003
    0.000000    0.000000    3.203667    6.706000  -3.3313746467E-003
    0.000000    0.000000    3.206000    6.708333  -3.3101516255E-003
    0.000000    0.000000    3.208333    6.710667  -3.2890498211E-003
    0.000000    0.000000    3.210667    6.713000  -3.2680685786E-003
    0.000000    0.000000    3.213000    6.715333  -3.2472072465E-003
    0.000000    0.000000    3.215333    6.717667  -3.2264651766E-003
    0.000000    0.000000    3.217667    6.720000  -3.2058417244E-003
    0.000000    0.000000    3.220000    6.722333  -3.1853362485E-003
    0.000000    0.000000    3.222333    6.724667  -3.1649481110E-003
    0.000000    0.000000    3.224667    6.727000  -3.1446766775E-003
    0.000000    0.000000    3.227000    6.729333  -3.1245213167E-003
    0.000000    0.000000    3.229333    6.731667  -3.1044814009E-003
    0.000000    0.000000    3.231667    6.734000  -3.0845563055E-003
    0.000000    0.000000    3.234000    6.736333  -3.0647454092E-003
    0.000000    0.000000    3.236333    6.738667  -3.0450480943E-003
    0.000000    0.000000    3.238667    6.741000  -3.0254637459E-003
    0.000000    0.000000    3.241000    6.743333  -3.0059917528E-003
    0.000000    0.000000    3.243333    6.745667  -2.9866315068E-003
    0.000000    0.000000    3.245667    6.748000  -2.9673824030E-003
    0.000000    0.000000    3.248000    6.750333  -2.9482438396E-003
    0.000000    0.000000    3.250333    6.752667  -2.9292152182E-003
    0.000000    0.000000    3.252667    6.755000  -2.9102959435E-003
    0.000000    0.000000    3.255000    6.757333  -2.8914854232E-003
    0.000000    0.000000    3.257333    6.759667  -2.8727830683E-003
    0.000000    0.000000    3.259667    6.762000  -2.8541882931E-003
    0.000000    0.000000    3.262000    6.764333  -2.8357005147E-003
    0.000000    0.000000    3.264333    6.766667  -2.8173191535E-003
    0.000000    0.000000    3.266667    6.769000  -2.7990436329E-003
    0.000000    0.000000    3.269000    6.771333  -2.7808733795E-003
    0.000000    0.000000    3.271333    6.773667  -2.7628078228E-003
    0.000000    0.000000    3.273667    6.776000  -2.7448463955E-003
    0.000000    0.000000    3.276000    6.778333  -2.7269885333E-003
    0.000000    0.000000    3.278333    6.780667  -2.7092336747E-003
    0.000000    0.000000    3.280667    6.783000  -2.6915812616E-003
    0.000000    0.000000    3.283000    6.785333  -2.6740307385E-003
    0.000000    0.000000    3.285333    6.787667  -2.6565815531E-003
    0.000000    0.000000    3.287667    6.790000  -2.6392331560E-003
    0.000000    0.000000    3.290000    6.792333  -2.6219850007E-003
    0.000000    0.000000    3.292333    6.794667  -2.6048365437E-003
    0.000000    0.000000    3.294667    6.797000  -2.5877872444E-003
    0.000000    0.000000    3.297000    6.799333  -2.5708365650E-003
    0.000000    0.000000    3.299333    6.801667  -2.5539839707E-003
    0.000000    0.000000    3.301667    6.804000  -2.5372289296E-003
    0.000000    0.000000    3.304000    6.806333  -2.5205709125E-003
    0.000000    0.000000    3.306333    6.808667  -2.5040093931E-003
    0.000000    0.000000    3.308667    6.811000  -2.4875438481E-003
    0.000000    0.000000    3.311000    6.813333  -2.4711737567E-003
    0.000000    0.000000    3.313333    6.815667  -2.4548986011E-003
    0.000000    0.000000    3.315667    6.818000  -2.4387178664E-003
    0.000000    0.000000    3.318000    6.820333  -2.4226310401E-003
    0.000000    0.000000    3.320333    6.822667  -2.4066376128E-003
    0.000000    0.000000    3.322667    6.825000  -2.3907370777E-003
    0.000000    0.000000    3.325000    6.827333  -2.3749289307E-003
    0.000000    0.000000    3.327333    6.829667  -2.3592126706E-003
    0.000000    0.000000    3.329667    6.832000  -2.3435877985E-003
    0.000000    0.000000    3.332000    6.834333  -2.3280538186E-003
    0.000000    0.000000    3.334333    6.836667  -2.3126102377E-003
    0.000000    0.000000    3.336667    6.839000  -2.2972565649E-003
    0.000000    0.000000    3.339000    6.841333  -2.2819923125E-003
    0.000000    0.000000    3.341333    6.843667  -2.2668169949E-003
    0.000000    0.000000    3.343667    6.846000  -2.2517301296E-003
    0.000000    0.000000    3.346000    6.848333  -2.2367312362E-003
    0.000000    0.000000    3.348333    6.850667  -2.2218198374E-003
    0.000000    0.000000    3.350667    6.853000  -2.2069954581E-003
    0.000000    0.000000    3.353000    6.855333  -2.1922576258E-003
    0.000000    0.000000    3.355333    6.857667  -2.1776058709E-003
    0.000000    0.000000    3.357667    6.860000  -2.1630397258E-003
    0.000000    0.000000    3.360000    6.862333  -2.1485587258E-003
    0.000000    0.000000    3.362333    6.864667  -2.1341624087E-003
    0.000000    0.000000    3.364667    6.867000  -2.1198503146E-003
    0.000000    0.000000    3.367000    6.869333  -2.1056219862E-003
    0.000000    0.000000    3.369333    6.871667  -2.0914769686E-003
    0.000000    0.000000    3.371667    6.874000  -2.0774148095E-003
    0.000000    0.000000    3.374000    6.876333  -2.0634350589E-003
    0.000000    0.000000    3.376333    6.878667  -2.0495372693E-003
    0.000000    0.000000    3.378667    6.881000  -2.0357209956E-003
    0.000000    0.000000    3.381000    6.883333  -2.0219857951E-003
    0.000000    0.000000    3.383333    6.885667  -2.0083312275E-003
    0.000000    0.000000    3.385667    6.888000  -1.9947568548E-003
    0.000000    0.000000    3.388000    6.890333  -1.9812622415E-003
    0.000000    0.000000    3.390333    6.892667  -1.9678469544E-003
    0.000000    0.000000    3.392667    6.895000  -1.9545105626E-003
    0.000000    0.000000    3.395000    6.897333  -1.9412526376E-003
    0.000000    0.000000    3.397333    6.899667  -1.9280727531E-003
    0.000000    0.000000    3.399667    6.902000  -1.9149704852E-003
    0.000000    0.000000    3.402000    6.904333  -1.9019454123E-003
    0.000000    0.000000    3.404333    6.906667  -1.8889971150E-003
    0.000000    0.000000    3.406667    6.909000  -1.8761251763E-003
    0.000000    0.000000    3.409000    6.911333  -1.8633291813E-003
    0.000000    0.000000    3.411333    6.913667  -1.8506087173E-003
    0.000000    0.000000    3.413667    6.916000  -1.8379633741E-003
    0.000000    0.000000    3.416000    6.918333  -1.8253927435E-003
    0.000000    0.000000    3.418333    6.920667  -1.8128964195E-003
    0.000000    0.000000    3.420667    6.923000  -1.8004739983E-003
    0.000000    0.000000    3.423000    6.925333  -1.7881250785E-003
    0.000000    0.000000    3.425333    6.927667  -1.7758492606E-003
    0.000000    0.000000    3.427667    6.930000  -1.7636461473E-003
    0.000000    0.000000    3.430000    6.932333  -1.7515153435E-003
    0.000000    0.000000    3.432333    6.934667  -1.7394564563E-003
    0.000000    0.000000    3.434667    6.937000  -1.7274690948E-003
    0.000000    0.000000    3.437000    6.939333  -1.7155528703E-003
    0.000000    0.000000    3.439333    6.941667  -1.7037073962E-003
    0.000000    0.000000    3.441667    6.944000  -1.6919322878E-003
    0.000000    0.000000    3.444000    6.946333  -1.6802271626E-003
    0.000000    0.000000    3.446333    6.948667  -1.6685916404E-003
    0.000000    0.000000    3.448667    6.951000  -1.6570253426E-003
    0.000000    0.000000    3.451000    6.953333  -1.6455278931E-003
    0.000000    0.000000    3.453333    6.955667  -1.6340989174E-003
    0.000000    0.000000    3.455667    6.958000  -1.6227380433E-003
    0.000000    0.000000    3.458000    6.960333  -1.6114449005E-003
    0.000000    0.000000    3.460333    6.962667  -1.6002191208E-003
    0.000000    0.000000    3.462667    6.965000  -1.5890603378E-003
    0.000000    0.000000    3.465000    6.967333  -1.5779681873E-003
    0.000000    0.000000    3.467333    6.969667  -1.5669423068E-003
    0.000000    0.000000    3.469667    6.972000  -1.5559823360E-003
    0.000000    0.000000    3.472000    6.974333  -1.5450879164E-003
    0.000000    0.000000    3.474333    6.976667  -1.5342586915E-003
    0.000000    0.000000    3.476667    6.979000  -1.5234943067E-003
    0.000000    0.000000    3.479000    6.981333  -1.5127944092E-003
    0.000000    0.000000    3.481333    6.983667  -1.5021586482E-003
    0.000000    0.000000    3.483667    6.986000  -1.4915866748E-003
    0.000000    0.000000    3.486000    6.988333  -1.4810781421E-003
    0.000000    0.000000    3.488333    6.990667  -1.4706327047E-003
    0.000000    0.000000    3.490667    6.993000  -1.4602500193E-003
    0.000000    0.000000    3.493000    6.995333  -1.4499297446E-003
    0.000000    0.000000    3.495333    6.997667  -1.4396715408E-003
    0.000000    0.000000    3.497667    7.000000  -1.4294750701E-003
