    0.000000    0.000000   -3.500000    0.002333   1.1107496034E-003
    0.000000    0.000000   -3.497667    0.004667   1.1164141711E-003
    0.000000    0.000000   -3.495333    0.007000   1.1221051510E-003
    0.000000    0.000000   -3.493000    0.009333   1.1278226575E-003
    0.000000    0.000000   -3.490667    0.011667   1.1335668059E-003
    0.000000    0.000000   -3.488333    0.014000   1.1393377117E-003
    0.000000    0.000000   -3.486000    0.016333   1.1451354912E-003
    0.000000    0.000000   -3.483667    0.018667   1.1509602613E-003
    0.000000    0.000000   -3.481333    0.021000   1.1568121393E-003
    0.000000    0.000000   -3.479000    0.023333   1.1626912432E-003
    0.000000    0.000000   -3.476667    0.025667   1.1685976915E-003
    0.000000    0.000000   -3.474333    0.028000   1.1745316034E-003
    0.000000    0.000000   -3.472000    0.030333   1.1804930986E-003
    0.000000    0.000000   -3.469667    0.032667   1.1864822976E-003
    0.000000    0.000000   -3.467333    0.035000   1.1924993211E-003
    0.000000    0.000000   -3.465000    0.037333   1.1985442907E-003
    0.000000    0.000000   -3.462667    0.039667   1.2046173287E-003
    0.000000    0.000000   -3.460333    0.042000   1.2107185578E-003
    0.000000    0.000000   -3.458000    0.044333   1.2168481013E-003
    0.000000    0.000000   -3.455667    0.046667   1.2230060832E-003
    0.000000    0.000000   -3.453333    0.049000   1.2291926284E-003
    0.000000    0.000000   -3.451000    0.051333   1.2354078619E-003
    0.000000    0.000000   -3.448667    0.053667   1.2416519097E-003
    0.000000    0.000000   -3.446333    0.056000   1.2479248984E-003
    0.000000    0.000000   -3.444000    0.058333   1.2542269552E-003
    0.000000    0.000000   -3.441667    0.060667   1.2605582079E-003
    0.000000    0.000000   -3.439333    0.063000   1.2669187851E-003
    0.000000    0.000000   -3.437000    0.065333   1.2733088159E-003
    0.000000    0.000000   -3.434667    0.067667   1.2797284302E-003
    0.000000    0.000000   -3.432333    0.070000   1.2861777585E-003
    0.000000    0.000000   -3.430000    0.072333   1.2926569320E-003
    0.000000    0.000000   -3.427667    0.074667   1.2991660826E-003
    0.000000    0.000000   -3.425333    0.077000   1.3057053428E-003
    0.000000    0.000000   -3.423000    0.079333   1.3122748460E-003
    0.000000    0.000000   -3.420667    0.081667   1.3188747260E-003
    0.000000    0.000000   -3.418333    0.084000   1.3255051175E-003
    0.000000    0.000000   -3.416000    0.086333   1.3321661560E-003
    0.000000    0.000000   -3.413667    0.088667   1.3388579774E-003
    0.000000    0.000000   -3.411333    0.091000   1.3455807186E-003
    0.000000    0.000000   -3.409000    0.093333   1.3523345171E-003
    0.000000    0.000000   -3.406667    0.095667   1.3591195112E-003
    0.000000    0.000000   -3.404333    0.098000   1.3659358399E-003
    0.000000    0.000000   -3.402000    0.100333   1.3727836428E-003
    0.000000    0.000000   -3.399667    0.102667   1.3796630606E-003
    0.000000    0.000000   -3.397333    0.105000   1.3865742343E-003
    0.000000    0.000000   -3.395000    0.107333   1.3935173061E-003
    0.000000    0.000000   -3.392667    0.109667   1.4004924186E-003
    0.000000    0.000000   -3.390333    0.112000   1.4074997154E-003
    0.000000    0.000000   -3.388000    0.114333   1.4145393409E-003
    0.000000    0.000000   -3.385667    0.116667   1.4216114399E-003
    0.000000    0.000000   -3.383333    0.119000   1.4287161586E-003
    0.000000    0.000000   -3.381000    0.121333   1.4358536434E-003
    0.000000    0.000000   -3.378667    0.123667   1.4430240419E-003
    0.000000    0.000000   -3.376333    0.126000   1.4502275023E-003
    0.000000    0.000000   -3.374000    0.128333   1.4574641738E-003
    0.000000    0.000000   -3.371667    0.130667   1.4647342061E-003
    0.000000    0.000000   -3.369333    0.133000   1.4720377501E-003
    0.000000    0.000000   -3.367000    0.135333   1.4793749573E-003
    0.000000    0.000000   -3.364667    0.137667   1.4867459800E-003
    0.000000    0.000000   -3.362333    0.140000   1.4941509715E-003
    0.000000    0.000000   -3.360000    0.142333   1.5015900859E-003
    0.000000    0.000000   -3.357667    0.144667   1.5090634781E-003
    0.000000    0.000000   -3.355333    0.147000   1.5165713040E-003
    0.000000    0.000000   -3.353000    0.149333   1.5241137201E-003
    0.000000    0.000000   -3.350667    0.151667   1.5316908840E-003
    0.000000    0.000000   -3.348333    0.154000   1.5393029541E-003
    0.000000    0.000000   -3.346000    0.156333   1.5469500898E-003
    0.000000    0.000000   -3.343667    0.158667   1.5546324512E-003
    0.000000    0.000000   -3.341333    0.161000   1.5623501995E-003
    0.000000    0.000000   -3.339000    0.163333   1.5701034966E-003
    0.000000    0.000000   -3.336667    0.165667   1.5778925056E-003
    0.000000    0.000000   -3.334333    0.168000   1.5857173903E-003
    0.000000    0.000000   -3.332000    0.170333   1.5935783154E-003
    0.000000    0.000000   -3.329667    0.172667   1.6014754466E-003
    0.000000    0.000000   -3.327333    0.175000   1.6094089507E-003
    0.000000    0.000000   -3.325000    0.177333   1.6173789953E-003
    0.000000    0.000000   -3.322667    0.179667   1.6253857489E-003
    0.000000    0.000000   -3.320333    0.182000   1.6334293811E-003
    0.000000    0.000000   -3.318000    0.184333   1.6415100625E-003
    0.000000    0.000000   -3.315667    0.186667   1.6496279644E-003
    0.000000    0.000000   -3.313333    0.189000   1.6577832594E-003
    0.000000    0.000000   -3.311000    0.191333   1.6659761209E-003
    0.000000    0.000000   -3.308667    0.193667   1.6742067236E-003
    0.000000    0.000000   -3.306333    0.196000   1.6824752427E-003
    0.000000    0.000000   -3.304000    0.198333   1.6907818550E-003
    0.000000    0.000000   -3.301667    0.200667   1.6991267378E-003
    0.000000    0.000000   -3.299333    0.203000   1.7075100698E-003
    0.000000    0.000000   -3.297000    0.205333   1.7159320306E-003
    0.000000    0.000000   -3.294667    0.207667   1.7243928009E-003
    0.000000    0.000000   -3.292333    0.210000   1.7328925624E-003
    0.000000    0.000000   -3.290000    0.212333   1.7414314978E-003
    0.000000    0.000000   -3.287667    0.214667   1.7500097911E-003
    0.000000    0.000000   -3.285333    0.217000   1.7586276271E-003
    0.000000    0.000000   -3.283000    0.219333   1.7672851920E-003
    0.000000    0.000000   -3.280667    0.221667   1.7759826728E-003
    0.000000    0.000000   -3.278333    0.224000   1.7847202578E-003
    0.000000    0.000000   -3.276000    0.226333   1.7934981364E-003
    0.000000    0.000000   -3.273667    0.228667   1.8023164990E-003
    0.000000    0.000000   -3.271333    0.231000   1.8111755372E-003
    0.000000    0.000000   -3.269000    0.233333   1.8200754438E-003
    0.000000    0.000000   -3.266667    0.235667   1.8290164127E-003
    0.000000    0.000000   -3.264333    0.238000   1.8379986390E-003
    0.000000    0.000000   -3.262000    0.240333   1.8470223188E-003
    0.000000    0.000000   -3.259667    0.242667   1.8560876496E-003
    0.000000    0.000000   -3.257333    0.245000   1.8651948300E-003
    0.000000    0.000000   -3.255000    0.247333   1.8743440596E-003
    0.000000    0.000000   -3.252667    0.249667   1.8835355396E-003
    0.000000    0.000000   -3.250333    0.252000   1.8927694721E-003
    0.000000    0.000000   -3.248000    0.254333   1.9020460605E-003
    0.000000    0.000000   -3.245667    0.256667   1.9113655094E-003
    0.000000    0.000000   -3.243333    0.259000   1.9207280247E-003
    0.000000    0.000000   -3.241000    0.261333   1.9301338136E-003
    0.000000    0.000000   -3.238667    0.263667   1.9395830844E-003
    0.000000    0.000000   -3.236333    0.266000   1.9490760467E-003
    0.000000    0.000000   -3.234000    0.268333   1.9586129115E-003
    0.000000    0.000000   -3.231667    0.270667   1.9681938910E-003
    0.000000    0.000000   -3.229333    0.273000   1.9778191988E-003
    0.000000    0.000000   -3.227000    0.275333   1.9874890495E-003
    0.000000    0.000000   -3.224667    0.277667   1.9972036593E-003
    0.000000    0.000000   -3.222333    0.280000   2.0069632456E-003
    0.000000    0.000000   -3.220000    0.282333   2.0167680273E-003
    0.000000    0.000000   -3.217667    0.284667   2.0266182245E-003
    0.000000    0.000000   -3.215333    0.287000   2.0365140585E-003
    0.000000    0.000000   -3.213000    0.289333   2.0464557523E-003
    0.000000    0.000000   -3.210667    0.291667   2.0564435301E-003
    0.000000    0.000000   -3.208333    0.294000   2.0664776174E-003
    0.000000    0.000000   -3.206000    0.296333   2.0765582413E-003
    0.000000    0.000000   -3.203667    0.298667   2.0866856300E-003
    0.000000    0.000000   -3.201333    0.301000   2.0968600135E-003
    0.000000    0.000000   -3.199000    0.303333   2.1070816230E-003
    0.000000    0.000000   -3.196667    0.305667   2.1173506911E-003
    0.000000    0.000000   -3.194333    0.308000   2.1276674518E-003
    0.000000    0.000000   -3.192000    0.310333   2.1380321409E-003
    0.000000    0.000000   -3.189667    0.312667   2.1484449952E-003
    0.000000    0.000000   -3.187333    0.315000   2.1589062534E-003
    0.000000    0.000000   -3.185000    0.317333   2.1694161554E-003
    0.000000    0.000000   -3.182667    0.319667   2.1799749426E-003
    0.000000    0.000000   -3.180333    0.322000   2.1905828582E-003
    0.000000    0.000000   -3.178000    0.324333   2.2012401465E-003
    0.000000    0.000000   -3.175667    0.326667   2.2119470537E-003
    0.000000    0.000000   -3.173333    0.329000   2.2227038274E-003
    0.000000    0.000000   -3.171000    0.331333   2.2335107167E-003
    0.000000    0.000000   -3.168667    0.333667   2.2443679723E-003
    0.000000    0.000000   -3.166333    0.336000   2.2552758465E-003
    0.000000    0.000000   -3.164000    0.338333   2.2662345932E-003
    0.000000    0.000000   -3.161667    0.340667   2.2772444678E-003
    0.000000    0.000000   -3.159333    0.343000   2.2883057275E-003
    0.000000    0.000000   -3.157000    0.345333   2.2994186309E-003
    0.000000    0.000000   -3.154667    0.347667   2.3105834384E-003
    0.000000    0.000000   -3.152333    0.350000   2.3218004119E-003
    0.000000    0.000000   -3.150000    0.352333   2.3330698152E-003
    0.000000    0.000000   -3.147667    0.354667   2.3443919134E-003
    0.000000    0.000000   -3.145333    0.357000   2.3557669736E-003
    0.000000    0.000000   -3.143000    0.359333   2.3671952645E-003
    0.000000    0.000000   -3.140667    0.361667   2.3786770565E-003
    0.000000    0.000000   -3.138333    0.364000   2.3902126216E-003
    0.000000    0.000000   -3.136000    0.366333   2.4018022336E-003
    0.000000    0.000000   -3.133667    0.368667   2.4134461682E-003
    0.000000    0.000000   -3.131333    0.371000   2.4251447027E-003
    0.000000    0.000000   -3.129000    0.373333   2.4368981161E-003
    0.000000    0.000000   -3.126667    0.375667   2.4487066892E-003
    0.000000    0.000000   -3.124333    0.378000   2.4605707048E-003
    0.000000    0.000000   -3.122000    0.380333   2.4724904473E-003
    0.000000    0.000000   -3.119667    0.382667   2.4844662029E-003
    0.000000    0.000000   -3.117333    0.385000   2.4964982598E-003
    0.000000    0.000000   -3.115000    0.387333   2.5085869078E-003
    0.000000    0.000000   -3.112667    0.389667   2.5207324388E-003
    0.000000    0.000000   -3.110333    0.392000   2.5329351463E-003
    0.000000    0.000000   -3.108000    0.394333   2.5451953259E-003
    0.000000    0.000000   -3.105667    0.396667   2.5575132751E-003
    0.000000    0.000000   -3.103333    0.399000   2.5698892930E-003
    0.000000    0.000000   -3.101000    0.401333   2.5823236811E-003
    0.000000    0.000000   -3.098667    0.403667   2.5948167423E-003
    0.000000    0.000000   -3.096333    0.406000   2.6073687819E-003
    0.000000    0.000000   -3.094000    0.408333   2.6199801068E-003
    0.000000    0.000000   -3.091667    0.410667   2.6326510262E-003
    0.000000    0.000000   -3.089333    0.413000   2.6453818509E-003
    0.000000    0.000000   -3.087000    0.415333   2.6581728941E-003
    0.000000    0.000000   -3.084667    0.417667   2.6710244707E-003
    0.000000    0.000000   -3.082333    0.420000   2.6839368977E-003
    0.000000    0.000000   -3.080000    0.422333   2.6969104943E-003
    0.000000    0.000000   -3.077667    0.424667   2.7099455815E-003
    0.000000    0.000000   -3.075333    0.427000   2.7230424826E-003
    0.000000    0.000000   -3.073000    0.429333   2.7362015227E-003
    0.000000    0.000000   -3.070667    0.431667   2.7494230294E-003
    0.000000    0.000000   -3.068333    0.434000   2.7627073319E-003
    0.000000    0.000000   -3.066000    0.436333   2.7760547619E-003
    0.000000    0.000000   -3.063667    0.438667   2.7894656531E-003
    0.000000    0.000000   -3.061333    0.441000   2.8029403413E-003
    0.000000    0.000000   -3.059000    0.443333   2.8164791646E-003
    0.000000    0.000000   -3.056667    0.445667   2.8300824631E-003
    0.000000    0.000000   -3.054333    0.448000   2.8437505793E-003
    0.000000    0.000000   -3.052000    0.450333   2.8574838576E-003
    0.000000    0.000000   -3.049667    0.452667   2.8712826450E-003
    0.000000    0.000000   -3.047333    0.455000   2.8851472904E-003
    0.000000    0.000000   -3.045000    0.457333   2.8990781452E-003
    0.000000    0.000000   -3.042667    0.459667   2.9130755627E-003
    0.000000    0.000000   -3.040333    0.462000   2.9271398990E-003
    0.000000    0.000000   -3.038000    0.464333   2.9412715120E-003
    0.000000    0.000000   -3.035667    0.466667   2.9554707623E-003
    0.000000    0.000000   -3.033333    0.469000   2.9697380124E-003
    0.000000    0.000000   -3.031000    0.471333   2.9840736275E-003
    0.000000    0.000000   -3.028667    0.473667   2.9984779750E-003
    0.000000    0.000000   -3.026333    0.476000   3.0129514247E-003
    0.000000    0.000000   -3.024000    0.478333   3.0274943487E-003
    0.000000    0.000000   -3.021667    0.480667   3.0421071215E-003
    0.000000    0.000000   -3.019333    0.483000   3.0567901202E-003
    0.000000    0.000000   -3.017000    0.485333   3.0715437241E-003
    0.000000    0.000000   -3.014667    0.487667   3.0863683150E-003
    0.000000    0.000000   -3.012333    0.490000   3.1012642772E-003
    0.000000    0.000000   -3.010000    0.492333   3.1162319975E-003
    0.000000    0.000000   -3.007667    0.494667   3.1312718651E-003
    0.000000    0.000000   -3.005333    0.497000   3.1463842716E-003
    0.000000    0.000000   -3.003000    0.499333   3.1615696115E-003
    0.000000    0.000000   -3.000667    0.501667   3.1768282813E-003
    0.000000    0.000000   -2.998333    0.504000   3.1921606806E-003
    0.000000    0.000000   -2.996000    0.506333   3.2075672110E-003
    0.000000    0.000000   -2.993667    0.508667   3.2230482772E-003
    0.000000    0.000000   -2.991333    0.511000   3.2386042862E-003
    0.000000    0.000000   -2.989000    0.513333   3.2542356475E-003
    0.000000    0.000000   -2.986667    0.515667   3.2699427736E-003
    0.000000    0.000000   -2.984333    0.518000   3.2857260794E-003
    0.000000    0.000000   -2.982000    0.520333   3.3015859824E-003
    0.000000    0.000000   -2.979667    0.522667   3.3175229029E-003
    0.000000    0.000000   -2.977333    0.525000   3.3335372638E-003
    0.000000    0.000000   -2.975000    0.527333   3.3496294909E-003
    0.000000    0.000000   -2.972667    0.529667   3.3658000124E-003
    0.000000    0.000000   -2.970333    0.532000   3.3820492595E-003
    0.000000    0.000000   -2.968000    0.534333   3.3983776661E-003
    0.000000    0.000000   -2.965667    0.536667   3.4147856687E-003
    0.000000    0.000000   -2.963333    0.539000   3.4312737069E-003
    0.000000    0.000000   -2.961000    0.541333   3.4478422228E-003
    0.000000    0.000000   -2.958667    0.543667   3.4644916614E-003
    0.000000    0.000000   -2.956333    0.546000   3.4812224706E-003
    0.000000    0.000000   -2.954000    0.548333   3.4980351011E-003
    0.000000    0.000000   -2.951667    0.550667   3.5149300066E-003
    0.000000    0.000000   -2.949333    0.553000   3.5319076434E-003
    0.000000    0.000000   -2.947000    0.555333   3.5489684710E-003
    0.000000    0.000000   -2.944667    0.557667   3.5661129516E-003
    0.000000    0.000000   -2.942333    0.560000   3.5833415504E-003
    0.000000    0.000000   -2.940000    0.562333   3.6006547356E-003
    0.000000    0.000000   -2.937667    0.564667   3.6180529783E-003
    0.000000    0.000000   -2.935333    0.567000   3.6355367527E-003
    0.000000    0.000000   -2.933000    0.569333   3.6531065358E-003
    0.000000    0.000000   -2.930667    0.571667   3.6707628077E-003
    0.000000    0.000000   -2.928333    0.574000   3.6885060517E-003
    0.000000    0.000000   -2.926000    0.576333   3.7063367538E-003
    0.000000    0.000000   -2.923667    0.578667   3.7242554034E-003
    0.000000    0.000000   -2.921333    0.581000   3.7422624929E-003
    0.000000    0.000000   -2.919000    0.583333   3.7603585176E-003
    0.000000    0.000000   -2.916667    0.585667   3.7785439762E-003
    0.000000    0.000000   -2.914333    0.588000   3.7968193702E-003
    0.000000    0.000000   -2.912000    0.590333   3.8151852047E-003
    0.000000    0.000000   -2.909667    0.592667   3.8336419875E-003
    0.000000    0.000000   -2.907333    0.595000   3.8521902299E-003
    0.000000    0.000000   -2.905000    0.597333   3.8708304463E-003
    0.000000    0.000000   -2.902667    0.599667   3.8895631543E-003
    0.000000    0.000000   -2.900333    0.602000   3.9083888748E-003
    0.000000    0.000000   -2.898000    0.604333   3.9273081318E-003
    0.000000    0.000000   -2.895667    0.606667   3.9463214526E-003
    0.000000    0.000000   -2.893333    0.609000   3.9654293681E-003
    0.000000    0.000000   -2.891000    0.611333   3.9846324121E-003
    0.000000    0.000000   -2.888667    0.613667   4.0039311219E-003
    0.000000    0.000000   -2.886333    0.616000   4.0233260380E-003
    0.000000    0.000000   -2.884000    0.618333   4.0428177046E-003
    0.000000    0.000000   -2.881667    0.620667   4.0624066689E-003
    0.000000    0.000000   -2.879333    0.623000   4.0820934816E-003
    0.000000    0.000000   -2.877000    0.625333   4.1018786970E-003
    0.000000    0.000000   -2.874667    0.627667   4.1217628724E-003
    0.000000    0.000000   -2.872333    0.630000   4.1417465690E-003
    0.000000    0.000000   -2.870000    0.632333   4.1618303512E-003
    0.000000    0.000000   -2.867667    0.634667   4.1820147869E-003
    0.000000    0.000000   -2.865333    0.637000   4.2023004475E-003
    0.000000    0.000000   -2.863000    0.639333   4.2226879081E-003
    0.000000    0.000000   -2.860667    0.641667   4.2431777469E-003
    0.000000    0.000000   -2.858333    0.644000   4.2637705460E-003
    0.000000    0.000000   -2.856000    0.646333   4.2844668911E-003
    0.000000    0.000000   -2.853667    0.648667   4.3052673712E-003
    0.000000    0.000000   -2.851333    0.651000   4.3261725790E-003
    0.000000    0.000000   -2.849000    0.653333   4.3471831109E-003
    0.000000    0.000000   -2.846667    0.655667   4.3682995669E-003
    0.000000    0.000000   -2.844333    0.658000   4.3895225506E-003
    0.000000    0.000000   -2.842000    0.660333   4.4108526692E-003
    0.000000    0.000000   -2.839667    0.662667   4.4322905339E-003
    0.000000    0.000000   -2.837333    0.665000   4.4538367591E-003
    0.000000    0.000000   -2.835000    0.667333   4.4754919634E-003
    0.000000    0.000000   -2.832667    0.669667   4.4972567687E-003
    0.000000    0.000000   -2.830333    0.672000   4.5191318011E-003
    0.000000    0.000000   -2.828000    0.674333   4.5411176900E-003
    0.000000    0.000000   -2.825667    0.676667   4.5632150691E-003
    0.000000    0.000000   -2.823333    0.679000   4.5854245753E-003
    0.000000    0.000000   -2.821000    0.681333   4.6077468499E-003
    0.000000    0.000000   -2.818667    0.683667   4.6301825376E-003
    0.000000    0.000000   -2.816333    0.686000   4.6527322873E-003
    0.000000    0.000000   -2.814000    0.688333   4.6753967514E-003
    0.000000    0.000000   -2.811667    0.690667   4.6981765866E-003
    0.000000    0.000000   -2.809333    0.693000   4.7210724531E-003
    0.000000    0.000000   -2.807000    0.695333   4.7440850153E-003
    0.000000    0.000000   -2.804667    0.697667   4.7672149415E-003
    0.000000    0.000000   -2.802333    0.700000   4.7904629038E-003
    0.000000    0.000000   -2.800000    0.702333   4.8138295785E-003
    0.000000    0.000000   -2.797667    0.704667   4.8373156457E-003
    0.000000    0.000000   -2.795333    0.707000   4.8609217896E-003
    0.000000    0.000000   -2.793000    0.709333   4.8846486984E-003
    0.000000    0.000000   -2.790667    0.711667   4.9084970644E-003
    0.000000    0.000000   -2.788333    0.714000   4.9324675837E-003
    0.000000    0.000000   -2.786000    0.716333   4.9565609569E-003
    0.000000    0.000000   -2.783667    0.718667   4.9807778884E-003
    0.000000    0.000000   -2.781333    0.721000   5.0051190867E-003
    0.000000    0.000000   -2.779000    0.723333   5.0295852646E-003
    0.000000    0.000000   -2.776667    0.725667   5.0541771389E-003
    0.000000    0.000000   -2.774333    0.728000   5.0788954306E-003
    0.000000    0.000000   -2.772000    0.730333   5.1037408648E-003
    0.000000    0.000000   -2.769667    0.732667   5.1287141710E-003
    0.000000    0.000000   -2.767333    0.735000   5.1538160826E-003
    0.000000    0.000000   -2.765000    0.737333   5.1790473375E-003
    0.000000    0.000000   -2.762667    0.739667   5.2044086778E-003
    0.000000    0.000000   -2.760333    0.742000   5.2299008497E-003
    0.000000    0.000000   -2.758000    0.744333   5.2555246038E-003
    0.000000    0.000000   -2.755667    0.746667   5.2812806949E-003
    0.000000    0.000000   -2.753333    0.749000   5.3071698822E-003
    0.000000    0.000000   -2.751000    0.751333   5.3331929292E-003
    0.000000    0.000000   -2.748667    0.753667   5.3593506037E-003
    0.000000    0.000000   -2.746333    0.756000   5.3856436779E-003
    0.000000    0.000000   -2.744000    0.758333   5.4120729283E-003
    0.000000    0.000000   -2.741667    0.760667   5.4386391359E-003
    0.000000    0.000000   -2.739333    0.763000   5.4653430859E-003
    0.000000    0.000000   -2.737000    0.765333   5.4921855683E-003
    0.000000    0.000000   -2.734667    0.767667   5.5191673770E-003
    0.000000    0.000000   -2.732333    0.770000   5.5462893109E-003
    0.000000    0.000000   -2.730000    0.772333   5.5735521729E-003
    0.000000    0.000000   -2.727667    0.774667   5.6009567707E-003
    0.000000    0.000000   -2.725333    0.777000   5.6285039164E-003
    0.000000    0.000000   -2.723000    0.779333   5.6561944265E-003
    0.000000    0.000000   -2.720667    0.781667   5.6840291222E-003
    0.000000    0.000000   -2.718333    0.784000   5.7120088291E-003
    0.000000    0.000000   -2.716000    0.786333   5.7401343774E-003
    0.000000    0.000000   -2.713667    0.788667   5.7684066021E-003
    0.000000    0.000000   -2.711333    0.791000   5.7968263423E-003
    0.000000    0.000000   -2.709000    0.793333   5.8253944422E-003
    0.000000    0.000000   -2.706667    0.795667   5.8541117504E-003
    0.000000    0.000000   -2.704333    0.798000   5.8829791200E-003
    0.000000    0.000000   -2.702000    0.800333   5.9119974090E-003
    0.000000    0.000000   -2.699667    0.802667   5.9411674800E-003
    0.000000    0.000000   -2.697333    0.805000   5.9704902001E-003
    0.000000    0.000000   -2.695000    0.807333   5.9999664414E-003
    0.000000    0.000000   -2.692667    0.809667   6.0295970804E-003
    0.000000    0.000000   -2.690333    0.812000   6.0593829985E-003
    0.000000    0.000000   -2.688000    0.814333   6.0893250818E-003
    0.000000    0.000000   -2.685667    0.816667   6.1194242211E-003
    0.000000    0.000000   -2.683333    0.819000   6.1496813121E-003
    0.000000    0.000000   -2.681000    0.821333   6.1800972552E-003
    0.000000    0.000000   -2.678667    0.823667   6.2106729555E-003
    0.000000    0.000000   -2.676333    0.826000   6.2414093231E-003
    0.000000    0.000000   -2.674000    0.828333   6.2723072727E-003
    0.000000    0.000000   -2.671667    0.830667   6.3033677240E-003
    0.000000    0.000000   -2.669333    0.833000   6.3345916015E-003
    0.000000    0.000000   -2.667000    0.835333   6.3659798346E-003
    0.000000    0.000000   -2.664667    0.837667   6.3975333575E-003
    0.000000    0.000000   -2.662333    0.840000   6.4292531093E-003
    0.000000    0.000000   -2.660000    0.842333   6.4611400341E-003
    0.000000    0.000000   -2.657667    0.844667   6.4931950808E-003
    0.000000    0.000000   -2.655333    0.847000   6.5254192034E-003
    0.000000    0.000000   -2.653000    0.849333   6.5578133605E-003
    0.000000    0.000000   -2.650667    0.851667   6.5903785160E-003
    0.000000    0.000000   -2.648333    0.854000   6.6231156386E-003
    0.000000    0.000000   -2.646000    0.856333   6.6560257022E-003
    0.000000    0.000000   -2.643667    0.858667   6.6891096852E-003
    0.000000    0.000000   -2.641333    0.861000   6.7223685717E-003
    0.000000    0.000000   -2.639000    0.863333   6.7558033501E-003
    0.000000    0.000000   -2.636667    0.865667   6.7894150144E-003
    0.000000    0.000000   -2.634333    0.868000   6.8232045634E-003
    0.000000    0.000000   -2.632000    0.870333   6.8571730008E-003
    0.000000    0.000000   -2.629667    0.872667   6.8913213358E-003
    0.000000    0.000000   -2.627333    0.875000   6.9256505823E-003
    0.000000    0.000000   -2.625000    0.877333   6.9601617594E-003
    0.000000    0.000000   -2.622667    0.879667   6.9948558913E-003
    0.000000    0.000000   -2.620333    0.882000   7.0297340074E-003
    0.000000    0.000000   -2.618000    0.884333   7.0647971422E-003
    0.000000    0.000000   -2.615667    0.886667   7.1000463352E-003
    0.000000    0.000000   -2.613333    0.889000   7.1354826312E-003
    0.000000    0.000000   -2.611000    0.891333   7.1711070801E-003
    0.000000    0.000000   -2.608667    0.893667   7.2069207370E-003
    0.000000    0.000000   -2.606333    0.896000   7.2429246621E-003
    0.000000    0.000000   -2.604000    0.898333   7.2791199210E-003
    0.000000    0.000000   -2.601667    0.900667   7.3155075843E-003
    0.000000    0.000000   -2.599333    0.903000   7.3520887279E-003
    0.000000    0.000000   -2.597000    0.905333   7.3888644329E-003
    0.000000    0.000000   -2.594667    0.907667   7.4258357856E-003
    0.000000    0.000000   -2.592333    0.910000   7.4630038776E-003
    0.000000    0.000000   -2.590000    0.912333   7.5003698058E-003
    0.000000    0.000000   -2.587667    0.914667   7.5379346724E-003
    0.000000    0.000000   -2.585333    0.917000   7.5756995846E-003
    0.000000    0.000000   -2.583000    0.919333   7.6136656553E-003
    0.000000    0.000000   -2.580667    0.921667   7.6518340023E-003
    0.000000    0.000000   -2.578333    0.924000   7.6902057490E-003
    0.000000    0.000000   -2.576000    0.926333   7.7287820239E-003
    0.000000    0.000000   -2.573667    0.928667   7.7675639611E-003
    0.000000    0.000000   -2.571333    0.931000   7.8065526998E-003
    0.000000    0.000000   -2.569000    0.933333   7.8457493846E-003
    0.000000    0.000000   -2.566667    0.935667   7.8851551655E-003
    0.000000    0.000000   -2.564333    0.938000   7.9247711978E-003
    0.000000    0.000000   -2.562000    0.940333   7.9645986423E-003
    0.000000    0.000000   -2.559667    0.942667   8.0046386650E-003
    0.000000    0.000000   -2.557333    0.945000   8.0448924374E-003
    0.000000    0.000000   -2.555000    0.947333   8.0853611365E-003
    0.000000    0.000000   -2.552667    0.949667   8.1260459445E-003
    0.000000    0.000000   -2.550333    0.952000   8.1669480491E-003
    0.000000    0.000000   -2.548000    0.954333   8.2080686434E-003
    0.000000    0.000000   -2.545667    0.956667   8.2494089261E-003
    0.000000    0.000000   -2.543333    0.959000   8.2909701012E-003
    0.000000    0.000000   -2.541000    0.961333   8.3327533781E-003
    0.000000    0.000000   -2.538667    0.963667   8.3747599718E-003
    0.000000    0.000000   -2.536333    0.966000   8.4169911027E-003
    0.000000    0.000000   -2.534000    0.968333   8.4594479966E-003
    0.000000    0.000000   -2.531667    0.970667   8.5021318848E-003
    0.000000    0.000000   -2.529333    0.973000   8.5450440044E-003
    0.000000    0.000000   -2.527000    0.975333   8.5881855975E-003
    0.000000    0.000000   -2.524667    0.977667   8.6315579121E-003
    0.000000    0.000000   -2.522333    0.980000   8.6751622014E-003
    0.000000    0.000000   -2.520000    0.982333   8.7189997245E-003
    0.000000    0.000000   -2.517667    0.984667   8.7630717457E-003
    0.000000    0.000000   -2.515333    0.987000   8.8073795351E-003
    0.000000    0.000000   -2.513000    0.989333   8.8519243680E-003
    0.000000    0.000000   -2.510667    0.991667   8.8967075255E-003
    0.000000    0.000000   -2.508333    0.994000   8.9417302943E-003
    0.000000    0.000000   -2.506000    0.996333   8.9869939666E-003
    0.000000    0.000000   -2.503667    0.998667   9.0324998401E-003
    0.000000    0.000000   -2.501333    1.001000   9.0782492181E-003
    0.000000    0.000000   -2.499000    1.003333   9.1242434096E-003
    0.000000    0.000000   -2.496667    1.005667   9.1704837290E-003
    0.000000    0.000000   -2.494333    1.008000   9.2169714966E-003
    0.000000    0.000000   -2.492000    1.010333   9.2637080380E-003
    0.000000    0.000000   -2.489667    1.012667   9.3106946846E-003
    0.000000    0.000000   -2.487333    1.015000   9.3579327733E-003
    0.000000    0.000000   -2.485000    1.017333   9.4054236468E-003
    0.000000    0.000000   -2.482667    1.019667   9.4531686533E-003
    0.000000    0.000000   -2.480333    1.022000   9.5011691466E-003
    0.000000    0.000000   -2.478000    1.024333   9.5494264864E-003
    0.000000    0.000000   -2.475667    1.026667   9.5979420377E-003
    0.000000    0.000000   -2.473333    1.029000   9.6467171714E-003
    0.000000    0.000000   -2.471000    1.031333   9.6957532642E-003
    0.000000    0.000000   -2.468667    1.033667   9.7450516980E-003
    0.000000    0.000000   -2.466333    1.036000   9.7946138610E-003
    0.000000    0.000000   -2.464000    1.038333   9.8444411465E-003
    0.000000    0.000000   -2.461667    1.040667   9.8945349540E-003
    0.000000    0.000000   -2.459333    1.043000   9.9448966883E-003
    0.000000    0.000000   -2.457000    1.045333   9.9955277602E-003
    0.000000    0.000000   -2.454667    1.047667   1.0046429586E-002
    0.000000    0.000000   -2.452333    1.050000   1.0097603588E-002
    0.000000    0.000000   -2.450000    1.052333   1.0149051194E-002
    0.000000    0.000000   -2.447667    1.054667   1.0200773838E-002
    0.000000    0.000000   -2.445333    1.057000   1.0252772959E-002
    0.000000    0.000000   -2.443000    1.059333   1.0305050002E-002
    0.000000    0.000000   -2.440667    1.061667   1.0357606417E-002
    0.000000    0.000000   -2.438333    1.064000   1.0410443663E-002
    0.000000    0.000000   -2.436000    1.066333   1.0463563201E-002
    0.000000    0.000000   -2.433667    1.068667   1.0516966499E-002
    0.000000    0.000000   -2.431333    1.071000   1.0570655031E-002
    0.000000    0.000000   -2.429000    1.073333   1.0624630277E-002
    0.000000    0.000000   -2.426667    1.075667   1.0678893724E-002
    0.000000    0.000000   -2.424333    1.078000   1.0733446861E-002
    0.000000    0.000000   -2.422000    1.080333   1.0788291187E-002
    0.000000    0.000000   -2.419667    1.082667   1.0843428205E-002
    0.000000    0.000000   -2.417333    1.085000   1.0898859424E-002
    0.000000    0.000000   -2.415000    1.087333   1.0954586357E-002
    0.000000    0.000000   -2.412667    1.089667   1.1010610527E-002
    0.000000    0.000000   -2.410333    1.092000   1.1066933459E-002
    0.000000    0.000000   -2.408000    1.094333   1.1123556687E-002
    0.000000    0.000000   -2.405667    1.096667   1.1180481748E-002
    0.000000    0.000000   -2.403333    1.099000   1.1237710186E-002
    0.000000    0.000000   -2.401000    1.101333   1.1295243552E-002
    0.000000    0.000000   -2.398667    1.103667   1.1353083402E-002
    0.000000    0.000000   -2.396333    1.106000   1.1411231297E-002
    0.000000    0.000000   -2.394000    1.108333   1.1469688807E-002
    0.000000    0.000000   -2.391667    1.110667   1.1528457503E-002
    0.000000    0.000000   -2.389333    1.113000   1.1587538967E-002
    0.000000    0.000000   -2.387000    1.115333   1.1646934784E-002
    0.000000    0.000000   -2.384667    1.117667   1.1706646546E-002
    0.000000    0.000000   -2.382333    1.120000   1.1766675850E-002
    0.000000    0.000000   -2.380000    1.122333   1.1827024301E-002
    0.000000    0.000000   -2.377667    1.124667   1.1887693509E-002
    0.000000    0.000000   -2.375333    1.127000   1.1948685088E-002
    0.000000    0.000000   -2.373000    1.129333   1.2010000662E-002
    0.000000    0.000000   -2.370667    1.131667   1.2071641857E-002
    0.000000    0.000000   -2.368333    1.134000   1.2133610309E-002
    0.000000    0.000000   -2.366000    1.136333   1.2195907657E-002
    0.000000    0.000000   -2.363667    1.138667   1.2258535547E-002
    0.000000    0.000000   -2.361333    1.141000   1.2321495633E-002
    0.000000    0.000000   -2.359000    1.143333   1.2384789571E-002
    0.000000    0.000000   -2.356667    1.145667   1.2448419028E-002
    0.000000    0.000000   -2.354333    1.148000   1.2512385673E-002
    0.000000    0.000000   -2.352000    1.150333   1.2576691185E-002
    0.000000    0.000000   -2.349667    1.152667   1.2641337245E-002
    0.000000    0.000000   -2.347333    1.155000   1.2706325544E-002
    0.000000    0.000000   -2.345000    1.157333   1.2771657778E-002
    0.000000    0.000000   -2.342667    1.159667   1.2837335647E-002
    0.000000    0.000000   -2.340333    1.162000   1.2903360861E-002
    0.000000    0.000000   -2.338000    1.164333   1.2969735134E-002
    0.000000    0.000000   -2.335667    1.166667   1.3036460187E-002
    0.000000    0.000000   -2.333333    1.169000   1.3103537747E-002
    0.000000    0.000000   -2.331000    1.171333   1.3170969547E-002
    0.000000    0.000000   -2.328667    1.173667   1.3238757328E-002
    0.000000    0.000000   -2.326333    1.176000   1.3306902836E-002
    0.000000    0.000000   -2.324000    1.178333   1.3375407824E-002
    0.000000    0.000000   -2.321667    1.180667   1.3444274050E-002
    0.000000    0.000000   -2.319333    1.183000   1.3513503281E-002
    0.000000    0.000000   -2.317000    1.185333   1.3583097290E-002
    0.000000    0.000000   -2.314667    1.187667   1.3653057853E-002
    0.000000    0.000000   -2.312333    1.190000   1.3723386758E-002
    0.000000    0.000000   -2.310000    1.192333   1.3794085796E-002
    0.000000    0.000000   -2.307667    1.194667   1.3865156766E-002
    0.000000    0.000000   -2.305333    1.197000   1.3936601472E-002
    0.000000    0.000000   -2.303000    1.199333   1.4008421727E-002
    0.000000    0.000000   -2.300667    1.201667   1.4080619349E-002
    0.000000    0.000000   -2.298333    1.204000   1.4153196164E-002
    0.000000    0.000000   -2.296000    1.206333   1.4226154003E-002
    0.000000    0.000000   -2.293667    1.208667   1.4299494706E-002
    0.000000    0.000000   -2.291333    1.211000   1.4373220118E-002
    0.000000    0.000000   -2.289000    1.213333   1.4447332092E-002
    0.000000    0.000000   -2.286667    1.215667   1.4521832487E-002
    0.000000    0.000000   -2.284333    1.218000   1.4596723170E-002
    0.000000    0.000000   -2.282000    1.220333   1.4672006015E-002
    0.000000    0.000000   -2.279667    1.222667   1.4747682902E-002
    0.000000    0.000000   -2.277333    1.225000   1.4823755718E-002
    0.000000    0.000000   -2.275000    1.227333   1.4900226358E-002
    0.000000    0.000000   -2.272667    1.229667   1.4977096725E-002
    0.000000    0.000000   -2.270333    1.232000   1.5054368726E-002
    0.000000    0.000000   -2.268000    1.234333   1.5132044279E-002
    0.000000    0.000000   -2.265667    1.236667   1.5210125307E-002
    0.000000    0.000000   -2.263333    1.239000   1.5288613740E-002
    0.000000    0.000000   -2.261000    1.241333   1.5367511518E-002
    0.000000    0.000000   -2.258667    1.243667   1.5446820585E-002
    0.000000    0.000000   -2.256333    1.246000   1.5526542895E-002
    0.000000    0.000000   -2.254000    1.248333   1.5606680409E-002
    0.000000    0.000000   -2.251667    1.250667   1.5687235095E-002
    0.000000    0.000000   -2.249333    1.253000   1.5768208928E-002
    0.000000    0.000000   -2.247000    1.255333   1.5849603893E-002
    0.000000    0.000000   -2.244667    1.257667   1.5931421981E-002
    0.000000    0.000000   -2.242333    1.260000   1.6013665191E-002
    0.000000    0.000000   -2.240000    1.262333   1.6096335529E-002
    0.000000    0.000000   -2.237667    1.264667   1.6179435012E-002
    0.000000    0.000000   -2.235333    1.267000   1.6262965661E-002
    0.000000    0.000000   -2.233000    1.269333   1.6346929509E-002
    0.000000    0.000000   -2.230667    1.271667   1.6431328593E-002
    0.000000    0.000000   -2.228333    1.274000   1.6516164961E-002
    0.000000    0.000000   -2.226000    1.276333   1.6601440670E-002
    0.000000    0.000000   -2.223667    1.278667   1.6687157782E-002
    0.000000    0.000000   -2.221333    1.281000   1.6773318370E-002
    0.000000    0.000000   -2.219000    1.283333   1.6859924514E-002
    0.000000    0.000000   -2.216667    1.285667   1.6946978304E-002
    0.000000    0.000000   -2.214333    1.288000   1.7034481838E-002
    0.000000    0.000000   -2.212000    1.290333   1.7122437222E-002
    0.000000    0.000000   -2.209667    1.292667   1.7210846572E-002
    0.000000    0.000000   -2.207333    1.295000   1.7299712011E-002
    0.000000    0.000000   -2.205000    1.297333   1.7389035673E-002
    0.000000    0.000000   -2.202667    1.299667   1.7478819700E-002
    0.000000    0.000000   -2.200333    1.302000   1.7569066242E-002
    0.000000    0.000000   -2.198000    1.304333   1.7659777461E-002
    0.000000    0.000000   -2.195667    1.306667   1.7750955526E-002
    0.000000    0.000000   -2.193333    1.309000   1.7842602616E-002
    0.000000    0.000000   -2.191000    1.311333   1.7934720920E-002
    0.000000    0.000000   -2.188667    1.313667   1.8027312635E-002
    0.000000    0.000000   -2.186333    1.316000   1.8120379969E-002
    0.000000    0.000000   -2.184000    1.318333   1.8213925139E-002
    0.000000    0.000000   -2.181667    1.320667   1.8307950373E-002
    0.000000    0.000000   -2.179333    1.323000   1.8402457908E-002
    0.000000    0.000000   -2.177000    1.325333   1.8497449992E-002
    0.000000    0.000000   -2.174667    1.327667   1.8592928881E-002
    0.000000    0.000000   -2.172333    1.330000   1.8688896844E-002
    0.000000    0.000000   -2.170000    1.332333   1.8785356158E-002
    0.000000    0.000000   -2.167667    1.334667   1.8882309112E-002
    0.000000    0.000000   -2.165333    1.337000   1.8979758005E-002
    0.000000    0.000000   -2.163000    1.339333   1.9077705147E-002
    0.000000    0.000000   -2.160667    1.341667   1.9176152859E-002
    0.000000    0.000000   -2.158333    1.344000   1.9275103473E-002
    0.000000    0.000000   -2.156000    1.346333   1.9374559331E-002
    0.000000    0.000000   -2.153667    1.348667   1.9474522787E-002
    0.000000    0.000000   -2.151333    1.351000   1.9574996207E-002
    0.000000    0.000000   -2.149000    1.353333   1.9675981968E-002
    0.000000    0.000000   -2.146667    1.355667   1.9777482457E-002
    0.000000    0.000000   -2.144333    1.358000   1.9879500076E-002
    0.000000    0.000000   -2.142000    1.360333   1.9982037235E-002
    0.000000    0.000000   -2.139667    1.362667   2.0085096360E-002
    0.000000    0.000000   -2.137333    1.365000   2.0188679886E-002
    0.000000    0.000000   -2.135000    1.367333   2.0292790262E-002
    0.000000    0.000000   -2.132667    1.369667   2.0397429949E-002
    0.000000    0.000000   -2.130333    1.372000   2.0502601420E-002
    0.000000    0.000000   -2.128000    1.374333   2.0608307161E-002
    0.000000    0.000000   -2.125667    1.376667   2.0714549673E-002
    0.000000    0.000000   -2.123333    1.379000   2.0821331467E-002
    0.000000    0.000000   -2.121000    1.381333   2.0928655068E-002
    0.000000    0.000000   -2.118667    1.383667   2.1036523015E-002
    0.000000    0.000000   -2.116333    1.386000   2.1144937862E-002
    0.000000    0.000000   -2.114000    1.388333   2.1253902173E-002
    0.000000    0.000000   -2.111667    1.390667   2.1363418529E-002
    0.000000    0.000000   -2.109333    1.393000   2.1473489524E-002
    0.000000    0.000000   -2.107000    1.395333   2.1584117766E-002
    0.000000    0.000000   -2.104667    1.397667   2.1695305877E-002
    0.000000    0.000000   -2.102333    1.400000   2.1807056496E-002
    0.000000    0.000000   -2.100000    1.402333   2.1919372273E-002
    0.000000    0.000000   -2.097667    1.404667   2.2032255877E-002
    0.000000    0.000000   -2.095333    1.407000   2.2145709988E-002
    0.000000    0.000000   -2.093000    1.409333   2.2259737305E-002
    0.000000    0.000000   -2.090667    1.411667   2.2374340540E-002
    0.000000    0.000000   -2.088333    1.414000   2.2489522422E-002
    0.000000    0.000000   -2.086000    1.416333   2.2605285695E-002
    0.000000    0.000000   -2.083667    1.418667   2.2721633120E-002
    0.000000    0.000000   -2.081333    1.421000   2.2838567475E-002
    0.000000    0.000000   -2.079000    1.423333   2.2956091552E-002
    0.000000    0.000000   -2.076667    1.425667   2.3074208161E-002
    0.000000    0.000000   -2.074333    1.428000   2.3192920131E-002
    0.000000    0.000000   -2.072000    1.430333   2.3312230305E-002
    0.000000    0.000000   -2.069667    1.432667   2.3432141545E-002
    0.000000    0.000000   -2.067333    1.435000   2.3552656731E-002
    0.000000    0.000000   -2.065000    1.437333   2.3673778759E-002
    0.000000    0.000000   -2.062667    1.439667   2.3795510544E-002
    0.000000    0.000000   -2.060333    1.442000   2.3917855021E-002
    0.000000    0.000000   -2.058000    1.444333   2.4040815142E-002
    0.000000    0.000000   -2.055667    1.446667   2.4164393876E-002
    0.000000    0.000000   -2.053333    1.449000   2.4288594214E-002
    0.000000    0.000000   -2.051000    1.451333   2.4413419165E-002
    0.000000    0.000000   -2.048667    1.453667   2.4538871757E-002
    0.000000    0.000000   -2.046333    1.456000   2.4664955039E-002
    0.000000    0.000000   -2.044000    1.458333   2.4791672078E-002
    0.000000    0.000000   -2.041667    1.460667   2.4919025963E-002
    0.000000    0.000000   -2.039333    1.463000   2.5047019802E-002
    0.000000    0.000000   -2.037000    1.465333   2.5175656726E-002
    0.000000    0.000000   -2.034667    1.467667   2.5304939885E-002
    0.000000    0.000000   -2.032333    1.470000   2.5434872451E-002
    0.000000    0.000000   -2.030000    1.472333   2.5565457617E-002
    0.000000    0.000000   -2.027667    1.474667   2.5696698598E-002
    0.000000    0.000000   -2.025333    1.477000   2.5828598631E-002
    0.000000    0.000000   -2.023000    1.479333   2.5961160976E-002
    0.000000    0.000000   -2.020667    1.481667   2.6094388916E-002
    0.000000    0.000000   -2.018333    1.484000   2.6228285755E-002
    0.000000    0.000000   -2.016000    1.486333   2.6362854821E-002
    0.000000    0.000000   -2.013667    1.488667   2.6498099467E-002
    0.000000    0.000000   -2.011333    1.491000   2.6634023067E-002
    0.000000    0.000000   -2.009000    1.493333   2.6770629021E-002
    0.000000    0.000000   -2.006667    1.495667   2.6907920754E-002
    0.000000    0.000000   -2.004333    1.498000   2.7045901713E-002
    0.000000    0.000000   -2.002000    1.500333   2.7184575372E-002
    0.000000    0.000000   -1.999667    1.502667   2.7323945230E-002
    0.000000    0.000000   -1.997333    1.505000   2.7464014811E-002
    0.000000    0.000000   -1.995000    1.507333   2.7604787665E-002
    0.000000    0.000000   -1.992667    1.509667   2.7746267368E-002
    0.000000    0.000000   -1.990333    1.512000   2.7888457523E-002
    0.000000    0.000000   -1.988000    1.514333   2.8031361759E-002
    0.000000    0.000000   -1.985667    1.516667   2.8174983734E-002
    0.000000    0.000000   -1.983333    1.519000   2.8319327130E-002
    0.000000    0.000000   -1.981000    1.521333   2.8464395660E-002
    0.000000    0.000000   -1.978667    1.523667   2.8610193063E-002
    0.000000    0.000000   -1.976333    1.526000   2.8756723109E-002
    0.000000    0.000000   -1.974000    1.528333   2.8903989593E-002
    0.000000    0.000000   -1.971667    1.530667   2.9051996341E-002
    0.000000    0.000000   -1.969333    1.533000   2.9200747209E-002
    0.000000    0.000000   -1.967000    1.535333   2.9350246083E-002
    0.000000    0.000000   -1.964667    1.537667   2.9500496876E-002
    0.000000    0.000000   -1.962333    1.540000   2.9651503536E-002
    0.000000    0.000000   -1.960000    1.542333   2.9803270037E-002
    0.000000    0.000000   -1.957667    1.544667   2.9955800387E-002
    0.000000    0.000000   -1.955333    1.547000   3.0109098625E-002
    0.000000    0.000000   -1.953000    1.549333   3.0263168822E-002
    0.000000    0.000000   -1.950667    1.551667   3.0418015079E-002
    0.000000    0.000000   -1.948333    1.554000   3.0573641533E-002
    0.000000    0.000000   -1.946000    1.556333   3.0730052351E-002
    0.000000    0.000000   -1.943667    1.558667   3.0887251734E-002
    0.000000    0.000000   -1.941333    1.561000   3.1045243917E-002
    0.000000    0.000000   -1.939000    1.563333   3.1204033168E-002
    0.000000    0.000000   -1.936667    1.565667   3.1363623790E-002
    0.000000    0.000000   -1.934333    1.568000   3.1524020120E-002
    0.000000    0.000000   -1.932000    1.570333   3.1685226530E-002
    0.000000    0.000000   -1.929667    1.572667   3.1847247429E-002
    0.000000    0.000000   -1.927333    1.575000   3.2010087259E-002
    0.000000    0.000000   -1.925000    1.577333   3.2173750499E-002
    0.000000    0.000000   -1.922667    1.579667   3.2338241666E-002
    0.000000    0.000000   -1.920333    1.582000   3.2503565311E-002
    0.000000    0.000000   -1.918000    1.584333   3.2669726025E-002
    0.000000    0.000000   -1.915667    1.586667   3.2836728435E-002
    0.000000    0.000000   -1.913333    1.589000   3.3004577205E-002
    0.000000    0.000000   -1.911000    1.591333   3.3173277039E-002
    0.000000    0.000000   -1.908667    1.593667   3.3342832678E-002
    0.000000    0.000000   -1.906333    1.596000   3.3513248904E-002
    0.000000    0.000000   -1.904000    1.598333   3.3684530536E-002
    0.000000    0.000000   -1.901667    1.600667   3.3856682435E-002
    0.000000    0.000000   -1.899333    1.603000   3.4029709500E-002
    0.000000    0.000000   -1.897000    1.605333   3.4203616672E-002
    0.000000    0.000000   -1.894667    1.607667   3.4378408931E-002
    0.000000    0.000000   -1.892333    1.610000   3.4554091301E-002
    0.000000    0.000000   -1.890000    1.612333   3.4730668845E-002
    0.000000    0.000000   -1.887667    1.614667   3.4908146669E-002
    0.000000    0.000000   -1.885333    1.617000   3.5086529921E-002
    0.000000    0.000000   -1.883000    1.619333   3.5265823792E-002
    0.000000    0.000000   -1.880667    1.621667   3.5446033516E-002
    0.000000    0.000000   -1.878333    1.624000   3.5627164370E-002
    0.000000    0.000000   -1.876000    1.626333   3.5809221675E-002
    0.000000    0.000000   -1.873667    1.628667   3.5992210795E-002
    0.000000    0.000000   -1.871333    1.631000   3.6176137141E-002
    0.000000    0.000000   -1.869000    1.633333   3.6361006166E-002
    0.000000    0.000000   -1.866667    1.635667   3.6546823371E-002
    0.000000    0.000000   -1.864333    1.638000   3.6733594299E-002
    0.000000    0.000000   -1.862000    1.640333   3.6921324543E-002
    0.000000    0.000000   -1.859667    1.642667   3.7110019739E-002
    0.000000    0.000000   -1.857333    1.645000   3.7299685571E-002
    0.000000    0.000000   -1.855000    1.647333   3.7490327769E-002
    0.000000    0.000000   -1.852667    1.649667   3.7681952112E-002
    0.000000    0.000000   -1.850333    1.652000   3.7874564425E-002
    0.000000    0.000000   -1.848000    1.654333   3.8068170581E-002
    0.000000    0.000000   -1.845667    1.656667   3.8262776503E-002
    0.000000    0.000000   -1.843333    1.659000   3.8458388160E-002
    0.000000    0.000000   -1.841000    1.661333   3.8655011573E-002
    0.000000    0.000000   -1.838667    1.663667   3.8852652810E-002
    0.000000    0.000000   -1.836333    1.666000   3.9051317990E-002
    0.000000    0.000000   -1.834000    1.668333   3.9251013279E-002
    0.000000    0.000000   -1.831667    1.670667   3.9451744898E-002
    0.000000    0.000000   -1.829333    1.673000   3.9653519115E-002
    0.000000    0.000000   -1.827000    1.675333   3.9856342250E-002
    0.000000    0.000000   -1.824667    1.677667   4.0060220674E-002
    0.000000    0.000000   -1.822333    1.680000   4.0265160809E-002
    0.000000    0.000000   -1.820000    1.682333   4.0471169131E-002
    0.000000    0.000000   -1.817667    1.684667   4.0678252164E-002
    0.000000    0.000000   -1.815333    1.687000   4.0886416489E-002
    0.000000    0.000000   -1.813000    1.689333   4.1095668736E-002
    0.000000    0.000000   -1.810667    1.691667   4.1306015590E-002
    0.000000    0.000000   -1.808333    1.694000   4.1517463787E-002
    0.000000    0.000000   -1.806000    1.696333   4.1730020119E-002
    0.000000    0.000000   -1.803667    1.698667   4.1943691430E-002
    0.000000    0.000000   -1.801333    1.701000   4.2158484618E-002
    0.000000    0.000000   -1.799000    1.703333   4.2374406637E-002
    0.000000    0.000000   -1.796667    1.705667   4.2591464492E-002
    0.000000    0.000000   -1.794333    1.708000   4.2809665246E-002
    0.000000    0.000000   -1.792000    1.710333   4.3029016014E-002
    0.000000    0.000000   -1.789667    1.712667   4.3249523970E-002
    0.000000    0.000000   -1.787333    1.715000   4.3471196338E-002
    0.000000    0.000000   -1.785000    1.717333   4.3694040402E-002
    0.000000    0.000000   -1.782667    1.719667   4.3918063499E-002
    0.000000    0.000000   -1.780333    1.722000   4.4143273024E-002
    0.000000    0.000000   -1.778000    1.724333   4.4369676426E-002
    0.000000    0.000000   -1.775667    1.726667   4.4597281211E-002
    0.000000    0.000000   -1.773333    1.729000   4.4826094942E-002
    0.000000    0.000000   -1.771000    1.731333   4.5056125238E-002
    0.000000    0.000000   -1.768667    1.733667   4.5287379774E-002
    0.000000    0.000000   -1.766333    1.736000   4.5519866283E-002
    0.000000    0.000000   -1.764000    1.738333   4.5753592555E-002
    0.000000    0.000000   -1.761667    1.740667   4.5988566435E-002
    0.000000    0.000000   -1.759333    1.743000   4.6224795827E-002
    0.000000    0.000000   -1.757000    1.745333   4.6462288693E-002
    0.000000    0.000000   -1.754667    1.747667   4.6701053050E-002
    0.000000    0.000000   -1.752333    1.750000   4.6941096974E-002
    0.000000    0.000000   -1.750000    1.752333   4.7182428598E-002
    0.000000    0.000000   -1.747667    1.754667   4.7425056112E-002
    0.000000    0.000000   -1.745333    1.757000   4.7668987765E-002
    0.000000    0.000000   -1.743000    1.759333   4.7914231863E-002
    0.000000    0.000000   -1.740667    1.761667   4.8160796768E-002
    0.000000    0.000000   -1.738333    1.764000   4.8408690901E-002
    0.000000    0.000000   -1.736000    1.766333   4.8657922742E-002
    0.000000    0.000000   -1.733667    1.768667   4.8908500827E-002
    0.000000    0.000000   -1.731333    1.771000   4.9160433748E-002
    0.000000    0.000000   -1.729000    1.773333   4.9413730158E-002
    0.000000    0.000000   -1.726667    1.775667   4.9668398764E-002
    0.000000    0.000000   -1.724333    1.778000   4.9924448334E-002
    0.000000    0.000000   -1.722000    1.780333   5.0181887691E-002
    0.000000    0.000000   -1.719667    1.782667   5.0440725715E-002
    0.000000    0.000000   -1.717333    1.785000   5.0700971344E-002
    0.000000    0.000000   -1.715000    1.787333   5.0962633572E-002
    0.000000    0.000000   -1.712667    1.789667   5.1225721452E-002
    0.000000    0.000000   -1.710333    1.792000   5.1490244092E-002
    0.000000    0.000000   -1.708000    1.794333   5.1756210657E-002
    0.000000    0.000000   -1.705667    1.796667   5.2023630367E-002
    0.000000    0.000000   -1.703333    1.799000   5.2292512501E-002
    0.000000    0.000000   -1.701000    1.801333   5.2562866392E-002
    0.000000    0.000000   -1.698667    1.803667   5.2834701428E-002
    0.000000    0.000000   -1.696333    1.806000   5.3108027055E-002
    0.000000    0.000000   -1.694000    1.808333   5.3382852772E-002
    0.000000    0.000000   -1.691667    1.810667   5.3659188133E-002
    0.000000    0.000000   -1.689333    1.813000   5.3937042750E-002
    0.000000    0.000000   -1.687000    1.815333   5.4216426284E-002
    0.000000    0.000000   -1.684667    1.817667   5.4497348454E-002
    0.000000    0.000000   -1.682333    1.820000   5.4779819032E-002
    0.000000    0.000000   -1.680000    1.822333   5.5063847842E-002
    0.000000    0.000000   -1.677667    1.824667   5.5349444762E-002
    0.000000    0.000000   -1.675333    1.827000   5.5636619724E-002
    0.000000    0.000000   -1.673000    1.829333   5.5925382708E-002
    0.000000    0.000000   -1.670667    1.831667   5.6215743751E-002
    0.000000    0.000000   -1.668333    1.834000   5.6507712937E-002
    0.000000    0.000000   -1.666000    1.836333   5.6801300403E-002
    0.000000    0.000000   -1.663667    1.838667   5.7096516336E-002
    0.000000    0.000000   -1.661333    1.841000   5.7393370973E-002
    0.000000    0.000000   -1.659000    1.843333   5.7691874601E-002
    0.000000    0.000000   -1.656667    1.845667   5.7992037554E-002
    0.000000    0.000000   -1.654333    1.848000   5.8293870216E-002
    0.000000    0.000000   -1.652000    1.850333   5.8597383018E-002
    0.000000    0.000000   -1.649667    1.852667   5.8902586439E-002
    0.000000    0.000000   -1.647333    1.855000   5.9209491003E-002
    0.000000    0.000000   -1.645000    1.857333   5.9518107281E-002
    0.000000    0.000000   -1.642667    1.859667   5.9828445890E-002
    0.000000    0.000000   -1.640333    1.862000   6.0140517490E-002
    0.000000    0.000000   -1.638000    1.864333   6.0454332786E-002
    0.000000    0.000000   -1.635667    1.866667   6.0769902526E-002
    0.000000    0.000000   -1.633333    1.869000   6.1087237502E-002
    0.000000    0.000000   -1.631000    1.871333   6.1406348545E-002
    0.000000    0.000000   -1.628667    1.873667   6.1727246529E-002
    0.000000    0.000000   -1.626333    1.876000   6.2049942369E-002
    0.000000    0.000000   -1.624000    1.878333   6.2374447017E-002
    0.000000    0.000000   -1.621667    1.880667   6.2700771467E-002
    0.000000    0.000000   -1.619333    1.883000   6.3028926749E-002
    0.000000    0.000000   -1.617000    1.885333   6.3358923931E-002
    0.000000    0.000000   -1.614667    1.887667   6.3690774115E-002
    0.000000    0.000000   -1.612333    1.890000   6.4024488442E-002
    0.000000    0.000000   -1.610000    1.892333   6.4360078086E-002
    0.000000    0.000000   -1.607667    1.894667   6.4697554253E-002
    0.000000    0.000000   -1.605333    1.897000   6.5036928185E-002
    0.000000    0.000000   -1.603000    1.899333   6.5378211153E-002
    0.000000    0.000000   -1.600667    1.901667   6.5721414461E-002
    0.000000    0.000000   -1.598333    1.904000   6.6066549440E-002
    0.000000    0.000000   -1.596000    1.906333   6.6413627454E-002
    0.000000    0.000000   -1.593667    1.908667   6.6762659891E-002
    0.000000    0.000000   -1.591333    1.911000   6.7113658169E-002
    0.000000    0.000000   -1.589000    1.913333   6.7466633731E-002
    0.000000    0.000000   -1.586667    1.915667   6.7821598045E-002
    0.000000    0.000000   -1.584333    1.918000   6.8178562601E-002
    0.000000    0.000000   -1.582000    1.920333   6.8537538915E-002
    0.000000    0.000000   -1.579667    1.922667   6.8898538524E-002
    0.000000    0.000000   -1.577333    1.925000   6.9261572984E-002
    0.000000    0.000000   -1.575000    1.927333   6.9626653872E-002
    0.000000    0.000000   -1.572667    1.929667   6.9993792784E-002
    0.000000    0.000000   -1.570333    1.932000   7.0363001334E-002
    0.000000    0.000000   -1.568000    1.934333   7.0734291150E-002
    0.000000    0.000000   -1.565667    1.936667   7.1107673878E-002
    0.000000    0.000000   -1.563333    1.939000   7.1483161176E-002
    0.000000    0.000000   -1.561000    1.941333   7.1860764718E-002
    0.000000    0.000000   -1.558667    1.943667   7.2240496188E-002
    0.000000    0.000000   -1.556333    1.946000   7.2622367281E-002
    0.000000    0.000000   -1.554000    1.948333   7.3006389703E-002
    0.000000    0.000000   -1.551667    1.950667   7.3392575167E-002
    0.000000    0.000000   -1.549333    1.953000   7.3780935396E-002
    0.000000    0.000000   -1.547000    1.955333   7.4171482117E-002
    0.000000    0.000000   -1.544667    1.957667   7.4564227065E-002
    0.000000    0.000000   -1.542333    1.960000   7.4959181977E-002
    0.000000    0.000000   -1.540000    1.962333   7.5356358596E-002
    0.000000    0.000000   -1.537667    1.964667   7.5755768665E-002
    0.000000    0.000000   -1.535333    1.967000   7.6157423929E-002
    0.000000    0.000000   -1.533000    1.969333   7.6561336134E-002
    0.000000    0.000000   -1.530667    1.971667   7.6967517024E-002
    0.000000    0.000000   -1.528333    1.974000   7.7375978342E-002
    0.000000    0.000000   -1.526000    1.976333   7.7786731827E-002
    0.000000    0.000000   -1.523667    1.978667   7.8199789216E-002
    0.000000    0.000000   -1.521333    1.981000   7.8615162241E-002
    0.000000    0.000000   -1.519000    1.983333   7.9032862627E-002
    0.000000    0.000000   -1.516667    1.985667   7.9452902095E-002
    0.000000    0.000000   -1.514333    1.988000   7.9875292355E-002
    0.000000    0.000000   -1.512000    1.990333   8.0300045113E-002
    0.000000    0.000000   -1.509667    1.992667   8.0727172064E-002
    0.000000    0.000000   -1.507333    1.995000   8.1156684892E-002
    0.000000    0.000000   -1.505000    1.997333   8.1588595275E-002
    0.000000    0.000000   -1.502667    1.999667   8.2022914876E-002
    0.000000    0.000000   -1.500333    2.002000   8.2459655348E-002
    0.000000    0.000000   -1.498000    2.004333   8.2898828332E-002
    0.000000    0.000000   -1.495667    2.006667   8.3340445456E-002
    0.000000    0.000000   -1.493333    2.009000   8.3784518335E-002
    0.000000    0.000000   -1.491000    2.011333   8.4231058571E-002
    0.000000    0.000000   -1.488667    2.013667   8.4680077752E-002
    0.000000    0.000000   -1.486333    2.016000   8.5131587452E-002
    0.000000    0.000000   -1.484000    2.018333   8.5585599231E-002
    0.000000    0.000000   -1.481667    2.020667   8.6042124633E-002
    0.000000    0.000000   -1.479333    2.023000   8.6501175191E-002
    0.000000    0.000000   -1.477000    2.025333   8.6962762420E-002
    0.000000    0.000000   -1.474667    2.027667   8.7426897824E-002
    0.000000    0.000000   -1.472333    2.030000   8.7893592891E-002
    0.000000    0.000000   -1.470000    2.032333   8.8362859095E-002
    0.000000    0.000000   -1.467667    2.034667   8.8834707900E-002
    0.000000    0.000000   -1.465333    2.037000   8.9309150752E-002
    0.000000    0.000000   -1.463000    2.039333   8.9786199090E-002
    0.000000    0.000000   -1.460667    2.041667   9.0265864338E-002
    0.000000    0.000000   -1.458333    2.044000   9.0748157911E-002
    0.000000    0.000000   -1.456000    2.046333   9.1233091214E-002
    0.000000    0.000000   -1.453667    2.048667   9.1720675642E-002
    0.000000    0.000000   -1.451333    2.051000   9.2210922586E-002
    0.000000    0.000000   -1.449000    2.053333   9.2703843426E-002
    0.000000    0.000000   -1.446667    2.055667   9.3199449542E-002
    0.000000    0.000000   -1.444333    2.058000   9.3697752307E-002
    0.000000    0.000000   -1.442000    2.060333   9.4198763095E-002
    0.000000    0.000000   -1.439667    2.062667   9.4702493281E-002
    0.000000    0.000000   -1.437333    2.065000   9.5208954239E-002
    0.000000    0.000000   -1.435000    2.067333   9.5718157351E-002
    0.000000    0.000000   -1.432667    2.069667   9.6230114005E-002
    0.000000    0.000000   -1.430333    2.072000   9.6744835599E-002
    0.000000    0.000000   -1.428000    2.074333   9.7262333541E-002
    0.000000    0.000000   -1.425667    2.076667   9.7782619257E-002
    0.000000    0.000000   -1.423333    2.079000   9.8305704190E-002
    0.000000    0.000000   -1.421000    2.081333   9.8831599803E-002
    0.000000    0.000000   -1.418667    2.083667   9.9360317586E-002
    0.000000    0.000000   -1.416333    2.086000   9.9891869055E-002
    0.000000    0.000000   -1.414000    2.088333   1.0042626576E-001
    0.000000    0.000000   -1.411667    2.090667   1.0096351929E-001
    0.000000    0.000000   -1.409333    2.093000   1.0150364126E-001
    0.000000    0.000000   -1.407000    2.095333   1.0204664335E-001
    0.000000    0.000000   -1.404667    2.097667   1.0259253728E-001
    0.000000    0.000000   -1.402333    2.100000   1.0314133482E-001
    0.000000    0.000000   -1.400000    2.102333   1.0369304781E-001
    0.000000    0.000000   -1.397667    2.104667   1.0424768814E-001
    0.000000    0.000000   -1.395333    2.107000   1.0480526778E-001
    0.000000    0.000000   -1.393000    2.109333   1.0536579878E-001
    0.000000    0.000000   -1.390667    2.111667   1.0592929326E-001
    0.000000    0.000000   -1.388333    2.114000   1.0649576344E-001
    0.000000    0.000000   -1.386000    2.116333   1.0706522162E-001
    0.000000    0.000000   -1.383667    2.118667   1.0763768022E-001
    0.000000    0.000000   -1.381333    2.121000   1.0821315176E-001
    0.000000    0.000000   -1.379000    2.123333   1.0879164887E-001
    0.000000    0.000000   -1.376667    2.125667   1.0937318431E-001
    0.000000    0.000000   -1.374333    2.128000   1.0995777096E-001
    0.000000    0.000000   -1.372000    2.130333   1.1054542187E-001
    0.000000    0.000000   -1.369667    2.132667   1.1113615019E-001
    0.000000    0.000000   -1.367333    2.135000   1.1172996927E-001
    0.000000    0.000000   -1.365000    2.137333   1.1232689259E-001
    0.000000    0.000000   -1.362667    2.139667   1.1292693383E-001
    0.000000    0.000000   -1.360333    2.142000   1.1353010684E-001
    0.000000    0.000000   -1.358000    2.144333   1.1413642566E-001
    0.000000    0.000000   -1.355667    2.146667   1.1474590453E-001
    0.000000    0.000000   -1.353333    2.149000   1.1535855792E-001
    0.000000    0.000000   -1.351000    2.151333   1.1597440051E-001
    0.000000    0.000000   -1.348667    2.153667   1.1659344722E-001
    0.000000    0.000000   -1.346333    2.156000   1.1721571318E-001
    0.000000    0.000000   -1.344000    2.158333   1.1784121383E-001
    0.000000    0.000000   -1.341667    2.160667   1.1846996484E-001
    0.000000    0.000000   -1.339333    2.163000   1.1910198217E-001
    0.000000    0.000000   -1.337000    2.165333   1.1973728206E-001
    0.000000    0.000000   -1.334667    2.167667   1.2037588105E-001
    0.000000    0.000000   -1.332333    2.170000   1.2101779602E-001
    0.000000    0.000000   -1.330000    2.172333   1.2166304414E-001
    0.000000    0.000000   -1.327667    2.174667   1.2231164294E-001
    0.000000    0.000000   -1.325333    2.177000   1.2296361029E-001
    0.000000    0.000000   -1.323000    2.179333   1.2361896444E-001
    0.000000    0.000000   -1.320667    2.181667   1.2427772400E-001
    0.000000    0.000000   -1.318333    2.184000   1.2493990798E-001
    0.000000    0.000000   -1.316000    2.186333   1.2560553578E-001
    0.000000    0.000000   -1.313667    2.188667   1.2627462724E-001
    0.000000    0.000000   -1.311333    2.191000   1.2694720262E-001
    0.000000    0.000000   -1.309000    2.193333   1.2762328261E-001
    0.000000    0.000000   -1.306667    2.195667   1.2830288838E-001
    0.000000    0.000000   -1.304333    2.198000   1.2898604156E-001
    0.000000    0.000000   -1.302000    2.200333   1.2967276427E-001
    0.000000    0.000000   -1.299667    2.202667   1.3036307912E-001
    0.000000    0.000000   -1.297333    2.205000   1.3105700926E-001
    0.000000    0.000000   -1.295000    2.207333   1.3175457834E-001
    0.000000    0.000000   -1.292667    2.209667   1.3245581056E-001
    0.000000    0.000000   -1.290333    2.212000   1.3316073068E-001
    0.000000    0.000000   -1.288000    2.214333   1.3386936403E-001
    0.000000    0.000000   -1.285667    2.216667   1.3458173651E-001
    0.000000    0.000000   -1.283333    2.219000   1.3529787464E-001
    0.000000    0.000000   -1.281000    2.221333   1.3601780553E-001
    0.000000    0.000000   -1.278667    2.223667   1.3674155692E-001
    0.000000    0.000000   -1.276333    2.226000   1.3746915719E-001
    0.000000    0.000000   -1.274000    2.228333   1.3820063535E-001
    0.000000    0.000000   -1.271667    2.230667   1.3893602110E-001
    0.000000    0.000000   -1.269333    2.233000   1.3967534479E-001
    0.000000    0.000000   -1.267000    2.235333   1.4041863747E-001
    0.000000    0.000000   -1.264667    2.237667   1.4116593089E-001
    0.000000    0.000000   -1.262333    2.240000   1.4191725749E-001
    0.000000    0.000000   -1.260000    2.242333   1.4267265043E-001
    0.000000    0.000000   -1.257667    2.244667   1.4343214363E-001
    0.000000    0.000000   -1.255333    2.247000   1.4419577172E-001
    0.000000    0.000000   -1.253000    2.249333   1.4496357007E-001
    0.000000    0.000000   -1.250667    2.251667   1.4573557484E-001
    0.000000    0.000000   -1.248333    2.254000   1.4651182293E-001
    0.000000    0.000000   -1.246000    2.256333   1.4729235202E-001
    0.000000    0.000000   -1.243667    2.258667   1.4807720056E-001
    0.000000    0.000000   -1.241333    2.261000   1.4886640779E-001
    0.000000    0.000000   -1.239000    2.263333   1.4966001374E-001
    0.000000    0.000000   -1.236667    2.265667   1.5045805925E-001
    0.000000    0.000000   -1.234333    2.268000   1.5126058592E-001
    0.000000    0.000000   -1.232000    2.270333   1.5206763618E-001
    0.000000    0.000000   -1.229667    2.272667   1.5287925324E-001
    0.000000    0.000000   -1.227333    2.275000   1.5369548114E-001
    0.000000    0.000000   -1.225000    2.277333   1.5451636470E-001
    0.000000    0.000000   -1.222667    2.279667   1.5534194953E-001
    0.000000    0.000000   -1.220333    2.282000   1.5617228206E-001
    0.000000    0.000000   -1.218000    2.284333   1.5700740949E-001
    0.000000    0.000000   -1.215667    2.286667   1.5784737983E-001
    0.000000    0.000000   -1.213333    2.289000   1.5869224186E-001
    0.000000    0.000000   -1.211000    2.291333   1.5954204513E-001
    0.000000    0.000000   -1.208667    2.293667   1.6039683994E-001
    0.000000    0.000000   -1.206333    2.296000   1.6125667738E-001
    0.000000    0.000000   -1.204000    2.298333   1.6212160925E-001
    0.000000    0.000000   -1.201667    2.300667   1.6299168809E-001
    0.000000    0.000000   -1.199333    2.303000   1.6386696714E-001
    0.000000    0.000000   -1.197000    2.305333   1.6474750034E-001
    0.000000    0.000000   -1.194667    2.307667   1.6563334233E-001
    0.000000    0.000000   -1.192333    2.310000   1.6652454836E-001
    0.000000    0.000000   -1.190000    2.312333   1.6742117436E-001
    0.000000    0.000000   -1.187667    2.314667   1.6832327684E-001
    0.000000    0.000000   -1.185333    2.317000   1.6923091290E-001
    0.000000    0.000000   -1.183000    2.319333   1.7014414022E-001
    0.000000    0.000000   -1.180667    2.321667   1.7106301697E-001
    0.000000    0.000000   -1.178333    2.324000   1.7198760186E-001
    0.000000    0.000000   -1.176000    2.326333   1.7291795403E-001
    0.000000    0.000000   -1.173667    2.328667   1.7385413305E-001
    0.000000    0.000000   -1.171333    2.331000   1.7479619892E-001
    0.000000    0.000000   -1.169000    2.333333   1.7574421193E-001
    0.000000    0.000000   -1.166667    2.335667   1.7669823274E-001
    0.000000    0.000000   -1.164333    2.338000   1.7765832224E-001
    0.000000    0.000000   -1.162000    2.340333   1.7862454155E-001
    0.000000    0.000000   -1.159667    2.342667   1.7959695196E-001
    0.000000    0.000000   -1.157333    2.345000   1.8057561489E-001
    0.000000    0.000000   -1.155000    2.347333   1.8156059183E-001
    0.000000    0.000000   -1.152667    2.349667   1.8255194428E-001
    0.000000    0.000000   -1.150333    2.352000   1.8354973369E-001
    0.000000    0.000000   -1.148000    2.354333   1.8455402144E-001
    0.000000    0.000000   -1.145667    2.356667   1.8556486871E-001
    0.000000    0.000000   -1.143333    2.359000   1.8658233647E-001
    0.000000    0.000000   -1.141000    2.361333   1.8760648542E-001
    0.000000    0.000000   -1.138667    2.363667   1.8863737587E-001
    0.000000    0.000000   -1.136333    2.366000   1.8967506770E-001
    0.000000    0.000000   -1.134000    2.368333   1.9071962032E-001
    0.000000    0.000000   -1.131667    2.370667   1.9177109252E-001
    0.000000    0.000000   -1.129333    2.373000   1.9282954247E-001
    0.000000    0.000000   -1.127000    2.375333   1.9389502759E-001
    0.000000    0.000000   -1.124667    2.377667   1.9496760449E-001
    0.000000    0.000000   -1.122333    2.380000   1.9604732887E-001
    0.000000    0.000000   -1.120000    2.382333   1.9713425547E-001
    0.000000    0.000000   -1.117667    2.384667   1.9822843793E-001
    0.000000    0.000000   -1.115333    2.387000   1.9932992875E-001
    0.000000    0.000000   -1.113000    2.389333   2.0043877918E-001
    0.000000    0.000000   -1.110667    2.391667   2.0155503913E-001
    0.000000    0.000000   -1.108333    2.394000   2.0267875704E-001
    0.000000    0.000000   -1.106000    2.396333   2.0380997987E-001
    0.000000    0.000000   -1.103667    2.398667   2.0494875289E-001
    0.000000    0.000000   -1.101333    2.401000   2.0609511970E-001
    0.000000    0.000000   -1.099000    2.403333   2.0724912203E-001
    0.000000    0.000000   -1.096667    2.405667   2.0841079970E-001
    0.000000    0.000000   -1.094333    2.408000   2.0958019049E-001
    0.000000    0.000000   -1.092000    2.410333   2.1075733006E-001
    0.000000    0.000000   -1.089667    2.412667   2.1194225182E-001
    0.000000    0.000000   -1.087333    2.415000   2.1313498687E-001
    0.000000    0.000000   -1.085000    2.417333   2.1433556384E-001
    0.000000    0.000000   -1.082667    2.419667   2.1554400885E-001
    0.000000    0.000000   -1.080333    2.422000   2.1676034536E-001
    0.000000    0.000000   -1.078000    2.424333   2.1798459409E-001
    0.000000    0.000000   -1.075667    2.426667   2.1921677294E-001
    0.000000    0.000000   -1.073333    2.429000   2.2045689686E-001
    0.000000    0.000000   -1.071000    2.431333   2.2170497778E-001
    0.000000    0.000000   -1.068667    2.433667   2.2296102449E-001
    0.000000    0.000000   -1.066333    2.436000   2.2422504260E-001
    0.000000    0.000000   -1.064000    2.438333   2.2549703442E-001
    0.000000    0.000000   -1.061667    2.440667   2.2677699889E-001
    0.000000    0.000000   -1.059333    2.443000   2.2806493150E-001
    0.000000    0.000000   -1.057000    2.445333   2.2936082425E-001
    0.000000    0.000000   -1.054667    2.447667   2.3066466555E-001
    0.000000    0.000000   -1.052333    2.450000   2.3197644019E-001
    0.000000    0.000000   -1.050000    2.452333   2.3329612931E-001
    0.000000    0.000000   -1.047667    2.454667   2.3462371035E-001
    0.000000    0.000000   -1.045333    2.457000   2.3595915700E-001
    0.000000    0.000000   -1.043000    2.459333   2.3730243926E-001
    0.000000    0.000000   -1.040667    2.461667   2.3865352337E-001
    0.000000    0.000000   -1.038333    2.464000   2.4001237187E-001
    0.000000    0.000000   -1.036000    2.466333   2.4137894364E-001
    0.000000    0.000000   -1.033667    2.468667   2.4275319391E-001
    0.000000    0.000000   -1.031333    2.471000   2.4413507437E-001
    0.000000    0.000000   -1.029000    2.473333   2.4552453326E-001
    0.000000    0.000000   -1.026667    2.475667   2.4692151547E-001
    0.000000    0.000000   -1.024333    2.478000   2.4832596267E-001
    0.000000    0.000000   -1.022000    2.480333   2.4973781352E-001
    0.000000    0.000000   -1.019667    2.482667   2.5115700382E-001
    0.000000    0.000000   -1.017333    2.485000   2.5258346675E-001
    0.000000    0.000000   -1.015000    2.487333   2.5401713313E-001
    0.000000    0.000000   -1.012667    2.489667   2.5545793173E-001
    0.000000    0.000000   -1.010333    2.492000   2.5690578955E-001
    0.000000    0.000000   -1.008000    2.494333   2.5836063223E-001
    0.000000    0.000000   -1.005667    2.496667   2.5982238442E-001
    0.000000    0.000000   -1.003333    2.499000   2.6129097026E-001
    0.000000    0.000000   -1.001000    2.501333   2.6276631385E-001
    0.000000    0.000000   -0.998667    2.503667   2.6424833977E-001
    0.000000    0.000000   -0.996333    2.506000   2.6573697371E-001
    0.000000    0.000000   -0.994000    2.508333   2.6723214302E-001
    0.000000    0.000000   -0.991667    2.510667   2.6873377745E-001
    0.000000    0.000000   -0.989333    2.513000   2.7024180986E-001
    0.000000    0.000000   -0.987000    2.515333   2.7175617695E-001
    0.000000    0.000000   -0.984667    2.517667   2.7327682011E-001
    0.000000    0.000000   -0.982333    2.520000   2.7480368627E-001
    0.000000    0.000000   -0.980000    2.522333   2.7633672884E-001
    0.000000    0.000000   -0.977667    2.524667   2.7787590858E-001
    0.000000    0.000000   -0.975333    2.527000   2.7942119467E-001
    0.000000    0.000000   -0.973000    2.529333   2.8097256569E-001
    0.000000    0.000000   -0.970667    2.531667   2.8253001069E-001
    0.000000    0.000000   -0.968333    2.534000   2.8409353027E-001
    0.000000    0.000000   -0.966000    2.536333   2.8566313767E-001
    0.000000    0.000000   -0.963667    2.538667   2.8723885988E-001
    0.000000    0.000000   -0.961333    2.541000   2.8882073879E-001
    0.000000    0.000000   -0.959000    2.543333   2.9040883227E-001
    0.000000    0.000000   -0.956667    2.545667   2.9200321528E-001
    0.000000    0.000000   -0.954333    2.548000   2.9360398093E-001
    0.000000    0.000000   -0.952000    2.550333   2.9521124154E-001
    0.000000    0.000000   -0.949667    2.552667   2.9682512959E-001
    0.000000    0.000000   -0.947333    2.555000   2.9844579863E-001
    0.000000    0.000000   -0.945000    2.557333   3.0007342414E-001
    0.000000    0.000000   -0.942667    2.559667   3.0170820424E-001
    0.000000    0.000000   -0.940333    2.562000   3.0335036029E-001
    0.000000    0.000000   -0.938000    2.564333   3.0500013740E-001
    0.000000    0.000000   -0.935667    2.566667   3.0665780473E-001
    0.000000    0.000000   -0.933333    2.569000   3.0832365563E-001
    0.000000    0.000000   -0.931000    2.571333   3.0999800762E-001
    0.000000    0.000000   -0.928667    2.573667   3.1168120212E-001
    0.000000    0.000000   -0.926333    2.576000   3.1337360397E-001
    0.000000    0.000000   -0.924000    2.578333   3.1507560065E-001
    0.000000    0.000000   -0.921667    2.580667   3.1678760128E-001
    0.000000    0.000000   -0.919333    2.583000   3.1851003531E-001
    0.000000    0.000000   -0.917000    2.585333   3.2024335088E-001
    0.000000    0.000000   -0.914667    2.587667   3.2198801289E-001
    0.000000    0.000000   -0.912333    2.590000   3.2374450068E-001
    0.000000    0.000000   -0.910000    2.592333   3.2551330536E-001
    0.000000    0.000000   -0.907667    2.594667   3.2729492686E-001
    0.000000    0.000000   -0.905333    2.597000   3.2908987047E-001
    0.000000    0.000000   -0.903000    2.599333   3.3089864310E-001
    0.000000    0.000000   -0.900667    2.601667   3.3272174909E-001
    0.000000    0.000000   -0.898333    2.604000   3.3455968572E-001
    0.000000    0.000000   -0.896000    2.606333   3.3641293825E-001
    0.000000    0.000000   -0.893667    2.608667   3.3828197467E-001
    0.000000    0.000000   -0.891333    2.611000   3.4016724004E-001
    0.000000    0.000000   -0.889000    2.613333   3.4206915052E-001
    0.000000    0.000000   -0.886667    2.615667   3.4398808711E-001
    0.000000    0.000000   -0.884333    2.618000   3.4592438904E-001
    0.000000    0.000000   -0.882000    2.620333   3.4787834699E-001
    0.000000    0.000000   -0.879667    2.622667   3.4985019604E-001
    0.000000    0.000000   -0.877333    2.625000   3.5184010845E-001
    0.000000    0.000000   -0.875000    2.627333   3.5384818635E-001
    0.000000    0.000000   -0.872667    2.629667   3.5587445433E-001
    0.000000    0.000000   -0.870333    2.632000   3.5791885203E-001
    0.000000    0.000000   -0.868000    2.634333   3.5998122680E-001
    0.000000    0.000000   -0.865667    2.636667   3.6206132639E-001
    0.000000    0.000000   -0.863333    2.639000   3.6415879194E-001
    0.000000    0.000000   -0.861000    2.641333   3.6627315113E-001
    0.000000    0.000000   -0.858667    2.643667   3.6840381172E-001
    0.000000    0.000000   -0.856333    2.646000   3.7055005542E-001
    0.000000    0.000000   -0.854000    2.648333   3.7271103232E-001
    0.000000    0.000000   -0.851667    2.650667   3.7488575584E-001
    0.000000    0.000000   -0.849333    2.653000   3.7707309830E-001
    0.000000    0.000000   -0.847000    2.655333   3.7927178720E-001
    0.000000    0.000000   -0.844667    2.657667   3.8148040231E-001
    0.000000    0.000000   -0.842333    2.660000   3.8369737358E-001
    0.000000    0.000000   -0.840000    2.662333   3.8592097995E-001
    0.000000    0.000000   -0.837667    2.664667   3.8814934917E-001
    0.000000    0.000000   -0.835333    2.667000   3.9038045862E-001
    0.000000    0.000000   -0.833000    2.669333   3.9261213721E-001
    0.000000    0.000000   -0.830667    2.671667   3.9484206836E-001
    0.000000    0.000000   -0.828333    2.674000   3.9706779419E-001
    0.000000    0.000000   -0.826000    2.676333   3.9928672077E-001
    0.000000    0.000000   -0.823667    2.678667   4.0149612465E-001
    0.000000    0.000000   -0.821333    2.681000   4.0369316047E-001
    0.000000    0.000000   -0.819000    2.683333   4.0587486975E-001
    0.000000    0.000000   -0.816667    2.685667   4.0803819089E-001
    0.000000    0.000000   -0.814333    2.688000   4.1017997015E-001
    0.000000    0.000000   -0.812000    2.690333   4.1229697378E-001
    0.000000    0.000000   -0.809667    2.692667   4.1438590113E-001
    0.000000    0.000000   -0.807333    2.695000   4.1644339864E-001
    0.000000    0.000000   -0.805000    2.697333   4.1846607475E-001
    0.000000    0.000000   -0.802667    2.699667   4.2045051553E-001
    0.000000    0.000000   -0.800333    2.702000   4.2239330099E-001
    0.000000    0.000000   -0.798000    2.704333   4.2429102191E-001
    0.000000    0.000000   -0.795667    2.706667   4.2614029711E-001
    0.000000    0.000000   -0.793333    2.709000   4.2793779109E-001
    0.000000    0.000000   -0.791000    2.711333   4.2968023173E-001
    0.000000    0.000000   -0.788667    2.713667   4.3136442813E-001
    0.000000    0.000000   -0.786333    2.716000   4.3298728829E-001
    0.000000    0.000000   -0.784000    2.718333   4.3454583658E-001
    0.000000    0.000000   -0.781667    2.720667   4.3603723080E-001
    0.000000    0.000000   -0.779333    2.723000   4.3745877874E-001
    0.000000    0.000000   -0.777000    2.725333   4.3880795404E-001
    0.000000    0.000000   -0.774667    2.727667   4.4008241125E-001
    0.000000    0.000000   -0.772333    2.730000   4.4128000000E-001
    0.000000    0.000000   -0.770000    2.732333   4.4239877808E-001
    0.000000    0.000000   -0.767667    2.734667   4.4343702331E-001
    0.000000    0.000000   -0.765333    2.737000   4.4439324421E-001
    0.000000    0.000000   -0.763000    2.739333   4.4526618926E-001
    0.000000    0.000000   -0.760667    2.741667   4.4605485464E-001
    0.000000    0.000000   -0.758333    2.744000   4.4675849059E-001
    0.000000    0.000000   -0.756000    2.746333   4.4737660601E-001
    0.000000    0.000000   -0.753667    2.748667   4.4790897157E-001
    0.000000    0.000000   -0.751333    2.751000   4.4835562110E-001
    0.000000    0.000000   -0.749000    2.753333   4.4871685131E-001
    0.000000    0.000000   -0.746667    2.755667   4.4899321989E-001
    0.000000    0.000000   -0.744333    2.758000   4.4918554188E-001
    0.000000    0.000000   -0.742000    2.760333   4.4929488451E-001
    0.000000    0.000000   -0.739667    2.762667   4.4932256044E-001
    0.000000    0.000000   -0.737333    2.765000   4.4927011944E-001
    0.000000    0.000000   -0.735000    2.767333   4.4913933875E-001
    0.000000    0.000000   -0.732667    2.769667   4.4893221198E-001
    0.000000    0.000000   -0.730333    2.772000   4.4865093684E-001
    0.000000    0.000000   -0.728000    2.774333   4.4829790171E-001
    0.000000    0.000000   -0.725667    2.776667   4.4787567120E-001
    0.000000    0.000000   -0.723333    2.779000   4.4738697076E-001
    0.000000    0.000000   -0.721000    2.781333   4.4683467063E-001
    0.000000    0.000000   -0.718667    2.783667   4.4622176912E-001
    0.000000    0.000000   -0.716333    2.786000   4.4555137534E-001
    0.000000    0.000000   -0.714000    2.788333   4.4482669175E-001
    0.000000    0.000000   -0.711667    2.790667   4.4405099631E-001
    0.000000    0.000000   -0.709333    2.793000   4.4322762476E-001
    0.000000    0.000000   -0.707000    2.795333   4.4235995290E-001
    0.000000    0.000000   -0.704667    2.797667   4.4145137903E-001
    0.000000    0.000000   -0.702333    2.800000   4.4050530686E-001
    0.000000    0.000000   -0.700000    2.802333   4.3952512882E-001
    0.000000    0.000000   -0.697667    2.804667   4.3851420994E-001
    0.000000    0.000000   -0.695333    2.807000   4.3747587249E-001
    0.000000    0.000000   -0.693000    2.809333   4.3641338134E-001
    0.000000    0.000000   -0.690667    2.811667   4.3532993022E-001
    0.000000    0.000000   -0.688333    2.814000   4.3422862898E-001
    0.000000    0.000000   -0.686000    2.816333   4.3311249180E-001
    0.000000    0.000000   -0.683667    2.818667   4.3198442650E-001
    0.000000    0.000000   -0.681333    2.821000   4.3084722499E-001
    0.000000    0.000000   -0.679000    2.823333   4.2970355483E-001
    0.000000    0.000000   -0.676667    2.825667   4.2855595197E-001
    0.000000    0.000000   -0.674333    2.828000   4.2740681463E-001
    0.000000    0.000000   -0.672000    2.830333   4.2625839844E-001
    0.000000    0.000000   -0.669667    2.832667   4.2511281260E-001
    0.000000    0.000000   -0.667333    2.835000   4.2397201729E-001
    0.000000    0.000000   -0.665000    2.837333   4.2283782210E-001
    0.000000    0.000000   -0.662667    2.839667   4.2171188557E-001
    0.000000    0.000000   -0.660333    2.842000   4.2059571570E-001
    0.000000    0.000000   -0.658000    2.844333   4.1949067145E-001
    0.000000    0.000000   -0.655667    2.846667   4.1839796507E-001
    0.000000    0.000000   -0.653333    2.849000   4.1731866534E-001
    0.000000    0.000000   -0.651000    2.851333   4.1625370150E-001
    0.000000    0.000000   -0.648667    2.853667   4.1520386789E-001
    0.000000    0.000000   -0.646333    2.856000   4.1416982922E-001
    0.000000    0.000000   -0.644000    2.858333   4.1315212630E-001
    0.000000    0.000000   -0.641667    2.860667   4.1215118229E-001
    0.000000    0.000000   -0.639333    2.863000   4.1116730934E-001
    0.000000    0.000000   -0.637000    2.865333   4.1020071547E-001
    0.000000    0.000000   -0.634667    2.867667   4.0925151172E-001
    0.000000    0.000000   -0.632333    2.870000   4.0831971944E-001
    0.000000    0.000000   -0.630000    2.872333   4.0740527774E-001
    0.000000    0.000000   -0.627667    2.874667   4.0650805086E-001
    0.000000    0.000000   -0.625333    2.877000   4.0562783555E-001
    0.000000    0.000000   -0.623000    2.879333   4.0476436844E-001
    0.000000    0.000000   -0.620667    2.881667   4.0391733316E-001
    0.000000    0.000000   -0.618333    2.884000   4.0308636730E-001
    0.000000    0.000000   -0.616000    2.886333   4.0227106923E-001
    0.000000    0.000000   -0.613667    2.888667   4.0147100451E-001
    0.000000    0.000000   -0.611333    2.891000   4.0068571216E-001
    0.000000    0.000000   -0.609000    2.893333   3.9991471050E-001
    0.000000    0.000000   -0.606667    2.895667   3.9915750266E-001
    0.000000    0.000000   -0.604333    2.898000   3.9841358184E-001
    0.000000    0.000000   -0.602000    2.900333   3.9768243600E-001
    0.000000    0.000000   -0.599667    2.902667   3.9696355240E-001
    0.000000    0.000000   -0.597333    2.905000   3.9625642157E-001
    0.000000    0.000000   -0.595000    2.907333   3.9556054101E-001
    0.000000    0.000000   -0.592667    2.909667   3.9487541845E-001
    0.000000    0.000000   -0.590333    2.912000   3.9420057479E-001
    0.000000    0.000000   -0.588000    2.914333   3.9353554662E-001
    0.000000    0.000000   -0.585667    2.916667   3.9287988844E-001
    0.000000    0.000000   -0.583333    2.919000   3.9223317449E-001
    0.000000    0.000000   -0.581000    2.921333   3.9159500031E-001
    0.000000    0.000000   -0.578667    2.923667   3.9096498399E-001
    0.000000    0.000000   -0.576333    2.926000   3.9034276704E-001
    0.000000    0.000000   -0.574000    2.928333   3.8972801516E-001
    0.000000    0.000000   -0.571667    2.930667   3.8912041861E-001
    0.000000    0.000000   -0.569333    2.933000   3.8851969242E-001
    0.000000    0.000000   -0.567000    2.935333   3.8792557639E-001
    0.000000    0.000000   -0.564667    2.937667   3.8733783490E-001
    0.000000    0.000000   -0.562333    2.940000   3.8675625655E-001
    0.000000    0.000000   -0.560000    2.942333   3.8618065363E-001
    0.000000    0.000000   -0.557667    2.944667   3.8561086151E-001
    0.000000    0.000000   -0.555333    2.947000   3.8504673788E-001
    0.000000    0.000000   -0.553000    2.949333   3.8448816188E-001
    0.000000    0.000000   -0.550667    2.951667   3.8393503322E-001
    0.000000    0.000000   -0.548333    2.954000   3.8338727117E-001
    0.000000    0.000000   -0.546000    2.956333   3.8284481355E-001
    0.000000    0.000000   -0.543667    2.958667   3.8230761562E-001
    0.000000    0.000000   -0.541333    2.961000   3.8177564905E-001
    0.000000    0.000000   -0.539000    2.963333   3.8124890077E-001
    0.000000    0.000000   -0.536667    2.965667   3.8072737188E-001
    0.000000    0.000000   -0.534333    2.968000   3.8021107657E-001
    0.000000    0.000000   -0.532000    2.970333   3.7970004101E-001
    0.000000    0.000000   -0.529667    2.972667   3.7919430232E-001
    0.000000    0.000000   -0.527333    2.975000   3.7869390751E-001
    0.000000    0.000000   -0.525000    2.977333   3.7819891252E-001
    0.000000    0.000000   -0.522667    2.979667   3.7770938120E-001
    0.000000    0.000000   -0.520333    2.982000   3.7722538443E-001
    0.000000    0.000000   -0.518000    2.984333   3.7674699923E-001
    0.000000    0.000000   -0.515667    2.986667   3.7627430792E-001
    0.000000    0.000000   -0.513333    2.989000   3.7580739733E-001
    0.000000    0.000000   -0.511000    2.991333   3.7534635806E-001
    0.000000    0.000000   -0.508667    2.993667   3.7489128380E-001
    0.000000    0.000000   -0.506333    2.996000   3.7444227065E-001
    0.000000    0.000000   -0.504000    2.998333   3.7399941654E-001
    0.000000    0.000000   -0.501667    3.000667   3.7356282067E-001
    0.000000    0.000000   -0.499333    3.003000   3.7313258301E-001
    0.000000    0.000000   -0.497000    3.005333   3.7270880382E-001
    0.000000    0.000000   -0.494667    3.007667   3.7229158322E-001
    0.000000    0.000000   -0.492333    3.010000   3.7188102082E-001
    0.000000    0.000000   -0.490000    3.012333   3.7147721536E-001
    0.000000    0.000000   -0.487667    3.014667   3.7108026441E-001
    0.000000    0.000000   -0.485333    3.017000   3.7069026410E-001
    0.000000    0.000000   -0.483000    3.019333   3.7030730887E-001
    0.000000    0.000000   -0.480667    3.021667   3.6993149124E-001
    0.000000    0.000000   -0.478333    3.024000   3.6956290165E-001
    0.000000    0.000000   -0.476000    3.026333   3.6920162832E-001
    0.000000    0.000000   -0.473667    3.028667   3.6884775707E-001
    0.000000    0.000000   -0.471333    3.031000   3.6850137124E-001
    0.000000    0.000000   -0.469000    3.033333   3.6816255163E-001
    0.000000    0.000000   -0.466667    3.035667   3.6783137637E-001
    0.000000    0.000000   -0.464333    3.038000   3.6750792091E-001
    0.000000    0.000000   -0.462000    3.040333   3.6719225799E-001
    0.000000    0.000000   -0.459667    3.042667   3.6688445760E-001
    0.000000    0.000000   -0.457333    3.045000   3.6658458698E-001
    0.000000    0.000000   -0.455000    3.047333   3.6629271063E-001
    0.000000    0.000000   -0.452667    3.049667   3.6600889032E-001
    0.000000    0.000000   -0.450333    3.052000   3.6573318512E-001
    0.000000    0.000000   -0.448000    3.054333   3.6546565144E-001
    0.000000    0.000000   -0.445667    3.056667   3.6520634303E-001
    0.000000    0.000000   -0.443333    3.059000   3.6495531108E-001
    0.000000    0.000000   -0.441000    3.061333   3.6471260425E-001
    0.000000    0.000000   -0.438667    3.063667   3.6447826870E-001
    0.000000    0.000000   -0.436333    3.066000   3.6425234820E-001
    0.000000    0.000000   -0.434000    3.068333   3.6403488415E-001
    0.000000    0.000000   -0.431667    3.070667   3.6382591564E-001
    0.000000    0.000000   -0.429333    3.073000   3.6362547955E-001
    0.000000    0.000000   -0.427000    3.075333   3.6343361060E-001
    0.000000    0.000000   -0.424667    3.077667   3.6325034140E-001
    0.000000    0.000000   -0.422333    3.080000   3.6307570254E-001
    0.000000    0.000000   -0.420000    3.082333   3.6290972265E-001
    0.000000    0.000000   -0.417667    3.084667   3.6275242844E-001
    0.000000    0.000000   -0.415333    3.087000   3.6260384480E-001
    0.000000    0.000000   -0.413000    3.089333   3.6246399484E-001
    0.000000    0.000000   -0.410667    3.091667   3.6233289996E-001
    0.000000    0.000000   -0.408333    3.094000   3.6221057989E-001
    0.000000    0.000000   -0.406000    3.096333   3.6209705278E-001
    0.000000    0.000000   -0.403667    3.098667   3.6199233519E-001
    0.000000    0.000000   -0.401333    3.101000   3.6189644220E-001
    0.000000    0.000000   -0.399000    3.103333   3.6180938745E-001
    0.000000    0.000000   -0.396667    3.105667   3.6173118312E-001
    0.000000    0.000000   -0.394333    3.108000   3.6166184006E-001
    0.000000    0.000000   -0.392000    3.110333   3.6160136775E-001
    0.000000    0.000000   -0.389667    3.112667   3.6154977437E-001
    0.000000    0.000000   -0.387333    3.115000   3.6150706682E-001
    0.000000    0.000000   -0.385000    3.117333   3.6147325073E-001
    0.000000    0.000000   -0.382667    3.119667   3.6144833050E-001
    0.000000    0.000000   -0.380333    3.122000   3.6143230931E-001
    0.000000    0.000000   -0.378000    3.124333   3.6142518912E-001
    0.000000    0.000000   -0.375667    3.126667   3.6142697069E-001
    0.000000    0.000000   -0.373333    3.129000   3.6143765356E-001
    0.000000    0.000000   -0.371000    3.131333   3.6145723610E-001
    0.000000    0.000000   -0.368667    3.133667   3.6148571544E-001
    0.000000    0.000000   -0.366333    3.136000   3.6152308750E-001
    0.000000    0.000000   -0.364000    3.138333   3.6156934698E-001
    0.000000    0.000000   -0.361667    3.140667   3.6162448730E-001
    0.000000    0.000000   -0.359333    3.143000   3.6168850065E-001
    0.000000    0.000000   -0.357000    3.145333   3.6176137788E-001
    0.000000    0.000000   -0.354667    3.147667   3.6184310854E-001
    0.000000    0.000000   -0.352333    3.150000   3.6193368080E-001
    0.000000    0.000000   -0.350000    3.152333   3.6203308144E-001
    0.000000    0.000000   -0.347667    3.154667   3.6214129579E-001
    0.000000    0.000000   -0.345333    3.157000   3.6225830770E-001
    0.000000    0.000000   -0.343000    3.159333   3.6238409950E-001
    0.000000    0.000000   -0.340667    3.161667   3.6251865192E-001
    0.000000    0.000000   -0.338333    3.164000   3.6266194406E-001
    0.000000    0.000000   -0.336000    3.166333   3.6281395332E-001
    0.000000    0.000000   -0.333667    3.168667   3.6297465535E-001
    0.000000    0.000000   -0.331333    3.171000   3.6314402401E-001
    0.000000    0.000000   -0.329000    3.173333   3.6332203125E-001
    0.000000    0.000000   -0.326667    3.175667   3.6350864711E-001
    0.000000    0.000000   -0.324333    3.178000   3.6370383960E-001
    0.000000    0.000000   -0.322000    3.180333   3.6390757468E-001
    0.000000    0.000000   -0.319667    3.182667   3.6411981618E-001
    0.000000    0.000000   -0.317333    3.185000   3.6434052570E-001
    0.000000    0.000000   -0.315000    3.187333   3.6456966259E-001
    0.000000    0.000000   -0.312667    3.189667   3.6480718388E-001
    0.000000    0.000000   -0.310333    3.192000   3.6505304418E-001
    0.000000    0.000000   -0.308000    3.194333   3.6530719566E-001
    0.000000    0.000000   -0.305667    3.196667   3.6556958800E-001
    0.000000    0.000000   -0.303333    3.199000   3.6584016828E-001
    0.000000    0.000000   -0.301000    3.201333   3.6611888099E-001
    0.000000    0.000000   -0.298667    3.203667   3.6640566797E-001
    0.000000    0.000000   -0.296333    3.206000   3.6670046837E-001
    0.000000    0.000000   -0.294000    3.208333   3.6700321863E-001
    0.000000    0.000000   -0.291667    3.210667   3.6731385243E-001
    0.000000    0.000000   -0.289333    3.213000   3.6763230075E-001
    0.000000    0.000000   -0.287000    3.215333   3.6795849179E-001
    0.000000    0.000000   -0.284667    3.217667   3.6829235106E-001
    0.000000    0.000000   -0.282333    3.220000   3.6863380134E-001
    0.000000    0.000000   -0.280000    3.222333   3.6898276279E-001
    0.000000    0.000000   -0.277667    3.224667   3.6933915296E-001
    0.000000    0.000000   -0.275333    3.227000   3.6970288691E-001
    0.000000    0.000000   -0.273000    3.229333   3.7007387726E-001
    0.000000    0.000000   -0.270667    3.231667   3.7045203438E-001
    0.000000    0.000000   -0.268333    3.234000   3.7083726649E-001
    0.000000    0.000000   -0.266000    3.236333   3.7122947984E-001
    0.000000    0.000000   -0.263667    3.238667   3.7162857893E-001
    0.000000    0.000000   -0.261333    3.241000   3.7203446673E-001
    0.000000    0.000000   -0.259000    3.243333   3.7244704492E-001
    0.000000    0.000000   -0.256667    3.245667   3.7286621424E-001
    0.000000    0.000000   -0.254333    3.248000   3.7329187479E-001
    0.000000    0.000000   -0.252000    3.250333   3.7372392638E-001
    0.000000    0.000000   -0.249667    3.252667   3.7416226899E-001
    0.000000    0.000000   -0.247333    3.255000   3.7460680320E-001
    0.000000    0.000000   -0.245000    3.257333   3.7505743066E-001
    0.000000    0.000000   -0.242667    3.259667   3.7551405467E-001
    0.000000    0.000000   -0.240333    3.262000   3.7597658075E-001
    0.000000    0.000000   -0.238000    3.264333   3.7644491726E-001
    0.000000    0.000000   -0.235667    3.266667   3.7691897609E-001
    0.000000    0.000000   -0.233333    3.269000   3.7739867336E-001
    0.000000    0.000000   -0.231000    3.271333   3.7788393026E-001
    0.000000    0.000000   -0.228667    3.273667   3.7837467378E-001
    0.000000    0.000000   -0.226333    3.276000   3.7887083765E-001
    0.000000    0.000000   -0.224000    3.278333   3.7937236318E-001
    0.000000    0.000000   -0.221667    3.280667   3.7987920026E-001
    0.000000    0.000000   -0.219333    3.283000   3.8039130835E-001
    0.000000    0.000000   -0.217000    3.285333   3.8090865744E-001
    0.000000    0.000000   -0.214667    3.287667   3.8143122917E-001
    0.000000    0.000000   -0.212333    3.290000   3.8195901786E-001
    0.000000    0.000000   -0.210000    3.292333   3.8249203162E-001
    0.000000    0.000000   -0.207667    3.294667   3.8303029343E-001
    0.000000    0.000000   -0.205333    3.297000   3.8357384228E-001
    0.000000    0.000000   -0.203000    3.299333   3.8412273421E-001
    0.000000    0.000000   -0.200667    3.301667   3.8467704345E-001
    0.000000    0.000000   -0.198333    3.304000   3.8523686340E-001
    0.000000    0.000000   -0.196000    3.306333   3.8580230766E-001
    0.000000    0.000000   -0.193667    3.308667   3.8637351099E-001
    0.000000    0.000000   -0.191333    3.311000   3.8695063014E-001
    0.000000    0.000000   -0.189000    3.313333   3.8753384467E-001
    0.000000    0.000000   -0.186667    3.315667   3.8812335761E-001
    0.000000    0.000000   -0.184333    3.318000   3.8871939602E-001
    0.000000    0.000000   -0.182000    3.320333   3.8932221138E-001
    0.000000    0.000000   -0.179667    3.322667   3.8993207990E-001
    0.000000    0.000000   -0.177333    3.325000   3.9054930250E-001
    0.000000    0.000000   -0.175000    3.327333   3.9117420480E-001
    0.000000    0.000000   -0.172667    3.329667   3.9180713665E-001
    0.000000    0.000000   -0.170333    3.332000   3.9244847164E-001
    0.000000    0.000000   -0.168000    3.334333   3.9309860618E-001
    0.000000    0.000000   -0.165667    3.336667   3.9375795841E-001
    0.000000    0.000000   -0.163333    3.339000   3.9442696675E-001
    0.000000    0.000000   -0.161000    3.341333   3.9510608817E-001
    0.000000    0.000000   -0.158667    3.343667   3.9579579609E-001
    0.000000    0.000000   -0.156333    3.346000   3.9649657800E-001
    0.000000    0.000000   -0.154000    3.348333   3.9720893262E-001
    0.000000    0.000000   -0.151667    3.350667   3.9793336679E-001
    0.000000    0.000000   -0.149333    3.353000   3.9867039191E-001
    0.000000    0.000000   -0.147000    3.355333   3.9942052005E-001
    0.000000    0.000000   -0.144667    3.357667   4.0018425966E-001
    0.000000    0.000000   -0.142333    3.360000   4.0096211088E-001
    0.000000    0.000000   -0.140000    3.362333   4.0175456052E-001
    0.000000    0.000000   -0.137667    3.364667   4.0256207661E-001
    0.000000    0.000000   -0.135333    3.367000   4.0338510268E-001
    0.000000    0.000000   -0.133000    3.369333   4.0422405168E-001
    0.000000    0.000000   -0.130667    3.371667   4.0507929957E-001
    0.000000    0.000000   -0.128333    3.374000   4.0595117867E-001
    0.000000    0.000000   -0.126000    3.376333   4.0683997076E-001
    0.000000    0.000000   -0.123667    3.378667   4.0774590000E-001
    0.000000    0.000000   -0.121333    3.381000   4.0866912564E-001
    0.000000    0.000000   -0.119000    3.383333   4.0960973470E-001
    0.000000    0.000000   -0.116667    3.385667   4.1056773455E-001
    0.000000    0.000000   -0.114333    3.388000   4.1154304547E-001
    0.000000    0.000000   -0.112000    3.390333   4.1253549338E-001
    0.000000    0.000000   -0.109667    3.392667   4.1354480260E-001
    0.000000    0.000000   -0.107333    3.395000   4.1457058887E-001
    0.000000    0.000000   -0.105000    3.397333   4.1561235264E-001
    0.000000    0.000000   -0.102667    3.399667   4.1666947271E-001
    0.000000    0.000000   -0.100333    3.402000   4.1774120030E-001
    0.000000    0.000000   -0.098000    3.404333   4.1882665360E-001
    0.000000    0.000000   -0.095667    3.406667   4.1992481298E-001
    0.000000    0.000000   -0.093333    3.409000   4.2103451675E-001
    0.000000    0.000000   -0.091000    3.411333   4.2215445770E-001
    0.000000    0.000000   -0.088667    3.413667   4.2328318050E-001
    0.000000    0.000000   -0.086333    3.416000   4.2441907985E-001
    0.000000    0.000000   -0.084000    3.418333   4.2556039968E-001
    0.000000    0.000000   -0.081667    3.420667   4.2670523324E-001
    0.000000    0.000000   -0.079333    3.423000   4.2785152430E-001
    0.000000    0.000000   -0.077000    3.425333   4.2899706940E-001
    0.000000    0.000000   -0.074667    3.427667   4.3013952124E-001
    0.000000    0.000000   -0.072333    3.430000   4.3127639318E-001
    0.000000    0.000000   -0.070000    3.432333   4.3240506496E-001
    0.000000    0.000000   -0.067667    3.434667   4.3352278954E-001
    0.000000    0.000000   -0.065333    3.437000   4.3462670111E-001
    0.000000    0.000000   -0.063000    3.439333   4.3571382430E-001
    0.000000    0.000000   -0.060667    3.441667   4.3678108445E-001
    0.000000    0.000000   -0.058333    3.444000   4.3782531900E-001
    0.000000    0.000000   -0.056000    3.446333   4.3884328994E-001
    0.000000    0.000000   -0.053667    3.448667   4.3983169716E-001
    0.000000    0.000000   -0.051333    3.451000   4.4078719282E-001
    0.000000    0.000000   -0.049000    3.453333   4.4170639640E-001
    0.000000    0.000000   -0.046667    3.455667   4.4258591062E-001
    0.000000    0.000000   -0.044333    3.458000   4.4342233784E-001
    0.000000    0.000000   -0.042000    3.460333   4.4421229712E-001
    0.000000    0.000000   -0.039667    3.462667   4.4495244152E-001
    0.000000    0.000000   -0.037333    3.465000   4.4563947577E-001
    0.000000    0.000000   -0.035000    3.467333   4.4627017403E-001
    0.000000    0.000000   -0.032667    3.469667   4.4684139764E-001
    0.000000    0.000000   -0.030333    3.472000   4.4735011273E-001
    0.000000    0.000000   -0.028000    3.474333   4.4779340753E-001
    0.000000    0.000000   -0.025667    3.476667   4.4816850927E-001
    0.000000    0.000000   -0.023333    3.479000   4.4847280043E-001
    0.000000    0.000000   -0.021000    3.481333   4.4870383443E-001
    0.000000    0.000000   -0.018667    3.483667   4.4885935028E-001
    0.000000    0.000000   -0.016333    3.486000   4.4893728641E-001
    0.000000    0.000000   -0.014000    3.488333   4.4893579333E-001
    0.000000    0.000000   -0.011667    3.490667   4.4885324510E-001
    0.000000    0.000000   -0.009333    3.493000   4.4868824948E-001
    0.000000    0.000000   -0.007000    3.495333   4.4843965669E-001
    0.000000    0.000000   -0.004667    3.497667   4.4810656669E-001
    0.000000    0.000000   -0.002333    3.500000   4.4768833490E-001
    0.000000    0.000000    0.000000    3.502333   4.4718457631E-001
    0.000000    0.000000    0.002333    3.504667   4.4659516802E-001
    0.000000    0.000000    0.004667    3.507000   4.4592025004E-001
    0.000000    0.000000    0.007000    3.509333   4.4516022443E-001
    0.000000    0.000000    0.009333    3.511667   4.4431575286E-001
    0.000000    0.000000    0.011667    3.514000   4.4338775243E-001
    0.000000    0.000000    0.014000    3.516333   4.4237738998E-001
    0.000000    0.000000    0.016333    3.518667   4.4128607477E-001
    0.000000    0.000000    0.018667    3.521000   4.4011544975E-001
    0.000000    0.000000    0.021000    3.523333   4.3886738139E-001
    0.000000    0.000000    0.023333    3.525667   4.3754394820E-001
    0.000000    0.000000    0.025667    3.528000   4.3614742807E-001
    0.000000    0.000000    0.028000    3.530333   4.3468028448E-001
    0.000000    0.000000    0.030333    3.532667   4.3314515173E-001
    0.000000    0.000000    0.032667    3.535000   4.3154481939E-001
    0.000000    0.000000    0.035000    3.537333   4.2988221595E-001
    0.000000    0.000000    0.037333    3.539667   4.2816039194E-001
    0.000000    0.000000    0.039667    3.542000   4.2638250264E-001
    0.000000    0.000000    0.042000    3.544333   4.2455179041E-001
    0.000000    0.000000    0.044333    3.546667   4.2267156699E-001
    0.000000    0.000000    0.046667    3.549000   4.2074519570E-001
    0.000000    0.000000    0.049000    3.551333   4.1877607382E-001
    0.000000    0.000000    0.051333    3.553667   4.1676761520E-001
    0.000000    0.000000    0.053667    3.556000   4.1472323328E-001
    0.000000    0.000000    0.056000    3.558333   4.1264632459E-001
    0.000000    0.000000    0.058333    3.560667   4.1054025296E-001
    0.000000    0.000000    0.060667    3.563000   4.0840833431E-001
    0.000000    0.000000    0.063000    3.565333   4.0625382240E-001
    0.000000    0.000000    0.065333    3.567667   4.0407989541E-001
    0.000000    0.000000    0.067667    3.570000   4.0188964351E-001
    0.000000    0.000000    0.070000    3.572333   3.9968605744E-001
    0.000000    0.000000    0.072333    3.574667   3.9747201827E-001
    0.000000    0.000000    0.074667    3.577000   3.9525028815E-001
    0.000000    0.000000    0.077000    3.579333   3.9302350232E-001
    0.000000    0.000000    0.079333    3.581667   3.9079416225E-001
    0.000000    0.000000    0.081667    3.584000   3.8856462990E-001
    0.000000    0.000000    0.084000    3.586333   3.8633712327E-001
    0.000000    0.000000    0.086333    3.588667   3.8411371292E-001
    0.000000    0.000000    0.088667    3.591000   3.8189631980E-001
    0.000000    0.000000    0.091000    3.593333   3.7968671399E-001
    0.000000    0.000000    0.093333    3.595667   3.7748651461E-001
    0.000000    0.000000    0.095667    3.598000   3.7529719063E-001
    0.000000    0.000000    0.098000    3.600333   3.7312006268E-001
    0.000000    0.000000    0.100333    3.602667   3.7095630569E-001
    0.000000    0.000000    0.102667    3.605000   3.6880695232E-001
    0.000000    0.000000    0.105000    3.607333   3.6667289718E-001
    0.000000    0.000000    0.107333    3.609667   3.6455490163E-001
    0.000000    0.000000    0.109667    3.612000   3.6245359921E-001
    0.000000    0.000000    0.112000    3.614333   3.6036950159E-001
    0.000000    0.000000    0.114333    3.616667   3.5830300488E-001
    0.000000    0.000000    0.116667    3.619000   3.5625439635E-001
    0.000000    0.000000    0.119000    3.621333   3.5422386145E-001
    0.000000    0.000000    0.121333    3.623667   3.5221149092E-001
    0.000000    0.000000    0.123667    3.626000   3.5021728819E-001
    0.000000    0.000000    0.126000    3.628333   3.4824117674E-001
    0.000000    0.000000    0.128333    3.630667   3.4628300749E-001
    0.000000    0.000000    0.130667    3.633000   3.4434256618E-001
    0.000000    0.000000    0.133000    3.635333   3.4241958059E-001
    0.000000    0.000000    0.135333    3.637667   3.4051372762E-001
    0.000000    0.000000    0.137667    3.640000   3.3862464023E-001
    0.000000    0.000000    0.140000    3.642333   3.3675191401E-001
    0.000000    0.000000    0.142333    3.644667   3.3489511363E-001
    0.000000    0.000000    0.144667    3.647000   3.3305377887E-001
    0.000000    0.000000    0.147000    3.649333   3.3122743039E-001
    0.000000    0.000000    0.149333    3.651667   3.2941557509E-001
    0.000000    0.000000    0.151667    3.654000   3.2761771120E-001
    0.000000    0.000000    0.154000    3.656333   3.2583333288E-001
    0.000000    0.000000    0.156333    3.658667   3.2406193456E-001
    0.000000    0.000000    0.158667    3.661000   3.2230301479E-001
    0.000000    0.000000    0.161000    3.663333   3.2055607980E-001
    0.000000    0.000000    0.163333    3.665667   3.1882064659E-001
    0.000000    0.000000    0.165667    3.668000   3.1709624577E-001
    0.000000    0.000000    0.168000    3.670333   3.1538242389E-001
    0.000000    0.000000    0.170333    3.672667   3.1367874559E-001
    0.000000    0.000000    0.172667    3.675000   3.1198479526E-001
    0.000000    0.000000    0.175000    3.677333   3.1030017851E-001
    0.000000    0.000000    0.177333    3.679667   3.0862452325E-001
    0.000000    0.000000    0.179667    3.682000   3.0695748056E-001
    0.000000    0.000000    0.182000    3.684333   3.0529872522E-001
    0.000000    0.000000    0.184333    3.686667   3.0364795611E-001
    0.000000    0.000000    0.186667    3.689000   3.0200489627E-001
    0.000000    0.000000    0.189000    3.691333   3.0036929283E-001
    0.000000    0.000000    0.191333    3.693667   2.9874091676E-001
    0.000000    0.000000    0.193667    3.696000   2.9711956243E-001
    0.000000    0.000000    0.196000    3.698333   2.9550504704E-001
    0.000000    0.000000    0.198333    3.700667   2.9389720993E-001
    0.000000    0.000000    0.200667    3.703000   2.9229591180E-001
    0.000000    0.000000    0.203000    3.705333   2.9070103378E-001
    0.000000    0.000000    0.205333    3.707667   2.8911247655E-001
    0.000000    0.000000    0.207667    3.710000   2.8753015923E-001
    0.000000    0.000000    0.210000    3.712333   2.8595401840E-001
    0.000000    0.000000    0.212333    3.714667   2.8438400699E-001
    0.000000    0.000000    0.214667    3.717000   2.8282009315E-001
    0.000000    0.000000    0.217000    3.719333   2.8126225915E-001
    0.000000    0.000000    0.219333    3.721667   2.7971050027E-001
    0.000000    0.000000    0.221667    3.724000   2.7816482370E-001
    0.000000    0.000000    0.224000    3.726333   2.7662524744E-001
    0.000000    0.000000    0.226333    3.728667   2.7509179923E-001
    0.000000    0.000000    0.228667    3.731000   2.7356451555E-001
    0.000000    0.000000    0.231000    3.733333   2.7204344058E-001
    0.000000    0.000000    0.233333    3.735667   2.7052862527E-001
    0.000000    0.000000    0.235667    3.738000   2.6902012640E-001
    0.000000    0.000000    0.238000    3.740333   2.6751800572E-001
    0.000000    0.000000    0.240333    3.742667   2.6602232910E-001
    0.000000    0.000000    0.242667    3.745000   2.6453316576E-001
    0.000000    0.000000    0.245000    3.747333   2.6305058755E-001
    0.000000    0.000000    0.247333    3.749667   2.6157466821E-001
    0.000000    0.000000    0.249667    3.752000   2.6010548279E-001
    0.000000    0.000000    0.252000    3.754333   2.5864310701E-001
    0.000000    0.000000    0.254333    3.756667   2.5718761673E-001
    0.000000    0.000000    0.256667    3.759000   2.5573908744E-001
    0.000000    0.000000    0.259000    3.761333   2.5429759383E-001
    0.000000    0.000000    0.261333    3.763667   2.5286320930E-001
    0.000000    0.000000    0.263667    3.766000   2.5143600567E-001
    0.000000    0.000000    0.266000    3.768333   2.5001605277E-001
    0.000000    0.000000    0.268333    3.770667   2.4860341819E-001
    0.000000    0.000000    0.270667    3.773000   2.4719816697E-001
    0.000000    0.000000    0.273000    3.775333   2.4580036138E-001
    0.000000    0.000000    0.275333    3.777667   2.4441006074E-001
    0.000000    0.000000    0.277667    3.780000   2.4302732119E-001
    0.000000    0.000000    0.280000    3.782333   2.4165219560E-001
    0.000000    0.000000    0.282333    3.784667   2.4028473342E-001
    0.000000    0.000000    0.284667    3.787000   2.3892498056E-001
    0.000000    0.000000    0.287000    3.789333   2.3757297935E-001
    0.000000    0.000000    0.289333    3.791667   2.3622876846E-001
    0.000000    0.000000    0.291667    3.794000   2.3489238287E-001
    0.000000    0.000000    0.294000    3.796333   2.3356385383E-001
    0.000000    0.000000    0.296333    3.798667   2.3224320885E-001
    0.000000    0.000000    0.298667    3.801000   2.3093047176E-001
    0.000000    0.000000    0.301000    3.803333   2.2962566263E-001
    0.000000    0.000000    0.303333    3.805667   2.2832879791E-001
    0.000000    0.000000    0.305667    3.808000   2.2703989037E-001
    0.000000    0.000000    0.308000    3.810333   2.2575894924E-001
    0.000000    0.000000    0.310333    3.812667   2.2448598017E-001
    0.000000    0.000000    0.312667    3.815000   2.2322098540E-001
    0.000000    0.000000    0.315000    3.817333   2.2196396374E-001
    0.000000    0.000000    0.317333    3.819667   2.2071491070E-001
    0.000000    0.000000    0.319667    3.822000   2.1947381857E-001
    0.000000    0.000000    0.322000    3.824333   2.1824067648E-001
    0.000000    0.000000    0.324333    3.826667   2.1701547050E-001
    0.000000    0.000000    0.326667    3.829000   2.1579818374E-001
    0.000000    0.000000    0.329000    3.831333   2.1458879644E-001
    0.000000    0.000000    0.331333    3.833667   2.1338728608E-001
    0.000000    0.000000    0.333667    3.836000   2.1219362745E-001
    0.000000    0.000000    0.336000    3.838333   2.1100779278E-001
    0.000000    0.000000    0.338333    3.840667   2.0982975184E-001
    0.000000    0.000000    0.340667    3.843000   2.0865947200E-001
    0.000000    0.000000    0.343000    3.845333   2.0749691839E-001
    0.000000    0.000000    0.345333    3.847667   2.0634205397E-001
    0.000000    0.000000    0.347667    3.850000   2.0519483962E-001
    0.000000    0.000000    0.350000    3.852333   2.0405523430E-001
    0.000000    0.000000    0.352333    3.854667   2.0292319506E-001
    0.000000    0.000000    0.354667    3.857000   2.0179867722E-001
    0.000000    0.000000    0.357000    3.859333   2.0068163442E-001
    0.000000    0.000000    0.359333    3.861667   1.9957201876E-001
    0.000000    0.000000    0.361667    3.864000   1.9846978084E-001
    0.000000    0.000000    0.364000    3.866333   1.9737486990E-001
    0.000000    0.000000    0.366333    3.868667   1.9628723390E-001
    0.000000    0.000000    0.368667    3.871000   1.9520681962E-001
    0.000000    0.000000    0.371000    3.873333   1.9413357271E-001
    0.000000    0.000000    0.373333    3.875667   1.9306743783E-001
    0.000000    0.000000    0.375667    3.878000   1.9200835872E-001
    0.000000    0.000000    0.378000    3.880333   1.9095627826E-001
    0.000000    0.000000    0.380333    3.882667   1.8991113857E-001
    0.000000    0.000000    0.382667    3.885000   1.8887288109E-001
    0.000000    0.000000    0.385000    3.887333   1.8784144667E-001
    0.000000    0.000000    0.387333    3.889667   1.8681677562E-001
    0.000000    0.000000    0.389667    3.892000   1.8579880779E-001
    0.000000    0.000000    0.392000    3.894333   1.8478748265E-001
    0.000000    0.000000    0.394333    3.896667   1.8378273937E-001
    0.000000    0.000000    0.396667    3.899000   1.8278451685E-001
    0.000000    0.000000    0.399000    3.901333   1.8179275381E-001
    0.000000    0.000000    0.401333    3.903667   1.8080738886E-001
    0.000000    0.000000    0.403667    3.906000   1.7982836054E-001
    0.000000    0.000000    0.406000    3.908333   1.7885560738E-001
    0.000000    0.000000    0.408333    3.910667   1.7788906798E-001
    0.000000    0.000000    0.410667    3.913000   1.7692868101E-001
    0.000000    0.000000    0.413000    3.915333   1.7597438534E-001
    0.000000    0.000000    0.415333    3.917667   1.7502611999E-001
    0.000000    0.000000    0.417667    3.920000   1.7408382429E-001
    0.000000    0.000000    0.420000    3.922333   1.7314743781E-001
    0.000000    0.000000    0.422333    3.924667   1.7221690048E-001
    0.000000    0.000000    0.424667    3.927000   1.7129215262E-001
    0.000000    0.000000    0.427000    3.929333   1.7037313494E-001
    0.000000    0.000000    0.429333    3.931667   1.6945978862E-001
    0.000000    0.000000    0.431667    3.934000   1.6855205530E-001
    0.000000    0.000000    0.434000    3.936333   1.6764987717E-001
    0.000000    0.000000    0.436333    3.938667   1.6675319693E-001
    0.000000    0.000000    0.438667    3.941000   1.6586195789E-001
    0.000000    0.000000    0.441000    3.943333   1.6497610393E-001
    0.000000    0.000000    0.443333    3.945667   1.6409557957E-001
    0.000000    0.000000    0.445667    3.948000   1.6322032998E-001
    0.000000    0.000000    0.448000    3.950333   1.6235030098E-001
    0.000000    0.000000    0.450333    3.952667   1.6148543911E-001
    0.000000    0.000000    0.452667    3.955000   1.6062569158E-001
    0.000000    0.000000    0.455000    3.957333   1.5977100634E-001
    0.000000    0.000000    0.457333    3.959667   1.5892133207E-001
    0.000000    0.000000    0.459667    3.962000   1.5807661819E-001
    0.000000    0.000000    0.462000    3.964333   1.5723681490E-001
    0.000000    0.000000    0.464333    3.966667   1.5640187314E-001
    0.000000    0.000000    0.466667    3.969000   1.5557174464E-001
    0.000000    0.000000    0.469000    3.971333   1.5474638193E-001
    0.000000    0.000000    0.471333    3.973667   1.5392573829E-001
    0.000000    0.000000    0.473667    3.976000   1.5310976783E-001
    0.000000    0.000000    0.476000    3.978333   1.5229842544E-001
    0.000000    0.000000    0.478333    3.980667   1.5149166681E-001
    0.000000    0.000000    0.480667    3.983000   1.5068944843E-001
    0.000000    0.000000    0.483000    3.985333   1.4989172760E-001
    0.000000    0.000000    0.485333    3.987667   1.4909846240E-001
    0.000000    0.000000    0.487667    3.990000   1.4830961172E-001
    0.000000    0.000000    0.490000    3.992333   1.4752513524E-001
    0.000000    0.000000    0.492333    3.994667   1.4674499342E-001
    0.000000    0.000000    0.494667    3.997000   1.4596914753E-001
    0.000000    0.000000    0.497000    3.999333   1.4519755959E-001
    0.000000    0.000000    0.499333    4.001667   1.4443019242E-001
    0.000000    0.000000    0.501667    4.004000   1.4366700957E-001
    0.000000    0.000000    0.504000    4.006333   1.4290797539E-001
    0.000000    0.000000    0.506333    4.008667   1.4215305495E-001
    0.000000    0.000000    0.508667    4.011000   1.4140221406E-001
    0.000000    0.000000    0.511000    4.013333   1.4065541929E-001
    0.000000    0.000000    0.513333    4.015667   1.3991263790E-001
    0.000000    0.000000    0.515667    4.018000   1.3917383788E-001
    0.000000    0.000000    0.518000    4.020333   1.3843898791E-001
    0.000000    0.000000    0.520333    4.022667   1.3770805736E-001
    0.000000    0.000000    0.522667    4.025000   1.3698101628E-001
    0.000000    0.000000    0.525000    4.027333   1.3625783538E-001
    0.000000    0.000000    0.527333    4.029667   1.3553848603E-001
    0.000000    0.000000    0.529667    4.032000   1.3482294022E-001
    0.000000    0.000000    0.532000    4.034333   1.3411117060E-001
    0.000000    0.000000    0.534333    4.036667   1.3340315041E-001
    0.000000    0.000000    0.536667    4.039000   1.3269885349E-001
    0.000000    0.000000    0.539000    4.041333   1.3199825427E-001
    0.000000    0.000000    0.541333    4.043667   1.3130132776E-001
    0.000000    0.000000    0.543667    4.046000   1.3060804953E-001
    0.000000    0.000000    0.546000    4.048333   1.2991839568E-001
    0.000000    0.000000    0.548333    4.050667   1.2923234286E-001
    0.000000    0.000000    0.550667    4.053000   1.2854986822E-001
    0.000000    0.000000    0.553000    4.055333   1.2787094944E-001
    0.000000    0.000000    0.555333    4.057667   1.2719556467E-001
    0.000000    0.000000    0.557667    4.060000   1.2652369253E-001
    0.000000    0.000000    0.560000    4.062333   1.2585531213E-001
    0.000000    0.000000    0.562333    4.064667   1.2519040301E-001
    0.000000    0.000000    0.564667    4.067000   1.2452894514E-001
    0.000000    0.000000    0.567000    4.069333   1.2387091892E-001
    0.000000    0.000000    0.569333    4.071667   1.2321630516E-001
    0.000000    0.000000    0.571667    4.074000   1.2256508506E-001
    0.000000    0.000000    0.574000    4.076333   1.2191724021E-001
    0.000000    0.000000    0.576333    4.078667   1.2127275256E-001
    0.000000    0.000000    0.578667    4.081000   1.2063160441E-001
    0.000000    0.000000    0.581000    4.083333   1.1999377841E-001
    0.000000    0.000000    0.583333    4.085667   1.1935925755E-001
    0.000000    0.000000    0.585667    4.088000   1.1872802512E-001
    0.000000    0.000000    0.588000    4.090333   1.1810006472E-001
    0.000000    0.000000    0.590333    4.092667   1.1747536025E-001
    0.000000    0.000000    0.592667    4.095000   1.1685389589E-001
    0.000000    0.000000    0.595000    4.097333   1.1623565609E-001
    0.000000    0.000000    0.597333    4.099667   1.1562062555E-001
    0.000000    0.000000    0.599667    4.102000   1.1500878923E-001
    0.000000    0.000000    0.602000    4.104333   1.1440013232E-001
    0.000000    0.000000    0.604333    4.106667   1.1379464025E-001
    0.000000    0.000000    0.606667    4.109000   1.1319229863E-001
    0.000000    0.000000    0.609000    4.111333   1.1259309333E-001
    0.000000    0.000000    0.611333    4.113667   1.1199701036E-001
    0.000000    0.000000    0.613667    4.116000   1.1140403596E-001
    0.000000    0.000000    0.616000    4.118333   1.1081415653E-001
    0.000000    0.000000    0.618333    4.120667   1.1022735863E-001
    0.000000    0.000000    0.620667    4.123000   1.0964362899E-001
    0.000000    0.000000    0.623000    4.125333   1.0906295449E-001
    0.000000    0.000000    0.625333    4.127667   1.0848532216E-001
    0.000000    0.000000    0.627667    4.130000   1.0791071914E-001
    0.000000    0.000000    0.630000    4.132333   1.0733913272E-001
    0.000000    0.000000    0.632333    4.134667   1.0677055030E-001
    0.000000    0.000000    0.634667    4.137000   1.0620495939E-001
    0.000000    0.000000    0.637000    4.139333   1.0564234760E-001
    0.000000    0.000000    0.639333    4.141667   1.0508270266E-001
    0.000000    0.000000    0.641667    4.144000   1.0452601237E-001
    0.000000    0.000000    0.644000    4.146333   1.0397226461E-001
    0.000000    0.000000    0.646333    4.148667   1.0342144737E-001
    0.000000    0.000000    0.648667    4.151000   1.0287354867E-001
    0.000000    0.000000    0.651000    4.153333   1.0232855664E-001
    0.000000    0.000000    0.653333    4.155667   1.0178645943E-001
    0.000000    0.000000    0.655667    4.158000   1.0124724529E-001
    0.000000    0.000000    0.658000    4.160333   1.0071090249E-001
    0.000000    0.000000    0.660333    4.162667   1.0017741936E-001
    0.000000    0.000000    0.662667    4.165000   9.9646784277E-002
    0.000000    0.000000    0.665000    4.167333   9.9118985642E-002
    0.000000    0.000000    0.667333    4.169667   9.8594011903E-002
    0.000000    0.000000    0.669667    4.172000   9.8071851534E-002
    0.000000    0.000000    0.672000    4.174333   9.7552493039E-002
    0.000000    0.000000    0.674333    4.176667   9.7035924941E-002
    0.000000    0.000000    0.676667    4.179000   9.6522135787E-002
    0.000000    0.000000    0.679000    4.181333   9.6011114140E-002
    0.000000    0.000000    0.681333    4.183667   9.5502848577E-002
    0.000000    0.000000    0.683667    4.186000   9.4997327687E-002
    0.000000    0.000000    0.686000    4.188333   9.4494540067E-002
    0.000000    0.000000    0.688333    4.190667   9.3994474323E-002
    0.000000    0.000000    0.690667    4.193000   9.3497119063E-002
    0.000000    0.000000    0.693000    4.195333   9.3002462898E-002
    0.000000    0.000000    0.695333    4.197667   9.2510494440E-002
    0.000000    0.000000    0.697667    4.200000   9.2021202299E-002
    0.000000    0.000000    0.700000    4.202333   9.1534575083E-002
    0.000000    0.000000    0.702333    4.204667   9.1050601394E-002
    0.000000    0.000000    0.704667    4.207000   9.0569269829E-002
    0.000000    0.000000    0.707000    4.209333   9.0090568980E-002
    0.000000    0.000000    0.709333    4.211667   8.9614487427E-002
    0.000000    0.000000    0.711667    4.214000   8.9141013743E-002
    0.000000    0.000000    0.714000    4.216333   8.8670136492E-002
    0.000000    0.000000    0.716333    4.218667   8.8201844226E-002
    0.000000    0.000000    0.718667    4.221000   8.7736125486E-002
    0.000000    0.000000    0.721000    4.223333   8.7272968801E-002
    0.000000    0.000000    0.723333    4.225667   8.6812362688E-002
    0.000000    0.000000    0.725667    4.228000   8.6354295651E-002
    0.000000    0.000000    0.728000    4.230333   8.5898756182E-002
    0.000000    0.000000    0.730333    4.232667   8.5445732760E-002
    0.000000    0.000000    0.732667    4.235000   8.4995213850E-002
    0.000000    0.000000    0.735000    4.237333   8.4547187904E-002
    0.000000    0.000000    0.737333    4.239667   8.4101643362E-002
    0.000000    0.000000    0.739667    4.242000   8.3658568651E-002
    0.000000    0.000000    0.742000    4.244333   8.3217952185E-002
    0.000000    0.000000    0.744333    4.246667   8.2779782365E-002
    0.000000    0.000000    0.746667    4.249000   8.2344047583E-002
    0.000000    0.000000    0.749000    4.251333   8.1910736217E-002
    0.000000    0.000000    0.751333    4.253667   8.1479836633E-002
    0.000000    0.000000    0.753667    4.256000   8.1051337190E-002
    0.000000    0.000000    0.756000    4.258333   8.0625226235E-002
    0.000000    0.000000    0.758333    4.260667   8.0201492106E-002
    0.000000    0.000000    0.760667    4.263000   7.9780123133E-002
    0.000000    0.000000    0.763000    4.265333   7.9361107637E-002
    0.000000    0.000000    0.765333    4.267667   7.8944433932E-002
    0.000000    0.000000    0.767667    4.270000   7.8530090328E-002
    0.000000    0.000000    0.770000    4.272333   7.8118065128E-002
    0.000000    0.000000    0.772333    4.274667   7.7708346628E-002
    0.000000    0.000000    0.774667    4.277000   7.7300923125E-002
    0.000000    0.000000    0.777000    4.279333   7.6895782909E-002
    0.000000    0.000000    0.779333    4.281667   7.6492914271E-002
    0.000000    0.000000    0.781667    4.284000   7.6092305500E-002
    0.000000    0.000000    0.784000    4.286333   7.5693944885E-002
    0.000000    0.000000    0.786333    4.288667   7.5297820715E-002
    0.000000    0.000000    0.788667    4.291000   7.4903921284E-002
    0.000000    0.000000    0.791000    4.293333   7.4512234887E-002
    0.000000    0.000000    0.793333    4.295667   7.4122749823E-002
    0.000000    0.000000    0.795667    4.298000   7.3735454398E-002
    0.000000    0.000000    0.798000    4.300333   7.3350336922E-002
    0.000000    0.000000    0.800333    4.302667   7.2967385714E-002
    0.000000    0.000000    0.802667    4.305000   7.2586589100E-002
    0.000000    0.000000    0.805000    4.307333   7.2207935419E-002
    0.000000    0.000000    0.807333    4.309667   7.1831413015E-002
    0.000000    0.000000    0.809667    4.312000   7.1457010250E-002
    0.000000    0.000000    0.812000    4.314333   7.1084715493E-002
    0.000000    0.000000    0.814333    4.316667   7.0714517131E-002
    0.000000    0.000000    0.816667    4.319000   7.0346403564E-002
    0.000000    0.000000    0.819000    4.321333   6.9980363209E-002
    0.000000    0.000000    0.821333    4.323667   6.9616384500E-002
    0.000000    0.000000    0.823667    4.326000   6.9254455889E-002
    0.000000    0.000000    0.826000    4.328333   6.8894565847E-002
    0.000000    0.000000    0.828333    4.330667   6.8536702865E-002
    0.000000    0.000000    0.830667    4.333000   6.8180855457E-002
    0.000000    0.000000    0.833000    4.335333   6.7827012159E-002
    0.000000    0.000000    0.835333    4.337667   6.7475161530E-002
    0.000000    0.000000    0.837667    4.340000   6.7125292153E-002
    0.000000    0.000000    0.840000    4.342333   6.6777392638E-002
    0.000000    0.000000    0.842333    4.344667   6.6431451620E-002
    0.000000    0.000000    0.844667    4.347000   6.6087457763E-002
    0.000000    0.000000    0.847000    4.349333   6.5745399759E-002
    0.000000    0.000000    0.849333    4.351667   6.5405266330E-002
    0.000000    0.000000    0.851667    4.354000   6.5067046227E-002
    0.000000    0.000000    0.854000    4.356333   6.4730728234E-002
    0.000000    0.000000    0.856333    4.358667   6.4396301166E-002
    0.000000    0.000000    0.858667    4.361000   6.4063753873E-002
    0.000000    0.000000    0.861000    4.363333   6.3733075239E-002
    0.000000    0.000000    0.863333    4.365667   6.3404254181E-002
    0.000000    0.000000    0.865667    4.368000   6.3077279653E-002
    0.000000    0.000000    0.868000    4.370333   6.2752140647E-002
    0.000000    0.000000    0.870333    4.372667   6.2428826191E-002
    0.000000    0.000000    0.872667    4.375000   6.2107325353E-002
    0.000000    0.000000    0.875000    4.377333   6.1787627239E-002
    0.000000    0.000000    0.877333    4.379667   6.1469720995E-002
    0.000000    0.000000    0.879667    4.382000   6.1153595808E-002
    0.000000    0.000000    0.882000    4.384333   6.0839240907E-002
    0.000000    0.000000    0.884333    4.386667   6.0526645563E-002
    0.000000    0.000000    0.886667    4.389000   6.0215799089E-002
    0.000000    0.000000    0.889000    4.391333   5.9906690845E-002
    0.000000    0.000000    0.891333    4.393667   5.9599310231E-002
    0.000000    0.000000    0.893667    4.396000   5.9293646694E-002
    0.000000    0.000000    0.896000    4.398333   5.8989689727E-002
    0.000000    0.000000    0.898333    4.400667   5.8687428870E-002
    0.000000    0.000000    0.900667    4.403000   5.8386853707E-002
    0.000000    0.000000    0.903000    4.405333   5.8087953873E-002
    0.000000    0.000000    0.905333    4.407667   5.7790719049E-002
    0.000000    0.000000    0.907667    4.410000   5.7495138964E-002
    0.000000    0.000000    0.910000    4.412333   5.7201203399E-002
    0.000000    0.000000    0.912333    4.414667   5.6908902181E-002
    0.000000    0.000000    0.914667    4.417000   5.6618225189E-002
    0.000000    0.000000    0.917000    4.419333   5.6329162354E-002
    0.000000    0.000000    0.919333    4.421667   5.6041703656E-002
    0.000000    0.000000    0.921667    4.424000   5.5755839127E-002
    0.000000    0.000000    0.924000    4.426333   5.5471558852E-002
    0.000000    0.000000    0.926333    4.428667   5.5188852967E-002
    0.000000    0.000000    0.928667    4.431000   5.4907711661E-002
    0.000000    0.000000    0.931000    4.433333   5.4628125177E-002
    0.000000    0.000000    0.933333    4.435667   5.4350083811E-002
    0.000000    0.000000    0.935667    4.438000   5.4073577913E-002
    0.000000    0.000000    0.938000    4.440333   5.3798597888E-002
    0.000000    0.000000    0.940333    4.442667   5.3525134193E-002
    0.000000    0.000000    0.942667    4.445000   5.3253177342E-002
    0.000000    0.000000    0.945000    4.447333   5.2982717903E-002
    0.000000    0.000000    0.947333    4.449667   5.2713746501E-002
    0.000000    0.000000    0.949667    4.452000   5.2446253815E-002
    0.000000    0.000000    0.952000    4.454333   5.2180230580E-002
    0.000000    0.000000    0.954333    4.456667   5.1915667586E-002
    0.000000    0.000000    0.956667    4.459000   5.1652555682E-002
    0.000000    0.000000    0.959000    4.461333   5.1390885771E-002
    0.000000    0.000000    0.961333    4.463667   5.1130648813E-002
    0.000000    0.000000    0.963667    4.466000   5.0871835826E-002
    0.000000    0.000000    0.966000    4.468333   5.0614437883E-002
    0.000000    0.000000    0.968333    4.470667   5.0358446115E-002
    0.000000    0.000000    0.970667    4.473000   5.0103851710E-002
    0.000000    0.000000    0.973000    4.475333   4.9850645914E-002
    0.000000    0.000000    0.975333    4.477667   4.9598820028E-002
    0.000000    0.000000    0.977667    4.480000   4.9348365412E-002
    0.000000    0.000000    0.980000    4.482333   4.9099273484E-002
    0.000000    0.000000    0.982333    4.484667   4.8851535718E-002
    0.000000    0.000000    0.984667    4.487000   4.8605143647E-002
    0.000000    0.000000    0.987000    4.489333   4.8360088858E-002
    0.000000    0.000000    0.989333    4.491667   4.8116363001E-002
    0.000000    0.000000    0.991667    4.494000   4.7873957778E-002
    0.000000    0.000000    0.994000    4.496333   4.7632864953E-002
    0.000000    0.000000    0.996333    4.498667   4.7393076344E-002
    0.000000    0.000000    0.998667    4.501000   4.7154583828E-002
    0.000000    0.000000    1.001000    4.503333   4.6917379340E-002
    0.000000    0.000000    1.003333    4.505667   4.6681454871E-002
    0.000000    0.000000    1.005667    4.508000   4.6446802469E-002
    0.000000    0.000000    1.008000    4.510333   4.6213414240E-002
    0.000000    0.000000    1.010333    4.512667   4.5981282347E-002
    0.000000    0.000000    1.012667    4.515000   4.5750399009E-002
    0.000000    0.000000    1.015000    4.517333   4.5520756503E-002
    0.000000    0.000000    1.017333    4.519667   4.5292347163E-002
    0.000000    0.000000    1.019667    4.522000   4.5065163377E-002
    0.000000    0.000000    1.022000    4.524333   4.4839197591E-002
    0.000000    0.000000    1.024333    4.526667   4.4614442309E-002
    0.000000    0.000000    1.026667    4.529000   4.4390890088E-002
    0.000000    0.000000    1.029000    4.531333   4.4168533542E-002
    0.000000    0.000000    1.031333    4.533667   4.3947365342E-002
    0.000000    0.000000    1.033667    4.536000   4.3727378213E-002
    0.000000    0.000000    1.036000    4.538333   4.3508564936E-002
    0.000000    0.000000    1.038333    4.540667   4.3290918347E-002
    0.000000    0.000000    1.040667    4.543000   4.3074431336E-002
    0.000000    0.000000    1.043000    4.545333   4.2859096850E-002
    0.000000    0.000000    1.045333    4.547667   4.2644907888E-002
    0.000000    0.000000    1.047667    4.550000   4.2431857505E-002
    0.000000    0.000000    1.050000    4.552333   4.2219938809E-002
    0.000000    0.000000    1.052333    4.554667   4.2009144961E-002
    0.000000    0.000000    1.054667    4.557000   4.1799469179E-002
    0.000000    0.000000    1.057000    4.559333   4.1590904730E-002
    0.000000    0.000000    1.059333    4.561667   4.1383444936E-002
    0.000000    0.000000    1.061667    4.564000   4.1177083172E-002
    0.000000    0.000000    1.064000    4.566333   4.0971812865E-002
    0.000000    0.000000    1.066333    4.568667   4.0767627493E-002
    0.000000    0.000000    1.068667    4.571000   4.0564520589E-002
    0.000000    0.000000    1.071000    4.573333   4.0362485734E-002
    0.000000    0.000000    1.073333    4.575667   4.0161516561E-002
    0.000000    0.000000    1.075667    4.578000   3.9961606757E-002
    0.000000    0.000000    1.078000    4.580333   3.9762750056E-002
    0.000000    0.000000    1.080333    4.582667   3.9564940245E-002
    0.000000    0.000000    1.082667    4.585000   3.9368171158E-002
    0.000000    0.000000    1.085000    4.587333   3.9172436682E-002
    0.000000    0.000000    1.087333    4.589667   3.8977730752E-002
    0.000000    0.000000    1.089667    4.592000   3.8784047351E-002
    0.000000    0.000000    1.092000    4.594333   3.8591380512E-002
    0.000000    0.000000    1.094333    4.596667   3.8399724318E-002
    0.000000    0.000000    1.096667    4.599000   3.8209072896E-002
    0.000000    0.000000    1.099000    4.601333   3.8019420423E-002
    0.000000    0.000000    1.101333    4.603667   3.7830761125E-002
    0.000000    0.000000    1.103667    4.606000   3.7643089273E-002
    0.000000    0.000000    1.106000    4.608333   3.7456399185E-002
    0.000000    0.000000    1.108333    4.610667   3.7270685225E-002
    0.000000    0.000000    1.110667    4.613000   3.7085941804E-002
    0.000000    0.000000    1.113000    4.615333   3.6902163378E-002
    0.000000    0.000000    1.115333    4.617667   3.6719344448E-002
    0.000000    0.000000    1.117667    4.620000   3.6537479561E-002
    0.000000    0.000000    1.120000    4.622333   3.6356563308E-002
    0.000000    0.000000    1.122333    4.624667   3.6176590323E-002
    0.000000    0.000000    1.124667    4.627000   3.5997555287E-002
    0.000000    0.000000    1.127000    4.629333   3.5819452920E-002
    0.000000    0.000000    1.129333    4.631667   3.5642277990E-002
    0.000000    0.000000    1.131667    4.634000   3.5466025304E-002
    0.000000    0.000000    1.134000    4.636333   3.5290689713E-002
    0.000000    0.000000    1.136333    4.638667   3.5116266110E-002
    0.000000    0.000000    1.138667    4.641000   3.4942749428E-002
    0.000000    0.000000    1.141000    4.643333   3.4770134645E-002
    0.000000    0.000000    1.143333    4.645667   3.4598416776E-002
    0.000000    0.000000    1.145667    4.648000   3.4427590879E-002
    0.000000    0.000000    1.148000    4.650333   3.4257652050E-002
    0.000000    0.000000    1.150333    4.652667   3.4088595428E-002
    0.000000    0.000000    1.152667    4.655000   3.3920416188E-002
    0.000000    0.000000    1.155000    4.657333   3.3753109547E-002
    0.000000    0.000000    1.157333    4.659667   3.3586670757E-002
    0.000000    0.000000    1.159667    4.662000   3.3421095113E-002
    0.000000    0.000000    1.162000    4.664333   3.3256377945E-002
    0.000000    0.000000    1.164333    4.666667   3.3092514620E-002
    0.000000    0.000000    1.166667    4.669000   3.2929500545E-002
    0.000000    0.000000    1.169000    4.671333   3.2767331162E-002
    0.000000    0.000000    1.171333    4.673667   3.2606001948E-002
    0.000000    0.000000    1.173667    4.676000   3.2445508420E-002
    0.000000    0.000000    1.176000    4.678333   3.2285846128E-002
    0.000000    0.000000    1.178333    4.680667   3.2127010657E-002
    0.000000    0.000000    1.180667    4.683000   3.1968997630E-002
    0.000000    0.000000    1.183000    4.685333   3.1811802701E-002
    0.000000    0.000000    1.185333    4.687667   3.1655421561E-002
    0.000000    0.000000    1.187667    4.690000   3.1499849933E-002
    0.000000    0.000000    1.190000    4.692333   3.1345083576E-002
    0.000000    0.000000    1.192333    4.694667   3.1191118280E-002
    0.000000    0.000000    1.194667    4.697000   3.1037949869E-002
    0.000000    0.000000    1.197000    4.699333   3.0885574199E-002
    0.000000    0.000000    1.199333    4.701667   3.0733987159E-002
    0.000000    0.000000    1.201667    4.704000   3.0583184668E-002
    0.000000    0.000000    1.204000    4.706333   3.0433162680E-002
    0.000000    0.000000    1.206333    4.708667   3.0283917176E-002
    0.000000    0.000000    1.208667    4.711000   3.0135444171E-002
    0.000000    0.000000    1.211000    4.713333   2.9987739709E-002
    0.000000    0.000000    1.213333    4.715667   2.9840799864E-002
    0.000000    0.000000    1.215667    4.718000   2.9694620740E-002
    0.000000    0.000000    1.218000    4.720333   2.9549198472E-002
    0.000000    0.000000    1.220333    4.722667   2.9404529221E-002
    0.000000    0.000000    1.222667    4.725000   2.9260609179E-002
    0.000000    0.000000    1.225000    4.727333   2.9117434567E-002
    0.000000    0.000000    1.227333    4.729667   2.8975001632E-002
    0.000000    0.000000    1.229667    4.732000   2.8833306651E-002
    0.000000    0.000000    1.232000    4.734333   2.8692345927E-002
    0.000000    0.000000    1.234333    4.736667   2.8552115790E-002
    0.000000    0.000000    1.236667    4.739000   2.8412612599E-002
    0.000000    0.000000    1.239000    4.741333   2.8273832737E-002
    0.000000    0.000000    1.241333    4.743667   2.8135772614E-002
    0.000000    0.000000    1.243667    4.746000   2.7998428668E-002
    0.000000    0.000000    1.246000    4.748333   2.7861797360E-002
    0.000000    0.000000    1.248333    4.750667   2.7725875177E-002
    0.000000    0.000000    1.250667    4.753000   2.7590658631E-002
    0.000000    0.000000    1.253000    4.755333   2.7456144260E-002
    0.000000    0.000000    1.255333    4.757667   2.7322328625E-002
    0.000000    0.000000    1.257667    4.760000   2.7189208312E-002
    0.000000    0.000000    1.260000    4.762333   2.7056779930E-002
    0.000000    0.000000    1.262333    4.764667   2.6925040113E-002
    0.000000    0.000000    1.264667    4.767000   2.6793985516E-002
    0.000000    0.000000    1.267000    4.769333   2.6663612820E-002
    0.000000    0.000000    1.269333    4.771667   2.6533918725E-002
    0.000000    0.000000    1.271667    4.774000   2.6404899958E-002
    0.000000    0.000000    1.274000    4.776333   2.6276553264E-002
    0.000000    0.000000    1.276333    4.778667   2.6148875413E-002
    0.000000    0.000000    1.278667    4.781000   2.6021863195E-002
    0.000000    0.000000    1.281000    4.783333   2.5895513422E-002
    0.000000    0.000000    1.283333    4.785667   2.5769822926E-002
    0.000000    0.000000    1.285667    4.788000   2.5644788562E-002
    0.000000    0.000000    1.288000    4.790333   2.5520407203E-002
    0.000000    0.000000    1.290333    4.792667   2.5396675746E-002
    0.000000    0.000000    1.292667    4.795000   2.5273591105E-002
    0.000000    0.000000    1.295000    4.797333   2.5151150214E-002
    0.000000    0.000000    1.297333    4.799667   2.5029350029E-002
    0.000000    0.000000    1.299667    4.802000   2.4908187523E-002
    0.000000    0.000000    1.302000    4.804333   2.4787659690E-002
    0.000000    0.000000    1.304333    4.806667   2.4667763541E-002
    0.000000    0.000000    1.306667    4.809000   2.4548496107E-002
    0.000000    0.000000    1.309000    4.811333   2.4429854438E-002
    0.000000    0.000000    1.311333    4.813667   2.4311835601E-002
    0.000000    0.000000    1.313667    4.816000   2.4194436682E-002
    0.000000    0.000000    1.316000    4.818333   2.4077654785E-002
    0.000000    0.000000    1.318333    4.820667   2.3961487029E-002
    0.000000    0.000000    1.320667    4.823000   2.3845930554E-002
    0.000000    0.000000    1.323000    4.825333   2.3730982515E-002
    0.000000    0.000000    1.325333    4.827667   2.3616640086E-002
    0.000000    0.000000    1.327667    4.830000   2.3502900455E-002
    0.000000    0.000000    1.330000    4.832333   2.3389760828E-002
    0.000000    0.000000    1.332333    4.834667   2.3277218427E-002
    0.000000    0.000000    1.334667    4.837000   2.3165270493E-002
    0.000000    0.000000    1.337000    4.839333   2.3053914278E-002
    0.000000    0.000000    1.339333    4.841667   2.2943147053E-002
    0.000000    0.000000    1.341667    4.844000   2.2832966105E-002
    0.000000    0.000000    1.344000    4.846333   2.2723368734E-002
    0.000000    0.000000    1.346333    4.848667   2.2614352259E-002
    0.000000    0.000000    1.348667    4.851000   2.2505914009E-002
    0.000000    0.000000    1.351000    4.853333   2.2398051333E-002
    0.000000    0.000000    1.353333    4.855667   2.2290761591E-002
    0.000000    0.000000    1.355667    4.858000   2.2184042160E-002
    0.000000    0.000000    1.358000    4.860333   2.2077890431E-002
    0.000000    0.000000    1.360333    4.862667   2.1972303807E-002
    0.000000    0.000000    1.362667    4.865000   2.1867279708E-002
    0.000000    0.000000    1.365000    4.867333   2.1762815566E-002
    0.000000    0.000000    1.367333    4.869667   2.1658908829E-002
    0.000000    0.000000    1.369667    4.872000   2.1555556956E-002
    0.000000    0.000000    1.372000    4.874333   2.1452757420E-002
    0.000000    0.000000    1.374333    4.876667   2.1350507709E-002
    0.000000    0.000000    1.376667    4.879000   2.1248805323E-002
    0.000000    0.000000    1.379000    4.881333   2.1147647775E-002
    0.000000    0.000000    1.381333    4.883667   2.1047032591E-002
    0.000000    0.000000    1.383667    4.886000   2.0946957309E-002
    0.000000    0.000000    1.386000    4.888333   2.0847419482E-002
    0.000000    0.000000    1.388333    4.890667   2.0748416673E-002
    0.000000    0.000000    1.390667    4.893000   2.0649946458E-002
    0.000000    0.000000    1.393000    4.895333   2.0552006426E-002
    0.000000    0.000000    1.395333    4.897667   2.0454594177E-002
    0.000000    0.000000    1.397667    4.900000   2.0357707324E-002
    0.000000    0.000000    1.400000    4.902333   2.0261343492E-002
    0.000000    0.000000    1.402333    4.904667   2.0165500317E-002
    0.000000    0.000000    1.404667    4.907000   2.0070175446E-002
    0.000000    0.000000    1.407000    4.909333   1.9975366539E-002
    0.000000    0.000000    1.409333    4.911667   1.9881071267E-002
    0.000000    0.000000    1.411667    4.914000   1.9787287311E-002
    0.000000    0.000000    1.414000    4.916333   1.9694012365E-002
    0.000000    0.000000    1.416333    4.918667   1.9601244133E-002
    0.000000    0.000000    1.418667    4.921000   1.9508980330E-002
    0.000000    0.000000    1.421000    4.923333   1.9417218683E-002
    0.000000    0.000000    1.423333    4.925667   1.9325956929E-002
    0.000000    0.000000    1.425667    4.928000   1.9235192814E-002
    0.000000    0.000000    1.428000    4.930333   1.9144924098E-002
    0.000000    0.000000    1.430333    4.932667   1.9055148549E-002
    0.000000    0.000000    1.432667    4.935000   1.8965863946E-002
    0.000000    0.000000    1.435000    4.937333   1.8877068078E-002
    0.000000    0.000000    1.437333    4.939667   1.8788758744E-002
    0.000000    0.000000    1.439667    4.942000   1.8700933756E-002
    0.000000    0.000000    1.442000    4.944333   1.8613590932E-002
    0.000000    0.000000    1.444333    4.946667   1.8526728102E-002
    0.000000    0.000000    1.446667    4.949000   1.8440343106E-002
    0.000000    0.000000    1.449000    4.951333   1.8354433793E-002
    0.000000    0.000000    1.451333    4.953667   1.8268998022E-002
    0.000000    0.000000    1.453667    4.956000   1.8184033663E-002
    0.000000    0.000000    1.456000    4.958333   1.8099538593E-002
    0.000000    0.000000    1.458333    4.960667   1.8015510701E-002
    0.000000    0.000000    1.460667    4.963000   1.7931947883E-002
    0.000000    0.000000    1.463000    4.965333   1.7848848047E-002
    0.000000    0.000000    1.465333    4.967667   1.7766209108E-002
    0.000000    0.000000    1.467667    4.970000   1.7684028991E-002
    0.000000    0.000000    1.470000    4.972333   1.7602305632E-002
    0.000000    0.000000    1.472333    4.974667   1.7521036973E-002
    0.000000    0.000000    1.474667    4.977000   1.7440220967E-002
    0.000000    0.000000    1.477000    4.979333   1.7359855576E-002
    0.000000    0.000000    1.479333    4.981667   1.7279938769E-002
    0.000000    0.000000    1.481667    4.984000   1.7200468526E-002
    0.000000    0.000000    1.484000    4.986333   1.7121442836E-002
    0.000000    0.000000    1.486333    4.988667   1.7042859694E-002
    0.000000    0.000000    1.488667    4.991000   1.6964717107E-002
    0.000000    0.000000    1.491000    4.993333   1.6887013088E-002
    0.000000    0.000000    1.493333    4.995667   1.6809745660E-002
    0.000000    0.000000    1.495667    4.998000   1.6732912855E-002
    0.000000    0.000000    1.498000    5.000333   1.6656512711E-002
    0.000000    0.000000    1.500333    5.002667   1.6580543278E-002
    0.000000    0.000000    1.502667    5.005000   1.6505002612E-002
    0.000000    0.000000    1.505000    5.007333   1.6429888776E-002
    0.000000    0.000000    1.507333    5.009667   1.6355199845E-002
    0.000000    0.000000    1.509667    5.012000   1.6280933900E-002
    0.000000    0.000000    1.512000    5.014333   1.6207089030E-002
    0.000000    0.000000    1.514333    5.016667   1.6133663334E-002
    0.000000    0.000000    1.516667    5.019000   1.6060654915E-002
    0.000000    0.000000    1.519000    5.021333   1.5988061890E-002
    0.000000    0.000000    1.521333    5.023667   1.5915882378E-002
    0.000000    0.000000    1.523667    5.026000   1.5844114511E-002
    0.000000    0.000000    1.526000    5.028333   1.5772756425E-002
    0.000000    0.000000    1.528333    5.030667   1.5701806267E-002
    0.000000    0.000000    1.530667    5.033000   1.5631262190E-002
    0.000000    0.000000    1.533000    5.035333   1.5561122355E-002
    0.000000    0.000000    1.535333    5.037667   1.5491384931E-002
    0.000000    0.000000    1.537667    5.040000   1.5422048094E-002
    0.000000    0.000000    1.540000    5.042333   1.5353110031E-002
    0.000000    0.000000    1.542333    5.044667   1.5284568932E-002
    0.000000    0.000000    1.544667    5.047000   1.5216422997E-002
    0.000000    0.000000    1.547000    5.049333   1.5148670434E-002
    0.000000    0.000000    1.549333    5.051667   1.5081309458E-002
    0.000000    0.000000    1.551667    5.054000   1.5014338291E-002
    0.000000    0.000000    1.554000    5.056333   1.4947755162E-002
    0.000000    0.000000    1.556333    5.058667   1.4881558310E-002
    0.000000    0.000000    1.558667    5.061000   1.4815745979E-002
    0.000000    0.000000    1.561000    5.063333   1.4750316422E-002
    0.000000    0.000000    1.563333    5.065667   1.4685267897E-002
    0.000000    0.000000    1.565667    5.068000   1.4620598672E-002
    0.000000    0.000000    1.568000    5.070333   1.4556307021E-002
    0.000000    0.000000    1.570333    5.072667   1.4492391225E-002
    0.000000    0.000000    1.572667    5.075000   1.4428849572E-002
    0.000000    0.000000    1.575000    5.077333   1.4365680359E-002
    0.000000    0.000000    1.577333    5.079667   1.4302881888E-002
    0.000000    0.000000    1.579667    5.082000   1.4240452470E-002
    0.000000    0.000000    1.582000    5.084333   1.4178390421E-002
    0.000000    0.000000    1.584333    5.086667   1.4116694066E-002
    0.000000    0.000000    1.586667    5.089000   1.4055361736E-002
    0.000000    0.000000    1.589000    5.091333   1.3994391770E-002
    0.000000    0.000000    1.591333    5.093667   1.3933782511E-002
    0.000000    0.000000    1.593667    5.096000   1.3873532313E-002
    0.000000    0.000000    1.596000    5.098333   1.3813639535E-002
    0.000000    0.000000    1.598333    5.100667   1.3754102541E-002
    0.000000    0.000000    1.600667    5.103000   1.3694919706E-002
    0.000000    0.000000    1.603000    5.105333   1.3636089409E-002
    0.000000    0.000000    1.605333    5.107667   1.3577610035E-002
    0.000000    0.000000    1.607667    5.110000   1.3519479978E-002
    0.000000    0.000000    1.610000    5.112333   1.3461697638E-002
    0.000000    0.000000    1.612333    5.114667   1.3404261420E-002
    0.000000    0.000000    1.614667    5.117000   1.3347169739E-002
    0.000000    0.000000    1.617000    5.119333   1.3290421014E-002
    0.000000    0.000000    1.619333    5.121667   1.3234013670E-002
    0.000000    0.000000    1.621667    5.124000   1.3177946141E-002
    0.000000    0.000000    1.624000    5.126333   1.3122216867E-002
    0.000000    0.000000    1.626333    5.128667   1.3066824292E-002
    0.000000    0.000000    1.628667    5.131000   1.3011766869E-002
    0.000000    0.000000    1.631000    5.133333   1.2957043057E-002
    0.000000    0.000000    1.633333    5.135667   1.2902651321E-002
    0.000000    0.000000    1.635667    5.138000   1.2848590133E-002
    0.000000    0.000000    1.638000    5.140333   1.2794857969E-002
    0.000000    0.000000    1.640333    5.142667   1.2741453314E-002
    0.000000    0.000000    1.642667    5.145000   1.2688374658E-002
    0.000000    0.000000    1.645000    5.147333   1.2635620498E-002
    0.000000    0.000000    1.647333    5.149667   1.2583189336E-002
    0.000000    0.000000    1.649667    5.152000   1.2531079681E-002
    0.000000    0.000000    1.652000    5.154333   1.2479290048E-002
    0.000000    0.000000    1.654333    5.156667   1.2427818957E-002
    0.000000    0.000000    1.656667    5.159000   1.2376664936E-002
    0.000000    0.000000    1.659000    5.161333   1.2325826518E-002
    0.000000    0.000000    1.661333    5.163667   1.2275302242E-002
    0.000000    0.000000    1.663667    5.166000   1.2225090652E-002
    0.000000    0.000000    1.666000    5.168333   1.2175190299E-002
    0.000000    0.000000    1.668333    5.170667   1.2125599740E-002
    0.000000    0.000000    1.670667    5.173000   1.2076317537E-002
    0.000000    0.000000    1.673000    5.175333   1.2027342259E-002
    0.000000    0.000000    1.675333    5.177667   1.1978672479E-002
    0.000000    0.000000    1.677667    5.180000   1.1930306777E-002
    0.000000    0.000000    1.680000    5.182333   1.1882243738E-002
    0.000000    0.000000    1.682333    5.184667   1.1834481953E-002
    0.000000    0.000000    1.684667    5.187000   1.1787020019E-002
    0.000000    0.000000    1.687000    5.189333   1.1739856538E-002
    0.000000    0.000000    1.689333    5.191667   1.1692990117E-002
    0.000000    0.000000    1.691667    5.194000   1.1646419369E-002
    0.000000    0.000000    1.694000    5.196333   1.1600142913E-002
    0.000000    0.000000    1.696333    5.198667   1.1554159373E-002
    0.000000    0.000000    1.698667    5.201000   1.1508467377E-002
    0.000000    0.000000    1.701000    5.203333   1.1463065561E-002
    0.000000    0.000000    1.703333    5.205667   1.1417952563E-002
    0.000000    0.000000    1.705667    5.208000   1.1373127030E-002
    0.000000    0.000000    1.708000    5.210333   1.1328587611E-002
    0.000000    0.000000    1.710333    5.212667   1.1284332961E-002
    0.000000    0.000000    1.712667    5.215000   1.1240361742E-002
    0.000000    0.000000    1.715000    5.217333   1.1196672618E-002
    0.000000    0.000000    1.717333    5.219667   1.1153264260E-002
    0.000000    0.000000    1.719667    5.222000   1.1110135344E-002
    0.000000    0.000000    1.722000    5.224333   1.1067284551E-002
    0.000000    0.000000    1.724333    5.226667   1.1024710565E-002
    0.000000    0.000000    1.726667    5.229000   1.0982412077E-002
    0.000000    0.000000    1.729000    5.231333   1.0940387782E-002
    0.000000    0.000000    1.731333    5.233667   1.0898636380E-002
    0.000000    0.000000    1.733667    5.236000   1.0857156576E-002
    0.000000    0.000000    1.736000    5.238333   1.0815947079E-002
    0.000000    0.000000    1.738333    5.240667   1.0775006604E-002
    0.000000    0.000000    1.740667    5.243000   1.0734333869E-002
    0.000000    0.000000    1.743000    5.245333   1.0693927597E-002
    0.000000    0.000000    1.745333    5.247667   1.0653786517E-002
    0.000000    0.000000    1.747667    5.250000   1.0613909361E-002
    0.000000    0.000000    1.750000    5.252333   1.0574294865E-002
    0.000000    0.000000    1.752333    5.254667   1.0534941772E-002
    0.000000    0.000000    1.754667    5.257000   1.0495848827E-002
    0.000000    0.000000    1.757000    5.259333   1.0457014781E-002
    0.000000    0.000000    1.759333    5.261667   1.0418438388E-002
    0.000000    0.000000    1.761667    5.264000   1.0380118407E-002
    0.000000    0.000000    1.764000    5.266333   1.0342053602E-002
    0.000000    0.000000    1.766333    5.268667   1.0304242740E-002
    0.000000    0.000000    1.768667    5.271000   1.0266684593E-002
    0.000000    0.000000    1.771000    5.273333   1.0229377937E-002
    0.000000    0.000000    1.773333    5.275667   1.0192321552E-002
    0.000000    0.000000    1.775667    5.278000   1.0155514223E-002
    0.000000    0.000000    1.778000    5.280333   1.0118954739E-002
    0.000000    0.000000    1.780333    5.282667   1.0082641891E-002
    0.000000    0.000000    1.782667    5.285000   1.0046574477E-002
    0.000000    0.000000    1.785000    5.287333   1.0010751297E-002
    0.000000    0.000000    1.787333    5.289667   9.9751711575E-003
    0.000000    0.000000    1.789667    5.292000   9.9398328662E-003
    0.000000    0.000000    1.792000    5.294333   9.9047352365E-003
    0.000000    0.000000    1.794333    5.296667   9.8698770854E-003
    0.000000    0.000000    1.796667    5.299000   9.8352572339E-003
    0.000000    0.000000    1.799000    5.301333   9.8008745070E-003
    0.000000    0.000000    1.801333    5.303667   9.7667277338E-003
    0.000000    0.000000    1.803667    5.306000   9.7328157471E-003
    0.000000    0.000000    1.806000    5.308333   9.6991373841E-003
    0.000000    0.000000    1.808333    5.310667   9.6656914857E-003
    0.000000    0.000000    1.810667    5.313000   9.6324768966E-003
    0.000000    0.000000    1.813000    5.315333   9.5994924659E-003
    0.000000    0.000000    1.815333    5.317667   9.5667370465E-003
    0.000000    0.000000    1.817667    5.320000   9.5342094951E-003
    0.000000    0.000000    1.820000    5.322333   9.5019086726E-003
    0.000000    0.000000    1.822333    5.324667   9.4698334440E-003
    0.000000    0.000000    1.824667    5.327000   9.4379826781E-003
    0.000000    0.000000    1.827000    5.329333   9.4063552479E-003
    0.000000    0.000000    1.829333    5.331667   9.3749500304E-003
    0.000000    0.000000    1.831667    5.334000   9.3437659067E-003
    0.000000    0.000000    1.834000    5.336333   9.3128017620E-003
    0.000000    0.000000    1.836333    5.338667   9.2820564858E-003
    0.000000    0.000000    1.838667    5.341000   9.2515289715E-003
    0.000000    0.000000    1.841000    5.343333   9.2212181170E-003
    0.000000    0.000000    1.843333    5.345667   9.1911228243E-003
    0.000000    0.000000    1.845667    5.348000   9.1612419997E-003
    0.000000    0.000000    1.848000    5.350333   9.1315745540E-003
    0.000000    0.000000    1.850333    5.352667   9.1021194022E-003
    0.000000    0.000000    1.852667    5.355000   9.0728754639E-003
    0.000000    0.000000    1.855000    5.357333   9.0438416631E-003
    0.000000    0.000000    1.857333    5.359667   9.0150169285E-003
    0.000000    0.000000    1.859667    5.362000   8.9864001932E-003
    0.000000    0.000000    1.862000    5.364333   8.9579903954E-003
    0.000000    0.000000    1.864333    5.366667   8.9297864776E-003
    0.000000    0.000000    1.866667    5.369000   8.9017873876E-003
    0.000000    0.000000    1.869000    5.371333   8.8739920779E-003
    0.000000    0.000000    1.871333    5.373667   8.8463995059E-003
    0.000000    0.000000    1.873667    5.376000   8.8190086345E-003
    0.000000    0.000000    1.876000    5.378333   8.7918184314E-003
    0.000000    0.000000    1.878333    5.380667   8.7648278699E-003
    0.000000    0.000000    1.880667    5.383000   8.7380359285E-003
    0.000000    0.000000    1.883000    5.385333   8.7114415913E-003
    0.000000    0.000000    1.885333    5.387667   8.6850438480E-003
    0.000000    0.000000    1.887667    5.390000   8.6588416941E-003
    0.000000    0.000000    1.890000    5.392333   8.6328341307E-003
    0.000000    0.000000    1.892333    5.394667   8.6070201653E-003
    0.000000    0.000000    1.894667    5.397000   8.5813988110E-003
    0.000000    0.000000    1.897000    5.399333   8.5559690876E-003
    0.000000    0.000000    1.899333    5.401667   8.5307300210E-003
    0.000000    0.000000    1.901667    5.404000   8.5056806436E-003
    0.000000    0.000000    1.904000    5.406333   8.4808199945E-003
    0.000000    0.000000    1.906333    5.408667   8.4561471197E-003
    0.000000    0.000000    1.908667    5.411000   8.4316610719E-003
    0.000000    0.000000    1.911000    5.413333   8.4073609113E-003
    0.000000    0.000000    1.913333    5.415667   8.3832457049E-003
    0.000000    0.000000    1.915667    5.418000   8.3593145274E-003
    0.000000    0.000000    1.918000    5.420333   8.3355664612E-003
    0.000000    0.000000    1.920333    5.422667   8.3120005961E-003
    0.000000    0.000000    1.922667    5.425000   8.2886160303E-003
    0.000000    0.000000    1.925000    5.427333   8.2654118696E-003
    0.000000    0.000000    1.927333    5.429667   8.2423872287E-003
    0.000000    0.000000    1.929667    5.432000   8.2195412302E-003
    0.000000    0.000000    1.932000    5.434333   8.1968730058E-003
    0.000000    0.000000    1.934333    5.436667   8.1743816959E-003
    0.000000    0.000000    1.936667    5.439000   8.1520664500E-003
    0.000000    0.000000    1.939000    5.441333   8.1299264267E-003
    0.000000    0.000000    1.941333    5.443667   8.1079607942E-003
    0.000000    0.000000    1.943667    5.446000   8.0861687305E-003
    0.000000    0.000000    1.946000    5.448333   8.0645494231E-003
    0.000000    0.000000    1.948333    5.450667   8.0431020699E-003
    0.000000    0.000000    1.950667    5.453000   8.0218258788E-003
    0.000000    0.000000    1.953000    5.455333   8.0007200684E-003
    0.000000    0.000000    1.955333    5.457667   7.9797838677E-003
    0.000000    0.000000    1.957667    5.460000   7.9590165169E-003
    0.000000    0.000000    1.960000    5.462333   7.9384172672E-003
    0.000000    0.000000    1.962333    5.464667   7.9179853808E-003
    0.000000    0.000000    1.964667    5.467000   7.8977201319E-003
    0.000000    0.000000    1.967000    5.469333   7.8776208061E-003
    0.000000    0.000000    1.969333    5.471667   7.8576867011E-003
    0.000000    0.000000    1.971667    5.474000   7.8379171264E-003
    0.000000    0.000000    1.974000    5.476333   7.8183114043E-003
    0.000000    0.000000    1.976333    5.478667   7.7988688693E-003
    0.000000    0.000000    1.978667    5.481000   7.7795888687E-003
    0.000000    0.000000    1.981000    5.483333   7.7604707629E-003
    0.000000    0.000000    1.983333    5.485667   7.7415139251E-003
    0.000000    0.000000    1.985667    5.488000   7.7227177420E-003
    0.000000    0.000000    1.988000    5.490333   7.7040816138E-003
    0.000000    0.000000    1.990333    5.492667   7.6856049543E-003
    0.000000    0.000000    1.992667    5.495000   7.6672871912E-003
    0.000000    0.000000    1.995000    5.497333   7.6491277661E-003
    0.000000    0.000000    1.997333    5.499667   7.6311261348E-003
    0.000000    0.000000    1.999667    5.502000   7.6132817674E-003
    0.000000    0.000000    2.002000    5.504333   7.5955941486E-003
    0.000000    0.000000    2.004333    5.506667   7.5780627774E-003
    0.000000    0.000000    2.006667    5.509000   7.5606871679E-003
    0.000000    0.000000    2.009000    5.511333   7.5434668486E-003
    0.000000    0.000000    2.011333    5.513667   7.5264013633E-003
    0.000000    0.000000    2.013667    5.516000   7.5094902707E-003
    0.000000    0.000000    2.016000    5.518333   7.4927331446E-003
    0.000000    0.000000    2.018333    5.520667   7.4761295742E-003
    0.000000    0.000000    2.020667    5.523000   7.4596791637E-003
    0.000000    0.000000    2.023000    5.525333   7.4433815328E-003
    0.000000    0.000000    2.025333    5.527667   7.4272363164E-003
    0.000000    0.000000    2.027667    5.530000   7.4112431650E-003
    0.000000    0.000000    2.030000    5.532333   7.3954017442E-003
    0.000000    0.000000    2.032333    5.534667   7.3797117352E-003
    0.000000    0.000000    2.034667    5.537000   7.3641728344E-003
    0.000000    0.000000    2.037000    5.539333   7.3487847536E-003
    0.000000    0.000000    2.039333    5.541667   7.3335472197E-003
    0.000000    0.000000    2.041667    5.544000   7.3184599749E-003
    0.000000    0.000000    2.044000    5.546333   7.3035227763E-003
    0.000000    0.000000    2.046333    5.548667   7.2887353960E-003
    0.000000    0.000000    2.048667    5.551000   7.2740976210E-003
    0.000000    0.000000    2.051000    5.553333   7.2596092529E-003
    0.000000    0.000000    2.053333    5.555667   7.2452701075E-003
    0.000000    0.000000    2.055667    5.558000   7.2310800152E-003
    0.000000    0.000000    2.058000    5.560333   7.2170388202E-003
    0.000000    0.000000    2.060333    5.562667   7.2031463805E-003
    0.000000    0.000000    2.062667    5.565000   7.1894025677E-003
    0.000000    0.000000    2.065000    5.567333   7.1758072664E-003
    0.000000    0.000000    2.067333    5.569667   7.1623603743E-003
    0.000000    0.000000    2.069667    5.572000   7.1490618013E-003
    0.000000    0.000000    2.072000    5.574333   7.1359114696E-003
    0.000000    0.000000    2.074333    5.576667   7.1229093132E-003
    0.000000    0.000000    2.076667    5.579000   7.1100552772E-003
    0.000000    0.000000    2.079000    5.581333   7.0973493177E-003
    0.000000    0.000000    2.081333    5.583667   7.0847914010E-003
    0.000000    0.000000    2.083667    5.586000   7.0723815032E-003
    0.000000    0.000000    2.086000    5.588333   7.0601196097E-003
    0.000000    0.000000    2.088333    5.590667   7.0480057147E-003
    0.000000    0.000000    2.090667    5.593000   7.0360398201E-003
    0.000000    0.000000    2.093000    5.595333   7.0242219356E-003
    0.000000    0.000000    2.095333    5.597667   7.0125520775E-003
    0.000000    0.000000    2.097667    5.600000   7.0010302681E-003
    0.000000    0.000000    2.100000    5.602333   6.9896565350E-003
    0.000000    0.000000    2.102333    5.604667   6.9784309104E-003
    0.000000    0.000000    2.104667    5.607000   6.9673534304E-003
    0.000000    0.000000    2.107000    5.609333   6.9564241336E-003
    0.000000    0.000000    2.109333    5.611667   6.9456430609E-003
    0.000000    0.000000    2.111667    5.614000   6.9350102545E-003
    0.000000    0.000000    2.114000    5.616333   6.9245257566E-003
    0.000000    0.000000    2.116333    5.618667   6.9141896087E-003
    0.000000    0.000000    2.118667    5.621000   6.9040018506E-003
    0.000000    0.000000    2.121000    5.623333   6.8939625194E-003
    0.000000    0.000000    2.123333    5.625667   6.8840716485E-003
    0.000000    0.000000    2.125667    5.628000   6.8743292662E-003
    0.000000    0.000000    2.128000    5.630333   6.8647353950E-003
    0.000000    0.000000    2.130333    5.632667   6.8552900504E-003
    0.000000    0.000000    2.132667    5.635000   6.8459932393E-003
    0.000000    0.000000    2.135000    5.637333   6.8368449594E-003
    0.000000    0.000000    2.137333    5.639667   6.8278451977E-003
    0.000000    0.000000    2.139667    5.642000   6.8189939291E-003
    0.000000    0.000000    2.142000    5.644333   6.8102911156E-003
    0.000000    0.000000    2.144333    5.646667   6.8017367043E-003
    0.000000    0.000000    2.146667    5.649000   6.7933306270E-003
    0.000000    0.000000    2.149000    5.651333   6.7850727981E-003
    0.000000    0.000000    2.151333    5.653667   6.7769631134E-003
    0.000000    0.000000    2.153667    5.656000   6.7690014493E-003
    0.000000    0.000000    2.156000    5.658333   6.7611876607E-003
    0.000000    0.000000    2.158333    5.660667   6.7535215800E-003
    0.000000    0.000000    2.160667    5.663000   6.7460030156E-003
    0.000000    0.000000    2.163000    5.665333   6.7386317507E-003
    0.000000    0.000000    2.165333    5.667667   6.7314075416E-003
    0.000000    0.000000    2.167667    5.670000   6.7243301167E-003
    0.000000    0.000000    2.170000    5.672333   6.7173991745E-003
    0.000000    0.000000    2.172333    5.674667   6.7106143831E-003
    0.000000    0.000000    2.174667    5.677000   6.7039753780E-003
    0.000000    0.000000    2.177000    5.679333   6.6974817615E-003
    0.000000    0.000000    2.179333    5.681667   6.6911331009E-003
    0.000000    0.000000    2.181667    5.684000   6.6849289273E-003
    0.000000    0.000000    2.184000    5.686333   6.6788687349E-003
    0.000000    0.000000    2.186333    5.688667   6.6729519791E-003
    0.000000    0.000000    2.188667    5.691000   6.6671780760E-003
    0.000000    0.000000    2.191000    5.693333   6.6615464010E-003
    0.000000    0.000000    2.193333    5.695667   6.6560562882E-003
    0.000000    0.000000    2.195667    5.698000   6.6507070291E-003
    0.000000    0.000000    2.198000    5.700333   6.6454978724E-003
    0.000000    0.000000    2.200333    5.702667   6.6404280230E-003
    0.000000    0.000000    2.202667    5.705000   6.6354966417E-003
    0.000000    0.000000    2.205000    5.707333   6.6307028446E-003
    0.000000    0.000000    2.207333    5.709667   6.6260457033E-003
    0.000000    0.000000    2.209667    5.712000   6.6215242448E-003
    0.000000    0.000000    2.212000    5.714333   6.6171374514E-003
    0.000000    0.000000    2.214333    5.716667   6.6128842615E-003
    0.000000    0.000000    2.216667    5.719000   6.6087635703E-003
    0.000000    0.000000    2.219000    5.721333   6.6047742304E-003
    0.000000    0.000000    2.221333    5.723667   6.6009150533E-003
    0.000000    0.000000    2.223667    5.726000   6.5971848109E-003
    0.000000    0.000000    2.226000    5.728333   6.5935822371E-003
    0.000000    0.000000    2.228333    5.730667   6.5901060306E-003
    0.000000    0.000000    2.230667    5.733000   6.5867548571E-003
    0.000000    0.000000    2.233000    5.735333   6.5835273524E-003
    0.000000    0.000000    2.235333    5.737667   6.5804221258E-003
    0.000000    0.000000    2.237667    5.740000   6.5774377643E-003
    0.000000    0.000000    2.240000    5.742333   6.5745728371E-003
    0.000000    0.000000    2.242333    5.744667   6.5718259000E-003
    0.000000    0.000000    2.244667    5.747000   6.5691955018E-003
    0.000000    0.000000    2.247000    5.749333   6.5666801895E-003
    0.000000    0.000000    2.249333    5.751667   6.5642785157E-003
    0.000000    0.000000    2.251667    5.754000   6.5619890456E-003
    0.000000    0.000000    2.254000    5.756333   6.5598103651E-003
    0.000000    0.000000    2.256333    5.758667   6.5577410891E-003
    0.000000    0.000000    2.258667    5.761000   6.5557798712E-003
    0.000000    0.000000    2.261000    5.763333   6.5539254135E-003
    0.000000    0.000000    2.263333    5.765667   6.5521764770E-003
    0.000000    0.000000    2.265667    5.768000   6.5505318930E-003
    0.000000    0.000000    2.268000    5.770333   6.5489905755E-003
    0.000000    0.000000    2.270333    5.772667   6.5475515330E-003
    0.000000    0.000000    2.272667    5.775000   6.5462138821E-003
    0.000000    0.000000    2.275000    5.777333   6.5449768615E-003
    0.000000    0.000000    2.277333    5.779667   6.5438398456E-003
    0.000000    0.000000    2.279667    5.782000   6.5428023600E-003
    0.000000    0.000000    2.282000    5.784333   6.5418640960E-003
    0.000000    0.000000    2.284333    5.786667   6.5410249266E-003
    0.000000    0.000000    2.286667    5.789000   6.5402849216E-003
    0.000000    0.000000    2.289000    5.791333   6.5396443639E-003
    0.000000    0.000000    2.291333    5.793667   6.5391037648E-003
    0.000000    0.000000    2.293667    5.796000   6.5386638800E-003
    0.000000    0.000000    2.296000    5.798333   6.5383257245E-003
    0.000000    0.000000    2.298333    5.800667   6.5380905876E-003
    0.000000    0.000000    2.300667    5.803000   6.5379600469E-003
    0.000000    0.000000    2.303000    5.805333   6.5379359817E-003
    0.000000    0.000000    2.305333    5.807667   6.5380205849E-003
    0.000000    0.000000    2.307667    5.810000   6.5382163741E-003
    0.000000    0.000000    2.310000    5.812333   6.5385262005E-003
    0.000000    0.000000    2.312333    5.814667   6.5389532569E-003
    0.000000    0.000000    2.314667    5.817000   6.5395010826E-003
    0.000000    0.000000    2.317000    5.819333   6.5401735666E-003
    0.000000    0.000000    2.319333    5.821667   6.5409749477E-003
    0.000000    0.000000    2.321667    5.824000   6.5419098126E-003
    0.000000    0.000000    2.324000    5.826333   6.5429830895E-003
    0.000000    0.000000    2.326333    5.828667   6.5442000391E-003
    0.000000    0.000000    2.328667    5.831000   6.5455662417E-003
    0.000000    0.000000    2.331000    5.833333   6.5470875800E-003
    0.000000    0.000000    2.333333    5.835667   6.5487702176E-003
    0.000000    0.000000    2.335667    5.838000   6.5506205734E-003
    0.000000    0.000000    2.338000    5.840333   6.5526452907E-003
    0.000000    0.000000    2.340333    5.842667   6.5548512018E-003
    0.000000    0.000000    2.342667    5.845000   6.5572452870E-003
    0.000000    0.000000    2.345000    5.847333   6.5598346285E-003
    0.000000    0.000000    2.347333    5.849667   6.5626263592E-003
    0.000000    0.000000    2.349667    5.852000   6.5656276062E-003
    0.000000    0.000000    2.352000    5.854333   6.5688454278E-003
    0.000000    0.000000    2.354333    5.856667   6.5722867468E-003
    0.000000    0.000000    2.356667    5.859000   6.5759582771E-003
    0.000000    0.000000    2.359000    5.861333   6.5798664461E-003
    0.000000    0.000000    2.361333    5.863667   6.5840173123E-003
    0.000000    0.000000    2.363667    5.866000   6.5884164771E-003
    0.000000    0.000000    2.366000    5.868333   6.5930689946E-003
    0.000000    0.000000    2.368333    5.870667   6.5979792753E-003
    0.000000    0.000000    2.370667    5.873000   6.6031509885E-003
    0.000000    0.000000    2.373000    5.875333   6.6085869609E-003
    0.000000    0.000000    2.375333    5.877667   6.6142890736E-003
    0.000000    0.000000    2.377667    5.880000   6.6202581579E-003
    0.000000    0.000000    2.380000    5.882333   6.6264938902E-003
    0.000000    0.000000    2.382333    5.884667   6.6329946880E-003
    0.000000    0.000000    2.384667    5.887000   6.6397576062E-003
    0.000000    0.000000    2.387000    5.889333   6.6467782364E-003
    0.000000    0.000000    2.389333    5.891667   6.6540506090E-003
    0.000000    0.000000    2.391667    5.894000   6.6615670998E-003
    0.000000    0.000000    2.394000    5.896333   6.6693183413E-003
    0.000000    0.000000    2.396333    5.898667   6.6772931414E-003
    0.000000    0.000000    2.398667    5.901000   6.6854784083E-003
    0.000000    0.000000    2.401000    5.903333   6.6938590852E-003
    0.000000    0.000000    2.403333    5.905667   6.7024180937E-003
    0.000000    0.000000    2.405667    5.908000   6.7111362882E-003
    0.000000    0.000000    2.408000    5.910333   6.7199924216E-003
    0.000000    0.000000    2.410333    5.912667   6.7289631243E-003
    0.000000    0.000000    2.412667    5.915000   6.7380228956E-003
    0.000000    0.000000    2.415000    5.917333   6.7471441102E-003
    0.000000    0.000000    2.417333    5.919667   6.7562970393E-003
    0.000000    0.000000    2.419667    5.922000   6.7654498866E-003
    0.000000    0.000000    2.422000    5.924333   6.7745688416E-003
    0.000000    0.000000    2.424333    5.926667   6.7836181475E-003
    0.000000    0.000000    2.426667    5.929000   6.7925601872E-003
    0.000000    0.000000    2.429000    5.931333   6.8013555847E-003
    0.000000    0.000000    2.431333    5.933667   6.8099633235E-003
    0.000000    0.000000    2.433667    5.936000   6.8183408810E-003
    0.000000    0.000000    2.436000    5.938333   6.8264443790E-003
    0.000000    0.000000    2.438333    5.940667   6.8342287486E-003
    0.000000    0.000000    2.440667    5.943000   6.8416479104E-003
    0.000000    0.000000    2.443000    5.945333   6.8486549677E-003
    0.000000    0.000000    2.445333    5.947667   6.8552024126E-003
    0.000000    0.000000    2.447667    5.950000   6.8612423426E-003
    0.000000    0.000000    2.450000    5.952333   6.8667266876E-003
    0.000000    0.000000    2.452333    5.954667   6.8716074454E-003
    0.000000    0.000000    2.454667    5.957000   6.8758369232E-003
    0.000000    0.000000    2.457000    5.959333   6.8793679849E-003
    0.000000    0.000000    2.459333    5.961667   6.8821543013E-003
    0.000000    0.000000    2.461667    5.964000   6.8841506010E-003
    0.000000    0.000000    2.464000    5.966333   6.8853129214E-003
    0.000000    0.000000    2.466333    5.968667   6.8855988569E-003
    0.000000    0.000000    2.468667    5.971000   6.8849678016E-003
    0.000000    0.000000    2.471000    5.973333   6.8833811864E-003
    0.000000    0.000000    2.473333    5.975667   6.8808027068E-003
    0.000000    0.000000    2.475667    5.978000   6.8771985396E-003
    0.000000    0.000000    2.478000    5.980333   6.8725375482E-003
    0.000000    0.000000    2.480333    5.982667   6.8667914728E-003
    0.000000    0.000000    2.482667    5.985000   6.8599351046E-003
    0.000000    0.000000    2.485000    5.987333   6.8519464429E-003
    0.000000    0.000000    2.487333    5.989667   6.8428068329E-003
    0.000000    0.000000    2.489667    5.992000   6.8325010836E-003
    0.000000    0.000000    2.492000    5.994333   6.8210175643E-003
    0.000000    0.000000    2.494333    5.996667   6.8083482788E-003
    0.000000    0.000000    2.496667    5.999000   6.7944889174E-003
    0.000000    0.000000    2.499000    6.001333   6.7794388849E-003
    0.000000    0.000000    2.501333    6.003667   6.7632013055E-003
    0.000000    0.000000    2.503667    6.006000   6.7457830042E-003
    0.000000    0.000000    2.506000    6.008333   6.7271944644E-003
    0.000000    0.000000    2.508333    6.010667   6.7074497630E-003
    0.000000    0.000000    2.510667    6.013000   6.6865664823E-003
    0.000000    0.000000    2.513000    6.015333   6.6645656015E-003
    0.000000    0.000000    2.515333    6.017667   6.6414713662E-003
    0.000000    0.000000    2.517667    6.020000   6.6173111392E-003
    0.000000    0.000000    2.520000    6.022333   6.5921152334E-003
    0.000000    0.000000    2.522333    6.024667   6.5659167270E-003
    0.000000    0.000000    2.524667    6.027000   6.5387512650E-003
    0.000000    0.000000    2.527000    6.029333   6.5106568468E-003
    0.000000    0.000000    2.529333    6.031667   6.4816736016E-003
    0.000000    0.000000    2.531667    6.034000   6.4518435561E-003
    0.000000    0.000000    2.534000    6.036333   6.4212103929E-003
    0.000000    0.000000    2.536333    6.038667   6.3898192042E-003
    0.000000    0.000000    2.538667    6.041000   6.3577162419E-003
    0.000000    0.000000    2.541000    6.043333   6.3249486663E-003
    0.000000    0.000000    2.543333    6.045667   6.2915642946E-003
    0.000000    0.000000    2.545667    6.048000   6.2576113528E-003
    0.000000    0.000000    2.548000    6.050333   6.2231382308E-003
    0.000000    0.000000    2.550333    6.052667   6.1881932445E-003
    0.000000    0.000000    2.552667    6.055000   6.1528244046E-003
    0.000000    0.000000    2.555000    6.057333   6.1170791957E-003
    0.000000    0.000000    2.557333    6.059667   6.0810043650E-003
    0.000000    0.000000    2.559667    6.062000   6.0446457242E-003
    0.000000    0.000000    2.562000    6.064333   6.0080479628E-003
    0.000000    0.000000    2.564333    6.066667   5.9712544775E-003
    0.000000    0.000000    2.566667    6.069000   5.9343072147E-003
    0.000000    0.000000    2.569000    6.071333   5.8972465296E-003
    0.000000    0.000000    2.571333    6.073667   5.8601110610E-003
    0.000000    0.000000    2.573667    6.076000   5.8229376224E-003
    0.000000    0.000000    2.576000    6.078333   5.7857611101E-003
    0.000000    0.000000    2.578333    6.080667   5.7486144267E-003
    0.000000    0.000000    2.580667    6.083000   5.7115284225E-003
    0.000000    0.000000    2.583000    6.085333   5.6745318520E-003
    0.000000    0.000000    2.585333    6.087667   5.6376513462E-003
    0.000000    0.000000    2.587667    6.090000   5.6009114002E-003
    0.000000    0.000000    2.590000    6.092333   5.5643343758E-003
    0.000000    0.000000    2.592333    6.094667   5.5279405168E-003
    0.000000    0.000000    2.594667    6.097000   5.4917479782E-003
    0.000000    0.000000    2.597000    6.099333   5.4557728669E-003
    0.000000    0.000000    2.599333    6.101667   5.4200292936E-003
    0.000000    0.000000    2.601667    6.104000   5.3845294349E-003
    0.000000    0.000000    2.604000    6.106333   5.3492836038E-003
    0.000000    0.000000    2.606333    6.108667   5.3143003290E-003
    0.000000    0.000000    2.608667    6.111000   5.2795864401E-003
    0.000000    0.000000    2.611000    6.113333   5.2451471593E-003
    0.000000    0.000000    2.613333    6.115667   5.2109861974E-003
    0.000000    0.000000    2.615667    6.118000   5.1771058534E-003
    0.000000    0.000000    2.618000    6.120333   5.1435071167E-003
    0.000000    0.000000    2.620333    6.122667   5.1101897714E-003
    0.000000    0.000000    2.622667    6.125000   5.0771525006E-003
    0.000000    0.000000    2.625000    6.127333   5.0443929912E-003
    0.000000    0.000000    2.627333    6.129667   5.0119080372E-003
    0.000000    0.000000    2.629667    6.132000   4.9796936418E-003
    0.000000    0.000000    2.632000    6.134333   4.9477451168E-003
    0.000000    0.000000    2.634333    6.136667   4.9160571788E-003
    0.000000    0.000000    2.636667    6.139000   4.8846240428E-003
    0.000000    0.000000    2.639000    6.141333   4.8534395104E-003
    0.000000    0.000000    2.641333    6.143667   4.8224970548E-003
    0.000000    0.000000    2.643667    6.146000   4.7917899006E-003
    0.000000    0.000000    2.646000    6.148333   4.7613110983E-003
    0.000000    0.000000    2.648333    6.150667   4.7310535946E-003
    0.000000    0.000000    2.650667    6.153000   4.7010102959E-003
    0.000000    0.000000    2.653000    6.155333   4.6711741281E-003
    0.000000    0.000000    2.655333    6.157667   4.6415380896E-003
    0.000000    0.000000    2.657667    6.160000   4.6120952996E-003
    0.000000    0.000000    2.660000    6.162333   4.5828390411E-003
    0.000000    0.000000    2.662333    6.164667   4.5537627984E-003
    0.000000    0.000000    2.664667    6.167000   4.5248602899E-003
    0.000000    0.000000    2.667000    6.169333   4.4961254959E-003
    0.000000    0.000000    2.669333    6.171667   4.4675526813E-003
    0.000000    0.000000    2.671667    6.174000   4.4391364153E-003
    0.000000    0.000000    2.674000    6.176333   4.4108715850E-003
    0.000000    0.000000    2.676333    6.178667   4.3827534068E-003
    0.000000    0.000000    2.678667    6.181000   4.3547774331E-003
    0.000000    0.000000    2.681000    6.183333   4.3269395566E-003
    0.000000    0.000000    2.683333    6.185667   4.2992360104E-003
    0.000000    0.000000    2.685667    6.188000   4.2716633664E-003
    0.000000    0.000000    2.688000    6.190333   4.2442185310E-003
    0.000000    0.000000    2.690333    6.192667   4.2168987379E-003
    0.000000    0.000000    2.692667    6.195000   4.1897015399E-003
    0.000000    0.000000    2.695000    6.197333   4.1626247987E-003
    0.000000    0.000000    2.697333    6.199667   4.1356666731E-003
    0.000000    0.000000    2.699667    6.202000   4.1088256059E-003
    0.000000    0.000000    2.702000    6.204333   4.0821003108E-003
    0.000000    0.000000    2.704333    6.206667   4.0554897570E-003
    0.000000    0.000000    2.706667    6.209000   4.0289931547E-003
    0.000000    0.000000    2.709000    6.211333   4.0026099395E-003
    0.000000    0.000000    2.711333    6.213667   3.9763397562E-003
    0.000000    0.000000    2.713667    6.216000   3.9501824438E-003
    0.000000    0.000000    2.716000    6.218333   3.9241380192E-003
    0.000000    0.000000    2.718333    6.220667   3.8982066616E-003
    0.000000    0.000000    2.720667    6.223000   3.8723886978E-003
    0.000000    0.000000    2.723000    6.225333   3.8466845864E-003
    0.000000    0.000000    2.725333    6.227667   3.8210949042E-003
    0.000000    0.000000    2.727667    6.230000   3.7956203316E-003
    0.000000    0.000000    2.730000    6.232333   3.7702616393E-003
    0.000000    0.000000    2.732333    6.234667   3.7450196757E-003
    0.000000    0.000000    2.734667    6.237000   3.7198953545E-003
    0.000000    0.000000    2.737000    6.239333   3.6948896430E-003
    0.000000    0.000000    2.739333    6.241667   3.6700035516E-003
    0.000000    0.000000    2.741667    6.244000   3.6452381231E-003
    0.000000    0.000000    2.744000    6.246333   3.6205944237E-003
    0.000000    0.000000    2.746333    6.248667   3.5960735337E-003
    0.000000    0.000000    2.748667    6.251000   3.5716765393E-003
    0.000000    0.000000    2.751000    6.253333   3.5474045252E-003
    0.000000    0.000000    2.753333    6.255667   3.5232585678E-003
    0.000000    0.000000    2.755667    6.258000   3.4992397284E-003
    0.000000    0.000000    2.758000    6.260333   3.4753490479E-003
    0.000000    0.000000    2.760333    6.262667   3.4515875413E-003
    0.000000    0.000000    2.762667    6.265000   3.4279561933E-003
    0.000000    0.000000    2.765000    6.267333   3.4044559541E-003
    0.000000    0.000000    2.767333    6.269667   3.3810877357E-003
    0.000000    0.000000    2.769667    6.272000   3.3578524086E-003
    0.000000    0.000000    2.772000    6.274333   3.3347507992E-003
    0.000000    0.000000    2.774333    6.276667   3.3117836876E-003
    0.000000    0.000000    2.776667    6.279000   3.2889518051E-003
    0.000000    0.000000    2.779000    6.281333   3.2662558331E-003
    0.000000    0.000000    2.781333    6.283667   3.2436964014E-003
    0.000000    0.000000    2.783667    6.286000   3.2212740873E-003
    0.000000    0.000000    2.786000    6.288333   3.1989894151E-003
    0.000000    0.000000    2.788333    6.290667   3.1768428551E-003
    0.000000    0.000000    2.790667    6.293000   3.1548348239E-003
    0.000000    0.000000    2.793000    6.295333   3.1329656838E-003
    0.000000    0.000000    2.795333    6.297667   3.1112357434E-003
    0.000000    0.000000    2.797667    6.300000   3.0896452576E-003
    0.000000    0.000000    2.800000    6.302333   3.0681944285E-003
    0.000000    0.000000    2.802333    6.304667   3.0468834052E-003
    0.000000    0.000000    2.804667    6.307000   3.0257122856E-003
    0.000000    0.000000    2.807000    6.309333   3.0046811163E-003
    0.000000    0.000000    2.809333    6.311667   2.9837898941E-003
    0.000000    0.000000    2.811667    6.314000   2.9630385669E-003
    0.000000    0.000000    2.814000    6.316333   2.9424270347E-003
    0.000000    0.000000    2.816333    6.318667   2.9219551512E-003
    0.000000    0.000000    2.818667    6.321000   2.9016227243E-003
    0.000000    0.000000    2.821000    6.323333   2.8814295180E-003
    0.000000    0.000000    2.823333    6.325667   2.8613752538E-003
    0.000000    0.000000    2.825667    6.328000   2.8414596113E-003
    0.000000    0.000000    2.828000    6.330333   2.8216822307E-003
    0.000000    0.000000    2.830333    6.332667   2.8020427130E-003
    0.000000    0.000000    2.832667    6.335000   2.7825406226E-003
    0.000000    0.000000    2.835000    6.337333   2.7631754879E-003
    0.000000    0.000000    2.837333    6.339667   2.7439468030E-003
    0.000000    0.000000    2.839667    6.342000   2.7248540294E-003
    0.000000    0.000000    2.842000    6.344333   2.7058965972E-003
    0.000000    0.000000    2.844333    6.346667   2.6870739064E-003
    0.000000    0.000000    2.846667    6.349000   2.6683853288E-003
    0.000000    0.000000    2.849000    6.351333   2.6498302090E-003
    0.000000    0.000000    2.851333    6.353667   2.6314078658E-003
    0.000000    0.000000    2.853667    6.356000   2.6131175942E-003
    0.000000    0.000000    2.856000    6.358333   2.5949586661E-003
    0.000000    0.000000    2.858333    6.360667   2.5769303317E-003
    0.000000    0.000000    2.860667    6.363000   2.5590318215E-003
    0.000000    0.000000    2.863000    6.365333   2.5412623468E-003
    0.000000    0.000000    2.865333    6.367667   2.5236211015E-003
    0.000000    0.000000    2.867667    6.370000   2.5061072633E-003
    0.000000    0.000000    2.870000    6.372333   2.4887199947E-003
    0.000000    0.000000    2.872333    6.374667   2.4714584446E-003
    0.000000    0.000000    2.874667    6.377000   2.4543217490E-003
    0.000000    0.000000    2.877000    6.379333   2.4373090327E-003
    0.000000    0.000000    2.879333    6.381667   2.4204194100E-003
    0.000000    0.000000    2.881667    6.384000   2.4036519860E-003
    0.000000    0.000000    2.884000    6.386333   2.3870058576E-003
    0.000000    0.000000    2.886333    6.388667   2.3704801145E-003
    0.000000    0.000000    2.888667    6.391000   2.3540738404E-003
    0.000000    0.000000    2.891000    6.393333   2.3377861137E-003
    0.000000    0.000000    2.893333    6.395667   2.3216160087E-003
    0.000000    0.000000    2.895667    6.398000   2.3055625962E-003
    0.000000    0.000000    2.898000    6.400333   2.2896249447E-003
    0.000000    0.000000    2.900333    6.402667   2.2738021211E-003
    0.000000    0.000000    2.902667    6.405000   2.2580931914E-003
    0.000000    0.000000    2.905000    6.407333   2.2424972218E-003
    0.000000    0.000000    2.907333    6.409667   2.2270132791E-003
    0.000000    0.000000    2.909667    6.412000   2.2116404316E-003
    0.000000    0.000000    2.912000    6.414333   2.1963777498E-003
    0.000000    0.000000    2.914333    6.416667   2.1812243068E-003
    0.000000    0.000000    2.916667    6.419000   2.1661791795E-003
    0.000000    0.000000    2.919000    6.421333   2.1512414487E-003
    0.000000    0.000000    2.921333    6.423667   2.1364101995E-003
    0.000000    0.000000    2.923667    6.426000   2.1216845226E-003
    0.000000    0.000000    2.926000    6.428333   2.1070635140E-003
    0.000000    0.000000    2.928333    6.430667   2.0925462761E-003
    0.000000    0.000000    2.930667    6.433000   2.0781319177E-003
    0.000000    0.000000    2.933000    6.435333   2.0638195545E-003
    0.000000    0.000000    2.935333    6.437667   2.0496083099E-003
    0.000000    0.000000    2.937667    6.440000   2.0354973148E-003
    0.000000    0.000000    2.940000    6.442333   2.0214857084E-003
    0.000000    0.000000    2.942333    6.444667   2.0075726382E-003
    0.000000    0.000000    2.944667    6.447000   1.9937572605E-003
    0.000000    0.000000    2.947000    6.449333   1.9800387405E-003
    0.000000    0.000000    2.949333    6.451667   1.9664162528E-003
    0.000000    0.000000    2.951667    6.454000   1.9528889813E-003
    0.000000    0.000000    2.954000    6.456333   1.9394561197E-003
    0.000000    0.000000    2.956333    6.458667   1.9261168715E-003
    0.000000    0.000000    2.958667    6.461000   1.9128704502E-003
    0.000000    0.000000    2.961000    6.463333   1.8997160794E-003
    0.000000    0.000000    2.963333    6.465667   1.8866529932E-003
    0.000000    0.000000    2.965667    6.468000   1.8736804357E-003
    0.000000    0.000000    2.968000    6.470333   1.8607976617E-003
    0.000000    0.000000    2.970333    6.472667   1.8480039365E-003
    0.000000    0.000000    2.972667    6.475000   1.8352985360E-003
    0.000000    0.000000    2.975000    6.477333   1.8226807465E-003
    0.000000    0.000000    2.977333    6.479667   1.8101498650E-003
    0.000000    0.000000    2.979667    6.482000   1.7977051994E-003
    0.000000    0.000000    2.982000    6.484333   1.7853460677E-003
    0.000000    0.000000    2.984333    6.486667   1.7730717989E-003
    0.000000    0.000000    2.986667    6.489000   1.7608817323E-003
    0.000000    0.000000    2.989000    6.491333   1.7487752177E-003
    0.000000    0.000000    2.991333    6.493667   1.7367516155E-003
    0.000000    0.000000    2.993667    6.496000   1.7248102963E-003
    0.000000    0.000000    2.996000    6.498333   1.7129506409E-003
    0.000000    0.000000    2.998333    6.500667   1.7011720404E-003
    0.000000    0.000000    3.000667    6.503000   1.6894738959E-003
    0.000000    0.000000    3.003000    6.505333   1.6778556185E-003
    0.000000    0.000000    3.005333    6.507667   1.6663166290E-003
    0.000000    0.000000    3.007667    6.510000   1.6548563580E-003
    0.000000    0.000000    3.010000    6.512333   1.6434742457E-003
    0.000000    0.000000    3.012333    6.514667   1.6321697415E-003
    0.000000    0.000000    3.014667    6.517000   1.6209423043E-003
    0.000000    0.000000    3.017000    6.519333   1.6097914021E-003
    0.000000    0.000000    3.019333    6.521667   1.5987165116E-003
    0.000000    0.000000    3.021667    6.524000   1.5877171186E-003
    0.000000    0.000000    3.024000    6.526333   1.5767927173E-003
    0.000000    0.000000    3.026333    6.528667   1.5659428105E-003
    0.000000    0.000000    3.028667    6.531000   1.5551669091E-003
    0.000000    0.000000    3.031000    6.533333   1.5444645321E-003
    0.000000    0.000000    3.033333    6.535667   1.5338352066E-003
    0.000000    0.000000    3.035667    6.538000   1.5232784672E-003
    0.000000    0.000000    3.038000    6.540333   1.5127938563E-003
    0.000000    0.000000    3.040333    6.542667   1.5023809232E-003
    0.000000    0.000000    3.042667    6.545000   1.4920392248E-003
    0.000000    0.000000    3.045000    6.547333   1.4817683249E-003
    0.000000    0.000000    3.047333    6.549667   1.4715677937E-003
    0.000000    0.000000    3.049667    6.552000   1.4614372085E-003
    0.000000    0.000000    3.052000    6.554333   1.4513761527E-003
    0.000000    0.000000    3.054333    6.556667   1.4413842160E-003
    0.000000    0.000000    3.056667    6.559000   1.4314609941E-003
    0.000000    0.000000    3.059000    6.561333   1.4216060885E-003
    0.000000    0.000000    3.061333    6.563667   1.4118191064E-003
    0.000000    0.000000    3.063667    6.566000   1.4020996604E-003
    0.000000    0.000000    3.066000    6.568333   1.3924473685E-003
    0.000000    0.000000    3.068333    6.570667   1.3828618537E-003
    0.000000    0.000000    3.070667    6.573000   1.3733427440E-003
    0.000000    0.000000    3.073000    6.575333   1.3638896719E-003
    0.000000    0.000000    3.075333    6.577667   1.3545022749E-003
    0.000000    0.000000    3.077667    6.580000   1.3451801944E-003
    0.000000    0.000000    3.080000    6.582333   1.3359230763E-003
    0.000000    0.000000    3.082333    6.584667   1.3267305707E-003
    0.000000    0.000000    3.084667    6.587000   1.3176023311E-003
    0.000000    0.000000    3.087000    6.589333   1.3085380153E-003
    0.000000    0.000000    3.089333    6.591667   1.2995372842E-003
    0.000000    0.000000    3.091667    6.594000   1.2905998024E-003
    0.000000    0.000000    3.094000    6.596333   1.2817252376E-003
    0.000000    0.000000    3.096333    6.598667   1.2729132607E-003
    0.000000    0.000000    3.098667    6.601000   1.2641635456E-003
    0.000000    0.000000    3.101000    6.603333   1.2554757688E-003
    0.000000    0.000000    3.103333    6.605667   1.2468496099E-003
    0.000000    0.000000    3.105667    6.608000   1.2382847506E-003
    0.000000    0.000000    3.108000    6.610333   1.2297808753E-003
    0.000000    0.000000    3.110333    6.612667   1.2213376705E-003
    0.000000    0.000000    3.112667    6.615000   1.2129548252E-003
    0.000000    0.000000    3.115000    6.617333   1.2046320300E-003
    0.000000    0.000000    3.117333    6.619667   1.1963689778E-003
    0.000000    0.000000    3.119667    6.622000   1.1881653630E-003
    0.000000    0.000000    3.122000    6.624333   1.1800208820E-003
    0.000000    0.000000    3.124333    6.626667   1.1719352327E-003
    0.000000    0.000000    3.126667    6.629000   1.1639081144E-003
    0.000000    0.000000    3.129000    6.631333   1.1559392278E-003
    0.000000    0.000000    3.131333    6.633667   1.1480282751E-003
    0.000000    0.000000    3.133667    6.636000   1.1401749595E-003
    0.000000    0.000000    3.136000    6.638333   1.1323789854E-003
    0.000000    0.000000    3.138333    6.640667   1.1246400582E-003
    0.000000    0.000000    3.140667    6.643000   1.1169578845E-003
    0.000000    0.000000    3.143000    6.645333   1.1093321713E-003
    0.000000    0.000000    3.145333    6.647667   1.1017626269E-003
    0.000000    0.000000    3.147667    6.650000   1.0942489600E-003
    0.000000    0.000000    3.150000    6.652333   1.0867908801E-003
    0.000000    0.000000    3.152333    6.654667   1.0793880972E-003
    0.000000    0.000000    3.154667    6.657000   1.0720403221E-003
    0.000000    0.000000    3.157000    6.659333   1.0647472658E-003
    0.000000    0.000000    3.159333    6.661667   1.0575086397E-003
    0.000000    0.000000    3.161667    6.664000   1.0503241559E-003
    0.000000    0.000000    3.164000    6.666333   1.0431935266E-003
    0.000000    0.000000    3.166333    6.668667   1.0361164642E-003
    0.000000    0.000000    3.168667    6.671000   1.0290926814E-003
    0.000000    0.000000    3.171000    6.673333   1.0221218913E-003
    0.000000    0.000000    3.173333    6.675667   1.0152038068E-003
    0.000000    0.000000    3.175667    6.678000   1.0083381412E-003
    0.000000    0.000000    3.178000    6.680333   1.0015246077E-003
    0.000000    0.000000    3.180333    6.682667   9.9476291974E-004
    0.000000    0.000000    3.182667    6.685000   9.8805279061E-004
    0.000000    0.000000    3.185000    6.687333   9.8139393368E-004
    0.000000    0.000000    3.187333    6.689667   9.7478606231E-004
    0.000000    0.000000    3.189667    6.692000   9.6822888978E-004
    0.000000    0.000000    3.192000    6.694333   9.6172212933E-004
    0.000000    0.000000    3.194333    6.696667   9.5526549411E-004
    0.000000    0.000000    3.196667    6.699000   9.4885869717E-004
    0.000000    0.000000    3.199000    6.701333   9.4250145146E-004
    0.000000    0.000000    3.201333    6.703667   9.3619346981E-004
    0.000000    0.000000    3.203667    6.706000   9.2993446491E-004
    0.000000    0.000000    3.206000    6.708333   9.2372414933E-004
    0.000000    0.000000    3.208333    6.710667   9.1756223548E-004
    0.000000    0.000000    3.210667    6.713000   9.1144843563E-004
    0.000000    0.000000    3.213000    6.715333   9.0538246190E-004
    0.000000    0.000000    3.215333    6.717667   8.9936402626E-004
    0.000000    0.000000    3.217667    6.720000   8.9339284054E-004
    0.000000    0.000000    3.220000    6.722333   8.8746861639E-004
    0.000000    0.000000    3.222333    6.724667   8.8159106534E-004
    0.000000    0.000000    3.224667    6.727000   8.7575989878E-004
    0.000000    0.000000    3.227000    6.729333   8.6997482795E-004
    0.000000    0.000000    3.229333    6.731667   8.6423556397E-004
    0.000000    0.000000    3.231667    6.734000   8.5854181783E-004
    0.000000    0.000000    3.234000    6.736333   8.5289330043E-004
    0.000000    0.000000    3.236333    6.738667   8.4728972253E-004
    0.000000    0.000000    3.238667    6.741000   8.4173079483E-004
    0.000000    0.000000    3.241000    6.743333   8.3621622794E-004
    0.000000    0.000000    3.243333    6.745667   8.3074573241E-004
    0.000000    0.000000    3.245667    6.748000   8.2531901873E-004
    0.000000    0.000000    3.248000    6.750333   8.1993579734E-004
    0.000000    0.000000    3.250333    6.752667   8.1459577869E-004
    0.000000    0.000000    3.252667    6.755000   8.0929867319E-004
    0.000000    0.000000    3.255000    6.757333   8.0404419127E-004
    0.000000    0.000000    3.257333    6.759667   7.9883204339E-004
    0.000000    0.000000    3.259667    6.762000   7.9366194005E-004
    0.000000    0.000000    3.262000    6.764333   7.8853359181E-004
    0.000000    0.000000    3.264333    6.766667   7.8344670932E-004
    0.000000    0.000000    3.266667    6.769000   7.7840100332E-004
    0.000000    0.000000    3.269000    6.771333   7.7339618468E-004
    0.000000    0.000000    3.271333    6.773667   7.6843196439E-004
    0.000000    0.000000    3.273667    6.776000   7.6350805362E-004
    0.000000    0.000000    3.276000    6.778333   7.5862416371E-004
    0.000000    0.000000    3.278333    6.780667   7.5378000621E-004
    0.000000    0.000000    3.280667    6.783000   7.4897529288E-004
    0.000000    0.000000    3.283000    6.785333   7.4420973573E-004
    0.000000    0.000000    3.285333    6.787667   7.3948304705E-004
    0.000000    0.000000    3.287667    6.790000   7.3479493939E-004
    0.000000    0.000000    3.290000    6.792333   7.3014512564E-004
    0.000000    0.000000    3.292333    6.794667   7.2553331899E-004
    0.000000    0.000000    3.294667    6.797000   7.2095923302E-004
    0.000000    0.000000    3.297000    6.799333   7.1642258165E-004
    0.000000    0.000000    3.299333    6.801667   7.1192307923E-004
    0.000000    0.000000    3.301667    6.804000   7.0746044052E-004
    0.000000    0.000000    3.304000    6.806333   7.0303438072E-004
    0.000000    0.000000    3.306333    6.808667   6.9864461550E-004
    0.000000    0.000000    3.308667    6.811000   6.9429086102E-004
    0.000000    0.000000    3.311000    6.813333   6.8997283394E-004
    0.000000    0.000000    3.313333    6.815667   6.8569025148E-004
    0.000000    0.000000    3.315667    6.818000   6.8144283140E-004
    0.000000    0.000000    3.318000    6.820333   6.7723029203E-004
    0.000000    0.000000    3.320333    6.822667   6.7305235231E-004
    0.000000    0.000000    3.322667    6.825000   6.6890873180E-004
    0.000000    0.000000    3.325000    6.827333   6.6479915071E-004
    0.000000    0.000000    3.327333    6.829667   6.6072332992E-004
    0.000000    0.000000    3.329667    6.832000   6.5668099098E-004
    0.000000    0.000000    3.332000    6.834333   6.5267185617E-004
    0.000000    0.000000    3.334333    6.836667   6.4869564848E-004
    0.000000    0.000000    3.336667    6.839000   6.4475209166E-004
    0.000000    0.000000    3.339000    6.841333   6.4084091024E-004
    0.000000    0.000000    3.341333    6.843667   6.3696182953E-004
    0.000000    0.000000    3.343667    6.846000   6.3311457567E-004
    0.000000    0.000000    3.346000    6.848333   6.2929887562E-004
    0.000000    0.000000    3.348333    6.850667   6.2551445718E-004
    0.000000    0.000000    3.350667    6.853000   6.2176104906E-004
    0.000000    0.000000    3.353000    6.855333   6.1803838084E-004
    0.000000    0.000000    3.355333    6.857667   6.1434618301E-004
    0.000000    0.000000    3.357667    6.860000   6.1068418699E-004
    0.000000    0.000000    3.360000    6.862333   6.0705212516E-004
    0.000000    0.000000    3.362333    6.864667   6.0344973086E-004
    0.000000    0.000000    3.364667    6.867000   5.9987673842E-004
    0.000000    0.000000    3.367000    6.869333   5.9633288317E-004
    0.000000    0.000000    3.369333    6.871667   5.9281790147E-004
    0.000000    0.000000    3.371667    6.874000   5.8933153070E-004
    0.000000    0.000000    3.374000    6.876333   5.8587350933E-004
    0.000000    0.000000    3.376333    6.878667   5.8244357686E-004
    0.000000    0.000000    3.378667    6.881000   5.7904147390E-004
    0.000000    0.000000    3.381000    6.883333   5.7566694218E-004
    0.000000    0.000000    3.383333    6.885667   5.7231972452E-004
    0.000000    0.000000    3.385667    6.888000   5.6899956489E-004
    0.000000    0.000000    3.388000    6.890333   5.6570620842E-004
    0.000000    0.000000    3.390333    6.892667   5.6243940139E-004
    0.000000    0.000000    3.392667    6.895000   5.5919889128E-004
    0.000000    0.000000    3.395000    6.897333   5.5598442674E-004
    0.000000    0.000000    3.397333    6.899667   5.5279575766E-004
    0.000000    0.000000    3.399667    6.902000   5.4963263511E-004
    0.000000    0.000000    3.402000    6.904333   5.4649481144E-004
    0.000000    0.000000    3.404333    6.906667   5.4338204021E-004
    0.000000    0.000000    3.406667    6.909000   5.4029407628E-004
    0.000000    0.000000    3.409000    6.911333   5.3723067575E-004
    0.000000    0.000000    3.411333    6.913667   5.3419159602E-004
    0.000000    0.000000    3.413667    6.916000   5.3117659579E-004
    0.000000    0.000000    3.416000    6.918333   5.2818543506E-004
    0.000000    0.000000    3.418333    6.920667   5.2521787515E-004
    0.000000    0.000000    3.420667    6.923000   5.2227367873E-004
    0.000000    0.000000    3.423000    6.925333   5.1935260978E-004
    0.000000    0.000000    3.425333    6.927667   5.1645443366E-004
    0.000000    0.000000    3.427667    6.930000   5.1357891706E-004
    0.000000    0.000000    3.430000    6.932333   5.1072582807E-004
    0.000000    0.000000    3.432333    6.934667   5.0789493614E-004
    0.000000    0.000000    3.434667    6.937000   5.0508601213E-004
    0.000000    0.000000    3.437000    6.939333   5.0229882827E-004
    0.000000    0.000000    3.439333    6.941667   4.9953315821E-004
    0.000000    0.000000    3.441667    6.944000   4.9678877701E-004
    0.000000    0.000000    3.444000    6.946333   4.9406546116E-004
    0.000000    0.000000    3.446333    6.948667   4.9136298856E-004
    0.000000    0.000000    3.448667    6.951000   4.8868113857E-004
    0.000000    0.000000    3.451000    6.953333   4.8601969197E-004
    0.000000    0.000000    3.453333    6.955667   4.8337843101E-004
    0.000000    0.000000    3.455667    6.958000   4.8075713937E-004
    0.000000    0.000000    3.458000    6.960333   4.7815560221E-004
    0.000000    0.000000    3.460333    6.962667   4.7557360615E-004
    0.000000    0.000000    3.462667    6.965000   4.7301093930E-004
    0.000000    0.000000    3.465000    6.967333   4.7046739121E-004
    0.000000    0.000000    3.467333    6.969667   4.6794275295E-004
    0.000000    0.000000    3.469667    6.972000   4.6543681705E-004
    0.000000    0.000000    3.472000    6.974333   4.6294937755E-004
    0.000000    0.000000    3.474333    6.976667   4.6048022998E-004
    0.000000    0.000000    3.476667    6.979000   4.5802917137E-004
    0.000000    0.000000    3.479000    6.981333   4.5559600024E-004
    0.000000    0.000000    3.481333    6.983667   4.5318051662E-004
    0.000000    0.000000    3.483667    6.986000   4.5078252208E-004
    0.000000    0.000000    3.486000    6.988333   4.4840181966E-004
    0.000000    0.000000    3.488333    6.990667   4.4603821392E-004
    0.000000    0.000000    3.490667    6.993000   4.4369151098E-004
    0.000000    0.000000    3.493000    6.995333   4.4136151841E-004
    0.000000    0.000000    3.495333    6.997667   4.3904804537E-004
    0.000000    0.000000    3.497667    7.000000   4.3675090249E-004
