    0.000000    0.000000   -3.500000    0.002333  -1.8045553939E-003
    0.000000    0.000000   -3.497667    0.004667  -1.8095991727E-003
    0.000000    0.000000   -3.495333    0.007000  -1.8146425199E-003
    0.000000    0.000000   -3.493000    0.009333  -1.8196853845E-003
    0.000000    0.000000   -3.490667    0.011667  -1.8247277160E-003
    0.000000    0.000000   -3.488333    0.014000  -1.8297694648E-003
    0.000000    0.000000   -3.486000    0.016333  -1.8348105817E-003
    0.000000    0.000000   -3.483667    0.018667  -1.8398510182E-003
    0.000000    0.000000   -3.481333    0.021000  -1.8448907264E-003
    0.000000    0.000000   -3.479000    0.023333  -1.8499296591E-003
    0.000000    0.000000   -3.476667    0.025667  -1.8549677698E-003
    0.000000    0.000000   -3.474333    0.028000  -1.8600050128E-003
    0.000000    0.000000   -3.472000    0.030333  -1.8650413429E-003
    0.000000    0.000000   -3.469667    0.032667  -1.8700767157E-003
    0.000000    0.000000   -3.467333    0.035000  -1.8751110878E-003
    0.000000    0.000000   -3.465000    0.037333  -1.8801444163E-003
    0.000000    0.000000   -3.462667    0.039667  -1.8851766591E-003
    0.000000    0.000000   -3.460333    0.042000  -1.8902077751E-003
    0.000000    0.000000   -3.458000    0.044333  -1.8952377239E-003
    0.000000    0.000000   -3.455667    0.046667  -1.9002664659E-003
    0.000000    0.000000   -3.453333    0.049000  -1.9052939626E-003
    0.000000    0.000000   -3.451000    0.051333  -1.9103201760E-003
    0.000000    0.000000   -3.448667    0.053667  -1.9153450693E-003
    0.000000    0.000000   -3.446333    0.056000  -1.9203686067E-003
    0.000000    0.000000   -3.444000    0.058333  -1.9253907530E-003
    0.000000    0.000000   -3.441667    0.060667  -1.9304114743E-003
    0.000000    0.000000   -3.439333    0.063000  -1.9354307376E-003
    0.000000    0.000000   -3.437000    0.065333  -1.9404485106E-003
    0.000000    0.000000   -3.434667    0.067667  -1.9454647626E-003
    0.000000    0.000000   -3.432333    0.070000  -1.9504794634E-003
    0.000000    0.000000   -3.430000    0.072333  -1.9554925843E-003
    0.000000    0.000000   -3.427667    0.074667  -1.9605040974E-003
    0.000000    0.000000   -3.425333    0.077000  -1.9655139760E-003
    0.000000    0.000000   -3.423000    0.079333  -1.9705221945E-003
    0.000000    0.000000   -3.420667    0.081667  -1.9755287287E-003
    0.000000    0.000000   -3.418333    0.084000  -1.9805335552E-003
    0.000000    0.000000   -3.416000    0.086333  -1.9855366520E-003
    0.000000    0.000000   -3.413667    0.088667  -1.9905379984E-003
    0.000000    0.000000   -3.411333    0.091000  -1.9955375749E-003
    0.000000    0.000000   -3.409000    0.093333  -2.0005353631E-003
    0.000000    0.000000   -3.406667    0.095667  -2.0055313461E-003
    0.000000    0.000000   -3.404333    0.098000  -2.0105255082E-003
    0.000000    0.000000   -3.402000    0.100333  -2.0155178352E-003
    0.000000    0.000000   -3.399667    0.102667  -2.0205083141E-003
    0.000000    0.000000   -3.397333    0.105000  -2.0254969333E-003
    0.000000    0.000000   -3.395000    0.107333  -2.0304836828E-003
    0.000000    0.000000   -3.392667    0.109667  -2.0354685538E-003
    0.000000    0.000000   -3.390333    0.112000  -2.0404515391E-003
    0.000000    0.000000   -3.388000    0.114333  -2.0454326330E-003
    0.000000    0.000000   -3.385667    0.116667  -2.0504118313E-003
    0.000000    0.000000   -3.383333    0.119000  -2.0553891313E-003
    0.000000    0.000000   -3.381000    0.121333  -2.0603645319E-003
    0.000000    0.000000   -3.378667    0.123667  -2.0653380337E-003
    0.000000    0.000000   -3.376333    0.126000  -2.0703096387E-003
    0.000000    0.000000   -3.374000    0.128333  -2.0752793508E-003
    0.000000    0.000000   -3.371667    0.130667  -2.0802471754E-003
    0.000000    0.000000   -3.369333    0.133000  -2.0852131197E-003
    0.000000    0.000000   -3.367000    0.135333  -2.0901771925E-003
    0.000000    0.000000   -3.364667    0.137667  -2.0951394046E-003
    0.000000    0.000000   -3.362333    0.140000  -2.1000997684E-003
    0.000000    0.000000   -3.360000    0.142333  -2.1050582982E-003
    0.000000    0.000000   -3.357667    0.144667  -2.1100150101E-003
    0.000000    0.000000   -3.355333    0.147000  -2.1149699221E-003
    0.000000    0.000000   -3.353000    0.149333  -2.1199230540E-003
    0.000000    0.000000   -3.350667    0.151667  -2.1248744279E-003
    0.000000    0.000000   -3.348333    0.154000  -2.1298240674E-003
    0.000000    0.000000   -3.346000    0.156333  -2.1347719983E-003
    0.000000    0.000000   -3.343667    0.158667  -2.1397182486E-003
    0.000000    0.000000   -3.341333    0.161000  -2.1446628481E-003
    0.000000    0.000000   -3.339000    0.163333  -2.1496058287E-003
    0.000000    0.000000   -3.336667    0.165667  -2.1545472246E-003
    0.000000    0.000000   -3.334333    0.168000  -2.1594870721E-003
    0.000000    0.000000   -3.332000    0.170333  -2.1644254095E-003
    0.000000    0.000000   -3.329667    0.172667  -2.1693622776E-003
    0.000000    0.000000   -3.327333    0.175000  -2.1742977192E-003
    0.000000    0.000000   -3.325000    0.177333  -2.1792317795E-003
    0.000000    0.000000   -3.322667    0.179667  -2.1841645061E-003
    0.000000    0.000000   -3.320333    0.182000  -2.1890959487E-003
    0.000000    0.000000   -3.318000    0.184333  -2.1940261596E-003
    0.000000    0.000000   -3.315667    0.186667  -2.1989551935E-003
    0.000000    0.000000   -3.313333    0.189000  -2.2038831074E-003
    0.000000    0.000000   -3.311000    0.191333  -2.2088099609E-003
    0.000000    0.000000   -3.308667    0.193667  -2.2137358160E-003
    0.000000    0.000000   -3.306333    0.196000  -2.2186607376E-003
    0.000000    0.000000   -3.304000    0.198333  -2.2235847927E-003
    0.000000    0.000000   -3.301667    0.200667  -2.2285080513E-003
    0.000000    0.000000   -3.299333    0.203000  -2.2334305859E-003
    0.000000    0.000000   -3.297000    0.205333  -2.2383524716E-003
    0.000000    0.000000   -3.294667    0.207667  -2.2432737865E-003
    0.000000    0.000000   -3.292333    0.210000  -2.2481946112E-003
    0.000000    0.000000   -3.290000    0.212333  -2.2531150293E-003
    0.000000    0.000000   -3.287667    0.214667  -2.2580351272E-003
    0.000000    0.000000   -3.285333    0.217000  -2.2629549941E-003
    0.000000    0.000000   -3.283000    0.219333  -2.2678747221E-003
    0.000000    0.000000   -3.280667    0.221667  -2.2727944065E-003
    0.000000    0.000000   -3.278333    0.224000  -2.2777141453E-003
    0.000000    0.000000   -3.276000    0.226333  -2.2826340397E-003
    0.000000    0.000000   -3.273667    0.228667  -2.2875541939E-003
    0.000000    0.000000   -3.271333    0.231000  -2.2924747153E-003
    0.000000    0.000000   -3.269000    0.233333  -2.2973957144E-003
    0.000000    0.000000   -3.266667    0.235667  -2.3023173049E-003
    0.000000    0.000000   -3.264333    0.238000  -2.3072396037E-003
    0.000000    0.000000   -3.262000    0.240333  -2.3121627309E-003
    0.000000    0.000000   -3.259667    0.242667  -2.3170868103E-003
    0.000000    0.000000   -3.257333    0.245000  -2.3220119685E-003
    0.000000    0.000000   -3.255000    0.247333  -2.3269383359E-003
    0.000000    0.000000   -3.252667    0.249667  -2.3318660462E-003
    0.000000    0.000000   -3.250333    0.252000  -2.3367952367E-003
    0.000000    0.000000   -3.248000    0.254333  -2.3417260479E-003
    0.000000    0.000000   -3.245667    0.256667  -2.3466586243E-003
    0.000000    0.000000   -3.243333    0.259000  -2.3515931136E-003
    0.000000    0.000000   -3.241000    0.261333  -2.3565296676E-003
    0.000000    0.000000   -3.238667    0.263667  -2.3614684413E-003
    0.000000    0.000000   -3.236333    0.266000  -2.3664095939E-003
    0.000000    0.000000   -3.234000    0.268333  -2.3713532880E-003
    0.000000    0.000000   -3.231667    0.270667  -2.3762996904E-003
    0.000000    0.000000   -3.229333    0.273000  -2.3812489715E-003
    0.000000    0.000000   -3.227000    0.275333  -2.3862013056E-003
    0.000000    0.000000   -3.224667    0.277667  -2.3911568713E-003
    0.000000    0.000000   -3.222333    0.280000  -2.3961158508E-003
    0.000000    0.000000   -3.220000    0.282333  -2.4010784306E-003
    0.000000    0.000000   -3.217667    0.284667  -2.4060448013E-003
    0.000000    0.000000   -3.215333    0.287000  -2.4110151575E-003
    0.000000    0.000000   -3.213000    0.289333  -2.4159896982E-003
    0.000000    0.000000   -3.210667    0.291667  -2.4209686265E-003
    0.000000    0.000000   -3.208333    0.294000  -2.4259521498E-003
    0.000000    0.000000   -3.206000    0.296333  -2.4309404800E-003
    0.000000    0.000000   -3.203667    0.298667  -2.4359338332E-003
    0.000000    0.000000   -3.201333    0.301000  -2.4409324300E-003
    0.000000    0.000000   -3.199000    0.303333  -2.4459364955E-003
    0.000000    0.000000   -3.196667    0.305667  -2.4509462594E-003
    0.000000    0.000000   -3.194333    0.308000  -2.4559619558E-003
    0.000000    0.000000   -3.192000    0.310333  -2.4609838237E-003
    0.000000    0.000000   -3.189667    0.312667  -2.4660121066E-003
    0.000000    0.000000   -3.187333    0.315000  -2.4710470527E-003
    0.000000    0.000000   -3.185000    0.317333  -2.4760889152E-003
    0.000000    0.000000   -3.182667    0.319667  -2.4811379519E-003
    0.000000    0.000000   -3.180333    0.322000  -2.4861944257E-003
    0.000000    0.000000   -3.178000    0.324333  -2.4912586042E-003
    0.000000    0.000000   -3.175667    0.326667  -2.4963307603E-003
    0.000000    0.000000   -3.173333    0.329000  -2.5014111717E-003
    0.000000    0.000000   -3.171000    0.331333  -2.5065001213E-003
    0.000000    0.000000   -3.168667    0.333667  -2.5115978971E-003
    0.000000    0.000000   -3.166333    0.336000  -2.5167047924E-003
    0.000000    0.000000   -3.164000    0.338333  -2.5218211056E-003
    0.000000    0.000000   -3.161667    0.340667  -2.5269471407E-003
    0.000000    0.000000   -3.159333    0.343000  -2.5320832066E-003
    0.000000    0.000000   -3.157000    0.345333  -2.5372296181E-003
    0.000000    0.000000   -3.154667    0.347667  -2.5423866953E-003
    0.000000    0.000000   -3.152333    0.350000  -2.5475547637E-003
    0.000000    0.000000   -3.150000    0.352333  -2.5527341544E-003
    0.000000    0.000000   -3.147667    0.354667  -2.5579252045E-003
    0.000000    0.000000   -3.145333    0.357000  -2.5631282563E-003
    0.000000    0.000000   -3.143000    0.359333  -2.5683436581E-003
    0.000000    0.000000   -3.140667    0.361667  -2.5735717641E-003
    0.000000    0.000000   -3.138333    0.364000  -2.5788129342E-003
    0.000000    0.000000   -3.136000    0.366333  -2.5840675342E-003
    0.000000    0.000000   -3.133667    0.368667  -2.5893359361E-003
    0.000000    0.000000   -3.131333    0.371000  -2.5946185178E-003
    0.000000    0.000000   -3.129000    0.373333  -2.5999156631E-003
    0.000000    0.000000   -3.126667    0.375667  -2.6052277624E-003
    0.000000    0.000000   -3.124333    0.378000  -2.6105552119E-003
    0.000000    0.000000   -3.122000    0.380333  -2.6158984143E-003
    0.000000    0.000000   -3.119667    0.382667  -2.6212577785E-003
    0.000000    0.000000   -3.117333    0.385000  -2.6266337199E-003
    0.000000    0.000000   -3.115000    0.387333  -2.6320266604E-003
    0.000000    0.000000   -3.112667    0.389667  -2.6374370281E-003
    0.000000    0.000000   -3.110333    0.392000  -2.6428652581E-003
    0.000000    0.000000   -3.108000    0.394333  -2.6483117917E-003
    0.000000    0.000000   -3.105667    0.396667  -2.6537770773E-003
    0.000000    0.000000   -3.103333    0.399000  -2.6592615697E-003
    0.000000    0.000000   -3.101000    0.401333  -2.6647657308E-003
    0.000000    0.000000   -3.098667    0.403667  -2.6702900291E-003
    0.000000    0.000000   -3.096333    0.406000  -2.6758349403E-003
    0.000000    0.000000   -3.094000    0.408333  -2.6814009469E-003
    0.000000    0.000000   -3.091667    0.410667  -2.6869885385E-003
    0.000000    0.000000   -3.089333    0.413000  -2.6925982119E-003
    0.000000    0.000000   -3.087000    0.415333  -2.6982304710E-003
    0.000000    0.000000   -3.084667    0.417667  -2.7038858270E-003
    0.000000    0.000000   -3.082333    0.420000  -2.7095647983E-003
    0.000000    0.000000   -3.080000    0.422333  -2.7152679110E-003
    0.000000    0.000000   -3.077667    0.424667  -2.7209956982E-003
    0.000000    0.000000   -3.075333    0.427000  -2.7267487007E-003
    0.000000    0.000000   -3.073000    0.429333  -2.7325274669E-003
    0.000000    0.000000   -3.070667    0.431667  -2.7383325529E-003
    0.000000    0.000000   -3.068333    0.434000  -2.7441645222E-003
    0.000000    0.000000   -3.066000    0.436333  -2.7500239464E-003
    0.000000    0.000000   -3.063667    0.438667  -2.7559114047E-003
    0.000000    0.000000   -3.061333    0.441000  -2.7618274842E-003
    0.000000    0.000000   -3.059000    0.443333  -2.7677727801E-003
    0.000000    0.000000   -3.056667    0.445667  -2.7737478955E-003
    0.000000    0.000000   -3.054333    0.448000  -2.7797534417E-003
    0.000000    0.000000   -3.052000    0.450333  -2.7857900379E-003
    0.000000    0.000000   -3.049667    0.452667  -2.7918583117E-003
    0.000000    0.000000   -3.047333    0.455000  -2.7979588991E-003
    0.000000    0.000000   -3.045000    0.457333  -2.8040924442E-003
    0.000000    0.000000   -3.042667    0.459667  -2.8102595997E-003
    0.000000    0.000000   -3.040333    0.462000  -2.8164610266E-003
    0.000000    0.000000   -3.038000    0.464333  -2.8226973947E-003
    0.000000    0.000000   -3.035667    0.466667  -2.8289693822E-003
    0.000000    0.000000   -3.033333    0.469000  -2.8352776761E-003
    0.000000    0.000000   -3.031000    0.471333  -2.8416229721E-003
    0.000000    0.000000   -3.028667    0.473667  -2.8480059748E-003
    0.000000    0.000000   -3.026333    0.476000  -2.8544273975E-003
    0.000000    0.000000   -3.024000    0.478333  -2.8608879626E-003
    0.000000    0.000000   -3.021667    0.480667  -2.8673884017E-003
    0.000000    0.000000   -3.019333    0.483000  -2.8739294551E-003
    0.000000    0.000000   -3.017000    0.485333  -2.8805118725E-003
    0.000000    0.000000   -3.014667    0.487667  -2.8871364128E-003
    0.000000    0.000000   -3.012333    0.490000  -2.8938038443E-003
    0.000000    0.000000   -3.010000    0.492333  -2.9005149444E-003
    0.000000    0.000000   -3.007667    0.494667  -2.9072705002E-003
    0.000000    0.000000   -3.005333    0.497000  -2.9140713082E-003
    0.000000    0.000000   -3.003000    0.499333  -2.9209181744E-003
    0.000000    0.000000   -3.000667    0.501667  -2.9278119145E-003
    0.000000    0.000000   -2.998333    0.504000  -2.9347533541E-003
    0.000000    0.000000   -2.996000    0.506333  -2.9417433282E-003
    0.000000    0.000000   -2.993667    0.508667  -2.9487826821E-003
    0.000000    0.000000   -2.991333    0.511000  -2.9558722706E-003
    0.000000    0.000000   -2.989000    0.513333  -2.9630129587E-003
    0.000000    0.000000   -2.986667    0.515667  -2.9702056216E-003
    0.000000    0.000000   -2.984333    0.518000  -2.9774511444E-003
    0.000000    0.000000   -2.982000    0.520333  -2.9847504224E-003
    0.000000    0.000000   -2.979667    0.522667  -2.9921043613E-003
    0.000000    0.000000   -2.977333    0.525000  -2.9995138772E-003
    0.000000    0.000000   -2.975000    0.527333  -3.0069798963E-003
    0.000000    0.000000   -2.972667    0.529667  -3.0145033557E-003
    0.000000    0.000000   -2.970333    0.532000  -3.0220852027E-003
    0.000000    0.000000   -2.968000    0.534333  -3.0297263954E-003
    0.000000    0.000000   -2.965667    0.536667  -3.0374279026E-003
    0.000000    0.000000   -2.963333    0.539000  -3.0451907038E-003
    0.000000    0.000000   -2.961000    0.541333  -3.0530157893E-003
    0.000000    0.000000   -2.958667    0.543667  -3.0609041604E-003
    0.000000    0.000000   -2.956333    0.546000  -3.0688568293E-003
    0.000000    0.000000   -2.954000    0.548333  -3.0768748194E-003
    0.000000    0.000000   -2.951667    0.550667  -3.0849591649E-003
    0.000000    0.000000   -2.949333    0.553000  -3.0931109115E-003
    0.000000    0.000000   -2.947000    0.555333  -3.1013311160E-003
    0.000000    0.000000   -2.944667    0.557667  -3.1096208465E-003
    0.000000    0.000000   -2.942333    0.560000  -3.1179811826E-003
    0.000000    0.000000   -2.940000    0.562333  -3.1264132154E-003
    0.000000    0.000000   -2.937667    0.564667  -3.1349180472E-003
    0.000000    0.000000   -2.935333    0.567000  -3.1434967924E-003
    0.000000    0.000000   -2.933000    0.569333  -3.1521505767E-003
    0.000000    0.000000   -2.930667    0.571667  -3.1608805377E-003
    0.000000    0.000000   -2.928333    0.574000  -3.1696878247E-003
    0.000000    0.000000   -2.926000    0.576333  -3.1785735991E-003
    0.000000    0.000000   -2.923667    0.578667  -3.1875390340E-003
    0.000000    0.000000   -2.921333    0.581000  -3.1965853148E-003
    0.000000    0.000000   -2.919000    0.583333  -3.2057136386E-003
    0.000000    0.000000   -2.916667    0.585667  -3.2149252150E-003
    0.000000    0.000000   -2.914333    0.588000  -3.2242212657E-003
    0.000000    0.000000   -2.912000    0.590333  -3.2336030248E-003
    0.000000    0.000000   -2.909667    0.592667  -3.2430717386E-003
    0.000000    0.000000   -2.907333    0.595000  -3.2526286658E-003
    0.000000    0.000000   -2.905000    0.597333  -3.2622750779E-003
    0.000000    0.000000   -2.902667    0.599667  -3.2720122587E-003
    0.000000    0.000000   -2.900333    0.602000  -3.2818415047E-003
    0.000000    0.000000   -2.898000    0.604333  -3.2917641251E-003
    0.000000    0.000000   -2.895667    0.606667  -3.3017814419E-003
    0.000000    0.000000   -2.893333    0.609000  -3.3118947900E-003
    0.000000    0.000000   -2.891000    0.611333  -3.3221055171E-003
    0.000000    0.000000   -2.888667    0.613667  -3.3324149839E-003
    0.000000    0.000000   -2.886333    0.616000  -3.3428245642E-003
    0.000000    0.000000   -2.884000    0.618333  -3.3533356448E-003
    0.000000    0.000000   -2.881667    0.620667  -3.3639496257E-003
    0.000000    0.000000   -2.879333    0.623000  -3.3746679201E-003
    0.000000    0.000000   -2.877000    0.625333  -3.3854919548E-003
    0.000000    0.000000   -2.874667    0.627667  -3.3964231695E-003
    0.000000    0.000000   -2.872333    0.630000  -3.4074630177E-003
    0.000000    0.000000   -2.870000    0.632333  -3.4186129661E-003
    0.000000    0.000000   -2.867667    0.634667  -3.4298744953E-003
    0.000000    0.000000   -2.865333    0.637000  -3.4412490992E-003
    0.000000    0.000000   -2.863000    0.639333  -3.4527382855E-003
    0.000000    0.000000   -2.860667    0.641667  -3.4643435758E-003
    0.000000    0.000000   -2.858333    0.644000  -3.4760665052E-003
    0.000000    0.000000   -2.856000    0.646333  -3.4879086230E-003
    0.000000    0.000000   -2.853667    0.648667  -3.4998714923E-003
    0.000000    0.000000   -2.851333    0.651000  -3.5119566900E-003
    0.000000    0.000000   -2.849000    0.653333  -3.5241658074E-003
    0.000000    0.000000   -2.846667    0.655667  -3.5365004497E-003
    0.000000    0.000000   -2.844333    0.658000  -3.5489622363E-003
    0.000000    0.000000   -2.842000    0.660333  -3.5615528009E-003
    0.000000    0.000000   -2.839667    0.662667  -3.5742737915E-003
    0.000000    0.000000   -2.837333    0.665000  -3.5871268704E-003
    0.000000    0.000000   -2.835000    0.667333  -3.6001137142E-003
    0.000000    0.000000   -2.832667    0.669667  -3.6132360143E-003
    0.000000    0.000000   -2.830333    0.672000  -3.6264954762E-003
    0.000000    0.000000   -2.828000    0.674333  -3.6398938204E-003
    0.000000    0.000000   -2.825667    0.676667  -3.6534327817E-003
    0.000000    0.000000   -2.823333    0.679000  -3.6671141098E-003
    0.000000    0.000000   -2.821000    0.681333  -3.6809395690E-003
    0.000000    0.000000   -2.818667    0.683667  -3.6949109386E-003
    0.000000    0.000000   -2.816333    0.686000  -3.7090300126E-003
    0.000000    0.000000   -2.814000    0.688333  -3.7232985999E-003
    0.000000    0.000000   -2.811667    0.690667  -3.7377185245E-003
    0.000000    0.000000   -2.809333    0.693000  -3.7522916252E-003
    0.000000    0.000000   -2.807000    0.695333  -3.7670197560E-003
    0.000000    0.000000   -2.804667    0.697667  -3.7819047861E-003
    0.000000    0.000000   -2.802333    0.700000  -3.7969485997E-003
    0.000000    0.000000   -2.800000    0.702333  -3.8121530963E-003
    0.000000    0.000000   -2.797667    0.704667  -3.8275201906E-003
    0.000000    0.000000   -2.795333    0.707000  -3.8430518126E-003
    0.000000    0.000000   -2.793000    0.709333  -3.8587499078E-003
    0.000000    0.000000   -2.790667    0.711667  -3.8746164369E-003
    0.000000    0.000000   -2.788333    0.714000  -3.8906533763E-003
    0.000000    0.000000   -2.786000    0.716333  -3.9068627175E-003
    0.000000    0.000000   -2.783667    0.718667  -3.9232464679E-003
    0.000000    0.000000   -2.781333    0.721000  -3.9398066504E-003
    0.000000    0.000000   -2.779000    0.723333  -3.9565453033E-003
    0.000000    0.000000   -2.776667    0.725667  -3.9734644809E-003
    0.000000    0.000000   -2.774333    0.728000  -3.9905662530E-003
    0.000000    0.000000   -2.772000    0.730333  -4.0078527051E-003
    0.000000    0.000000   -2.769667    0.732667  -4.0253259386E-003
    0.000000    0.000000   -2.767333    0.735000  -4.0429880705E-003
    0.000000    0.000000   -2.765000    0.737333  -4.0608412341E-003
    0.000000    0.000000   -2.762667    0.739667  -4.0788875781E-003
    0.000000    0.000000   -2.760333    0.742000  -4.0971292674E-003
    0.000000    0.000000   -2.758000    0.744333  -4.1155684828E-003
    0.000000    0.000000   -2.755667    0.746667  -4.1342074211E-003
    0.000000    0.000000   -2.753333    0.749000  -4.1530482950E-003
    0.000000    0.000000   -2.751000    0.751333  -4.1720933335E-003
    0.000000    0.000000   -2.748667    0.753667  -4.1913447815E-003
    0.000000    0.000000   -2.746333    0.756000  -4.2108049000E-003
    0.000000    0.000000   -2.744000    0.758333  -4.2304759662E-003
    0.000000    0.000000   -2.741667    0.760667  -4.2503602736E-003
    0.000000    0.000000   -2.739333    0.763000  -4.2704601316E-003
    0.000000    0.000000   -2.737000    0.765333  -4.2907778661E-003
    0.000000    0.000000   -2.734667    0.767667  -4.3113158190E-003
    0.000000    0.000000   -2.732333    0.770000  -4.3320763487E-003
    0.000000    0.000000   -2.730000    0.772333  -4.3530618298E-003
    0.000000    0.000000   -2.727667    0.774667  -4.3742746531E-003
    0.000000    0.000000   -2.725333    0.777000  -4.3957172258E-003
    0.000000    0.000000   -2.723000    0.779333  -4.4173919716E-003
    0.000000    0.000000   -2.720667    0.781667  -4.4393013301E-003
    0.000000    0.000000   -2.718333    0.784000  -4.4614477579E-003
    0.000000    0.000000   -2.716000    0.786333  -4.4838337275E-003
    0.000000    0.000000   -2.713667    0.788667  -4.5064617280E-003
    0.000000    0.000000   -2.711333    0.791000  -4.5293342649E-003
    0.000000    0.000000   -2.709000    0.793333  -4.5524538601E-003
    0.000000    0.000000   -2.706667    0.795667  -4.5758230520E-003
    0.000000    0.000000   -2.704333    0.798000  -4.5994443952E-003
    0.000000    0.000000   -2.702000    0.800333  -4.6233204611E-003
    0.000000    0.000000   -2.699667    0.802667  -4.6474538372E-003
    0.000000    0.000000   -2.697333    0.805000  -4.6718471278E-003
    0.000000    0.000000   -2.695000    0.807333  -4.6965029534E-003
    0.000000    0.000000   -2.692667    0.809667  -4.7214239510E-003
    0.000000    0.000000   -2.690333    0.812000  -4.7466127741E-003
    0.000000    0.000000   -2.688000    0.814333  -4.7720720927E-003
    0.000000    0.000000   -2.685667    0.816667  -4.7978045930E-003
    0.000000    0.000000   -2.683333    0.819000  -4.8238129780E-003
    0.000000    0.000000   -2.681000    0.821333  -4.8500999670E-003
    0.000000    0.000000   -2.678667    0.823667  -4.8766682955E-003
    0.000000    0.000000   -2.676333    0.826000  -4.9035207157E-003
    0.000000    0.000000   -2.674000    0.828333  -4.9306599961E-003
    0.000000    0.000000   -2.671667    0.830667  -4.9580889215E-003
    0.000000    0.000000   -2.669333    0.833000  -4.9858102934E-003
    0.000000    0.000000   -2.667000    0.835333  -5.0138269292E-003
    0.000000    0.000000   -2.664667    0.837667  -5.0421416630E-003
    0.000000    0.000000   -2.662333    0.840000  -5.0707573450E-003
    0.000000    0.000000   -2.660000    0.842333  -5.0996768419E-003
    0.000000    0.000000   -2.657667    0.844667  -5.1289030365E-003
    0.000000    0.000000   -2.655333    0.847000  -5.1584388280E-003
    0.000000    0.000000   -2.653000    0.849333  -5.1882871316E-003
    0.000000    0.000000   -2.650667    0.851667  -5.2184508790E-003
    0.000000    0.000000   -2.648333    0.854000  -5.2489330177E-003
    0.000000    0.000000   -2.646000    0.856333  -5.2797365118E-003
    0.000000    0.000000   -2.643667    0.858667  -5.3108643411E-003
    0.000000    0.000000   -2.641333    0.861000  -5.3423195016E-003
    0.000000    0.000000   -2.639000    0.863333  -5.3741050053E-003
    0.000000    0.000000   -2.636667    0.865667  -5.4062238803E-003
    0.000000    0.000000   -2.634333    0.868000  -5.4386791706E-003
    0.000000    0.000000   -2.632000    0.870333  -5.4714739359E-003
    0.000000    0.000000   -2.629667    0.872667  -5.5046112521E-003
    0.000000    0.000000   -2.627333    0.875000  -5.5380942106E-003
    0.000000    0.000000   -2.625000    0.877333  -5.5719259187E-003
    0.000000    0.000000   -2.622667    0.879667  -5.6061094995E-003
    0.000000    0.000000   -2.620333    0.882000  -5.6406480916E-003
    0.000000    0.000000   -2.618000    0.884333  -5.6755448493E-003
    0.000000    0.000000   -2.615667    0.886667  -5.7108029422E-003
    0.000000    0.000000   -2.613333    0.889000  -5.7464255559E-003
    0.000000    0.000000   -2.611000    0.891333  -5.7824158908E-003
    0.000000    0.000000   -2.608667    0.893667  -5.8187771632E-003
    0.000000    0.000000   -2.606333    0.896000  -5.8555126043E-003
    0.000000    0.000000   -2.604000    0.898333  -5.8926254608E-003
    0.000000    0.000000   -2.601667    0.900667  -5.9301189944E-003
    0.000000    0.000000   -2.599333    0.903000  -5.9679964819E-003
    0.000000    0.000000   -2.597000    0.905333  -6.0062612151E-003
    0.000000    0.000000   -2.594667    0.907667  -6.0449165008E-003
    0.000000    0.000000   -2.592333    0.910000  -6.0839656606E-003
    0.000000    0.000000   -2.590000    0.912333  -6.1234120309E-003
    0.000000    0.000000   -2.587667    0.914667  -6.1632589628E-003
    0.000000    0.000000   -2.585333    0.917000  -6.2035098220E-003
    0.000000    0.000000   -2.583000    0.919333  -6.2441679886E-003
    0.000000    0.000000   -2.580667    0.921667  -6.2852368574E-003
    0.000000    0.000000   -2.578333    0.924000  -6.3267198371E-003
    0.000000    0.000000   -2.576000    0.926333  -6.3686203511E-003
    0.000000    0.000000   -2.573667    0.928667  -6.4109418367E-003
    0.000000    0.000000   -2.571333    0.931000  -6.4536877451E-003
    0.000000    0.000000   -2.569000    0.933333  -6.4968615419E-003
    0.000000    0.000000   -2.566667    0.935667  -6.5404667060E-003
    0.000000    0.000000   -2.564333    0.938000  -6.5845067304E-003
    0.000000    0.000000   -2.562000    0.940333  -6.6289851216E-003
    0.000000    0.000000   -2.559667    0.942667  -6.6739053996E-003
    0.000000    0.000000   -2.557333    0.945000  -6.7192710977E-003
    0.000000    0.000000   -2.555000    0.947333  -6.7650857626E-003
    0.000000    0.000000   -2.552667    0.949667  -6.8113529542E-003
    0.000000    0.000000   -2.550333    0.952000  -6.8580762453E-003
    0.000000    0.000000   -2.548000    0.954333  -6.9052592217E-003
    0.000000    0.000000   -2.545667    0.956667  -6.9529054818E-003
    0.000000    0.000000   -2.543333    0.959000  -7.0010186371E-003
    0.000000    0.000000   -2.541000    0.961333  -7.0496023110E-003
    0.000000    0.000000   -2.538667    0.963667  -7.0986601398E-003
    0.000000    0.000000   -2.536333    0.966000  -7.1481957718E-003
    0.000000    0.000000   -2.534000    0.968333  -7.1982128675E-003
    0.000000    0.000000   -2.531667    0.970667  -7.2487150993E-003
    0.000000    0.000000   -2.529333    0.973000  -7.2997061515E-003
    0.000000    0.000000   -2.527000    0.975333  -7.3511897199E-003
    0.000000    0.000000   -2.524667    0.977667  -7.4031695121E-003
    0.000000    0.000000   -2.522333    0.980000  -7.4556492469E-003
    0.000000    0.000000   -2.520000    0.982333  -7.5086326543E-003
    0.000000    0.000000   -2.517667    0.984667  -7.5621234753E-003
    0.000000    0.000000   -2.515333    0.987000  -7.6161254620E-003
    0.000000    0.000000   -2.513000    0.989333  -7.6706423771E-003
    0.000000    0.000000   -2.510667    0.991667  -7.7256779938E-003
    0.000000    0.000000   -2.508333    0.994000  -7.7812360959E-003
    0.000000    0.000000   -2.506000    0.996333  -7.8373204771E-003
    0.000000    0.000000   -2.503667    0.998667  -7.8939349415E-003
    0.000000    0.000000   -2.501333    1.001000  -7.9510833027E-003
    0.000000    0.000000   -2.499000    1.003333  -8.0087693845E-003
    0.000000    0.000000   -2.496667    1.005667  -8.0669970196E-003
    0.000000    0.000000   -2.494333    1.008000  -8.1257700504E-003
    0.000000    0.000000   -2.492000    1.010333  -8.1850923284E-003
    0.000000    0.000000   -2.489667    1.012667  -8.2449677139E-003
    0.000000    0.000000   -2.487333    1.015000  -8.3054000761E-003
    0.000000    0.000000   -2.485000    1.017333  -8.3663932925E-003
    0.000000    0.000000   -2.482667    1.019667  -8.4279512493E-003
    0.000000    0.000000   -2.480333    1.022000  -8.4900778405E-003
    0.000000    0.000000   -2.478000    1.024333  -8.5527769683E-003
    0.000000    0.000000   -2.475667    1.026667  -8.6160525424E-003
    0.000000    0.000000   -2.473333    1.029000  -8.6799084802E-003
    0.000000    0.000000   -2.471000    1.031333  -8.7443487063E-003
    0.000000    0.000000   -2.468667    1.033667  -8.8093771525E-003
    0.000000    0.000000   -2.466333    1.036000  -8.8749977572E-003
    0.000000    0.000000   -2.464000    1.038333  -8.9412144657E-003
    0.000000    0.000000   -2.461667    1.040667  -9.0080312297E-003
    0.000000    0.000000   -2.459333    1.043000  -9.0754520070E-003
    0.000000    0.000000   -2.457000    1.045333  -9.1434807614E-003
    0.000000    0.000000   -2.454667    1.047667  -9.2121214623E-003
    0.000000    0.000000   -2.452333    1.050000  -9.2813780849E-003
    0.000000    0.000000   -2.450000    1.052333  -9.3512546092E-003
    0.000000    0.000000   -2.447667    1.054667  -9.4217550206E-003
    0.000000    0.000000   -2.445333    1.057000  -9.4928833091E-003
    0.000000    0.000000   -2.443000    1.059333  -9.5646434692E-003
    0.000000    0.000000   -2.440667    1.061667  -9.6370394996E-003
    0.000000    0.000000   -2.438333    1.064000  -9.7100754033E-003
    0.000000    0.000000   -2.436000    1.066333  -9.7837551867E-003
    0.000000    0.000000   -2.433667    1.068667  -9.8580828599E-003
    0.000000    0.000000   -2.431333    1.071000  -9.9330624361E-003
    0.000000    0.000000   -2.429000    1.073333  -1.0008697932E-002
    0.000000    0.000000   -2.426667    1.075667  -1.0084993366E-002
    0.000000    0.000000   -2.424333    1.078000  -1.0161952759E-002
    0.000000    0.000000   -2.422000    1.080333  -1.0239580136E-002
    0.000000    0.000000   -2.419667    1.082667  -1.0317879521E-002
    0.000000    0.000000   -2.417333    1.085000  -1.0396854942E-002
    0.000000    0.000000   -2.415000    1.087333  -1.0476510427E-002
    0.000000    0.000000   -2.412667    1.089667  -1.0556850006E-002
    0.000000    0.000000   -2.410333    1.092000  -1.0637877709E-002
    0.000000    0.000000   -2.408000    1.094333  -1.0719597566E-002
    0.000000    0.000000   -2.405667    1.096667  -1.0802013608E-002
    0.000000    0.000000   -2.403333    1.099000  -1.0885129866E-002
    0.000000    0.000000   -2.401000    1.101333  -1.0968950371E-002
    0.000000    0.000000   -2.398667    1.103667  -1.1053479152E-002
    0.000000    0.000000   -2.396333    1.106000  -1.1138720237E-002
    0.000000    0.000000   -2.394000    1.108333  -1.1224677655E-002
    0.000000    0.000000   -2.391667    1.110667  -1.1311355431E-002
    0.000000    0.000000   -2.389333    1.113000  -1.1398757588E-002
    0.000000    0.000000   -2.387000    1.115333  -1.1486888150E-002
    0.000000    0.000000   -2.384667    1.117667  -1.1575751134E-002
    0.000000    0.000000   -2.382333    1.120000  -1.1665350557E-002
    0.000000    0.000000   -2.380000    1.122333  -1.1755690432E-002
    0.000000    0.000000   -2.377667    1.124667  -1.1846774770E-002
    0.000000    0.000000   -2.375333    1.127000  -1.1938607575E-002
    0.000000    0.000000   -2.373000    1.129333  -1.2031192850E-002
    0.000000    0.000000   -2.370667    1.131667  -1.2124534592E-002
    0.000000    0.000000   -2.368333    1.134000  -1.2218636794E-002
    0.000000    0.000000   -2.366000    1.136333  -1.2313503444E-002
    0.000000    0.000000   -2.363667    1.138667  -1.2409138523E-002
    0.000000    0.000000   -2.361333    1.141000  -1.2505546008E-002
    0.000000    0.000000   -2.359000    1.143333  -1.2602729870E-002
    0.000000    0.000000   -2.356667    1.145667  -1.2700694072E-002
    0.000000    0.000000   -2.354333    1.148000  -1.2799442572E-002
    0.000000    0.000000   -2.352000    1.150333  -1.2898979320E-002
    0.000000    0.000000   -2.349667    1.152667  -1.2999308259E-002
    0.000000    0.000000   -2.347333    1.155000  -1.3100433324E-002
    0.000000    0.000000   -2.345000    1.157333  -1.3202358442E-002
    0.000000    0.000000   -2.342667    1.159667  -1.3305087532E-002
    0.000000    0.000000   -2.340333    1.162000  -1.3408624503E-002
    0.000000    0.000000   -2.338000    1.164333  -1.3512973256E-002
    0.000000    0.000000   -2.335667    1.166667  -1.3618137682E-002
    0.000000    0.000000   -2.333333    1.169000  -1.3724121664E-002
    0.000000    0.000000   -2.331000    1.171333  -1.3830929072E-002
    0.000000    0.000000   -2.328667    1.173667  -1.3938563768E-002
    0.000000    0.000000   -2.326333    1.176000  -1.4047029600E-002
    0.000000    0.000000   -2.324000    1.178333  -1.4156330410E-002
    0.000000    0.000000   -2.321667    1.180667  -1.4266470023E-002
    0.000000    0.000000   -2.319333    1.183000  -1.4377452255E-002
    0.000000    0.000000   -2.317000    1.185333  -1.4489280910E-002
    0.000000    0.000000   -2.314667    1.187667  -1.4601959779E-002
    0.000000    0.000000   -2.312333    1.190000  -1.4715492639E-002
    0.000000    0.000000   -2.310000    1.192333  -1.4829883254E-002
    0.000000    0.000000   -2.307667    1.194667  -1.4945135377E-002
    0.000000    0.000000   -2.305333    1.197000  -1.5061252744E-002
    0.000000    0.000000   -2.303000    1.199333  -1.5178239078E-002
    0.000000    0.000000   -2.300667    1.201667  -1.5296098086E-002
    0.000000    0.000000   -2.298333    1.204000  -1.5414833463E-002
    0.000000    0.000000   -2.296000    1.206333  -1.5534448885E-002
    0.000000    0.000000   -2.293667    1.208667  -1.5654948016E-002
    0.000000    0.000000   -2.291333    1.211000  -1.5776334500E-002
    0.000000    0.000000   -2.289000    1.213333  -1.5898611969E-002
    0.000000    0.000000   -2.286667    1.215667  -1.6021784034E-002
    0.000000    0.000000   -2.284333    1.218000  -1.6145854292E-002
    0.000000    0.000000   -2.282000    1.220333  -1.6270826321E-002
    0.000000    0.000000   -2.279667    1.222667  -1.6396703682E-002
    0.000000    0.000000   -2.277333    1.225000  -1.6523489919E-002
    0.000000    0.000000   -2.275000    1.227333  -1.6651188554E-002
    0.000000    0.000000   -2.272667    1.229667  -1.6779803095E-002
    0.000000    0.000000   -2.270333    1.232000  -1.6909337028E-002
    0.000000    0.000000   -2.268000    1.234333  -1.7039793819E-002
    0.000000    0.000000   -2.265667    1.236667  -1.7171176916E-002
    0.000000    0.000000   -2.263333    1.239000  -1.7303489747E-002
    0.000000    0.000000   -2.261000    1.241333  -1.7436735720E-002
    0.000000    0.000000   -2.258667    1.243667  -1.7570918219E-002
    0.000000    0.000000   -2.256333    1.246000  -1.7706040611E-002
    0.000000    0.000000   -2.254000    1.248333  -1.7842106241E-002
    0.000000    0.000000   -2.251667    1.250667  -1.7979118429E-002
    0.000000    0.000000   -2.249333    1.253000  -1.8117080478E-002
    0.000000    0.000000   -2.247000    1.255333  -1.8255995666E-002
    0.000000    0.000000   -2.244667    1.257667  -1.8395867247E-002
    0.000000    0.000000   -2.242333    1.260000  -1.8536698457E-002
    0.000000    0.000000   -2.240000    1.262333  -1.8678492504E-002
    0.000000    0.000000   -2.237667    1.264667  -1.8821252575E-002
    0.000000    0.000000   -2.235333    1.267000  -1.8964981833E-002
    0.000000    0.000000   -2.233000    1.269333  -1.9109683418E-002
    0.000000    0.000000   -2.230667    1.271667  -1.9255360443E-002
    0.000000    0.000000   -2.228333    1.274000  -1.9402016000E-002
    0.000000    0.000000   -2.226000    1.276333  -1.9549653154E-002
    0.000000    0.000000   -2.223667    1.278667  -1.9698274947E-002
    0.000000    0.000000   -2.221333    1.281000  -1.9847884392E-002
    0.000000    0.000000   -2.219000    1.283333  -1.9998484480E-002
    0.000000    0.000000   -2.216667    1.285667  -2.0150078176E-002
    0.000000    0.000000   -2.214333    1.288000  -2.0302668418E-002
    0.000000    0.000000   -2.212000    1.290333  -2.0456258117E-002
    0.000000    0.000000   -2.209667    1.292667  -2.0610850160E-002
    0.000000    0.000000   -2.207333    1.295000  -2.0766447406E-002
    0.000000    0.000000   -2.205000    1.297333  -2.0923052687E-002
    0.000000    0.000000   -2.202667    1.299667  -2.1080668809E-002
    0.000000    0.000000   -2.200333    1.302000  -2.1239298549E-002
    0.000000    0.000000   -2.198000    1.304333  -2.1398944658E-002
    0.000000    0.000000   -2.195667    1.306667  -2.1559609860E-002
    0.000000    0.000000   -2.193333    1.309000  -2.1721296851E-002
    0.000000    0.000000   -2.191000    1.311333  -2.1884008297E-002
    0.000000    0.000000   -2.188667    1.313667  -2.2047746838E-002
    0.000000    0.000000   -2.186333    1.316000  -2.2212515087E-002
    0.000000    0.000000   -2.184000    1.318333  -2.2378315626E-002
    0.000000    0.000000   -2.181667    1.320667  -2.2545151010E-002
    0.000000    0.000000   -2.179333    1.323000  -2.2713023765E-002
    0.000000    0.000000   -2.177000    1.325333  -2.2881936389E-002
    0.000000    0.000000   -2.174667    1.327667  -2.3051891351E-002
    0.000000    0.000000   -2.172333    1.330000  -2.3222891092E-002
    0.000000    0.000000   -2.170000    1.332333  -2.3394938022E-002
    0.000000    0.000000   -2.167667    1.334667  -2.3568034524E-002
    0.000000    0.000000   -2.165333    1.337000  -2.3742182951E-002
    0.000000    0.000000   -2.163000    1.339333  -2.3917385628E-002
    0.000000    0.000000   -2.160667    1.341667  -2.4093644850E-002
    0.000000    0.000000   -2.158333    1.344000  -2.4270962884E-002
    0.000000    0.000000   -2.156000    1.346333  -2.4449341967E-002
    0.000000    0.000000   -2.153667    1.348667  -2.4628784307E-002
    0.000000    0.000000   -2.151333    1.351000  -2.4809292084E-002
    0.000000    0.000000   -2.149000    1.353333  -2.4990867448E-002
    0.000000    0.000000   -2.146667    1.355667  -2.5173512519E-002
    0.000000    0.000000   -2.144333    1.358000  -2.5357229392E-002
    0.000000    0.000000   -2.142000    1.360333  -2.5542020129E-002
    0.000000    0.000000   -2.139667    1.362667  -2.5727886766E-002
    0.000000    0.000000   -2.137333    1.365000  -2.5914831309E-002
    0.000000    0.000000   -2.135000    1.367333  -2.6102855736E-002
    0.000000    0.000000   -2.132667    1.369667  -2.6291961998E-002
    0.000000    0.000000   -2.130333    1.372000  -2.6482152014E-002
    0.000000    0.000000   -2.128000    1.374333  -2.6673427680E-002
    0.000000    0.000000   -2.125667    1.376667  -2.6865790860E-002
    0.000000    0.000000   -2.123333    1.379000  -2.7059243392E-002
    0.000000    0.000000   -2.121000    1.381333  -2.7253787089E-002
    0.000000    0.000000   -2.118667    1.383667  -2.7449423731E-002
    0.000000    0.000000   -2.116333    1.386000  -2.7646155077E-002
    0.000000    0.000000   -2.114000    1.388333  -2.7843982857E-002
    0.000000    0.000000   -2.111667    1.390667  -2.8042908772E-002
    0.000000    0.000000   -2.109333    1.393000  -2.8242934502E-002
    0.000000    0.000000   -2.107000    1.395333  -2.8444061697E-002
    0.000000    0.000000   -2.104667    1.397667  -2.8646291983E-002
    0.000000    0.000000   -2.102333    1.400000  -2.8849626962E-002
    0.000000    0.000000   -2.100000    1.402333  -2.9054068209E-002
    0.000000    0.000000   -2.097667    1.404667  -2.9259617278E-002
    0.000000    0.000000   -2.095333    1.407000  -2.9466275695E-002
    0.000000    0.000000   -2.093000    1.409333  -2.9674044965E-002
    0.000000    0.000000   -2.090667    1.411667  -2.9882926570E-002
    0.000000    0.000000   -2.088333    1.414000  -3.0092921969E-002
    0.000000    0.000000   -2.086000    1.416333  -3.0304032599E-002
    0.000000    0.000000   -2.083667    1.418667  -3.0516259874E-002
    0.000000    0.000000   -2.081333    1.421000  -3.0729605190E-002
    0.000000    0.000000   -2.079000    1.423333  -3.0944069920E-002
    0.000000    0.000000   -2.076667    1.425667  -3.1159655417E-002
    0.000000    0.000000   -2.074333    1.428000  -3.1376363017E-002
    0.000000    0.000000   -2.072000    1.430333  -3.1594194035E-002
    0.000000    0.000000   -2.069667    1.432667  -3.1813149770E-002
    0.000000    0.000000   -2.067333    1.435000  -3.2033231501E-002
    0.000000    0.000000   -2.065000    1.437333  -3.2254440493E-002
    0.000000    0.000000   -2.062667    1.439667  -3.2476777992E-002
    0.000000    0.000000   -2.060333    1.442000  -3.2700245233E-002
    0.000000    0.000000   -2.058000    1.444333  -3.2924843432E-002
    0.000000    0.000000   -2.055667    1.446667  -3.3150573794E-002
    0.000000    0.000000   -2.053333    1.449000  -3.3377437511E-002
    0.000000    0.000000   -2.051000    1.451333  -3.3605435762E-002
    0.000000    0.000000   -2.048667    1.453667  -3.3834569714E-002
    0.000000    0.000000   -2.046333    1.456000  -3.4064840526E-002
    0.000000    0.000000   -2.044000    1.458333  -3.4296249346E-002
    0.000000    0.000000   -2.041667    1.460667  -3.4528797314E-002
    0.000000    0.000000   -2.039333    1.463000  -3.4762485562E-002
    0.000000    0.000000   -2.037000    1.465333  -3.4997315215E-002
    0.000000    0.000000   -2.034667    1.467667  -3.5233287394E-002
    0.000000    0.000000   -2.032333    1.470000  -3.5470403214E-002
    0.000000    0.000000   -2.030000    1.472333  -3.5708663787E-002
    0.000000    0.000000   -2.027667    1.474667  -3.5948070223E-002
    0.000000    0.000000   -2.025333    1.477000  -3.6188623629E-002
    0.000000    0.000000   -2.023000    1.479333  -3.6430325115E-002
    0.000000    0.000000   -2.020667    1.481667  -3.6673175790E-002
    0.000000    0.000000   -2.018333    1.484000  -3.6917176764E-002
    0.000000    0.000000   -2.016000    1.486333  -3.7162329152E-002
    0.000000    0.000000   -2.013667    1.488667  -3.7408634074E-002
    0.000000    0.000000   -2.011333    1.491000  -3.7656092655E-002
    0.000000    0.000000   -2.009000    1.493333  -3.7904706028E-002
    0.000000    0.000000   -2.006667    1.495667  -3.8154475334E-002
    0.000000    0.000000   -2.004333    1.498000  -3.8405401724E-002
    0.000000    0.000000   -2.002000    1.500333  -3.8657486360E-002
    0.000000    0.000000   -1.999667    1.502667  -3.8910730417E-002
    0.000000    0.000000   -1.997333    1.505000  -3.9165135085E-002
    0.000000    0.000000   -1.995000    1.507333  -3.9420701568E-002
    0.000000    0.000000   -1.992667    1.509667  -3.9677431089E-002
    0.000000    0.000000   -1.990333    1.512000  -3.9935324887E-002
    0.000000    0.000000   -1.988000    1.514333  -4.0194384224E-002
    0.000000    0.000000   -1.985667    1.516667  -4.0454610383E-002
    0.000000    0.000000   -1.983333    1.519000  -4.0716004669E-002
    0.000000    0.000000   -1.981000    1.521333  -4.0978568413E-002
    0.000000    0.000000   -1.978667    1.523667  -4.1242302973E-002
    0.000000    0.000000   -1.976333    1.526000  -4.1507209735E-002
    0.000000    0.000000   -1.974000    1.528333  -4.1773290116E-002
    0.000000    0.000000   -1.971667    1.530667  -4.2040545563E-002
    0.000000    0.000000   -1.969333    1.533000  -4.2308977559E-002
    0.000000    0.000000   -1.967000    1.535333  -4.2578587620E-002
    0.000000    0.000000   -1.964667    1.537667  -4.2849377301E-002
    0.000000    0.000000   -1.962333    1.540000  -4.3121348196E-002
    0.000000    0.000000   -1.960000    1.542333  -4.3394501940E-002
    0.000000    0.000000   -1.957667    1.544667  -4.3668840209E-002
    0.000000    0.000000   -1.955333    1.547000  -4.3944364728E-002
    0.000000    0.000000   -1.953000    1.549333  -4.4221077265E-002
    0.000000    0.000000   -1.950667    1.551667  -4.4498979640E-002
    0.000000    0.000000   -1.948333    1.554000  -4.4778073721E-002
    0.000000    0.000000   -1.946000    1.556333  -4.5058361431E-002
    0.000000    0.000000   -1.943667    1.558667  -4.5339844748E-002
    0.000000    0.000000   -1.941333    1.561000  -4.5622525707E-002
    0.000000    0.000000   -1.939000    1.563333  -4.5906406401E-002
    0.000000    0.000000   -1.936667    1.565667  -4.6191488987E-002
    0.000000    0.000000   -1.934333    1.568000  -4.6477775684E-002
    0.000000    0.000000   -1.932000    1.570333  -4.6765268778E-002
    0.000000    0.000000   -1.929667    1.572667  -4.7053970621E-002
    0.000000    0.000000   -1.927333    1.575000  -4.7343883639E-002
    0.000000    0.000000   -1.925000    1.577333  -4.7635010327E-002
    0.000000    0.000000   -1.922667    1.579667  -4.7927353258E-002
    0.000000    0.000000   -1.920333    1.582000  -4.8220915081E-002
    0.000000    0.000000   -1.918000    1.584333  -4.8515698525E-002
    0.000000    0.000000   -1.915667    1.586667  -4.8811706402E-002
    0.000000    0.000000   -1.913333    1.589000  -4.9108941606E-002
    0.000000    0.000000   -1.911000    1.591333  -4.9407407122E-002
    0.000000    0.000000   -1.908667    1.593667  -4.9707106020E-002
    0.000000    0.000000   -1.906333    1.596000  -5.0008041467E-002
    0.000000    0.000000   -1.904000    1.598333  -5.0310216719E-002
    0.000000    0.000000   -1.901667    1.600667  -5.0613635134E-002
    0.000000    0.000000   -1.899333    1.603000  -5.0918300166E-002
    0.000000    0.000000   -1.897000    1.605333  -5.1224215374E-002
    0.000000    0.000000   -1.894667    1.607667  -5.1531384418E-002
    0.000000    0.000000   -1.892333    1.610000  -5.1839811068E-002
    0.000000    0.000000   -1.890000    1.612333  -5.2149499204E-002
    0.000000    0.000000   -1.887667    1.614667  -5.2460452818E-002
    0.000000    0.000000   -1.885333    1.617000  -5.2772676016E-002
    0.000000    0.000000   -1.883000    1.619333  -5.3086173022E-002
    0.000000    0.000000   -1.880667    1.621667  -5.3400948184E-002
    0.000000    0.000000   -1.878333    1.624000  -5.3717005969E-002
    0.000000    0.000000   -1.876000    1.626333  -5.4034350971E-002
    0.000000    0.000000   -1.873667    1.628667  -5.4352987914E-002
    0.000000    0.000000   -1.871333    1.631000  -5.4672921653E-002
    0.000000    0.000000   -1.869000    1.633333  -5.4994157176E-002
    0.000000    0.000000   -1.866667    1.635667  -5.5316699609E-002
    0.000000    0.000000   -1.864333    1.638000  -5.5640554217E-002
    0.000000    0.000000   -1.862000    1.640333  -5.5965726408E-002
    0.000000    0.000000   -1.859667    1.642667  -5.6292221735E-002
    0.000000    0.000000   -1.857333    1.645000  -5.6620045899E-002
    0.000000    0.000000   -1.855000    1.647333  -5.6949204751E-002
    0.000000    0.000000   -1.852667    1.649667  -5.7279704299E-002
    0.000000    0.000000   -1.850333    1.652000  -5.7611550702E-002
    0.000000    0.000000   -1.848000    1.654333  -5.7944750283E-002
    0.000000    0.000000   -1.845667    1.656667  -5.8279309525E-002
    0.000000    0.000000   -1.843333    1.659000  -5.8615235076E-002
    0.000000    0.000000   -1.841000    1.661333  -5.8952533750E-002
    0.000000    0.000000   -1.838667    1.663667  -5.9291212536E-002
    0.000000    0.000000   -1.836333    1.666000  -5.9631278592E-002
    0.000000    0.000000   -1.834000    1.668333  -5.9972739253E-002
    0.000000    0.000000   -1.831667    1.670667  -6.0315602035E-002
    0.000000    0.000000   -1.829333    1.673000  -6.0659874634E-002
    0.000000    0.000000   -1.827000    1.675333  -6.1005564929E-002
    0.000000    0.000000   -1.824667    1.677667  -6.1352680990E-002
    0.000000    0.000000   -1.822333    1.680000  -6.1701231075E-002
    0.000000    0.000000   -1.820000    1.682333  -6.2051223633E-002
    0.000000    0.000000   -1.817667    1.684667  -6.2402667311E-002
    0.000000    0.000000   -1.815333    1.687000  -6.2755570955E-002
    0.000000    0.000000   -1.813000    1.689333  -6.3109943609E-002
    0.000000    0.000000   -1.810667    1.691667  -6.3465794522E-002
    0.000000    0.000000   -1.808333    1.694000  -6.3823133151E-002
    0.000000    0.000000   -1.806000    1.696333  -6.4181969161E-002
    0.000000    0.000000   -1.803667    1.698667  -6.4542312426E-002
    0.000000    0.000000   -1.801333    1.701000  -6.4904173039E-002
    0.000000    0.000000   -1.799000    1.703333  -6.5267561307E-002
    0.000000    0.000000   -1.796667    1.705667  -6.5632487756E-002
    0.000000    0.000000   -1.794333    1.708000  -6.5998963136E-002
    0.000000    0.000000   -1.792000    1.710333  -6.6366998421E-002
    0.000000    0.000000   -1.789667    1.712667  -6.6736604811E-002
    0.000000    0.000000   -1.787333    1.715000  -6.7107793736E-002
    0.000000    0.000000   -1.785000    1.717333  -6.7480576859E-002
    0.000000    0.000000   -1.782667    1.719667  -6.7854966076E-002
    0.000000    0.000000   -1.780333    1.722000  -6.8230973520E-002
    0.000000    0.000000   -1.778000    1.724333  -6.8608611563E-002
    0.000000    0.000000   -1.775667    1.726667  -6.8987892819E-002
    0.000000    0.000000   -1.773333    1.729000  -6.9368830144E-002
    0.000000    0.000000   -1.771000    1.731333  -6.9751436641E-002
    0.000000    0.000000   -1.768667    1.733667  -7.0135725661E-002
    0.000000    0.000000   -1.766333    1.736000  -7.0521710803E-002
    0.000000    0.000000   -1.764000    1.738333  -7.0909405920E-002
    0.000000    0.000000   -1.761667    1.740667  -7.1298825119E-002
    0.000000    0.000000   -1.759333    1.743000  -7.1689982762E-002
    0.000000    0.000000   -1.757000    1.745333  -7.2082893469E-002
    0.000000    0.000000   -1.754667    1.747667  -7.2477572120E-002
    0.000000    0.000000   -1.752333    1.750000  -7.2874033857E-002
    0.000000    0.000000   -1.750000    1.752333  -7.3272294084E-002
    0.000000    0.000000   -1.747667    1.754667  -7.3672368471E-002
    0.000000    0.000000   -1.745333    1.757000  -7.4074272954E-002
    0.000000    0.000000   -1.743000    1.759333  -7.4478023738E-002
    0.000000    0.000000   -1.740667    1.761667  -7.4883637295E-002
    0.000000    0.000000   -1.738333    1.764000  -7.5291130370E-002
    0.000000    0.000000   -1.736000    1.766333  -7.5700519981E-002
    0.000000    0.000000   -1.733667    1.768667  -7.6111823417E-002
    0.000000    0.000000   -1.731333    1.771000  -7.6525058244E-002
    0.000000    0.000000   -1.729000    1.773333  -7.6940242303E-002
    0.000000    0.000000   -1.726667    1.775667  -7.7357393712E-002
    0.000000    0.000000   -1.724333    1.778000  -7.7776530866E-002
    0.000000    0.000000   -1.722000    1.780333  -7.8197672439E-002
    0.000000    0.000000   -1.719667    1.782667  -7.8620837385E-002
    0.000000    0.000000   -1.717333    1.785000  -7.9046044939E-002
    0.000000    0.000000   -1.715000    1.787333  -7.9473314614E-002
    0.000000    0.000000   -1.712667    1.789667  -7.9902666208E-002
    0.000000    0.000000   -1.710333    1.792000  -8.0334119798E-002
    0.000000    0.000000   -1.708000    1.794333  -8.0767695744E-002
    0.000000    0.000000   -1.705667    1.796667  -8.1203414688E-002
    0.000000    0.000000   -1.703333    1.799000  -8.1641297555E-002
    0.000000    0.000000   -1.701000    1.801333  -8.2081365553E-002
    0.000000    0.000000   -1.698667    1.803667  -8.2523640171E-002
    0.000000    0.000000   -1.696333    1.806000  -8.2968143182E-002
    0.000000    0.000000   -1.694000    1.808333  -8.3414896640E-002
    0.000000    0.000000   -1.691667    1.810667  -8.3863922881E-002
    0.000000    0.000000   -1.689333    1.813000  -8.4315244522E-002
    0.000000    0.000000   -1.687000    1.815333  -8.4768884461E-002
    0.000000    0.000000   -1.684667    1.817667  -8.5224865876E-002
    0.000000    0.000000   -1.682333    1.820000  -8.5683212225E-002
    0.000000    0.000000   -1.680000    1.822333  -8.6143947241E-002
    0.000000    0.000000   -1.677667    1.824667  -8.6607094939E-002
    0.000000    0.000000   -1.675333    1.827000  -8.7072679606E-002
    0.000000    0.000000   -1.673000    1.829333  -8.7540725806E-002
    0.000000    0.000000   -1.670667    1.831667  -8.8011258374E-002
    0.000000    0.000000   -1.668333    1.834000  -8.8484302420E-002
    0.000000    0.000000   -1.666000    1.836333  -8.8959883322E-002
    0.000000    0.000000   -1.663667    1.838667  -8.9438026726E-002
    0.000000    0.000000   -1.661333    1.841000  -8.9918758547E-002
    0.000000    0.000000   -1.659000    1.843333  -9.0402104960E-002
    0.000000    0.000000   -1.656667    1.845667  -9.0888092408E-002
    0.000000    0.000000   -1.654333    1.848000  -9.1376747588E-002
    0.000000    0.000000   -1.652000    1.850333  -9.1868097458E-002
    0.000000    0.000000   -1.649667    1.852667  -9.2362169231E-002
    0.000000    0.000000   -1.647333    1.855000  -9.2858990371E-002
    0.000000    0.000000   -1.645000    1.857333  -9.3358588590E-002
    0.000000    0.000000   -1.642667    1.859667  -9.3860991850E-002
    0.000000    0.000000   -1.640333    1.862000  -9.4366228353E-002
    0.000000    0.000000   -1.638000    1.864333  -9.4874326541E-002
    0.000000    0.000000   -1.635667    1.866667  -9.5385315095E-002
    0.000000    0.000000   -1.633333    1.869000  -9.5899222927E-002
    0.000000    0.000000   -1.631000    1.871333  -9.6416079177E-002
    0.000000    0.000000   -1.628667    1.873667  -9.6935913214E-002
    0.000000    0.000000   -1.626333    1.876000  -9.7458754624E-002
    0.000000    0.000000   -1.624000    1.878333  -9.7984633213E-002
    0.000000    0.000000   -1.621667    1.880667  -9.8513579000E-002
    0.000000    0.000000   -1.619333    1.883000  -9.9045622211E-002
    0.000000    0.000000   -1.617000    1.885333  -9.9580793275E-002
    0.000000    0.000000   -1.614667    1.887667  -1.0011912282E-001
    0.000000    0.000000   -1.612333    1.890000  -1.0066064168E-001
    0.000000    0.000000   -1.610000    1.892333  -1.0120538085E-001
    0.000000    0.000000   -1.607667    1.894667  -1.0175337155E-001
    0.000000    0.000000   -1.605333    1.897000  -1.0230464513E-001
    0.000000    0.000000   -1.603000    1.899333  -1.0285923315E-001
    0.000000    0.000000   -1.600667    1.901667  -1.0341716733E-001
    0.000000    0.000000   -1.598333    1.904000  -1.0397847954E-001
    0.000000    0.000000   -1.596000    1.906333  -1.0454320182E-001
    0.000000    0.000000   -1.593667    1.908667  -1.0511136635E-001
    0.000000    0.000000   -1.591333    1.911000  -1.0568300545E-001
    0.000000    0.000000   -1.589000    1.913333  -1.0625815159E-001
    0.000000    0.000000   -1.586667    1.915667  -1.0683683736E-001
    0.000000    0.000000   -1.584333    1.918000  -1.0741909548E-001
    0.000000    0.000000   -1.582000    1.920333  -1.0800495878E-001
    0.000000    0.000000   -1.579667    1.922667  -1.0859446021E-001
    0.000000    0.000000   -1.577333    1.925000  -1.0918763281E-001
    0.000000    0.000000   -1.575000    1.927333  -1.0978450972E-001
    0.000000    0.000000   -1.572667    1.929667  -1.1038512419E-001
    0.000000    0.000000   -1.570333    1.932000  -1.1098950951E-001
    0.000000    0.000000   -1.568000    1.934333  -1.1159769907E-001
    0.000000    0.000000   -1.565667    1.936667  -1.1220972632E-001
    0.000000    0.000000   -1.563333    1.939000  -1.1282562477E-001
    0.000000    0.000000   -1.561000    1.941333  -1.1344542797E-001
    0.000000    0.000000   -1.558667    1.943667  -1.1406916953E-001
    0.000000    0.000000   -1.556333    1.946000  -1.1469688307E-001
    0.000000    0.000000   -1.554000    1.948333  -1.1532860224E-001
    0.000000    0.000000   -1.551667    1.950667  -1.1596436071E-001
    0.000000    0.000000   -1.549333    1.953000  -1.1660419217E-001
    0.000000    0.000000   -1.547000    1.955333  -1.1724813028E-001
    0.000000    0.000000   -1.544667    1.957667  -1.1789620872E-001
    0.000000    0.000000   -1.542333    1.960000  -1.1854846112E-001
    0.000000    0.000000   -1.540000    1.962333  -1.1920492110E-001
    0.000000    0.000000   -1.537667    1.964667  -1.1986562225E-001
    0.000000    0.000000   -1.535333    1.967000  -1.2053059809E-001
    0.000000    0.000000   -1.533000    1.969333  -1.2119988210E-001
    0.000000    0.000000   -1.530667    1.971667  -1.2187350769E-001
    0.000000    0.000000   -1.528333    1.974000  -1.2255150819E-001
    0.000000    0.000000   -1.526000    1.976333  -1.2323391685E-001
    0.000000    0.000000   -1.523667    1.978667  -1.2392076683E-001
    0.000000    0.000000   -1.521333    1.981000  -1.2461209118E-001
    0.000000    0.000000   -1.519000    1.983333  -1.2530792284E-001
    0.000000    0.000000   -1.516667    1.985667  -1.2600829461E-001
    0.000000    0.000000   -1.514333    1.988000  -1.2671323918E-001
    0.000000    0.000000   -1.512000    1.990333  -1.2742278908E-001
    0.000000    0.000000   -1.509667    1.992667  -1.2813697670E-001
    0.000000    0.000000   -1.507333    1.995000  -1.2885583425E-001
    0.000000    0.000000   -1.505000    1.997333  -1.2957939378E-001
    0.000000    0.000000   -1.502667    1.999667  -1.3030768715E-001
    0.000000    0.000000   -1.500333    2.002000  -1.3104074602E-001
    0.000000    0.000000   -1.498000    2.004333  -1.3177860188E-001
    0.000000    0.000000   -1.495667    2.006667  -1.3252128596E-001
    0.000000    0.000000   -1.493333    2.009000  -1.3326882929E-001
    0.000000    0.000000   -1.491000    2.011333  -1.3402126268E-001
    0.000000    0.000000   -1.488667    2.013667  -1.3477861668E-001
    0.000000    0.000000   -1.486333    2.016000  -1.3554092158E-001
    0.000000    0.000000   -1.484000    2.018333  -1.3630820743E-001
    0.000000    0.000000   -1.481667    2.020667  -1.3708050399E-001
    0.000000    0.000000   -1.479333    2.023000  -1.3785784074E-001
    0.000000    0.000000   -1.477000    2.025333  -1.3864024689E-001
    0.000000    0.000000   -1.474667    2.027667  -1.3942775132E-001
    0.000000    0.000000   -1.472333    2.030000  -1.4022038262E-001
    0.000000    0.000000   -1.470000    2.032333  -1.4101816905E-001
    0.000000    0.000000   -1.467667    2.034667  -1.4182113855E-001
    0.000000    0.000000   -1.465333    2.037000  -1.4262931871E-001
    0.000000    0.000000   -1.463000    2.039333  -1.4344273680E-001
    0.000000    0.000000   -1.460667    2.041667  -1.4426141971E-001
    0.000000    0.000000   -1.458333    2.044000  -1.4508539398E-001
    0.000000    0.000000   -1.456000    2.046333  -1.4591468578E-001
    0.000000    0.000000   -1.453667    2.048667  -1.4674932089E-001
    0.000000    0.000000   -1.451333    2.051000  -1.4758932472E-001
    0.000000    0.000000   -1.449000    2.053333  -1.4843472226E-001
    0.000000    0.000000   -1.446667    2.055667  -1.4928553814E-001
    0.000000    0.000000   -1.444333    2.058000  -1.5014179654E-001
    0.000000    0.000000   -1.442000    2.060333  -1.5100352125E-001
    0.000000    0.000000   -1.439667    2.062667  -1.5187073562E-001
    0.000000    0.000000   -1.437333    2.065000  -1.5274346258E-001
    0.000000    0.000000   -1.435000    2.067333  -1.5362172464E-001
    0.000000    0.000000   -1.432667    2.069667  -1.5450554385E-001
    0.000000    0.000000   -1.430333    2.072000  -1.5539494182E-001
    0.000000    0.000000   -1.428000    2.074333  -1.5628993971E-001
    0.000000    0.000000   -1.425667    2.076667  -1.5719055822E-001
    0.000000    0.000000   -1.423333    2.079000  -1.5809681761E-001
    0.000000    0.000000   -1.421000    2.081333  -1.5900873766E-001
    0.000000    0.000000   -1.418667    2.083667  -1.5992633769E-001
    0.000000    0.000000   -1.416333    2.086000  -1.6084963653E-001
    0.000000    0.000000   -1.414000    2.088333  -1.6177865258E-001
    0.000000    0.000000   -1.411667    2.090667  -1.6271340373E-001
    0.000000    0.000000   -1.409333    2.093000  -1.6365390740E-001
    0.000000    0.000000   -1.407000    2.095333  -1.6460018053E-001
    0.000000    0.000000   -1.404667    2.097667  -1.6555223961E-001
    0.000000    0.000000   -1.402333    2.100000  -1.6651010061E-001
    0.000000    0.000000   -1.400000    2.102333  -1.6747377905E-001
    0.000000    0.000000   -1.397667    2.104667  -1.6844328996E-001
    0.000000    0.000000   -1.395333    2.107000  -1.6941864789E-001
    0.000000    0.000000   -1.393000    2.109333  -1.7039986691E-001
    0.000000    0.000000   -1.390667    2.111667  -1.7138696065E-001
    0.000000    0.000000   -1.388333    2.114000  -1.7237994223E-001
    0.000000    0.000000   -1.386000    2.116333  -1.7337882431E-001
    0.000000    0.000000   -1.383667    2.118667  -1.7438361911E-001
    0.000000    0.000000   -1.381333    2.121000  -1.7539433837E-001
    0.000000    0.000000   -1.379000    2.123333  -1.7641099338E-001
    0.000000    0.000000   -1.376667    2.125667  -1.7743359499E-001
    0.000000    0.000000   -1.374333    2.128000  -1.7846215359E-001
    0.000000    0.000000   -1.372000    2.130333  -1.7949667915E-001
    0.000000    0.000000   -1.369667    2.132667  -1.8053718122E-001
    0.000000    0.000000   -1.367333    2.135000  -1.8158366891E-001
    0.000000    0.000000   -1.365000    2.137333  -1.8263615093E-001
    0.000000    0.000000   -1.362667    2.139667  -1.8369463559E-001
    0.000000    0.000000   -1.360333    2.142000  -1.8475913081E-001
    0.000000    0.000000   -1.358000    2.144333  -1.8582964412E-001
    0.000000    0.000000   -1.355667    2.146667  -1.8690618270E-001
    0.000000    0.000000   -1.353333    2.149000  -1.8798875335E-001
    0.000000    0.000000   -1.351000    2.151333  -1.8907736254E-001
    0.000000    0.000000   -1.348667    2.153667  -1.9017201640E-001
    0.000000    0.000000   -1.346333    2.156000  -1.9127272076E-001
    0.000000    0.000000   -1.344000    2.158333  -1.9237948113E-001
    0.000000    0.000000   -1.341667    2.160667  -1.9349230274E-001
    0.000000    0.000000   -1.339333    2.163000  -1.9461119054E-001
    0.000000    0.000000   -1.337000    2.165333  -1.9573614925E-001
    0.000000    0.000000   -1.334667    2.167667  -1.9686718331E-001
    0.000000    0.000000   -1.332333    2.170000  -1.9800429698E-001
    0.000000    0.000000   -1.330000    2.172333  -1.9914749430E-001
    0.000000    0.000000   -1.327667    2.174667  -2.0029677913E-001
    0.000000    0.000000   -1.325333    2.177000  -2.0145215516E-001
    0.000000    0.000000   -1.323000    2.179333  -2.0261362595E-001
    0.000000    0.000000   -1.320667    2.181667  -2.0378119493E-001
    0.000000    0.000000   -1.318333    2.184000  -2.0495486542E-001
    0.000000    0.000000   -1.316000    2.186333  -2.0613464068E-001
    0.000000    0.000000   -1.313667    2.188667  -2.0732052389E-001
    0.000000    0.000000   -1.311333    2.191000  -2.0851251821E-001
    0.000000    0.000000   -1.309000    2.193333  -2.0971062678E-001
    0.000000    0.000000   -1.306667    2.195667  -2.1091485276E-001
    0.000000    0.000000   -1.304333    2.198000  -2.1212519934E-001
    0.000000    0.000000   -1.302000    2.200333  -2.1334166976E-001
    0.000000    0.000000   -1.299667    2.202667  -2.1456426735E-001
    0.000000    0.000000   -1.297333    2.205000  -2.1579299556E-001
    0.000000    0.000000   -1.295000    2.207333  -2.1702785795E-001
    0.000000    0.000000   -1.292667    2.209667  -2.1826885826E-001
    0.000000    0.000000   -1.290333    2.212000  -2.1951600040E-001
    0.000000    0.000000   -1.288000    2.214333  -2.2076928850E-001
    0.000000    0.000000   -1.285667    2.216667  -2.2202872692E-001
    0.000000    0.000000   -1.283333    2.219000  -2.2329432028E-001
    0.000000    0.000000   -1.281000    2.221333  -2.2456607348E-001
    0.000000    0.000000   -1.278667    2.223667  -2.2584399175E-001
    0.000000    0.000000   -1.276333    2.226000  -2.2712808064E-001
    0.000000    0.000000   -1.274000    2.228333  -2.2841834608E-001
    0.000000    0.000000   -1.271667    2.230667  -2.2971479436E-001
    0.000000    0.000000   -1.269333    2.233000  -2.3101743221E-001
    0.000000    0.000000   -1.267000    2.235333  -2.3232626679E-001
    0.000000    0.000000   -1.264667    2.237667  -2.3364130572E-001
    0.000000    0.000000   -1.262333    2.240000  -2.3496255710E-001
    0.000000    0.000000   -1.260000    2.242333  -2.3629002954E-001
    0.000000    0.000000   -1.257667    2.244667  -2.3762373220E-001
    0.000000    0.000000   -1.255333    2.247000  -2.3896367477E-001
    0.000000    0.000000   -1.253000    2.249333  -2.4030986751E-001
    0.000000    0.000000   -1.250667    2.251667  -2.4166232130E-001
    0.000000    0.000000   -1.248333    2.254000  -2.4302104761E-001
    0.000000    0.000000   -1.246000    2.256333  -2.4438605856E-001
    0.000000    0.000000   -1.243667    2.258667  -2.4575736691E-001
    0.000000    0.000000   -1.241333    2.261000  -2.4713498608E-001
    0.000000    0.000000   -1.239000    2.263333  -2.4851893019E-001
    0.000000    0.000000   -1.236667    2.265667  -2.4990921403E-001
    0.000000    0.000000   -1.234333    2.268000  -2.5130585313E-001
    0.000000    0.000000   -1.232000    2.270333  -2.5270886371E-001
    0.000000    0.000000   -1.229667    2.272667  -2.5411826273E-001
    0.000000    0.000000   -1.227333    2.275000  -2.5553406790E-001
    0.000000    0.000000   -1.225000    2.277333  -2.5695629764E-001
    0.000000    0.000000   -1.222667    2.279667  -2.5838497114E-001
    0.000000    0.000000   -1.220333    2.282000  -2.5982010833E-001
    0.000000    0.000000   -1.218000    2.284333  -2.6126172991E-001
    0.000000    0.000000   -1.215667    2.286667  -2.6270985731E-001
    0.000000    0.000000   -1.213333    2.289000  -2.6416451270E-001
    0.000000    0.000000   -1.211000    2.291333  -2.6562571899E-001
    0.000000    0.000000   -1.208667    2.293667  -2.6709349984E-001
    0.000000    0.000000   -1.206333    2.296000  -2.6856787961E-001
    0.000000    0.000000   -1.204000    2.298333  -2.7004888338E-001
    0.000000    0.000000   -1.201667    2.300667  -2.7153653690E-001
    0.000000    0.000000   -1.199333    2.303000  -2.7303086661E-001
    0.000000    0.000000   -1.197000    2.305333  -2.7453189959E-001
    0.000000    0.000000   -1.194667    2.307667  -2.7603966355E-001
    0.000000    0.000000   -1.192333    2.310000  -2.7755418681E-001
    0.000000    0.000000   -1.190000    2.312333  -2.7907549824E-001
    0.000000    0.000000   -1.187667    2.314667  -2.8060362724E-001
    0.000000    0.000000   -1.185333    2.317000  -2.8213860373E-001
    0.000000    0.000000   -1.183000    2.319333  -2.8368045808E-001
    0.000000    0.000000   -1.180667    2.321667  -2.8522922105E-001
    0.000000    0.000000   -1.178333    2.324000  -2.8678492381E-001
    0.000000    0.000000   -1.176000    2.326333  -2.8834759780E-001
    0.000000    0.000000   -1.173667    2.328667  -2.8991727477E-001
    0.000000    0.000000   -1.171333    2.331000  -2.9149398663E-001
    0.000000    0.000000   -1.169000    2.333333  -2.9307776546E-001
    0.000000    0.000000   -1.166667    2.335667  -2.9466864341E-001
    0.000000    0.000000   -1.164333    2.338000  -2.9626665265E-001
    0.000000    0.000000   -1.162000    2.340333  -2.9787182525E-001
    0.000000    0.000000   -1.159667    2.342667  -2.9948419319E-001
    0.000000    0.000000   -1.157333    2.345000  -3.0110378817E-001
    0.000000    0.000000   -1.155000    2.347333  -3.0273064163E-001
    0.000000    0.000000   -1.152667    2.349667  -3.0436478458E-001
    0.000000    0.000000   -1.150333    2.352000  -3.0600624757E-001
    0.000000    0.000000   -1.148000    2.354333  -3.0765506052E-001
    0.000000    0.000000   -1.145667    2.356667  -3.0931125269E-001
    0.000000    0.000000   -1.143333    2.359000  -3.1097485255E-001
    0.000000    0.000000   -1.141000    2.361333  -3.1264588763E-001
    0.000000    0.000000   -1.138667    2.363667  -3.1432438448E-001
    0.000000    0.000000   -1.136333    2.366000  -3.1601036849E-001
    0.000000    0.000000   -1.134000    2.368333  -3.1770386378E-001
    0.000000    0.000000   -1.131667    2.370667  -3.1940489310E-001
    0.000000    0.000000   -1.129333    2.373000  -3.2111347769E-001
    0.000000    0.000000   -1.127000    2.375333  -3.2282963712E-001
    0.000000    0.000000   -1.124667    2.377667  -3.2455338918E-001
    0.000000    0.000000   -1.122333    2.380000  -3.2628474972E-001
    0.000000    0.000000   -1.120000    2.382333  -3.2802373254E-001
    0.000000    0.000000   -1.117667    2.384667  -3.2977034917E-001
    0.000000    0.000000   -1.115333    2.387000  -3.3152460880E-001
    0.000000    0.000000   -1.113000    2.389333  -3.3328651807E-001
    0.000000    0.000000   -1.110667    2.391667  -3.3505608093E-001
    0.000000    0.000000   -1.108333    2.394000  -3.3683329845E-001
    0.000000    0.000000   -1.106000    2.396333  -3.3861816872E-001
    0.000000    0.000000   -1.103667    2.398667  -3.4041068661E-001
    0.000000    0.000000   -1.101333    2.401000  -3.4221084363E-001
    0.000000    0.000000   -1.099000    2.403333  -3.4401862778E-001
    0.000000    0.000000   -1.096667    2.405667  -3.4583402335E-001
    0.000000    0.000000   -1.094333    2.408000  -3.4765701074E-001
    0.000000    0.000000   -1.092000    2.410333  -3.4948756629E-001
    0.000000    0.000000   -1.089667    2.412667  -3.5132566212E-001
    0.000000    0.000000   -1.087333    2.415000  -3.5317126595E-001
    0.000000    0.000000   -1.085000    2.417333  -3.5502434089E-001
    0.000000    0.000000   -1.082667    2.419667  -3.5688484530E-001
    0.000000    0.000000   -1.080333    2.422000  -3.5875273262E-001
    0.000000    0.000000   -1.078000    2.424333  -3.6062795116E-001
    0.000000    0.000000   -1.075667    2.426667  -3.6251044397E-001
    0.000000    0.000000   -1.073333    2.429000  -3.6440014866E-001
    0.000000    0.000000   -1.071000    2.431333  -3.6629699722E-001
    0.000000    0.000000   -1.068667    2.433667  -3.6820091592E-001
    0.000000    0.000000   -1.066333    2.436000  -3.7011182509E-001
    0.000000    0.000000   -1.064000    2.438333  -3.7202963905E-001
    0.000000    0.000000   -1.061667    2.440667  -3.7395426592E-001
    0.000000    0.000000   -1.059333    2.443000  -3.7588560754E-001
    0.000000    0.000000   -1.057000    2.445333  -3.7782355935E-001
    0.000000    0.000000   -1.054667    2.447667  -3.7976801029E-001
    0.000000    0.000000   -1.052333    2.450000  -3.8171884272E-001
    0.000000    0.000000   -1.050000    2.452333  -3.8367593235E-001
    0.000000    0.000000   -1.047667    2.454667  -3.8563914823E-001
    0.000000    0.000000   -1.045333    2.457000  -3.8760835269E-001
    0.000000    0.000000   -1.043000    2.459333  -3.8958340135E-001
    0.000000    0.000000   -1.040667    2.461667  -3.9156414319E-001
    0.000000    0.000000   -1.038333    2.464000  -3.9355042053E-001
    0.000000    0.000000   -1.036000    2.466333  -3.9554206918E-001
    0.000000    0.000000   -1.033667    2.468667  -3.9753891855E-001
    0.000000    0.000000   -1.031333    2.471000  -3.9954079177E-001
    0.000000    0.000000   -1.029000    2.473333  -4.0154750597E-001
    0.000000    0.000000   -1.026667    2.475667  -4.0355887242E-001
    0.000000    0.000000   -1.024333    2.478000  -4.0557469694E-001
    0.000000    0.000000   -1.022000    2.480333  -4.0759478014E-001
    0.000000    0.000000   -1.019667    2.482667  -4.0961891787E-001
    0.000000    0.000000   -1.017333    2.485000  -4.1164690167E-001
    0.000000    0.000000   -1.015000    2.487333  -4.1367851930E-001
    0.000000    0.000000   -1.012667    2.489667  -4.1571355528E-001
    0.000000    0.000000   -1.010333    2.492000  -4.1775179161E-001
    0.000000    0.000000   -1.008000    2.494333  -4.1979300844E-001
    0.000000    0.000000   -1.005667    2.496667  -4.2183698490E-001
    0.000000    0.000000   -1.003333    2.499000  -4.2388350000E-001
    0.000000    0.000000   -1.001000    2.501333  -4.2593233357E-001
    0.000000    0.000000   -0.998667    2.503667  -4.2798326733E-001
    0.000000    0.000000   -0.996333    2.506000  -4.3003608603E-001
    0.000000    0.000000   -0.994000    2.508333  -4.3209057869E-001
    0.000000    0.000000   -0.991667    2.510667  -4.3414653991E-001
    0.000000    0.000000   -0.989333    2.513000  -4.3620377129E-001
    0.000000    0.000000   -0.987000    2.515333  -4.3826208298E-001
    0.000000    0.000000   -0.984667    2.517667  -4.4032129521E-001
    0.000000    0.000000   -0.982333    2.520000  -4.4238124005E-001
    0.000000    0.000000   -0.980000    2.522333  -4.4444176311E-001
    0.000000    0.000000   -0.977667    2.524667  -4.4650272549E-001
    0.000000    0.000000   -0.975333    2.527000  -4.4856400564E-001
    0.000000    0.000000   -0.973000    2.529333  -4.5062550137E-001
    0.000000    0.000000   -0.970667    2.531667  -4.5268713197E-001
    0.000000    0.000000   -0.968333    2.534000  -4.5474884026E-001
    0.000000    0.000000   -0.966000    2.536333  -4.5681059476E-001
    0.000000    0.000000   -0.963667    2.538667  -4.5887239187E-001
    0.000000    0.000000   -0.961333    2.541000  -4.6093425808E-001
    0.000000    0.000000   -0.959000    2.543333  -4.6299625208E-001
    0.000000    0.000000   -0.956667    2.545667  -4.6505846697E-001
    0.000000    0.000000   -0.954333    2.548000  -4.6712103230E-001
    0.000000    0.000000   -0.952000    2.550333  -4.6918411611E-001
    0.000000    0.000000   -0.949667    2.552667  -4.7124792685E-001
    0.000000    0.000000   -0.947333    2.555000  -4.7331271515E-001
    0.000000    0.000000   -0.945000    2.557333  -4.7537877543E-001
    0.000000    0.000000   -0.942667    2.559667  -4.7744644735E-001
    0.000000    0.000000   -0.940333    2.562000  -4.7951611701E-001
    0.000000    0.000000   -0.938000    2.564333  -4.8158821786E-001
    0.000000    0.000000   -0.935667    2.566667  -4.8366323135E-001
    0.000000    0.000000   -0.933333    2.569000  -4.8574168725E-001
    0.000000    0.000000   -0.931000    2.571333  -4.8782416354E-001
    0.000000    0.000000   -0.928667    2.573667  -4.8991128592E-001
    0.000000    0.000000   -0.926333    2.576000  -4.9200372690E-001
    0.000000    0.000000   -0.924000    2.578333  -4.9410220428E-001
    0.000000    0.000000   -0.921667    2.580667  -4.9620747925E-001
    0.000000    0.000000   -0.919333    2.583000  -4.9832035380E-001
    0.000000    0.000000   -0.917000    2.585333  -5.0044166758E-001
    0.000000    0.000000   -0.914667    2.587667  -5.0257229410E-001
    0.000000    0.000000   -0.912333    2.590000  -5.0471313631E-001
    0.000000    0.000000   -0.910000    2.592333  -5.0686512143E-001
    0.000000    0.000000   -0.907667    2.594667  -5.0902919508E-001
    0.000000    0.000000   -0.905333    2.597000  -5.1120631474E-001
    0.000000    0.000000   -0.903000    2.599333  -5.1339744240E-001
    0.000000    0.000000   -0.900667    2.601667  -5.1560353646E-001
    0.000000    0.000000   -0.898333    2.604000  -5.1782554299E-001
    0.000000    0.000000   -0.896000    2.606333  -5.2006438612E-001
    0.000000    0.000000   -0.893667    2.608667  -5.2232095782E-001
    0.000000    0.000000   -0.891333    2.611000  -5.2459610696E-001
    0.000000    0.000000   -0.889000    2.613333  -5.2689062770E-001
    0.000000    0.000000   -0.886667    2.615667  -5.2920524731E-001
    0.000000    0.000000   -0.884333    2.618000  -5.3154061338E-001
    0.000000    0.000000   -0.882000    2.620333  -5.3389728062E-001
    0.000000    0.000000   -0.879667    2.622667  -5.3627569716E-001
    0.000000    0.000000   -0.877333    2.625000  -5.3867619060E-001
    0.000000    0.000000   -0.875000    2.627333  -5.4109895374E-001
    0.000000    0.000000   -0.872667    2.629667  -5.4354403024E-001
    0.000000    0.000000   -0.870333    2.632000  -5.4601130021E-001
    0.000000    0.000000   -0.868000    2.634333  -5.4850046591E-001
    0.000000    0.000000   -0.865667    2.636667  -5.5101103768E-001
    0.000000    0.000000   -0.863333    2.639000  -5.5354232020E-001
    0.000000    0.000000   -0.861000    2.641333  -5.5609339924E-001
    0.000000    0.000000   -0.858667    2.643667  -5.5866312907E-001
    0.000000    0.000000   -0.856333    2.646000  -5.6125012067E-001
    0.000000    0.000000   -0.854000    2.648333  -5.6385273077E-001
    0.000000    0.000000   -0.851667    2.650667  -5.6646905210E-001
    0.000000    0.000000   -0.849333    2.653000  -5.6909690478E-001
    0.000000    0.000000   -0.847000    2.655333  -5.7173382912E-001
    0.000000    0.000000   -0.844667    2.657667  -5.7437707990E-001
    0.000000    0.000000   -0.842333    2.660000  -5.7702362234E-001
    0.000000    0.000000   -0.840000    2.662333  -5.7967012980E-001
    0.000000    0.000000   -0.837667    2.664667  -5.8231298338E-001
    0.000000    0.000000   -0.835333    2.667000  -5.8494827353E-001
    0.000000    0.000000   -0.833000    2.669333  -5.8757180370E-001
    0.000000    0.000000   -0.830667    2.671667  -5.9017909619E-001
    0.000000    0.000000   -0.828333    2.674000  -5.9276540015E-001
    0.000000    0.000000   -0.826000    2.676333  -5.9532570191E-001
    0.000000    0.000000   -0.823667    2.678667  -5.9785473751E-001
    0.000000    0.000000   -0.821333    2.681000  -6.0034700754E-001
    0.000000    0.000000   -0.819000    2.683333  -6.0279679422E-001
    0.000000    0.000000   -0.816667    2.685667  -6.0519818070E-001
    0.000000    0.000000   -0.814333    2.688000  -6.0754507247E-001
    0.000000    0.000000   -0.812000    2.690333  -6.0983122085E-001
    0.000000    0.000000   -0.809667    2.692667  -6.1205024840E-001
    0.000000    0.000000   -0.807333    2.695000  -6.1419567614E-001
    0.000000    0.000000   -0.805000    2.697333  -6.1626095244E-001
    0.000000    0.000000   -0.802667    2.699667  -6.1823948335E-001
    0.000000    0.000000   -0.800333    2.702000  -6.2012466425E-001
    0.000000    0.000000   -0.798000    2.704333  -6.2190991252E-001
    0.000000    0.000000   -0.795667    2.706667  -6.2358870111E-001
    0.000000    0.000000   -0.793333    2.709000  -6.2515459264E-001
    0.000000    0.000000   -0.791000    2.711333  -6.2660127386E-001
    0.000000    0.000000   -0.788667    2.713667  -6.2792259024E-001
    0.000000    0.000000   -0.786333    2.716000  -6.2911258029E-001
    0.000000    0.000000   -0.784000    2.718333  -6.3016550941E-001
    0.000000    0.000000   -0.781667    2.720667  -6.3107590306E-001
    0.000000    0.000000   -0.779333    2.723000  -6.3183857884E-001
    0.000000    0.000000   -0.777000    2.725333  -6.3244867731E-001
    0.000000    0.000000   -0.774667    2.727667  -6.3290169121E-001
    0.000000    0.000000   -0.772333    2.730000  -6.3319349290E-001
    0.000000    0.000000   -0.770000    2.732333  -6.3332035977E-001
    0.000000    0.000000   -0.767667    2.734667  -6.3327899729E-001
    0.000000    0.000000   -0.765333    2.737000  -6.3306655967E-001
    0.000000    0.000000   -0.763000    2.739333  -6.3268066781E-001
    0.000000    0.000000   -0.760667    2.741667  -6.3211942439E-001
    0.000000    0.000000   -0.758333    2.744000  -6.3138142605E-001
    0.000000    0.000000   -0.756000    2.746333  -6.3046577246E-001
    0.000000    0.000000   -0.753667    2.748667  -6.2937207224E-001
    0.000000    0.000000   -0.751333    2.751000  -6.2810044565E-001
    0.000000    0.000000   -0.749000    2.753333  -6.2665152405E-001
    0.000000    0.000000   -0.746667    2.755667  -6.2502644615E-001
    0.000000    0.000000   -0.744333    2.758000  -6.2322685099E-001
    0.000000    0.000000   -0.742000    2.760333  -6.2125486788E-001
    0.000000    0.000000   -0.739667    2.762667  -6.1911310319E-001
    0.000000    0.000000   -0.737333    2.765000  -6.1680462433E-001
    0.000000    0.000000   -0.735000    2.767333  -6.1433294081E-001
    0.000000    0.000000   -0.732667    2.769667  -6.1170198281E-001
    0.000000    0.000000   -0.730333    2.772000  -6.0891607732E-001
    0.000000    0.000000   -0.728000    2.774333  -6.0597992195E-001
    0.000000    0.000000   -0.725667    2.776667  -6.0289855692E-001
    0.000000    0.000000   -0.723333    2.779000  -5.9967733526E-001
    0.000000    0.000000   -0.721000    2.781333  -5.9632189144E-001
    0.000000    0.000000   -0.718667    2.783667  -5.9283810899E-001
    0.000000    0.000000   -0.716333    2.786000  -5.8923208695E-001
    0.000000    0.000000   -0.714000    2.788333  -5.8551010589E-001
    0.000000    0.000000   -0.711667    2.790667  -5.8167859333E-001
    0.000000    0.000000   -0.709333    2.793000  -5.7774408923E-001
    0.000000    0.000000   -0.707000    2.795333  -5.7371321154E-001
    0.000000    0.000000   -0.704667    2.797667  -5.6959262220E-001
    0.000000    0.000000   -0.702333    2.800000  -5.6538899382E-001
    0.000000    0.000000   -0.700000    2.802333  -5.6110897725E-001
    0.000000    0.000000   -0.697667    2.804667  -5.5675917035E-001
    0.000000    0.000000   -0.695333    2.807000  -5.5234608801E-001
    0.000000    0.000000   -0.693000    2.809333  -5.4787613377E-001
    0.000000    0.000000   -0.690667    2.811667  -5.4335557316E-001
    0.000000    0.000000   -0.688333    2.814000  -5.3879050883E-001
    0.000000    0.000000   -0.686000    2.816333  -5.3418685767E-001
    0.000000    0.000000   -0.683667    2.818667  -5.2955033007E-001
    0.000000    0.000000   -0.681333    2.821000  -5.2488641127E-001
    0.000000    0.000000   -0.679000    2.823333  -5.2020034501E-001
    0.000000    0.000000   -0.676667    2.825667  -5.1549711933E-001
    0.000000    0.000000   -0.674333    2.828000  -5.1078145477E-001
    0.000000    0.000000   -0.672000    2.830333  -5.0605779472E-001
    0.000000    0.000000   -0.669667    2.832667  -5.0133029814E-001
    0.000000    0.000000   -0.667333    2.835000  -4.9660283433E-001
    0.000000    0.000000   -0.665000    2.837333  -4.9187897994E-001
    0.000000    0.000000   -0.662667    2.839667  -4.8716201801E-001
    0.000000    0.000000   -0.660333    2.842000  -4.8245493892E-001
    0.000000    0.000000   -0.658000    2.844333  -4.7776044324E-001
    0.000000    0.000000   -0.655667    2.846667  -4.7308094632E-001
    0.000000    0.000000   -0.653333    2.849000  -4.6841858441E-001
    0.000000    0.000000   -0.651000    2.851333  -4.6377522235E-001
    0.000000    0.000000   -0.648667    2.853667  -4.5915246250E-001
    0.000000    0.000000   -0.646333    2.856000  -4.5455165489E-001
    0.000000    0.000000   -0.644000    2.858333  -4.4997390840E-001
    0.000000    0.000000   -0.641667    2.860667  -4.4542010283E-001
    0.000000    0.000000   -0.639333    2.863000  -4.4089090164E-001
    0.000000    0.000000   -0.637000    2.865333  -4.3638676541E-001
    0.000000    0.000000   -0.634667    2.867667  -4.3190796561E-001
    0.000000    0.000000   -0.632333    2.870000  -4.2745459876E-001
    0.000000    0.000000   -0.630000    2.872333  -4.2302660072E-001
    0.000000    0.000000   -0.627667    2.874667  -4.1862376111E-001
    0.000000    0.000000   -0.625333    2.877000  -4.1424573757E-001
    0.000000    0.000000   -0.623000    2.879333  -4.0989206989E-001
    0.000000    0.000000   -0.620667    2.881667  -4.0556219395E-001
    0.000000    0.000000   -0.618333    2.884000  -4.0125545511E-001
    0.000000    0.000000   -0.616000    2.886333  -3.9697112137E-001
    0.000000    0.000000   -0.613667    2.888667  -3.9270839588E-001
    0.000000    0.000000   -0.611333    2.891000  -3.8846642895E-001
    0.000000    0.000000   -0.609000    2.893333  -3.8424432936E-001
    0.000000    0.000000   -0.606667    2.895667  -3.8004117511E-001
    0.000000    0.000000   -0.604333    2.898000  -3.7585602341E-001
    0.000000    0.000000   -0.602000    2.900333  -3.7168791992E-001
    0.000000    0.000000   -0.599667    2.902667  -3.6753590736E-001
    0.000000    0.000000   -0.597333    2.905000  -3.6339903324E-001
    0.000000    0.000000   -0.595000    2.907333  -3.5927635700E-001
    0.000000    0.000000   -0.592667    2.909667  -3.5516695624E-001
    0.000000    0.000000   -0.590333    2.912000  -3.5106993241E-001
    0.000000    0.000000   -0.588000    2.914333  -3.4698441564E-001
    0.000000    0.000000   -0.585667    2.916667  -3.4290956897E-001
    0.000000    0.000000   -0.583333    2.919000  -3.3884459192E-001
    0.000000    0.000000   -0.581000    2.921333  -3.3478872337E-001
    0.000000    0.000000   -0.578667    2.923667  -3.3074124395E-001
    0.000000    0.000000   -0.576333    2.926000  -3.2670147780E-001
    0.000000    0.000000   -0.574000    2.928333  -3.2266879379E-001
    0.000000    0.000000   -0.571667    2.930667  -3.1864260634E-001
    0.000000    0.000000   -0.569333    2.933000  -3.1462237574E-001
    0.000000    0.000000   -0.567000    2.935333  -3.1060760809E-001
    0.000000    0.000000   -0.564667    2.937667  -3.0659785481E-001
    0.000000    0.000000   -0.562333    2.940000  -3.0259271196E-001
    0.000000    0.000000   -0.560000    2.942333  -2.9859181916E-001
    0.000000    0.000000   -0.557667    2.944667  -2.9459485826E-001
    0.000000    0.000000   -0.555333    2.947000  -2.9060155186E-001
    0.000000    0.000000   -0.553000    2.949333  -2.8661166164E-001
    0.000000    0.000000   -0.550667    2.951667  -2.8262498643E-001
    0.000000    0.000000   -0.548333    2.954000  -2.7864136033E-001
    0.000000    0.000000   -0.546000    2.956333  -2.7466065059E-001
    0.000000    0.000000   -0.543667    2.958667  -2.7068275551E-001
    0.000000    0.000000   -0.541333    2.961000  -2.6670760226E-001
    0.000000    0.000000   -0.539000    2.963333  -2.6273514467E-001
    0.000000    0.000000   -0.536667    2.965667  -2.5876536105E-001
    0.000000    0.000000   -0.534333    2.968000  -2.5479825202E-001
    0.000000    0.000000   -0.532000    2.970333  -2.5083383831E-001
    0.000000    0.000000   -0.529667    2.972667  -2.4687215868E-001
    0.000000    0.000000   -0.527333    2.975000  -2.4291326786E-001
    0.000000    0.000000   -0.525000    2.977333  -2.3895723456E-001
    0.000000    0.000000   -0.522667    2.979667  -2.3500413954E-001
    0.000000    0.000000   -0.520333    2.982000  -2.3105407377E-001
    0.000000    0.000000   -0.518000    2.984333  -2.2710713666E-001
    0.000000    0.000000   -0.515667    2.986667  -2.2316343443E-001
    0.000000    0.000000   -0.513333    2.989000  -2.1922307851E-001
    0.000000    0.000000   -0.511000    2.991333  -2.1528618402E-001
    0.000000    0.000000   -0.508667    2.993667  -2.1135286845E-001
    0.000000    0.000000   -0.506333    2.996000  -2.0742325030E-001
    0.000000    0.000000   -0.504000    2.998333  -2.0349744791E-001
    0.000000    0.000000   -0.501667    3.000667  -1.9957557833E-001
    0.000000    0.000000   -0.499333    3.003000  -1.9565775630E-001
    0.000000    0.000000   -0.497000    3.005333  -1.9174409333E-001
    0.000000    0.000000   -0.494667    3.007667  -1.8783469680E-001
    0.000000    0.000000   -0.492333    3.010000  -1.8392966924E-001
    0.000000    0.000000   -0.490000    3.012333  -1.8002910761E-001
    0.000000    0.000000   -0.487667    3.014667  -1.7613310267E-001
    0.000000    0.000000   -0.485333    3.017000  -1.7224173846E-001
    0.000000    0.000000   -0.483000    3.019333  -1.6835509177E-001
    0.000000    0.000000   -0.480667    3.021667  -1.6447323178E-001
    0.000000    0.000000   -0.478333    3.024000  -1.6059621963E-001
    0.000000    0.000000   -0.476000    3.026333  -1.5672410820E-001
    0.000000    0.000000   -0.473667    3.028667  -1.5285694177E-001
    0.000000    0.000000   -0.471333    3.031000  -1.4899475587E-001
    0.000000    0.000000   -0.469000    3.033333  -1.4513757710E-001
    0.000000    0.000000   -0.466667    3.035667  -1.4128542305E-001
    0.000000    0.000000   -0.464333    3.038000  -1.3743830215E-001
    0.000000    0.000000   -0.462000    3.040333  -1.3359621371E-001
    0.000000    0.000000   -0.459667    3.042667  -1.2975914785E-001
    0.000000    0.000000   -0.457333    3.045000  -1.2592708558E-001
    0.000000    0.000000   -0.455000    3.047333  -1.2209999879E-001
    0.000000    0.000000   -0.452667    3.049667  -1.1827785037E-001
    0.000000    0.000000   -0.450333    3.052000  -1.1446059430E-001
    0.000000    0.000000   -0.448000    3.054333  -1.1064817578E-001
    0.000000    0.000000   -0.445667    3.056667  -1.0684053136E-001
    0.000000    0.000000   -0.443333    3.059000  -1.0303758908E-001
    0.000000    0.000000   -0.441000    3.061333  -9.9239268716E-002
    0.000000    0.000000   -0.438667    3.063667  -9.5445481900E-002
    0.000000    0.000000   -0.436333    3.066000  -9.1656132363E-002
    0.000000    0.000000   -0.434000    3.068333  -8.7871116145E-002
    0.000000    0.000000   -0.431667    3.070667  -8.4090321822E-002
    0.000000    0.000000   -0.429333    3.073000  -8.0313630749E-002
    0.000000    0.000000   -0.427000    3.075333  -7.6540917305E-002
    0.000000    0.000000   -0.424667    3.077667  -7.2772049152E-002
    0.000000    0.000000   -0.422333    3.080000  -6.9006887500E-002
    0.000000    0.000000   -0.420000    3.082333  -6.5245287375E-002
    0.000000    0.000000   -0.417667    3.084667  -6.1487097898E-002
    0.000000    0.000000   -0.415333    3.087000  -5.7732162567E-002
    0.000000    0.000000   -0.413000    3.089333  -5.3980319546E-002
    0.000000    0.000000   -0.410667    3.091667  -5.0231401953E-002
    0.000000    0.000000   -0.408333    3.094000  -4.6485238158E-002
    0.000000    0.000000   -0.406000    3.096333  -4.2741652084E-002
    0.000000    0.000000   -0.403667    3.098667  -3.9000463506E-002
    0.000000    0.000000   -0.401333    3.101000  -3.5261488359E-002
    0.000000    0.000000   -0.399000    3.103333  -3.1524539042E-002
    0.000000    0.000000   -0.396667    3.105667  -2.7789424734E-002
    0.000000    0.000000   -0.394333    3.108000  -2.4055951699E-002
    0.000000    0.000000   -0.392000    3.110333  -2.0323923606E-002
    0.000000    0.000000   -0.389667    3.112667  -1.6593141838E-002
    0.000000    0.000000   -0.387333    3.115000  -1.2863405814E-002
    0.000000    0.000000   -0.385000    3.117333  -9.1345133015E-003
    0.000000    0.000000   -0.382667    3.119667  -5.4062607381E-003
    0.000000    0.000000   -0.380333    3.122000  -1.6784435497E-003
    0.000000    0.000000   -0.378000    3.124333   2.0491435306E-003
    0.000000    0.000000   -0.375667    3.126667   5.7767061420E-003
    0.000000    0.000000   -0.373333    3.129000   9.5044499757E-003
    0.000000    0.000000   -0.371000    3.131333   1.3232580455E-002
    0.000000    0.000000   -0.368667    3.133667   1.6961302415E-002
    0.000000    0.000000   -0.366333    3.136000   2.0690819784E-002
    0.000000    0.000000   -0.364000    3.138333   2.4421335260E-002
    0.000000    0.000000   -0.361667    3.140667   2.8153049997E-002
    0.000000    0.000000   -0.359333    3.143000   3.1886163284E-002
    0.000000    0.000000   -0.357000    3.145333   3.5620872226E-002
    0.000000    0.000000   -0.354667    3.147667   3.9357371434E-002
    0.000000    0.000000   -0.352333    3.150000   4.3095852704E-002
    0.000000    0.000000   -0.350000    3.152333   4.6836504706E-002
    0.000000    0.000000   -0.347667    3.154667   5.0579512673E-002
    0.000000    0.000000   -0.345333    3.157000   5.4325058093E-002
    0.000000    0.000000   -0.343000    3.159333   5.8073318400E-002
    0.000000    0.000000   -0.340667    3.161667   6.1824466669E-002
    0.000000    0.000000   -0.338333    3.164000   6.5578671317E-002
    0.000000    0.000000   -0.336000    3.166333   6.9336095804E-002
    0.000000    0.000000   -0.333667    3.168667   7.3096898339E-002
    0.000000    0.000000   -0.331333    3.171000   7.6861231588E-002
    0.000000    0.000000   -0.329000    3.173333   8.0629242393E-002
    0.000000    0.000000   -0.326667    3.175667   8.4401071487E-002
    0.000000    0.000000   -0.324333    3.178000   8.8176853224E-002
    0.000000    0.000000   -0.322000    3.180333   9.1956715307E-002
    0.000000    0.000000   -0.319667    3.182667   9.5740778533E-002
    0.000000    0.000000   -0.317333    3.185000   9.9529156533E-002
    0.000000    0.000000   -0.315000    3.187333   1.0332195554E-001
    0.000000    0.000000   -0.312667    3.189667   1.0711927413E-001
    0.000000    0.000000   -0.310333    3.192000   1.1092120304E-001
    0.000000    0.000000   -0.308000    3.194333   1.1472782492E-001
    0.000000    0.000000   -0.305667    3.196667   1.1853921414E-001
    0.000000    0.000000   -0.303333    3.199000   1.2235543664E-001
    0.000000    0.000000   -0.301000    3.201333   1.2617654970E-001
    0.000000    0.000000   -0.298667    3.203667   1.3000260188E-001
    0.000000    0.000000   -0.296333    3.206000   1.3383363278E-001
    0.000000    0.000000   -0.294000    3.208333   1.3766967303E-001
    0.000000    0.000000   -0.291667    3.210667   1.4151074415E-001
    0.000000    0.000000   -0.289333    3.213000   1.4535685848E-001
    0.000000    0.000000   -0.287000    3.215333   1.4920801921E-001
    0.000000    0.000000   -0.284667    3.217667   1.5306422029E-001
    0.000000    0.000000   -0.282333    3.220000   1.5692544655E-001
    0.000000    0.000000   -0.280000    3.222333   1.6079167369E-001
    0.000000    0.000000   -0.277667    3.224667   1.6466286841E-001
    0.000000    0.000000   -0.275333    3.227000   1.6853898859E-001
    0.000000    0.000000   -0.273000    3.229333   1.7241998342E-001
    0.000000    0.000000   -0.270667    3.231667   1.7630579367E-001
    0.000000    0.000000   -0.268333    3.234000   1.8019635200E-001
    0.000000    0.000000   -0.266000    3.236333   1.8409158326E-001
    0.000000    0.000000   -0.263667    3.238667   1.8799140492E-001
    0.000000    0.000000   -0.261333    3.241000   1.9189572751E-001
    0.000000    0.000000   -0.259000    3.243333   1.9580445522E-001
    0.000000    0.000000   -0.256667    3.245667   1.9971748640E-001
    0.000000    0.000000   -0.254333    3.248000   2.0363471432E-001
    0.000000    0.000000   -0.252000    3.250333   2.0755602789E-001
    0.000000    0.000000   -0.249667    3.252667   2.1148131248E-001
    0.000000    0.000000   -0.247333    3.255000   2.1541045086E-001
    0.000000    0.000000   -0.245000    3.257333   2.1934332420E-001
    0.000000    0.000000   -0.242667    3.259667   2.2327981315E-001
    0.000000    0.000000   -0.240333    3.262000   2.2721979904E-001
    0.000000    0.000000   -0.238000    3.264333   2.3116316514E-001
    0.000000    0.000000   -0.235667    3.266667   2.3510979806E-001
    0.000000    0.000000   -0.233333    3.269000   2.3905958918E-001
    0.000000    0.000000   -0.231000    3.271333   2.4301243624E-001
    0.000000    0.000000   -0.228667    3.273667   2.4696824498E-001
    0.000000    0.000000   -0.226333    3.276000   2.5092693089E-001
    0.000000    0.000000   -0.224000    3.278333   2.5488842103E-001
    0.000000    0.000000   -0.221667    3.280667   2.5885265594E-001
    0.000000    0.000000   -0.219333    3.283000   2.6281959165E-001
    0.000000    0.000000   -0.217000    3.285333   2.6678920171E-001
    0.000000    0.000000   -0.214667    3.287667   2.7076147932E-001
    0.000000    0.000000   -0.212333    3.290000   2.7473643947E-001
    0.000000    0.000000   -0.210000    3.292333   2.7871412117E-001
    0.000000    0.000000   -0.207667    3.294667   2.8269458962E-001
    0.000000    0.000000   -0.205333    3.297000   2.8667793847E-001
    0.000000    0.000000   -0.203000    3.299333   2.9066429201E-001
    0.000000    0.000000   -0.200667    3.301667   2.9465380732E-001
    0.000000    0.000000   -0.198333    3.304000   2.9864667640E-001
    0.000000    0.000000   -0.196000    3.306333   3.0264312816E-001
    0.000000    0.000000   -0.193667    3.308667   3.0664343036E-001
    0.000000    0.000000   -0.191333    3.311000   3.1064789137E-001
    0.000000    0.000000   -0.189000    3.313333   3.1465686174E-001
    0.000000    0.000000   -0.186667    3.315667   3.1867073563E-001
    0.000000    0.000000   -0.184333    3.318000   3.2268995191E-001
    0.000000    0.000000   -0.182000    3.320333   3.2671499506E-001
    0.000000    0.000000   -0.179667    3.322667   3.3074639573E-001
    0.000000    0.000000   -0.177333    3.325000   3.3478473088E-001
    0.000000    0.000000   -0.175000    3.327333   3.3883062369E-001
    0.000000    0.000000   -0.172667    3.329667   3.4288474281E-001
    0.000000    0.000000   -0.170333    3.332000   3.4694780136E-001
    0.000000    0.000000   -0.168000    3.334333   3.5102055527E-001
    0.000000    0.000000   -0.165667    3.336667   3.5510380113E-001
    0.000000    0.000000   -0.163333    3.339000   3.5919837343E-001
    0.000000    0.000000   -0.161000    3.341333   3.6330514121E-001
    0.000000    0.000000   -0.158667    3.343667   3.6742500401E-001
    0.000000    0.000000   -0.156333    3.346000   3.7155888720E-001
    0.000000    0.000000   -0.154000    3.348333   3.7570773656E-001
    0.000000    0.000000   -0.151667    3.350667   3.7987251213E-001
    0.000000    0.000000   -0.149333    3.353000   3.8405418135E-001
    0.000000    0.000000   -0.147000    3.355333   3.8825371145E-001
    0.000000    0.000000   -0.144667    3.357667   3.9247206105E-001
    0.000000    0.000000   -0.142333    3.360000   3.9671017107E-001
    0.000000    0.000000   -0.140000    3.362333   4.0096895486E-001
    0.000000    0.000000   -0.137667    3.364667   4.0524928765E-001
    0.000000    0.000000   -0.135333    3.367000   4.0955199530E-001
    0.000000    0.000000   -0.133000    3.369333   4.1387784240E-001
    0.000000    0.000000   -0.130667    3.371667   4.1822751982E-001
    0.000000    0.000000   -0.128333    3.374000   4.2260163165E-001
    0.000000    0.000000   -0.126000    3.376333   4.2700068173E-001
    0.000000    0.000000   -0.123667    3.378667   4.3142505976E-001
    0.000000    0.000000   -0.121333    3.381000   4.3587502712E-001
    0.000000    0.000000   -0.119000    3.383333   4.4035070247E-001
    0.000000    0.000000   -0.116667    3.385667   4.4485204727E-001
    0.000000    0.000000   -0.114333    3.388000   4.4937885126E-001
    0.000000    0.000000   -0.112000    3.390333   4.5393071814E-001
    0.000000    0.000000   -0.109667    3.392667   4.5850705152E-001
    0.000000    0.000000   -0.107333    3.395000   4.6310704116E-001
    0.000000    0.000000   -0.105000    3.397333   4.6772964993E-001
    0.000000    0.000000   -0.102667    3.399667   4.7237360131E-001
    0.000000    0.000000   -0.100333    3.402000   4.7703736782E-001
    0.000000    0.000000   -0.098000    3.404333   4.8171916038E-001
    0.000000    0.000000   -0.095667    3.406667   4.8641691888E-001
    0.000000    0.000000   -0.093333    3.409000   4.9112830398E-001
    0.000000    0.000000   -0.091000    3.411333   4.9585069037E-001
    0.000000    0.000000   -0.088667    3.413667   5.0058116156E-001
    0.000000    0.000000   -0.086333    3.416000   5.0531650649E-001
    0.000000    0.000000   -0.084000    3.418333   5.1005321780E-001
    0.000000    0.000000   -0.081667    3.420667   5.1478749218E-001
    0.000000    0.000000   -0.079333    3.423000   5.1951523272E-001
    0.000000    0.000000   -0.077000    3.425333   5.2423205335E-001
    0.000000    0.000000   -0.074667    3.427667   5.2893328550E-001
    0.000000    0.000000   -0.072333    3.430000   5.3361398704E-001
    0.000000    0.000000   -0.070000    3.432333   5.3826895345E-001
    0.000000    0.000000   -0.067667    3.434667   5.4289273132E-001
    0.000000    0.000000   -0.065333    3.437000   5.4747963412E-001
    0.000000    0.000000   -0.063000    3.439333   5.5202376025E-001
    0.000000    0.000000   -0.060667    3.441667   5.5651901327E-001
    0.000000    0.000000   -0.058333    3.444000   5.6095912426E-001
    0.000000    0.000000   -0.056000    3.446333   5.6533767627E-001
    0.000000    0.000000   -0.053667    3.448667   5.6964813062E-001
    0.000000    0.000000   -0.051333    3.451000   5.7388385497E-001
    0.000000    0.000000   -0.049000    3.453333   5.7803815309E-001
    0.000000    0.000000   -0.046667    3.455667   5.8210429592E-001
    0.000000    0.000000   -0.044333    3.458000   5.8607555398E-001
    0.000000    0.000000   -0.042000    3.460333   5.8994523067E-001
    0.000000    0.000000   -0.039667    3.462667   5.9370669643E-001
    0.000000    0.000000   -0.037333    3.465000   5.9735342332E-001
    0.000000    0.000000   -0.035000    3.467333   6.0087901996E-001
    0.000000    0.000000   -0.032667    3.469667   6.0427726637E-001
    0.000000    0.000000   -0.030333    3.472000   6.0754214852E-001
    0.000000    0.000000   -0.028000    3.474333   6.1066789238E-001
    0.000000    0.000000   -0.025667    3.476667   6.1364899703E-001
    0.000000    0.000000   -0.023333    3.479000   6.1648026672E-001
    0.000000    0.000000   -0.021000    3.481333   6.1915684148E-001
    0.000000    0.000000   -0.018667    3.483667   6.2167422606E-001
    0.000000    0.000000   -0.016333    3.486000   6.2402831702E-001
    0.000000    0.000000   -0.014000    3.488333   6.2621542759E-001
    0.000000    0.000000   -0.011667    3.490667   6.2823231025E-001
    0.000000    0.000000   -0.009333    3.493000   6.3007617660E-001
    0.000000    0.000000   -0.007000    3.495333   6.3174471465E-001
    0.000000    0.000000   -0.004667    3.497667   6.3323610305E-001
    0.000000    0.000000   -0.002333    3.500000   6.3454902240E-001
    0.000000    0.000000    0.000000    3.502333   6.3568266336E-001
    0.000000    0.000000    0.002333    3.504667   6.3663673152E-001
    0.000000    0.000000    0.004667    3.507000   6.3741144911E-001
    0.000000    0.000000    0.007000    3.509333   6.3800755336E-001
    0.000000    0.000000    0.009333    3.511667   6.3842629161E-001
    0.000000    0.000000    0.011667    3.514000   6.3866941324E-001
    0.000000    0.000000    0.014000    3.516333   6.3873915843E-001
    0.000000    0.000000    0.016333    3.518667   6.3863824392E-001
    0.000000    0.000000    0.018667    3.521000   6.3836984580E-001
    0.000000    0.000000    0.021000    3.523333   6.3793757964E-001
    0.000000    0.000000    0.023333    3.525667   6.3734547797E-001
    0.000000    0.000000    0.025667    3.528000   6.3659796542E-001
    0.000000    0.000000    0.028000    3.530333   6.3569983169E-001
    0.000000    0.000000    0.030333    3.532667   6.3465620265E-001
    0.000000    0.000000    0.032667    3.535000   6.3347250974E-001
    0.000000    0.000000    0.035000    3.537333   6.3215445798E-001
    0.000000    0.000000    0.037333    3.539667   6.3070799283E-001
    0.000000    0.000000    0.039667    3.542000   6.2913926626E-001
    0.000000    0.000000    0.042000    3.544333   6.2745460219E-001
    0.000000    0.000000    0.044333    3.546667   6.2566046163E-001
    0.000000    0.000000    0.046667    3.549000   6.2376340788E-001
    0.000000    0.000000    0.049000    3.551333   6.2177007191E-001
    0.000000    0.000000    0.051333    3.553667   6.1968711827E-001
    0.000000    0.000000    0.053667    3.556000   6.1752121177E-001
    0.000000    0.000000    0.056000    3.558333   6.1527898520E-001
    0.000000    0.000000    0.058333    3.560667   6.1296700819E-001
    0.000000    0.000000    0.060667    3.563000   6.1059175755E-001
    0.000000    0.000000    0.063000    3.565333   6.0815958922E-001
    0.000000    0.000000    0.065333    3.567667   6.0567671198E-001
    0.000000    0.000000    0.067667    3.570000   6.0314916305E-001
    0.000000    0.000000    0.070000    3.572333   6.0058278576E-001
    0.000000    0.000000    0.072333    3.574667   5.9798320935E-001
    0.000000    0.000000    0.074667    3.577000   5.9535583096E-001
    0.000000    0.000000    0.077000    3.579333   5.9270579988E-001
    0.000000    0.000000    0.079333    3.581667   5.9003800409E-001
    0.000000    0.000000    0.081667    3.584000   5.8735705911E-001
    0.000000    0.000000    0.084000    3.586333   5.8466729912E-001
    0.000000    0.000000    0.086333    3.588667   5.8197277033E-001
    0.000000    0.000000    0.088667    3.591000   5.7927722650E-001
    0.000000    0.000000    0.091000    3.593333   5.7658412672E-001
    0.000000    0.000000    0.093333    3.595667   5.7389663505E-001
    0.000000    0.000000    0.095667    3.598000   5.7121762225E-001
    0.000000    0.000000    0.098000    3.600333   5.6854966926E-001
    0.000000    0.000000    0.100333    3.602667   5.6589507240E-001
    0.000000    0.000000    0.102667    3.605000   5.6325585015E-001
    0.000000    0.000000    0.105000    3.607333   5.6063375138E-001
    0.000000    0.000000    0.107333    3.609667   5.5803026483E-001
    0.000000    0.000000    0.109667    3.612000   5.5544662973E-001
    0.000000    0.000000    0.112000    3.614333   5.5288384747E-001
    0.000000    0.000000    0.114333    3.616667   5.5034269407E-001
    0.000000    0.000000    0.116667    3.619000   5.4782373329E-001
    0.000000    0.000000    0.119000    3.621333   5.4532733040E-001
    0.000000    0.000000    0.121333    3.623667   5.4285366623E-001
    0.000000    0.000000    0.123667    3.626000   5.4040275160E-001
    0.000000    0.000000    0.126000    3.628333   5.3797444179E-001
    0.000000    0.000000    0.128333    3.630667   5.3556845110E-001
    0.000000    0.000000    0.130667    3.633000   5.3318436723E-001
    0.000000    0.000000    0.133000    3.635333   5.3082166554E-001
    0.000000    0.000000    0.135333    3.637667   5.2847972293E-001
    0.000000    0.000000    0.137667    3.640000   5.2615783138E-001
    0.000000    0.000000    0.140000    3.642333   5.2385521100E-001
    0.000000    0.000000    0.142333    3.644667   5.2157102250E-001
    0.000000    0.000000    0.144667    3.647000   5.1930437916E-001
    0.000000    0.000000    0.147000    3.649333   5.1705435808E-001
    0.000000    0.000000    0.149333    3.651667   5.1482001076E-001
    0.000000    0.000000    0.151667    3.654000   5.1260037301E-001
    0.000000    0.000000    0.154000    3.656333   5.1039447404E-001
    0.000000    0.000000    0.156333    3.658667   5.0820134492E-001
    0.000000    0.000000    0.158667    3.661000   5.0602002619E-001
    0.000000    0.000000    0.161000    3.663333   5.0384957476E-001
    0.000000    0.000000    0.163333    3.665667   5.0168907010E-001
    0.000000    0.000000    0.165667    3.668000   4.9953761963E-001
    0.000000    0.000000    0.168000    3.670333   4.9739436349E-001
    0.000000    0.000000    0.170333    3.672667   4.9525847857E-001
    0.000000    0.000000    0.172667    3.675000   4.9312918188E-001
    0.000000    0.000000    0.175000    3.677333   4.9100573337E-001
    0.000000    0.000000    0.177333    3.679667   4.8888743808E-001
    0.000000    0.000000    0.179667    3.682000   4.8677364781E-001
    0.000000    0.000000    0.182000    3.684333   4.8466376220E-001
    0.000000    0.000000    0.184333    3.686667   4.8255722942E-001
    0.000000    0.000000    0.186667    3.689000   4.8045354637E-001
    0.000000    0.000000    0.189000    3.691333   4.7835225850E-001
    0.000000    0.000000    0.191333    3.693667   4.7625295928E-001
    0.000000    0.000000    0.193667    3.696000   4.7415528939E-001
    0.000000    0.000000    0.196000    3.698333   4.7205893552E-001
    0.000000    0.000000    0.198333    3.700667   4.6996362907E-001
    0.000000    0.000000    0.200667    3.703000   4.6786914456E-001
    0.000000    0.000000    0.203000    3.705333   4.6577529787E-001
    0.000000    0.000000    0.205333    3.707667   4.6368194434E-001
    0.000000    0.000000    0.207667    3.710000   4.6158897682E-001
    0.000000    0.000000    0.210000    3.712333   4.5949632353E-001
    0.000000    0.000000    0.212333    3.714667   4.5740394591E-001
    0.000000    0.000000    0.214667    3.717000   4.5531183649E-001
    0.000000    0.000000    0.217000    3.719333   4.5322001663E-001
    0.000000    0.000000    0.219333    3.721667   4.5112853435E-001
    0.000000    0.000000    0.221667    3.724000   4.4903746214E-001
    0.000000    0.000000    0.224000    3.726333   4.4694689480E-001
    0.000000    0.000000    0.226333    3.728667   4.4485694739E-001
    0.000000    0.000000    0.228667    3.731000   4.4276775310E-001
    0.000000    0.000000    0.231000    3.733333   4.4067946138E-001
    0.000000    0.000000    0.233333    3.735667   4.3859223593E-001
    0.000000    0.000000    0.235667    3.738000   4.3650625298E-001
    0.000000    0.000000    0.238000    3.740333   4.3442169948E-001
    0.000000    0.000000    0.240333    3.742667   4.3233877148E-001
    0.000000    0.000000    0.242667    3.745000   4.3025767259E-001
    0.000000    0.000000    0.245000    3.747333   4.2817861250E-001
    0.000000    0.000000    0.247333    3.749667   4.2610180562E-001
    0.000000    0.000000    0.249667    3.752000   4.2402746978E-001
    0.000000    0.000000    0.252000    3.754333   4.2195582510E-001
    0.000000    0.000000    0.254333    3.756667   4.1988709282E-001
    0.000000    0.000000    0.256667    3.759000   4.1782149438E-001
    0.000000    0.000000    0.259000    3.761333   4.1575925043E-001
    0.000000    0.000000    0.261333    3.763667   4.1370058000E-001
    0.000000    0.000000    0.263667    3.766000   4.1164569979E-001
    0.000000    0.000000    0.266000    3.768333   4.0959482341E-001
    0.000000    0.000000    0.268333    3.770667   4.0754816085E-001
    0.000000    0.000000    0.270667    3.773000   4.0550591785E-001
    0.000000    0.000000    0.273000    3.775333   4.0346829548E-001
    0.000000    0.000000    0.275333    3.777667   4.0143548971E-001
    0.000000    0.000000    0.277667    3.780000   3.9940769100E-001
    0.000000    0.000000    0.280000    3.782333   3.9738508406E-001
    0.000000    0.000000    0.282333    3.784667   3.9536784752E-001
    0.000000    0.000000    0.284667    3.787000   3.9335615377E-001
    0.000000    0.000000    0.287000    3.789333   3.9135016874E-001
    0.000000    0.000000    0.289333    3.791667   3.8935005180E-001
    0.000000    0.000000    0.291667    3.794000   3.8735595564E-001
    0.000000    0.000000    0.294000    3.796333   3.8536802620E-001
    0.000000    0.000000    0.296333    3.798667   3.8338640265E-001
    0.000000    0.000000    0.298667    3.801000   3.8141121736E-001
    0.000000    0.000000    0.301000    3.803333   3.7944259594E-001
    0.000000    0.000000    0.303333    3.805667   3.7748065726E-001
    0.000000    0.000000    0.305667    3.808000   3.7552551351E-001
    0.000000    0.000000    0.308000    3.810333   3.7357727026E-001
    0.000000    0.000000    0.310333    3.812667   3.7163602659E-001
    0.000000    0.000000    0.312667    3.815000   3.6970187517E-001
    0.000000    0.000000    0.315000    3.817333   3.6777490235E-001
    0.000000    0.000000    0.317333    3.819667   3.6585518837E-001
    0.000000    0.000000    0.319667    3.822000   3.6394280742E-001
    0.000000    0.000000    0.322000    3.824333   3.6203782782E-001
    0.000000    0.000000    0.324333    3.826667   3.6014031216E-001
    0.000000    0.000000    0.326667    3.829000   3.5825031751E-001
    0.000000    0.000000    0.329000    3.831333   3.5636789550E-001
    0.000000    0.000000    0.331333    3.833667   3.5449309257E-001
    0.000000    0.000000    0.333667    3.836000   3.5262595011E-001
    0.000000    0.000000    0.336000    3.838333   3.5076650461E-001
    0.000000    0.000000    0.338333    3.840667   3.4891478789E-001
    0.000000    0.000000    0.340667    3.843000   3.4707082724E-001
    0.000000    0.000000    0.343000    3.845333   3.4523464561E-001
    0.000000    0.000000    0.345333    3.847667   3.4340626180E-001
    0.000000    0.000000    0.347667    3.850000   3.4158569061E-001
    0.000000    0.000000    0.350000    3.852333   3.3977294304E-001
    0.000000    0.000000    0.352333    3.854667   3.3796802649E-001
    0.000000    0.000000    0.354667    3.857000   3.3617094486E-001
    0.000000    0.000000    0.357000    3.859333   3.3438169882E-001
    0.000000    0.000000    0.359333    3.861667   3.3260028588E-001
    0.000000    0.000000    0.361667    3.864000   3.3082670066E-001
    0.000000    0.000000    0.364000    3.866333   3.2906093496E-001
    0.000000    0.000000    0.366333    3.868667   3.2730297800E-001
    0.000000    0.000000    0.368667    3.871000   3.2555281652E-001
    0.000000    0.000000    0.371000    3.873333   3.2381043497E-001
    0.000000    0.000000    0.373333    3.875667   3.2207581568E-001
    0.000000    0.000000    0.375667    3.878000   3.2034893893E-001
    0.000000    0.000000    0.378000    3.880333   3.1862978320E-001
    0.000000    0.000000    0.380333    3.882667   3.1691832524E-001
    0.000000    0.000000    0.382667    3.885000   3.1521454021E-001
    0.000000    0.000000    0.385000    3.887333   3.1351840185E-001
    0.000000    0.000000    0.387333    3.889667   3.1182988259E-001
    0.000000    0.000000    0.389667    3.892000   3.1014895368E-001
    0.000000    0.000000    0.392000    3.894333   3.0847558529E-001
    0.000000    0.000000    0.394333    3.896667   3.0680974665E-001
    0.000000    0.000000    0.396667    3.899000   3.0515140616E-001
    0.000000    0.000000    0.399000    3.901333   3.0350053150E-001
    0.000000    0.000000    0.401333    3.903667   3.0185708972E-001
    0.000000    0.000000    0.403667    3.906000   3.0022104736E-001
    0.000000    0.000000    0.406000    3.908333   2.9859237053E-001
    0.000000    0.000000    0.408333    3.910667   2.9697102501E-001
    0.000000    0.000000    0.410667    3.913000   2.9535697633E-001
    0.000000    0.000000    0.413000    3.915333   2.9375018988E-001
    0.000000    0.000000    0.415333    3.917667   2.9215063096E-001
    0.000000    0.000000    0.417667    3.920000   2.9055826485E-001
    0.000000    0.000000    0.420000    3.922333   2.8897305692E-001
    0.000000    0.000000    0.422333    3.924667   2.8739497267E-001
    0.000000    0.000000    0.424667    3.927000   2.8582397779E-001
    0.000000    0.000000    0.427000    3.929333   2.8426003823E-001
    0.000000    0.000000    0.429333    3.931667   2.8270312028E-001
    0.000000    0.000000    0.431667    3.934000   2.8115319057E-001
    0.000000    0.000000    0.434000    3.936333   2.7961021616E-001
    0.000000    0.000000    0.436333    3.938667   2.7807416457E-001
    0.000000    0.000000    0.438667    3.941000   2.7654500383E-001
    0.000000    0.000000    0.441000    3.943333   2.7502270251E-001
    0.000000    0.000000    0.443333    3.945667   2.7350722975E-001
    0.000000    0.000000    0.445667    3.948000   2.7199855533E-001
    0.000000    0.000000    0.448000    3.950333   2.7049664964E-001
    0.000000    0.000000    0.450333    3.952667   2.6900148376E-001
    0.000000    0.000000    0.452667    3.955000   2.6751302944E-001
    0.000000    0.000000    0.455000    3.957333   2.6603125915E-001
    0.000000    0.000000    0.457333    3.959667   2.6455614609E-001
    0.000000    0.000000    0.459667    3.962000   2.6308766419E-001
    0.000000    0.000000    0.462000    3.964333   2.6162578816E-001
    0.000000    0.000000    0.464333    3.966667   2.6017049344E-001
    0.000000    0.000000    0.466667    3.969000   2.5872175626E-001
    0.000000    0.000000    0.469000    3.971333   2.5727955363E-001
    0.000000    0.000000    0.471333    3.973667   2.5584386332E-001
    0.000000    0.000000    0.473667    3.976000   2.5441466389E-001
    0.000000    0.000000    0.476000    3.978333   2.5299193469E-001
    0.000000    0.000000    0.478333    3.980667   2.5157565581E-001
    0.000000    0.000000    0.480667    3.983000   2.5016580815E-001
    0.000000    0.000000    0.483000    3.985333   2.4876237333E-001
    0.000000    0.000000    0.485333    3.987667   2.4736533375E-001
    0.000000    0.000000    0.487667    3.990000   2.4597467255E-001
    0.000000    0.000000    0.490000    3.992333   2.4459037359E-001
    0.000000    0.000000    0.492333    3.994667   2.4321242145E-001
    0.000000    0.000000    0.494667    3.997000   2.4184080141E-001
    0.000000    0.000000    0.497000    3.999333   2.4047549944E-001
    0.000000    0.000000    0.499333    4.001667   2.3911650217E-001
    0.000000    0.000000    0.501667    4.004000   2.3776379691E-001
    0.000000    0.000000    0.504000    4.006333   2.3641737156E-001
    0.000000    0.000000    0.506333    4.008667   2.3507721465E-001
    0.000000    0.000000    0.508667    4.011000   2.3374331532E-001
    0.000000    0.000000    0.511000    4.013333   2.3241566325E-001
    0.000000    0.000000    0.513333    4.015667   2.3109424867E-001
    0.000000    0.000000    0.515667    4.018000   2.2977906236E-001
    0.000000    0.000000    0.518000    4.020333   2.2847009557E-001
    0.000000    0.000000    0.520333    4.022667   2.2716734003E-001
    0.000000    0.000000    0.522667    4.025000   2.2587078794E-001
    0.000000    0.000000    0.525000    4.027333   2.2458043191E-001
    0.000000    0.000000    0.527333    4.029667   2.2329626495E-001
    0.000000    0.000000    0.529667    4.032000   2.2201828046E-001
    0.000000    0.000000    0.532000    4.034333   2.2074647218E-001
    0.000000    0.000000    0.534333    4.036667   2.1948083417E-001
    0.000000    0.000000    0.536667    4.039000   2.1822136079E-001
    0.000000    0.000000    0.539000    4.041333   2.1696804668E-001
    0.000000    0.000000    0.541333    4.043667   2.1572088673E-001
    0.000000    0.000000    0.543667    4.046000   2.1447987604E-001
    0.000000    0.000000    0.546000    4.048333   2.1324500990E-001
    0.000000    0.000000    0.548333    4.050667   2.1201628379E-001
    0.000000    0.000000    0.550667    4.053000   2.1079369332E-001
    0.000000    0.000000    0.553000    4.055333   2.0957723421E-001
    0.000000    0.000000    0.555333    4.057667   2.0836690230E-001
    0.000000    0.000000    0.557667    4.060000   2.0716269348E-001
    0.000000    0.000000    0.560000    4.062333   2.0596460369E-001
    0.000000    0.000000    0.562333    4.064667   2.0477262890E-001
    0.000000    0.000000    0.564667    4.067000   2.0358676507E-001
    0.000000    0.000000    0.567000    4.069333   2.0240700813E-001
    0.000000    0.000000    0.569333    4.071667   2.0123335397E-001
    0.000000    0.000000    0.571667    4.074000   2.0006579841E-001
    0.000000    0.000000    0.574000    4.076333   1.9890433719E-001
    0.000000    0.000000    0.576333    4.078667   1.9774896592E-001
    0.000000    0.000000    0.578667    4.081000   1.9659968009E-001
    0.000000    0.000000    0.581000    4.083333   1.9545647502E-001
    0.000000    0.000000    0.583333    4.085667   1.9431934589E-001
    0.000000    0.000000    0.585667    4.088000   1.9318828765E-001
    0.000000    0.000000    0.588000    4.090333   1.9206329507E-001
    0.000000    0.000000    0.590333    4.092667   1.9094436269E-001
    0.000000    0.000000    0.592667    4.095000   1.8983148479E-001
    0.000000    0.000000    0.595000    4.097333   1.8872465541E-001
    0.000000    0.000000    0.597333    4.099667   1.8762386830E-001
    0.000000    0.000000    0.599667    4.102000   1.8652911692E-001
    0.000000    0.000000    0.602000    4.104333   1.8544039445E-001
    0.000000    0.000000    0.604333    4.106667   1.8435769370E-001
    0.000000    0.000000    0.606667    4.109000   1.8328100721E-001
    0.000000    0.000000    0.609000    4.111333   1.8221032712E-001
    0.000000    0.000000    0.611333    4.113667   1.8114564524E-001
    0.000000    0.000000    0.613667    4.116000   1.8008695301E-001
    0.000000    0.000000    0.616000    4.118333   1.7903424150E-001
    0.000000    0.000000    0.618333    4.120667   1.7798750137E-001
    0.000000    0.000000    0.620667    4.123000   1.7694672290E-001
    0.000000    0.000000    0.623000    4.125333   1.7591189595E-001
    0.000000    0.000000    0.625333    4.127667   1.7488300998E-001
    0.000000    0.000000    0.627667    4.130000   1.7386005403E-001
    0.000000    0.000000    0.630000    4.132333   1.7284301668E-001
    0.000000    0.000000    0.632333    4.134667   1.7183188612E-001
    0.000000    0.000000    0.634667    4.137000   1.7082665006E-001
    0.000000    0.000000    0.637000    4.139333   1.6982729580E-001
    0.000000    0.000000    0.639333    4.141667   1.6883381016E-001
    0.000000    0.000000    0.641667    4.144000   1.6784617952E-001
    0.000000    0.000000    0.644000    4.146333   1.6686438981E-001
    0.000000    0.000000    0.646333    4.148667   1.6588842649E-001
    0.000000    0.000000    0.648667    4.151000   1.6491827455E-001
    0.000000    0.000000    0.651000    4.153333   1.6395391855E-001
    0.000000    0.000000    0.653333    4.155667   1.6299534255E-001
    0.000000    0.000000    0.655667    4.158000   1.6204253016E-001
    0.000000    0.000000    0.658000    4.160333   1.6109546454E-001
    0.000000    0.000000    0.660333    4.162667   1.6015412835E-001
    0.000000    0.000000    0.662667    4.165000   1.5921850381E-001
    0.000000    0.000000    0.665000    4.167333   1.5828857269E-001
    0.000000    0.000000    0.667333    4.169667   1.5736431626E-001
    0.000000    0.000000    0.669667    4.172000   1.5644571539E-001
    0.000000    0.000000    0.672000    4.174333   1.5553275043E-001
    0.000000    0.000000    0.674333    4.176667   1.5462540132E-001
    0.000000    0.000000    0.676667    4.179000   1.5372364755E-001
    0.000000    0.000000    0.679000    4.181333   1.5282746815E-001
    0.000000    0.000000    0.681333    4.183667   1.5193684170E-001
    0.000000    0.000000    0.683667    4.186000   1.5105174638E-001
    0.000000    0.000000    0.686000    4.188333   1.5017215991E-001
    0.000000    0.000000    0.688333    4.190667   1.4929805959E-001
    0.000000    0.000000    0.690667    4.193000   1.4842942231E-001
    0.000000    0.000000    0.693000    4.195333   1.4756622453E-001
    0.000000    0.000000    0.695333    4.197667   1.4670844231E-001
    0.000000    0.000000    0.697667    4.200000   1.4585605131E-001
    0.000000    0.000000    0.700000    4.202333   1.4500902680E-001
    0.000000    0.000000    0.702333    4.204667   1.4416734364E-001
    0.000000    0.000000    0.704667    4.207000   1.4333097635E-001
    0.000000    0.000000    0.707000    4.209333   1.4249989904E-001
    0.000000    0.000000    0.709333    4.211667   1.4167408546E-001
    0.000000    0.000000    0.711667    4.214000   1.4085350903E-001
    0.000000    0.000000    0.714000    4.216333   1.4003814278E-001
    0.000000    0.000000    0.716333    4.218667   1.3922795944E-001
    0.000000    0.000000    0.718667    4.221000   1.3842293137E-001
    0.000000    0.000000    0.721000    4.223333   1.3762303064E-001
    0.000000    0.000000    0.723333    4.225667   1.3682822898E-001
    0.000000    0.000000    0.725667    4.228000   1.3603849782E-001
    0.000000    0.000000    0.728000    4.230333   1.3525380831E-001
    0.000000    0.000000    0.730333    4.232667   1.3447413129E-001
    0.000000    0.000000    0.732667    4.235000   1.3369943732E-001
    0.000000    0.000000    0.735000    4.237333   1.3292969671E-001
    0.000000    0.000000    0.737333    4.239667   1.3216487950E-001
    0.000000    0.000000    0.739667    4.242000   1.3140495548E-001
    0.000000    0.000000    0.742000    4.244333   1.3064989419E-001
    0.000000    0.000000    0.744333    4.246667   1.2989966495E-001
    0.000000    0.000000    0.746667    4.249000   1.2915423686E-001
    0.000000    0.000000    0.749000    4.251333   1.2841357880E-001
    0.000000    0.000000    0.751333    4.253667   1.2767765945E-001
    0.000000    0.000000    0.753667    4.256000   1.2694644730E-001
    0.000000    0.000000    0.756000    4.258333   1.2621991066E-001
    0.000000    0.000000    0.758333    4.260667   1.2549801766E-001
    0.000000    0.000000    0.760667    4.263000   1.2478073627E-001
    0.000000    0.000000    0.763000    4.265333   1.2406803430E-001
    0.000000    0.000000    0.765333    4.267667   1.2335987943E-001
    0.000000    0.000000    0.767667    4.270000   1.2265623919E-001
    0.000000    0.000000    0.770000    4.272333   1.2195708101E-001
    0.000000    0.000000    0.772333    4.274667   1.2126237218E-001
    0.000000    0.000000    0.774667    4.277000   1.2057207989E-001
    0.000000    0.000000    0.777000    4.279333   1.1988617124E-001
    0.000000    0.000000    0.779333    4.281667   1.1920461326E-001
    0.000000    0.000000    0.781667    4.284000   1.1852737286E-001
    0.000000    0.000000    0.784000    4.286333   1.1785441693E-001
    0.000000    0.000000    0.786333    4.288667   1.1718571227E-001
    0.000000    0.000000    0.788667    4.291000   1.1652122564E-001
    0.000000    0.000000    0.791000    4.293333   1.1586092378E-001
    0.000000    0.000000    0.793333    4.295667   1.1520477336E-001
    0.000000    0.000000    0.795667    4.298000   1.1455274106E-001
    0.000000    0.000000    0.798000    4.300333   1.1390479354E-001
    0.000000    0.000000    0.800333    4.302667   1.1326089745E-001
    0.000000    0.000000    0.802667    4.305000   1.1262101945E-001
    0.000000    0.000000    0.805000    4.307333   1.1198512620E-001
    0.000000    0.000000    0.807333    4.309667   1.1135318441E-001
    0.000000    0.000000    0.809667    4.312000   1.1072516079E-001
    0.000000    0.000000    0.812000    4.314333   1.1010102211E-001
    0.000000    0.000000    0.814333    4.316667   1.0948073517E-001
    0.000000    0.000000    0.816667    4.319000   1.0886426683E-001
    0.000000    0.000000    0.819000    4.321333   1.0825158401E-001
    0.000000    0.000000    0.821333    4.323667   1.0764265370E-001
    0.000000    0.000000    0.823667    4.326000   1.0703744298E-001
    0.000000    0.000000    0.826000    4.328333   1.0643591900E-001
    0.000000    0.000000    0.828333    4.330667   1.0583804900E-001
    0.000000    0.000000    0.830667    4.333000   1.0524380032E-001
    0.000000    0.000000    0.833000    4.335333   1.0465314043E-001
    0.000000    0.000000    0.835333    4.337667   1.0406603687E-001
    0.000000    0.000000    0.837667    4.340000   1.0348245734E-001
    0.000000    0.000000    0.840000    4.342333   1.0290236965E-001
    0.000000    0.000000    0.842333    4.344667   1.0232574173E-001
    0.000000    0.000000    0.844667    4.347000   1.0175254166E-001
    0.000000    0.000000    0.847000    4.349333   1.0118273768E-001
    0.000000    0.000000    0.849333    4.351667   1.0061629817E-001
    0.000000    0.000000    0.851667    4.354000   1.0005319164E-001
    0.000000    0.000000    0.854000    4.356333   9.9493386814E-002
    0.000000    0.000000    0.856333    4.358667   9.8936852545E-002
    0.000000    0.000000    0.858667    4.361000   9.8383557876E-002
    0.000000    0.000000    0.861000    4.363333   9.7833472027E-002
    0.000000    0.000000    0.863333    4.365667   9.7286564401E-002
    0.000000    0.000000    0.865667    4.368000   9.6742804590E-002
    0.000000    0.000000    0.868000    4.370333   9.6202162383E-002
    0.000000    0.000000    0.870333    4.372667   9.5664607765E-002
    0.000000    0.000000    0.872667    4.375000   9.5130110926E-002
    0.000000    0.000000    0.875000    4.377333   9.4598642262E-002
    0.000000    0.000000    0.877333    4.379667   9.4070172382E-002
    0.000000    0.000000    0.879667    4.382000   9.3544672114E-002
    0.000000    0.000000    0.882000    4.384333   9.3022112501E-002
    0.000000    0.000000    0.884333    4.386667   9.2502464814E-002
    0.000000    0.000000    0.886667    4.389000   9.1985700549E-002
    0.000000    0.000000    0.889000    4.391333   9.1471791436E-002
    0.000000    0.000000    0.891333    4.393667   9.0960709436E-002
    0.000000    0.000000    0.893667    4.396000   9.0452426751E-002
    0.000000    0.000000    0.896000    4.398333   8.9946915823E-002
    0.000000    0.000000    0.898333    4.400667   8.9444149336E-002
    0.000000    0.000000    0.900667    4.403000   8.8944100224E-002
    0.000000    0.000000    0.903000    4.405333   8.8446741667E-002
    0.000000    0.000000    0.905333    4.407667   8.7952047099E-002
    0.000000    0.000000    0.907667    4.410000   8.7459990209E-002
    0.000000    0.000000    0.910000    4.412333   8.6970544940E-002
    0.000000    0.000000    0.912333    4.414667   8.6483685497E-002
    0.000000    0.000000    0.914667    4.417000   8.5999386343E-002
    0.000000    0.000000    0.917000    4.419333   8.5517622206E-002
    0.000000    0.000000    0.919333    4.421667   8.5038368077E-002
    0.000000    0.000000    0.921667    4.424000   8.4561599214E-002
    0.000000    0.000000    0.924000    4.426333   8.4087291142E-002
    0.000000    0.000000    0.926333    4.428667   8.3615419656E-002
    0.000000    0.000000    0.928667    4.431000   8.3145960819E-002
    0.000000    0.000000    0.931000    4.433333   8.2678890970E-002
    0.000000    0.000000    0.933333    4.435667   8.2214186715E-002
    0.000000    0.000000    0.935667    4.438000   8.1751824938E-002
    0.000000    0.000000    0.938000    4.440333   8.1291782795E-002
    0.000000    0.000000    0.940333    4.442667   8.0834037717E-002
    0.000000    0.000000    0.942667    4.445000   8.0378567410E-002
    0.000000    0.000000    0.945000    4.447333   7.9925349859E-002
    0.000000    0.000000    0.947333    4.449667   7.9474363322E-002
    0.000000    0.000000    0.949667    4.452000   7.9025586334E-002
    0.000000    0.000000    0.952000    4.454333   7.8578997708E-002
    0.000000    0.000000    0.954333    4.456667   7.8134576534E-002
    0.000000    0.000000    0.956667    4.459000   7.7692302177E-002
    0.000000    0.000000    0.959000    4.461333   7.7252154280E-002
    0.000000    0.000000    0.961333    4.463667   7.6814112763E-002
    0.000000    0.000000    0.963667    4.466000   7.6378157820E-002
    0.000000    0.000000    0.966000    4.468333   7.5944269921E-002
    0.000000    0.000000    0.968333    4.470667   7.5512429813E-002
    0.000000    0.000000    0.970667    4.473000   7.5082618515E-002
    0.000000    0.000000    0.973000    4.475333   7.4654817321E-002
    0.000000    0.000000    0.975333    4.477667   7.4229007799E-002
    0.000000    0.000000    0.977667    4.480000   7.3805171787E-002
    0.000000    0.000000    0.980000    4.482333   7.3383291395E-002
    0.000000    0.000000    0.982333    4.484667   7.2963349003E-002
    0.000000    0.000000    0.984667    4.487000   7.2545327260E-002
    0.000000    0.000000    0.987000    4.489333   7.2129209084E-002
    0.000000    0.000000    0.989333    4.491667   7.1714977659E-002
    0.000000    0.000000    0.991667    4.494000   7.1302616432E-002
    0.000000    0.000000    0.994000    4.496333   7.0892109117E-002
    0.000000    0.000000    0.996333    4.498667   7.0483439689E-002
    0.000000    0.000000    0.998667    4.501000   7.0076592385E-002
    0.000000    0.000000    1.001000    4.503333   6.9671551698E-002
    0.000000    0.000000    1.003333    4.505667   6.9268302383E-002
    0.000000    0.000000    1.005667    4.508000   6.8866829448E-002
    0.000000    0.000000    1.008000    4.510333   6.8467118156E-002
    0.000000    0.000000    1.010333    4.512667   6.8069154023E-002
    0.000000    0.000000    1.012667    4.515000   6.7672922813E-002
    0.000000    0.000000    1.015000    4.517333   6.7278410543E-002
    0.000000    0.000000    1.017333    4.519667   6.6885603471E-002
    0.000000    0.000000    1.019667    4.522000   6.6494488103E-002
    0.000000    0.000000    1.022000    4.524333   6.6105051187E-002
    0.000000    0.000000    1.024333    4.526667   6.5717279710E-002
    0.000000    0.000000    1.026667    4.529000   6.5331160898E-002
    0.000000    0.000000    1.029000    4.531333   6.4946682213E-002
    0.000000    0.000000    1.031333    4.533667   6.4563831350E-002
    0.000000    0.000000    1.033667    4.536000   6.4182596236E-002
    0.000000    0.000000    1.036000    4.538333   6.3802965025E-002
    0.000000    0.000000    1.038333    4.540667   6.3424926099E-002
    0.000000    0.000000    1.040667    4.543000   6.3048468066E-002
    0.000000    0.000000    1.043000    4.545333   6.2673579751E-002
    0.000000    0.000000    1.045333    4.547667   6.2300250203E-002
    0.000000    0.000000    1.047667    4.550000   6.1928468685E-002
    0.000000    0.000000    1.050000    4.552333   6.1558224676E-002
    0.000000    0.000000    1.052333    4.554667   6.1189507864E-002
    0.000000    0.000000    1.054667    4.557000   6.0822308148E-002
    0.000000    0.000000    1.057000    4.559333   6.0456615633E-002
    0.000000    0.000000    1.059333    4.561667   6.0092420629E-002
    0.000000    0.000000    1.061667    4.564000   5.9729713644E-002
    0.000000    0.000000    1.064000    4.566333   5.9368485389E-002
    0.000000    0.000000    1.066333    4.568667   5.9008726768E-002
    0.000000    0.000000    1.068667    4.571000   5.8650428877E-002
    0.000000    0.000000    1.071000    4.573333   5.8293583005E-002
    0.000000    0.000000    1.073333    4.575667   5.7938180628E-002
    0.000000    0.000000    1.075667    4.578000   5.7584213407E-002
    0.000000    0.000000    1.078000    4.580333   5.7231673183E-002
    0.000000    0.000000    1.080333    4.582667   5.6880551980E-002
    0.000000    0.000000    1.082667    4.585000   5.6530841997E-002
    0.000000    0.000000    1.085000    4.587333   5.6182535606E-002
    0.000000    0.000000    1.087333    4.589667   5.5835625351E-002
    0.000000    0.000000    1.089667    4.592000   5.5490103945E-002
    0.000000    0.000000    1.092000    4.594333   5.5145964266E-002
    0.000000    0.000000    1.094333    4.596667   5.4803199353E-002
    0.000000    0.000000    1.096667    4.599000   5.4461802408E-002
    0.000000    0.000000    1.099000    4.601333   5.4121766788E-002
    0.000000    0.000000    1.101333    4.603667   5.3783086005E-002
    0.000000    0.000000    1.103667    4.606000   5.3445753723E-002
    0.000000    0.000000    1.106000    4.608333   5.3109763755E-002
    0.000000    0.000000    1.108333    4.610667   5.2775110057E-002
    0.000000    0.000000    1.110667    4.613000   5.2441786733E-002
    0.000000    0.000000    1.113000    4.615333   5.2109788023E-002
    0.000000    0.000000    1.115333    4.617667   5.1779108308E-002
    0.000000    0.000000    1.117667    4.620000   5.1449742103E-002
    0.000000    0.000000    1.120000    4.622333   5.1121684052E-002
    0.000000    0.000000    1.122333    4.624667   5.0794928934E-002
    0.000000    0.000000    1.124667    4.627000   5.0469471650E-002
    0.000000    0.000000    1.127000    4.629333   5.0145307228E-002
    0.000000    0.000000    1.129333    4.631667   4.9822430814E-002
    0.000000    0.000000    1.131667    4.634000   4.9500837676E-002
    0.000000    0.000000    1.134000    4.636333   4.9180523196E-002
    0.000000    0.000000    1.136333    4.638667   4.8861482870E-002
    0.000000    0.000000    1.138667    4.641000   4.8543712303E-002
    0.000000    0.000000    1.141000    4.643333   4.8227207209E-002
    0.000000    0.000000    1.143333    4.645667   4.7911963408E-002
    0.000000    0.000000    1.145667    4.648000   4.7597976821E-002
    0.000000    0.000000    1.148000    4.650333   4.7285243470E-002
    0.000000    0.000000    1.150333    4.652667   4.6973759475E-002
    0.000000    0.000000    1.152667    4.655000   4.6663521050E-002
    0.000000    0.000000    1.155000    4.657333   4.6354524502E-002
    0.000000    0.000000    1.157333    4.659667   4.6046766227E-002
    0.000000    0.000000    1.159667    4.662000   4.5740242710E-002
    0.000000    0.000000    1.162000    4.664333   4.5434950520E-002
    0.000000    0.000000    1.164333    4.666667   4.5130886307E-002
    0.000000    0.000000    1.166667    4.669000   4.4828046804E-002
    0.000000    0.000000    1.169000    4.671333   4.4526428819E-002
    0.000000    0.000000    1.171333    4.673667   4.4226029237E-002
    0.000000    0.000000    1.173667    4.676000   4.3926845016E-002
    0.000000    0.000000    1.176000    4.678333   4.3628873182E-002
    0.000000    0.000000    1.178333    4.680667   4.3332110833E-002
    0.000000    0.000000    1.180667    4.683000   4.3036555130E-002
    0.000000    0.000000    1.183000    4.685333   4.2742203299E-002
    0.000000    0.000000    1.185333    4.687667   4.2449052627E-002
    0.000000    0.000000    1.187667    4.690000   4.2157100461E-002
    0.000000    0.000000    1.190000    4.692333   4.1866344202E-002
    0.000000    0.000000    1.192333    4.694667   4.1576781311E-002
    0.000000    0.000000    1.194667    4.697000   4.1288409298E-002
    0.000000    0.000000    1.197000    4.699333   4.1001225724E-002
    0.000000    0.000000    1.199333    4.701667   4.0715228199E-002
    0.000000    0.000000    1.201667    4.704000   4.0430414381E-002
    0.000000    0.000000    1.204000    4.706333   4.0146781969E-002
    0.000000    0.000000    1.206333    4.708667   3.9864328707E-002
    0.000000    0.000000    1.208667    4.711000   3.9583052379E-002
    0.000000    0.000000    1.211000    4.713333   3.9302950807E-002
    0.000000    0.000000    1.213333    4.715667   3.9024021850E-002
    0.000000    0.000000    1.215667    4.718000   3.8746263401E-002
    0.000000    0.000000    1.218000    4.720333   3.8469673386E-002
    0.000000    0.000000    1.220333    4.722667   3.8194249763E-002
    0.000000    0.000000    1.222667    4.725000   3.7919990518E-002
    0.000000    0.000000    1.225000    4.727333   3.7646893663E-002
    0.000000    0.000000    1.227333    4.729667   3.7374957239E-002
    0.000000    0.000000    1.229667    4.732000   3.7104179309E-002
    0.000000    0.000000    1.232000    4.734333   3.6834557956E-002
    0.000000    0.000000    1.234333    4.736667   3.6566091288E-002
    0.000000    0.000000    1.236667    4.739000   3.6298777427E-002
    0.000000    0.000000    1.239000    4.741333   3.6032614516E-002
    0.000000    0.000000    1.241333    4.743667   3.5767600712E-002
    0.000000    0.000000    1.243667    4.746000   3.5503734185E-002
    0.000000    0.000000    1.246000    4.748333   3.5241013119E-002
    0.000000    0.000000    1.248333    4.750667   3.4979435709E-002
    0.000000    0.000000    1.250667    4.753000   3.4719000159E-002
    0.000000    0.000000    1.253000    4.755333   3.4459704680E-002
    0.000000    0.000000    1.255333    4.757667   3.4201547492E-002
    0.000000    0.000000    1.257667    4.760000   3.3944526817E-002
    0.000000    0.000000    1.260000    4.762333   3.3688640885E-002
    0.000000    0.000000    1.262333    4.764667   3.3433887924E-002
    0.000000    0.000000    1.264667    4.767000   3.3180266166E-002
    0.000000    0.000000    1.267000    4.769333   3.2927773842E-002
    0.000000    0.000000    1.269333    4.771667   3.2676409183E-002
    0.000000    0.000000    1.271667    4.774000   3.2426170414E-002
    0.000000    0.000000    1.274000    4.776333   3.2177055760E-002
    0.000000    0.000000    1.276333    4.778667   3.1929063439E-002
    0.000000    0.000000    1.278667    4.781000   3.1682191662E-002
    0.000000    0.000000    1.281000    4.783333   3.1436438634E-002
    0.000000    0.000000    1.283333    4.785667   3.1191802553E-002
    0.000000    0.000000    1.285667    4.788000   3.0948281604E-002
    0.000000    0.000000    1.288000    4.790333   3.0705873964E-002
    0.000000    0.000000    1.290333    4.792667   3.0464577797E-002
    0.000000    0.000000    1.292667    4.795000   3.0224391256E-002
    0.000000    0.000000    1.295000    4.797333   2.9985312480E-002
    0.000000    0.000000    1.297333    4.799667   2.9747339591E-002
    0.000000    0.000000    1.299667    4.802000   2.9510470699E-002
    0.000000    0.000000    1.302000    4.804333   2.9274703896E-002
    0.000000    0.000000    1.304333    4.806667   2.9040037256E-002
    0.000000    0.000000    1.306667    4.809000   2.8806468838E-002
    0.000000    0.000000    1.309000    4.811333   2.8573996677E-002
    0.000000    0.000000    1.311333    4.813667   2.8342618794E-002
    0.000000    0.000000    1.313667    4.816000   2.8112333185E-002
    0.000000    0.000000    1.316000    4.818333   2.7883137826E-002
    0.000000    0.000000    1.318333    4.820667   2.7655030673E-002
    0.000000    0.000000    1.320667    4.823000   2.7428009656E-002
    0.000000    0.000000    1.323000    4.825333   2.7202072684E-002
    0.000000    0.000000    1.325333    4.827667   2.6977217641E-002
    0.000000    0.000000    1.327667    4.830000   2.6753442386E-002
    0.000000    0.000000    1.330000    4.832333   2.6530744753E-002
    0.000000    0.000000    1.332333    4.834667   2.6309122550E-002
    0.000000    0.000000    1.334667    4.837000   2.6088573558E-002
    0.000000    0.000000    1.337000    4.839333   2.5869095532E-002
    0.000000    0.000000    1.339333    4.841667   2.5650686197E-002
    0.000000    0.000000    1.341667    4.844000   2.5433343252E-002
    0.000000    0.000000    1.344000    4.846333   2.5217064367E-002
    0.000000    0.000000    1.346333    4.848667   2.5001847182E-002
    0.000000    0.000000    1.348667    4.851000   2.4787689307E-002
    0.000000    0.000000    1.351000    4.853333   2.4574588323E-002
    0.000000    0.000000    1.353333    4.855667   2.4362541780E-002
    0.000000    0.000000    1.355667    4.858000   2.4151547197E-002
    0.000000    0.000000    1.358000    4.860333   2.3941602061E-002
    0.000000    0.000000    1.360333    4.862667   2.3732703828E-002
    0.000000    0.000000    1.362667    4.865000   2.3524849923E-002
    0.000000    0.000000    1.365000    4.867333   2.3318037737E-002
    0.000000    0.000000    1.367333    4.869667   2.3112264628E-002
    0.000000    0.000000    1.369667    4.872000   2.2907527923E-002
    0.000000    0.000000    1.372000    4.874333   2.2703824912E-002
    0.000000    0.000000    1.374333    4.876667   2.2501152857E-002
    0.000000    0.000000    1.376667    4.879000   2.2299508980E-002
    0.000000    0.000000    1.379000    4.881333   2.2098890475E-002
    0.000000    0.000000    1.381333    4.883667   2.1899294496E-002
    0.000000    0.000000    1.383667    4.886000   2.1700718166E-002
    0.000000    0.000000    1.386000    4.888333   2.1503158573E-002
    0.000000    0.000000    1.388333    4.890667   2.1306612770E-002
    0.000000    0.000000    1.390667    4.893000   2.1111077774E-002
    0.000000    0.000000    1.393000    4.895333   2.0916550568E-002
    0.000000    0.000000    1.395333    4.897667   2.0723028099E-002
    0.000000    0.000000    1.397667    4.900000   2.0530507279E-002
    0.000000    0.000000    1.400000    4.902333   2.0338984986E-002
    0.000000    0.000000    1.402333    4.904667   2.0148458058E-002
    0.000000    0.000000    1.404667    4.907000   1.9958923303E-002
    0.000000    0.000000    1.407000    4.909333   1.9770377489E-002
    0.000000    0.000000    1.409333    4.911667   1.9582817351E-002
    0.000000    0.000000    1.411667    4.914000   1.9396239587E-002
    0.000000    0.000000    1.414000    4.916333   1.9210640859E-002
    0.000000    0.000000    1.416333    4.918667   1.9026017793E-002
    0.000000    0.000000    1.418667    4.921000   1.8842366981E-002
    0.000000    0.000000    1.421000    4.923333   1.8659684978E-002
    0.000000    0.000000    1.423333    4.925667   1.8477968303E-002
    0.000000    0.000000    1.425667    4.928000   1.8297213439E-002
    0.000000    0.000000    1.428000    4.930333   1.8117416835E-002
    0.000000    0.000000    1.430333    4.932667   1.7938574903E-002
    0.000000    0.000000    1.432667    4.935000   1.7760684019E-002
    0.000000    0.000000    1.435000    4.937333   1.7583740526E-002
    0.000000    0.000000    1.437333    4.939667   1.7407740730E-002
    0.000000    0.000000    1.439667    4.942000   1.7232680901E-002
    0.000000    0.000000    1.442000    4.944333   1.7058557275E-002
    0.000000    0.000000    1.444333    4.946667   1.6885366054E-002
    0.000000    0.000000    1.446667    4.949000   1.6713103402E-002
    0.000000    0.000000    1.449000    4.951333   1.6541765452E-002
    0.000000    0.000000    1.451333    4.953667   1.6371348300E-002
    0.000000    0.000000    1.453667    4.956000   1.6201848008E-002
    0.000000    0.000000    1.456000    4.958333   1.6033260604E-002
    0.000000    0.000000    1.458333    4.960667   1.5865582083E-002
    0.000000    0.000000    1.460667    4.963000   1.5698808405E-002
    0.000000    0.000000    1.463000    4.965333   1.5532935496E-002
    0.000000    0.000000    1.465333    4.967667   1.5367959249E-002
    0.000000    0.000000    1.467667    4.970000   1.5203875525E-002
    0.000000    0.000000    1.470000    4.972333   1.5040680149E-002
    0.000000    0.000000    1.472333    4.974667   1.4878368916E-002
    0.000000    0.000000    1.474667    4.977000   1.4716937587E-002
    0.000000    0.000000    1.477000    4.979333   1.4556381892E-002
    0.000000    0.000000    1.479333    4.981667   1.4396697528E-002
    0.000000    0.000000    1.481667    4.984000   1.4237880159E-002
    0.000000    0.000000    1.484000    4.986333   1.4079925420E-002
    0.000000    0.000000    1.486333    4.988667   1.3922828913E-002
    0.000000    0.000000    1.488667    4.991000   1.3766586209E-002
    0.000000    0.000000    1.491000    4.993333   1.3611192850E-002
    0.000000    0.000000    1.493333    4.995667   1.3456644344E-002
    0.000000    0.000000    1.495667    4.998000   1.3302936173E-002
    0.000000    0.000000    1.498000    5.000333   1.3150063788E-002
    0.000000    0.000000    1.500333    5.002667   1.2998022607E-002
    0.000000    0.000000    1.502667    5.005000   1.2846808025E-002
    0.000000    0.000000    1.505000    5.007333   1.2696415402E-002
    0.000000    0.000000    1.507333    5.009667   1.2546840073E-002
    0.000000    0.000000    1.509667    5.012000   1.2398077345E-002
    0.000000    0.000000    1.512000    5.014333   1.2250122495E-002
    0.000000    0.000000    1.514333    5.016667   1.2102970774E-002
    0.000000    0.000000    1.516667    5.019000   1.1956617405E-002
    0.000000    0.000000    1.519000    5.021333   1.1811057584E-002
    0.000000    0.000000    1.521333    5.023667   1.1666286483E-002
    0.000000    0.000000    1.523667    5.026000   1.1522299243E-002
    0.000000    0.000000    1.526000    5.028333   1.1379090984E-002
    0.000000    0.000000    1.528333    5.030667   1.1236656799E-002
    0.000000    0.000000    1.530667    5.033000   1.1094991755E-002
    0.000000    0.000000    1.533000    5.035333   1.0954090894E-002
    0.000000    0.000000    1.535333    5.037667   1.0813949237E-002
    0.000000    0.000000    1.537667    5.040000   1.0674561777E-002
    0.000000    0.000000    1.540000    5.042333   1.0535923487E-002
    0.000000    0.000000    1.542333    5.044667   1.0398029314E-002
    0.000000    0.000000    1.544667    5.047000   1.0260874185E-002
    0.000000    0.000000    1.547000    5.049333   1.0124453004E-002
    0.000000    0.000000    1.549333    5.051667   9.9887606506E-003
    0.000000    0.000000    1.551667    5.054000   9.8537919866E-003
    0.000000    0.000000    1.554000    5.056333   9.7195418510E-003
    0.000000    0.000000    1.556333    5.058667   9.5860050622E-003
    0.000000    0.000000    1.558667    5.061000   9.4531764188E-003
    0.000000    0.000000    1.561000    5.063333   9.3210506996E-003
    0.000000    0.000000    1.563333    5.065667   9.1896226638E-003
    0.000000    0.000000    1.565667    5.068000   9.0588870521E-003
    0.000000    0.000000    1.568000    5.070333   8.9288385866E-003
    0.000000    0.000000    1.570333    5.072667   8.7994719714E-003
    0.000000    0.000000    1.572667    5.075000   8.6707818931E-003
    0.000000    0.000000    1.575000    5.077333   8.5427630213E-003
    0.000000    0.000000    1.577333    5.079667   8.4154100086E-003
    0.000000    0.000000    1.579667    5.082000   8.2887174919E-003
    0.000000    0.000000    1.582000    5.084333   8.1626800921E-003
    0.000000    0.000000    1.584333    5.086667   8.0372924149E-003
    0.000000    0.000000    1.586667    5.089000   7.9125490510E-003
    0.000000    0.000000    1.589000    5.091333   7.7884445771E-003
    0.000000    0.000000    1.591333    5.093667   7.6649735559E-003
    0.000000    0.000000    1.593667    5.096000   7.5421305367E-003
    0.000000    0.000000    1.596000    5.098333   7.4199100558E-003
    0.000000    0.000000    1.598333    5.100667   7.2983066373E-003
    0.000000    0.000000    1.600667    5.103000   7.1773147930E-003
    0.000000    0.000000    1.603000    5.105333   7.0569290237E-003
    0.000000    0.000000    1.605333    5.107667   6.9371438188E-003
    0.000000    0.000000    1.607667    5.110000   6.8179536575E-003
    0.000000    0.000000    1.610000    5.112333   6.6993530088E-003
    0.000000    0.000000    1.612333    5.114667   6.5813363324E-003
    0.000000    0.000000    1.614667    5.117000   6.4638980788E-003
    0.000000    0.000000    1.617000    5.119333   6.3470326902E-003
    0.000000    0.000000    1.619333    5.121667   6.2307346006E-003
    0.000000    0.000000    1.621667    5.124000   6.1149982367E-003
    0.000000    0.000000    1.624000    5.126333   5.9998180180E-003
    0.000000    0.000000    1.626333    5.128667   5.8851883578E-003
    0.000000    0.000000    1.628667    5.131000   5.7711036632E-003
    0.000000    0.000000    1.631000    5.133333   5.6575583359E-003
    0.000000    0.000000    1.633333    5.135667   5.5445467728E-003
    0.000000    0.000000    1.635667    5.138000   5.4320633662E-003
    0.000000    0.000000    1.638000    5.140333   5.3201025047E-003
    0.000000    0.000000    1.640333    5.142667   5.2086585732E-003
    0.000000    0.000000    1.642667    5.145000   5.0977259541E-003
    0.000000    0.000000    1.645000    5.147333   4.9872990273E-003
    0.000000    0.000000    1.647333    5.149667   4.8773721710E-003
    0.000000    0.000000    1.649667    5.152000   4.7679397620E-003
    0.000000    0.000000    1.652000    5.154333   4.6589961764E-003
    0.000000    0.000000    1.654333    5.156667   4.5505357902E-003
    0.000000    0.000000    1.656667    5.159000   4.4425529796E-003
    0.000000    0.000000    1.659000    5.161333   4.3350421216E-003
    0.000000    0.000000    1.661333    5.163667   4.2279975949E-003
    0.000000    0.000000    1.663667    5.166000   4.1214137798E-003
    0.000000    0.000000    1.666000    5.168333   4.0152850593E-003
    0.000000    0.000000    1.668333    5.170667   3.9096058193E-003
    0.000000    0.000000    1.670667    5.173000   3.8043704492E-003
    0.000000    0.000000    1.673000    5.175333   3.6995733426E-003
    0.000000    0.000000    1.675333    5.177667   3.5952088978E-003
    0.000000    0.000000    1.677667    5.180000   3.4912715182E-003
    0.000000    0.000000    1.680000    5.182333   3.3877556129E-003
    0.000000    0.000000    1.682333    5.184667   3.2846555972E-003
    0.000000    0.000000    1.684667    5.187000   3.1819658935E-003
    0.000000    0.000000    1.687000    5.189333   3.0796809312E-003
    0.000000    0.000000    1.689333    5.191667   2.9777951479E-003
    0.000000    0.000000    1.691667    5.194000   2.8763029895E-003
    0.000000    0.000000    1.694000    5.196333   2.7751989108E-003
    0.000000    0.000000    1.696333    5.198667   2.6744773765E-003
    0.000000    0.000000    1.698667    5.201000   2.5741328610E-003
    0.000000    0.000000    1.701000    5.203333   2.4741598496E-003
    0.000000    0.000000    1.703333    5.205667   2.3745528385E-003
    0.000000    0.000000    1.705667    5.208000   2.2753063360E-003
    0.000000    0.000000    1.708000    5.210333   2.1764148622E-003
    0.000000    0.000000    1.710333    5.212667   2.0778729504E-003
    0.000000    0.000000    1.712667    5.215000   1.9796751470E-003
    0.000000    0.000000    1.715000    5.217333   1.8818160124E-003
    0.000000    0.000000    1.717333    5.219667   1.7842901213E-003
    0.000000    0.000000    1.719667    5.222000   1.6870920635E-003
    0.000000    0.000000    1.722000    5.224333   1.5902164440E-003
    0.000000    0.000000    1.724333    5.226667   1.4936578842E-003
    0.000000    0.000000    1.726667    5.229000   1.3974110217E-003
    0.000000    0.000000    1.729000    5.231333   1.3014705112E-003
    0.000000    0.000000    1.731333    5.233667   1.2058310253E-003
    0.000000    0.000000    1.733667    5.236000   1.1104872542E-003
    0.000000    0.000000    1.736000    5.238333   1.0154339071E-003
    0.000000    0.000000    1.738333    5.240667   9.2066571210E-004
    0.000000    0.000000    1.740667    5.243000   8.2617741709E-004
    0.000000    0.000000    1.743000    5.245333   7.3196378999E-004
    0.000000    0.000000    1.745333    5.247667   6.3801961938E-004
    0.000000    0.000000    1.747667    5.250000   5.4433971494E-004
    0.000000    0.000000    1.750000    5.252333   4.5091890799E-004
    0.000000    0.000000    1.752333    5.254667   3.5775205192E-004
    0.000000    0.000000    1.754667    5.257000   2.6483402272E-004
    0.000000    0.000000    1.757000    5.259333   1.7215971939E-004
    0.000000    0.000000    1.759333    5.261667   7.9724064460E-005
    0.000000    0.000000    1.761667    5.264000  -1.2477995591E-005
    0.000000    0.000000    1.764000    5.266333  -1.0445148986E-004
    0.000000    0.000000    1.766333    5.268667  -1.9620142259E-004
    0.000000    0.000000    1.768667    5.271000  -2.8773277271E-004
    0.000000    0.000000    1.771000    5.273333  -3.7905049346E-004
    0.000000    0.000000    1.773333    5.275667  -4.7015951191E-004
    0.000000    0.000000    1.775667    5.278000  -5.6106472858E-004
    0.000000    0.000000    1.778000    5.280333  -6.5177101704E-004
    0.000000    0.000000    1.780333    5.282667  -7.4228322351E-004
    0.000000    0.000000    1.782667    5.285000  -8.3260616650E-004
    0.000000    0.000000    1.785000    5.287333  -9.2274463639E-004
    0.000000    0.000000    1.787333    5.289667  -1.0127033951E-003
    0.000000    0.000000    1.789667    5.292000  -1.1024871758E-003
    0.000000    0.000000    1.792000    5.294333  -1.1921006824E-003
    0.000000    0.000000    1.794333    5.296667  -1.2815485895E-003
    0.000000    0.000000    1.796667    5.299000  -1.3708355417E-003
    0.000000    0.000000    1.799000    5.301333  -1.4599661537E-003
    0.000000    0.000000    1.801333    5.303667  -1.5489450097E-003
    0.000000    0.000000    1.803667    5.306000  -1.6377766634E-003
    0.000000    0.000000    1.806000    5.308333  -1.7264656375E-003
    0.000000    0.000000    1.808333    5.310667  -1.8150164235E-003
    0.000000    0.000000    1.810667    5.313000  -1.9034334816E-003
    0.000000    0.000000    1.813000    5.315333  -1.9917212404E-003
    0.000000    0.000000    1.815333    5.317667  -2.0798840968E-003
    0.000000    0.000000    1.817667    5.320000  -2.1679264155E-003
    0.000000    0.000000    1.820000    5.322333  -2.2558525293E-003
    0.000000    0.000000    1.822333    5.324667  -2.3436667387E-003
    0.000000    0.000000    1.824667    5.327000  -2.4313733118E-003
    0.000000    0.000000    1.827000    5.329333  -2.5189764840E-003
    0.000000    0.000000    1.829333    5.331667  -2.6064804585E-003
    0.000000    0.000000    1.831667    5.334000  -2.6938894054E-003
    0.000000    0.000000    1.834000    5.336333  -2.7812074623E-003
    0.000000    0.000000    1.836333    5.338667  -2.8684387342E-003
    0.000000    0.000000    1.838667    5.341000  -2.9555872932E-003
    0.000000    0.000000    1.841000    5.343333  -3.0426571786E-003
    0.000000    0.000000    1.843333    5.345667  -3.1296523972E-003
    0.000000    0.000000    1.845667    5.348000  -3.2165769230E-003
    0.000000    0.000000    1.848000    5.350333  -3.3034346975E-003
    0.000000    0.000000    1.850333    5.352667  -3.3902296297E-003
    0.000000    0.000000    1.852667    5.355000  -3.4769655965E-003
    0.000000    0.000000    1.855000    5.357333  -3.5636464424E-003
    0.000000    0.000000    1.857333    5.359667  -3.6502759799E-003
    0.000000    0.000000    1.859667    5.362000  -3.7368579899E-003
    0.000000    0.000000    1.862000    5.364333  -3.8233962217E-003
    0.000000    0.000000    1.864333    5.366667  -3.9098943930E-003
    0.000000    0.000000    1.866667    5.369000  -3.9963561909E-003
    0.000000    0.000000    1.869000    5.371333  -4.0827852716E-003
    0.000000    0.000000    1.871333    5.373667  -4.1691852607E-003
    0.000000    0.000000    1.873667    5.376000  -4.2555597540E-003
    0.000000    0.000000    1.876000    5.378333  -4.3419123178E-003
    0.000000    0.000000    1.878333    5.380667  -4.4282464887E-003
    0.000000    0.000000    1.880667    5.383000  -4.5145657749E-003
    0.000000    0.000000    1.883000    5.385333  -4.6008736562E-003
    0.000000    0.000000    1.885333    5.387667  -4.6871735845E-003
    0.000000    0.000000    1.887667    5.390000  -4.7734689843E-003
    0.000000    0.000000    1.890000    5.392333  -4.8597632536E-003
    0.000000    0.000000    1.892333    5.394667  -4.9460597640E-003
    0.000000    0.000000    1.894667    5.397000  -5.0323618616E-003
    0.000000    0.000000    1.897000    5.399333  -5.1186728676E-003
    0.000000    0.000000    1.899333    5.401667  -5.2049960789E-003
    0.000000    0.000000    1.901667    5.404000  -5.2913347688E-003
    0.000000    0.000000    1.904000    5.406333  -5.3776921879E-003
    0.000000    0.000000    1.906333    5.408667  -5.4640715644E-003
    0.000000    0.000000    1.908667    5.411000  -5.5504761054E-003
    0.000000    0.000000    1.911000    5.413333  -5.6369089974E-003
    0.000000    0.000000    1.913333    5.415667  -5.7233734070E-003
    0.000000    0.000000    1.915667    5.418000  -5.8098724823E-003
    0.000000    0.000000    1.918000    5.420333  -5.8964093532E-003
    0.000000    0.000000    1.920333    5.422667  -5.9829871324E-003
    0.000000    0.000000    1.922667    5.425000  -6.0696089166E-003
    0.000000    0.000000    1.925000    5.427333  -6.1562777874E-003
    0.000000    0.000000    1.927333    5.429667  -6.2429968120E-003
    0.000000    0.000000    1.929667    5.432000  -6.3297690444E-003
    0.000000    0.000000    1.932000    5.434333  -6.4165975264E-003
    0.000000    0.000000    1.934333    5.436667  -6.5034852887E-003
    0.000000    0.000000    1.936667    5.439000  -6.5904353517E-003
    0.000000    0.000000    1.939000    5.441333  -6.6774507270E-003
    0.000000    0.000000    1.941333    5.443667  -6.7645344180E-003
    0.000000    0.000000    1.943667    5.446000  -6.8516894215E-003
    0.000000    0.000000    1.946000    5.448333  -6.9389187284E-003
    0.000000    0.000000    1.948333    5.450667  -7.0262253252E-003
    0.000000    0.000000    1.950667    5.453000  -7.1136121948E-003
    0.000000    0.000000    1.953000    5.455333  -7.2010823179E-003
    0.000000    0.000000    1.955333    5.457667  -7.2886386742E-003
    0.000000    0.000000    1.957667    5.460000  -7.3762842433E-003
    0.000000    0.000000    1.960000    5.462333  -7.4640220064E-003
    0.000000    0.000000    1.962333    5.464667  -7.5518549467E-003
    0.000000    0.000000    1.964667    5.467000  -7.6397860514E-003
    0.000000    0.000000    1.967000    5.469333  -7.7278183124E-003
    0.000000    0.000000    1.969333    5.471667  -7.8159547277E-003
    0.000000    0.000000    1.971667    5.474000  -7.9041983024E-003
    0.000000    0.000000    1.974000    5.476333  -7.9925520499E-003
    0.000000    0.000000    1.976333    5.478667  -8.0810189934E-003
    0.000000    0.000000    1.978667    5.481000  -8.1696021667E-003
    0.000000    0.000000    1.981000    5.483333  -8.2583046152E-003
    0.000000    0.000000    1.983333    5.485667  -8.3471293977E-003
    0.000000    0.000000    1.985667    5.488000  -8.4360795866E-003
    0.000000    0.000000    1.988000    5.490333  -8.5251582699E-003
    0.000000    0.000000    1.990333    5.492667  -8.6143685514E-003
    0.000000    0.000000    1.992667    5.495000  -8.7037135525E-003
    0.000000    0.000000    1.995000    5.497333  -8.7931964126E-003
    0.000000    0.000000    1.997333    5.499667  -8.8828202904E-003
    0.000000    0.000000    1.999667    5.502000  -8.9725883647E-003
    0.000000    0.000000    2.002000    5.504333  -9.0625038353E-003
    0.000000    0.000000    2.004333    5.506667  -9.1525699240E-003
    0.000000    0.000000    2.006667    5.509000  -9.2427898751E-003
    0.000000    0.000000    2.009000    5.511333  -9.3331669564E-003
    0.000000    0.000000    2.011333    5.513667  -9.4237044599E-003
    0.000000    0.000000    2.013667    5.516000  -9.5144057021E-003
    0.000000    0.000000    2.016000    5.518333  -9.6052740251E-003
    0.000000    0.000000    2.018333    5.520667  -9.6963127966E-003
    0.000000    0.000000    2.020667    5.523000  -9.7875254107E-003
    0.000000    0.000000    2.023000    5.525333  -9.8789152881E-003
    0.000000    0.000000    2.025333    5.527667  -9.9704858764E-003
    0.000000    0.000000    2.027667    5.530000  -1.0062240651E-002
    0.000000    0.000000    2.030000    5.532333  -1.0154183112E-002
    0.000000    0.000000    2.032333    5.534667  -1.0246316792E-002
    0.000000    0.000000    2.034667    5.537000  -1.0338645245E-002
    0.000000    0.000000    2.037000    5.539333  -1.0431172055E-002
    0.000000    0.000000    2.039333    5.541667  -1.0523900835E-002
    0.000000    0.000000    2.041667    5.544000  -1.0616835219E-002
    0.000000    0.000000    2.044000    5.546333  -1.0709978873E-002
    0.000000    0.000000    2.046333    5.548667  -1.0803335485E-002
    0.000000    0.000000    2.048667    5.551000  -1.0896908768E-002
    0.000000    0.000000    2.051000    5.553333  -1.0990702460E-002
    0.000000    0.000000    2.053333    5.555667  -1.1084720322E-002
    0.000000    0.000000    2.055667    5.558000  -1.1178966137E-002
    0.000000    0.000000    2.058000    5.560333  -1.1273443708E-002
    0.000000    0.000000    2.060333    5.562667  -1.1368156860E-002
    0.000000    0.000000    2.062667    5.565000  -1.1463109432E-002
    0.000000    0.000000    2.065000    5.567333  -1.1558305284E-002
    0.000000    0.000000    2.067333    5.569667  -1.1653748289E-002
    0.000000    0.000000    2.069667    5.572000  -1.1749442331E-002
    0.000000    0.000000    2.072000    5.574333  -1.1845391307E-002
    0.000000    0.000000    2.074333    5.576667  -1.1941599123E-002
    0.000000    0.000000    2.076667    5.579000  -1.2038069690E-002
    0.000000    0.000000    2.079000    5.581333  -1.2134806923E-002
    0.000000    0.000000    2.081333    5.583667  -1.2231814740E-002
    0.000000    0.000000    2.083667    5.586000  -1.2329097053E-002
    0.000000    0.000000    2.086000    5.588333  -1.2426657775E-002
    0.000000    0.000000    2.088333    5.590667  -1.2524500806E-002
    0.000000    0.000000    2.090667    5.593000  -1.2622630037E-002
    0.000000    0.000000    2.093000    5.595333  -1.2721049346E-002
    0.000000    0.000000    2.095333    5.597667  -1.2819762589E-002
    0.000000    0.000000    2.097667    5.600000  -1.2918773602E-002
    0.000000    0.000000    2.100000    5.602333  -1.3018086193E-002
    0.000000    0.000000    2.102333    5.604667  -1.3117704142E-002
    0.000000    0.000000    2.104667    5.607000  -1.3217631191E-002
    0.000000    0.000000    2.107000    5.609333  -1.3317871043E-002
    0.000000    0.000000    2.109333    5.611667  -1.3418427358E-002
    0.000000    0.000000    2.111667    5.614000  -1.3519303746E-002
    0.000000    0.000000    2.114000    5.616333  -1.3620503762E-002
    0.000000    0.000000    2.116333    5.618667  -1.3722030900E-002
    0.000000    0.000000    2.118667    5.621000  -1.3823888591E-002
    0.000000    0.000000    2.121000    5.623333  -1.3926080194E-002
    0.000000    0.000000    2.123333    5.625667  -1.4028608991E-002
    0.000000    0.000000    2.125667    5.628000  -1.4131478180E-002
    0.000000    0.000000    2.128000    5.630333  -1.4234690873E-002
    0.000000    0.000000    2.130333    5.632667  -1.4338250083E-002
    0.000000    0.000000    2.132667    5.635000  -1.4442158724E-002
    0.000000    0.000000    2.135000    5.637333  -1.4546419599E-002
    0.000000    0.000000    2.137333    5.639667  -1.4651035397E-002
    0.000000    0.000000    2.139667    5.642000  -1.4756008686E-002
    0.000000    0.000000    2.142000    5.644333  -1.4861341901E-002
    0.000000    0.000000    2.144333    5.646667  -1.4967037344E-002
    0.000000    0.000000    2.146667    5.649000  -1.5073097171E-002
    0.000000    0.000000    2.149000    5.651333  -1.5179523387E-002
    0.000000    0.000000    2.151333    5.653667  -1.5286317840E-002
    0.000000    0.000000    2.153667    5.656000  -1.5393482208E-002
    0.000000    0.000000    2.156000    5.658333  -1.5501017998E-002
    0.000000    0.000000    2.158333    5.660667  -1.5608926533E-002
    0.000000    0.000000    2.160667    5.663000  -1.5717208950E-002
    0.000000    0.000000    2.163000    5.665333  -1.5825866183E-002
    0.000000    0.000000    2.165333    5.667667  -1.5934898967E-002
    0.000000    0.000000    2.167667    5.670000  -1.6044307819E-002
    0.000000    0.000000    2.170000    5.672333  -1.6154093039E-002
    0.000000    0.000000    2.172333    5.674667  -1.6264254697E-002
    0.000000    0.000000    2.174667    5.677000  -1.6374792629E-002
    0.000000    0.000000    2.177000    5.679333  -1.6485706427E-002
    0.000000    0.000000    2.179333    5.681667  -1.6596995434E-002
    0.000000    0.000000    2.181667    5.684000  -1.6708658733E-002
    0.000000    0.000000    2.184000    5.686333  -1.6820695149E-002
    0.000000    0.000000    2.186333    5.688667  -1.6933103231E-002
    0.000000    0.000000    2.188667    5.691000  -1.7045881257E-002
    0.000000    0.000000    2.191000    5.693333  -1.7159027220E-002
    0.000000    0.000000    2.193333    5.695667  -1.7272538828E-002
    0.000000    0.000000    2.195667    5.698000  -1.7386413500E-002
    0.000000    0.000000    2.198000    5.700333  -1.7500648356E-002
    0.000000    0.000000    2.200333    5.702667  -1.7615240220E-002
    0.000000    0.000000    2.202667    5.705000  -1.7730185617E-002
    0.000000    0.000000    2.205000    5.707333  -1.7845480768E-002
    0.000000    0.000000    2.207333    5.709667  -1.7961121592E-002
    0.000000    0.000000    2.209667    5.712000  -1.8077103707E-002
    0.000000    0.000000    2.212000    5.714333  -1.8193422428E-002
    0.000000    0.000000    2.214333    5.716667  -1.8310072777E-002
    0.000000    0.000000    2.216667    5.719000  -1.8427049479E-002
    0.000000    0.000000    2.219000    5.721333  -1.8544346975E-002
    0.000000    0.000000    2.221333    5.723667  -1.8661959426E-002
    0.000000    0.000000    2.223667    5.726000  -1.8779880724E-002
    0.000000    0.000000    2.226000    5.728333  -1.8898104500E-002
    0.000000    0.000000    2.228333    5.730667  -1.9016624144E-002
    0.000000    0.000000    2.230667    5.733000  -1.9135432816E-002
    0.000000    0.000000    2.233000    5.735333  -1.9254523465E-002
    0.000000    0.000000    2.235333    5.737667  -1.9373888852E-002
    0.000000    0.000000    2.237667    5.740000  -1.9493521571E-002
    0.000000    0.000000    2.240000    5.742333  -1.9613414077E-002
    0.000000    0.000000    2.242333    5.744667  -1.9733558716E-002
    0.000000    0.000000    2.244667    5.747000  -1.9853947757E-002
    0.000000    0.000000    2.247000    5.749333  -1.9974573428E-002
    0.000000    0.000000    2.249333    5.751667  -2.0095427960E-002
    0.000000    0.000000    2.251667    5.754000  -2.0216503622E-002
    0.000000    0.000000    2.254000    5.756333  -2.0337792776E-002
    0.000000    0.000000    2.256333    5.758667  -2.0459287925E-002
    0.000000    0.000000    2.258667    5.761000  -2.0580981767E-002
    0.000000    0.000000    2.261000    5.763333  -2.0702867257E-002
    0.000000    0.000000    2.263333    5.765667  -2.0824937664E-002
    0.000000    0.000000    2.265667    5.768000  -2.0947186645E-002
    0.000000    0.000000    2.268000    5.770333  -2.1069608310E-002
    0.000000    0.000000    2.270333    5.772667  -2.1192197297E-002
    0.000000    0.000000    2.272667    5.775000  -2.1314948853E-002
    0.000000    0.000000    2.275000    5.777333  -2.1437858913E-002
    0.000000    0.000000    2.277333    5.779667  -2.1560924183E-002
    0.000000    0.000000    2.279667    5.782000  -2.1684142228E-002
    0.000000    0.000000    2.282000    5.784333  -2.1807511564E-002
    0.000000    0.000000    2.284333    5.786667  -2.1931031743E-002
    0.000000    0.000000    2.286667    5.789000  -2.2054703453E-002
    0.000000    0.000000    2.289000    5.791333  -2.2178528602E-002
    0.000000    0.000000    2.291333    5.793667  -2.2302510421E-002
    0.000000    0.000000    2.293667    5.796000  -2.2426653547E-002
    0.000000    0.000000    2.296000    5.798333  -2.2550964118E-002
    0.000000    0.000000    2.298333    5.800667  -2.2675449858E-002
    0.000000    0.000000    2.300667    5.803000  -2.2800120162E-002
    0.000000    0.000000    2.303000    5.805333  -2.2924986173E-002
    0.000000    0.000000    2.305333    5.807667  -2.3050060854E-002
    0.000000    0.000000    2.307667    5.810000  -2.3175359051E-002
    0.000000    0.000000    2.310000    5.812333  -2.3300897551E-002
    0.000000    0.000000    2.312333    5.814667  -2.3426695121E-002
    0.000000    0.000000    2.314667    5.817000  -2.3552772546E-002
    0.000000    0.000000    2.317000    5.819333  -2.3679152641E-002
    0.000000    0.000000    2.319333    5.821667  -2.3805860260E-002
    0.000000    0.000000    2.321667    5.824000  -2.3932922277E-002
    0.000000    0.000000    2.324000    5.826333  -2.4060367554E-002
    0.000000    0.000000    2.326333    5.828667  -2.4188226887E-002
    0.000000    0.000000    2.328667    5.831000  -2.4316532934E-002
    0.000000    0.000000    2.331000    5.833333  -2.4445320108E-002
    0.000000    0.000000    2.333333    5.835667  -2.4574624460E-002
    0.000000    0.000000    2.335667    5.838000  -2.4704483522E-002
    0.000000    0.000000    2.338000    5.840333  -2.4834936130E-002
    0.000000    0.000000    2.340333    5.842667  -2.4966022217E-002
    0.000000    0.000000    2.342667    5.845000  -2.5097782571E-002
    0.000000    0.000000    2.345000    5.847333  -2.5230258569E-002
    0.000000    0.000000    2.347333    5.849667  -2.5363491874E-002
    0.000000    0.000000    2.349667    5.852000  -2.5497524104E-002
    0.000000    0.000000    2.352000    5.854333  -2.5632396467E-002
    0.000000    0.000000    2.354333    5.856667  -2.5768149365E-002
    0.000000    0.000000    2.356667    5.859000  -2.5904821970E-002
    0.000000    0.000000    2.359000    5.861333  -2.6042451766E-002
    0.000000    0.000000    2.361333    5.863667  -2.6181074064E-002
    0.000000    0.000000    2.363667    5.866000  -2.6320721493E-002
    0.000000    0.000000    2.366000    5.868333  -2.6461423463E-002
    0.000000    0.000000    2.368333    5.870667  -2.6603205608E-002
    0.000000    0.000000    2.370667    5.873000  -2.6746089212E-002
    0.000000    0.000000    2.373000    5.875333  -2.6890090610E-002
    0.000000    0.000000    2.375333    5.877667  -2.7035220593E-002
    0.000000    0.000000    2.377667    5.880000  -2.7181483793E-002
    0.000000    0.000000    2.380000    5.882333  -2.7328878066E-002
    0.000000    0.000000    2.382333    5.884667  -2.7477393886E-002
    0.000000    0.000000    2.384667    5.887000  -2.7627013736E-002
    0.000000    0.000000    2.387000    5.889333  -2.7777711518E-002
    0.000000    0.000000    2.389333    5.891667  -2.7929451981E-002
    0.000000    0.000000    2.391667    5.894000  -2.8082190169E-002
    0.000000    0.000000    2.394000    5.896333  -2.8235870909E-002
    0.000000    0.000000    2.396333    5.898667  -2.8390428328E-002
    0.000000    0.000000    2.398667    5.901000  -2.8545785419E-002
    0.000000    0.000000    2.401000    5.903333  -2.8701853653E-002
    0.000000    0.000000    2.403333    5.905667  -2.8858532649E-002
    0.000000    0.000000    2.405667    5.908000  -2.9015709912E-002
    0.000000    0.000000    2.408000    5.910333  -2.9173260625E-002
    0.000000    0.000000    2.410333    5.912667  -2.9331047532E-002
    0.000000    0.000000    2.412667    5.915000  -2.9488920885E-002
    0.000000    0.000000    2.415000    5.917333  -2.9646718483E-002
    0.000000    0.000000    2.417333    5.919667  -2.9804265797E-002
    0.000000    0.000000    2.419667    5.922000  -2.9961376179E-002
    0.000000    0.000000    2.422000    5.924333  -3.0117851179E-002
    0.000000    0.000000    2.424333    5.926667  -3.0273480939E-002
    0.000000    0.000000    2.426667    5.929000  -3.0428044699E-002
    0.000000    0.000000    2.429000    5.931333  -3.0581311396E-002
    0.000000    0.000000    2.431333    5.933667  -3.0733040349E-002
    0.000000    0.000000    2.433667    5.936000  -3.0882982059E-002
    0.000000    0.000000    2.436000    5.938333  -3.1030879081E-002
    0.000000    0.000000    2.438333    5.940667  -3.1176466996E-002
    0.000000    0.000000    2.440667    5.943000  -3.1319475471E-002
    0.000000    0.000000    2.443000    5.945333  -3.1459629384E-002
    0.000000    0.000000    2.445333    5.947667  -3.1596650040E-002
    0.000000    0.000000    2.447667    5.950000  -3.1730256434E-002
    0.000000    0.000000    2.450000    5.952333  -3.1860166591E-002
    0.000000    0.000000    2.452333    5.954667  -3.1986098937E-002
    0.000000    0.000000    2.454667    5.957000  -3.2107773724E-002
    0.000000    0.000000    2.457000    5.959333  -3.2224914473E-002
    0.000000    0.000000    2.459333    5.961667  -3.2337249445E-002
    0.000000    0.000000    2.461667    5.964000  -3.2444513112E-002
    0.000000    0.000000    2.464000    5.966333  -3.2546447627E-002
    0.000000    0.000000    2.466333    5.968667  -3.2642804279E-002
    0.000000    0.000000    2.468667    5.971000  -3.2733344919E-002
    0.000000    0.000000    2.471000    5.973333  -3.2817843349E-002
    0.000000    0.000000    2.473333    5.975667  -3.2896086654E-002
    0.000000    0.000000    2.475667    5.978000  -3.2967876480E-002
    0.000000    0.000000    2.478000    5.980333  -3.3033030229E-002
    0.000000    0.000000    2.480333    5.982667  -3.3091382182E-002
    0.000000    0.000000    2.482667    5.985000  -3.3142784517E-002
    0.000000    0.000000    2.485000    5.987333  -3.3187108227E-002
    0.000000    0.000000    2.487333    5.989667  -3.3224243937E-002
    0.000000    0.000000    2.489667    5.992000  -3.3254102585E-002
    0.000000    0.000000    2.492000    5.994333  -3.3276615995E-002
    0.000000    0.000000    2.494333    5.996667  -3.3291737309E-002
    0.000000    0.000000    2.496667    5.999000  -3.3299441293E-002
    0.000000    0.000000    2.499000    6.001333  -3.3299724502E-002
    0.000000    0.000000    2.501333    6.003667  -3.3292605308E-002
    0.000000    0.000000    2.503667    6.006000  -3.3278123789E-002
    0.000000    0.000000    2.506000    6.008333  -3.3256341486E-002
    0.000000    0.000000    2.508333    6.010667  -3.3227341016E-002
    0.000000    0.000000    2.510667    6.013000  -3.3191225563E-002
    0.000000    0.000000    2.513000    6.015333  -3.3148118236E-002
    0.000000    0.000000    2.515333    6.017667  -3.3098161304E-002
    0.000000    0.000000    2.517667    6.020000  -3.3041515329E-002
    0.000000    0.000000    2.520000    6.022333  -3.2978358176E-002
    0.000000    0.000000    2.522333    6.024667  -3.2908883938E-002
    0.000000    0.000000    2.524667    6.027000  -3.2833301770E-002
    0.000000    0.000000    2.527000    6.029333  -3.2751834638E-002
    0.000000    0.000000    2.529333    6.031667  -3.2664718016E-002
    0.000000    0.000000    2.531667    6.034000  -3.2572198507E-002
    0.000000    0.000000    2.534000    6.036333  -3.2474532442E-002
    0.000000    0.000000    2.536333    6.038667  -3.2371984427E-002
    0.000000    0.000000    2.538667    6.041000  -3.2264825881E-002
    0.000000    0.000000    2.541000    6.043333  -3.2153333564E-002
    0.000000    0.000000    2.543333    6.045667  -3.2037788099E-002
    0.000000    0.000000    2.545667    6.048000  -3.1918472521E-002
    0.000000    0.000000    2.548000    6.050333  -3.1795670841E-002
    0.000000    0.000000    2.550333    6.052667  -3.1669666650E-002
    0.000000    0.000000    2.552667    6.055000  -3.1540741763E-002
    0.000000    0.000000    2.555000    6.057333  -3.1409174926E-002
    0.000000    0.000000    2.557333    6.059667  -3.1275240578E-002
    0.000000    0.000000    2.559667    6.062000  -3.1139207686E-002
    0.000000    0.000000    2.562000    6.064333  -3.1001338655E-002
    0.000000    0.000000    2.564333    6.066667  -3.0861888321E-002
    0.000000    0.000000    2.566667    6.069000  -3.0721103038E-002
    0.000000    0.000000    2.569000    6.071333  -3.0579219842E-002
    0.000000    0.000000    2.571333    6.073667  -3.0436465723E-002
    0.000000    0.000000    2.573667    6.076000  -3.0293056986E-002
    0.000000    0.000000    2.576000    6.078333  -3.0149198706E-002
    0.000000    0.000000    2.578333    6.080667  -3.0005084291E-002
    0.000000    0.000000    2.580667    6.083000  -2.9860895128E-002
    0.000000    0.000000    2.583000    6.085333  -2.9716800331E-002
    0.000000    0.000000    2.585333    6.087667  -2.9572956582E-002
    0.000000    0.000000    2.587667    6.090000  -2.9429508055E-002
    0.000000    0.000000    2.590000    6.092333  -2.9286586432E-002
    0.000000    0.000000    2.592333    6.094667  -2.9144310990E-002
    0.000000    0.000000    2.594667    6.097000  -2.9002788779E-002
    0.000000    0.000000    2.597000    6.099333  -2.8862114853E-002
    0.000000    0.000000    2.599333    6.101667  -2.8722372578E-002
    0.000000    0.000000    2.601667    6.104000  -2.8583633994E-002
    0.000000    0.000000    2.604000    6.106333  -2.8445960234E-002
    0.000000    0.000000    2.606333    6.108667  -2.8309401978E-002
    0.000000    0.000000    2.608667    6.111000  -2.8173999964E-002
    0.000000    0.000000    2.611000    6.113333  -2.8039785519E-002
    0.000000    0.000000    2.613333    6.115667  -2.7906781121E-002
    0.000000    0.000000    2.615667    6.118000  -2.7775000985E-002
    0.000000    0.000000    2.618000    6.120333  -2.7644451664E-002
    0.000000    0.000000    2.620333    6.122667  -2.7515132657E-002
    0.000000    0.000000    2.622667    6.125000  -2.7387037020E-002
    0.000000    0.000000    2.625000    6.127333  -2.7260151984E-002
    0.000000    0.000000    2.627333    6.129667  -2.7134459556E-002
    0.000000    0.000000    2.629667    6.132000  -2.7009937121E-002
    0.000000    0.000000    2.632000    6.134333  -2.6886558023E-002
    0.000000    0.000000    2.634333    6.136667  -2.6764292129E-002
    0.000000    0.000000    2.636667    6.139000  -2.6643106377E-002
    0.000000    0.000000    2.639000    6.141333  -2.6522965294E-002
    0.000000    0.000000    2.641333    6.143667  -2.6403831495E-002
    0.000000    0.000000    2.643667    6.146000  -2.6285666146E-002
    0.000000    0.000000    2.646000    6.148333  -2.6168429408E-002
    0.000000    0.000000    2.648333    6.150667  -2.6052080842E-002
    0.000000    0.000000    2.650667    6.153000  -2.5936579786E-002
    0.000000    0.000000    2.653000    6.155333  -2.5821885703E-002
    0.000000    0.000000    2.655333    6.157667  -2.5707958491E-002
    0.000000    0.000000    2.657667    6.160000  -2.5594758768E-002
    0.000000    0.000000    2.660000    6.162333  -2.5482248124E-002
    0.000000    0.000000    2.662333    6.164667  -2.5370389338E-002
    0.000000    0.000000    2.664667    6.167000  -2.5259146573E-002
    0.000000    0.000000    2.667000    6.169333  -2.5148485536E-002
    0.000000    0.000000    2.669333    6.171667  -2.5038373616E-002
    0.000000    0.000000    2.671667    6.174000  -2.4928779991E-002
    0.000000    0.000000    2.674000    6.176333  -2.4819675716E-002
    0.000000    0.000000    2.676333    6.178667  -2.4711033786E-002
    0.000000    0.000000    2.678667    6.181000  -2.4602829174E-002
    0.000000    0.000000    2.681000    6.183333  -2.4495038857E-002
    0.000000    0.000000    2.683333    6.185667  -2.4387641817E-002
    0.000000    0.000000    2.685667    6.188000  -2.4280619032E-002
    0.000000    0.000000    2.688000    6.190333  -2.4173953448E-002
    0.000000    0.000000    2.690333    6.192667  -2.4067629941E-002
    0.000000    0.000000    2.692667    6.195000  -2.3961635264E-002
    0.000000    0.000000    2.695000    6.197333  -2.3855957989E-002
    0.000000    0.000000    2.697333    6.199667  -2.3750588439E-002
    0.000000    0.000000    2.699667    6.202000  -2.3645518608E-002
    0.000000    0.000000    2.702000    6.204333  -2.3540742088E-002
    0.000000    0.000000    2.704333    6.206667  -2.3436253975E-002
    0.000000    0.000000    2.706667    6.209000  -2.3332050785E-002
    0.000000    0.000000    2.709000    6.211333  -2.3228130363E-002
    0.000000    0.000000    2.711333    6.213667  -2.3124491788E-002
    0.000000    0.000000    2.713667    6.216000  -2.3021135282E-002
    0.000000    0.000000    2.716000    6.218333  -2.2918062119E-002
    0.000000    0.000000    2.718333    6.220667  -2.2815274530E-002
    0.000000    0.000000    2.720667    6.223000  -2.2712775617E-002
    0.000000    0.000000    2.723000    6.225333  -2.2610569261E-002
    0.000000    0.000000    2.725333    6.227667  -2.2508660042E-002
    0.000000    0.000000    2.727667    6.230000  -2.2407053153E-002
    0.000000    0.000000    2.730000    6.232333  -2.2305754321E-002
    0.000000    0.000000    2.732333    6.234667  -2.2204769736E-002
    0.000000    0.000000    2.734667    6.237000  -2.2104105973E-002
    0.000000    0.000000    2.737000    6.239333  -2.2003769928E-002
    0.000000    0.000000    2.739333    6.241667  -2.1903768755E-002
    0.000000    0.000000    2.741667    6.244000  -2.1804109800E-002
    0.000000    0.000000    2.744000    6.246333  -2.1704800554E-002
    0.000000    0.000000    2.746333    6.248667  -2.1605848592E-002
    0.000000    0.000000    2.748667    6.251000  -2.1507261529E-002
    0.000000    0.000000    2.751000    6.253333  -2.1409046975E-002
    0.000000    0.000000    2.753333    6.255667  -2.1311212495E-002
    0.000000    0.000000    2.755667    6.258000  -2.1213765568E-002
    0.000000    0.000000    2.758000    6.260333  -2.1116713558E-002
    0.000000    0.000000    2.760333    6.262667  -2.1020063682E-002
    0.000000    0.000000    2.762667    6.265000  -2.0923822978E-002
    0.000000    0.000000    2.765000    6.267333  -2.0827998288E-002
    0.000000    0.000000    2.767333    6.269667  -2.0732596231E-002
    0.000000    0.000000    2.769667    6.272000  -2.0637623187E-002
    0.000000    0.000000    2.772000    6.274333  -2.0543085279E-002
    0.000000    0.000000    2.774333    6.276667  -2.0448988360E-002
    0.000000    0.000000    2.776667    6.279000  -2.0355338000E-002
    0.000000    0.000000    2.779000    6.281333  -2.0262139478E-002
    0.000000    0.000000    2.781333    6.283667  -2.0169397772E-002
    0.000000    0.000000    2.783667    6.286000  -2.0077117554E-002
    0.000000    0.000000    2.786000    6.288333  -1.9985303187E-002
    0.000000    0.000000    2.788333    6.290667  -1.9893958719E-002
    0.000000    0.000000    2.790667    6.293000  -1.9803087881E-002
    0.000000    0.000000    2.793000    6.295333  -1.9712694093E-002
    0.000000    0.000000    2.795333    6.297667  -1.9622780456E-002
    0.000000    0.000000    2.797667    6.300000  -1.9533349758E-002
    0.000000    0.000000    2.800000    6.302333  -1.9444404478E-002
    0.000000    0.000000    2.802333    6.304667  -1.9355946786E-002
    0.000000    0.000000    2.804667    6.307000  -1.9267978550E-002
    0.000000    0.000000    2.807000    6.309333  -1.9180501340E-002
    0.000000    0.000000    2.809333    6.311667  -1.9093516432E-002
    0.000000    0.000000    2.811667    6.314000  -1.9007024815E-002
    0.000000    0.000000    2.814000    6.316333  -1.8921027200E-002
    0.000000    0.000000    2.816333    6.318667  -1.8835524021E-002
    0.000000    0.000000    2.818667    6.321000  -1.8750515449E-002
    0.000000    0.000000    2.821000    6.323333  -1.8666001393E-002
    0.000000    0.000000    2.823333    6.325667  -1.8581981512E-002
    0.000000    0.000000    2.825667    6.328000  -1.8498455222E-002
    0.000000    0.000000    2.828000    6.330333  -1.8415421702E-002
    0.000000    0.000000    2.830333    6.332667  -1.8332879906E-002
    0.000000    0.000000    2.832667    6.335000  -1.8250828567E-002
    0.000000    0.000000    2.835000    6.337333  -1.8169266209E-002
    0.000000    0.000000    2.837333    6.339667  -1.8088191152E-002
    0.000000    0.000000    2.839667    6.342000  -1.8007601524E-002
    0.000000    0.000000    2.842000    6.344333  -1.7927495267E-002
    0.000000    0.000000    2.844333    6.346667  -1.7847870146E-002
    0.000000    0.000000    2.846667    6.349000  -1.7768723757E-002
    0.000000    0.000000    2.849000    6.351333  -1.7690053535E-002
    0.000000    0.000000    2.851333    6.353667  -1.7611856765E-002
    0.000000    0.000000    2.853667    6.356000  -1.7534130587E-002
    0.000000    0.000000    2.856000    6.358333  -1.7456872003E-002
    0.000000    0.000000    2.858333    6.360667  -1.7380077889E-002
    0.000000    0.000000    2.860667    6.363000  -1.7303745001E-002
    0.000000    0.000000    2.863000    6.365333  -1.7227869980E-002
    0.000000    0.000000    2.865333    6.367667  -1.7152449364E-002
    0.000000    0.000000    2.867667    6.370000  -1.7077479592E-002
    0.000000    0.000000    2.870000    6.372333  -1.7002957013E-002
    0.000000    0.000000    2.872333    6.374667  -1.6928877892E-002
    0.000000    0.000000    2.874667    6.377000  -1.6855238417E-002
    0.000000    0.000000    2.877000    6.379333  -1.6782034706E-002
    0.000000    0.000000    2.879333    6.381667  -1.6709262815E-002
    0.000000    0.000000    2.881667    6.384000  -1.6636918742E-002
    0.000000    0.000000    2.884000    6.386333  -1.6564998435E-002
    0.000000    0.000000    2.886333    6.388667  -1.6493497795E-002
    0.000000    0.000000    2.888667    6.391000  -1.6422412686E-002
    0.000000    0.000000    2.891000    6.393333  -1.6351738938E-002
    0.000000    0.000000    2.893333    6.395667  -1.6281472354E-002
    0.000000    0.000000    2.895667    6.398000  -1.6211608715E-002
    0.000000    0.000000    2.898000    6.400333  -1.6142143781E-002
    0.000000    0.000000    2.900333    6.402667  -1.6073073304E-002
    0.000000    0.000000    2.902667    6.405000  -1.6004393026E-002
    0.000000    0.000000    2.905000    6.407333  -1.5936098687E-002
    0.000000    0.000000    2.907333    6.409667  -1.5868186025E-002
    0.000000    0.000000    2.909667    6.412000  -1.5800650788E-002
    0.000000    0.000000    2.912000    6.414333  -1.5733488731E-002
    0.000000    0.000000    2.914333    6.416667  -1.5666695621E-002
    0.000000    0.000000    2.916667    6.419000  -1.5600267245E-002
    0.000000    0.000000    2.919000    6.421333  -1.5534199407E-002
    0.000000    0.000000    2.921333    6.423667  -1.5468487939E-002
    0.000000    0.000000    2.923667    6.426000  -1.5403128695E-002
    0.000000    0.000000    2.926000    6.428333  -1.5338117562E-002
    0.000000    0.000000    2.928333    6.430667  -1.5273450458E-002
    0.000000    0.000000    2.930667    6.433000  -1.5209123338E-002
    0.000000    0.000000    2.933000    6.435333  -1.5145132194E-002
    0.000000    0.000000    2.935333    6.437667  -1.5081473056E-002
    0.000000    0.000000    2.937667    6.440000  -1.5018142000E-002
    0.000000    0.000000    2.940000    6.442333  -1.4955135142E-002
    0.000000    0.000000    2.942333    6.444667  -1.4892448649E-002
    0.000000    0.000000    2.944667    6.447000  -1.4830078732E-002
    0.000000    0.000000    2.947000    6.449333  -1.4768021654E-002
    0.000000    0.000000    2.949333    6.451667  -1.4706273727E-002
    0.000000    0.000000    2.951667    6.454000  -1.4644831316E-002
    0.000000    0.000000    2.954000    6.456333  -1.4583690840E-002
    0.000000    0.000000    2.956333    6.458667  -1.4522848772E-002
    0.000000    0.000000    2.958667    6.461000  -1.4462301642E-002
    0.000000    0.000000    2.961000    6.463333  -1.4402046035E-002
    0.000000    0.000000    2.963333    6.465667  -1.4342078592E-002
    0.000000    0.000000    2.965667    6.468000  -1.4282396014E-002
    0.000000    0.000000    2.968000    6.470333  -1.4222995059E-002
    0.000000    0.000000    2.970333    6.472667  -1.4163872545E-002
    0.000000    0.000000    2.972667    6.475000  -1.4105025347E-002
    0.000000    0.000000    2.975000    6.477333  -1.4046450401E-002
    0.000000    0.000000    2.977333    6.479667  -1.3988144702E-002
    0.000000    0.000000    2.979667    6.482000  -1.3930105302E-002
    0.000000    0.000000    2.982000    6.484333  -1.3872329316E-002
    0.000000    0.000000    2.984333    6.486667  -1.3814813916E-002
    0.000000    0.000000    2.986667    6.489000  -1.3757556334E-002
    0.000000    0.000000    2.989000    6.491333  -1.3700553860E-002
    0.000000    0.000000    2.991333    6.493667  -1.3643803843E-002
    0.000000    0.000000    2.993667    6.496000  -1.3587303690E-002
    0.000000    0.000000    2.996000    6.498333  -1.3531050866E-002
    0.000000    0.000000    2.998333    6.500667  -1.3475042892E-002
    0.000000    0.000000    3.000667    6.503000  -1.3419277347E-002
    0.000000    0.000000    3.003000    6.505333  -1.3363751864E-002
    0.000000    0.000000    3.005333    6.507667  -1.3308464133E-002
    0.000000    0.000000    3.007667    6.510000  -1.3253411898E-002
    0.000000    0.000000    3.010000    6.512333  -1.3198592957E-002
    0.000000    0.000000    3.012333    6.514667  -1.3144005160E-002
    0.000000    0.000000    3.014667    6.517000  -1.3089646411E-002
    0.000000    0.000000    3.017000    6.519333  -1.3035514664E-002
    0.000000    0.000000    3.019333    6.521667  -1.2981607923E-002
    0.000000    0.000000    3.021667    6.524000  -1.2927924243E-002
    0.000000    0.000000    3.024000    6.526333  -1.2874461727E-002
    0.000000    0.000000    3.026333    6.528667  -1.2821218525E-002
    0.000000    0.000000    3.028667    6.531000  -1.2768192835E-002
    0.000000    0.000000    3.031000    6.533333  -1.2715382899E-002
    0.000000    0.000000    3.033333    6.535667  -1.2662787005E-002
    0.000000    0.000000    3.035667    6.538000  -1.2610403485E-002
    0.000000    0.000000    3.038000    6.540333  -1.2558230712E-002
    0.000000    0.000000    3.040333    6.542667  -1.2506267102E-002
    0.000000    0.000000    3.042667    6.545000  -1.2454511111E-002
    0.000000    0.000000    3.045000    6.547333  -1.2402961234E-002
    0.000000    0.000000    3.047333    6.549667  -1.2351616005E-002
    0.000000    0.000000    3.049667    6.552000  -1.2300473995E-002
    0.000000    0.000000    3.052000    6.554333  -1.2249533813E-002
    0.000000    0.000000    3.054333    6.556667  -1.2198794102E-002
    0.000000    0.000000    3.056667    6.559000  -1.2148253537E-002
    0.000000    0.000000    3.059000    6.561333  -1.2097910830E-002
    0.000000    0.000000    3.061333    6.563667  -1.2047764724E-002
    0.000000    0.000000    3.063667    6.566000  -1.1997813991E-002
    0.000000    0.000000    3.066000    6.568333  -1.1948057437E-002
    0.000000    0.000000    3.068333    6.570667  -1.1898493893E-002
    0.000000    0.000000    3.070667    6.573000  -1.1849122221E-002
    0.000000    0.000000    3.073000    6.575333  -1.1799941309E-002
    0.000000    0.000000    3.075333    6.577667  -1.1750950071E-002
    0.000000    0.000000    3.077667    6.580000  -1.1702147448E-002
    0.000000    0.000000    3.080000    6.582333  -1.1653532402E-002
    0.000000    0.000000    3.082333    6.584667  -1.1605103921E-002
    0.000000    0.000000    3.084667    6.587000  -1.1556861015E-002
    0.000000    0.000000    3.087000    6.589333  -1.1508802715E-002
    0.000000    0.000000    3.089333    6.591667  -1.1460928073E-002
    0.000000    0.000000    3.091667    6.594000  -1.1413236160E-002
    0.000000    0.000000    3.094000    6.596333  -1.1365726068E-002
    0.000000    0.000000    3.096333    6.598667  -1.1318396904E-002
    0.000000    0.000000    3.098667    6.601000  -1.1271247796E-002
    0.000000    0.000000    3.101000    6.603333  -1.1224277886E-002
    0.000000    0.000000    3.103333    6.605667  -1.1177486333E-002
    0.000000    0.000000    3.105667    6.608000  -1.1130872310E-002
    0.000000    0.000000    3.108000    6.610333  -1.1084435006E-002
    0.000000    0.000000    3.110333    6.612667  -1.1038173622E-002
    0.000000    0.000000    3.112667    6.615000  -1.0992087372E-002
    0.000000    0.000000    3.115000    6.617333  -1.0946175485E-002
    0.000000    0.000000    3.117333    6.619667  -1.0900437199E-002
    0.000000    0.000000    3.119667    6.622000  -1.0854871763E-002
    0.000000    0.000000    3.122000    6.624333  -1.0809478438E-002
    0.000000    0.000000    3.124333    6.626667  -1.0764256493E-002
    0.000000    0.000000    3.126667    6.629000  -1.0719205209E-002
    0.000000    0.000000    3.129000    6.631333  -1.0674323874E-002
    0.000000    0.000000    3.131333    6.633667  -1.0629611784E-002
    0.000000    0.000000    3.133667    6.636000  -1.0585068244E-002
    0.000000    0.000000    3.136000    6.638333  -1.0540692564E-002
    0.000000    0.000000    3.138333    6.640667  -1.0496484064E-002
    0.000000    0.000000    3.140667    6.643000  -1.0452442069E-002
    0.000000    0.000000    3.143000    6.645333  -1.0408565909E-002
    0.000000    0.000000    3.145333    6.647667  -1.0364854921E-002
    0.000000    0.000000    3.147667    6.650000  -1.0321308446E-002
    0.000000    0.000000    3.150000    6.652333  -1.0277925831E-002
    0.000000    0.000000    3.152333    6.654667  -1.0234706426E-002
    0.000000    0.000000    3.154667    6.657000  -1.0191649587E-002
    0.000000    0.000000    3.157000    6.659333  -1.0148754673E-002
    0.000000    0.000000    3.159333    6.661667  -1.0106021046E-002
    0.000000    0.000000    3.161667    6.664000  -1.0063448071E-002
    0.000000    0.000000    3.164000    6.666333  -1.0021035118E-002
    0.000000    0.000000    3.166333    6.668667  -9.9787815567E-003
    0.000000    0.000000    3.168667    6.671000  -9.9366867624E-003
    0.000000    0.000000    3.171000    6.673333  -9.8947501107E-003
    0.000000    0.000000    3.173333    6.675667  -9.8529709798E-003
    0.000000    0.000000    3.175667    6.678000  -9.8113487498E-003
    0.000000    0.000000    3.178000    6.680333  -9.7698828026E-003
    0.000000    0.000000    3.180333    6.682667  -9.7285725214E-003
    0.000000    0.000000    3.182667    6.685000  -9.6874172909E-003
    0.000000    0.000000    3.185000    6.687333  -9.6464164971E-003
    0.000000    0.000000    3.187333    6.689667  -9.6055695269E-003
    0.000000    0.000000    3.189667    6.692000  -9.5648757686E-003
    0.000000    0.000000    3.192000    6.694333  -9.5243346110E-003
    0.000000    0.000000    3.194333    6.696667  -9.4839454438E-003
    0.000000    0.000000    3.196667    6.699000  -9.4437076576E-003
    0.000000    0.000000    3.199000    6.701333  -9.4036206433E-003
    0.000000    0.000000    3.201333    6.703667  -9.3636837927E-003
    0.000000    0.000000    3.203667    6.706000  -9.3238964979E-003
    0.000000    0.000000    3.206000    6.708333  -9.2842581517E-003
    0.000000    0.000000    3.208333    6.710667  -9.2447681470E-003
    0.000000    0.000000    3.210667    6.713000  -9.2054258774E-003
    0.000000    0.000000    3.213000    6.715333  -9.1662307368E-003
    0.000000    0.000000    3.215333    6.717667  -9.1271821194E-003
    0.000000    0.000000    3.217667    6.720000  -9.0882794199E-003
    0.000000    0.000000    3.220000    6.722333  -9.0495220332E-003
    0.000000    0.000000    3.222333    6.724667  -9.0109093547E-003
    0.000000    0.000000    3.224667    6.727000  -8.9724407802E-003
    0.000000    0.000000    3.227000    6.729333  -8.9341157058E-003
    0.000000    0.000000    3.229333    6.731667  -8.8959335281E-003
    0.000000    0.000000    3.231667    6.734000  -8.8578936440E-003
    0.000000    0.000000    3.234000    6.736333  -8.8199954513E-003
    0.000000    0.000000    3.236333    6.738667  -8.7822383478E-003
    0.000000    0.000000    3.238667    6.741000  -8.7446217322E-003
    0.000000    0.000000    3.241000    6.743333  -8.7071450038E-003
    0.000000    0.000000    3.243333    6.745667  -8.6698075625E-003
    0.000000    0.000000    3.245667    6.748000  -8.6326088089E-003
    0.000000    0.000000    3.248000    6.750333  -8.5955481446E-003
    0.000000    0.000000    3.250333    6.752667  -8.5586249717E-003
    0.000000    0.000000    3.252667    6.755000  -8.5218386935E-003
    0.000000    0.000000    3.255000    6.757333  -8.4851887141E-003
    0.000000    0.000000    3.257333    6.759667  -8.4486744388E-003
    0.000000    0.000000    3.259667    6.762000  -8.4122952738E-003
    0.000000    0.000000    3.262000    6.764333  -8.3760506268E-003
    0.000000    0.000000    3.264333    6.766667  -8.3399399065E-003
    0.000000    0.000000    3.266667    6.769000  -8.3039625230E-003
    0.000000    0.000000    3.269000    6.771333  -8.2681178879E-003
    0.000000    0.000000    3.271333    6.773667  -8.2324054142E-003
    0.000000    0.000000    3.273667    6.776000  -8.1968245165E-003
    0.000000    0.000000    3.276000    6.778333  -8.1613746111E-003
    0.000000    0.000000    3.278333    6.780667  -8.1260551160E-003
    0.000000    0.000000    3.280667    6.783000  -8.0908654511E-003
    0.000000    0.000000    3.283000    6.785333  -8.0558050379E-003
    0.000000    0.000000    3.285333    6.787667  -8.0208733003E-003
    0.000000    0.000000    3.287667    6.790000  -7.9860696640E-003
    0.000000    0.000000    3.290000    6.792333  -7.9513935569E-003
    0.000000    0.000000    3.292333    6.794667  -7.9168444091E-003
    0.000000    0.000000    3.294667    6.797000  -7.8824216530E-003
    0.000000    0.000000    3.297000    6.799333  -7.8481247235E-003
    0.000000    0.000000    3.299333    6.801667  -7.8139530579E-003
    0.000000    0.000000    3.301667    6.804000  -7.7799060959E-003
    0.000000    0.000000    3.304000    6.806333  -7.7459832800E-003
    0.000000    0.000000    3.306333    6.808667  -7.7121840553E-003
    0.000000    0.000000    3.308667    6.811000  -7.6785078698E-003
    0.000000    0.000000    3.311000    6.813333  -7.6449541742E-003
    0.000000    0.000000    3.313333    6.815667  -7.6115224222E-003
    0.000000    0.000000    3.315667    6.818000  -7.5782120705E-003
    0.000000    0.000000    3.318000    6.820333  -7.5450225789E-003
    0.000000    0.000000    3.320333    6.822667  -7.5119534102E-003
    0.000000    0.000000    3.322667    6.825000  -7.4790040305E-003
    0.000000    0.000000    3.325000    6.827333  -7.4461739092E-003
    0.000000    0.000000    3.327333    6.829667  -7.4134625191E-003
    0.000000    0.000000    3.329667    6.832000  -7.3808693362E-003
    0.000000    0.000000    3.332000    6.834333  -7.3483938401E-003
    0.000000    0.000000    3.334333    6.836667  -7.3160355140E-003
    0.000000    0.000000    3.336667    6.839000  -7.2837938445E-003
    0.000000    0.000000    3.339000    6.841333  -7.2516683219E-003
    0.000000    0.000000    3.341333    6.843667  -7.2196584403E-003
    0.000000    0.000000    3.343667    6.846000  -7.1877636975E-003
    0.000000    0.000000    3.346000    6.848333  -7.1559835950E-003
    0.000000    0.000000    3.348333    6.850667  -7.1243176383E-003
    0.000000    0.000000    3.350667    6.853000  -7.0927653368E-003
    0.000000    0.000000    3.353000    6.855333  -7.0613262037E-003
    0.000000    0.000000    3.355333    6.857667  -7.0299997562E-003
    0.000000    0.000000    3.357667    6.860000  -6.9987855158E-003
    0.000000    0.000000    3.360000    6.862333  -6.9676830077E-003
    0.000000    0.000000    3.362333    6.864667  -6.9366917615E-003
    0.000000    0.000000    3.364667    6.867000  -6.9058113109E-003
    0.000000    0.000000    3.367000    6.869333  -6.8750411935E-003
    0.000000    0.000000    3.369333    6.871667  -6.8443809515E-003
    0.000000    0.000000    3.371667    6.874000  -6.8138301311E-003
    0.000000    0.000000    3.374000    6.876333  -6.7833882828E-003
    0.000000    0.000000    3.376333    6.878667  -6.7530549616E-003
    0.000000    0.000000    3.378667    6.881000  -6.7228297266E-003
    0.000000    0.000000    3.381000    6.883333  -6.6927121412E-003
    0.000000    0.000000    3.383333    6.885667  -6.6627017733E-003
    0.000000    0.000000    3.385667    6.888000  -6.6327981953E-003
    0.000000    0.000000    3.388000    6.890333  -6.6030009837E-003
    0.000000    0.000000    3.390333    6.892667  -6.5733097196E-003
    0.000000    0.000000    3.392667    6.895000  -6.5437239885E-003
    0.000000    0.000000    3.395000    6.897333  -6.5142433804E-003
    0.000000    0.000000    3.397333    6.899667  -6.4848674895E-003
    0.000000    0.000000    3.399667    6.902000  -6.4555959148E-003
    0.000000    0.000000    3.402000    6.904333  -6.4264282596E-003
    0.000000    0.000000    3.404333    6.906667  -6.3973641315E-003
    0.000000    0.000000    3.406667    6.909000  -6.3684031428E-003
    0.000000    0.000000    3.409000    6.911333  -6.3395449102E-003
    0.000000    0.000000    3.411333    6.913667  -6.3107890548E-003
    0.000000    0.000000    3.413667    6.916000  -6.2821352022E-003
    0.000000    0.000000    3.416000    6.918333  -6.2535829824E-003
    0.000000    0.000000    3.418333    6.920667  -6.2251320300E-003
    0.000000    0.000000    3.420667    6.923000  -6.1967819839E-003
    0.000000    0.000000    3.423000    6.925333  -6.1685324875E-003
    0.000000    0.000000    3.425333    6.927667  -6.1403831885E-003
    0.000000    0.000000    3.427667    6.930000  -6.1123337391E-003
    0.000000    0.000000    3.430000    6.932333  -6.0843837959E-003
    0.000000    0.000000    3.432333    6.934667  -6.0565330198E-003
    0.000000    0.000000    3.434667    6.937000  -6.0287810761E-003
    0.000000    0.000000    3.437000    6.939333  -6.0011276345E-003
    0.000000    0.000000    3.439333    6.941667  -5.9735723689E-003
    0.000000    0.000000    3.441667    6.944000  -5.9461149574E-003
    0.000000    0.000000    3.444000    6.946333  -5.9187550828E-003
    0.000000    0.000000    3.446333    6.948667  -5.8914924315E-003
    0.000000    0.000000    3.448667    6.951000  -5.8643266948E-003
    0.000000    0.000000    3.451000    6.953333  -5.8372575676E-003
    0.000000    0.000000    3.453333    6.955667  -5.8102847493E-003
    0.000000    0.000000    3.455667    6.958000  -5.7834079434E-003
    0.000000    0.000000    3.458000    6.960333  -5.7566268574E-003
    0.000000    0.000000    3.460333    6.962667  -5.7299412029E-003
    0.000000    0.000000    3.462667    6.965000  -5.7033506957E-003
    0.000000    0.000000    3.465000    6.967333  -5.6768550552E-003
    0.000000    0.000000    3.467333    6.969667  -5.6504540053E-003
    0.000000    0.000000    3.469667    6.972000  -5.6241472734E-003
    0.000000    0.000000    3.472000    6.974333  -5.5979345910E-003
    0.000000    0.000000    3.474333    6.976667  -5.5718156933E-003
    0.000000    0.000000    3.476667    6.979000  -5.5457903196E-003
    0.000000    0.000000    3.479000    6.981333  -5.5198582127E-003
    0.000000    0.000000    3.481333    6.983667  -5.4940191193E-003
    0.000000    0.000000    3.483667    6.986000  -5.4682727897E-003
    0.000000    0.000000    3.486000    6.988333  -5.4426189778E-003
    0.000000    0.000000    3.488333    6.990667  -5.4170574413E-003
    0.000000    0.000000    3.490667    6.993000  -5.3915879413E-003
    0.000000    0.000000    3.493000    6.995333  -5.3662102425E-003
    0.000000    0.000000    3.495333    6.997667  -5.3409241130E-003
    0.000000    0.000000    3.497667    7.000000  -5.3157293245E-003
