    0.000000    0.000000   -3.500000    0.002333   1.0529104406E-003
    0.000000    0.000000   -3.497667    0.004667   1.0585366902E-003
    0.000000    0.000000   -3.495333    0.007000   1.0641910587E-003
    0.000000    0.000000   -3.493000    0.009333   1.0698736725E-003
    0.000000    0.000000   -3.490667    0.011667   1.0755846582E-003
    0.000000    0.000000   -3.488333    0.014000   1.0813241433E-003
    0.000000    0.000000   -3.486000    0.016333   1.0870922557E-003
    0.000000    0.000000   -3.483667    0.018667   1.0928891242E-003
    0.000000    0.000000   -3.481333    0.021000   1.0987148778E-003
    0.000000    0.000000   -3.479000    0.023333   1.1045696463E-003
    0.000000    0.000000   -3.476667    0.025667   1.1104535601E-003
    0.000000    0.000000   -3.474333    0.028000   1.1163667502E-003
    0.000000    0.000000   -3.472000    0.030333   1.1223093481E-003
    0.000000    0.000000   -3.469667    0.032667   1.1282814862E-003
    0.000000    0.000000   -3.467333    0.035000   1.1342832973E-003
    0.000000    0.000000   -3.465000    0.037333   1.1403149147E-003
    0.000000    0.000000   -3.462667    0.039667   1.1463764727E-003
    0.000000    0.000000   -3.460333    0.042000   1.1524681058E-003
    0.000000    0.000000   -3.458000    0.044333   1.1585899496E-003
    0.000000    0.000000   -3.455667    0.046667   1.1647421399E-003
    0.000000    0.000000   -3.453333    0.049000   1.1709248134E-003
    0.000000    0.000000   -3.451000    0.051333   1.1771381074E-003
    0.000000    0.000000   -3.448667    0.053667   1.1833821599E-003
    0.000000    0.000000   -3.446333    0.056000   1.1896571094E-003
    0.000000    0.000000   -3.444000    0.058333   1.1959630953E-003
    0.000000    0.000000   -3.441667    0.060667   1.2023002574E-003
    0.000000    0.000000   -3.439333    0.063000   1.2086687364E-003
    0.000000    0.000000   -3.437000    0.065333   1.2150686735E-003
    0.000000    0.000000   -3.434667    0.067667   1.2215002107E-003
    0.000000    0.000000   -3.432333    0.070000   1.2279634906E-003
    0.000000    0.000000   -3.430000    0.072333   1.2344586566E-003
    0.000000    0.000000   -3.427667    0.074667   1.2409858527E-003
    0.000000    0.000000   -3.425333    0.077000   1.2475452237E-003
    0.000000    0.000000   -3.423000    0.079333   1.2541369148E-003
    0.000000    0.000000   -3.420667    0.081667   1.2607610724E-003
    0.000000    0.000000   -3.418333    0.084000   1.2674178432E-003
    0.000000    0.000000   -3.416000    0.086333   1.2741073749E-003
    0.000000    0.000000   -3.413667    0.088667   1.2808298156E-003
    0.000000    0.000000   -3.411333    0.091000   1.2875853144E-003
    0.000000    0.000000   -3.409000    0.093333   1.2943740212E-003
    0.000000    0.000000   -3.406667    0.095667   1.3011960862E-003
    0.000000    0.000000   -3.404333    0.098000   1.3080516609E-003
    0.000000    0.000000   -3.402000    0.100333   1.3149408972E-003
    0.000000    0.000000   -3.399667    0.102667   1.3218639477E-003
    0.000000    0.000000   -3.397333    0.105000   1.3288209661E-003
    0.000000    0.000000   -3.395000    0.107333   1.3358121065E-003
    0.000000    0.000000   -3.392667    0.109667   1.3428375240E-003
    0.000000    0.000000   -3.390333    0.112000   1.3498973744E-003
    0.000000    0.000000   -3.388000    0.114333   1.3569918143E-003
    0.000000    0.000000   -3.385667    0.116667   1.3641210009E-003
    0.000000    0.000000   -3.383333    0.119000   1.3712850925E-003
    0.000000    0.000000   -3.381000    0.121333   1.3784842481E-003
    0.000000    0.000000   -3.378667    0.123667   1.3857186273E-003
    0.000000    0.000000   -3.376333    0.126000   1.3929883907E-003
    0.000000    0.000000   -3.374000    0.128333   1.4002936997E-003
    0.000000    0.000000   -3.371667    0.130667   1.4076347165E-003
    0.000000    0.000000   -3.369333    0.133000   1.4150116041E-003
    0.000000    0.000000   -3.367000    0.135333   1.4224245263E-003
    0.000000    0.000000   -3.364667    0.137667   1.4298736477E-003
    0.000000    0.000000   -3.362333    0.140000   1.4373591340E-003
    0.000000    0.000000   -3.360000    0.142333   1.4448811515E-003
    0.000000    0.000000   -3.357667    0.144667   1.4524398673E-003
    0.000000    0.000000   -3.355333    0.147000   1.4600354496E-003
    0.000000    0.000000   -3.353000    0.149333   1.4676680673E-003
    0.000000    0.000000   -3.350667    0.151667   1.4753378901E-003
    0.000000    0.000000   -3.348333    0.154000   1.4830450889E-003
    0.000000    0.000000   -3.346000    0.156333   1.4907898351E-003
    0.000000    0.000000   -3.343667    0.158667   1.4985723012E-003
    0.000000    0.000000   -3.341333    0.161000   1.5063926605E-003
    0.000000    0.000000   -3.339000    0.163333   1.5142510874E-003
    0.000000    0.000000   -3.336667    0.165667   1.5221477569E-003
    0.000000    0.000000   -3.334333    0.168000   1.5300828452E-003
    0.000000    0.000000   -3.332000    0.170333   1.5380565292E-003
    0.000000    0.000000   -3.329667    0.172667   1.5460689868E-003
    0.000000    0.000000   -3.327333    0.175000   1.5541203970E-003
    0.000000    0.000000   -3.325000    0.177333   1.5622109395E-003
    0.000000    0.000000   -3.322667    0.179667   1.5703407950E-003
    0.000000    0.000000   -3.320333    0.182000   1.5785101453E-003
    0.000000    0.000000   -3.318000    0.184333   1.5867191729E-003
    0.000000    0.000000   -3.315667    0.186667   1.5949680616E-003
    0.000000    0.000000   -3.313333    0.189000   1.6032569959E-003
    0.000000    0.000000   -3.311000    0.191333   1.6115861614E-003
    0.000000    0.000000   -3.308667    0.193667   1.6199557446E-003
    0.000000    0.000000   -3.306333    0.196000   1.6283659332E-003
    0.000000    0.000000   -3.304000    0.198333   1.6368169156E-003
    0.000000    0.000000   -3.301667    0.200667   1.6453088815E-003
    0.000000    0.000000   -3.299333    0.203000   1.6538420214E-003
    0.000000    0.000000   -3.297000    0.205333   1.6624165269E-003
    0.000000    0.000000   -3.294667    0.207667   1.6710325907E-003
    0.000000    0.000000   -3.292333    0.210000   1.6796904064E-003
    0.000000    0.000000   -3.290000    0.212333   1.6883901688E-003
    0.000000    0.000000   -3.287667    0.214667   1.6971320735E-003
    0.000000    0.000000   -3.285333    0.217000   1.7059163175E-003
    0.000000    0.000000   -3.283000    0.219333   1.7147430987E-003
    0.000000    0.000000   -3.280667    0.221667   1.7236126159E-003
    0.000000    0.000000   -3.278333    0.224000   1.7325250693E-003
    0.000000    0.000000   -3.276000    0.226333   1.7414806599E-003
    0.000000    0.000000   -3.273667    0.228667   1.7504795901E-003
    0.000000    0.000000   -3.271333    0.231000   1.7595220631E-003
    0.000000    0.000000   -3.269000    0.233333   1.7686082834E-003
    0.000000    0.000000   -3.266667    0.235667   1.7777384566E-003
    0.000000    0.000000   -3.264333    0.238000   1.7869127893E-003
    0.000000    0.000000   -3.262000    0.240333   1.7961314894E-003
    0.000000    0.000000   -3.259667    0.242667   1.8053947659E-003
    0.000000    0.000000   -3.257333    0.245000   1.8147028290E-003
    0.000000    0.000000   -3.255000    0.247333   1.8240558897E-003
    0.000000    0.000000   -3.252667    0.249667   1.8334541608E-003
    0.000000    0.000000   -3.250333    0.252000   1.8428978557E-003
    0.000000    0.000000   -3.248000    0.254333   1.8523871893E-003
    0.000000    0.000000   -3.245667    0.256667   1.8619223775E-003
    0.000000    0.000000   -3.243333    0.259000   1.8715036377E-003
    0.000000    0.000000   -3.241000    0.261333   1.8811311882E-003
    0.000000    0.000000   -3.238667    0.263667   1.8908052487E-003
    0.000000    0.000000   -3.236333    0.266000   1.9005260400E-003
    0.000000    0.000000   -3.234000    0.268333   1.9102937842E-003
    0.000000    0.000000   -3.231667    0.270667   1.9201087046E-003
    0.000000    0.000000   -3.229333    0.273000   1.9299710259E-003
    0.000000    0.000000   -3.227000    0.275333   1.9398809738E-003
    0.000000    0.000000   -3.224667    0.277667   1.9498387756E-003
    0.000000    0.000000   -3.222333    0.280000   1.9598446596E-003
    0.000000    0.000000   -3.220000    0.282333   1.9698988555E-003
    0.000000    0.000000   -3.217667    0.284667   1.9800015943E-003
    0.000000    0.000000   -3.215333    0.287000   1.9901531083E-003
    0.000000    0.000000   -3.213000    0.289333   2.0003536310E-003
    0.000000    0.000000   -3.210667    0.291667   2.0106033975E-003
    0.000000    0.000000   -3.208333    0.294000   2.0209026438E-003
    0.000000    0.000000   -3.206000    0.296333   2.0312516078E-003
    0.000000    0.000000   -3.203667    0.298667   2.0416505282E-003
    0.000000    0.000000   -3.201333    0.301000   2.0520996455E-003
    0.000000    0.000000   -3.199000    0.303333   2.0625992012E-003
    0.000000    0.000000   -3.196667    0.305667   2.0731494386E-003
    0.000000    0.000000   -3.194333    0.308000   2.0837506019E-003
    0.000000    0.000000   -3.192000    0.310333   2.0944029370E-003
    0.000000    0.000000   -3.189667    0.312667   2.1051066913E-003
    0.000000    0.000000   -3.187333    0.315000   2.1158621133E-003
    0.000000    0.000000   -3.185000    0.317333   2.1266694531E-003
    0.000000    0.000000   -3.182667    0.319667   2.1375289624E-003
    0.000000    0.000000   -3.180333    0.322000   2.1484408941E-003
    0.000000    0.000000   -3.178000    0.324333   2.1594055025E-003
    0.000000    0.000000   -3.175667    0.326667   2.1704230437E-003
    0.000000    0.000000   -3.173333    0.329000   2.1814937750E-003
    0.000000    0.000000   -3.171000    0.331333   2.1926179552E-003
    0.000000    0.000000   -3.168667    0.333667   2.2037958448E-003
    0.000000    0.000000   -3.166333    0.336000   2.2150277056E-003
    0.000000    0.000000   -3.164000    0.338333   2.2263138009E-003
    0.000000    0.000000   -3.161667    0.340667   2.2376543958E-003
    0.000000    0.000000   -3.159333    0.343000   2.2490497566E-003
    0.000000    0.000000   -3.157000    0.345333   2.2605001513E-003
    0.000000    0.000000   -3.154667    0.347667   2.2720058495E-003
    0.000000    0.000000   -3.152333    0.350000   2.2835671224E-003
    0.000000    0.000000   -3.150000    0.352333   2.2951842426E-003
    0.000000    0.000000   -3.147667    0.354667   2.3068574845E-003
    0.000000    0.000000   -3.145333    0.357000   2.3185871238E-003
    0.000000    0.000000   -3.143000    0.359333   2.3303734383E-003
    0.000000    0.000000   -3.140667    0.361667   2.3422167068E-003
    0.000000    0.000000   -3.138333    0.364000   2.3541172104E-003
    0.000000    0.000000   -3.136000    0.366333   2.3660752313E-003
    0.000000    0.000000   -3.133667    0.368667   2.3780910535E-003
    0.000000    0.000000   -3.131333    0.371000   2.3901649630E-003
    0.000000    0.000000   -3.129000    0.373333   2.4022972469E-003
    0.000000    0.000000   -3.126667    0.375667   2.4144881946E-003
    0.000000    0.000000   -3.124333    0.378000   2.4267380966E-003
    0.000000    0.000000   -3.122000    0.380333   2.4390472456E-003
    0.000000    0.000000   -3.119667    0.382667   2.4514159358E-003
    0.000000    0.000000   -3.117333    0.385000   2.4638444631E-003
    0.000000    0.000000   -3.115000    0.387333   2.4763331253E-003
    0.000000    0.000000   -3.112667    0.389667   2.4888822218E-003
    0.000000    0.000000   -3.110333    0.392000   2.5014920538E-003
    0.000000    0.000000   -3.108000    0.394333   2.5141629243E-003
    0.000000    0.000000   -3.105667    0.396667   2.5268951382E-003
    0.000000    0.000000   -3.103333    0.399000   2.5396890020E-003
    0.000000    0.000000   -3.101000    0.401333   2.5525448243E-003
    0.000000    0.000000   -3.098667    0.403667   2.5654629151E-003
    0.000000    0.000000   -3.096333    0.406000   2.5784435866E-003
    0.000000    0.000000   -3.094000    0.408333   2.5914871528E-003
    0.000000    0.000000   -3.091667    0.410667   2.6045939294E-003
    0.000000    0.000000   -3.089333    0.413000   2.6177642341E-003
    0.000000    0.000000   -3.087000    0.415333   2.6309983865E-003
    0.000000    0.000000   -3.084667    0.417667   2.6442967080E-003
    0.000000    0.000000   -3.082333    0.420000   2.6576595219E-003
    0.000000    0.000000   -3.080000    0.422333   2.6710871536E-003
    0.000000    0.000000   -3.077667    0.424667   2.6845799303E-003
    0.000000    0.000000   -3.075333    0.427000   2.6981381812E-003
    0.000000    0.000000   -3.073000    0.429333   2.7117622374E-003
    0.000000    0.000000   -3.070667    0.431667   2.7254524319E-003
    0.000000    0.000000   -3.068333    0.434000   2.7392091000E-003
    0.000000    0.000000   -3.066000    0.436333   2.7530325786E-003
    0.000000    0.000000   -3.063667    0.438667   2.7669232068E-003
    0.000000    0.000000   -3.061333    0.441000   2.7808813259E-003
    0.000000    0.000000   -3.059000    0.443333   2.7949072789E-003
    0.000000    0.000000   -3.056667    0.445667   2.8090014110E-003
    0.000000    0.000000   -3.054333    0.448000   2.8231640695E-003
    0.000000    0.000000   -3.052000    0.450333   2.8373956038E-003
    0.000000    0.000000   -3.049667    0.452667   2.8516963652E-003
    0.000000    0.000000   -3.047333    0.455000   2.8660667074E-003
    0.000000    0.000000   -3.045000    0.457333   2.8805069858E-003
    0.000000    0.000000   -3.042667    0.459667   2.8950175584E-003
    0.000000    0.000000   -3.040333    0.462000   2.9095987850E-003
    0.000000    0.000000   -3.038000    0.464333   2.9242510276E-003
    0.000000    0.000000   -3.035667    0.466667   2.9389746505E-003
    0.000000    0.000000   -3.033333    0.469000   2.9537700200E-003
    0.000000    0.000000   -3.031000    0.471333   2.9686375049E-003
    0.000000    0.000000   -3.028667    0.473667   2.9835774758E-003
    0.000000    0.000000   -3.026333    0.476000   2.9985903058E-003
    0.000000    0.000000   -3.024000    0.478333   3.0136763701E-003
    0.000000    0.000000   -3.021667    0.480667   3.0288360463E-003
    0.000000    0.000000   -3.019333    0.483000   3.0440697140E-003
    0.000000    0.000000   -3.017000    0.485333   3.0593777554E-003
    0.000000    0.000000   -3.014667    0.487667   3.0747605548E-003
    0.000000    0.000000   -3.012333    0.490000   3.0902184987E-003
    0.000000    0.000000   -3.010000    0.492333   3.1057519761E-003
    0.000000    0.000000   -3.007667    0.494667   3.1213613783E-003
    0.000000    0.000000   -3.005333    0.497000   3.1370470988E-003
    0.000000    0.000000   -3.003000    0.499333   3.1528095337E-003
    0.000000    0.000000   -3.000667    0.501667   3.1686490812E-003
    0.000000    0.000000   -2.998333    0.504000   3.1845661422E-003
    0.000000    0.000000   -2.996000    0.506333   3.2005611196E-003
    0.000000    0.000000   -2.993667    0.508667   3.2166344190E-003
    0.000000    0.000000   -2.991333    0.511000   3.2327864485E-003
    0.000000    0.000000   -2.989000    0.513333   3.2490176183E-003
    0.000000    0.000000   -2.986667    0.515667   3.2653283413E-003
    0.000000    0.000000   -2.984333    0.518000   3.2817190329E-003
    0.000000    0.000000   -2.982000    0.520333   3.2981901108E-003
    0.000000    0.000000   -2.979667    0.522667   3.3147419954E-003
    0.000000    0.000000   -2.977333    0.525000   3.3313751095E-003
    0.000000    0.000000   -2.975000    0.527333   3.3480898784E-003
    0.000000    0.000000   -2.972667    0.529667   3.3648867300E-003
    0.000000    0.000000   -2.970333    0.532000   3.3817660947E-003
    0.000000    0.000000   -2.968000    0.534333   3.3987284056E-003
    0.000000    0.000000   -2.965667    0.536667   3.4157740983E-003
    0.000000    0.000000   -2.963333    0.539000   3.4329036109E-003
    0.000000    0.000000   -2.961000    0.541333   3.4501173842E-003
    0.000000    0.000000   -2.958667    0.543667   3.4674158618E-003
    0.000000    0.000000   -2.956333    0.546000   3.4847994897E-003
    0.000000    0.000000   -2.954000    0.548333   3.5022687165E-003
    0.000000    0.000000   -2.951667    0.550667   3.5198239939E-003
    0.000000    0.000000   -2.949333    0.553000   3.5374657757E-003
    0.000000    0.000000   -2.947000    0.555333   3.5551945190E-003
    0.000000    0.000000   -2.944667    0.557667   3.5730106831E-003
    0.000000    0.000000   -2.942333    0.560000   3.5909147304E-003
    0.000000    0.000000   -2.940000    0.562333   3.6089071259E-003
    0.000000    0.000000   -2.937667    0.564667   3.6269883373E-003
    0.000000    0.000000   -2.935333    0.567000   3.6451588351E-003
    0.000000    0.000000   -2.933000    0.569333   3.6634190929E-003
    0.000000    0.000000   -2.930667    0.571667   3.6817695866E-003
    0.000000    0.000000   -2.928333    0.574000   3.7002107953E-003
    0.000000    0.000000   -2.926000    0.576333   3.7187432008E-003
    0.000000    0.000000   -2.923667    0.578667   3.7373672877E-003
    0.000000    0.000000   -2.921333    0.581000   3.7560835437E-003
    0.000000    0.000000   -2.919000    0.583333   3.7748924591E-003
    0.000000    0.000000   -2.916667    0.585667   3.7937945272E-003
    0.000000    0.000000   -2.914333    0.588000   3.8127902444E-003
    0.000000    0.000000   -2.912000    0.590333   3.8318801098E-003
    0.000000    0.000000   -2.909667    0.592667   3.8510646254E-003
    0.000000    0.000000   -2.907333    0.595000   3.8703442965E-003
    0.000000    0.000000   -2.905000    0.597333   3.8897196309E-003
    0.000000    0.000000   -2.902667    0.599667   3.9091911399E-003
    0.000000    0.000000   -2.900333    0.602000   3.9287593375E-003
    0.000000    0.000000   -2.898000    0.604333   3.9484247407E-003
    0.000000    0.000000   -2.895667    0.606667   3.9681878697E-003
    0.000000    0.000000   -2.893333    0.609000   3.9880492476E-003
    0.000000    0.000000   -2.891000    0.611333   4.0080094007E-003
    0.000000    0.000000   -2.888667    0.613667   4.0280688584E-003
    0.000000    0.000000   -2.886333    0.616000   4.0482281530E-003
    0.000000    0.000000   -2.884000    0.618333   4.0684878202E-003
    0.000000    0.000000   -2.881667    0.620667   4.0888483985E-003
    0.000000    0.000000   -2.879333    0.623000   4.1093104300E-003
    0.000000    0.000000   -2.877000    0.625333   4.1298744594E-003
    0.000000    0.000000   -2.874667    0.627667   4.1505410351E-003
    0.000000    0.000000   -2.872333    0.630000   4.1713107084E-003
    0.000000    0.000000   -2.870000    0.632333   4.1921840339E-003
    0.000000    0.000000   -2.867667    0.634667   4.2131615694E-003
    0.000000    0.000000   -2.865333    0.637000   4.2342438760E-003
    0.000000    0.000000   -2.863000    0.639333   4.2554315179E-003
    0.000000    0.000000   -2.860667    0.641667   4.2767250628E-003
    0.000000    0.000000   -2.858333    0.644000   4.2981250816E-003
    0.000000    0.000000   -2.856000    0.646333   4.3196321484E-003
    0.000000    0.000000   -2.853667    0.648667   4.3412468407E-003
    0.000000    0.000000   -2.851333    0.651000   4.3629697393E-003
    0.000000    0.000000   -2.849000    0.653333   4.3848014286E-003
    0.000000    0.000000   -2.846667    0.655667   4.4067424960E-003
    0.000000    0.000000   -2.844333    0.658000   4.4287935325E-003
    0.000000    0.000000   -2.842000    0.660333   4.4509551324E-003
    0.000000    0.000000   -2.839667    0.662667   4.4732278935E-003
    0.000000    0.000000   -2.837333    0.665000   4.4956124171E-003
    0.000000    0.000000   -2.835000    0.667333   4.5181093077E-003
    0.000000    0.000000   -2.832667    0.669667   4.5407191734E-003
    0.000000    0.000000   -2.830333    0.672000   4.5634426259E-003
    0.000000    0.000000   -2.828000    0.674333   4.5862802803E-003
    0.000000    0.000000   -2.825667    0.676667   4.6092327551E-003
    0.000000    0.000000   -2.823333    0.679000   4.6323006725E-003
    0.000000    0.000000   -2.821000    0.681333   4.6554846581E-003
    0.000000    0.000000   -2.818667    0.683667   4.6787853411E-003
    0.000000    0.000000   -2.816333    0.686000   4.7022033545E-003
    0.000000    0.000000   -2.814000    0.688333   4.7257393344E-003
    0.000000    0.000000   -2.811667    0.690667   4.7493939211E-003
    0.000000    0.000000   -2.809333    0.693000   4.7731677580E-003
    0.000000    0.000000   -2.807000    0.695333   4.7970614924E-003
    0.000000    0.000000   -2.804667    0.697667   4.8210757752E-003
    0.000000    0.000000   -2.802333    0.700000   4.8452112611E-003
    0.000000    0.000000   -2.800000    0.702333   4.8694686082E-003
    0.000000    0.000000   -2.797667    0.704667   4.8938484786E-003
    0.000000    0.000000   -2.795333    0.707000   4.9183515378E-003
    0.000000    0.000000   -2.793000    0.709333   4.9429784554E-003
    0.000000    0.000000   -2.790667    0.711667   4.9677299045E-003
    0.000000    0.000000   -2.788333    0.714000   4.9926065620E-003
    0.000000    0.000000   -2.786000    0.716333   5.0176091086E-003
    0.000000    0.000000   -2.783667    0.718667   5.0427382288E-003
    0.000000    0.000000   -2.781333    0.721000   5.0679946109E-003
    0.000000    0.000000   -2.779000    0.723333   5.0933789470E-003
    0.000000    0.000000   -2.776667    0.725667   5.1188919332E-003
    0.000000    0.000000   -2.774333    0.728000   5.1445342691E-003
    0.000000    0.000000   -2.772000    0.730333   5.1703066586E-003
    0.000000    0.000000   -2.769667    0.732667   5.1962098093E-003
    0.000000    0.000000   -2.767333    0.735000   5.2222444325E-003
    0.000000    0.000000   -2.765000    0.737333   5.2484112437E-003
    0.000000    0.000000   -2.762667    0.739667   5.2747109623E-003
    0.000000    0.000000   -2.760333    0.742000   5.3011443115E-003
    0.000000    0.000000   -2.758000    0.744333   5.3277120186E-003
    0.000000    0.000000   -2.755667    0.746667   5.3544148149E-003
    0.000000    0.000000   -2.753333    0.749000   5.3812534355E-003
    0.000000    0.000000   -2.751000    0.751333   5.4082286197E-003
    0.000000    0.000000   -2.748667    0.753667   5.4353411108E-003
    0.000000    0.000000   -2.746333    0.756000   5.4625916560E-003
    0.000000    0.000000   -2.744000    0.758333   5.4899810068E-003
    0.000000    0.000000   -2.741667    0.760667   5.5175099186E-003
    0.000000    0.000000   -2.739333    0.763000   5.5451791508E-003
    0.000000    0.000000   -2.737000    0.765333   5.5729894671E-003
    0.000000    0.000000   -2.734667    0.767667   5.6009416352E-003
    0.000000    0.000000   -2.732333    0.770000   5.6290364271E-003
    0.000000    0.000000   -2.730000    0.772333   5.6572746186E-003
    0.000000    0.000000   -2.727667    0.774667   5.6856569900E-003
    0.000000    0.000000   -2.725333    0.777000   5.7141843256E-003
    0.000000    0.000000   -2.723000    0.779333   5.7428574140E-003
    0.000000    0.000000   -2.720667    0.781667   5.7716770479E-003
    0.000000    0.000000   -2.718333    0.784000   5.8006440243E-003
    0.000000    0.000000   -2.716000    0.786333   5.8297591443E-003
    0.000000    0.000000   -2.713667    0.788667   5.8590232134E-003
    0.000000    0.000000   -2.711333    0.791000   5.8884370413E-003
    0.000000    0.000000   -2.709000    0.793333   5.9180014420E-003
    0.000000    0.000000   -2.706667    0.795667   5.9477172338E-003
    0.000000    0.000000   -2.704333    0.798000   5.9775852392E-003
    0.000000    0.000000   -2.702000    0.800333   6.0076062852E-003
    0.000000    0.000000   -2.699667    0.802667   6.0377812030E-003
    0.000000    0.000000   -2.697333    0.805000   6.0681108282E-003
    0.000000    0.000000   -2.695000    0.807333   6.0985960007E-003
    0.000000    0.000000   -2.692667    0.809667   6.1292375650E-003
    0.000000    0.000000   -2.690333    0.812000   6.1600363696E-003
    0.000000    0.000000   -2.688000    0.814333   6.1909932678E-003
    0.000000    0.000000   -2.685667    0.816667   6.2221091170E-003
    0.000000    0.000000   -2.683333    0.819000   6.2533847794E-003
    0.000000    0.000000   -2.681000    0.821333   6.2848211213E-003
    0.000000    0.000000   -2.678667    0.823667   6.3164190135E-003
    0.000000    0.000000   -2.676333    0.826000   6.3481793316E-003
    0.000000    0.000000   -2.674000    0.828333   6.3801029553E-003
    0.000000    0.000000   -2.671667    0.830667   6.4121907690E-003
    0.000000    0.000000   -2.669333    0.833000   6.4444436617E-003
    0.000000    0.000000   -2.667000    0.835333   6.4768625266E-003
    0.000000    0.000000   -2.664667    0.837667   6.5094482618E-003
    0.000000    0.000000   -2.662333    0.840000   6.5422017698E-003
    0.000000    0.000000   -2.660000    0.842333   6.5751239576E-003
    0.000000    0.000000   -2.657667    0.844667   6.6082157370E-003
    0.000000    0.000000   -2.655333    0.847000   6.6414780242E-003
    0.000000    0.000000   -2.653000    0.849333   6.6749117401E-003
    0.000000    0.000000   -2.650667    0.851667   6.7085178101E-003
    0.000000    0.000000   -2.648333    0.854000   6.7422971645E-003
    0.000000    0.000000   -2.646000    0.856333   6.7762507379E-003
    0.000000    0.000000   -2.643667    0.858667   6.8103794700E-003
    0.000000    0.000000   -2.641333    0.861000   6.8446843046E-003
    0.000000    0.000000   -2.639000    0.863333   6.8791661908E-003
    0.000000    0.000000   -2.636667    0.865667   6.9138260820E-003
    0.000000    0.000000   -2.634333    0.868000   6.9486649364E-003
    0.000000    0.000000   -2.632000    0.870333   6.9836837170E-003
    0.000000    0.000000   -2.629667    0.872667   7.0188833915E-003
    0.000000    0.000000   -2.627333    0.875000   7.0542649324E-003
    0.000000    0.000000   -2.625000    0.877333   7.0898293167E-003
    0.000000    0.000000   -2.622667    0.879667   7.1255775266E-003
    0.000000    0.000000   -2.620333    0.882000   7.1615105488E-003
    0.000000    0.000000   -2.618000    0.884333   7.1976293749E-003
    0.000000    0.000000   -2.615667    0.886667   7.2339350012E-003
    0.000000    0.000000   -2.613333    0.889000   7.2704284290E-003
    0.000000    0.000000   -2.611000    0.891333   7.3071106644E-003
    0.000000    0.000000   -2.608667    0.893667   7.3439827182E-003
    0.000000    0.000000   -2.606333    0.896000   7.3810456062E-003
    0.000000    0.000000   -2.604000    0.898333   7.4183003490E-003
    0.000000    0.000000   -2.601667    0.900667   7.4557479723E-003
    0.000000    0.000000   -2.599333    0.903000   7.4933895063E-003
    0.000000    0.000000   -2.597000    0.905333   7.5312259864E-003
    0.000000    0.000000   -2.594667    0.907667   7.5692584529E-003
    0.000000    0.000000   -2.592333    0.910000   7.6074879509E-003
    0.000000    0.000000   -2.590000    0.912333   7.6459155306E-003
    0.000000    0.000000   -2.587667    0.914667   7.6845422471E-003
    0.000000    0.000000   -2.585333    0.917000   7.7233691604E-003
    0.000000    0.000000   -2.583000    0.919333   7.7623973355E-003
    0.000000    0.000000   -2.580667    0.921667   7.8016278425E-003
    0.000000    0.000000   -2.578333    0.924000   7.8410617564E-003
    0.000000    0.000000   -2.576000    0.926333   7.8807001571E-003
    0.000000    0.000000   -2.573667    0.928667   7.9205441299E-003
    0.000000    0.000000   -2.571333    0.931000   7.9605947647E-003
    0.000000    0.000000   -2.569000    0.933333   8.0008531566E-003
    0.000000    0.000000   -2.566667    0.935667   8.0413204060E-003
    0.000000    0.000000   -2.564333    0.938000   8.0819976180E-003
    0.000000    0.000000   -2.562000    0.940333   8.1228859030E-003
    0.000000    0.000000   -2.559667    0.942667   8.1639863764E-003
    0.000000    0.000000   -2.557333    0.945000   8.2053001587E-003
    0.000000    0.000000   -2.555000    0.947333   8.2468283757E-003
    0.000000    0.000000   -2.552667    0.949667   8.2885721580E-003
    0.000000    0.000000   -2.550333    0.952000   8.3305326415E-003
    0.000000    0.000000   -2.548000    0.954333   8.3727109673E-003
    0.000000    0.000000   -2.545667    0.956667   8.4151082817E-003
    0.000000    0.000000   -2.543333    0.959000   8.4577257359E-003
    0.000000    0.000000   -2.541000    0.961333   8.5005644865E-003
    0.000000    0.000000   -2.538667    0.963667   8.5436256953E-003
    0.000000    0.000000   -2.536333    0.966000   8.5869105292E-003
    0.000000    0.000000   -2.534000    0.968333   8.6304201602E-003
    0.000000    0.000000   -2.531667    0.970667   8.6741557659E-003
    0.000000    0.000000   -2.529333    0.973000   8.7181185286E-003
    0.000000    0.000000   -2.527000    0.975333   8.7623096364E-003
    0.000000    0.000000   -2.524667    0.977667   8.8067302823E-003
    0.000000    0.000000   -2.522333    0.980000   8.8513816645E-003
    0.000000    0.000000   -2.520000    0.982333   8.8962649868E-003
    0.000000    0.000000   -2.517667    0.984667   8.9413814580E-003
    0.000000    0.000000   -2.515333    0.987000   8.9867322923E-003
    0.000000    0.000000   -2.513000    0.989333   9.0323187093E-003
    0.000000    0.000000   -2.510667    0.991667   9.0781419337E-003
    0.000000    0.000000   -2.508333    0.994000   9.1242031956E-003
    0.000000    0.000000   -2.506000    0.996333   9.1705037306E-003
    0.000000    0.000000   -2.503667    0.998667   9.2170447795E-003
    0.000000    0.000000   -2.501333    1.001000   9.2638275885E-003
    0.000000    0.000000   -2.499000    1.003333   9.3108534091E-003
    0.000000    0.000000   -2.496667    1.005667   9.3581234983E-003
    0.000000    0.000000   -2.494333    1.008000   9.4056391183E-003
    0.000000    0.000000   -2.492000    1.010333   9.4534015369E-003
    0.000000    0.000000   -2.489667    1.012667   9.5014120273E-003
    0.000000    0.000000   -2.487333    1.015000   9.5496718680E-003
    0.000000    0.000000   -2.485000    1.017333   9.5981823431E-003
    0.000000    0.000000   -2.482667    1.019667   9.6469447419E-003
    0.000000    0.000000   -2.480333    1.022000   9.6959603594E-003
    0.000000    0.000000   -2.478000    1.024333   9.7452304959E-003
    0.000000    0.000000   -2.475667    1.026667   9.7947564573E-003
    0.000000    0.000000   -2.473333    1.029000   9.8445395550E-003
    0.000000    0.000000   -2.471000    1.031333   9.8945811057E-003
    0.000000    0.000000   -2.468667    1.033667   9.9448824320E-003
    0.000000    0.000000   -2.466333    1.036000   9.9954448616E-003
    0.000000    0.000000   -2.464000    1.038333   1.0046269728E-002
    0.000000    0.000000   -2.461667    1.040667   1.0097358370E-002
    0.000000    0.000000   -2.459333    1.043000   1.0148712133E-002
    0.000000    0.000000   -2.457000    1.045333   1.0200332365E-002
    0.000000    0.000000   -2.454667    1.047667   1.0252220425E-002
    0.000000    0.000000   -2.452333    1.050000   1.0304377671E-002
    0.000000    0.000000   -2.450000    1.052333   1.0356805472E-002
    0.000000    0.000000   -2.447667    1.054667   1.0409505200E-002
    0.000000    0.000000   -2.445333    1.057000   1.0462478233E-002
    0.000000    0.000000   -2.443000    1.059333   1.0515725954E-002
    0.000000    0.000000   -2.440667    1.061667   1.0569249755E-002
    0.000000    0.000000   -2.438333    1.064000   1.0623051029E-002
    0.000000    0.000000   -2.436000    1.066333   1.0677131177E-002
    0.000000    0.000000   -2.433667    1.068667   1.0731491606E-002
    0.000000    0.000000   -2.431333    1.071000   1.0786133729E-002
    0.000000    0.000000   -2.429000    1.073333   1.0841058964E-002
    0.000000    0.000000   -2.426667    1.075667   1.0896268733E-002
    0.000000    0.000000   -2.424333    1.078000   1.0951764467E-002
    0.000000    0.000000   -2.422000    1.080333   1.1007547601E-002
    0.000000    0.000000   -2.419667    1.082667   1.1063619577E-002
    0.000000    0.000000   -2.417333    1.085000   1.1119981840E-002
    0.000000    0.000000   -2.415000    1.087333   1.1176635844E-002
    0.000000    0.000000   -2.412667    1.089667   1.1233583048E-002
    0.000000    0.000000   -2.410333    1.092000   1.1290824915E-002
    0.000000    0.000000   -2.408000    1.094333   1.1348362917E-002
    0.000000    0.000000   -2.405667    1.096667   1.1406198529E-002
    0.000000    0.000000   -2.403333    1.099000   1.1464333234E-002
    0.000000    0.000000   -2.401000    1.101333   1.1522768519E-002
    0.000000    0.000000   -2.398667    1.103667   1.1581505879E-002
    0.000000    0.000000   -2.396333    1.106000   1.1640546813E-002
    0.000000    0.000000   -2.394000    1.108333   1.1699892828E-002
    0.000000    0.000000   -2.391667    1.110667   1.1759545434E-002
    0.000000    0.000000   -2.389333    1.113000   1.1819506152E-002
    0.000000    0.000000   -2.387000    1.115333   1.1879776503E-002
    0.000000    0.000000   -2.384667    1.117667   1.1940358019E-002
    0.000000    0.000000   -2.382333    1.120000   1.2001252235E-002
    0.000000    0.000000   -2.380000    1.122333   1.2062460694E-002
    0.000000    0.000000   -2.377667    1.124667   1.2123984944E-002
    0.000000    0.000000   -2.375333    1.127000   1.2185826539E-002
    0.000000    0.000000   -2.373000    1.129333   1.2247987040E-002
    0.000000    0.000000   -2.370667    1.131667   1.2310468015E-002
    0.000000    0.000000   -2.368333    1.134000   1.2373271035E-002
    0.000000    0.000000   -2.366000    1.136333   1.2436397680E-002
    0.000000    0.000000   -2.363667    1.138667   1.2499849536E-002
    0.000000    0.000000   -2.361333    1.141000   1.2563628195E-002
    0.000000    0.000000   -2.359000    1.143333   1.2627735254E-002
    0.000000    0.000000   -2.356667    1.145667   1.2692172318E-002
    0.000000    0.000000   -2.354333    1.148000   1.2756940998E-002
    0.000000    0.000000   -2.352000    1.150333   1.2822042911E-002
    0.000000    0.000000   -2.349667    1.152667   1.2887479681E-002
    0.000000    0.000000   -2.347333    1.155000   1.2953252938E-002
    0.000000    0.000000   -2.345000    1.157333   1.3019364317E-002
    0.000000    0.000000   -2.342667    1.159667   1.3085815463E-002
    0.000000    0.000000   -2.340333    1.162000   1.3152608025E-002
    0.000000    0.000000   -2.338000    1.164333   1.3219743658E-002
    0.000000    0.000000   -2.335667    1.166667   1.3287224026E-002
    0.000000    0.000000   -2.333333    1.169000   1.3355050798E-002
    0.000000    0.000000   -2.331000    1.171333   1.3423225650E-002
    0.000000    0.000000   -2.328667    1.173667   1.3491750264E-002
    0.000000    0.000000   -2.326333    1.176000   1.3560626330E-002
    0.000000    0.000000   -2.324000    1.178333   1.3629855544E-002
    0.000000    0.000000   -2.321667    1.180667   1.3699439609E-002
    0.000000    0.000000   -2.319333    1.183000   1.3769380234E-002
    0.000000    0.000000   -2.317000    1.185333   1.3839679137E-002
    0.000000    0.000000   -2.314667    1.187667   1.3910338040E-002
    0.000000    0.000000   -2.312333    1.190000   1.3981358675E-002
    0.000000    0.000000   -2.310000    1.192333   1.4052742778E-002
    0.000000    0.000000   -2.307667    1.194667   1.4124492095E-002
    0.000000    0.000000   -2.305333    1.197000   1.4196608376E-002
    0.000000    0.000000   -2.303000    1.199333   1.4269093380E-002
    0.000000    0.000000   -2.300667    1.201667   1.4341948873E-002
    0.000000    0.000000   -2.298333    1.204000   1.4415176629E-002
    0.000000    0.000000   -2.296000    1.206333   1.4488778426E-002
    0.000000    0.000000   -2.293667    1.208667   1.4562756054E-002
    0.000000    0.000000   -2.291333    1.211000   1.4637111306E-002
    0.000000    0.000000   -2.289000    1.213333   1.4711845985E-002
    0.000000    0.000000   -2.286667    1.215667   1.4786961900E-002
    0.000000    0.000000   -2.284333    1.218000   1.4862460869E-002
    0.000000    0.000000   -2.282000    1.220333   1.4938344715E-002
    0.000000    0.000000   -2.279667    1.222667   1.5014615273E-002
    0.000000    0.000000   -2.277333    1.225000   1.5091274380E-002
    0.000000    0.000000   -2.275000    1.227333   1.5168323886E-002
    0.000000    0.000000   -2.272667    1.229667   1.5245765644E-002
    0.000000    0.000000   -2.270333    1.232000   1.5323601519E-002
    0.000000    0.000000   -2.268000    1.234333   1.5401833381E-002
    0.000000    0.000000   -2.265667    1.236667   1.5480463109E-002
    0.000000    0.000000   -2.263333    1.239000   1.5559492590E-002
    0.000000    0.000000   -2.261000    1.241333   1.5638923718E-002
    0.000000    0.000000   -2.258667    1.243667   1.5718758398E-002
    0.000000    0.000000   -2.256333    1.246000   1.5798998539E-002
    0.000000    0.000000   -2.254000    1.248333   1.5879646062E-002
    0.000000    0.000000   -2.251667    1.250667   1.5960702894E-002
    0.000000    0.000000   -2.249333    1.253000   1.6042170971E-002
    0.000000    0.000000   -2.247000    1.255333   1.6124052237E-002
    0.000000    0.000000   -2.244667    1.257667   1.6206348646E-002
    0.000000    0.000000   -2.242333    1.260000   1.6289062160E-002
    0.000000    0.000000   -2.240000    1.262333   1.6372194748E-002
    0.000000    0.000000   -2.237667    1.264667   1.6455748389E-002
    0.000000    0.000000   -2.235333    1.267000   1.6539725072E-002
    0.000000    0.000000   -2.233000    1.269333   1.6624126792E-002
    0.000000    0.000000   -2.230667    1.271667   1.6708955556E-002
    0.000000    0.000000   -2.228333    1.274000   1.6794213379E-002
    0.000000    0.000000   -2.226000    1.276333   1.6879902283E-002
    0.000000    0.000000   -2.223667    1.278667   1.6966024302E-002
    0.000000    0.000000   -2.221333    1.281000   1.7052581479E-002
    0.000000    0.000000   -2.219000    1.283333   1.7139575865E-002
    0.000000    0.000000   -2.216667    1.285667   1.7227009521E-002
    0.000000    0.000000   -2.214333    1.288000   1.7314884518E-002
    0.000000    0.000000   -2.212000    1.290333   1.7403202936E-002
    0.000000    0.000000   -2.209667    1.292667   1.7491966865E-002
    0.000000    0.000000   -2.207333    1.295000   1.7581178407E-002
    0.000000    0.000000   -2.205000    1.297333   1.7670839669E-002
    0.000000    0.000000   -2.202667    1.299667   1.7760952773E-002
    0.000000    0.000000   -2.200333    1.302000   1.7851519848E-002
    0.000000    0.000000   -2.198000    1.304333   1.7942543035E-002
    0.000000    0.000000   -2.195667    1.306667   1.8034024485E-002
    0.000000    0.000000   -2.193333    1.309000   1.8125966359E-002
    0.000000    0.000000   -2.191000    1.311333   1.8218370828E-002
    0.000000    0.000000   -2.188667    1.313667   1.8311240075E-002
    0.000000    0.000000   -2.186333    1.316000   1.8404576293E-002
    0.000000    0.000000   -2.184000    1.318333   1.8498381686E-002
    0.000000    0.000000   -2.181667    1.320667   1.8592658469E-002
    0.000000    0.000000   -2.179333    1.323000   1.8687408869E-002
    0.000000    0.000000   -2.177000    1.325333   1.8782635124E-002
    0.000000    0.000000   -2.174667    1.327667   1.8878339481E-002
    0.000000    0.000000   -2.172333    1.330000   1.8974524202E-002
    0.000000    0.000000   -2.170000    1.332333   1.9071191558E-002
    0.000000    0.000000   -2.167667    1.334667   1.9168343834E-002
    0.000000    0.000000   -2.165333    1.337000   1.9265983325E-002
    0.000000    0.000000   -2.163000    1.339333   1.9364112338E-002
    0.000000    0.000000   -2.160667    1.341667   1.9462733194E-002
    0.000000    0.000000   -2.158333    1.344000   1.9561848225E-002
    0.000000    0.000000   -2.156000    1.346333   1.9661459775E-002
    0.000000    0.000000   -2.153667    1.348667   1.9761570202E-002
    0.000000    0.000000   -2.151333    1.351000   1.9862181875E-002
    0.000000    0.000000   -2.149000    1.353333   1.9963297177E-002
    0.000000    0.000000   -2.146667    1.355667   2.0064918504E-002
    0.000000    0.000000   -2.144333    1.358000   2.0167048265E-002
    0.000000    0.000000   -2.142000    1.360333   2.0269688882E-002
    0.000000    0.000000   -2.139667    1.362667   2.0372842790E-002
    0.000000    0.000000   -2.137333    1.365000   2.0476512440E-002
    0.000000    0.000000   -2.135000    1.367333   2.0580700293E-002
    0.000000    0.000000   -2.132667    1.369667   2.0685408828E-002
    0.000000    0.000000   -2.130333    1.372000   2.0790640534E-002
    0.000000    0.000000   -2.128000    1.374333   2.0896397919E-002
    0.000000    0.000000   -2.125667    1.376667   2.1002683500E-002
    0.000000    0.000000   -2.123333    1.379000   2.1109499814E-002
    0.000000    0.000000   -2.121000    1.381333   2.1216849409E-002
    0.000000    0.000000   -2.118667    1.383667   2.1324734849E-002
    0.000000    0.000000   -2.116333    1.386000   2.1433158714E-002
    0.000000    0.000000   -2.114000    1.388333   2.1542123598E-002
    0.000000    0.000000   -2.111667    1.390667   2.1651632112E-002
    0.000000    0.000000   -2.109333    1.393000   2.1761686880E-002
    0.000000    0.000000   -2.107000    1.395333   2.1872290547E-002
    0.000000    0.000000   -2.104667    1.397667   2.1983445767E-002
    0.000000    0.000000   -2.102333    1.400000   2.2095155217E-002
    0.000000    0.000000   -2.100000    1.402333   2.2207421586E-002
    0.000000    0.000000   -2.097667    1.404667   2.2320247582E-002
    0.000000    0.000000   -2.095333    1.407000   2.2433635928E-002
    0.000000    0.000000   -2.093000    1.409333   2.2547589366E-002
    0.000000    0.000000   -2.090667    1.411667   2.2662110654E-002
    0.000000    0.000000   -2.088333    1.414000   2.2777202567E-002
    0.000000    0.000000   -2.086000    1.416333   2.2892867900E-002
    0.000000    0.000000   -2.083667    1.418667   2.3009109463E-002
    0.000000    0.000000   -2.081333    1.421000   2.3125930086E-002
    0.000000    0.000000   -2.079000    1.423333   2.3243332617E-002
    0.000000    0.000000   -2.076667    1.425667   2.3361319922E-002
    0.000000    0.000000   -2.074333    1.428000   2.3479894886E-002
    0.000000    0.000000   -2.072000    1.430333   2.3599060413E-002
    0.000000    0.000000   -2.069667    1.432667   2.3718819427E-002
    0.000000    0.000000   -2.067333    1.435000   2.3839174871E-002
    0.000000    0.000000   -2.065000    1.437333   2.3960129707E-002
    0.000000    0.000000   -2.062667    1.439667   2.4081686916E-002
    0.000000    0.000000   -2.060333    1.442000   2.4203849503E-002
    0.000000    0.000000   -2.058000    1.444333   2.4326620490E-002
    0.000000    0.000000   -2.055667    1.446667   2.4450002919E-002
    0.000000    0.000000   -2.053333    1.449000   2.4573999857E-002
    0.000000    0.000000   -2.051000    1.451333   2.4698614389E-002
    0.000000    0.000000   -2.048667    1.453667   2.4823849621E-002
    0.000000    0.000000   -2.046333    1.456000   2.4949708682E-002
    0.000000    0.000000   -2.044000    1.458333   2.5076194723E-002
    0.000000    0.000000   -2.041667    1.460667   2.5203310917E-002
    0.000000    0.000000   -2.039333    1.463000   2.5331060459E-002
    0.000000    0.000000   -2.037000    1.465333   2.5459446566E-002
    0.000000    0.000000   -2.034667    1.467667   2.5588472480E-002
    0.000000    0.000000   -2.032333    1.470000   2.5718141464E-002
    0.000000    0.000000   -2.030000    1.472333   2.5848456806E-002
    0.000000    0.000000   -2.027667    1.474667   2.5979421818E-002
    0.000000    0.000000   -2.025333    1.477000   2.6111039834E-002
    0.000000    0.000000   -2.023000    1.479333   2.6243314214E-002
    0.000000    0.000000   -2.020667    1.481667   2.6376248343E-002
    0.000000    0.000000   -2.018333    1.484000   2.6509845630E-002
    0.000000    0.000000   -2.016000    1.486333   2.6644109508E-002
    0.000000    0.000000   -2.013667    1.488667   2.6779043438E-002
    0.000000    0.000000   -2.011333    1.491000   2.6914650905E-002
    0.000000    0.000000   -2.009000    1.493333   2.7050935421E-002
    0.000000    0.000000   -2.006667    1.495667   2.7187900523E-002
    0.000000    0.000000   -2.004333    1.498000   2.7325549776E-002
    0.000000    0.000000   -2.002000    1.500333   2.7463886772E-002
    0.000000    0.000000   -1.999667    1.502667   2.7602915128E-002
    0.000000    0.000000   -1.997333    1.505000   2.7742638491E-002
    0.000000    0.000000   -1.995000    1.507333   2.7883060535E-002
    0.000000    0.000000   -1.992667    1.509667   2.8024184962E-002
    0.000000    0.000000   -1.990333    1.512000   2.8166015503E-002
    0.000000    0.000000   -1.988000    1.514333   2.8308555917E-002
    0.000000    0.000000   -1.985667    1.516667   2.8451809991E-002
    0.000000    0.000000   -1.983333    1.519000   2.8595781544E-002
    0.000000    0.000000   -1.981000    1.521333   2.8740474424E-002
    0.000000    0.000000   -1.978667    1.523667   2.8885892507E-002
    0.000000    0.000000   -1.976333    1.526000   2.9032039701E-002
    0.000000    0.000000   -1.974000    1.528333   2.9178919945E-002
    0.000000    0.000000   -1.971667    1.530667   2.9326537207E-002
    0.000000    0.000000   -1.969333    1.533000   2.9474895490E-002
    0.000000    0.000000   -1.967000    1.535333   2.9623998824E-002
    0.000000    0.000000   -1.964667    1.537667   2.9773851273E-002
    0.000000    0.000000   -1.962333    1.540000   2.9924456936E-002
    0.000000    0.000000   -1.960000    1.542333   3.0075819939E-002
    0.000000    0.000000   -1.957667    1.544667   3.0227944446E-002
    0.000000    0.000000   -1.955333    1.547000   3.0380834651E-002
    0.000000    0.000000   -1.953000    1.549333   3.0534494783E-002
    0.000000    0.000000   -1.950667    1.551667   3.0688929106E-002
    0.000000    0.000000   -1.948333    1.554000   3.0844141915E-002
    0.000000    0.000000   -1.946000    1.556333   3.1000137543E-002
    0.000000    0.000000   -1.943667    1.558667   3.1156920356E-002
    0.000000    0.000000   -1.941333    1.561000   3.1314494755E-002
    0.000000    0.000000   -1.939000    1.563333   3.1472865178E-002
    0.000000    0.000000   -1.936667    1.565667   3.1632036099E-002
    0.000000    0.000000   -1.934333    1.568000   3.1792012026E-002
    0.000000    0.000000   -1.932000    1.570333   3.1952797507E-002
    0.000000    0.000000   -1.929667    1.572667   3.2114397124E-002
    0.000000    0.000000   -1.927333    1.575000   3.2276815497E-002
    0.000000    0.000000   -1.925000    1.577333   3.2440057284E-002
    0.000000    0.000000   -1.922667    1.579667   3.2604127183E-002
    0.000000    0.000000   -1.920333    1.582000   3.2769029926E-002
    0.000000    0.000000   -1.918000    1.584333   3.2934770287E-002
    0.000000    0.000000   -1.915667    1.586667   3.3101353078E-002
    0.000000    0.000000   -1.913333    1.589000   3.3268783149E-002
    0.000000    0.000000   -1.911000    1.591333   3.3437065394E-002
    0.000000    0.000000   -1.908667    1.593667   3.3606204741E-002
    0.000000    0.000000   -1.906333    1.596000   3.3776206162E-002
    0.000000    0.000000   -1.904000    1.598333   3.3947074670E-002
    0.000000    0.000000   -1.901667    1.600667   3.4118815317E-002
    0.000000    0.000000   -1.899333    1.603000   3.4291433198E-002
    0.000000    0.000000   -1.897000    1.605333   3.4464933449E-002
    0.000000    0.000000   -1.894667    1.607667   3.4639321248E-002
    0.000000    0.000000   -1.892333    1.610000   3.4814601815E-002
    0.000000    0.000000   -1.890000    1.612333   3.4990780413E-002
    0.000000    0.000000   -1.887667    1.614667   3.5167862349E-002
    0.000000    0.000000   -1.885333    1.617000   3.5345852972E-002
    0.000000    0.000000   -1.883000    1.619333   3.5524757675E-002
    0.000000    0.000000   -1.880667    1.621667   3.5704581895E-002
    0.000000    0.000000   -1.878333    1.624000   3.5885331115E-002
    0.000000    0.000000   -1.876000    1.626333   3.6067010858E-002
    0.000000    0.000000   -1.873667    1.628667   3.6249626698E-002
    0.000000    0.000000   -1.871333    1.631000   3.6433184250E-002
    0.000000    0.000000   -1.869000    1.633333   3.6617689175E-002
    0.000000    0.000000   -1.866667    1.635667   3.6803147183E-002
    0.000000    0.000000   -1.864333    1.638000   3.6989564026E-002
    0.000000    0.000000   -1.862000    1.640333   3.7176945505E-002
    0.000000    0.000000   -1.859667    1.642667   3.7365297468E-002
    0.000000    0.000000   -1.857333    1.645000   3.7554625808E-002
    0.000000    0.000000   -1.855000    1.647333   3.7744936468E-002
    0.000000    0.000000   -1.852667    1.649667   3.7936235438E-002
    0.000000    0.000000   -1.850333    1.652000   3.8128528753E-002
    0.000000    0.000000   -1.848000    1.654333   3.8321822501E-002
    0.000000    0.000000   -1.845667    1.656667   3.8516122816E-002
    0.000000    0.000000   -1.843333    1.659000   3.8711435880E-002
    0.000000    0.000000   -1.841000    1.661333   3.8907767926E-002
    0.000000    0.000000   -1.838667    1.663667   3.9105125235E-002
    0.000000    0.000000   -1.836333    1.666000   3.9303514139E-002
    0.000000    0.000000   -1.834000    1.668333   3.9502941019E-002
    0.000000    0.000000   -1.831667    1.670667   3.9703412305E-002
    0.000000    0.000000   -1.829333    1.673000   3.9904934480E-002
    0.000000    0.000000   -1.827000    1.675333   4.0107514076E-002
    0.000000    0.000000   -1.824667    1.677667   4.0311157676E-002
    0.000000    0.000000   -1.822333    1.680000   4.0515871914E-002
    0.000000    0.000000   -1.820000    1.682333   4.0721663476E-002
    0.000000    0.000000   -1.817667    1.684667   4.0928539099E-002
    0.000000    0.000000   -1.815333    1.687000   4.1136505572E-002
    0.000000    0.000000   -1.813000    1.689333   4.1345569735E-002
    0.000000    0.000000   -1.810667    1.691667   4.1555738483E-002
    0.000000    0.000000   -1.808333    1.694000   4.1767018759E-002
    0.000000    0.000000   -1.806000    1.696333   4.1979417563E-002
    0.000000    0.000000   -1.803667    1.698667   4.2192941946E-002
    0.000000    0.000000   -1.801333    1.701000   4.2407599010E-002
    0.000000    0.000000   -1.799000    1.703333   4.2623395913E-002
    0.000000    0.000000   -1.796667    1.705667   4.2840339865E-002
    0.000000    0.000000   -1.794333    1.708000   4.3058438130E-002
    0.000000    0.000000   -1.792000    1.710333   4.3277698024E-002
    0.000000    0.000000   -1.789667    1.712667   4.3498126918E-002
    0.000000    0.000000   -1.787333    1.715000   4.3719732238E-002
    0.000000    0.000000   -1.785000    1.717333   4.3942521461E-002
    0.000000    0.000000   -1.782667    1.719667   4.4166502120E-002
    0.000000    0.000000   -1.780333    1.722000   4.4391681803E-002
    0.000000    0.000000   -1.778000    1.724333   4.4618068149E-002
    0.000000    0.000000   -1.775667    1.726667   4.4845668855E-002
    0.000000    0.000000   -1.773333    1.729000   4.5074491670E-002
    0.000000    0.000000   -1.771000    1.731333   4.5304544398E-002
    0.000000    0.000000   -1.768667    1.733667   4.5535834899E-002
    0.000000    0.000000   -1.766333    1.736000   4.5768371086E-002
    0.000000    0.000000   -1.764000    1.738333   4.6002160926E-002
    0.000000    0.000000   -1.761667    1.740667   4.6237212443E-002
    0.000000    0.000000   -1.759333    1.743000   4.6473533715E-002
    0.000000    0.000000   -1.757000    1.745333   4.6711132872E-002
    0.000000    0.000000   -1.754667    1.747667   4.6950018101E-002
    0.000000    0.000000   -1.752333    1.750000   4.7190197645E-002
    0.000000    0.000000   -1.750000    1.752333   4.7431679799E-002
    0.000000    0.000000   -1.747667    1.754667   4.7674472913E-002
    0.000000    0.000000   -1.745333    1.757000   4.7918585392E-002
    0.000000    0.000000   -1.743000    1.759333   4.8164025696E-002
    0.000000    0.000000   -1.740667    1.761667   4.8410802339E-002
    0.000000    0.000000   -1.738333    1.764000   4.8658923889E-002
    0.000000    0.000000   -1.736000    1.766333   4.8908398969E-002
    0.000000    0.000000   -1.733667    1.768667   4.9159236254E-002
    0.000000    0.000000   -1.731333    1.771000   4.9411444474E-002
    0.000000    0.000000   -1.729000    1.773333   4.9665032415E-002
    0.000000    0.000000   -1.726667    1.775667   4.9920008914E-002
    0.000000    0.000000   -1.724333    1.778000   5.0176382862E-002
    0.000000    0.000000   -1.722000    1.780333   5.0434163203E-002
    0.000000    0.000000   -1.719667    1.782667   5.0693358936E-002
    0.000000    0.000000   -1.717333    1.785000   5.0953979110E-002
    0.000000    0.000000   -1.715000    1.787333   5.1216032829E-002
    0.000000    0.000000   -1.712667    1.789667   5.1479529248E-002
    0.000000    0.000000   -1.710333    1.792000   5.1744477576E-002
    0.000000    0.000000   -1.708000    1.794333   5.2010887072E-002
    0.000000    0.000000   -1.705667    1.796667   5.2278767047E-002
    0.000000    0.000000   -1.703333    1.799000   5.2548126864E-002
    0.000000    0.000000   -1.701000    1.801333   5.2818975936E-002
    0.000000    0.000000   -1.698667    1.803667   5.3091323727E-002
    0.000000    0.000000   -1.696333    1.806000   5.3365179754E-002
    0.000000    0.000000   -1.694000    1.808333   5.3640553578E-002
    0.000000    0.000000   -1.691667    1.810667   5.3917454816E-002
    0.000000    0.000000   -1.689333    1.813000   5.4195893131E-002
    0.000000    0.000000   -1.687000    1.815333   5.4475878234E-002
    0.000000    0.000000   -1.684667    1.817667   5.4757419886E-002
    0.000000    0.000000   -1.682333    1.820000   5.5040527896E-002
    0.000000    0.000000   -1.680000    1.822333   5.5325212120E-002
    0.000000    0.000000   -1.677667    1.824667   5.5611482460E-002
    0.000000    0.000000   -1.675333    1.827000   5.5899348866E-002
    0.000000    0.000000   -1.673000    1.829333   5.6188821334E-002
    0.000000    0.000000   -1.670667    1.831667   5.6479909904E-002
    0.000000    0.000000   -1.668333    1.834000   5.6772624663E-002
    0.000000    0.000000   -1.666000    1.836333   5.7066975740E-002
    0.000000    0.000000   -1.663667    1.838667   5.7362973311E-002
    0.000000    0.000000   -1.661333    1.841000   5.7660627591E-002
    0.000000    0.000000   -1.659000    1.843333   5.7959948841E-002
    0.000000    0.000000   -1.656667    1.845667   5.8260947364E-002
    0.000000    0.000000   -1.654333    1.848000   5.8563633501E-002
    0.000000    0.000000   -1.652000    1.850333   5.8868017638E-002
    0.000000    0.000000   -1.649667    1.852667   5.9174110198E-002
    0.000000    0.000000   -1.647333    1.855000   5.9481921645E-002
    0.000000    0.000000   -1.645000    1.857333   5.9791462479E-002
    0.000000    0.000000   -1.642667    1.859667   6.0102743242E-002
    0.000000    0.000000   -1.640333    1.862000   6.0415774510E-002
    0.000000    0.000000   -1.638000    1.864333   6.0730566897E-002
    0.000000    0.000000   -1.635667    1.866667   6.1047131051E-002
    0.000000    0.000000   -1.633333    1.869000   6.1365477656E-002
    0.000000    0.000000   -1.631000    1.871333   6.1685617431E-002
    0.000000    0.000000   -1.628667    1.873667   6.2007561125E-002
    0.000000    0.000000   -1.626333    1.876000   6.2331319523E-002
    0.000000    0.000000   -1.624000    1.878333   6.2656903440E-002
    0.000000    0.000000   -1.621667    1.880667   6.2984323720E-002
    0.000000    0.000000   -1.619333    1.883000   6.3313591240E-002
    0.000000    0.000000   -1.617000    1.885333   6.3644716904E-002
    0.000000    0.000000   -1.614667    1.887667   6.3977711643E-002
    0.000000    0.000000   -1.612333    1.890000   6.4312586418E-002
    0.000000    0.000000   -1.610000    1.892333   6.4649352213E-002
    0.000000    0.000000   -1.607667    1.894667   6.4988020039E-002
    0.000000    0.000000   -1.605333    1.897000   6.5328600931E-002
    0.000000    0.000000   -1.603000    1.899333   6.5671105946E-002
    0.000000    0.000000   -1.600667    1.901667   6.6015546166E-002
    0.000000    0.000000   -1.598333    1.904000   6.6361932691E-002
    0.000000    0.000000   -1.596000    1.906333   6.6710276644E-002
    0.000000    0.000000   -1.593667    1.908667   6.7060589165E-002
    0.000000    0.000000   -1.591333    1.911000   6.7412881414E-002
    0.000000    0.000000   -1.589000    1.913333   6.7767164567E-002
    0.000000    0.000000   -1.586667    1.915667   6.8123449816E-002
    0.000000    0.000000   -1.584333    1.918000   6.8481748371E-002
    0.000000    0.000000   -1.582000    1.920333   6.8842071452E-002
    0.000000    0.000000   -1.579667    1.922667   6.9204430294E-002
    0.000000    0.000000   -1.577333    1.925000   6.9568836145E-002
    0.000000    0.000000   -1.575000    1.927333   6.9935300262E-002
    0.000000    0.000000   -1.572667    1.929667   7.0303833913E-002
    0.000000    0.000000   -1.570333    1.932000   7.0674448375E-002
    0.000000    0.000000   -1.568000    1.934333   7.1047154932E-002
    0.000000    0.000000   -1.565667    1.936667   7.1421964874E-002
    0.000000    0.000000   -1.563333    1.939000   7.1798889500E-002
    0.000000    0.000000   -1.561000    1.941333   7.2177940109E-002
    0.000000    0.000000   -1.558667    1.943667   7.2559128006E-002
    0.000000    0.000000   -1.556333    1.946000   7.2942464501E-002
    0.000000    0.000000   -1.554000    1.948333   7.3327960900E-002
    0.000000    0.000000   -1.551667    1.950667   7.3715628514E-002
    0.000000    0.000000   -1.549333    1.953000   7.4105478651E-002
    0.000000    0.000000   -1.547000    1.955333   7.4497522620E-002
    0.000000    0.000000   -1.544667    1.957667   7.4891771724E-002
    0.000000    0.000000   -1.542333    1.960000   7.5288237266E-002
    0.000000    0.000000   -1.540000    1.962333   7.5686930544E-002
    0.000000    0.000000   -1.537667    1.964667   7.6087862848E-002
    0.000000    0.000000   -1.535333    1.967000   7.6491045465E-002
    0.000000    0.000000   -1.533000    1.969333   7.6896489674E-002
    0.000000    0.000000   -1.530667    1.971667   7.7304206746E-002
    0.000000    0.000000   -1.528333    1.974000   7.7714207942E-002
    0.000000    0.000000   -1.526000    1.976333   7.8126504518E-002
    0.000000    0.000000   -1.523667    1.978667   7.8541107714E-002
    0.000000    0.000000   -1.521333    1.981000   7.8958028762E-002
    0.000000    0.000000   -1.519000    1.983333   7.9377278885E-002
    0.000000    0.000000   -1.516667    1.985667   7.9798869288E-002
    0.000000    0.000000   -1.514333    1.988000   8.0222811169E-002
    0.000000    0.000000   -1.512000    1.990333   8.0649115709E-002
    0.000000    0.000000   -1.509667    1.992667   8.1077794077E-002
    0.000000    0.000000   -1.507333    1.995000   8.1508857427E-002
    0.000000    0.000000   -1.505000    1.997333   8.1942316899E-002
    0.000000    0.000000   -1.502667    1.999667   8.2378183618E-002
    0.000000    0.000000   -1.500333    2.002000   8.2816468693E-002
    0.000000    0.000000   -1.498000    2.004333   8.3257183220E-002
    0.000000    0.000000   -1.495667    2.006667   8.3700338278E-002
    0.000000    0.000000   -1.493333    2.009000   8.4145944929E-002
    0.000000    0.000000   -1.491000    2.011333   8.4594014224E-002
    0.000000    0.000000   -1.488667    2.013667   8.5044557194E-002
    0.000000    0.000000   -1.486333    2.016000   8.5497584857E-002
    0.000000    0.000000   -1.484000    2.018333   8.5953108218E-002
    0.000000    0.000000   -1.481667    2.020667   8.6411138265E-002
    0.000000    0.000000   -1.479333    2.023000   8.6871685972E-002
    0.000000    0.000000   -1.477000    2.025333   8.7334762301E-002
    0.000000    0.000000   -1.474667    2.027667   8.7800378202E-002
    0.000000    0.000000   -1.472333    2.030000   8.8268544610E-002
    0.000000    0.000000   -1.470000    2.032333   8.8739272453E-002
    0.000000    0.000000   -1.467667    2.034667   8.9212572645E-002
    0.000000    0.000000   -1.465333    2.037000   8.9688456094E-002
    0.000000    0.000000   -1.463000    2.039333   9.0166933698E-002
    0.000000    0.000000   -1.460667    2.041667   9.0648016352E-002
    0.000000    0.000000   -1.458333    2.044000   9.1131714944E-002
    0.000000    0.000000   -1.456000    2.046333   9.1618040358E-002
    0.000000    0.000000   -1.453667    2.048667   9.2107003478E-002
    0.000000    0.000000   -1.451333    2.051000   9.2598615190E-002
    0.000000    0.000000   -1.449000    2.053333   9.3092886380E-002
    0.000000    0.000000   -1.446667    2.055667   9.3589827940E-002
    0.000000    0.000000   -1.444333    2.058000   9.4089450770E-002
    0.000000    0.000000   -1.442000    2.060333   9.4591765778E-002
    0.000000    0.000000   -1.439667    2.062667   9.5096783888E-002
    0.000000    0.000000   -1.437333    2.065000   9.5604516036E-002
    0.000000    0.000000   -1.435000    2.067333   9.6114973178E-002
    0.000000    0.000000   -1.432667    2.069667   9.6628166292E-002
    0.000000    0.000000   -1.430333    2.072000   9.7144106382E-002
    0.000000    0.000000   -1.428000    2.074333   9.7662804478E-002
    0.000000    0.000000   -1.425667    2.076667   9.8184271647E-002
    0.000000    0.000000   -1.423333    2.079000   9.8708518989E-002
    0.000000    0.000000   -1.421000    2.081333   9.9235557647E-002
    0.000000    0.000000   -1.418667    2.083667   9.9765398809E-002
    0.000000    0.000000   -1.416333    2.086000   1.0029805371E-001
    0.000000    0.000000   -1.414000    2.088333   1.0083353365E-001
    0.000000    0.000000   -1.411667    2.090667   1.0137184998E-001
    0.000000    0.000000   -1.409333    2.093000   1.0191301411E-001
    0.000000    0.000000   -1.407000    2.095333   1.0245703754E-001
    0.000000    0.000000   -1.404667    2.097667   1.0300393183E-001
    0.000000    0.000000   -1.402333    2.100000   1.0355370863E-001
    0.000000    0.000000   -1.400000    2.102333   1.0410637968E-001
    0.000000    0.000000   -1.397667    2.104667   1.0466195680E-001
    0.000000    0.000000   -1.395333    2.107000   1.0522045194E-001
    0.000000    0.000000   -1.393000    2.109333   1.0578187714E-001
    0.000000    0.000000   -1.390667    2.111667   1.0634624455E-001
    0.000000    0.000000   -1.388333    2.114000   1.0691356646E-001
    0.000000    0.000000   -1.386000    2.116333   1.0748385529E-001
    0.000000    0.000000   -1.383667    2.118667   1.0805712358E-001
    0.000000    0.000000   -1.381333    2.121000   1.0863338405E-001
    0.000000    0.000000   -1.379000    2.123333   1.0921264954E-001
    0.000000    0.000000   -1.376667    2.125667   1.0979493307E-001
    0.000000    0.000000   -1.374333    2.128000   1.1038024785E-001
    0.000000    0.000000   -1.372000    2.130333   1.1096860724E-001
    0.000000    0.000000   -1.369667    2.132667   1.1156002482E-001
    0.000000    0.000000   -1.367333    2.135000   1.1215451436E-001
    0.000000    0.000000   -1.365000    2.137333   1.1275208983E-001
    0.000000    0.000000   -1.362667    2.139667   1.1335276545E-001
    0.000000    0.000000   -1.360333    2.142000   1.1395655565E-001
    0.000000    0.000000   -1.358000    2.144333   1.1456347511E-001
    0.000000    0.000000   -1.355667    2.146667   1.1517353876E-001
    0.000000    0.000000   -1.353333    2.149000   1.1578676180E-001
    0.000000    0.000000   -1.351000    2.151333   1.1640315969E-001
    0.000000    0.000000   -1.348667    2.153667   1.1702274821E-001
    0.000000    0.000000   -1.346333    2.156000   1.1764554342E-001
    0.000000    0.000000   -1.344000    2.158333   1.1827156167E-001
    0.000000    0.000000   -1.341667    2.160667   1.1890081968E-001
    0.000000    0.000000   -1.339333    2.163000   1.1953333446E-001
    0.000000    0.000000   -1.337000    2.165333   1.2016912340E-001
    0.000000    0.000000   -1.334667    2.167667   1.2080820423E-001
    0.000000    0.000000   -1.332333    2.170000   1.2145059507E-001
    0.000000    0.000000   -1.330000    2.172333   1.2209631442E-001
    0.000000    0.000000   -1.327667    2.174667   1.2274538117E-001
    0.000000    0.000000   -1.325333    2.177000   1.2339781465E-001
    0.000000    0.000000   -1.323000    2.179333   1.2405363458E-001
    0.000000    0.000000   -1.320667    2.181667   1.2471286114E-001
    0.000000    0.000000   -1.318333    2.184000   1.2537551496E-001
    0.000000    0.000000   -1.316000    2.186333   1.2604161715E-001
    0.000000    0.000000   -1.313667    2.188667   1.2671118927E-001
    0.000000    0.000000   -1.311333    2.191000   1.2738425340E-001
    0.000000    0.000000   -1.309000    2.193333   1.2806083212E-001
    0.000000    0.000000   -1.306667    2.195667   1.2874094852E-001
    0.000000    0.000000   -1.304333    2.198000   1.2942462624E-001
    0.000000    0.000000   -1.302000    2.200333   1.3011188945E-001
    0.000000    0.000000   -1.299667    2.202667   1.3080276291E-001
    0.000000    0.000000   -1.297333    2.205000   1.3149727193E-001
    0.000000    0.000000   -1.295000    2.207333   1.3219544242E-001
    0.000000    0.000000   -1.292667    2.209667   1.3289730087E-001
    0.000000    0.000000   -1.290333    2.212000   1.3360287440E-001
    0.000000    0.000000   -1.288000    2.214333   1.3431219077E-001
    0.000000    0.000000   -1.285667    2.216667   1.3502527836E-001
    0.000000    0.000000   -1.283333    2.219000   1.3574216619E-001
    0.000000    0.000000   -1.281000    2.221333   1.3646288398E-001
    0.000000    0.000000   -1.278667    2.223667   1.3718746208E-001
    0.000000    0.000000   -1.276333    2.226000   1.3791593155E-001
    0.000000    0.000000   -1.274000    2.228333   1.3864832414E-001
    0.000000    0.000000   -1.271667    2.230667   1.3938467231E-001
    0.000000    0.000000   -1.269333    2.233000   1.4012500923E-001
    0.000000    0.000000   -1.267000    2.235333   1.4086936881E-001
    0.000000    0.000000   -1.264667    2.237667   1.4161778566E-001
    0.000000    0.000000   -1.262333    2.240000   1.4237029516E-001
    0.000000    0.000000   -1.260000    2.242333   1.4312693343E-001
    0.000000    0.000000   -1.257667    2.244667   1.4388773736E-001
    0.000000    0.000000   -1.255333    2.247000   1.4465274458E-001
    0.000000    0.000000   -1.253000    2.249333   1.4542199350E-001
    0.000000    0.000000   -1.250667    2.251667   1.4619552330E-001
    0.000000    0.000000   -1.248333    2.254000   1.4697337394E-001
    0.000000    0.000000   -1.246000    2.256333   1.4775558616E-001
    0.000000    0.000000   -1.243667    2.258667   1.4854220147E-001
    0.000000    0.000000   -1.241333    2.261000   1.4933326217E-001
    0.000000    0.000000   -1.239000    2.263333   1.5012881136E-001
    0.000000    0.000000   -1.236667    2.265667   1.5092889288E-001
    0.000000    0.000000   -1.234333    2.268000   1.5173355140E-001
    0.000000    0.000000   -1.232000    2.270333   1.5254283232E-001
    0.000000    0.000000   -1.229667    2.272667   1.5335678185E-001
    0.000000    0.000000   -1.227333    2.275000   1.5417544695E-001
    0.000000    0.000000   -1.225000    2.277333   1.5499887533E-001
    0.000000    0.000000   -1.222667    2.279667   1.5582711546E-001
    0.000000    0.000000   -1.220333    2.282000   1.5666021657E-001
    0.000000    0.000000   -1.218000    2.284333   1.5749822860E-001
    0.000000    0.000000   -1.215667    2.286667   1.5834120222E-001
    0.000000    0.000000   -1.213333    2.289000   1.5918918878E-001
    0.000000    0.000000   -1.211000    2.291333   1.6004224037E-001
    0.000000    0.000000   -1.208667    2.293667   1.6090040970E-001
    0.000000    0.000000   -1.206333    2.296000   1.6176375018E-001
    0.000000    0.000000   -1.204000    2.298333   1.6263231582E-001
    0.000000    0.000000   -1.201667    2.300667   1.6350616125E-001
    0.000000    0.000000   -1.199333    2.303000   1.6438534170E-001
    0.000000    0.000000   -1.197000    2.305333   1.6526991296E-001
    0.000000    0.000000   -1.194667    2.307667   1.6615993134E-001
    0.000000    0.000000   -1.192333    2.310000   1.6705545368E-001
    0.000000    0.000000   -1.190000    2.312333   1.6795653729E-001
    0.000000    0.000000   -1.187667    2.314667   1.6886323990E-001
    0.000000    0.000000   -1.185333    2.317000   1.6977561967E-001
    0.000000    0.000000   -1.183000    2.319333   1.7069373513E-001
    0.000000    0.000000   -1.180667    2.321667   1.7161764513E-001
    0.000000    0.000000   -1.178333    2.324000   1.7254740881E-001
    0.000000    0.000000   -1.176000    2.326333   1.7348308558E-001
    0.000000    0.000000   -1.173667    2.328667   1.7442473502E-001
    0.000000    0.000000   -1.171333    2.331000   1.7537241689E-001
    0.000000    0.000000   -1.169000    2.333333   1.7632619103E-001
    0.000000    0.000000   -1.166667    2.335667   1.7728611736E-001
    0.000000    0.000000   -1.164333    2.338000   1.7825225577E-001
    0.000000    0.000000   -1.162000    2.340333   1.7922466613E-001
    0.000000    0.000000   -1.159667    2.342667   1.8020340815E-001
    0.000000    0.000000   -1.157333    2.345000   1.8118854140E-001
    0.000000    0.000000   -1.155000    2.347333   1.8218012520E-001
    0.000000    0.000000   -1.152667    2.349667   1.8317821856E-001
    0.000000    0.000000   -1.150333    2.352000   1.8418288013E-001
    0.000000    0.000000   -1.148000    2.354333   1.8519416812E-001
    0.000000    0.000000   -1.145667    2.356667   1.8621214020E-001
    0.000000    0.000000   -1.143333    2.359000   1.8723685351E-001
    0.000000    0.000000   -1.141000    2.361333   1.8826836447E-001
    0.000000    0.000000   -1.138667    2.363667   1.8930672881E-001
    0.000000    0.000000   -1.136333    2.366000   1.9035200142E-001
    0.000000    0.000000   -1.134000    2.368333   1.9140423630E-001
    0.000000    0.000000   -1.131667    2.370667   1.9246348644E-001
    0.000000    0.000000   -1.129333    2.373000   1.9352980380E-001
    0.000000    0.000000   -1.127000    2.375333   1.9460323916E-001
    0.000000    0.000000   -1.124667    2.377667   1.9568384207E-001
    0.000000    0.000000   -1.122333    2.380000   1.9677166073E-001
    0.000000    0.000000   -1.120000    2.382333   1.9786674191E-001
    0.000000    0.000000   -1.117667    2.384667   1.9896913088E-001
    0.000000    0.000000   -1.115333    2.387000   2.0007887128E-001
    0.000000    0.000000   -1.113000    2.389333   2.0119600504E-001
    0.000000    0.000000   -1.110667    2.391667   2.0232057227E-001
    0.000000    0.000000   -1.108333    2.394000   2.0345261120E-001
    0.000000    0.000000   -1.106000    2.396333   2.0459215801E-001
    0.000000    0.000000   -1.103667    2.398667   2.0573924683E-001
    0.000000    0.000000   -1.101333    2.401000   2.0689390954E-001
    0.000000    0.000000   -1.099000    2.403333   2.0805617573E-001
    0.000000    0.000000   -1.096667    2.405667   2.0922607261E-001
    0.000000    0.000000   -1.094333    2.408000   2.1040362484E-001
    0.000000    0.000000   -1.092000    2.410333   2.1158885454E-001
    0.000000    0.000000   -1.089667    2.412667   2.1278178107E-001
    0.000000    0.000000   -1.087333    2.415000   2.1398242106E-001
    0.000000    0.000000   -1.085000    2.417333   2.1519078821E-001
    0.000000    0.000000   -1.082667    2.419667   2.1640689327E-001
    0.000000    0.000000   -1.080333    2.422000   2.1763074392E-001
    0.000000    0.000000   -1.078000    2.424333   2.1886234470E-001
    0.000000    0.000000   -1.075667    2.426667   2.2010169692E-001
    0.000000    0.000000   -1.073333    2.429000   2.2134879859E-001
    0.000000    0.000000   -1.071000    2.431333   2.2260364435E-001
    0.000000    0.000000   -1.068667    2.433667   2.2386622541E-001
    0.000000    0.000000   -1.066333    2.436000   2.2513652948E-001
    0.000000    0.000000   -1.064000    2.438333   2.2641454077E-001
    0.000000    0.000000   -1.061667    2.440667   2.2770023986E-001
    0.000000    0.000000   -1.059333    2.443000   2.2899360376E-001
    0.000000    0.000000   -1.057000    2.445333   2.3029460585E-001
    0.000000    0.000000   -1.054667    2.447667   2.3160321588E-001
    0.000000    0.000000   -1.052333    2.450000   2.3291939999E-001
    0.000000    0.000000   -1.050000    2.452333   2.3424312069E-001
    0.000000    0.000000   -1.047667    2.454667   2.3557433697E-001
    0.000000    0.000000   -1.045333    2.457000   2.3691300430E-001
    0.000000    0.000000   -1.043000    2.459333   2.3825907471E-001
    0.000000    0.000000   -1.040667    2.461667   2.3961249693E-001
    0.000000    0.000000   -1.038333    2.464000   2.4097321646E-001
    0.000000    0.000000   -1.036000    2.466333   2.4234117575E-001
    0.000000    0.000000   -1.033667    2.468667   2.4371631434E-001
    0.000000    0.000000   -1.031333    2.471000   2.4509856909E-001
    0.000000    0.000000   -1.029000    2.473333   2.4648787439E-001
    0.000000    0.000000   -1.026667    2.475667   2.4788416242E-001
    0.000000    0.000000   -1.024333    2.478000   2.4928736346E-001
    0.000000    0.000000   -1.022000    2.480333   2.5069740620E-001
    0.000000    0.000000   -1.019667    2.482667   2.5211421812E-001
    0.000000    0.000000   -1.017333    2.485000   2.5353772589E-001
    0.000000    0.000000   -1.015000    2.487333   2.5496785584E-001
    0.000000    0.000000   -1.012667    2.489667   2.5640453441E-001
    0.000000    0.000000   -1.010333    2.492000   2.5784768871E-001
    0.000000    0.000000   -1.008000    2.494333   2.5929724712E-001
    0.000000    0.000000   -1.005667    2.496667   2.6075313986E-001
    0.000000    0.000000   -1.003333    2.499000   2.6221529970E-001
    0.000000    0.000000   -1.001000    2.501333   2.6368366266E-001
    0.000000    0.000000   -0.998667    2.503667   2.6515816879E-001
    0.000000    0.000000   -0.996333    2.506000   2.6663876296E-001
    0.000000    0.000000   -0.994000    2.508333   2.6812539572E-001
    0.000000    0.000000   -0.991667    2.510667   2.6961802420E-001
    0.000000    0.000000   -0.989333    2.513000   2.7111661303E-001
    0.000000    0.000000   -0.987000    2.515333   2.7262113533E-001
    0.000000    0.000000   -0.984667    2.517667   2.7413157371E-001
    0.000000    0.000000   -0.982333    2.520000   2.7564792130E-001
    0.000000    0.000000   -0.980000    2.522333   2.7717018282E-001
    0.000000    0.000000   -0.977667    2.524667   2.7869837562E-001
    0.000000    0.000000   -0.975333    2.527000   2.8023253083E-001
    0.000000    0.000000   -0.973000    2.529333   2.8177269438E-001
    0.000000    0.000000   -0.970667    2.531667   2.8331892810E-001
    0.000000    0.000000   -0.968333    2.534000   2.8487131080E-001
    0.000000    0.000000   -0.966000    2.536333   2.8642993927E-001
    0.000000    0.000000   -0.963667    2.538667   2.8799492928E-001
    0.000000    0.000000   -0.961333    2.541000   2.8956641652E-001
    0.000000    0.000000   -0.959000    2.543333   2.9114455745E-001
    0.000000    0.000000   -0.956667    2.545667   2.9272953006E-001
    0.000000    0.000000   -0.954333    2.548000   2.9432153459E-001
    0.000000    0.000000   -0.952000    2.550333   2.9592079403E-001
    0.000000    0.000000   -0.949667    2.552667   2.9752755456E-001
    0.000000    0.000000   -0.947333    2.555000   2.9914208582E-001
    0.000000    0.000000   -0.945000    2.557333   3.0076468096E-001
    0.000000    0.000000   -0.942667    2.559667   3.0239565656E-001
    0.000000    0.000000   -0.940333    2.562000   3.0403535230E-001
    0.000000    0.000000   -0.938000    2.564333   3.0568413038E-001
    0.000000    0.000000   -0.935667    2.566667   3.0734237470E-001
    0.000000    0.000000   -0.933333    2.569000   3.0901048983E-001
    0.000000    0.000000   -0.931000    2.571333   3.1068889955E-001
    0.000000    0.000000   -0.928667    2.573667   3.1237804521E-001
    0.000000    0.000000   -0.926333    2.576000   3.1407838372E-001
    0.000000    0.000000   -0.924000    2.578333   3.1579038521E-001
    0.000000    0.000000   -0.921667    2.580667   3.1751453028E-001
    0.000000    0.000000   -0.919333    2.583000   3.1925130701E-001
    0.000000    0.000000   -0.917000    2.585333   3.2100120751E-001
    0.000000    0.000000   -0.914667    2.587667   3.2276472410E-001
    0.000000    0.000000   -0.912333    2.590000   3.2454234518E-001
    0.000000    0.000000   -0.910000    2.592333   3.2633455069E-001
    0.000000    0.000000   -0.907667    2.594667   3.2814180717E-001
    0.000000    0.000000   -0.905333    2.597000   3.2996456256E-001
    0.000000    0.000000   -0.903000    2.599333   3.3180324058E-001
    0.000000    0.000000   -0.900667    2.601667   3.3365823482E-001
    0.000000    0.000000   -0.898333    2.604000   3.3552990255E-001
    0.000000    0.000000   -0.896000    2.606333   3.3741855822E-001
    0.000000    0.000000   -0.893667    2.608667   3.3932446681E-001
    0.000000    0.000000   -0.891333    2.611000   3.4124783685E-001
    0.000000    0.000000   -0.889000    2.613333   3.4318881344E-001
    0.000000    0.000000   -0.886667    2.615667   3.4514747109E-001
    0.000000    0.000000   -0.884333    2.618000   3.4712380646E-001
    0.000000    0.000000   -0.882000    2.620333   3.4911773125E-001
    0.000000    0.000000   -0.879667    2.622667   3.5112906499E-001
    0.000000    0.000000   -0.877333    2.625000   3.5315752812E-001
    0.000000    0.000000   -0.875000    2.627333   3.5520273512E-001
    0.000000    0.000000   -0.872667    2.629667   3.5726418805E-001
    0.000000    0.000000   -0.870333    2.632000   3.5934127034E-001
    0.000000    0.000000   -0.868000    2.634333   3.6143324100E-001
    0.000000    0.000000   -0.865667    2.636667   3.6353922941E-001
    0.000000    0.000000   -0.863333    2.639000   3.6565823056E-001
    0.000000    0.000000   -0.861000    2.641333   3.6778910098E-001
    0.000000    0.000000   -0.858667    2.643667   3.6993055542E-001
    0.000000    0.000000   -0.856333    2.646000   3.7208116425E-001
    0.000000    0.000000   -0.854000    2.648333   3.7423935174E-001
    0.000000    0.000000   -0.851667    2.650667   3.7640339520E-001
    0.000000    0.000000   -0.849333    2.653000   3.7857142517E-001
    0.000000    0.000000   -0.847000    2.655333   3.8074142654E-001
    0.000000    0.000000   -0.844667    2.657667   3.8291124076E-001
    0.000000    0.000000   -0.842333    2.660000   3.8507856914E-001
    0.000000    0.000000   -0.840000    2.662333   3.8724097724E-001
    0.000000    0.000000   -0.837667    2.664667   3.8939590045E-001
    0.000000    0.000000   -0.835333    2.667000   3.9154065064E-001
    0.000000    0.000000   -0.833000    2.669333   3.9367242396E-001
    0.000000    0.000000   -0.830667    2.671667   3.9578830984E-001
    0.000000    0.000000   -0.828333    2.674000   3.9788530094E-001
    0.000000    0.000000   -0.826000    2.676333   3.9996030429E-001
    0.000000    0.000000   -0.823667    2.678667   4.0201015339E-001
    0.000000    0.000000   -0.821333    2.681000   4.0403162120E-001
    0.000000    0.000000   -0.819000    2.683333   4.0602143414E-001
    0.000000    0.000000   -0.816667    2.685667   4.0797628676E-001
    0.000000    0.000000   -0.814333    2.688000   4.0989285719E-001
    0.000000    0.000000   -0.812000    2.690333   4.1176782317E-001
    0.000000    0.000000   -0.809667    2.692667   4.1359787859E-001
    0.000000    0.000000   -0.807333    2.695000   4.1537975039E-001
    0.000000    0.000000   -0.805000    2.697333   4.1711021573E-001
    0.000000    0.000000   -0.802667    2.699667   4.1878611929E-001
    0.000000    0.000000   -0.800333    2.702000   4.2040439055E-001
    0.000000    0.000000   -0.798000    2.704333   4.2196206090E-001
    0.000000    0.000000   -0.795667    2.706667   4.2345628056E-001
    0.000000    0.000000   -0.793333    2.709000   4.2488433495E-001
    0.000000    0.000000   -0.791000    2.711333   4.2624366059E-001
    0.000000    0.000000   -0.788667    2.713667   4.2753186028E-001
    0.000000    0.000000   -0.786333    2.716000   4.2874671747E-001
    0.000000    0.000000   -0.784000    2.718333   4.2988620963E-001
    0.000000    0.000000   -0.781667    2.720667   4.3094852062E-001
    0.000000    0.000000   -0.779333    2.723000   4.3193205184E-001
    0.000000    0.000000   -0.777000    2.725333   4.3283543215E-001
    0.000000    0.000000   -0.774667    2.727667   4.3365752633E-001
    0.000000    0.000000   -0.772333    2.730000   4.3439744222E-001
    0.000000    0.000000   -0.770000    2.732333   4.3505453628E-001
    0.000000    0.000000   -0.767667    2.734667   4.3562841760E-001
    0.000000    0.000000   -0.765333    2.737000   4.3611895034E-001
    0.000000    0.000000   -0.763000    2.739333   4.3652625455E-001
    0.000000    0.000000   -0.760667    2.741667   4.3685070532E-001
    0.000000    0.000000   -0.758333    2.744000   4.3709293041E-001
    0.000000    0.000000   -0.756000    2.746333   4.3725380620E-001
    0.000000    0.000000   -0.753667    2.748667   4.3733445211E-001
    0.000000    0.000000   -0.751333    2.751000   4.3733622353E-001
    0.000000    0.000000   -0.749000    2.753333   4.3726070332E-001
    0.000000    0.000000   -0.746667    2.755667   4.3710969188E-001
    0.000000    0.000000   -0.744333    2.758000   4.3688519602E-001
    0.000000    0.000000   -0.742000    2.760333   4.3658941662E-001
    0.000000    0.000000   -0.739667    2.762667   4.3622473521E-001
    0.000000    0.000000   -0.737333    2.765000   4.3579369964E-001
    0.000000    0.000000   -0.735000    2.767333   4.3529900888E-001
    0.000000    0.000000   -0.732667    2.769667   4.3474349717E-001
    0.000000    0.000000   -0.730333    2.772000   4.3413011759E-001
    0.000000    0.000000   -0.728000    2.774333   4.3346192518E-001
    0.000000    0.000000   -0.725667    2.776667   4.3274205983E-001
    0.000000    0.000000   -0.723333    2.779000   4.3197372901E-001
    0.000000    0.000000   -0.721000    2.781333   4.3116019046E-001
    0.000000    0.000000   -0.718667    2.783667   4.3030473502E-001
    0.000000    0.000000   -0.716333    2.786000   4.2941066977E-001
    0.000000    0.000000   -0.714000    2.788333   4.2848130145E-001
    0.000000    0.000000   -0.711667    2.790667   4.2751992046E-001
    0.000000    0.000000   -0.709333    2.793000   4.2652978543E-001
    0.000000    0.000000   -0.707000    2.795333   4.2551410849E-001
    0.000000    0.000000   -0.704667    2.797667   4.2447604137E-001
    0.000000    0.000000   -0.702333    2.800000   4.2341866235E-001
    0.000000    0.000000   -0.700000    2.802333   4.2234496415E-001
    0.000000    0.000000   -0.697667    2.804667   4.2125784289E-001
    0.000000    0.000000   -0.695333    2.807000   4.2016008804E-001
    0.000000    0.000000   -0.693000    2.809333   4.1905437347E-001
    0.000000    0.000000   -0.690667    2.811667   4.1794324967E-001
    0.000000    0.000000   -0.688333    2.814000   4.1682913710E-001
    0.000000    0.000000   -0.686000    2.816333   4.1571432059E-001
    0.000000    0.000000   -0.683667    2.818667   4.1460094498E-001
    0.000000    0.000000   -0.681333    2.821000   4.1349101182E-001
    0.000000    0.000000   -0.679000    2.823333   4.1238637719E-001
    0.000000    0.000000   -0.676667    2.825667   4.1128875053E-001
    0.000000    0.000000   -0.674333    2.828000   4.1019969450E-001
    0.000000    0.000000   -0.672000    2.830333   4.0912062587E-001
    0.000000    0.000000   -0.669667    2.832667   4.0805281717E-001
    0.000000    0.000000   -0.667333    2.835000   4.0699739936E-001
    0.000000    0.000000   -0.665000    2.837333   4.0595536514E-001
    0.000000    0.000000   -0.662667    2.839667   4.0492757304E-001
    0.000000    0.000000   -0.660333    2.842000   4.0391475213E-001
    0.000000    0.000000   -0.658000    2.844333   4.0291750731E-001
    0.000000    0.000000   -0.655667    2.846667   4.0193632510E-001
    0.000000    0.000000   -0.653333    2.849000   4.0097157977E-001
    0.000000    0.000000   -0.651000    2.851333   4.0002353992E-001
    0.000000    0.000000   -0.648667    2.853667   3.9909237529E-001
    0.000000    0.000000   -0.646333    2.856000   3.9817816373E-001
    0.000000    0.000000   -0.644000    2.858333   3.9728089833E-001
    0.000000    0.000000   -0.641667    2.860667   3.9640049469E-001
    0.000000    0.000000   -0.639333    2.863000   3.9553679803E-001
    0.000000    0.000000   -0.637000    2.865333   3.9468959044E-001
    0.000000    0.000000   -0.634667    2.867667   3.9385859788E-001
    0.000000    0.000000   -0.632333    2.870000   3.9304349711E-001
    0.000000    0.000000   -0.630000    2.872333   3.9224392242E-001
    0.000000    0.000000   -0.627667    2.874667   3.9145947205E-001
    0.000000    0.000000   -0.625333    2.877000   3.9068971448E-001
    0.000000    0.000000   -0.623000    2.879333   3.8993419429E-001
    0.000000    0.000000   -0.620667    2.881667   3.8919243780E-001
    0.000000    0.000000   -0.618333    2.884000   3.8846395828E-001
    0.000000    0.000000   -0.616000    2.886333   3.8774826093E-001
    0.000000    0.000000   -0.613667    2.888667   3.8704484736E-001
    0.000000    0.000000   -0.611333    2.891000   3.8635321983E-001
    0.000000    0.000000   -0.609000    2.893333   3.8567288498E-001
    0.000000    0.000000   -0.606667    2.895667   3.8500335732E-001
    0.000000    0.000000   -0.604333    2.898000   3.8434416228E-001
    0.000000    0.000000   -0.602000    2.900333   3.8369483893E-001
    0.000000    0.000000   -0.599667    2.902667   3.8305494230E-001
    0.000000    0.000000   -0.597333    2.905000   3.8242404544E-001
    0.000000    0.000000   -0.595000    2.907333   3.8180174110E-001
    0.000000    0.000000   -0.592667    2.909667   3.8118764314E-001
    0.000000    0.000000   -0.590333    2.912000   3.8058138758E-001
    0.000000    0.000000   -0.588000    2.914333   3.7998263348E-001
    0.000000    0.000000   -0.585667    2.916667   3.7939106349E-001
    0.000000    0.000000   -0.583333    2.919000   3.7880638418E-001
    0.000000    0.000000   -0.581000    2.921333   3.7822832618E-001
    0.000000    0.000000   -0.578667    2.923667   3.7765664410E-001
    0.000000    0.000000   -0.576333    2.926000   3.7709111629E-001
    0.000000    0.000000   -0.574000    2.928333   3.7653154442E-001
    0.000000    0.000000   -0.571667    2.930667   3.7597775297E-001
    0.000000    0.000000   -0.569333    2.933000   3.7542958854E-001
    0.000000    0.000000   -0.567000    2.935333   3.7488691910E-001
    0.000000    0.000000   -0.564667    2.937667   3.7434963315E-001
    0.000000    0.000000   -0.562333    2.940000   3.7381763878E-001
    0.000000    0.000000   -0.560000    2.942333   3.7329086273E-001
    0.000000    0.000000   -0.557667    2.944667   3.7276924933E-001
    0.000000    0.000000   -0.555333    2.947000   3.7225275950E-001
    0.000000    0.000000   -0.553000    2.949333   3.7174136964E-001
    0.000000    0.000000   -0.550667    2.951667   3.7123507059E-001
    0.000000    0.000000   -0.548333    2.954000   3.7073386656E-001
    0.000000    0.000000   -0.546000    2.956333   3.7023777405E-001
    0.000000    0.000000   -0.543667    2.958667   3.6974682080E-001
    0.000000    0.000000   -0.541333    2.961000   3.6926104480E-001
    0.000000    0.000000   -0.539000    2.963333   3.6878049328E-001
    0.000000    0.000000   -0.536667    2.965667   3.6830522174E-001
    0.000000    0.000000   -0.534333    2.968000   3.6783529304E-001
    0.000000    0.000000   -0.532000    2.970333   3.6737077652E-001
    0.000000    0.000000   -0.529667    2.972667   3.6691174716E-001
    0.000000    0.000000   -0.527333    2.975000   3.6645828475E-001
    0.000000    0.000000   -0.525000    2.977333   3.6601047322E-001
    0.000000    0.000000   -0.522667    2.979667   3.6556839984E-001
    0.000000    0.000000   -0.520333    2.982000   3.6513215463E-001
    0.000000    0.000000   -0.518000    2.984333   3.6470182971E-001
    0.000000    0.000000   -0.515667    2.986667   3.6427751876E-001
    0.000000    0.000000   -0.513333    2.989000   3.6385931649E-001
    0.000000    0.000000   -0.511000    2.991333   3.6344731812E-001
    0.000000    0.000000   -0.508667    2.993667   3.6304161902E-001
    0.000000    0.000000   -0.506333    2.996000   3.6264231424E-001
    0.000000    0.000000   -0.504000    2.998333   3.6224949819E-001
    0.000000    0.000000   -0.501667    3.000667   3.6186326432E-001
    0.000000    0.000000   -0.499333    3.003000   3.6148370481E-001
    0.000000    0.000000   -0.497000    3.005333   3.6111091032E-001
    0.000000    0.000000   -0.494667    3.007667   3.6074496982E-001
    0.000000    0.000000   -0.492333    3.010000   3.6038597031E-001
    0.000000    0.000000   -0.490000    3.012333   3.6003399673E-001
    0.000000    0.000000   -0.487667    3.014667   3.5968913179E-001
    0.000000    0.000000   -0.485333    3.017000   3.5935145584E-001
    0.000000    0.000000   -0.483000    3.019333   3.5902104680E-001
    0.000000    0.000000   -0.480667    3.021667   3.5869798010E-001
    0.000000    0.000000   -0.478333    3.024000   3.5838232856E-001
    0.000000    0.000000   -0.476000    3.026333   3.5807416244E-001
    0.000000    0.000000   -0.473667    3.028667   3.5777354935E-001
    0.000000    0.000000   -0.471333    3.031000   3.5748055427E-001
    0.000000    0.000000   -0.469000    3.033333   3.5719523954E-001
    0.000000    0.000000   -0.466667    3.035667   3.5691766488E-001
    0.000000    0.000000   -0.464333    3.038000   3.5664788744E-001
    0.000000    0.000000   -0.462000    3.040333   3.5638596177E-001
    0.000000    0.000000   -0.459667    3.042667   3.5613193994E-001
    0.000000    0.000000   -0.457333    3.045000   3.5588587153E-001
    0.000000    0.000000   -0.455000    3.047333   3.5564780369E-001
    0.000000    0.000000   -0.452667    3.049667   3.5541778123E-001
    0.000000    0.000000   -0.450333    3.052000   3.5519584667E-001
    0.000000    0.000000   -0.448000    3.054333   3.5498204026E-001
    0.000000    0.000000   -0.445667    3.056667   3.5477640014E-001
    0.000000    0.000000   -0.443333    3.059000   3.5457896231E-001
    0.000000    0.000000   -0.441000    3.061333   3.5438976077E-001
    0.000000    0.000000   -0.438667    3.063667   3.5420882759E-001
    0.000000    0.000000   -0.436333    3.066000   3.5403619293E-001
    0.000000    0.000000   -0.434000    3.068333   3.5387188518E-001
    0.000000    0.000000   -0.431667    3.070667   3.5371593099E-001
    0.000000    0.000000   -0.429333    3.073000   3.5356835533E-001
    0.000000    0.000000   -0.427000    3.075333   3.5342918163E-001
    0.000000    0.000000   -0.424667    3.077667   3.5329843175E-001
    0.000000    0.000000   -0.422333    3.080000   3.5317612614E-001
    0.000000    0.000000   -0.420000    3.082333   3.5306228383E-001
    0.000000    0.000000   -0.417667    3.084667   3.5295692255E-001
    0.000000    0.000000   -0.415333    3.087000   3.5286005874E-001
    0.000000    0.000000   -0.413000    3.089333   3.5277170765E-001
    0.000000    0.000000   -0.410667    3.091667   3.5269188336E-001
    0.000000    0.000000   -0.408333    3.094000   3.5262059884E-001
    0.000000    0.000000   -0.406000    3.096333   3.5255786601E-001
    0.000000    0.000000   -0.403667    3.098667   3.5250369578E-001
    0.000000    0.000000   -0.401333    3.101000   3.5245809805E-001
    0.000000    0.000000   -0.399000    3.103333   3.5242108180E-001
    0.000000    0.000000   -0.396667    3.105667   3.5239265510E-001
    0.000000    0.000000   -0.394333    3.108000   3.5237282513E-001
    0.000000    0.000000   -0.392000    3.110333   3.5236159821E-001
    0.000000    0.000000   -0.389667    3.112667   3.5235897980E-001
    0.000000    0.000000   -0.387333    3.115000   3.5236497458E-001
    0.000000    0.000000   -0.385000    3.117333   3.5237958636E-001
    0.000000    0.000000   -0.382667    3.119667   3.5240281819E-001
    0.000000    0.000000   -0.380333    3.122000   3.5243467227E-001
    0.000000    0.000000   -0.378000    3.124333   3.5247515003E-001
    0.000000    0.000000   -0.375667    3.126667   3.5252425205E-001
    0.000000    0.000000   -0.373333    3.129000   3.5258197812E-001
    0.000000    0.000000   -0.371000    3.131333   3.5264832716E-001
    0.000000    0.000000   -0.368667    3.133667   3.5272329725E-001
    0.000000    0.000000   -0.366333    3.136000   3.5280688559E-001
    0.000000    0.000000   -0.364000    3.138333   3.5289908844E-001
    0.000000    0.000000   -0.361667    3.140667   3.5299990116E-001
    0.000000    0.000000   -0.359333    3.143000   3.5310931811E-001
    0.000000    0.000000   -0.357000    3.145333   3.5322733264E-001
    0.000000    0.000000   -0.354667    3.147667   3.5335393704E-001
    0.000000    0.000000   -0.352333    3.150000   3.5348912250E-001
    0.000000    0.000000   -0.350000    3.152333   3.5363287906E-001
    0.000000    0.000000   -0.347667    3.154667   3.5378519552E-001
    0.000000    0.000000   -0.345333    3.157000   3.5394605945E-001
    0.000000    0.000000   -0.343000    3.159333   3.5411545708E-001
    0.000000    0.000000   -0.340667    3.161667   3.5429337324E-001
    0.000000    0.000000   -0.338333    3.164000   3.5447979133E-001
    0.000000    0.000000   -0.336000    3.166333   3.5467469321E-001
    0.000000    0.000000   -0.333667    3.168667   3.5487805915E-001
    0.000000    0.000000   -0.331333    3.171000   3.5508986775E-001
    0.000000    0.000000   -0.329000    3.173333   3.5531009588E-001
    0.000000    0.000000   -0.326667    3.175667   3.5553871860E-001
    0.000000    0.000000   -0.324333    3.178000   3.5577570907E-001
    0.000000    0.000000   -0.322000    3.180333   3.5602103849E-001
    0.000000    0.000000   -0.319667    3.182667   3.5627467603E-001
    0.000000    0.000000   -0.317333    3.185000   3.5653658871E-001
    0.000000    0.000000   -0.315000    3.187333   3.5680674140E-001
    0.000000    0.000000   -0.312667    3.189667   3.5708509667E-001
    0.000000    0.000000   -0.310333    3.192000   3.5737161477E-001
    0.000000    0.000000   -0.308000    3.194333   3.5766625354E-001
    0.000000    0.000000   -0.305667    3.196667   3.5796896836E-001
    0.000000    0.000000   -0.303333    3.199000   3.5827971205E-001
    0.000000    0.000000   -0.301000    3.201333   3.5859843489E-001
    0.000000    0.000000   -0.298667    3.203667   3.5892508447E-001
    0.000000    0.000000   -0.296333    3.206000   3.5925960575E-001
    0.000000    0.000000   -0.294000    3.208333   3.5960194094E-001
    0.000000    0.000000   -0.291667    3.210667   3.5995202953E-001
    0.000000    0.000000   -0.289333    3.213000   3.6030980825E-001
    0.000000    0.000000   -0.287000    3.215333   3.6067521106E-001
    0.000000    0.000000   -0.284667    3.217667   3.6104816919E-001
    0.000000    0.000000   -0.282333    3.220000   3.6142861113E-001
    0.000000    0.000000   -0.280000    3.222333   3.6181646269E-001
    0.000000    0.000000   -0.277667    3.224667   3.6221164703E-001
    0.000000    0.000000   -0.275333    3.227000   3.6261408478E-001
    0.000000    0.000000   -0.273000    3.229333   3.6302369409E-001
    0.000000    0.000000   -0.270667    3.231667   3.6344039078E-001
    0.000000    0.000000   -0.268333    3.234000   3.6386408845E-001
    0.000000    0.000000   -0.266000    3.236333   3.6429469869E-001
    0.000000    0.000000   -0.263667    3.238667   3.6473213125E-001
    0.000000    0.000000   -0.261333    3.241000   3.6517629427E-001
    0.000000    0.000000   -0.259000    3.243333   3.6562709454E-001
    0.000000    0.000000   -0.256667    3.245667   3.6608443780E-001
    0.000000    0.000000   -0.254333    3.248000   3.6654822907E-001
    0.000000    0.000000   -0.252000    3.250333   3.6701837300E-001
    0.000000    0.000000   -0.249667    3.252667   3.6749477429E-001
    0.000000    0.000000   -0.247333    3.255000   3.6797733816E-001
    0.000000    0.000000   -0.245000    3.257333   3.6846597078E-001
    0.000000    0.000000   -0.242667    3.259667   3.6896057987E-001
    0.000000    0.000000   -0.240333    3.262000   3.6946107525E-001
    0.000000    0.000000   -0.238000    3.264333   3.6996736948E-001
    0.000000    0.000000   -0.235667    3.266667   3.7047937849E-001
    0.000000    0.000000   -0.233333    3.269000   3.7099702239E-001
    0.000000    0.000000   -0.231000    3.271333   3.7152022614E-001
    0.000000    0.000000   -0.228667    3.273667   3.7204892045E-001
    0.000000    0.000000   -0.226333    3.276000   3.7258304258E-001
    0.000000    0.000000   -0.224000    3.278333   3.7312253726E-001
    0.000000    0.000000   -0.221667    3.280667   3.7366735767E-001
    0.000000    0.000000   -0.219333    3.283000   3.7421746636E-001
    0.000000    0.000000   -0.217000    3.285333   3.7477283632E-001
    0.000000    0.000000   -0.214667    3.287667   3.7533345200E-001
    0.000000    0.000000   -0.212333    3.290000   3.7589931038E-001
    0.000000    0.000000   -0.210000    3.292333   3.7647042206E-001
    0.000000    0.000000   -0.207667    3.294667   3.7704681239E-001
    0.000000    0.000000   -0.205333    3.297000   3.7762852250E-001
    0.000000    0.000000   -0.203000    3.299333   3.7821561045E-001
    0.000000    0.000000   -0.200667    3.301667   3.7880815227E-001
    0.000000    0.000000   -0.198333    3.304000   3.7940624301E-001
    0.000000    0.000000   -0.196000    3.306333   3.8000999775E-001
    0.000000    0.000000   -0.193667    3.308667   3.8061955251E-001
    0.000000    0.000000   -0.191333    3.311000   3.8123506516E-001
    0.000000    0.000000   -0.189000    3.313333   3.8185671615E-001
    0.000000    0.000000   -0.186667    3.315667   3.8248470924E-001
    0.000000    0.000000   -0.184333    3.318000   3.8311927202E-001
    0.000000    0.000000   -0.182000    3.320333   3.8376065633E-001
    0.000000    0.000000   -0.179667    3.322667   3.8440913851E-001
    0.000000    0.000000   -0.177333    3.325000   3.8506501948E-001
    0.000000    0.000000   -0.175000    3.327333   3.8572862462E-001
    0.000000    0.000000   -0.172667    3.329667   3.8640030339E-001
    0.000000    0.000000   -0.170333    3.332000   3.8708042881E-001
    0.000000    0.000000   -0.168000    3.334333   3.8776939654E-001
    0.000000    0.000000   -0.165667    3.336667   3.8846762380E-001
    0.000000    0.000000   -0.163333    3.339000   3.8917554794E-001
    0.000000    0.000000   -0.161000    3.341333   3.8989362470E-001
    0.000000    0.000000   -0.158667    3.343667   3.9062232613E-001
    0.000000    0.000000   -0.156333    3.346000   3.9136213821E-001
    0.000000    0.000000   -0.154000    3.348333   3.9211355804E-001
    0.000000    0.000000   -0.151667    3.350667   3.9287709073E-001
    0.000000    0.000000   -0.149333    3.353000   3.9365324585E-001
    0.000000    0.000000   -0.147000    3.355333   3.9444253360E-001
    0.000000    0.000000   -0.144667    3.357667   3.9524546046E-001
    0.000000    0.000000   -0.142333    3.360000   3.9606252459E-001
    0.000000    0.000000   -0.140000    3.362333   3.9689421076E-001
    0.000000    0.000000   -0.137667    3.364667   3.9774098504E-001
    0.000000    0.000000   -0.135333    3.367000   3.9860328896E-001
    0.000000    0.000000   -0.133000    3.369333   3.9948153355E-001
    0.000000    0.000000   -0.130667    3.371667   4.0037609292E-001
    0.000000    0.000000   -0.128333    3.374000   4.0128729765E-001
    0.000000    0.000000   -0.126000    3.376333   4.0221542791E-001
    0.000000    0.000000   -0.123667    3.378667   4.0316070642E-001
    0.000000    0.000000   -0.121333    3.381000   4.0412329115E-001
    0.000000    0.000000   -0.119000    3.383333   4.0510326809E-001
    0.000000    0.000000   -0.116667    3.385667   4.0610064380E-001
    0.000000    0.000000   -0.114333    3.388000   4.0711533805E-001
    0.000000    0.000000   -0.112000    3.390333   4.0814717653E-001
    0.000000    0.000000   -0.109667    3.392667   4.0919588369E-001
    0.000000    0.000000   -0.107333    3.395000   4.1026107574E-001
    0.000000    0.000000   -0.105000    3.397333   4.1134225399E-001
    0.000000    0.000000   -0.102667    3.399667   4.1243879852E-001
    0.000000    0.000000   -0.100333    3.402000   4.1354996227E-001
    0.000000    0.000000   -0.098000    3.404333   4.1467486560E-001
    0.000000    0.000000   -0.095667    3.406667   4.1581249153E-001
    0.000000    0.000000   -0.093333    3.409000   4.1696168149E-001
    0.000000    0.000000   -0.091000    3.411333   4.1812113196E-001
    0.000000    0.000000   -0.088667    3.413667   4.1928939176E-001
    0.000000    0.000000   -0.086333    3.416000   4.2046486031E-001
    0.000000    0.000000   -0.084000    3.418333   4.2164578674E-001
    0.000000    0.000000   -0.081667    3.420667   4.2283027009E-001
    0.000000    0.000000   -0.079333    3.423000   4.2401626043E-001
    0.000000    0.000000   -0.077000    3.425333   4.2520156111E-001
    0.000000    0.000000   -0.074667    3.427667   4.2638383217E-001
    0.000000    0.000000   -0.072333    3.430000   4.2756059480E-001
    0.000000    0.000000   -0.070000    3.432333   4.2872923704E-001
    0.000000    0.000000   -0.067667    3.434667   4.2988702061E-001
    0.000000    0.000000   -0.065333    3.437000   4.3103108890E-001
    0.000000    0.000000   -0.063000    3.439333   4.3215847608E-001
    0.000000    0.000000   -0.060667    3.441667   4.3326611744E-001
    0.000000    0.000000   -0.058333    3.444000   4.3435086065E-001
    0.000000    0.000000   -0.056000    3.446333   4.3540947820E-001
    0.000000    0.000000   -0.053667    3.448667   4.3643868072E-001
    0.000000    0.000000   -0.051333    3.451000   4.3743513124E-001
    0.000000    0.000000   -0.049000    3.453333   4.3839546026E-001
    0.000000    0.000000   -0.046667    3.455667   4.3931628154E-001
    0.000000    0.000000   -0.044333    3.458000   4.4019420850E-001
    0.000000    0.000000   -0.042000    3.460333   4.4102587115E-001
    0.000000    0.000000   -0.039667    3.462667   4.4180793341E-001
    0.000000    0.000000   -0.037333    3.465000   4.4253711066E-001
    0.000000    0.000000   -0.035000    3.467333   4.4321018744E-001
    0.000000    0.000000   -0.032667    3.469667   4.4382403513E-001
    0.000000    0.000000   -0.030333    3.472000   4.4437562954E-001
    0.000000    0.000000   -0.028000    3.474333   4.4486206809E-001
    0.000000    0.000000   -0.025667    3.476667   4.4528058668E-001
    0.000000    0.000000   -0.023333    3.479000   4.4562857594E-001
    0.000000    0.000000   -0.021000    3.481333   4.4590359671E-001
    0.000000    0.000000   -0.018667    3.483667   4.4610339481E-001
    0.000000    0.000000   -0.016333    3.486000   4.4622591471E-001
    0.000000    0.000000   -0.014000    3.488333   4.4626931217E-001
    0.000000    0.000000   -0.011667    3.490667   4.4623196566E-001
    0.000000    0.000000   -0.009333    3.493000   4.4611248651E-001
    0.000000    0.000000   -0.007000    3.495333   4.4590972760E-001
    0.000000    0.000000   -0.004667    3.497667   4.4562279062E-001
    0.000000    0.000000   -0.002333    3.500000   4.4525103178E-001
    0.000000    0.000000    0.000000    3.502333   4.4479406591E-001
    0.000000    0.000000    0.002333    3.504667   4.4425176896E-001
    0.000000    0.000000    0.004667    3.507000   4.4362427884E-001
    0.000000    0.000000    0.007000    3.509333   4.4291199452E-001
    0.000000    0.000000    0.009333    3.511667   4.4211557365E-001
    0.000000    0.000000    0.011667    3.514000   4.4123592835E-001
    0.000000    0.000000    0.014000    3.516333   4.4027421956E-001
    0.000000    0.000000    0.016333    3.518667   4.3923184974E-001
    0.000000    0.000000    0.018667    3.521000   4.3811045420E-001
    0.000000    0.000000    0.021000    3.523333   4.3691189094E-001
    0.000000    0.000000    0.023333    3.525667   4.3563822923E-001
    0.000000    0.000000    0.025667    3.528000   4.3429173696E-001
    0.000000    0.000000    0.028000    3.530333   4.3287486695E-001
    0.000000    0.000000    0.030333    3.532667   4.3139024225E-001
    0.000000    0.000000    0.032667    3.535000   4.2984064055E-001
    0.000000    0.000000    0.035000    3.537333   4.2822897800E-001
    0.000000    0.000000    0.037333    3.539667   4.2655829234E-001
    0.000000    0.000000    0.039667    3.542000   4.2483172566E-001
    0.000000    0.000000    0.042000    3.544333   4.2305250686E-001
    0.000000    0.000000    0.044333    3.546667   4.2122393395E-001
    0.000000    0.000000    0.046667    3.549000   4.1934935635E-001
    0.000000    0.000000    0.049000    3.551333   4.1743215731E-001
    0.000000    0.000000    0.051333    3.553667   4.1547573663E-001
    0.000000    0.000000    0.053667    3.556000   4.1348349369E-001
    0.000000    0.000000    0.056000    3.558333   4.1145881108E-001
    0.000000    0.000000    0.058333    3.560667   4.0940503877E-001
    0.000000    0.000000    0.060667    3.563000   4.0732547906E-001
    0.000000    0.000000    0.063000    3.565333   4.0522337232E-001
    0.000000    0.000000    0.065333    3.567667   4.0310188363E-001
    0.000000    0.000000    0.067667    3.570000   4.0096409040E-001
    0.000000    0.000000    0.070000    3.572333   3.9881297104E-001
    0.000000    0.000000    0.072333    3.574667   3.9665139465E-001
    0.000000    0.000000    0.074667    3.577000   3.9448211192E-001
    0.000000    0.000000    0.077000    3.579333   3.9230774711E-001
    0.000000    0.000000    0.079333    3.581667   3.9013079118E-001
    0.000000    0.000000    0.081667    3.584000   3.8795359620E-001
    0.000000    0.000000    0.084000    3.586333   3.8577837076E-001
    0.000000    0.000000    0.086333    3.588667   3.8360717662E-001
    0.000000    0.000000    0.088667    3.591000   3.8144192647E-001
    0.000000    0.000000    0.091000    3.593333   3.7928438274E-001
    0.000000    0.000000    0.093333    3.595667   3.7713615746E-001
    0.000000    0.000000    0.095667    3.598000   3.7499871310E-001
    0.000000    0.000000    0.098000    3.600333   3.7287336437E-001
    0.000000    0.000000    0.100333    3.602667   3.7076128082E-001
    0.000000    0.000000    0.102667    3.605000   3.6866349030E-001
    0.000000    0.000000    0.105000    3.607333   3.6658088312E-001
    0.000000    0.000000    0.107333    3.609667   3.6451421686E-001
    0.000000    0.000000    0.109667    3.612000   3.6246412181E-001
    0.000000    0.000000    0.112000    3.614333   3.6043110681E-001
    0.000000    0.000000    0.114333    3.616667   3.5841556563E-001
    0.000000    0.000000    0.116667    3.619000   3.5641778363E-001
    0.000000    0.000000    0.119000    3.621333   3.5443794469E-001
    0.000000    0.000000    0.121333    3.623667   3.5247613845E-001
    0.000000    0.000000    0.123667    3.626000   3.5053236749E-001
    0.000000    0.000000    0.126000    3.628333   3.4860655483E-001
    0.000000    0.000000    0.128333    3.630667   3.4669855118E-001
    0.000000    0.000000    0.130667    3.633000   3.4480814236E-001
    0.000000    0.000000    0.133000    3.635333   3.4293505644E-001
    0.000000    0.000000    0.135333    3.637667   3.4107897085E-001
    0.000000    0.000000    0.137667    3.640000   3.3923951923E-001
    0.000000    0.000000    0.140000    3.642333   3.3741629807E-001
    0.000000    0.000000    0.142333    3.644667   3.3560887302E-001
    0.000000    0.000000    0.144667    3.647000   3.3381678498E-001
    0.000000    0.000000    0.147000    3.649333   3.3203955582E-001
    0.000000    0.000000    0.149333    3.651667   3.3027669373E-001
    0.000000    0.000000    0.151667    3.654000   3.2852769828E-001
    0.000000    0.000000    0.154000    3.656333   3.2679206500E-001
    0.000000    0.000000    0.156333    3.658667   3.2506928973E-001
    0.000000    0.000000    0.158667    3.661000   3.2335887244E-001
    0.000000    0.000000    0.161000    3.663333   3.2166032073E-001
    0.000000    0.000000    0.163333    3.665667   3.1997315302E-001
    0.000000    0.000000    0.165667    3.668000   3.1829690127E-001
    0.000000    0.000000    0.168000    3.670333   3.1663111335E-001
    0.000000    0.000000    0.170333    3.672667   3.1497535519E-001
    0.000000    0.000000    0.172667    3.675000   3.1332921241E-001
    0.000000    0.000000    0.175000    3.677333   3.1169229179E-001
    0.000000    0.000000    0.177333    3.679667   3.1006422237E-001
    0.000000    0.000000    0.179667    3.682000   3.0844465627E-001
    0.000000    0.000000    0.182000    3.684333   3.0683326929E-001
    0.000000    0.000000    0.184333    3.686667   3.0522976120E-001
    0.000000    0.000000    0.186667    3.689000   3.0363385592E-001
    0.000000    0.000000    0.189000    3.691333   3.0204530138E-001
    0.000000    0.000000    0.191333    3.693667   3.0046386928E-001
    0.000000    0.000000    0.193667    3.696000   2.9888935465E-001
    0.000000    0.000000    0.196000    3.698333   2.9732157531E-001
    0.000000    0.000000    0.198333    3.700667   2.9576037114E-001
    0.000000    0.000000    0.200667    3.703000   2.9420560333E-001
    0.000000    0.000000    0.203000    3.705333   2.9265715347E-001
    0.000000    0.000000    0.205333    3.707667   2.9111492262E-001
    0.000000    0.000000    0.207667    3.710000   2.8957883027E-001
    0.000000    0.000000    0.210000    3.712333   2.8804881330E-001
    0.000000    0.000000    0.212333    3.714667   2.8652482490E-001
    0.000000    0.000000    0.214667    3.717000   2.8500683349E-001
    0.000000    0.000000    0.217000    3.719333   2.8349482153E-001
    0.000000    0.000000    0.219333    3.721667   2.8198878452E-001
    0.000000    0.000000    0.221667    3.724000   2.8048872979E-001
    0.000000    0.000000    0.224000    3.726333   2.7899467551E-001
    0.000000    0.000000    0.226333    3.728667   2.7750664957E-001
    0.000000    0.000000    0.228667    3.731000   2.7602468856E-001
    0.000000    0.000000    0.231000    3.733333   2.7454883682E-001
    0.000000    0.000000    0.233333    3.735667   2.7307914541E-001
    0.000000    0.000000    0.235667    3.738000   2.7161567125E-001
    0.000000    0.000000    0.238000    3.740333   2.7015847623E-001
    0.000000    0.000000    0.240333    3.742667   2.6870762637E-001
    0.000000    0.000000    0.242667    3.745000   2.6726319104E-001
    0.000000    0.000000    0.245000    3.747333   2.6582524227E-001
    0.000000    0.000000    0.247333    3.749667   2.6439385399E-001
    0.000000    0.000000    0.249667    3.752000   2.6296910146E-001
    0.000000    0.000000    0.252000    3.754333   2.6155106063E-001
    0.000000    0.000000    0.254333    3.756667   2.6013980762E-001
    0.000000    0.000000    0.256667    3.759000   2.5873541820E-001
    0.000000    0.000000    0.259000    3.761333   2.5733796735E-001
    0.000000    0.000000    0.261333    3.763667   2.5594752882E-001
    0.000000    0.000000    0.263667    3.766000   2.5456417480E-001
    0.000000    0.000000    0.266000    3.768333   2.5318797550E-001
    0.000000    0.000000    0.268333    3.770667   2.5181899895E-001
    0.000000    0.000000    0.270667    3.773000   2.5045731064E-001
    0.000000    0.000000    0.273000    3.775333   2.4910297334E-001
    0.000000    0.000000    0.275333    3.777667   2.4775604689E-001
    0.000000    0.000000    0.277667    3.780000   2.4641658801E-001
    0.000000    0.000000    0.280000    3.782333   2.4508465016E-001
    0.000000    0.000000    0.282333    3.784667   2.4376028341E-001
    0.000000    0.000000    0.284667    3.787000   2.4244353436E-001
    0.000000    0.000000    0.287000    3.789333   2.4113444604E-001
    0.000000    0.000000    0.289333    3.791667   2.3983305785E-001
    0.000000    0.000000    0.291667    3.794000   2.3853940556E-001
    0.000000    0.000000    0.294000    3.796333   2.3725352122E-001
    0.000000    0.000000    0.296333    3.798667   2.3597543321E-001
    0.000000    0.000000    0.298667    3.801000   2.3470516622E-001
    0.000000    0.000000    0.301000    3.803333   2.3344274127E-001
    0.000000    0.000000    0.303333    3.805667   2.3218817575E-001
    0.000000    0.000000    0.305667    3.808000   2.3094148342E-001
    0.000000    0.000000    0.308000    3.810333   2.2970267454E-001
    0.000000    0.000000    0.310333    3.812667   2.2847175583E-001
    0.000000    0.000000    0.312667    3.815000   2.2724873061E-001
    0.000000    0.000000    0.315000    3.817333   2.2603359883E-001
    0.000000    0.000000    0.317333    3.819667   2.2482635716E-001
    0.000000    0.000000    0.319667    3.822000   2.2362699908E-001
    0.000000    0.000000    0.322000    3.824333   2.2243551495E-001
    0.000000    0.000000    0.324333    3.826667   2.2125189210E-001
    0.000000    0.000000    0.326667    3.829000   2.2007611492E-001
    0.000000    0.000000    0.329000    3.831333   2.1890816499E-001
    0.000000    0.000000    0.331333    3.833667   2.1774802112E-001
    0.000000    0.000000    0.333667    3.836000   2.1659565950E-001
    0.000000    0.000000    0.336000    3.838333   2.1545105376E-001
    0.000000    0.000000    0.338333    3.840667   2.1431417510E-001
    0.000000    0.000000    0.340667    3.843000   2.1318499237E-001
    0.000000    0.000000    0.343000    3.845333   2.1206347218E-001
    0.000000    0.000000    0.345333    3.847667   2.1094957902E-001
    0.000000    0.000000    0.347667    3.850000   2.0984327533E-001
    0.000000    0.000000    0.350000    3.852333   2.0874452161E-001
    0.000000    0.000000    0.352333    3.854667   2.0765327653E-001
    0.000000    0.000000    0.354667    3.857000   2.0656949703E-001
    0.000000    0.000000    0.357000    3.859333   2.0549313839E-001
    0.000000    0.000000    0.359333    3.861667   2.0442415438E-001
    0.000000    0.000000    0.361667    3.864000   2.0336249729E-001
    0.000000    0.000000    0.364000    3.866333   2.0230811809E-001
    0.000000    0.000000    0.366333    3.868667   2.0126096647E-001
    0.000000    0.000000    0.368667    3.871000   2.0022099095E-001
    0.000000    0.000000    0.371000    3.873333   1.9918813899E-001
    0.000000    0.000000    0.373333    3.875667   1.9816235703E-001
    0.000000    0.000000    0.375667    3.878000   1.9714359062E-001
    0.000000    0.000000    0.378000    3.880333   1.9613178449E-001
    0.000000    0.000000    0.380333    3.882667   1.9512688262E-001
    0.000000    0.000000    0.382667    3.885000   1.9412882832E-001
    0.000000    0.000000    0.385000    3.887333   1.9313756433E-001
    0.000000    0.000000    0.387333    3.889667   1.9215303286E-001
    0.000000    0.000000    0.389667    3.892000   1.9117517570E-001
    0.000000    0.000000    0.392000    3.894333   1.9020393426E-001
    0.000000    0.000000    0.394333    3.896667   1.8923924966E-001
    0.000000    0.000000    0.396667    3.899000   1.8828106278E-001
    0.000000    0.000000    0.399000    3.901333   1.8732931432E-001
    0.000000    0.000000    0.401333    3.903667   1.8638394490E-001
    0.000000    0.000000    0.403667    3.906000   1.8544489506E-001
    0.000000    0.000000    0.406000    3.908333   1.8451210538E-001
    0.000000    0.000000    0.408333    3.910667   1.8358551648E-001
    0.000000    0.000000    0.410667    3.913000   1.8266506910E-001
    0.000000    0.000000    0.413000    3.915333   1.8175070415E-001
    0.000000    0.000000    0.415333    3.917667   1.8084236277E-001
    0.000000    0.000000    0.417667    3.920000   1.7993998633E-001
    0.000000    0.000000    0.420000    3.922333   1.7904351654E-001
    0.000000    0.000000    0.422333    3.924667   1.7815289542E-001
    0.000000    0.000000    0.424667    3.927000   1.7726806540E-001
    0.000000    0.000000    0.427000    3.929333   1.7638896934E-001
    0.000000    0.000000    0.429333    3.931667   1.7551555055E-001
    0.000000    0.000000    0.431667    3.934000   1.7464775281E-001
    0.000000    0.000000    0.434000    3.936333   1.7378552047E-001
    0.000000    0.000000    0.436333    3.938667   1.7292879841E-001
    0.000000    0.000000    0.438667    3.941000   1.7207753208E-001
    0.000000    0.000000    0.441000    3.943333   1.7123166756E-001
    0.000000    0.000000    0.443333    3.945667   1.7039115155E-001
    0.000000    0.000000    0.445667    3.948000   1.6955593141E-001
    0.000000    0.000000    0.448000    3.950333   1.6872595518E-001
    0.000000    0.000000    0.450333    3.952667   1.6790117157E-001
    0.000000    0.000000    0.452667    3.955000   1.6708153003E-001
    0.000000    0.000000    0.455000    3.957333   1.6626698071E-001
    0.000000    0.000000    0.457333    3.959667   1.6545747451E-001
    0.000000    0.000000    0.459667    3.962000   1.6465296310E-001
    0.000000    0.000000    0.462000    3.964333   1.6385339888E-001
    0.000000    0.000000    0.464333    3.966667   1.6305873504E-001
    0.000000    0.000000    0.466667    3.969000   1.6226892556E-001
    0.000000    0.000000    0.469000    3.971333   1.6148392518E-001
    0.000000    0.000000    0.471333    3.973667   1.6070368946E-001
    0.000000    0.000000    0.473667    3.976000   1.5992817475E-001
    0.000000    0.000000    0.476000    3.978333   1.5915733817E-001
    0.000000    0.000000    0.478333    3.980667   1.5839113769E-001
    0.000000    0.000000    0.480667    3.983000   1.5762953205E-001
    0.000000    0.000000    0.483000    3.985333   1.5687248080E-001
    0.000000    0.000000    0.485333    3.987667   1.5611994429E-001
    0.000000    0.000000    0.487667    3.990000   1.5537188367E-001
    0.000000    0.000000    0.490000    3.992333   1.5462826088E-001
    0.000000    0.000000    0.492333    3.994667   1.5388903864E-001
    0.000000    0.000000    0.494667    3.997000   1.5315418049E-001
    0.000000    0.000000    0.497000    3.999333   1.5242365072E-001
    0.000000    0.000000    0.499333    4.001667   1.5169741440E-001
    0.000000    0.000000    0.501667    4.004000   1.5097543736E-001
    0.000000    0.000000    0.504000    4.006333   1.5025768620E-001
    0.000000    0.000000    0.506333    4.008667   1.4954412827E-001
    0.000000    0.000000    0.508667    4.011000   1.4883473164E-001
    0.000000    0.000000    0.511000    4.013333   1.4812946513E-001
    0.000000    0.000000    0.513333    4.015667   1.4742829827E-001
    0.000000    0.000000    0.515667    4.018000   1.4673120130E-001
    0.000000    0.000000    0.518000    4.020333   1.4603814517E-001
    0.000000    0.000000    0.520333    4.022667   1.4534910150E-001
    0.000000    0.000000    0.522667    4.025000   1.4466404259E-001
    0.000000    0.000000    0.525000    4.027333   1.4398294140E-001
    0.000000    0.000000    0.527333    4.029667   1.4330577155E-001
    0.000000    0.000000    0.529667    4.032000   1.4263250729E-001
    0.000000    0.000000    0.532000    4.034333   1.4196312348E-001
    0.000000    0.000000    0.534333    4.036667   1.4129759561E-001
    0.000000    0.000000    0.536667    4.039000   1.4063589977E-001
    0.000000    0.000000    0.539000    4.041333   1.3997801260E-001
    0.000000    0.000000    0.541333    4.043667   1.3932391134E-001
    0.000000    0.000000    0.543667    4.046000   1.3867357378E-001
    0.000000    0.000000    0.546000    4.048333   1.3802697825E-001
    0.000000    0.000000    0.548333    4.050667   1.3738410359E-001
    0.000000    0.000000    0.550667    4.053000   1.3674492917E-001
    0.000000    0.000000    0.553000    4.055333   1.3610943486E-001
    0.000000    0.000000    0.555333    4.057667   1.3547760101E-001
    0.000000    0.000000    0.557667    4.060000   1.3484940843E-001
    0.000000    0.000000    0.560000    4.062333   1.3422483841E-001
    0.000000    0.000000    0.562333    4.064667   1.3360387266E-001
    0.000000    0.000000    0.564667    4.067000   1.3298649332E-001
    0.000000    0.000000    0.567000    4.069333   1.3237268296E-001
    0.000000    0.000000    0.569333    4.071667   1.3176242453E-001
    0.000000    0.000000    0.571667    4.074000   1.3115570139E-001
    0.000000    0.000000    0.574000    4.076333   1.3055249725E-001
    0.000000    0.000000    0.576333    4.078667   1.2995279621E-001
    0.000000    0.000000    0.578667    4.081000   1.2935658267E-001
    0.000000    0.000000    0.581000    4.083333   1.2876384142E-001
    0.000000    0.000000    0.583333    4.085667   1.2817455752E-001
    0.000000    0.000000    0.585667    4.088000   1.2758871637E-001
    0.000000    0.000000    0.588000    4.090333   1.2700630366E-001
    0.000000    0.000000    0.590333    4.092667   1.2642730536E-001
    0.000000    0.000000    0.592667    4.095000   1.2585170771E-001
    0.000000    0.000000    0.595000    4.097333   1.2527949721E-001
    0.000000    0.000000    0.597333    4.099667   1.2471066061E-001
    0.000000    0.000000    0.599667    4.102000   1.2414518490E-001
    0.000000    0.000000    0.602000    4.104333   1.2358305729E-001
    0.000000    0.000000    0.604333    4.106667   1.2302426520E-001
    0.000000    0.000000    0.606667    4.109000   1.2246879627E-001
    0.000000    0.000000    0.609000    4.111333   1.2191663832E-001
    0.000000    0.000000    0.611333    4.113667   1.2136777935E-001
    0.000000    0.000000    0.613667    4.116000   1.2082220756E-001
    0.000000    0.000000    0.616000    4.118333   1.2027991127E-001
    0.000000    0.000000    0.618333    4.120667   1.1974087900E-001
    0.000000    0.000000    0.620667    4.123000   1.1920509938E-001
    0.000000    0.000000    0.623000    4.125333   1.1867256120E-001
    0.000000    0.000000    0.625333    4.127667   1.1814325336E-001
    0.000000    0.000000    0.627667    4.130000   1.1761716489E-001
    0.000000    0.000000    0.630000    4.132333   1.1709428493E-001
    0.000000    0.000000    0.632333    4.134667   1.1657460272E-001
    0.000000    0.000000    0.634667    4.137000   1.1605810759E-001
    0.000000    0.000000    0.637000    4.139333   1.1554478898E-001
    0.000000    0.000000    0.639333    4.141667   1.1503463639E-001
    0.000000    0.000000    0.641667    4.144000   1.1452763940E-001
    0.000000    0.000000    0.644000    4.146333   1.1402378766E-001
    0.000000    0.000000    0.646333    4.148667   1.1352307087E-001
    0.000000    0.000000    0.648667    4.151000   1.1302547880E-001
    0.000000    0.000000    0.651000    4.153333   1.1253100127E-001
    0.000000    0.000000    0.653333    4.155667   1.1203962812E-001
    0.000000    0.000000    0.655667    4.158000   1.1155134926E-001
    0.000000    0.000000    0.658000    4.160333   1.1106615461E-001
    0.000000    0.000000    0.660333    4.162667   1.1058403412E-001
    0.000000    0.000000    0.662667    4.165000   1.1010497776E-001
    0.000000    0.000000    0.665000    4.167333   1.0962897554E-001
    0.000000    0.000000    0.667333    4.169667   1.0915601745E-001
    0.000000    0.000000    0.669667    4.172000   1.0868609353E-001
    0.000000    0.000000    0.672000    4.174333   1.0821919377E-001
    0.000000    0.000000    0.674333    4.176667   1.0775530822E-001
    0.000000    0.000000    0.676667    4.179000   1.0729442689E-001
    0.000000    0.000000    0.679000    4.181333   1.0683653980E-001
    0.000000    0.000000    0.681333    4.183667   1.0638163695E-001
    0.000000    0.000000    0.683667    4.186000   1.0592970833E-001
    0.000000    0.000000    0.686000    4.188333   1.0548074394E-001
    0.000000    0.000000    0.688333    4.190667   1.0503473372E-001
    0.000000    0.000000    0.690667    4.193000   1.0459166762E-001
    0.000000    0.000000    0.693000    4.195333   1.0415153555E-001
    0.000000    0.000000    0.695333    4.197667   1.0371432742E-001
    0.000000    0.000000    0.697667    4.200000   1.0328003309E-001
    0.000000    0.000000    0.700000    4.202333   1.0284864240E-001
    0.000000    0.000000    0.702333    4.204667   1.0242014514E-001
    0.000000    0.000000    0.704667    4.207000   1.0199453111E-001
    0.000000    0.000000    0.707000    4.209333   1.0157179003E-001
    0.000000    0.000000    0.709333    4.211667   1.0115191161E-001
    0.000000    0.000000    0.711667    4.214000   1.0073488553E-001
    0.000000    0.000000    0.714000    4.216333   1.0032070140E-001
    0.000000    0.000000    0.716333    4.218667   9.9909348820E-002
    0.000000    0.000000    0.718667    4.221000   9.9500817340E-002
    0.000000    0.000000    0.721000    4.223333   9.9095096469E-002
    0.000000    0.000000    0.723333    4.225667   9.8692175675E-002
    0.000000    0.000000    0.725667    4.228000   9.8292044384E-002
    0.000000    0.000000    0.728000    4.230333   9.7894691977E-002
    0.000000    0.000000    0.730333    4.232667   9.7500107795E-002
    0.000000    0.000000    0.732667    4.235000   9.7108281134E-002
    0.000000    0.000000    0.735000    4.237333   9.6719201246E-002
    0.000000    0.000000    0.737333    4.239667   9.6332857339E-002
    0.000000    0.000000    0.739667    4.242000   9.5949238576E-002
    0.000000    0.000000    0.742000    4.244333   9.5568334078E-002
    0.000000    0.000000    0.744333    4.246667   9.5190132922E-002
    0.000000    0.000000    0.746667    4.249000   9.4814624138E-002
    0.000000    0.000000    0.749000    4.251333   9.4441796715E-002
    0.000000    0.000000    0.751333    4.253667   9.4071639599E-002
    0.000000    0.000000    0.753667    4.256000   9.3704141691E-002
    0.000000    0.000000    0.756000    4.258333   9.3339291850E-002
    0.000000    0.000000    0.758333    4.260667   9.2977078894E-002
    0.000000    0.000000    0.760667    4.263000   9.2617491599E-002
    0.000000    0.000000    0.763000    4.265333   9.2260518698E-002
    0.000000    0.000000    0.765333    4.267667   9.1906148887E-002
    0.000000    0.000000    0.767667    4.270000   9.1554370819E-002
    0.000000    0.000000    0.770000    4.272333   9.1205173110E-002
    0.000000    0.000000    0.772333    4.274667   9.0858544339E-002
    0.000000    0.000000    0.774667    4.277000   9.0514473043E-002
    0.000000    0.000000    0.777000    4.279333   9.0172947729E-002
    0.000000    0.000000    0.779333    4.281667   8.9833956863E-002
    0.000000    0.000000    0.781667    4.284000   8.9497488879E-002
    0.000000    0.000000    0.784000    4.286333   8.9163532179E-002
    0.000000    0.000000    0.786333    4.288667   8.8832075129E-002
    0.000000    0.000000    0.788667    4.291000   8.8503106067E-002
    0.000000    0.000000    0.791000    4.293333   8.8176613298E-002
    0.000000    0.000000    0.793333    4.295667   8.7852585100E-002
    0.000000    0.000000    0.795667    4.298000   8.7531009722E-002
    0.000000    0.000000    0.798000    4.300333   8.7211875388E-002
    0.000000    0.000000    0.800333    4.302667   8.6895170295E-002
    0.000000    0.000000    0.802667    4.305000   8.6580882616E-002
    0.000000    0.000000    0.805000    4.307333   8.6269000503E-002
    0.000000    0.000000    0.807333    4.309667   8.5959512085E-002
    0.000000    0.000000    0.809667    4.312000   8.5652405471E-002
    0.000000    0.000000    0.812000    4.314333   8.5347668754E-002
    0.000000    0.000000    0.814333    4.316667   8.5045290008E-002
    0.000000    0.000000    0.816667    4.319000   8.4745257290E-002
    0.000000    0.000000    0.819000    4.321333   8.4447558647E-002
    0.000000    0.000000    0.821333    4.323667   8.4152182109E-002
    0.000000    0.000000    0.823667    4.326000   8.3859115700E-002
    0.000000    0.000000    0.826000    4.328333   8.3568347429E-002
    0.000000    0.000000    0.828333    4.330667   8.3279865303E-002
    0.000000    0.000000    0.830667    4.333000   8.2993657320E-002
    0.000000    0.000000    0.833000    4.335333   8.2709711473E-002
    0.000000    0.000000    0.835333    4.337667   8.2428015755E-002
    0.000000    0.000000    0.837667    4.340000   8.2148558156E-002
    0.000000    0.000000    0.840000    4.342333   8.1871326667E-002
    0.000000    0.000000    0.842333    4.344667   8.1596309284E-002
    0.000000    0.000000    0.844667    4.347000   8.1323494004E-002
    0.000000    0.000000    0.847000    4.349333   8.1052868832E-002
    0.000000    0.000000    0.849333    4.351667   8.0784421783E-002
    0.000000    0.000000    0.851667    4.354000   8.0518140880E-002
    0.000000    0.000000    0.854000    4.356333   8.0254014159E-002
    0.000000    0.000000    0.856333    4.358667   7.9992029668E-002
    0.000000    0.000000    0.858667    4.361000   7.9732175474E-002
    0.000000    0.000000    0.861000    4.363333   7.9474439659E-002
    0.000000    0.000000    0.863333    4.365667   7.9218810329E-002
    0.000000    0.000000    0.865667    4.368000   7.8965275608E-002
    0.000000    0.000000    0.868000    4.370333   7.8713823646E-002
    0.000000    0.000000    0.870333    4.372667   7.8464442620E-002
    0.000000    0.000000    0.872667    4.375000   7.8217120734E-002
    0.000000    0.000000    0.875000    4.377333   7.7971846222E-002
    0.000000    0.000000    0.877333    4.379667   7.7728607354E-002
    0.000000    0.000000    0.879667    4.382000   7.7487392431E-002
    0.000000    0.000000    0.882000    4.384333   7.7248189794E-002
    0.000000    0.000000    0.884333    4.386667   7.7010987822E-002
    0.000000    0.000000    0.886667    4.389000   7.6775774937E-002
    0.000000    0.000000    0.889000    4.391333   7.6542539604E-002
    0.000000    0.000000    0.891333    4.393667   7.6311270335E-002
    0.000000    0.000000    0.893667    4.396000   7.6081955690E-002
    0.000000    0.000000    0.896000    4.398333   7.5854584282E-002
    0.000000    0.000000    0.898333    4.400667   7.5629144774E-002
    0.000000    0.000000    0.900667    4.403000   7.5405625890E-002
    0.000000    0.000000    0.903000    4.405333   7.5184016407E-002
    0.000000    0.000000    0.905333    4.407667   7.4964305168E-002
    0.000000    0.000000    0.907667    4.410000   7.4746481075E-002
    0.000000    0.000000    0.910000    4.412333   7.4530533099E-002
    0.000000    0.000000    0.912333    4.414667   7.4316450277E-002
    0.000000    0.000000    0.914667    4.417000   7.4104221720E-002
    0.000000    0.000000    0.917000    4.419333   7.3893836608E-002
    0.000000    0.000000    0.919333    4.421667   7.3685284201E-002
    0.000000    0.000000    0.921667    4.424000   7.3478553837E-002
    0.000000    0.000000    0.924000    4.426333   7.3273634932E-002
    0.000000    0.000000    0.926333    4.428667   7.3070516989E-002
    0.000000    0.000000    0.928667    4.431000   7.2869189597E-002
    0.000000    0.000000    0.931000    4.433333   7.2669642433E-002
    0.000000    0.000000    0.933333    4.435667   7.2471865264E-002
    0.000000    0.000000    0.935667    4.438000   7.2275847955E-002
    0.000000    0.000000    0.938000    4.440333   7.2081580465E-002
    0.000000    0.000000    0.940333    4.442667   7.1889052852E-002
    0.000000    0.000000    0.942667    4.445000   7.1698255278E-002
    0.000000    0.000000    0.945000    4.447333   7.1509178006E-002
    0.000000    0.000000    0.947333    4.449667   7.1321811410E-002
    0.000000    0.000000    0.949667    4.452000   7.1136145970E-002
    0.000000    0.000000    0.952000    4.454333   7.0952172282E-002
    0.000000    0.000000    0.954333    4.456667   7.0769881051E-002
    0.000000    0.000000    0.956667    4.459000   7.0589263105E-002
    0.000000    0.000000    0.959000    4.461333   7.0410309386E-002
    0.000000    0.000000    0.961333    4.463667   7.0233010963E-002
    0.000000    0.000000    0.963667    4.466000   7.0057359025E-002
    0.000000    0.000000    0.966000    4.468333   6.9883344889E-002
    0.000000    0.000000    0.968333    4.470667   6.9710960003E-002
    0.000000    0.000000    0.970667    4.473000   6.9540195942E-002
    0.000000    0.000000    0.973000    4.475333   6.9371044418E-002
    0.000000    0.000000    0.975333    4.477667   6.9203497277E-002
    0.000000    0.000000    0.977667    4.480000   6.9037546501E-002
    0.000000    0.000000    0.980000    4.482333   6.8873184214E-002
    0.000000    0.000000    0.982333    4.484667   6.8710402680E-002
    0.000000    0.000000    0.984667    4.487000   6.8549194307E-002
    0.000000    0.000000    0.987000    4.489333   6.8389551647E-002
    0.000000    0.000000    0.989333    4.491667   6.8231467400E-002
    0.000000    0.000000    0.991667    4.494000   6.8074934415E-002
    0.000000    0.000000    0.994000    4.496333   6.7919945688E-002
    0.000000    0.000000    0.996333    4.498667   6.7766494370E-002
    0.000000    0.000000    0.998667    4.501000   6.7614573761E-002
    0.000000    0.000000    1.001000    4.503333   6.7464177318E-002
    0.000000    0.000000    1.003333    4.505667   6.7315298651E-002
    0.000000    0.000000    1.005667    4.508000   6.7167931527E-002
    0.000000    0.000000    1.008000    4.510333   6.7022069868E-002
    0.000000    0.000000    1.010333    4.512667   6.6877707755E-002
    0.000000    0.000000    1.012667    4.515000   6.6734839427E-002
    0.000000    0.000000    1.015000    4.517333   6.6593459280E-002
    0.000000    0.000000    1.017333    4.519667   6.6453561869E-002
    0.000000    0.000000    1.019667    4.522000   6.6315141910E-002
    0.000000    0.000000    1.022000    4.524333   6.6178194274E-002
    0.000000    0.000000    1.024333    4.526667   6.6042713992E-002
    0.000000    0.000000    1.026667    4.529000   6.5908696254E-002
    0.000000    0.000000    1.029000    4.531333   6.5776136406E-002
    0.000000    0.000000    1.031333    4.533667   6.5645029952E-002
    0.000000    0.000000    1.033667    4.536000   6.5515372549E-002
    0.000000    0.000000    1.036000    4.538333   6.5387160012E-002
    0.000000    0.000000    1.038333    4.540667   6.5260388306E-002
    0.000000    0.000000    1.040667    4.543000   6.5135053550E-002
    0.000000    0.000000    1.043000    4.545333   6.5011152010E-002
    0.000000    0.000000    1.045333    4.547667   6.4888680102E-002
    0.000000    0.000000    1.047667    4.550000   6.4767634386E-002
    0.000000    0.000000    1.050000    4.552333   6.4648011566E-002
    0.000000    0.000000    1.052333    4.554667   6.4529808485E-002
    0.000000    0.000000    1.054667    4.557000   6.4413022123E-002
    0.000000    0.000000    1.057000    4.559333   6.4297649596E-002
    0.000000    0.000000    1.059333    4.561667   6.4183688149E-002
    0.000000    0.000000    1.061667    4.564000   6.4071135153E-002
    0.000000    0.000000    1.064000    4.566333   6.3959988103E-002
    0.000000    0.000000    1.066333    4.568667   6.3850244611E-002
    0.000000    0.000000    1.068667    4.571000   6.3741902406E-002
    0.000000    0.000000    1.071000    4.573333   6.3634959322E-002
    0.000000    0.000000    1.073333    4.575667   6.3529413299E-002
    0.000000    0.000000    1.075667    4.578000   6.3425262377E-002
    0.000000    0.000000    1.078000    4.580333   6.3322504687E-002
    0.000000    0.000000    1.080333    4.582667   6.3221138446E-002
    0.000000    0.000000    1.082667    4.585000   6.3121161955E-002
    0.000000    0.000000    1.085000    4.587333   6.3022573586E-002
    0.000000    0.000000    1.087333    4.589667   6.2925371780E-002
    0.000000    0.000000    1.089667    4.592000   6.2829555039E-002
    0.000000    0.000000    1.092000    4.594333   6.2735121917E-002
    0.000000    0.000000    1.094333    4.596667   6.2642071012E-002
    0.000000    0.000000    1.096667    4.599000   6.2550400960E-002
    0.000000    0.000000    1.099000    4.601333   6.2460110427E-002
    0.000000    0.000000    1.101333    4.603667   6.2371198098E-002
    0.000000    0.000000    1.103667    4.606000   6.2283662669E-002
    0.000000    0.000000    1.106000    4.608333   6.2197502840E-002
    0.000000    0.000000    1.108333    4.610667   6.2112717302E-002
    0.000000    0.000000    1.110667    4.613000   6.2029304731E-002
    0.000000    0.000000    1.113000    4.615333   6.1947263773E-002
    0.000000    0.000000    1.115333    4.617667   6.1866593040E-002
    0.000000    0.000000    1.117667    4.620000   6.1787291096E-002
    0.000000    0.000000    1.120000    4.622333   6.1709356443E-002
    0.000000    0.000000    1.122333    4.624667   6.1632787519E-002
    0.000000    0.000000    1.124667    4.627000   6.1557582677E-002
    0.000000    0.000000    1.127000    4.629333   6.1483740179E-002
    0.000000    0.000000    1.129333    4.631667   6.1411258185E-002
    0.000000    0.000000    1.131667    4.634000   6.1340134737E-002
    0.000000    0.000000    1.134000    4.636333   6.1270367750E-002
    0.000000    0.000000    1.136333    4.638667   6.1201955000E-002
    0.000000    0.000000    1.138667    4.641000   6.1134894110E-002
    0.000000    0.000000    1.141000    4.643333   6.1069182537E-002
    0.000000    0.000000    1.143333    4.645667   6.1004817564E-002
    0.000000    0.000000    1.145667    4.648000   6.0941796281E-002
    0.000000    0.000000    1.148000    4.650333   6.0880115577E-002
    0.000000    0.000000    1.150333    4.652667   6.0819772126E-002
    0.000000    0.000000    1.152667    4.655000   6.0760762372E-002
    0.000000    0.000000    1.155000    4.657333   6.0703082523E-002
    0.000000    0.000000    1.157333    4.659667   6.0646728530E-002
    0.000000    0.000000    1.159667    4.662000   6.0591696082E-002
    0.000000    0.000000    1.162000    4.664333   6.0537980587E-002
    0.000000    0.000000    1.164333    4.666667   6.0485577169E-002
    0.000000    0.000000    1.166667    4.669000   6.0434480647E-002
    0.000000    0.000000    1.169000    4.671333   6.0384685532E-002
    0.000000    0.000000    1.171333    4.673667   6.0336186011E-002
    0.000000    0.000000    1.173667    4.676000   6.0288975940E-002
    0.000000    0.000000    1.176000    4.678333   6.0243048831E-002
    0.000000    0.000000    1.178333    4.680667   6.0198397850E-002
    0.000000    0.000000    1.180667    4.683000   6.0155015801E-002
    0.000000    0.000000    1.183000    4.685333   6.0112895126E-002
    0.000000    0.000000    1.185333    4.687667   6.0072027893E-002
    0.000000    0.000000    1.187667    4.690000   6.0032405799E-002
    0.000000    0.000000    1.190000    4.692333   5.9994020158E-002
    0.000000    0.000000    1.192333    4.694667   5.9956861906E-002
    0.000000    0.000000    1.194667    4.697000   5.9920921598E-002
    0.000000    0.000000    1.197000    4.699333   5.9886189411E-002
    0.000000    0.000000    1.199333    4.701667   5.9852655144E-002
    0.000000    0.000000    1.201667    4.704000   5.9820308229E-002
    0.000000    0.000000    1.204000    4.706333   5.9789137736E-002
    0.000000    0.000000    1.206333    4.708667   5.9759132384E-002
    0.000000    0.000000    1.208667    4.711000   5.9730280557E-002
    0.000000    0.000000    1.211000    4.713333   5.9702570316E-002
    0.000000    0.000000    1.213333    4.715667   5.9675989423E-002
    0.000000    0.000000    1.215667    4.718000   5.9650525365E-002
    0.000000    0.000000    1.218000    4.720333   5.9626165375E-002
    0.000000    0.000000    1.220333    4.722667   5.9602896471E-002
    0.000000    0.000000    1.222667    4.725000   5.9580705485E-002
    0.000000    0.000000    1.225000    4.727333   5.9559579110E-002
    0.000000    0.000000    1.227333    4.729667   5.9539503934E-002
    0.000000    0.000000    1.229667    4.732000   5.9520466502E-002
    0.000000    0.000000    1.232000    4.734333   5.9502453361E-002
    0.000000    0.000000    1.234333    4.736667   5.9485451126E-002
    0.000000    0.000000    1.236667    4.739000   5.9469446542E-002
    0.000000    0.000000    1.239000    4.741333   5.9454426561E-002
    0.000000    0.000000    1.241333    4.743667   5.9440378412E-002
    0.000000    0.000000    1.243667    4.746000   5.9427289691E-002
    0.000000    0.000000    1.246000    4.748333   5.9415148450E-002
    0.000000    0.000000    1.248333    4.750667   5.9403943288E-002
    0.000000    0.000000    1.250667    4.753000   5.9393663460E-002
    0.000000    0.000000    1.253000    4.755333   5.9384298976E-002
    0.000000    0.000000    1.255333    4.757667   5.9375840725E-002
    0.000000    0.000000    1.257667    4.760000   5.9368280586E-002
    0.000000    0.000000    1.260000    4.762333   5.9361611555E-002
    0.000000    0.000000    1.262333    4.764667   5.9355827876E-002
    0.000000    0.000000    1.264667    4.767000   5.9350925171E-002
    0.000000    0.000000    1.267000    4.769333   5.9346900582E-002
    0.000000    0.000000    1.269333    4.771667   5.9343752904E-002
    0.000000    0.000000    1.271667    4.774000   5.9341482735E-002
    0.000000    0.000000    1.274000    4.776333   5.9340092613E-002
    0.000000    0.000000    1.276333    4.778667   5.9339587161E-002
    0.000000    0.000000    1.278667    4.781000   5.9339973229E-002
    0.000000    0.000000    1.281000    4.783333   5.9341260032E-002
    0.000000    0.000000    1.283333    4.785667   5.9343459287E-002
    0.000000    0.000000    1.285667    4.788000   5.9346585338E-002
    0.000000    0.000000    1.288000    4.790333   5.9350655279E-002
    0.000000    0.000000    1.290333    4.792667   5.9355689065E-002
    0.000000    0.000000    1.292667    4.795000   5.9361709611E-002
    0.000000    0.000000    1.295000    4.797333   5.9368742877E-002
    0.000000    0.000000    1.297333    4.799667   5.9376817937E-002
    0.000000    0.000000    1.299667    4.802000   5.9385967031E-002
    0.000000    0.000000    1.302000    4.804333   5.9396225592E-002
    0.000000    0.000000    1.304333    4.806667   5.9407632251E-002
    0.000000    0.000000    1.306667    4.809000   5.9420228817E-002
    0.000000    0.000000    1.309000    4.811333   5.9434060229E-002
    0.000000    0.000000    1.311333    4.813667   5.9449174471E-002
    0.000000    0.000000    1.313667    4.816000   5.9465622456E-002
    0.000000    0.000000    1.316000    4.818333   5.9483457880E-002
    0.000000    0.000000    1.318333    4.820667   5.9502737022E-002
    0.000000    0.000000    1.320667    4.823000   5.9523518519E-002
    0.000000    0.000000    1.323000    4.825333   5.9545863089E-002
    0.000000    0.000000    1.325333    4.827667   5.9569833208E-002
    0.000000    0.000000    1.327667    4.830000   5.9595492744E-002
    0.000000    0.000000    1.330000    4.832333   5.9622906546E-002
    0.000000    0.000000    1.332333    4.834667   5.9652139976E-002
    0.000000    0.000000    1.334667    4.837000   5.9683258398E-002
    0.000000    0.000000    1.337000    4.839333   5.9716326619E-002
    0.000000    0.000000    1.339333    4.841667   5.9751408274E-002
    0.000000    0.000000    1.341667    4.844000   5.9788565172E-002
    0.000000    0.000000    1.344000    4.846333   5.9827856592E-002
    0.000000    0.000000    1.346333    4.848667   5.9869338528E-002
    0.000000    0.000000    1.348667    4.851000   5.9913062907E-002
    0.000000    0.000000    1.351000    4.853333   5.9959076754E-002
    0.000000    0.000000    1.353333    4.855667   6.0007421335E-002
    0.000000    0.000000    1.355667    4.858000   6.0058131257E-002
    0.000000    0.000000    1.358000    4.860333   6.0111233559E-002
    0.000000    0.000000    1.360333    4.862667   6.0166746770E-002
    0.000000    0.000000    1.362667    4.865000   6.0224679962E-002
    0.000000    0.000000    1.365000    4.867333   6.0285031799E-002
    0.000000    0.000000    1.367333    4.869667   6.0347789584E-002
    0.000000    0.000000    1.369667    4.872000   6.0412928320E-002
    0.000000    0.000000    1.372000    4.874333   6.0480409789E-002
    0.000000    0.000000    1.374333    4.876667   6.0550181658E-002
    0.000000    0.000000    1.376667    4.879000   6.0622176627E-002
    0.000000    0.000000    1.379000    4.881333   6.0696311619E-002
    0.000000    0.000000    1.381333    4.883667   6.0772487029E-002
    0.000000    0.000000    1.383667    4.886000   6.0850586045E-002
    0.000000    0.000000    1.386000    4.888333   6.0930474034E-002
    0.000000    0.000000    1.388333    4.890667   6.1011998029E-002
    0.000000    0.000000    1.390667    4.893000   6.1094986300E-002
    0.000000    0.000000    1.393000    4.895333   6.1179248034E-002
    0.000000    0.000000    1.395333    4.897667   6.1264573134E-002
    0.000000    0.000000    1.397667    4.900000   6.1350732128E-002
    0.000000    0.000000    1.400000    4.902333   6.1437476216E-002
    0.000000    0.000000    1.402333    4.904667   6.1524537450E-002
    0.000000    0.000000    1.404667    4.907000   6.1611629051E-002
    0.000000    0.000000    1.407000    4.909333   6.1698445874E-002
    0.000000    0.000000    1.409333    4.911667   6.1784665019E-002
    0.000000    0.000000    1.411667    4.914000   6.1869946597E-002
    0.000000    0.000000    1.414000    4.916333   6.1953934634E-002
    0.000000    0.000000    1.416333    4.918667   6.2036258142E-002
    0.000000    0.000000    1.418667    4.921000   6.2116532323E-002
    0.000000    0.000000    1.421000    4.923333   6.2194359924E-002
    0.000000    0.000000    1.423333    4.925667   6.2269332727E-002
    0.000000    0.000000    1.425667    4.928000   6.2341033175E-002
    0.000000    0.000000    1.428000    4.930333   6.2409036119E-002
    0.000000    0.000000    1.430333    4.932667   6.2472910677E-002
    0.000000    0.000000    1.432667    4.935000   6.2532222202E-002
    0.000000    0.000000    1.435000    4.937333   6.2586534334E-002
    0.000000    0.000000    1.437333    4.939667   6.2635411133E-002
    0.000000    0.000000    1.439667    4.942000   6.2678419277E-002
    0.000000    0.000000    1.442000    4.944333   6.2715130299E-002
    0.000000    0.000000    1.444333    4.946667   6.2745122863E-002
    0.000000    0.000000    1.446667    4.949000   6.2767985045E-002
    0.000000    0.000000    1.449000    4.951333   6.2783316618E-002
    0.000000    0.000000    1.451333    4.953667   6.2790731304E-002
    0.000000    0.000000    1.453667    4.956000   6.2789858995E-002
    0.000000    0.000000    1.456000    4.958333   6.2780347908E-002
    0.000000    0.000000    1.458333    4.960667   6.2761866661E-002
    0.000000    0.000000    1.460667    4.963000   6.2734106261E-002
    0.000000    0.000000    1.463000    4.965333   6.2696781975E-002
    0.000000    0.000000    1.465333    4.967667   6.2649635070E-002
    0.000000    0.000000    1.467667    4.970000   6.2592434414E-002
    0.000000    0.000000    1.470000    4.972333   6.2524977914E-002
    0.000000    0.000000    1.472333    4.974667   6.2447093790E-002
    0.000000    0.000000    1.474667    4.977000   6.2358641657E-002
    0.000000    0.000000    1.477000    4.979333   6.2259513423E-002
    0.000000    0.000000    1.479333    4.981667   6.2149633980E-002
    0.000000    0.000000    1.481667    4.984000   6.2028961694E-002
    0.000000    0.000000    1.484000    4.986333   6.1897488681E-002
    0.000000    0.000000    1.486333    4.988667   6.1755240867E-002
    0.000000    0.000000    1.488667    4.991000   6.1602277838E-002
    0.000000    0.000000    1.491000    4.993333   6.1438692473E-002
    0.000000    0.000000    1.493333    4.995667   6.1264610370E-002
    0.000000    0.000000    1.495667    4.998000   6.1080189067E-002
    0.000000    0.000000    1.498000    5.000333   6.0885617066E-002
    0.000000    0.000000    1.500333    5.002667   6.0681112667E-002
    0.000000    0.000000    1.502667    5.005000   6.0466922624E-002
    0.000000    0.000000    1.505000    5.007333   6.0243320637E-002
    0.000000    0.000000    1.507333    5.009667   6.0010605690E-002
    0.000000    0.000000    1.509667    5.012000   5.9769100253E-002
    0.000000    0.000000    1.512000    5.014333   5.9519148358E-002
    0.000000    0.000000    1.514333    5.016667   5.9261113574E-002
    0.000000    0.000000    1.516667    5.019000   5.8995376891E-002
    0.000000    0.000000    1.519000    5.021333   5.8722334534E-002
    0.000000    0.000000    1.521333    5.023667   5.8442395728E-002
    0.000000    0.000000    1.523667    5.026000   5.8155980424E-002
    0.000000    0.000000    1.526000    5.028333   5.7863517017E-002
    0.000000    0.000000    1.528333    5.030667   5.7565440058E-002
    0.000000    0.000000    1.530667    5.033000   5.7262187991E-002
    0.000000    0.000000    1.533000    5.035333   5.6954200930E-002
    0.000000    0.000000    1.535333    5.037667   5.6641918482E-002
    0.000000    0.000000    1.537667    5.040000   5.6325777646E-002
    0.000000    0.000000    1.540000    5.042333   5.6006210790E-002
    0.000000    0.000000    1.542333    5.044667   5.5683643724E-002
    0.000000    0.000000    1.544667    5.047000   5.5358493885E-002
    0.000000    0.000000    1.547000    5.049333   5.5031168637E-002
    0.000000    0.000000    1.549333    5.051667   5.4702063697E-002
    0.000000    0.000000    1.551667    5.054000   5.4371561699E-002
    0.000000    0.000000    1.554000    5.056333   5.4040030898E-002
    0.000000    0.000000    1.556333    5.058667   5.3707824016E-002
    0.000000    0.000000    1.558667    5.061000   5.3375277246E-002
    0.000000    0.000000    1.561000    5.063333   5.3042709389E-002
    0.000000    0.000000    1.563333    5.065667   5.2710421165E-002
    0.000000    0.000000    1.565667    5.068000   5.2378694649E-002
    0.000000    0.000000    1.568000    5.070333   5.2047792873E-002
    0.000000    0.000000    1.570333    5.072667   5.1717959557E-002
    0.000000    0.000000    1.572667    5.075000   5.1389418992E-002
    0.000000    0.000000    1.575000    5.077333   5.1062376039E-002
    0.000000    0.000000    1.577333    5.079667   5.0737016272E-002
    0.000000    0.000000    1.579667    5.082000   5.0413506223E-002
    0.000000    0.000000    1.582000    5.084333   5.0091993748E-002
    0.000000    0.000000    1.584333    5.086667   4.9772608489E-002
    0.000000    0.000000    1.586667    5.089000   4.9455462430E-002
    0.000000    0.000000    1.589000    5.091333   4.9140650534E-002
    0.000000    0.000000    1.591333    5.093667   4.8828251455E-002
    0.000000    0.000000    1.593667    5.096000   4.8518328312E-002
    0.000000    0.000000    1.596000    5.098333   4.8210929513E-002
    0.000000    0.000000    1.598333    5.100667   4.7906089628E-002
    0.000000    0.000000    1.600667    5.103000   4.7603830293E-002
    0.000000    0.000000    1.603000    5.105333   4.7304161136E-002
    0.000000    0.000000    1.605333    5.107667   4.7007080722E-002
    0.000000    0.000000    1.607667    5.110000   4.6712577507E-002
    0.000000    0.000000    1.610000    5.112333   4.6420630787E-002
    0.000000    0.000000    1.612333    5.114667   4.6131211639E-002
    0.000000    0.000000    1.614667    5.117000   4.5844283851E-002
    0.000000    0.000000    1.617000    5.119333   4.5559804830E-002
    0.000000    0.000000    1.619333    5.121667   4.5277726479E-002
    0.000000    0.000000    1.621667    5.124000   4.4997996045E-002
    0.000000    0.000000    1.624000    5.126333   4.4720556935E-002
    0.000000    0.000000    1.626333    5.128667   4.4445349485E-002
    0.000000    0.000000    1.628667    5.131000   4.4172311690E-002
    0.000000    0.000000    1.631000    5.133333   4.3901379890E-002
    0.000000    0.000000    1.633333    5.135667   4.3632489408E-002
    0.000000    0.000000    1.635667    5.138000   4.3365575137E-002
    0.000000    0.000000    1.638000    5.140333   4.3100572083E-002
    0.000000    0.000000    1.640333    5.142667   4.2837415857E-002
    0.000000    0.000000    1.642667    5.145000   4.2576043112E-002
    0.000000    0.000000    1.645000    5.147333   4.2316391945E-002
    0.000000    0.000000    1.647333    5.149667   4.2058402237E-002
    0.000000    0.000000    1.649667    5.152000   4.1802015959E-002
    0.000000    0.000000    1.652000    5.154333   4.1547177424E-002
    0.000000    0.000000    1.654333    5.156667   4.1293833506E-002
    0.000000    0.000000    1.656667    5.159000   4.1041933811E-002
    0.000000    0.000000    1.659000    5.161333   4.0791430816E-002
    0.000000    0.000000    1.661333    5.163667   4.0542279964E-002
    0.000000    0.000000    1.663667    5.166000   4.0294439740E-002
    0.000000    0.000000    1.666000    5.168333   4.0047871700E-002
    0.000000    0.000000    1.668333    5.170667   3.9802540488E-002
    0.000000    0.000000    1.670667    5.173000   3.9558413814E-002
    0.000000    0.000000    1.673000    5.175333   3.9315462419E-002
    0.000000    0.000000    1.675333    5.177667   3.9073660013E-002
    0.000000    0.000000    1.677667    5.180000   3.8832983204E-002
    0.000000    0.000000    1.680000    5.182333   3.8593411402E-002
    0.000000    0.000000    1.682333    5.184667   3.8354926715E-002
    0.000000    0.000000    1.684667    5.187000   3.8117513833E-002
    0.000000    0.000000    1.687000    5.189333   3.7881159906E-002
    0.000000    0.000000    1.689333    5.191667   3.7645854411E-002
    0.000000    0.000000    1.691667    5.194000   3.7411589012E-002
    0.000000    0.000000    1.694000    5.196333   3.7178357427E-002
    0.000000    0.000000    1.696333    5.198667   3.6946155276E-002
    0.000000    0.000000    1.698667    5.201000   3.6714979948E-002
    0.000000    0.000000    1.701000    5.203333   3.6484830449E-002
    0.000000    0.000000    1.703333    5.205667   3.6255707266E-002
    0.000000    0.000000    1.705667    5.208000   3.6027612227E-002
    0.000000    0.000000    1.708000    5.210333   3.5800548365E-002
    0.000000    0.000000    1.710333    5.212667   3.5574519785E-002
    0.000000    0.000000    1.712667    5.215000   3.5349531538E-002
    0.000000    0.000000    1.715000    5.217333   3.5125589500E-002
    0.000000    0.000000    1.717333    5.219667   3.4902700252E-002
    0.000000    0.000000    1.719667    5.222000   3.4680870972E-002
    0.000000    0.000000    1.722000    5.224333   3.4460109327E-002
    0.000000    0.000000    1.724333    5.226667   3.4240423376E-002
    0.000000    0.000000    1.726667    5.229000   3.4021821477E-002
    0.000000    0.000000    1.729000    5.231333   3.3804312195E-002
    0.000000    0.000000    1.731333    5.233667   3.3587904229E-002
    0.000000    0.000000    1.733667    5.236000   3.3372606332E-002
    0.000000    0.000000    1.736000    5.238333   3.3158427242E-002
    0.000000    0.000000    1.738333    5.240667   3.2945375620E-002
    0.000000    0.000000    1.740667    5.243000   3.2733459995E-002
    0.000000    0.000000    1.743000    5.245333   3.2522688706E-002
    0.000000    0.000000    1.745333    5.247667   3.2313069858E-002
    0.000000    0.000000    1.747667    5.250000   3.2104611279E-002
    0.000000    0.000000    1.750000    5.252333   3.1897320485E-002
    0.000000    0.000000    1.752333    5.254667   3.1691204643E-002
    0.000000    0.000000    1.754667    5.257000   3.1486270543E-002
    0.000000    0.000000    1.757000    5.259333   3.1282524574E-002
    0.000000    0.000000    1.759333    5.261667   3.1079972702E-002
    0.000000    0.000000    1.761667    5.264000   3.0878620452E-002
    0.000000    0.000000    1.764000    5.266333   3.0678472894E-002
    0.000000    0.000000    1.766333    5.268667   3.0479534628E-002
    0.000000    0.000000    1.768667    5.271000   3.0281809779E-002
    0.000000    0.000000    1.771000    5.273333   3.0085301987E-002
    0.000000    0.000000    1.773333    5.275667   2.9890014406E-002
    0.000000    0.000000    1.775667    5.278000   2.9695949698E-002
    0.000000    0.000000    1.778000    5.280333   2.9503110037E-002
    0.000000    0.000000    1.780333    5.282667   2.9311497106E-002
    0.000000    0.000000    1.782667    5.285000   2.9121112103E-002
    0.000000    0.000000    1.785000    5.287333   2.8931955745E-002
    0.000000    0.000000    1.787333    5.289667   2.8744028273E-002
    0.000000    0.000000    1.789667    5.292000   2.8557329462E-002
    0.000000    0.000000    1.792000    5.294333   2.8371858623E-002
    0.000000    0.000000    1.794333    5.296667   2.8187614618E-002
    0.000000    0.000000    1.796667    5.299000   2.8004595866E-002
    0.000000    0.000000    1.799000    5.301333   2.7822800355E-002
    0.000000    0.000000    1.801333    5.303667   2.7642225655E-002
    0.000000    0.000000    1.803667    5.306000   2.7462868922E-002
    0.000000    0.000000    1.806000    5.308333   2.7284726921E-002
    0.000000    0.000000    1.808333    5.310667   2.7107796030E-002
    0.000000    0.000000    1.810667    5.313000   2.6932072255E-002
    0.000000    0.000000    1.813000    5.315333   2.6757551245E-002
    0.000000    0.000000    1.815333    5.317667   2.6584228302E-002
    0.000000    0.000000    1.817667    5.320000   2.6412098398E-002
    0.000000    0.000000    1.820000    5.322333   2.6241156184E-002
    0.000000    0.000000    1.822333    5.324667   2.6071396009E-002
    0.000000    0.000000    1.824667    5.327000   2.5902811927E-002
    0.000000    0.000000    1.827000    5.329333   2.5735397716E-002
    0.000000    0.000000    1.829333    5.331667   2.5569146890E-002
    0.000000    0.000000    1.831667    5.334000   2.5404052709E-002
    0.000000    0.000000    1.834000    5.336333   2.5240108198E-002
    0.000000    0.000000    1.836333    5.338667   2.5077306156E-002
    0.000000    0.000000    1.838667    5.341000   2.4915639170E-002
    0.000000    0.000000    1.841000    5.343333   2.4755099629E-002
    0.000000    0.000000    1.843333    5.345667   2.4595679734E-002
    0.000000    0.000000    1.845667    5.348000   2.4437371515E-002
    0.000000    0.000000    1.848000    5.350333   2.4280166838E-002
    0.000000    0.000000    1.850333    5.352667   2.4124057422E-002
    0.000000    0.000000    1.852667    5.355000   2.3969034847E-002
    0.000000    0.000000    1.855000    5.357333   2.3815090568E-002
    0.000000    0.000000    1.857333    5.359667   2.3662215923E-002
    0.000000    0.000000    1.859667    5.362000   2.3510402151E-002
    0.000000    0.000000    1.862000    5.364333   2.3359640394E-002
    0.000000    0.000000    1.864333    5.366667   2.3209921713E-002
    0.000000    0.000000    1.866667    5.369000   2.3061237099E-002
    0.000000    0.000000    1.869000    5.371333   2.2913577478E-002
    0.000000    0.000000    1.871333    5.373667   2.2766933727E-002
    0.000000    0.000000    1.873667    5.376000   2.2621296676E-002
    0.000000    0.000000    1.876000    5.378333   2.2476657126E-002
    0.000000    0.000000    1.878333    5.380667   2.2333005848E-002
    0.000000    0.000000    1.880667    5.383000   2.2190333601E-002
    0.000000    0.000000    1.883000    5.385333   2.2048631133E-002
    0.000000    0.000000    1.885333    5.387667   2.1907889193E-002
    0.000000    0.000000    1.887667    5.390000   2.1768098535E-002
    0.000000    0.000000    1.890000    5.392333   2.1629249931E-002
    0.000000    0.000000    1.892333    5.394667   2.1491334173E-002
    0.000000    0.000000    1.894667    5.397000   2.1354342079E-002
    0.000000    0.000000    1.897000    5.399333   2.1218264507E-002
    0.000000    0.000000    1.899333    5.401667   2.1083092351E-002
    0.000000    0.000000    1.901667    5.404000   2.0948816556E-002
    0.000000    0.000000    1.904000    5.406333   2.0815428116E-002
    0.000000    0.000000    1.906333    5.408667   2.0682918085E-002
    0.000000    0.000000    1.908667    5.411000   2.0551277580E-002
    0.000000    0.000000    1.911000    5.413333   2.0420497784E-002
    0.000000    0.000000    1.913333    5.415667   2.0290569953E-002
    0.000000    0.000000    1.915667    5.418000   2.0161485422E-002
    0.000000    0.000000    1.918000    5.420333   2.0033235601E-002
    0.000000    0.000000    1.920333    5.422667   1.9905811990E-002
    0.000000    0.000000    1.922667    5.425000   1.9779206174E-002
    0.000000    0.000000    1.925000    5.427333   1.9653409827E-002
    0.000000    0.000000    1.927333    5.429667   1.9528414722E-002
    0.000000    0.000000    1.929667    5.432000   1.9404212724E-002
    0.000000    0.000000    1.932000    5.434333   1.9280795801E-002
    0.000000    0.000000    1.934333    5.436667   1.9158156020E-002
    0.000000    0.000000    1.936667    5.439000   1.9036285554E-002
    0.000000    0.000000    1.939000    5.441333   1.8915176680E-002
    0.000000    0.000000    1.941333    5.443667   1.8794821785E-002
    0.000000    0.000000    1.943667    5.446000   1.8675213362E-002
    0.000000    0.000000    1.946000    5.448333   1.8556344017E-002
    0.000000    0.000000    1.948333    5.450667   1.8438206467E-002
    0.000000    0.000000    1.950667    5.453000   1.8320793540E-002
    0.000000    0.000000    1.953000    5.455333   1.8204098180E-002
    0.000000    0.000000    1.955333    5.457667   1.8088113442E-002
    0.000000    0.000000    1.957667    5.460000   1.7972832499E-002
    0.000000    0.000000    1.960000    5.462333   1.7858248635E-002
    0.000000    0.000000    1.962333    5.464667   1.7744355252E-002
    0.000000    0.000000    1.964667    5.467000   1.7631145867E-002
    0.000000    0.000000    1.967000    5.469333   1.7518614109E-002
    0.000000    0.000000    1.969333    5.471667   1.7406753725E-002
    0.000000    0.000000    1.971667    5.474000   1.7295558575E-002
    0.000000    0.000000    1.974000    5.476333   1.7185022632E-002
    0.000000    0.000000    1.976333    5.478667   1.7075139985E-002
    0.000000    0.000000    1.978667    5.481000   1.6965904832E-002
    0.000000    0.000000    1.981000    5.483333   1.6857311486E-002
    0.000000    0.000000    1.983333    5.485667   1.6749354370E-002
    0.000000    0.000000    1.985667    5.488000   1.6642028016E-002
    0.000000    0.000000    1.988000    5.490333   1.6535327065E-002
    0.000000    0.000000    1.990333    5.492667   1.6429246267E-002
    0.000000    0.000000    1.992667    5.495000   1.6323780478E-002
    0.000000    0.000000    1.995000    5.497333   1.6218924658E-002
    0.000000    0.000000    1.997333    5.499667   1.6114673873E-002
    0.000000    0.000000    1.999667    5.502000   1.6011023290E-002
    0.000000    0.000000    2.002000    5.504333   1.5907968177E-002
    0.000000    0.000000    2.004333    5.506667   1.5805503902E-002
    0.000000    0.000000    2.006667    5.509000   1.5703625931E-002
    0.000000    0.000000    2.009000    5.511333   1.5602329825E-002
    0.000000    0.000000    2.011333    5.513667   1.5501611240E-002
    0.000000    0.000000    2.013667    5.516000   1.5401465927E-002
    0.000000    0.000000    2.016000    5.518333   1.5301889725E-002
    0.000000    0.000000    2.018333    5.520667   1.5202878563E-002
    0.000000    0.000000    2.020667    5.523000   1.5104428461E-002
    0.000000    0.000000    2.023000    5.525333   1.5006535519E-002
    0.000000    0.000000    2.025333    5.527667   1.4909195927E-002
    0.000000    0.000000    2.027667    5.530000   1.4812405952E-002
    0.000000    0.000000    2.030000    5.532333   1.4716161945E-002
    0.000000    0.000000    2.032333    5.534667   1.4620460333E-002
    0.000000    0.000000    2.034667    5.537000   1.4525297621E-002
    0.000000    0.000000    2.037000    5.539333   1.4430670388E-002
    0.000000    0.000000    2.039333    5.541667   1.4336575287E-002
    0.000000    0.000000    2.041667    5.544000   1.4243009040E-002
    0.000000    0.000000    2.044000    5.546333   1.4149968439E-002
    0.000000    0.000000    2.046333    5.548667   1.4057450345E-002
    0.000000    0.000000    2.048667    5.551000   1.3965451681E-002
    0.000000    0.000000    2.051000    5.553333   1.3873969437E-002
    0.000000    0.000000    2.053333    5.555667   1.3783000662E-002
    0.000000    0.000000    2.055667    5.558000   1.3692542468E-002
    0.000000    0.000000    2.058000    5.560333   1.3602592021E-002
    0.000000    0.000000    2.060333    5.562667   1.3513146548E-002
    0.000000    0.000000    2.062667    5.565000   1.3424203327E-002
    0.000000    0.000000    2.065000    5.567333   1.3335759691E-002
    0.000000    0.000000    2.067333    5.569667   1.3247813023E-002
    0.000000    0.000000    2.069667    5.572000   1.3160360757E-002
    0.000000    0.000000    2.072000    5.574333   1.3073400374E-002
    0.000000    0.000000    2.074333    5.576667   1.2986929401E-002
    0.000000    0.000000    2.076667    5.579000   1.2900945409E-002
    0.000000    0.000000    2.079000    5.581333   1.2815446015E-002
    0.000000    0.000000    2.081333    5.583667   1.2730428873E-002
    0.000000    0.000000    2.083667    5.586000   1.2645891681E-002
    0.000000    0.000000    2.086000    5.588333   1.2561832173E-002
    0.000000    0.000000    2.088333    5.590667   1.2478248121E-002
    0.000000    0.000000    2.090667    5.593000   1.2395137333E-002
    0.000000    0.000000    2.093000    5.595333   1.2312497650E-002
    0.000000    0.000000    2.095333    5.597667   1.2230326945E-002
    0.000000    0.000000    2.097667    5.600000   1.2148623126E-002
    0.000000    0.000000    2.100000    5.602333   1.2067384128E-002
    0.000000    0.000000    2.102333    5.604667   1.1986607915E-002
    0.000000    0.000000    2.104667    5.607000   1.1906292479E-002
    0.000000    0.000000    2.107000    5.609333   1.1826435840E-002
    0.000000    0.000000    2.109333    5.611667   1.1747036040E-002
    0.000000    0.000000    2.111667    5.614000   1.1668091148E-002
    0.000000    0.000000    2.114000    5.616333   1.1589599254E-002
    0.000000    0.000000    2.116333    5.618667   1.1511558471E-002
    0.000000    0.000000    2.118667    5.621000   1.1433966931E-002
    0.000000    0.000000    2.121000    5.623333   1.1356822788E-002
    0.000000    0.000000    2.123333    5.625667   1.1280124213E-002
    0.000000    0.000000    2.125667    5.628000   1.1203869395E-002
    0.000000    0.000000    2.128000    5.630333   1.1128056541E-002
    0.000000    0.000000    2.130333    5.632667   1.1052683872E-002
    0.000000    0.000000    2.132667    5.635000   1.0977749626E-002
    0.000000    0.000000    2.135000    5.637333   1.0903252052E-002
    0.000000    0.000000    2.137333    5.639667   1.0829189417E-002
    0.000000    0.000000    2.139667    5.642000   1.0755559996E-002
    0.000000    0.000000    2.142000    5.644333   1.0682362079E-002
    0.000000    0.000000    2.144333    5.646667   1.0609593965E-002
    0.000000    0.000000    2.146667    5.649000   1.0537253964E-002
    0.000000    0.000000    2.149000    5.651333   1.0465340396E-002
    0.000000    0.000000    2.151333    5.653667   1.0393851591E-002
    0.000000    0.000000    2.153667    5.656000   1.0322785884E-002
    0.000000    0.000000    2.156000    5.658333   1.0252141621E-002
    0.000000    0.000000    2.158333    5.660667   1.0181917154E-002
    0.000000    0.000000    2.160667    5.663000   1.0112110841E-002
    0.000000    0.000000    2.163000    5.665333   1.0042721048E-002
    0.000000    0.000000    2.165333    5.667667   9.9737461450E-003
    0.000000    0.000000    2.167667    5.670000   9.9051845067E-003
    0.000000    0.000000    2.170000    5.672333   9.8370345137E-003
    0.000000    0.000000    2.172333    5.674667   9.7692945501E-003
    0.000000    0.000000    2.174667    5.677000   9.7019630041E-003
    0.000000    0.000000    2.177000    5.679333   9.6350382669E-003
    0.000000    0.000000    2.179333    5.681667   9.5685187331E-003
    0.000000    0.000000    2.181667    5.684000   9.5024027995E-003
    0.000000    0.000000    2.184000    5.686333   9.4366888656E-003
    0.000000    0.000000    2.186333    5.688667   9.3713753325E-003
    0.000000    0.000000    2.188667    5.691000   9.3064606031E-003
    0.000000    0.000000    2.191000    5.693333   9.2419430818E-003
    0.000000    0.000000    2.193333    5.695667   9.1778211739E-003
    0.000000    0.000000    2.195667    5.698000   9.1140932856E-003
    0.000000    0.000000    2.198000    5.700333   9.0507578236E-003
    0.000000    0.000000    2.200333    5.702667   8.9878131953E-003
    0.000000    0.000000    2.202667    5.705000   8.9252578079E-003
    0.000000    0.000000    2.205000    5.707333   8.8630900687E-003
    0.000000    0.000000    2.207333    5.709667   8.8013083848E-003
    0.000000    0.000000    2.209667    5.712000   8.7399111629E-003
    0.000000    0.000000    2.212000    5.714333   8.6788968093E-003
    0.000000    0.000000    2.214333    5.716667   8.6182637294E-003
    0.000000    0.000000    2.216667    5.719000   8.5580103279E-003
    0.000000    0.000000    2.219000    5.721333   8.4981350086E-003
    0.000000    0.000000    2.221333    5.723667   8.4386361743E-003
    0.000000    0.000000    2.223667    5.726000   8.3795122265E-003
    0.000000    0.000000    2.226000    5.728333   8.3207615656E-003
    0.000000    0.000000    2.228333    5.730667   8.2623825908E-003
    0.000000    0.000000    2.230667    5.733000   8.2043736998E-003
    0.000000    0.000000    2.233000    5.735333   8.1467332890E-003
    0.000000    0.000000    2.235333    5.737667   8.0894597531E-003
    0.000000    0.000000    2.237667    5.740000   8.0325514856E-003
    0.000000    0.000000    2.240000    5.742333   7.9760068782E-003
    0.000000    0.000000    2.242333    5.744667   7.9198243213E-003
    0.000000    0.000000    2.244667    5.747000   7.8640022035E-003
    0.000000    0.000000    2.247000    5.749333   7.8085389120E-003
    0.000000    0.000000    2.249333    5.751667   7.7534328322E-003
    0.000000    0.000000    2.251667    5.754000   7.6986823481E-003
    0.000000    0.000000    2.254000    5.756333   7.6442858421E-003
    0.000000    0.000000    2.256333    5.758667   7.5902416948E-003
    0.000000    0.000000    2.258667    5.761000   7.5365482857E-003
    0.000000    0.000000    2.261000    5.763333   7.4832039924E-003
    0.000000    0.000000    2.263333    5.765667   7.4302071911E-003
    0.000000    0.000000    2.265667    5.768000   7.3775562568E-003
    0.000000    0.000000    2.268000    5.770333   7.3252495629E-003
    0.000000    0.000000    2.270333    5.772667   7.2732854813E-003
    0.000000    0.000000    2.272667    5.775000   7.2216623829E-003
    0.000000    0.000000    2.275000    5.777333   7.1703786373E-003
    0.000000    0.000000    2.277333    5.779667   7.1194326126E-003
    0.000000    0.000000    2.279667    5.782000   7.0688226762E-003
    0.000000    0.000000    2.282000    5.784333   7.0185471941E-003
    0.000000    0.000000    2.284333    5.786667   6.9686045314E-003
    0.000000    0.000000    2.286667    5.789000   6.9189930525E-003
    0.000000    0.000000    2.289000    5.791333   6.8697111205E-003
    0.000000    0.000000    2.291333    5.793667   6.8207570981E-003
    0.000000    0.000000    2.293667    5.796000   6.7721293470E-003
    0.000000    0.000000    2.296000    5.798333   6.7238262287E-003
    0.000000    0.000000    2.298333    5.800667   6.6758461037E-003
    0.000000    0.000000    2.300667    5.803000   6.6281873323E-003
    0.000000    0.000000    2.303000    5.805333   6.5808482743E-003
    0.000000    0.000000    2.305333    5.807667   6.5338272894E-003
    0.000000    0.000000    2.307667    5.810000   6.4871227370E-003
    0.000000    0.000000    2.310000    5.812333   6.4407329763E-003
    0.000000    0.000000    2.312333    5.814667   6.3946563666E-003
    0.000000    0.000000    2.314667    5.817000   6.3488912674E-003
    0.000000    0.000000    2.317000    5.819333   6.3034360381E-003
    0.000000    0.000000    2.319333    5.821667   6.2582890386E-003
    0.000000    0.000000    2.321667    5.824000   6.2134486291E-003
    0.000000    0.000000    2.324000    5.826333   6.1689131702E-003
    0.000000    0.000000    2.326333    5.828667   6.1246810231E-003
    0.000000    0.000000    2.328667    5.831000   6.0807505498E-003
    0.000000    0.000000    2.331000    5.833333   6.0371201128E-003
    0.000000    0.000000    2.333333    5.835667   5.9937880757E-003
    0.000000    0.000000    2.335667    5.838000   5.9507528029E-003
    0.000000    0.000000    2.338000    5.840333   5.9080126599E-003
    0.000000    0.000000    2.340333    5.842667   5.8655660134E-003
    0.000000    0.000000    2.342667    5.845000   5.8234112312E-003
    0.000000    0.000000    2.345000    5.847333   5.7815466826E-003
    0.000000    0.000000    2.347333    5.849667   5.7399707384E-003
    0.000000    0.000000    2.349667    5.852000   5.6986817708E-003
    0.000000    0.000000    2.352000    5.854333   5.6576781536E-003
    0.000000    0.000000    2.354333    5.856667   5.6169582626E-003
    0.000000    0.000000    2.356667    5.859000   5.5765204753E-003
    0.000000    0.000000    2.359000    5.861333   5.5363631711E-003
    0.000000    0.000000    2.361333    5.863667   5.4964847314E-003
    0.000000    0.000000    2.363667    5.866000   5.4568835400E-003
    0.000000    0.000000    2.366000    5.868333   5.4175579826E-003
    0.000000    0.000000    2.368333    5.870667   5.3785064474E-003
    0.000000    0.000000    2.370667    5.873000   5.3397273252E-003
    0.000000    0.000000    2.373000    5.875333   5.3012190089E-003
    0.000000    0.000000    2.375333    5.877667   5.2629798944E-003
    0.000000    0.000000    2.377667    5.880000   5.2250083801E-003
    0.000000    0.000000    2.380000    5.882333   5.1873028673E-003
    0.000000    0.000000    2.382333    5.884667   5.1498617601E-003
    0.000000    0.000000    2.384667    5.887000   5.1126834658E-003
    0.000000    0.000000    2.387000    5.889333   5.0757663944E-003
    0.000000    0.000000    2.389333    5.891667   5.0391089594E-003
    0.000000    0.000000    2.391667    5.894000   5.0027095775E-003
    0.000000    0.000000    2.394000    5.896333   4.9665666686E-003
    0.000000    0.000000    2.396333    5.898667   4.9306786562E-003
    0.000000    0.000000    2.398667    5.901000   4.8950439672E-003
    0.000000    0.000000    2.401000    5.903333   4.8596610322E-003
    0.000000    0.000000    2.403333    5.905667   4.8245282853E-003
    0.000000    0.000000    2.405667    5.908000   4.7896441646E-003
    0.000000    0.000000    2.408000    5.910333   4.7550071120E-003
    0.000000    0.000000    2.410333    5.912667   4.7206155732E-003
    0.000000    0.000000    2.412667    5.915000   4.6864679981E-003
    0.000000    0.000000    2.415000    5.917333   4.6525628406E-003
    0.000000    0.000000    2.417333    5.919667   4.6188985588E-003
    0.000000    0.000000    2.419667    5.922000   4.5854736150E-003
    0.000000    0.000000    2.422000    5.924333   4.5522864760E-003
    0.000000    0.000000    2.424333    5.926667   4.5193356127E-003
    0.000000    0.000000    2.426667    5.929000   4.4866195007E-003
    0.000000    0.000000    2.429000    5.931333   4.4541366203E-003
    0.000000    0.000000    2.431333    5.933667   4.4218854560E-003
    0.000000    0.000000    2.433667    5.936000   4.3898644974E-003
    0.000000    0.000000    2.436000    5.938333   4.3580722388E-003
    0.000000    0.000000    2.438333    5.940667   4.3265071790E-003
    0.000000    0.000000    2.440667    5.943000   4.2951678222E-003
    0.000000    0.000000    2.443000    5.945333   4.2640526771E-003
    0.000000    0.000000    2.445333    5.947667   4.2331602579E-003
    0.000000    0.000000    2.447667    5.950000   4.2024890835E-003
    0.000000    0.000000    2.450000    5.952333   4.1720376782E-003
    0.000000    0.000000    2.452333    5.954667   4.1418045716E-003
    0.000000    0.000000    2.454667    5.957000   4.1117882982E-003
    0.000000    0.000000    2.457000    5.959333   4.0819873983E-003
    0.000000    0.000000    2.459333    5.961667   4.0524004174E-003
    0.000000    0.000000    2.461667    5.964000   4.0230259065E-003
    0.000000    0.000000    2.464000    5.966333   3.9938624220E-003
    0.000000    0.000000    2.466333    5.968667   3.9649085261E-003
    0.000000    0.000000    2.468667    5.971000   3.9361627865E-003
    0.000000    0.000000    2.471000    5.973333   3.9076237767E-003
    0.000000    0.000000    2.473333    5.975667   3.8792900757E-003
    0.000000    0.000000    2.475667    5.978000   3.8511602686E-003
    0.000000    0.000000    2.478000    5.980333   3.8232329460E-003
    0.000000    0.000000    2.480333    5.982667   3.7955067048E-003
    0.000000    0.000000    2.482667    5.985000   3.7679801476E-003
    0.000000    0.000000    2.485000    5.987333   3.7406518829E-003
    0.000000    0.000000    2.487333    5.989667   3.7135205253E-003
    0.000000    0.000000    2.489667    5.992000   3.6865846957E-003
    0.000000    0.000000    2.492000    5.994333   3.6598430207E-003
    0.000000    0.000000    2.494333    5.996667   3.6332941335E-003
    0.000000    0.000000    2.496667    5.999000   3.6069366731E-003
    0.000000    0.000000    2.499000    6.001333   3.5807692851E-003
    0.000000    0.000000    2.501333    6.003667   3.5547906211E-003
    0.000000    0.000000    2.503667    6.006000   3.5289993392E-003
    0.000000    0.000000    2.506000    6.008333   3.5033941037E-003
    0.000000    0.000000    2.508333    6.010667   3.4779735854E-003
    0.000000    0.000000    2.510667    6.013000   3.4527364615E-003
    0.000000    0.000000    2.513000    6.015333   3.4276814157E-003
    0.000000    0.000000    2.515333    6.017667   3.4028071380E-003
    0.000000    0.000000    2.517667    6.020000   3.3781123251E-003
    0.000000    0.000000    2.520000    6.022333   3.3535956803E-003
    0.000000    0.000000    2.522333    6.024667   3.3292559132E-003
    0.000000    0.000000    2.524667    6.027000   3.3050917404E-003
    0.000000    0.000000    2.527000    6.029333   3.2811018847E-003
    0.000000    0.000000    2.529333    6.031667   3.2572850760E-003
    0.000000    0.000000    2.531667    6.034000   3.2336400504E-003
    0.000000    0.000000    2.534000    6.036333   3.2101655512E-003
    0.000000    0.000000    2.536333    6.038667   3.1868603281E-003
    0.000000    0.000000    2.538667    6.041000   3.1637231376E-003
    0.000000    0.000000    2.541000    6.043333   3.1407527430E-003
    0.000000    0.000000    2.543333    6.045667   3.1179479146E-003
    0.000000    0.000000    2.545667    6.048000   3.0953074290E-003
    0.000000    0.000000    2.548000    6.050333   3.0728300702E-003
    0.000000    0.000000    2.550333    6.052667   3.0505146287E-003
    0.000000    0.000000    2.552667    6.055000   3.0283599018E-003
    0.000000    0.000000    2.555000    6.057333   3.0063646940E-003
    0.000000    0.000000    2.557333    6.059667   2.9845278164E-003
    0.000000    0.000000    2.559667    6.062000   2.9628480872E-003
    0.000000    0.000000    2.562000    6.064333   2.9413243312E-003
    0.000000    0.000000    2.564333    6.066667   2.9199553805E-003
    0.000000    0.000000    2.566667    6.069000   2.8987400739E-003
    0.000000    0.000000    2.569000    6.071333   2.8776772572E-003
    0.000000    0.000000    2.571333    6.073667   2.8567657831E-003
    0.000000    0.000000    2.573667    6.076000   2.8360045113E-003
    0.000000    0.000000    2.576000    6.078333   2.8153923085E-003
    0.000000    0.000000    2.578333    6.080667   2.7949280483E-003
    0.000000    0.000000    2.580667    6.083000   2.7746106112E-003
    0.000000    0.000000    2.583000    6.085333   2.7544388849E-003
    0.000000    0.000000    2.585333    6.087667   2.7344117639E-003
    0.000000    0.000000    2.587667    6.090000   2.7145281496E-003
    0.000000    0.000000    2.590000    6.092333   2.6947869505E-003
    0.000000    0.000000    2.592333    6.094667   2.6751870822E-003
    0.000000    0.000000    2.594667    6.097000   2.6557274670E-003
    0.000000    0.000000    2.597000    6.099333   2.6364070344E-003
    0.000000    0.000000    2.599333    6.101667   2.6172247207E-003
    0.000000    0.000000    2.601667    6.104000   2.5981794693E-003
    0.000000    0.000000    2.604000    6.106333   2.5792702305E-003
    0.000000    0.000000    2.606333    6.108667   2.5604959615E-003
    0.000000    0.000000    2.608667    6.111000   2.5418556267E-003
    0.000000    0.000000    2.611000    6.113333   2.5233481972E-003
    0.000000    0.000000    2.613333    6.115667   2.5049726510E-003
    0.000000    0.000000    2.615667    6.118000   2.4867279732E-003
    0.000000    0.000000    2.618000    6.120333   2.4686131558E-003
    0.000000    0.000000    2.620333    6.122667   2.4506271977E-003
    0.000000    0.000000    2.622667    6.125000   2.4327691046E-003
    0.000000    0.000000    2.625000    6.127333   2.4150378893E-003
    0.000000    0.000000    2.627333    6.129667   2.3974325712E-003
    0.000000    0.000000    2.629667    6.132000   2.3799521767E-003
    0.000000    0.000000    2.632000    6.134333   2.3625957392E-003
    0.000000    0.000000    2.634333    6.136667   2.3453622988E-003
    0.000000    0.000000    2.636667    6.139000   2.3282509024E-003
    0.000000    0.000000    2.639000    6.141333   2.3112606037E-003
    0.000000    0.000000    2.641333    6.143667   2.2943904634E-003
    0.000000    0.000000    2.643667    6.146000   2.2776395486E-003
    0.000000    0.000000    2.646000    6.148333   2.2610069336E-003
    0.000000    0.000000    2.648333    6.150667   2.2444916992E-003
    0.000000    0.000000    2.650667    6.153000   2.2280929329E-003
    0.000000    0.000000    2.653000    6.155333   2.2118097290E-003
    0.000000    0.000000    2.655333    6.157667   2.1956411884E-003
    0.000000    0.000000    2.657667    6.160000   2.1795864189E-003
    0.000000    0.000000    2.660000    6.162333   2.1636445346E-003
    0.000000    0.000000    2.662333    6.164667   2.1478146566E-003
    0.000000    0.000000    2.664667    6.167000   2.1320959122E-003
    0.000000    0.000000    2.667000    6.169333   2.1164874357E-003
    0.000000    0.000000    2.669333    6.171667   2.1009883677E-003
    0.000000    0.000000    2.671667    6.174000   2.0855978554E-003
    0.000000    0.000000    2.674000    6.176333   2.0703150526E-003
    0.000000    0.000000    2.676333    6.178667   2.0551391194E-003
    0.000000    0.000000    2.678667    6.181000   2.0400692226E-003
    0.000000    0.000000    2.681000    6.183333   2.0251045353E-003
    0.000000    0.000000    2.683333    6.185667   2.0102442371E-003
    0.000000    0.000000    2.685667    6.188000   1.9954875139E-003
    0.000000    0.000000    2.688000    6.190333   1.9808335580E-003
    0.000000    0.000000    2.690333    6.192667   1.9662815681E-003
    0.000000    0.000000    2.692667    6.195000   1.9518307491E-003
    0.000000    0.000000    2.695000    6.197333   1.9374803124E-003
    0.000000    0.000000    2.697333    6.199667   1.9232294755E-003
    0.000000    0.000000    2.699667    6.202000   1.9090774620E-003
    0.000000    0.000000    2.702000    6.204333   1.8950235021E-003
    0.000000    0.000000    2.704333    6.206667   1.8810668317E-003
    0.000000    0.000000    2.706667    6.209000   1.8672066932E-003
    0.000000    0.000000    2.709000    6.211333   1.8534423349E-003
    0.000000    0.000000    2.711333    6.213667   1.8397730114E-003
    0.000000    0.000000    2.713667    6.216000   1.8261979832E-003
    0.000000    0.000000    2.716000    6.218333   1.8127165168E-003
    0.000000    0.000000    2.718333    6.220667   1.7993278848E-003
    0.000000    0.000000    2.720667    6.223000   1.7860313658E-003
    0.000000    0.000000    2.723000    6.225333   1.7728262441E-003
    0.000000    0.000000    2.725333    6.227667   1.7597118101E-003
    0.000000    0.000000    2.727667    6.230000   1.7466873601E-003
    0.000000    0.000000    2.730000    6.232333   1.7337521961E-003
    0.000000    0.000000    2.732333    6.234667   1.7209056260E-003
    0.000000    0.000000    2.734667    6.237000   1.7081469635E-003
    0.000000    0.000000    2.737000    6.239333   1.6954755278E-003
    0.000000    0.000000    2.739333    6.241667   1.6828906442E-003
    0.000000    0.000000    2.741667    6.244000   1.6703916433E-003
    0.000000    0.000000    2.744000    6.246333   1.6579778616E-003
    0.000000    0.000000    2.746333    6.248667   1.6456486411E-003
    0.000000    0.000000    2.748667    6.251000   1.6334033293E-003
    0.000000    0.000000    2.751000    6.253333   1.6212412795E-003
    0.000000    0.000000    2.753333    6.255667   1.6091618502E-003
    0.000000    0.000000    2.755667    6.258000   1.5971644056E-003
    0.000000    0.000000    2.758000    6.260333   1.5852483152E-003
    0.000000    0.000000    2.760333    6.262667   1.5734129539E-003
    0.000000    0.000000    2.762667    6.265000   1.5616577020E-003
    0.000000    0.000000    2.765000    6.267333   1.5499819453E-003
    0.000000    0.000000    2.767333    6.269667   1.5383850747E-003
    0.000000    0.000000    2.769667    6.272000   1.5268664863E-003
    0.000000    0.000000    2.772000    6.274333   1.5154255816E-003
    0.000000    0.000000    2.774333    6.276667   1.5040617674E-003
    0.000000    0.000000    2.776667    6.279000   1.4927744553E-003
    0.000000    0.000000    2.779000    6.281333   1.4815630622E-003
    0.000000    0.000000    2.781333    6.283667   1.4704270103E-003
    0.000000    0.000000    2.783667    6.286000   1.4593657266E-003
    0.000000    0.000000    2.786000    6.288333   1.4483786431E-003
    0.000000    0.000000    2.788333    6.290667   1.4374651969E-003
    0.000000    0.000000    2.790667    6.293000   1.4266248301E-003
    0.000000    0.000000    2.793000    6.295333   1.4158569896E-003
    0.000000    0.000000    2.795333    6.297667   1.4051611271E-003
    0.000000    0.000000    2.797667    6.300000   1.3945366993E-003
    0.000000    0.000000    2.800000    6.302333   1.3839831677E-003
    0.000000    0.000000    2.802333    6.304667   1.3734999984E-003
    0.000000    0.000000    2.804667    6.307000   1.3630866625E-003
    0.000000    0.000000    2.807000    6.309333   1.3527426356E-003
    0.000000    0.000000    2.809333    6.311667   1.3424673979E-003
    0.000000    0.000000    2.811667    6.314000   1.3322604345E-003
    0.000000    0.000000    2.814000    6.316333   1.3221212348E-003
    0.000000    0.000000    2.816333    6.318667   1.3120492930E-003
    0.000000    0.000000    2.818667    6.321000   1.3020441077E-003
    0.000000    0.000000    2.821000    6.323333   1.2921051818E-003
    0.000000    0.000000    2.823333    6.325667   1.2822320231E-003
    0.000000    0.000000    2.825667    6.328000   1.2724241434E-003
    0.000000    0.000000    2.828000    6.330333   1.2626810591E-003
    0.000000    0.000000    2.830333    6.332667   1.2530022908E-003
    0.000000    0.000000    2.832667    6.335000   1.2433873636E-003
    0.000000    0.000000    2.835000    6.337333   1.2338358067E-003
    0.000000    0.000000    2.837333    6.339667   1.2243471536E-003
    0.000000    0.000000    2.839667    6.342000   1.2149209421E-003
    0.000000    0.000000    2.842000    6.344333   1.2055567139E-003
    0.000000    0.000000    2.844333    6.346667   1.1962540150E-003
    0.000000    0.000000    2.846667    6.349000   1.1870123957E-003
    0.000000    0.000000    2.849000    6.351333   1.1778314101E-003
    0.000000    0.000000    2.851333    6.353667   1.1687106163E-003
    0.000000    0.000000    2.853667    6.356000   1.1596495766E-003
    0.000000    0.000000    2.856000    6.358333   1.1506478572E-003
    0.000000    0.000000    2.858333    6.360667   1.1417050280E-003
    0.000000    0.000000    2.860667    6.363000   1.1328206631E-003
    0.000000    0.000000    2.863000    6.365333   1.1239943404E-003
    0.000000    0.000000    2.865333    6.367667   1.1152256415E-003
    0.000000    0.000000    2.867667    6.370000   1.1065141518E-003
    0.000000    0.000000    2.870000    6.372333   1.0978594607E-003
    0.000000    0.000000    2.872333    6.374667   1.0892611609E-003
    0.000000    0.000000    2.874667    6.377000   1.0807188492E-003
    0.000000    0.000000    2.877000    6.379333   1.0722321258E-003
    0.000000    0.000000    2.879333    6.381667   1.0638005948E-003
    0.000000    0.000000    2.881667    6.384000   1.0554238635E-003
    0.000000    0.000000    2.884000    6.386333   1.0471015430E-003
    0.000000    0.000000    2.886333    6.388667   1.0388332481E-003
    0.000000    0.000000    2.888667    6.391000   1.0306185967E-003
    0.000000    0.000000    2.891000    6.393333   1.0224572104E-003
    0.000000    0.000000    2.893333    6.395667   1.0143487143E-003
    0.000000    0.000000    2.895667    6.398000   1.0062927366E-003
    0.000000    0.000000    2.898000    6.400333   9.9828890926E-004
    0.000000    0.000000    2.900333    6.402667   9.9033686728E-004
    0.000000    0.000000    2.902667    6.405000   9.8243624908E-004
    0.000000    0.000000    2.905000    6.407333   9.7458669634E-004
    0.000000    0.000000    2.907333    6.409667   9.6678785399E-004
    0.000000    0.000000    2.909667    6.412000   9.5903937015E-004
    0.000000    0.000000    2.912000    6.414333   9.5134089614E-004
    0.000000    0.000000    2.914333    6.416667   9.4369208644E-004
    0.000000    0.000000    2.916667    6.419000   9.3609259862E-004
    0.000000    0.000000    2.919000    6.421333   9.2854209338E-004
    0.000000    0.000000    2.921333    6.423667   9.2104023443E-004
    0.000000    0.000000    2.923667    6.426000   9.1358668857E-004
    0.000000    0.000000    2.926000    6.428333   9.0618112555E-004
    0.000000    0.000000    2.928333    6.430667   8.9882321813E-004
    0.000000    0.000000    2.930667    6.433000   8.9151264200E-004
    0.000000    0.000000    2.933000    6.435333   8.8424907574E-004
    0.000000    0.000000    2.935333    6.437667   8.7703220086E-004
    0.000000    0.000000    2.937667    6.440000   8.6986170170E-004
    0.000000    0.000000    2.940000    6.442333   8.6273726543E-004
    0.000000    0.000000    2.942333    6.444667   8.5565858202E-004
    0.000000    0.000000    2.944667    6.447000   8.4862534421E-004
    0.000000    0.000000    2.947000    6.449333   8.4163724751E-004
    0.000000    0.000000    2.949333    6.451667   8.3469399011E-004
    0.000000    0.000000    2.951667    6.454000   8.2779527291E-004
    0.000000    0.000000    2.954000    6.456333   8.2094079946E-004
    0.000000    0.000000    2.956333    6.458667   8.1413027597E-004
    0.000000    0.000000    2.958667    6.461000   8.0736341124E-004
    0.000000    0.000000    2.961000    6.463333   8.0063991664E-004
    0.000000    0.000000    2.963333    6.465667   7.9395950612E-004
    0.000000    0.000000    2.965667    6.468000   7.8732189615E-004
    0.000000    0.000000    2.968000    6.470333   7.8072680569E-004
    0.000000    0.000000    2.970333    6.472667   7.7417395620E-004
    0.000000    0.000000    2.972667    6.475000   7.6766307159E-004
    0.000000    0.000000    2.975000    6.477333   7.6119387817E-004
    0.000000    0.000000    2.977333    6.479667   7.5476610468E-004
    0.000000    0.000000    2.979667    6.482000   7.4837948223E-004
    0.000000    0.000000    2.982000    6.484333   7.4203374427E-004
    0.000000    0.000000    2.984333    6.486667   7.3572862659E-004
    0.000000    0.000000    2.986667    6.489000   7.2946386728E-004
    0.000000    0.000000    2.989000    6.491333   7.2323920670E-004
    0.000000    0.000000    2.991333    6.493667   7.1705438748E-004
    0.000000    0.000000    2.993667    6.496000   7.1090915447E-004
    0.000000    0.000000    2.996000    6.498333   7.0480325472E-004
    0.000000    0.000000    2.998333    6.500667   6.9873643749E-004
    0.000000    0.000000    3.000667    6.503000   6.9270845418E-004
    0.000000    0.000000    3.003000    6.505333   6.8671905833E-004
    0.000000    0.000000    3.005333    6.507667   6.8076800561E-004
    0.000000    0.000000    3.007667    6.510000   6.7485505375E-004
    0.000000    0.000000    3.010000    6.512333   6.6897996260E-004
    0.000000    0.000000    3.012333    6.514667   6.6314249400E-004
    0.000000    0.000000    3.014667    6.517000   6.5734241188E-004
    0.000000    0.000000    3.017000    6.519333   6.5157948212E-004
    0.000000    0.000000    3.019333    6.521667   6.4585347260E-004
    0.000000    0.000000    3.021667    6.524000   6.4016415319E-004
    0.000000    0.000000    3.024000    6.526333   6.3451129567E-004
    0.000000    0.000000    3.026333    6.528667   6.2889467374E-004
    0.000000    0.000000    3.028667    6.531000   6.2331406301E-004
    0.000000    0.000000    3.031000    6.533333   6.1776924097E-004
    0.000000    0.000000    3.033333    6.535667   6.1225998696E-004
    0.000000    0.000000    3.035667    6.538000   6.0678608216E-004
    0.000000    0.000000    3.038000    6.540333   6.0134730958E-004
    0.000000    0.000000    3.040333    6.542667   5.9594345400E-004
    0.000000    0.000000    3.042667    6.545000   5.9057430202E-004
    0.000000    0.000000    3.045000    6.547333   5.8523964197E-004
    0.000000    0.000000    3.047333    6.549667   5.7993926392E-004
    0.000000    0.000000    3.049667    6.552000   5.7467295968E-004
    0.000000    0.000000    3.052000    6.554333   5.6944052273E-004
    0.000000    0.000000    3.054333    6.556667   5.6424174828E-004
    0.000000    0.000000    3.056667    6.559000   5.5907643317E-004
    0.000000    0.000000    3.059000    6.561333   5.5394437589E-004
    0.000000    0.000000    3.061333    6.563667   5.4884537658E-004
    0.000000    0.000000    3.063667    6.566000   5.4377923697E-004
    0.000000    0.000000    3.066000    6.568333   5.3874576040E-004
    0.000000    0.000000    3.068333    6.570667   5.3374475176E-004
    0.000000    0.000000    3.070667    6.573000   5.2877601754E-004
    0.000000    0.000000    3.073000    6.575333   5.2383936573E-004
    0.000000    0.000000    3.075333    6.577667   5.1893460586E-004
    0.000000    0.000000    3.077667    6.580000   5.1406154898E-004
    0.000000    0.000000    3.080000    6.582333   5.0922000763E-004
    0.000000    0.000000    3.082333    6.584667   5.0440979579E-004
    0.000000    0.000000    3.084667    6.587000   4.9963072895E-004
    0.000000    0.000000    3.087000    6.589333   4.9488262400E-004
    0.000000    0.000000    3.089333    6.591667   4.9016529928E-004
    0.000000    0.000000    3.091667    6.594000   4.8547857453E-004
    0.000000    0.000000    3.094000    6.596333   4.8082227089E-004
    0.000000    0.000000    3.096333    6.598667   4.7619621088E-004
    0.000000    0.000000    3.098667    6.601000   4.7160021838E-004
    0.000000    0.000000    3.101000    6.603333   4.6703411862E-004
    0.000000    0.000000    3.103333    6.605667   4.6249773817E-004
    0.000000    0.000000    3.105667    6.608000   4.5799090492E-004
    0.000000    0.000000    3.108000    6.610333   4.5351344805E-004
    0.000000    0.000000    3.110333    6.612667   4.4906519805E-004
    0.000000    0.000000    3.112667    6.615000   4.4464598666E-004
    0.000000    0.000000    3.115000    6.617333   4.4025564692E-004
    0.000000    0.000000    3.117333    6.619667   4.3589401309E-004
    0.000000    0.000000    3.119667    6.622000   4.3156092067E-004
    0.000000    0.000000    3.122000    6.624333   4.2725620639E-004
    0.000000    0.000000    3.124333    6.626667   4.2297970817E-004
    0.000000    0.000000    3.126667    6.629000   4.1873126513E-004
    0.000000    0.000000    3.129000    6.631333   4.1451071758E-004
    0.000000    0.000000    3.131333    6.633667   4.1031790700E-004
    0.000000    0.000000    3.133667    6.636000   4.0615267600E-004
    0.000000    0.000000    3.136000    6.638333   4.0201486836E-004
    0.000000    0.000000    3.138333    6.640667   3.9790432898E-004
    0.000000    0.000000    3.140667    6.643000   3.9382090386E-004
    0.000000    0.000000    3.143000    6.645333   3.8976444013E-004
    0.000000    0.000000    3.145333    6.647667   3.8573478599E-004
    0.000000    0.000000    3.147667    6.650000   3.8173179075E-004
    0.000000    0.000000    3.150000    6.652333   3.7775530475E-004
    0.000000    0.000000    3.152333    6.654667   3.7380517942E-004
    0.000000    0.000000    3.154667    6.657000   3.6988126722E-004
    0.000000    0.000000    3.157000    6.659333   3.6598342164E-004
    0.000000    0.000000    3.159333    6.661667   3.6211149720E-004
    0.000000    0.000000    3.161667    6.664000   3.5826534943E-004
    0.000000    0.000000    3.164000    6.666333   3.5444483486E-004
    0.000000    0.000000    3.166333    6.668667   3.5064981100E-004
    0.000000    0.000000    3.168667    6.671000   3.4688013636E-004
    0.000000    0.000000    3.171000    6.673333   3.4313567038E-004
    0.000000    0.000000    3.173333    6.675667   3.3941627350E-004
    0.000000    0.000000    3.175667    6.678000   3.3572180708E-004
    0.000000    0.000000    3.178000    6.680333   3.3205213342E-004
    0.000000    0.000000    3.180333    6.682667   3.2840711576E-004
    0.000000    0.000000    3.182667    6.685000   3.2478661823E-004
    0.000000    0.000000    3.185000    6.687333   3.2119050588E-004
    0.000000    0.000000    3.187333    6.689667   3.1761864467E-004
    0.000000    0.000000    3.189667    6.692000   3.1407090143E-004
    0.000000    0.000000    3.192000    6.694333   3.1054714386E-004
    0.000000    0.000000    3.194333    6.696667   3.0704724055E-004
    0.000000    0.000000    3.196667    6.699000   3.0357106093E-004
    0.000000    0.000000    3.199000    6.701333   3.0011847528E-004
    0.000000    0.000000    3.201333    6.703667   2.9668935474E-004
    0.000000    0.000000    3.203667    6.706000   2.9328357124E-004
    0.000000    0.000000    3.206000    6.708333   2.8990099758E-004
    0.000000    0.000000    3.208333    6.710667   2.8654150734E-004
    0.000000    0.000000    3.210667    6.713000   2.8320497492E-004
    0.000000    0.000000    3.213000    6.715333   2.7989127550E-004
    0.000000    0.000000    3.215333    6.717667   2.7660028506E-004
    0.000000    0.000000    3.217667    6.720000   2.7333188037E-004
    0.000000    0.000000    3.220000    6.722333   2.7008593894E-004
    0.000000    0.000000    3.222333    6.724667   2.6686233907E-004
    0.000000    0.000000    3.224667    6.727000   2.6366095979E-004
    0.000000    0.000000    3.227000    6.729333   2.6048168091E-004
    0.000000    0.000000    3.229333    6.731667   2.5732438295E-004
    0.000000    0.000000    3.231667    6.734000   2.5418894718E-004
    0.000000    0.000000    3.234000    6.736333   2.5107525557E-004
    0.000000    0.000000    3.236333    6.738667   2.4798319083E-004
    0.000000    0.000000    3.238667    6.741000   2.4491263636E-004
    0.000000    0.000000    3.241000    6.743333   2.4186347627E-004
    0.000000    0.000000    3.243333    6.745667   2.3883559537E-004
    0.000000    0.000000    3.245667    6.748000   2.3582887915E-004
    0.000000    0.000000    3.248000    6.750333   2.3284321377E-004
    0.000000    0.000000    3.250333    6.752667   2.2987848608E-004
    0.000000    0.000000    3.252667    6.755000   2.2693458359E-004
    0.000000    0.000000    3.255000    6.757333   2.2401139446E-004
    0.000000    0.000000    3.257333    6.759667   2.2110880750E-004
    0.000000    0.000000    3.259667    6.762000   2.1822671219E-004
    0.000000    0.000000    3.262000    6.764333   2.1536499863E-004
    0.000000    0.000000    3.264333    6.766667   2.1252355754E-004
    0.000000    0.000000    3.266667    6.769000   2.0970228030E-004
    0.000000    0.000000    3.269000    6.771333   2.0690105888E-004
    0.000000    0.000000    3.271333    6.773667   2.0411978588E-004
    0.000000    0.000000    3.273667    6.776000   2.0135835450E-004
    0.000000    0.000000    3.276000    6.778333   1.9861665854E-004
    0.000000    0.000000    3.278333    6.780667   1.9589459240E-004
    0.000000    0.000000    3.280667    6.783000   1.9319205108E-004
    0.000000    0.000000    3.283000    6.785333   1.9050893013E-004
    0.000000    0.000000    3.285333    6.787667   1.8784512573E-004
    0.000000    0.000000    3.287667    6.790000   1.8520053457E-004
    0.000000    0.000000    3.290000    6.792333   1.8257505397E-004
    0.000000    0.000000    3.292333    6.794667   1.7996858176E-004
    0.000000    0.000000    3.294667    6.797000   1.7738101635E-004
    0.000000    0.000000    3.297000    6.799333   1.7481225671E-004
    0.000000    0.000000    3.299333    6.801667   1.7226220233E-004
    0.000000    0.000000    3.301667    6.804000   1.6973075325E-004
    0.000000    0.000000    3.304000    6.806333   1.6721781006E-004
    0.000000    0.000000    3.306333    6.808667   1.6472327385E-004
    0.000000    0.000000    3.308667    6.811000   1.6224704627E-004
    0.000000    0.000000    3.311000    6.813333   1.5978902946E-004
    0.000000    0.000000    3.313333    6.815667   1.5734912608E-004
    0.000000    0.000000    3.315667    6.818000   1.5492723932E-004
    0.000000    0.000000    3.318000    6.820333   1.5252327286E-004
    0.000000    0.000000    3.320333    6.822667   1.5013713088E-004
    0.000000    0.000000    3.322667    6.825000   1.4776871805E-004
    0.000000    0.000000    3.325000    6.827333   1.4541793955E-004
    0.000000    0.000000    3.327333    6.829667   1.4308470104E-004
    0.000000    0.000000    3.329667    6.832000   1.4076890865E-004
    0.000000    0.000000    3.332000    6.834333   1.3847046900E-004
    0.000000    0.000000    3.334333    6.836667   1.3618928919E-004
    0.000000    0.000000    3.336667    6.839000   1.3392527677E-004
    0.000000    0.000000    3.339000    6.841333   1.3167833977E-004
    0.000000    0.000000    3.341333    6.843667   1.2944838668E-004
    0.000000    0.000000    3.343667    6.846000   1.2723532645E-004
    0.000000    0.000000    3.346000    6.848333   1.2503906847E-004
    0.000000    0.000000    3.348333    6.850667   1.2285952260E-004
    0.000000    0.000000    3.350667    6.853000   1.2069659912E-004
    0.000000    0.000000    3.353000    6.855333   1.1855020877E-004
    0.000000    0.000000    3.355333    6.857667   1.1642026272E-004
    0.000000    0.000000    3.357667    6.860000   1.1430667259E-004
    0.000000    0.000000    3.360000    6.862333   1.1220935040E-004
    0.000000    0.000000    3.362333    6.864667   1.1012820862E-004
    0.000000    0.000000    3.364667    6.867000   1.0806316013E-004
    0.000000    0.000000    3.367000    6.869333   1.0601411825E-004
    0.000000    0.000000    3.369333    6.871667   1.0398099669E-004
    0.000000    0.000000    3.371667    6.874000   1.0196370959E-004
    0.000000    0.000000    3.374000    6.876333   9.9962171494E-005
    0.000000    0.000000    3.376333    6.878667   9.7976297348E-005
    0.000000    0.000000    3.378667    6.881000   9.6006002505E-005
    0.000000    0.000000    3.381000    6.883333   9.4051202717E-005
    0.000000    0.000000    3.383333    6.885667   9.2111814131E-005
    0.000000    0.000000    3.385667    6.888000   9.0187753287E-005
    0.000000    0.000000    3.388000    6.890333   8.8278937116E-005
    0.000000    0.000000    3.390333    6.892667   8.6385282933E-005
    0.000000    0.000000    3.392667    6.895000   8.4506708439E-005
    0.000000    0.000000    3.395000    6.897333   8.2643131716E-005
    0.000000    0.000000    3.397333    6.899667   8.0794471222E-005
    0.000000    0.000000    3.399667    6.902000   7.8960645790E-005
    0.000000    0.000000    3.402000    6.904333   7.7141574627E-005
    0.000000    0.000000    3.404333    6.906667   7.5337177306E-005
    0.000000    0.000000    3.406667    6.909000   7.3547373771E-005
    0.000000    0.000000    3.409000    6.911333   7.1772084324E-005
    0.000000    0.000000    3.411333    6.913667   7.0011229633E-005
    0.000000    0.000000    3.413667    6.916000   6.8264730720E-005
    0.000000    0.000000    3.416000    6.918333   6.6532508967E-005
    0.000000    0.000000    3.418333    6.920667   6.4814486107E-005
    0.000000    0.000000    3.420667    6.923000   6.3110584221E-005
    0.000000    0.000000    3.423000    6.925333   6.1420725743E-005
    0.000000    0.000000    3.425333    6.927667   5.9744833450E-005
    0.000000    0.000000    3.427667    6.930000   5.8082830461E-005
    0.000000    0.000000    3.430000    6.932333   5.6434640238E-005
    0.000000    0.000000    3.432333    6.934667   5.4800186581E-005
    0.000000    0.000000    3.434667    6.937000   5.3179393624E-005
    0.000000    0.000000    3.437000    6.939333   5.1572185837E-005
    0.000000    0.000000    3.439333    6.941667   4.9978488021E-005
    0.000000    0.000000    3.441667    6.944000   4.8398225307E-005
    0.000000    0.000000    3.444000    6.946333   4.6831323150E-005
    0.000000    0.000000    3.446333    6.948667   4.5277707333E-005
    0.000000    0.000000    3.448667    6.951000   4.3737303961E-005
    0.000000    0.000000    3.451000    6.953333   4.2210039459E-005
    0.000000    0.000000    3.453333    6.955667   4.0695840571E-005
    0.000000    0.000000    3.455667    6.958000   3.9194634358E-005
    0.000000    0.000000    3.458000    6.960333   3.7706348195E-005
    0.000000    0.000000    3.460333    6.962667   3.6230909770E-005
    0.000000    0.000000    3.462667    6.965000   3.4768247080E-005
    0.000000    0.000000    3.465000    6.967333   3.3318288433E-005
    0.000000    0.000000    3.467333    6.969667   3.1880962443E-005
    0.000000    0.000000    3.469667    6.972000   3.0456198028E-005
    0.000000    0.000000    3.472000    6.974333   2.9043924409E-005
    0.000000    0.000000    3.474333    6.976667   2.7644071111E-005
    0.000000    0.000000    3.476667    6.979000   2.6256567955E-005
    0.000000    0.000000    3.479000    6.981333   2.4881345061E-005
    0.000000    0.000000    3.481333    6.983667   2.3518332846E-005
    0.000000    0.000000    3.483667    6.986000   2.2167462020E-005
    0.000000    0.000000    3.486000    6.988333   2.0828663586E-005
    0.000000    0.000000    3.488333    6.990667   1.9501868838E-005
    0.000000    0.000000    3.490667    6.993000   1.8187009360E-005
    0.000000    0.000000    3.493000    6.995333   1.6884017021E-005
    0.000000    0.000000    3.495333    6.997667   1.5592823979E-005
    0.000000    0.000000    3.497667    7.000000   1.4313362677E-005
