    0.000000    0.000000   -3.500000    0.002333  -8.3512831020E-004
    0.000000    0.000000   -3.497667    0.004667  -8.3895168822E-004
    0.000000    0.000000   -3.495333    0.007000  -8.4279082618E-004
    0.000000    0.000000   -3.493000    0.009333  -8.4664578030E-004
    0.000000    0.000000   -3.490667    0.011667  -8.5051660700E-004
    0.000000    0.000000   -3.488333    0.014000  -8.5440336289E-004
    0.000000    0.000000   -3.486000    0.016333  -8.5830610482E-004
    0.000000    0.000000   -3.483667    0.018667  -8.6222488983E-004
    0.000000    0.000000   -3.481333    0.021000  -8.6615977517E-004
    0.000000    0.000000   -3.479000    0.023333  -8.7011081831E-004
    0.000000    0.000000   -3.476667    0.025667  -8.7407807692E-004
    0.000000    0.000000   -3.474333    0.028000  -8.7806160890E-004
    0.000000    0.000000   -3.472000    0.030333  -8.8206147236E-004
    0.000000    0.000000   -3.469667    0.032667  -8.8607772563E-004
    0.000000    0.000000   -3.467333    0.035000  -8.9011042726E-004
    0.000000    0.000000   -3.465000    0.037333  -8.9415963601E-004
    0.000000    0.000000   -3.462667    0.039667  -8.9822541088E-004
    0.000000    0.000000   -3.460333    0.042000  -9.0230781108E-004
    0.000000    0.000000   -3.458000    0.044333  -9.0640689604E-004
    0.000000    0.000000   -3.455667    0.046667  -9.1052272544E-004
    0.000000    0.000000   -3.453333    0.049000  -9.1465535918E-004
    0.000000    0.000000   -3.451000    0.051333  -9.1880485737E-004
    0.000000    0.000000   -3.448667    0.053667  -9.2297128038E-004
    0.000000    0.000000   -3.446333    0.056000  -9.2715468879E-004
    0.000000    0.000000   -3.444000    0.058333  -9.3135514343E-004
    0.000000    0.000000   -3.441667    0.060667  -9.3557270536E-004
    0.000000    0.000000   -3.439333    0.063000  -9.3980743589E-004
    0.000000    0.000000   -3.437000    0.065333  -9.4405939655E-004
    0.000000    0.000000   -3.434667    0.067667  -9.4832864913E-004
    0.000000    0.000000   -3.432333    0.070000  -9.5261525564E-004
    0.000000    0.000000   -3.430000    0.072333  -9.5691927836E-004
    0.000000    0.000000   -3.427667    0.074667  -9.6124077982E-004
    0.000000    0.000000   -3.425333    0.077000  -9.6557982276E-004
    0.000000    0.000000   -3.423000    0.079333  -9.6993647021E-004
    0.000000    0.000000   -3.420667    0.081667  -9.7431078544E-004
    0.000000    0.000000   -3.418333    0.084000  -9.7870283196E-004
    0.000000    0.000000   -3.416000    0.086333  -9.8311267356E-004
    0.000000    0.000000   -3.413667    0.088667  -9.8754037426E-004
    0.000000    0.000000   -3.411333    0.091000  -9.9198599838E-004
    0.000000    0.000000   -3.409000    0.093333  -9.9644961045E-004
    0.000000    0.000000   -3.406667    0.095667  -1.0009312753E-003
    0.000000    0.000000   -3.404333    0.098000  -1.0054310580E-003
    0.000000    0.000000   -3.402000    0.100333  -1.0099490239E-003
    0.000000    0.000000   -3.399667    0.102667  -1.0144852387E-003
    0.000000    0.000000   -3.397333    0.105000  -1.0190397681E-003
    0.000000    0.000000   -3.395000    0.107333  -1.0236126785E-003
    0.000000    0.000000   -3.392667    0.109667  -1.0282040362E-003
    0.000000    0.000000   -3.390333    0.112000  -1.0328139079E-003
    0.000000    0.000000   -3.388000    0.114333  -1.0374423606E-003
    0.000000    0.000000   -3.385667    0.116667  -1.0420894617E-003
    0.000000    0.000000   -3.383333    0.119000  -1.0467552786E-003
    0.000000    0.000000   -3.381000    0.121333  -1.0514398792E-003
    0.000000    0.000000   -3.378667    0.123667  -1.0561433317E-003
    0.000000    0.000000   -3.376333    0.126000  -1.0608657044E-003
    0.000000    0.000000   -3.374000    0.128333  -1.0656070660E-003
    0.000000    0.000000   -3.371667    0.130667  -1.0703674856E-003
    0.000000    0.000000   -3.369333    0.133000  -1.0751470325E-003
    0.000000    0.000000   -3.367000    0.135333  -1.0799457763E-003
    0.000000    0.000000   -3.364667    0.137667  -1.0847637868E-003
    0.000000    0.000000   -3.362333    0.140000  -1.0896011342E-003
    0.000000    0.000000   -3.360000    0.142333  -1.0944578891E-003
    0.000000    0.000000   -3.357667    0.144667  -1.0993341223E-003
    0.000000    0.000000   -3.355333    0.147000  -1.1042299048E-003
    0.000000    0.000000   -3.353000    0.149333  -1.1091453082E-003
    0.000000    0.000000   -3.350667    0.151667  -1.1140804041E-003
    0.000000    0.000000   -3.348333    0.154000  -1.1190352647E-003
    0.000000    0.000000   -3.346000    0.156333  -1.1240099622E-003
    0.000000    0.000000   -3.343667    0.158667  -1.1290045694E-003
    0.000000    0.000000   -3.341333    0.161000  -1.1340191594E-003
    0.000000    0.000000   -3.339000    0.163333  -1.1390538054E-003
    0.000000    0.000000   -3.336667    0.165667  -1.1441085811E-003
    0.000000    0.000000   -3.334333    0.168000  -1.1491835606E-003
    0.000000    0.000000   -3.332000    0.170333  -1.1542788182E-003
    0.000000    0.000000   -3.329667    0.172667  -1.1593944285E-003
    0.000000    0.000000   -3.327333    0.175000  -1.1645304666E-003
    0.000000    0.000000   -3.325000    0.177333  -1.1696870078E-003
    0.000000    0.000000   -3.322667    0.179667  -1.1748641277E-003
    0.000000    0.000000   -3.320333    0.182000  -1.1800619026E-003
    0.000000    0.000000   -3.318000    0.184333  -1.1852804086E-003
    0.000000    0.000000   -3.315667    0.186667  -1.1905197227E-003
    0.000000    0.000000   -3.313333    0.189000  -1.1957799218E-003
    0.000000    0.000000   -3.311000    0.191333  -1.2010610834E-003
    0.000000    0.000000   -3.308667    0.193667  -1.2063632853E-003
    0.000000    0.000000   -3.306333    0.196000  -1.2116866056E-003
    0.000000    0.000000   -3.304000    0.198333  -1.2170311230E-003
    0.000000    0.000000   -3.301667    0.200667  -1.2223969163E-003
    0.000000    0.000000   -3.299333    0.203000  -1.2277840648E-003
    0.000000    0.000000   -3.297000    0.205333  -1.2331926480E-003
    0.000000    0.000000   -3.294667    0.207667  -1.2386227461E-003
    0.000000    0.000000   -3.292333    0.210000  -1.2440744394E-003
    0.000000    0.000000   -3.290000    0.212333  -1.2495478087E-003
    0.000000    0.000000   -3.287667    0.214667  -1.2550429351E-003
    0.000000    0.000000   -3.285333    0.217000  -1.2605599002E-003
    0.000000    0.000000   -3.283000    0.219333  -1.2660987859E-003
    0.000000    0.000000   -3.280667    0.221667  -1.2716596745E-003
    0.000000    0.000000   -3.278333    0.224000  -1.2772426488E-003
    0.000000    0.000000   -3.276000    0.226333  -1.2828477919E-003
    0.000000    0.000000   -3.273667    0.228667  -1.2884751872E-003
    0.000000    0.000000   -3.271333    0.231000  -1.2941249187E-003
    0.000000    0.000000   -3.269000    0.233333  -1.2997970707E-003
    0.000000    0.000000   -3.266667    0.235667  -1.3054917280E-003
    0.000000    0.000000   -3.264333    0.238000  -1.3112089758E-003
    0.000000    0.000000   -3.262000    0.240333  -1.3169488995E-003
    0.000000    0.000000   -3.259667    0.242667  -1.3227115851E-003
    0.000000    0.000000   -3.257333    0.245000  -1.3284971192E-003
    0.000000    0.000000   -3.255000    0.247333  -1.3343055884E-003
    0.000000    0.000000   -3.252667    0.249667  -1.3401370801E-003
    0.000000    0.000000   -3.250333    0.252000  -1.3459916820E-003
    0.000000    0.000000   -3.248000    0.254333  -1.3518694822E-003
    0.000000    0.000000   -3.245667    0.256667  -1.3577705692E-003
    0.000000    0.000000   -3.243333    0.259000  -1.3636950321E-003
    0.000000    0.000000   -3.241000    0.261333  -1.3696429604E-003
    0.000000    0.000000   -3.238667    0.263667  -1.3756144438E-003
    0.000000    0.000000   -3.236333    0.266000  -1.3816095729E-003
    0.000000    0.000000   -3.234000    0.268333  -1.3876284383E-003
    0.000000    0.000000   -3.231667    0.270667  -1.3936711314E-003
    0.000000    0.000000   -3.229333    0.273000  -1.3997377439E-003
    0.000000    0.000000   -3.227000    0.275333  -1.4058283680E-003
    0.000000    0.000000   -3.224667    0.277667  -1.4119430963E-003
    0.000000    0.000000   -3.222333    0.280000  -1.4180820220E-003
    0.000000    0.000000   -3.220000    0.282333  -1.4242452387E-003
    0.000000    0.000000   -3.217667    0.284667  -1.4304328405E-003
    0.000000    0.000000   -3.215333    0.287000  -1.4366449219E-003
    0.000000    0.000000   -3.213000    0.289333  -1.4428815781E-003
    0.000000    0.000000   -3.210667    0.291667  -1.4491429045E-003
    0.000000    0.000000   -3.208333    0.294000  -1.4554289972E-003
    0.000000    0.000000   -3.206000    0.296333  -1.4617399527E-003
    0.000000    0.000000   -3.203667    0.298667  -1.4680758681E-003
    0.000000    0.000000   -3.201333    0.301000  -1.4744368410E-003
    0.000000    0.000000   -3.199000    0.303333  -1.4808229692E-003
    0.000000    0.000000   -3.196667    0.305667  -1.4872343516E-003
    0.000000    0.000000   -3.194333    0.308000  -1.4936710870E-003
    0.000000    0.000000   -3.192000    0.310333  -1.5001332751E-003
    0.000000    0.000000   -3.189667    0.312667  -1.5066210161E-003
    0.000000    0.000000   -3.187333    0.315000  -1.5131344105E-003
    0.000000    0.000000   -3.185000    0.317333  -1.5196735596E-003
    0.000000    0.000000   -3.182667    0.319667  -1.5262385650E-003
    0.000000    0.000000   -3.180333    0.322000  -1.5328295290E-003
    0.000000    0.000000   -3.178000    0.324333  -1.5394465544E-003
    0.000000    0.000000   -3.175667    0.326667  -1.5460897446E-003
    0.000000    0.000000   -3.173333    0.329000  -1.5527592033E-003
    0.000000    0.000000   -3.171000    0.331333  -1.5594550351E-003
    0.000000    0.000000   -3.168667    0.333667  -1.5661773450E-003
    0.000000    0.000000   -3.166333    0.336000  -1.5729262384E-003
    0.000000    0.000000   -3.164000    0.338333  -1.5797018216E-003
    0.000000    0.000000   -3.161667    0.340667  -1.5865042013E-003
    0.000000    0.000000   -3.159333    0.343000  -1.5933334846E-003
    0.000000    0.000000   -3.157000    0.345333  -1.6001897795E-003
    0.000000    0.000000   -3.154667    0.347667  -1.6070731943E-003
    0.000000    0.000000   -3.152333    0.350000  -1.6139838381E-003
    0.000000    0.000000   -3.150000    0.352333  -1.6209218206E-003
    0.000000    0.000000   -3.147667    0.354667  -1.6278872518E-003
    0.000000    0.000000   -3.145333    0.357000  -1.6348802426E-003
    0.000000    0.000000   -3.143000    0.359333  -1.6419009045E-003
    0.000000    0.000000   -3.140667    0.361667  -1.6489493493E-003
    0.000000    0.000000   -3.138333    0.364000  -1.6560256897E-003
    0.000000    0.000000   -3.136000    0.366333  -1.6631300391E-003
    0.000000    0.000000   -3.133667    0.368667  -1.6702625111E-003
    0.000000    0.000000   -3.131333    0.371000  -1.6774232204E-003
    0.000000    0.000000   -3.129000    0.373333  -1.6846122820E-003
    0.000000    0.000000   -3.126667    0.375667  -1.6918298116E-003
    0.000000    0.000000   -3.124333    0.378000  -1.6990759257E-003
    0.000000    0.000000   -3.122000    0.380333  -1.7063507412E-003
    0.000000    0.000000   -3.119667    0.382667  -1.7136543758E-003
    0.000000    0.000000   -3.117333    0.385000  -1.7209869480E-003
    0.000000    0.000000   -3.115000    0.387333  -1.7283485765E-003
    0.000000    0.000000   -3.112667    0.389667  -1.7357393811E-003
    0.000000    0.000000   -3.110333    0.392000  -1.7431594821E-003
    0.000000    0.000000   -3.108000    0.394333  -1.7506090004E-003
    0.000000    0.000000   -3.105667    0.396667  -1.7580880577E-003
    0.000000    0.000000   -3.103333    0.399000  -1.7655967763E-003
    0.000000    0.000000   -3.101000    0.401333  -1.7731352792E-003
    0.000000    0.000000   -3.098667    0.403667  -1.7807036901E-003
    0.000000    0.000000   -3.096333    0.406000  -1.7883021333E-003
    0.000000    0.000000   -3.094000    0.408333  -1.7959307341E-003
    0.000000    0.000000   -3.091667    0.410667  -1.8035896180E-003
    0.000000    0.000000   -3.089333    0.413000  -1.8112789117E-003
    0.000000    0.000000   -3.087000    0.415333  -1.8189987424E-003
    0.000000    0.000000   -3.084667    0.417667  -1.8267492378E-003
    0.000000    0.000000   -3.082333    0.420000  -1.8345305268E-003
    0.000000    0.000000   -3.080000    0.422333  -1.8423427385E-003
    0.000000    0.000000   -3.077667    0.424667  -1.8501860032E-003
    0.000000    0.000000   -3.075333    0.427000  -1.8580604517E-003
    0.000000    0.000000   -3.073000    0.429333  -1.8659662155E-003
    0.000000    0.000000   -3.070667    0.431667  -1.8739034269E-003
    0.000000    0.000000   -3.068333    0.434000  -1.8818722190E-003
    0.000000    0.000000   -3.066000    0.436333  -1.8898727256E-003
    0.000000    0.000000   -3.063667    0.438667  -1.8979050812E-003
    0.000000    0.000000   -3.061333    0.441000  -1.9059694213E-003
    0.000000    0.000000   -3.059000    0.443333  -1.9140658819E-003
    0.000000    0.000000   -3.056667    0.445667  -1.9221945998E-003
    0.000000    0.000000   -3.054333    0.448000  -1.9303557129E-003
    0.000000    0.000000   -3.052000    0.450333  -1.9385493594E-003
    0.000000    0.000000   -3.049667    0.452667  -1.9467756787E-003
    0.000000    0.000000   -3.047333    0.455000  -1.9550348107E-003
    0.000000    0.000000   -3.045000    0.457333  -1.9633268963E-003
    0.000000    0.000000   -3.042667    0.459667  -1.9716520772E-003
    0.000000    0.000000   -3.040333    0.462000  -1.9800104957E-003
    0.000000    0.000000   -3.038000    0.464333  -1.9884022951E-003
    0.000000    0.000000   -3.035667    0.466667  -1.9968276196E-003
    0.000000    0.000000   -3.033333    0.469000  -2.0052866139E-003
    0.000000    0.000000   -3.031000    0.471333  -2.0137794239E-003
    0.000000    0.000000   -3.028667    0.473667  -2.0223061960E-003
    0.000000    0.000000   -3.026333    0.476000  -2.0308670778E-003
    0.000000    0.000000   -3.024000    0.478333  -2.0394622175E-003
    0.000000    0.000000   -3.021667    0.480667  -2.0480917641E-003
    0.000000    0.000000   -3.019333    0.483000  -2.0567558677E-003
    0.000000    0.000000   -3.017000    0.485333  -2.0654546790E-003
    0.000000    0.000000   -3.014667    0.487667  -2.0741883498E-003
    0.000000    0.000000   -3.012333    0.490000  -2.0829570326E-003
    0.000000    0.000000   -3.010000    0.492333  -2.0917608809E-003
    0.000000    0.000000   -3.007667    0.494667  -2.1006000490E-003
    0.000000    0.000000   -3.005333    0.497000  -2.1094746920E-003
    0.000000    0.000000   -3.003000    0.499333  -2.1183849662E-003
    0.000000    0.000000   -3.000667    0.501667  -2.1273310285E-003
    0.000000    0.000000   -2.998333    0.504000  -2.1363130369E-003
    0.000000    0.000000   -2.996000    0.506333  -2.1453311500E-003
    0.000000    0.000000   -2.993667    0.508667  -2.1543855278E-003
    0.000000    0.000000   -2.991333    0.511000  -2.1634763309E-003
    0.000000    0.000000   -2.989000    0.513333  -2.1726037207E-003
    0.000000    0.000000   -2.986667    0.515667  -2.1817678600E-003
    0.000000    0.000000   -2.984333    0.518000  -2.1909689120E-003
    0.000000    0.000000   -2.982000    0.520333  -2.2002070413E-003
    0.000000    0.000000   -2.979667    0.522667  -2.2094824131E-003
    0.000000    0.000000   -2.977333    0.525000  -2.2187951938E-003
    0.000000    0.000000   -2.975000    0.527333  -2.2281455506E-003
    0.000000    0.000000   -2.972667    0.529667  -2.2375336517E-003
    0.000000    0.000000   -2.970333    0.532000  -2.2469596664E-003
    0.000000    0.000000   -2.968000    0.534333  -2.2564237647E-003
    0.000000    0.000000   -2.965667    0.536667  -2.2659261180E-003
    0.000000    0.000000   -2.963333    0.539000  -2.2754668982E-003
    0.000000    0.000000   -2.961000    0.541333  -2.2850462786E-003
    0.000000    0.000000   -2.958667    0.543667  -2.2946644333E-003
    0.000000    0.000000   -2.956333    0.546000  -2.3043215373E-003
    0.000000    0.000000   -2.954000    0.548333  -2.3140177669E-003
    0.000000    0.000000   -2.951667    0.550667  -2.3237532993E-003
    0.000000    0.000000   -2.949333    0.553000  -2.3335283125E-003
    0.000000    0.000000   -2.947000    0.555333  -2.3433429858E-003
    0.000000    0.000000   -2.944667    0.557667  -2.3531974995E-003
    0.000000    0.000000   -2.942333    0.560000  -2.3630920348E-003
    0.000000    0.000000   -2.940000    0.562333  -2.3730267741E-003
    0.000000    0.000000   -2.937667    0.564667  -2.3830019007E-003
    0.000000    0.000000   -2.935333    0.567000  -2.3930175990E-003
    0.000000    0.000000   -2.933000    0.569333  -2.4030740546E-003
    0.000000    0.000000   -2.930667    0.571667  -2.4131714540E-003
    0.000000    0.000000   -2.928333    0.574000  -2.4233099848E-003
    0.000000    0.000000   -2.926000    0.576333  -2.4334898357E-003
    0.000000    0.000000   -2.923667    0.578667  -2.4437111965E-003
    0.000000    0.000000   -2.921333    0.581000  -2.4539742582E-003
    0.000000    0.000000   -2.919000    0.583333  -2.4642792125E-003
    0.000000    0.000000   -2.916667    0.585667  -2.4746262528E-003
    0.000000    0.000000   -2.914333    0.588000  -2.4850155730E-003
    0.000000    0.000000   -2.912000    0.590333  -2.4954473686E-003
    0.000000    0.000000   -2.909667    0.592667  -2.5059218358E-003
    0.000000    0.000000   -2.907333    0.595000  -2.5164391723E-003
    0.000000    0.000000   -2.905000    0.597333  -2.5269995768E-003
    0.000000    0.000000   -2.902667    0.599667  -2.5376032489E-003
    0.000000    0.000000   -2.900333    0.602000  -2.5482503897E-003
    0.000000    0.000000   -2.898000    0.604333  -2.5589412012E-003
    0.000000    0.000000   -2.895667    0.606667  -2.5696758867E-003
    0.000000    0.000000   -2.893333    0.609000  -2.5804546505E-003
    0.000000    0.000000   -2.891000    0.611333  -2.5912776983E-003
    0.000000    0.000000   -2.888667    0.613667  -2.6021452367E-003
    0.000000    0.000000   -2.886333    0.616000  -2.6130574736E-003
    0.000000    0.000000   -2.884000    0.618333  -2.6240146182E-003
    0.000000    0.000000   -2.881667    0.620667  -2.6350168807E-003
    0.000000    0.000000   -2.879333    0.623000  -2.6460644726E-003
    0.000000    0.000000   -2.877000    0.625333  -2.6571576065E-003
    0.000000    0.000000   -2.874667    0.627667  -2.6682964962E-003
    0.000000    0.000000   -2.872333    0.630000  -2.6794813570E-003
    0.000000    0.000000   -2.870000    0.632333  -2.6907124049E-003
    0.000000    0.000000   -2.867667    0.634667  -2.7019898577E-003
    0.000000    0.000000   -2.865333    0.637000  -2.7133139339E-003
    0.000000    0.000000   -2.863000    0.639333  -2.7246848536E-003
    0.000000    0.000000   -2.860667    0.641667  -2.7361028380E-003
    0.000000    0.000000   -2.858333    0.644000  -2.7475681095E-003
    0.000000    0.000000   -2.856000    0.646333  -2.7590808918E-003
    0.000000    0.000000   -2.853667    0.648667  -2.7706414099E-003
    0.000000    0.000000   -2.851333    0.651000  -2.7822498900E-003
    0.000000    0.000000   -2.849000    0.653333  -2.7939065595E-003
    0.000000    0.000000   -2.846667    0.655667  -2.8056116473E-003
    0.000000    0.000000   -2.844333    0.658000  -2.8173653833E-003
    0.000000    0.000000   -2.842000    0.660333  -2.8291679989E-003
    0.000000    0.000000   -2.839667    0.662667  -2.8410197266E-003
    0.000000    0.000000   -2.837333    0.665000  -2.8529208004E-003
    0.000000    0.000000   -2.835000    0.667333  -2.8648714555E-003
    0.000000    0.000000   -2.832667    0.669667  -2.8768719283E-003
    0.000000    0.000000   -2.830333    0.672000  -2.8889224566E-003
    0.000000    0.000000   -2.828000    0.674333  -2.9010232797E-003
    0.000000    0.000000   -2.825667    0.676667  -2.9131746379E-003
    0.000000    0.000000   -2.823333    0.679000  -2.9253767730E-003
    0.000000    0.000000   -2.821000    0.681333  -2.9376299281E-003
    0.000000    0.000000   -2.818667    0.683667  -2.9499343478E-003
    0.000000    0.000000   -2.816333    0.686000  -2.9622902777E-003
    0.000000    0.000000   -2.814000    0.688333  -2.9746979650E-003
    0.000000    0.000000   -2.811667    0.690667  -2.9871576582E-003
    0.000000    0.000000   -2.809333    0.693000  -2.9996696072E-003
    0.000000    0.000000   -2.807000    0.695333  -3.0122340632E-003
    0.000000    0.000000   -2.804667    0.697667  -3.0248512787E-003
    0.000000    0.000000   -2.802333    0.700000  -3.0375215078E-003
    0.000000    0.000000   -2.800000    0.702333  -3.0502450058E-003
    0.000000    0.000000   -2.797667    0.704667  -3.0630220295E-003
    0.000000    0.000000   -2.795333    0.707000  -3.0758528369E-003
    0.000000    0.000000   -2.793000    0.709333  -3.0887376876E-003
    0.000000    0.000000   -2.790667    0.711667  -3.1016768426E-003
    0.000000    0.000000   -2.788333    0.714000  -3.1146705641E-003
    0.000000    0.000000   -2.786000    0.716333  -3.1277191159E-003
    0.000000    0.000000   -2.783667    0.718667  -3.1408227633E-003
    0.000000    0.000000   -2.781333    0.721000  -3.1539817727E-003
    0.000000    0.000000   -2.779000    0.723333  -3.1671964122E-003
    0.000000    0.000000   -2.776667    0.725667  -3.1804669513E-003
    0.000000    0.000000   -2.774333    0.728000  -3.1937936608E-003
    0.000000    0.000000   -2.772000    0.730333  -3.2071768132E-003
    0.000000    0.000000   -2.769667    0.732667  -3.2206166821E-003
    0.000000    0.000000   -2.767333    0.735000  -3.2341135428E-003
    0.000000    0.000000   -2.765000    0.737333  -3.2476676721E-003
    0.000000    0.000000   -2.762667    0.739667  -3.2612793481E-003
    0.000000    0.000000   -2.760333    0.742000  -3.2749488504E-003
    0.000000    0.000000   -2.758000    0.744333  -3.2886764601E-003
    0.000000    0.000000   -2.755667    0.746667  -3.3024624598E-003
    0.000000    0.000000   -2.753333    0.749000  -3.3163071337E-003
    0.000000    0.000000   -2.751000    0.751333  -3.3302107671E-003
    0.000000    0.000000   -2.748667    0.753667  -3.3441736473E-003
    0.000000    0.000000   -2.746333    0.756000  -3.3581960627E-003
    0.000000    0.000000   -2.744000    0.758333  -3.3722783034E-003
    0.000000    0.000000   -2.741667    0.760667  -3.3864206610E-003
    0.000000    0.000000   -2.739333    0.763000  -3.4006234285E-003
    0.000000    0.000000   -2.737000    0.765333  -3.4148869005E-003
    0.000000    0.000000   -2.734667    0.767667  -3.4292113731E-003
    0.000000    0.000000   -2.732333    0.770000  -3.4435971439E-003
    0.000000    0.000000   -2.730000    0.772333  -3.4580445122E-003
    0.000000    0.000000   -2.727667    0.774667  -3.4725537786E-003
    0.000000    0.000000   -2.725333    0.777000  -3.4871252453E-003
    0.000000    0.000000   -2.723000    0.779333  -3.5017592161E-003
    0.000000    0.000000   -2.720667    0.781667  -3.5164559964E-003
    0.000000    0.000000   -2.718333    0.784000  -3.5312158929E-003
    0.000000    0.000000   -2.716000    0.786333  -3.5460392143E-003
    0.000000    0.000000   -2.713667    0.788667  -3.5609262704E-003
    0.000000    0.000000   -2.711333    0.791000  -3.5758773728E-003
    0.000000    0.000000   -2.709000    0.793333  -3.5908928346E-003
    0.000000    0.000000   -2.706667    0.795667  -3.6059729705E-003
    0.000000    0.000000   -2.704333    0.798000  -3.6211180969E-003
    0.000000    0.000000   -2.702000    0.800333  -3.6363285315E-003
    0.000000    0.000000   -2.699667    0.802667  -3.6516045939E-003
    0.000000    0.000000   -2.697333    0.805000  -3.6669466050E-003
    0.000000    0.000000   -2.695000    0.807333  -3.6823548874E-003
    0.000000    0.000000   -2.692667    0.809667  -3.6978297655E-003
    0.000000    0.000000   -2.690333    0.812000  -3.7133715649E-003
    0.000000    0.000000   -2.688000    0.814333  -3.7289806132E-003
    0.000000    0.000000   -2.685667    0.816667  -3.7446572394E-003
    0.000000    0.000000   -2.683333    0.819000  -3.7604017740E-003
    0.000000    0.000000   -2.681000    0.821333  -3.7762145495E-003
    0.000000    0.000000   -2.678667    0.823667  -3.7920958995E-003
    0.000000    0.000000   -2.676333    0.826000  -3.8080461598E-003
    0.000000    0.000000   -2.674000    0.828333  -3.8240656673E-003
    0.000000    0.000000   -2.671667    0.830667  -3.8401547608E-003
    0.000000    0.000000   -2.669333    0.833000  -3.8563137808E-003
    0.000000    0.000000   -2.667000    0.835333  -3.8725430692E-003
    0.000000    0.000000   -2.664667    0.837667  -3.8888429697E-003
    0.000000    0.000000   -2.662333    0.840000  -3.9052138276E-003
    0.000000    0.000000   -2.660000    0.842333  -3.9216559899E-003
    0.000000    0.000000   -2.657667    0.844667  -3.9381698052E-003
    0.000000    0.000000   -2.655333    0.847000  -3.9547556237E-003
    0.000000    0.000000   -2.653000    0.849333  -3.9714137973E-003
    0.000000    0.000000   -2.650667    0.851667  -3.9881446796E-003
    0.000000    0.000000   -2.648333    0.854000  -4.0049486259E-003
    0.000000    0.000000   -2.646000    0.856333  -4.0218259929E-003
    0.000000    0.000000   -2.643667    0.858667  -4.0387771393E-003
    0.000000    0.000000   -2.641333    0.861000  -4.0558024253E-003
    0.000000    0.000000   -2.639000    0.863333  -4.0729022128E-003
    0.000000    0.000000   -2.636667    0.865667  -4.0900768654E-003
    0.000000    0.000000   -2.634333    0.868000  -4.1073267483E-003
    0.000000    0.000000   -2.632000    0.870333  -4.1246522284E-003
    0.000000    0.000000   -2.629667    0.872667  -4.1420536743E-003
    0.000000    0.000000   -2.627333    0.875000  -4.1595314565E-003
    0.000000    0.000000   -2.625000    0.877333  -4.1770859468E-003
    0.000000    0.000000   -2.622667    0.879667  -4.1947175189E-003
    0.000000    0.000000   -2.620333    0.882000  -4.2124265481E-003
    0.000000    0.000000   -2.618000    0.884333  -4.2302134117E-003
    0.000000    0.000000   -2.615667    0.886667  -4.2480784882E-003
    0.000000    0.000000   -2.613333    0.889000  -4.2660221582E-003
    0.000000    0.000000   -2.611000    0.891333  -4.2840448038E-003
    0.000000    0.000000   -2.608667    0.893667  -4.3021468089E-003
    0.000000    0.000000   -2.606333    0.896000  -4.3203285590E-003
    0.000000    0.000000   -2.604000    0.898333  -4.3385904415E-003
    0.000000    0.000000   -2.601667    0.900667  -4.3569328452E-003
    0.000000    0.000000   -2.599333    0.903000  -4.3753561609E-003
    0.000000    0.000000   -2.597000    0.905333  -4.3938607810E-003
    0.000000    0.000000   -2.594667    0.907667  -4.4124470997E-003
    0.000000    0.000000   -2.592333    0.910000  -4.4311155126E-003
    0.000000    0.000000   -2.590000    0.912333  -4.4498664174E-003
    0.000000    0.000000   -2.587667    0.914667  -4.4687002134E-003
    0.000000    0.000000   -2.585333    0.917000  -4.4876173016E-003
    0.000000    0.000000   -2.583000    0.919333  -4.5066180845E-003
    0.000000    0.000000   -2.580667    0.921667  -4.5257029668E-003
    0.000000    0.000000   -2.578333    0.924000  -4.5448723544E-003
    0.000000    0.000000   -2.576000    0.926333  -4.5641266554E-003
    0.000000    0.000000   -2.573667    0.928667  -4.5834662793E-003
    0.000000    0.000000   -2.571333    0.931000  -4.6028916375E-003
    0.000000    0.000000   -2.569000    0.933333  -4.6224031430E-003
    0.000000    0.000000   -2.566667    0.935667  -4.6420012105E-003
    0.000000    0.000000   -2.564333    0.938000  -4.6616862568E-003
    0.000000    0.000000   -2.562000    0.940333  -4.6814586999E-003
    0.000000    0.000000   -2.559667    0.942667  -4.7013189598E-003
    0.000000    0.000000   -2.557333    0.945000  -4.7212674584E-003
    0.000000    0.000000   -2.555000    0.947333  -4.7413046190E-003
    0.000000    0.000000   -2.552667    0.949667  -4.7614308669E-003
    0.000000    0.000000   -2.550333    0.952000  -4.7816466290E-003
    0.000000    0.000000   -2.548000    0.954333  -4.8019523338E-003
    0.000000    0.000000   -2.545667    0.956667  -4.8223484119E-003
    0.000000    0.000000   -2.543333    0.959000  -4.8428352954E-003
    0.000000    0.000000   -2.541000    0.961333  -4.8634134181E-003
    0.000000    0.000000   -2.538667    0.963667  -4.8840832157E-003
    0.000000    0.000000   -2.536333    0.966000  -4.9048451255E-003
    0.000000    0.000000   -2.534000    0.968333  -4.9256995865E-003
    0.000000    0.000000   -2.531667    0.970667  -4.9466470397E-003
    0.000000    0.000000   -2.529333    0.973000  -4.9676879276E-003
    0.000000    0.000000   -2.527000    0.975333  -4.9888226945E-003
    0.000000    0.000000   -2.524667    0.977667  -5.0100517864E-003
    0.000000    0.000000   -2.522333    0.980000  -5.0313756512E-003
    0.000000    0.000000   -2.520000    0.982333  -5.0527947383E-003
    0.000000    0.000000   -2.517667    0.984667  -5.0743094991E-003
    0.000000    0.000000   -2.515333    0.987000  -5.0959203865E-003
    0.000000    0.000000   -2.513000    0.989333  -5.1176278553E-003
    0.000000    0.000000   -2.510667    0.991667  -5.1394323620E-003
    0.000000    0.000000   -2.508333    0.994000  -5.1613343648E-003
    0.000000    0.000000   -2.506000    0.996333  -5.1833343236E-003
    0.000000    0.000000   -2.503667    0.998667  -5.2054327003E-003
    0.000000    0.000000   -2.501333    1.001000  -5.2276299581E-003
    0.000000    0.000000   -2.499000    1.003333  -5.2499265624E-003
    0.000000    0.000000   -2.496667    1.005667  -5.2723229800E-003
    0.000000    0.000000   -2.494333    1.008000  -5.2948196796E-003
    0.000000    0.000000   -2.492000    1.010333  -5.3174171316E-003
    0.000000    0.000000   -2.489667    1.012667  -5.3401158081E-003
    0.000000    0.000000   -2.487333    1.015000  -5.3629161830E-003
    0.000000    0.000000   -2.485000    1.017333  -5.3858187320E-003
    0.000000    0.000000   -2.482667    1.019667  -5.4088239322E-003
    0.000000    0.000000   -2.480333    1.022000  -5.4319322630E-003
    0.000000    0.000000   -2.478000    1.024333  -5.4551442050E-003
    0.000000    0.000000   -2.475667    1.026667  -5.4784602408E-003
    0.000000    0.000000   -2.473333    1.029000  -5.5018808547E-003
    0.000000    0.000000   -2.471000    1.031333  -5.5254065328E-003
    0.000000    0.000000   -2.468667    1.033667  -5.5490377627E-003
    0.000000    0.000000   -2.466333    1.036000  -5.5727750340E-003
    0.000000    0.000000   -2.464000    1.038333  -5.5966188378E-003
    0.000000    0.000000   -2.461667    1.040667  -5.6205696672E-003
    0.000000    0.000000   -2.459333    1.043000  -5.6446280168E-003
    0.000000    0.000000   -2.457000    1.045333  -5.6687943830E-003
    0.000000    0.000000   -2.454667    1.047667  -5.6930692640E-003
    0.000000    0.000000   -2.452333    1.050000  -5.7174531596E-003
    0.000000    0.000000   -2.450000    1.052333  -5.7419465715E-003
    0.000000    0.000000   -2.447667    1.054667  -5.7665500029E-003
    0.000000    0.000000   -2.445333    1.057000  -5.7912639589E-003
    0.000000    0.000000   -2.443000    1.059333  -5.8160889463E-003
    0.000000    0.000000   -2.440667    1.061667  -5.8410254736E-003
    0.000000    0.000000   -2.438333    1.064000  -5.8660740510E-003
    0.000000    0.000000   -2.436000    1.066333  -5.8912351905E-003
    0.000000    0.000000   -2.433667    1.068667  -5.9165094058E-003
    0.000000    0.000000   -2.431333    1.071000  -5.9418972122E-003
    0.000000    0.000000   -2.429000    1.073333  -5.9673991270E-003
    0.000000    0.000000   -2.426667    1.075667  -5.9930156689E-003
    0.000000    0.000000   -2.424333    1.078000  -6.0187473585E-003
    0.000000    0.000000   -2.422000    1.080333  -6.0445947181E-003
    0.000000    0.000000   -2.419667    1.082667  -6.0705582718E-003
    0.000000    0.000000   -2.417333    1.085000  -6.0966385453E-003
    0.000000    0.000000   -2.415000    1.087333  -6.1228360661E-003
    0.000000    0.000000   -2.412667    1.089667  -6.1491513633E-003
    0.000000    0.000000   -2.410333    1.092000  -6.1755849678E-003
    0.000000    0.000000   -2.408000    1.094333  -6.2021374123E-003
    0.000000    0.000000   -2.405667    1.096667  -6.2288092312E-003
    0.000000    0.000000   -2.403333    1.099000  -6.2556009604E-003
    0.000000    0.000000   -2.401000    1.101333  -6.2825131379E-003
    0.000000    0.000000   -2.398667    1.103667  -6.3095463031E-003
    0.000000    0.000000   -2.396333    1.106000  -6.3367009972E-003
    0.000000    0.000000   -2.394000    1.108333  -6.3639777632E-003
    0.000000    0.000000   -2.391667    1.110667  -6.3913771458E-003
    0.000000    0.000000   -2.389333    1.113000  -6.4188996914E-003
    0.000000    0.000000   -2.387000    1.115333  -6.4465459481E-003
    0.000000    0.000000   -2.384667    1.117667  -6.4743164658E-003
    0.000000    0.000000   -2.382333    1.120000  -6.5022117961E-003
    0.000000    0.000000   -2.380000    1.122333  -6.5302324922E-003
    0.000000    0.000000   -2.377667    1.124667  -6.5583791092E-003
    0.000000    0.000000   -2.375333    1.127000  -6.5866522039E-003
    0.000000    0.000000   -2.373000    1.129333  -6.6150523347E-003
    0.000000    0.000000   -2.370667    1.131667  -6.6435800618E-003
    0.000000    0.000000   -2.368333    1.134000  -6.6722359473E-003
    0.000000    0.000000   -2.366000    1.136333  -6.7010205547E-003
    0.000000    0.000000   -2.363667    1.138667  -6.7299344496E-003
    0.000000    0.000000   -2.361333    1.141000  -6.7589781990E-003
    0.000000    0.000000   -2.359000    1.143333  -6.7881523718E-003
    0.000000    0.000000   -2.356667    1.145667  -6.8174575388E-003
    0.000000    0.000000   -2.354333    1.148000  -6.8468942722E-003
    0.000000    0.000000   -2.352000    1.150333  -6.8764631462E-003
    0.000000    0.000000   -2.349667    1.152667  -6.9061647366E-003
    0.000000    0.000000   -2.347333    1.155000  -6.9359996212E-003
    0.000000    0.000000   -2.345000    1.157333  -6.9659683791E-003
    0.000000    0.000000   -2.342667    1.159667  -6.9960715916E-003
    0.000000    0.000000   -2.340333    1.162000  -7.0263098416E-003
    0.000000    0.000000   -2.338000    1.164333  -7.0566837137E-003
    0.000000    0.000000   -2.335667    1.166667  -7.0871937943E-003
    0.000000    0.000000   -2.333333    1.169000  -7.1178406717E-003
    0.000000    0.000000   -2.331000    1.171333  -7.1486249357E-003
    0.000000    0.000000   -2.328667    1.173667  -7.1795471781E-003
    0.000000    0.000000   -2.326333    1.176000  -7.2106079924E-003
    0.000000    0.000000   -2.324000    1.178333  -7.2418079739E-003
    0.000000    0.000000   -2.321667    1.180667  -7.2731477198E-003
    0.000000    0.000000   -2.319333    1.183000  -7.3046278290E-003
    0.000000    0.000000   -2.317000    1.185333  -7.3362489020E-003
    0.000000    0.000000   -2.314667    1.187667  -7.3680115415E-003
    0.000000    0.000000   -2.312333    1.190000  -7.3999163517E-003
    0.000000    0.000000   -2.310000    1.192333  -7.4319639387E-003
    0.000000    0.000000   -2.307667    1.194667  -7.4641549107E-003
    0.000000    0.000000   -2.305333    1.197000  -7.4964898772E-003
    0.000000    0.000000   -2.303000    1.199333  -7.5289694501E-003
    0.000000    0.000000   -2.300667    1.201667  -7.5615942426E-003
    0.000000    0.000000   -2.298333    1.204000  -7.5943648702E-003
    0.000000    0.000000   -2.296000    1.206333  -7.6272819501E-003
    0.000000    0.000000   -2.293667    1.208667  -7.6603461013E-003
    0.000000    0.000000   -2.291333    1.211000  -7.6935579448E-003
    0.000000    0.000000   -2.289000    1.213333  -7.7269181033E-003
    0.000000    0.000000   -2.286667    1.215667  -7.7604272016E-003
    0.000000    0.000000   -2.284333    1.218000  -7.7940858663E-003
    0.000000    0.000000   -2.282000    1.220333  -7.8278947260E-003
    0.000000    0.000000   -2.279667    1.222667  -7.8618544110E-003
    0.000000    0.000000   -2.277333    1.225000  -7.8959655538E-003
    0.000000    0.000000   -2.275000    1.227333  -7.9302287887E-003
    0.000000    0.000000   -2.272667    1.229667  -7.9646447519E-003
    0.000000    0.000000   -2.270333    1.232000  -7.9992140818E-003
    0.000000    0.000000   -2.268000    1.234333  -8.0339374184E-003
    0.000000    0.000000   -2.265667    1.236667  -8.0688154042E-003
    0.000000    0.000000   -2.263333    1.239000  -8.1038486831E-003
    0.000000    0.000000   -2.261000    1.241333  -8.1390379016E-003
    0.000000    0.000000   -2.258667    1.243667  -8.1743837078E-003
    0.000000    0.000000   -2.256333    1.246000  -8.2098867520E-003
    0.000000    0.000000   -2.254000    1.248333  -8.2455476865E-003
    0.000000    0.000000   -2.251667    1.250667  -8.2813671658E-003
    0.000000    0.000000   -2.249333    1.253000  -8.3173458464E-003
    0.000000    0.000000   -2.247000    1.255333  -8.3534843868E-003
    0.000000    0.000000   -2.244667    1.257667  -8.3897834478E-003
    0.000000    0.000000   -2.242333    1.260000  -8.4262436923E-003
    0.000000    0.000000   -2.240000    1.262333  -8.4628657851E-003
    0.000000    0.000000   -2.237667    1.264667  -8.4996503934E-003
    0.000000    0.000000   -2.235333    1.267000  -8.5365981866E-003
    0.000000    0.000000   -2.233000    1.269333  -8.5737098362E-003
    0.000000    0.000000   -2.230667    1.271667  -8.6109860159E-003
    0.000000    0.000000   -2.228333    1.274000  -8.6484274018E-003
    0.000000    0.000000   -2.226000    1.276333  -8.6860346720E-003
    0.000000    0.000000   -2.223667    1.278667  -8.7238085071E-003
    0.000000    0.000000   -2.221333    1.281000  -8.7617495899E-003
    0.000000    0.000000   -2.219000    1.283333  -8.7998586055E-003
    0.000000    0.000000   -2.216667    1.285667  -8.8381362414E-003
    0.000000    0.000000   -2.214333    1.288000  -8.8765831875E-003
    0.000000    0.000000   -2.212000    1.290333  -8.9152001358E-003
    0.000000    0.000000   -2.209667    1.292667  -8.9539877811E-003
    0.000000    0.000000   -2.207333    1.295000  -8.9929468205E-003
    0.000000    0.000000   -2.205000    1.297333  -9.0320779533E-003
    0.000000    0.000000   -2.202667    1.299667  -9.0713818817E-003
    0.000000    0.000000   -2.200333    1.302000  -9.1108593101E-003
    0.000000    0.000000   -2.198000    1.304333  -9.1505109455E-003
    0.000000    0.000000   -2.195667    1.306667  -9.1903374975E-003
    0.000000    0.000000   -2.193333    1.309000  -9.2303396783E-003
    0.000000    0.000000   -2.191000    1.311333  -9.2705182027E-003
    0.000000    0.000000   -2.188667    1.313667  -9.3108737881E-003
    0.000000    0.000000   -2.186333    1.316000  -9.3514071546E-003
    0.000000    0.000000   -2.184000    1.318333  -9.3921190250E-003
    0.000000    0.000000   -2.181667    1.320667  -9.4330101248E-003
    0.000000    0.000000   -2.179333    1.323000  -9.4740811823E-003
    0.000000    0.000000   -2.177000    1.325333  -9.5153329287E-003
    0.000000    0.000000   -2.174667    1.327667  -9.5567660978E-003
    0.000000    0.000000   -2.172333    1.330000  -9.5983814265E-003
    0.000000    0.000000   -2.170000    1.332333  -9.6401796543E-003
    0.000000    0.000000   -2.167667    1.334667  -9.6821615239E-003
    0.000000    0.000000   -2.165333    1.337000  -9.7243277809E-003
    0.000000    0.000000   -2.163000    1.339333  -9.7666791739E-003
    0.000000    0.000000   -2.160667    1.341667  -9.8092164544E-003
    0.000000    0.000000   -2.158333    1.344000  -9.8519403771E-003
    0.000000    0.000000   -2.156000    1.346333  -9.8948516998E-003
    0.000000    0.000000   -2.153667    1.348667  -9.9379511835E-003
    0.000000    0.000000   -2.151333    1.351000  -9.9812395922E-003
    0.000000    0.000000   -2.149000    1.353333  -1.0024717693E-002
    0.000000    0.000000   -2.146667    1.355667  -1.0068386258E-002
    0.000000    0.000000   -2.144333    1.358000  -1.0112246059E-002
    0.000000    0.000000   -2.142000    1.360333  -1.0156297875E-002
    0.000000    0.000000   -2.139667    1.362667  -1.0200542486E-002
    0.000000    0.000000   -2.137333    1.365000  -1.0244980675E-002
    0.000000    0.000000   -2.135000    1.367333  -1.0289613232E-002
    0.000000    0.000000   -2.132667    1.369667  -1.0334440947E-002
    0.000000    0.000000   -2.130333    1.372000  -1.0379464615E-002
    0.000000    0.000000   -2.128000    1.374333  -1.0424685033E-002
    0.000000    0.000000   -2.125667    1.376667  -1.0470103005E-002
    0.000000    0.000000   -2.123333    1.379000  -1.0515719336E-002
    0.000000    0.000000   -2.121000    1.381333  -1.0561534836E-002
    0.000000    0.000000   -2.118667    1.383667  -1.0607550317E-002
    0.000000    0.000000   -2.116333    1.386000  -1.0653766598E-002
    0.000000    0.000000   -2.114000    1.388333  -1.0700184499E-002
    0.000000    0.000000   -2.111667    1.390667  -1.0746804845E-002
    0.000000    0.000000   -2.109333    1.393000  -1.0793628467E-002
    0.000000    0.000000   -2.107000    1.395333  -1.0840656196E-002
    0.000000    0.000000   -2.104667    1.397667  -1.0887888871E-002
    0.000000    0.000000   -2.102333    1.400000  -1.0935327333E-002
    0.000000    0.000000   -2.100000    1.402333  -1.0982972428E-002
    0.000000    0.000000   -2.097667    1.404667  -1.1030825007E-002
    0.000000    0.000000   -2.095333    1.407000  -1.1078885923E-002
    0.000000    0.000000   -2.093000    1.409333  -1.1127156037E-002
    0.000000    0.000000   -2.090667    1.411667  -1.1175636210E-002
    0.000000    0.000000   -2.088333    1.414000  -1.1224327312E-002
    0.000000    0.000000   -2.086000    1.416333  -1.1273230216E-002
    0.000000    0.000000   -2.083667    1.418667  -1.1322345798E-002
    0.000000    0.000000   -2.081333    1.421000  -1.1371674941E-002
    0.000000    0.000000   -2.079000    1.423333  -1.1421218531E-002
    0.000000    0.000000   -2.076667    1.425667  -1.1470977461E-002
    0.000000    0.000000   -2.074333    1.428000  -1.1520952628E-002
    0.000000    0.000000   -2.072000    1.430333  -1.1571144932E-002
    0.000000    0.000000   -2.069667    1.432667  -1.1621555282E-002
    0.000000    0.000000   -2.067333    1.435000  -1.1672184588E-002
    0.000000    0.000000   -2.065000    1.437333  -1.1723033769E-002
    0.000000    0.000000   -2.062667    1.439667  -1.1774103746E-002
    0.000000    0.000000   -2.060333    1.442000  -1.1825395448E-002
    0.000000    0.000000   -2.058000    1.444333  -1.1876909808E-002
    0.000000    0.000000   -2.055667    1.446667  -1.1928647764E-002
    0.000000    0.000000   -2.053333    1.449000  -1.1980610262E-002
    0.000000    0.000000   -2.051000    1.451333  -1.2032798250E-002
    0.000000    0.000000   -2.048667    1.453667  -1.2085212686E-002
    0.000000    0.000000   -2.046333    1.456000  -1.2137854530E-002
    0.000000    0.000000   -2.044000    1.458333  -1.2190724751E-002
    0.000000    0.000000   -2.041667    1.460667  -1.2243824320E-002
    0.000000    0.000000   -2.039333    1.463000  -1.2297154219E-002
    0.000000    0.000000   -2.037000    1.465333  -1.2350715433E-002
    0.000000    0.000000   -2.034667    1.467667  -1.2404508952E-002
    0.000000    0.000000   -2.032333    1.470000  -1.2458535777E-002
    0.000000    0.000000   -2.030000    1.472333  -1.2512796910E-002
    0.000000    0.000000   -2.027667    1.474667  -1.2567293363E-002
    0.000000    0.000000   -2.025333    1.477000  -1.2622026154E-002
    0.000000    0.000000   -2.023000    1.479333  -1.2676996306E-002
    0.000000    0.000000   -2.020667    1.481667  -1.2732204851E-002
    0.000000    0.000000   -2.018333    1.484000  -1.2787652825E-002
    0.000000    0.000000   -2.016000    1.486333  -1.2843341274E-002
    0.000000    0.000000   -2.013667    1.488667  -1.2899271248E-002
    0.000000    0.000000   -2.011333    1.491000  -1.2955443807E-002
    0.000000    0.000000   -2.009000    1.493333  -1.3011860015E-002
    0.000000    0.000000   -2.006667    1.495667  -1.3068520947E-002
    0.000000    0.000000   -2.004333    1.498000  -1.3125427681E-002
    0.000000    0.000000   -2.002000    1.500333  -1.3182581306E-002
    0.000000    0.000000   -1.999667    1.502667  -1.3239982916E-002
    0.000000    0.000000   -1.997333    1.505000  -1.3297633615E-002
    0.000000    0.000000   -1.995000    1.507333  -1.3355534513E-002
    0.000000    0.000000   -1.992667    1.509667  -1.3413686727E-002
    0.000000    0.000000   -1.990333    1.512000  -1.3472091385E-002
    0.000000    0.000000   -1.988000    1.514333  -1.3530749619E-002
    0.000000    0.000000   -1.985667    1.516667  -1.3589662573E-002
    0.000000    0.000000   -1.983333    1.519000  -1.3648831397E-002
    0.000000    0.000000   -1.981000    1.521333  -1.3708257248E-002
    0.000000    0.000000   -1.978667    1.523667  -1.3767941295E-002
    0.000000    0.000000   -1.976333    1.526000  -1.3827884711E-002
    0.000000    0.000000   -1.974000    1.528333  -1.3888088683E-002
    0.000000    0.000000   -1.971667    1.530667  -1.3948554400E-002
    0.000000    0.000000   -1.969333    1.533000  -1.4009283067E-002
    0.000000    0.000000   -1.967000    1.535333  -1.4070275891E-002
    0.000000    0.000000   -1.964667    1.537667  -1.4131534093E-002
    0.000000    0.000000   -1.962333    1.540000  -1.4193058901E-002
    0.000000    0.000000   -1.960000    1.542333  -1.4254851552E-002
    0.000000    0.000000   -1.957667    1.544667  -1.4316913293E-002
    0.000000    0.000000   -1.955333    1.547000  -1.4379245379E-002
    0.000000    0.000000   -1.953000    1.549333  -1.4441849076E-002
    0.000000    0.000000   -1.950667    1.551667  -1.4504725659E-002
    0.000000    0.000000   -1.948333    1.554000  -1.4567876413E-002
    0.000000    0.000000   -1.946000    1.556333  -1.4631302632E-002
    0.000000    0.000000   -1.943667    1.558667  -1.4695005621E-002
    0.000000    0.000000   -1.941333    1.561000  -1.4758986693E-002
    0.000000    0.000000   -1.939000    1.563333  -1.4823247172E-002
    0.000000    0.000000   -1.936667    1.565667  -1.4887788394E-002
    0.000000    0.000000   -1.934333    1.568000  -1.4952611703E-002
    0.000000    0.000000   -1.932000    1.570333  -1.5017718454E-002
    0.000000    0.000000   -1.929667    1.572667  -1.5083110012E-002
    0.000000    0.000000   -1.927333    1.575000  -1.5148787755E-002
    0.000000    0.000000   -1.925000    1.577333  -1.5214753067E-002
    0.000000    0.000000   -1.922667    1.579667  -1.5281007349E-002
    0.000000    0.000000   -1.920333    1.582000  -1.5347552006E-002
    0.000000    0.000000   -1.918000    1.584333  -1.5414388460E-002
    0.000000    0.000000   -1.915667    1.586667  -1.5481518141E-002
    0.000000    0.000000   -1.913333    1.589000  -1.5548942490E-002
    0.000000    0.000000   -1.911000    1.591333  -1.5616662961E-002
    0.000000    0.000000   -1.908667    1.593667  -1.5684681018E-002
    0.000000    0.000000   -1.906333    1.596000  -1.5752998137E-002
    0.000000    0.000000   -1.904000    1.598333  -1.5821615805E-002
    0.000000    0.000000   -1.901667    1.600667  -1.5890535522E-002
    0.000000    0.000000   -1.899333    1.603000  -1.5959758798E-002
    0.000000    0.000000   -1.897000    1.605333  -1.6029287157E-002
    0.000000    0.000000   -1.894667    1.607667  -1.6099122133E-002
    0.000000    0.000000   -1.892333    1.610000  -1.6169265273E-002
    0.000000    0.000000   -1.890000    1.612333  -1.6239718136E-002
    0.000000    0.000000   -1.887667    1.614667  -1.6310482294E-002
    0.000000    0.000000   -1.885333    1.617000  -1.6381559330E-002
    0.000000    0.000000   -1.883000    1.619333  -1.6452950841E-002
    0.000000    0.000000   -1.880667    1.621667  -1.6524658435E-002
    0.000000    0.000000   -1.878333    1.624000  -1.6596683734E-002
    0.000000    0.000000   -1.876000    1.626333  -1.6669028371E-002
    0.000000    0.000000   -1.873667    1.628667  -1.6741693994E-002
    0.000000    0.000000   -1.871333    1.631000  -1.6814682262E-002
    0.000000    0.000000   -1.869000    1.633333  -1.6887994848E-002
    0.000000    0.000000   -1.866667    1.635667  -1.6961633439E-002
    0.000000    0.000000   -1.864333    1.638000  -1.7035599733E-002
    0.000000    0.000000   -1.862000    1.640333  -1.7109895442E-002
    0.000000    0.000000   -1.859667    1.642667  -1.7184522292E-002
    0.000000    0.000000   -1.857333    1.645000  -1.7259482023E-002
    0.000000    0.000000   -1.855000    1.647333  -1.7334776386E-002
    0.000000    0.000000   -1.852667    1.649667  -1.7410407148E-002
    0.000000    0.000000   -1.850333    1.652000  -1.7486376089E-002
    0.000000    0.000000   -1.848000    1.654333  -1.7562685001E-002
    0.000000    0.000000   -1.845667    1.656667  -1.7639335693E-002
    0.000000    0.000000   -1.843333    1.659000  -1.7716329986E-002
    0.000000    0.000000   -1.841000    1.661333  -1.7793669714E-002
    0.000000    0.000000   -1.838667    1.663667  -1.7871356727E-002
    0.000000    0.000000   -1.836333    1.666000  -1.7949392887E-002
    0.000000    0.000000   -1.834000    1.668333  -1.8027780073E-002
    0.000000    0.000000   -1.831667    1.670667  -1.8106520175E-002
    0.000000    0.000000   -1.829333    1.673000  -1.8185615099E-002
    0.000000    0.000000   -1.827000    1.675333  -1.8265066765E-002
    0.000000    0.000000   -1.824667    1.677667  -1.8344877108E-002
    0.000000    0.000000   -1.822333    1.680000  -1.8425048076E-002
    0.000000    0.000000   -1.820000    1.682333  -1.8505581633E-002
    0.000000    0.000000   -1.817667    1.684667  -1.8586479756E-002
    0.000000    0.000000   -1.815333    1.687000  -1.8667744438E-002
    0.000000    0.000000   -1.813000    1.689333  -1.8749377685E-002
    0.000000    0.000000   -1.810667    1.691667  -1.8831381519E-002
    0.000000    0.000000   -1.808333    1.694000  -1.8913757977E-002
    0.000000    0.000000   -1.806000    1.696333  -1.8996509108E-002
    0.000000    0.000000   -1.803667    1.698667  -1.9079636980E-002
    0.000000    0.000000   -1.801333    1.701000  -1.9163143671E-002
    0.000000    0.000000   -1.799000    1.703333  -1.9247031278E-002
    0.000000    0.000000   -1.796667    1.705667  -1.9331301909E-002
    0.000000    0.000000   -1.794333    1.708000  -1.9415957691E-002
    0.000000    0.000000   -1.792000    1.710333  -1.9501000763E-002
    0.000000    0.000000   -1.789667    1.712667  -1.9586433279E-002
    0.000000    0.000000   -1.787333    1.715000  -1.9672257408E-002
    0.000000    0.000000   -1.785000    1.717333  -1.9758475336E-002
    0.000000    0.000000   -1.782667    1.719667  -1.9845089260E-002
    0.000000    0.000000   -1.780333    1.722000  -1.9932101395E-002
    0.000000    0.000000   -1.778000    1.724333  -2.0019513969E-002
    0.000000    0.000000   -1.775667    1.726667  -2.0107329227E-002
    0.000000    0.000000   -1.773333    1.729000  -2.0195549426E-002
    0.000000    0.000000   -1.771000    1.731333  -2.0284176841E-002
    0.000000    0.000000   -1.768667    1.733667  -2.0373213758E-002
    0.000000    0.000000   -1.766333    1.736000  -2.0462662482E-002
    0.000000    0.000000   -1.764000    1.738333  -2.0552525329E-002
    0.000000    0.000000   -1.761667    1.740667  -2.0642804631E-002
    0.000000    0.000000   -1.759333    1.743000  -2.0733502737E-002
    0.000000    0.000000   -1.757000    1.745333  -2.0824622007E-002
    0.000000    0.000000   -1.754667    1.747667  -2.0916164817E-002
    0.000000    0.000000   -1.752333    1.750000  -2.1008133558E-002
    0.000000    0.000000   -1.750000    1.752333  -2.1100530635E-002
    0.000000    0.000000   -1.747667    1.754667  -2.1193358468E-002
    0.000000    0.000000   -1.745333    1.757000  -2.1286619491E-002
    0.000000    0.000000   -1.743000    1.759333  -2.1380316151E-002
    0.000000    0.000000   -1.740667    1.761667  -2.1474450911E-002
    0.000000    0.000000   -1.738333    1.764000  -2.1569026247E-002
    0.000000    0.000000   -1.736000    1.766333  -2.1664044649E-002
    0.000000    0.000000   -1.733667    1.768667  -2.1759508623E-002
    0.000000    0.000000   -1.731333    1.771000  -2.1855420685E-002
    0.000000    0.000000   -1.729000    1.773333  -2.1951783368E-002
    0.000000    0.000000   -1.726667    1.775667  -2.2048599218E-002
    0.000000    0.000000   -1.724333    1.778000  -2.2145870793E-002
    0.000000    0.000000   -1.722000    1.780333  -2.2243600666E-002
    0.000000    0.000000   -1.719667    1.782667  -2.2341791421E-002
    0.000000    0.000000   -1.717333    1.785000  -2.2440445659E-002
    0.000000    0.000000   -1.715000    1.787333  -2.2539565990E-002
    0.000000    0.000000   -1.712667    1.789667  -2.2639155040E-002
    0.000000    0.000000   -1.710333    1.792000  -2.2739215445E-002
    0.000000    0.000000   -1.708000    1.794333  -2.2839749856E-002
    0.000000    0.000000   -1.705667    1.796667  -2.2940760934E-002
    0.000000    0.000000   -1.703333    1.799000  -2.3042251354E-002
    0.000000    0.000000   -1.701000    1.801333  -2.3144223803E-002
    0.000000    0.000000   -1.698667    1.803667  -2.3246680979E-002
    0.000000    0.000000   -1.696333    1.806000  -2.3349625592E-002
    0.000000    0.000000   -1.694000    1.808333  -2.3453060363E-002
    0.000000    0.000000   -1.691667    1.810667  -2.3556988025E-002
    0.000000    0.000000   -1.689333    1.813000  -2.3661411323E-002
    0.000000    0.000000   -1.687000    1.815333  -2.3766333012E-002
    0.000000    0.000000   -1.684667    1.817667  -2.3871755856E-002
    0.000000    0.000000   -1.682333    1.820000  -2.3977682631E-002
    0.000000    0.000000   -1.680000    1.822333  -2.4084116125E-002
    0.000000    0.000000   -1.677667    1.824667  -2.4191059133E-002
    0.000000    0.000000   -1.675333    1.827000  -2.4298514462E-002
    0.000000    0.000000   -1.673000    1.829333  -2.4406484926E-002
    0.000000    0.000000   -1.670667    1.831667  -2.4514973350E-002
    0.000000    0.000000   -1.668333    1.834000  -2.4623982569E-002
    0.000000    0.000000   -1.666000    1.836333  -2.4733515424E-002
    0.000000    0.000000   -1.663667    1.838667  -2.4843574767E-002
    0.000000    0.000000   -1.661333    1.841000  -2.4954163456E-002
    0.000000    0.000000   -1.659000    1.843333  -2.5065284359E-002
    0.000000    0.000000   -1.656667    1.845667  -2.5176940349E-002
    0.000000    0.000000   -1.654333    1.848000  -2.5289134309E-002
    0.000000    0.000000   -1.652000    1.850333  -2.5401869128E-002
    0.000000    0.000000   -1.649667    1.852667  -2.5515147700E-002
    0.000000    0.000000   -1.647333    1.855000  -2.5628972928E-002
    0.000000    0.000000   -1.645000    1.857333  -2.5743347720E-002
    0.000000    0.000000   -1.642667    1.859667  -2.5858274988E-002
    0.000000    0.000000   -1.640333    1.862000  -2.5973757651E-002
    0.000000    0.000000   -1.638000    1.864333  -2.6089798634E-002
    0.000000    0.000000   -1.635667    1.866667  -2.6206400864E-002
    0.000000    0.000000   -1.633333    1.869000  -2.6323567275E-002
    0.000000    0.000000   -1.631000    1.871333  -2.6441300803E-002
    0.000000    0.000000   -1.628667    1.873667  -2.6559604387E-002
    0.000000    0.000000   -1.626333    1.876000  -2.6678480971E-002
    0.000000    0.000000   -1.624000    1.878333  -2.6797933502E-002
    0.000000    0.000000   -1.621667    1.880667  -2.6917964927E-002
    0.000000    0.000000   -1.619333    1.883000  -2.7038578198E-002
    0.000000    0.000000   -1.617000    1.885333  -2.7159776265E-002
    0.000000    0.000000   -1.614667    1.887667  -2.7281562082E-002
    0.000000    0.000000   -1.612333    1.890000  -2.7403938603E-002
    0.000000    0.000000   -1.610000    1.892333  -2.7526908783E-002
    0.000000    0.000000   -1.607667    1.894667  -2.7650475575E-002
    0.000000    0.000000   -1.605333    1.897000  -2.7774641933E-002
    0.000000    0.000000   -1.603000    1.899333  -2.7899410810E-002
    0.000000    0.000000   -1.600667    1.901667  -2.8024785157E-002
    0.000000    0.000000   -1.598333    1.904000  -2.8150767924E-002
    0.000000    0.000000   -1.596000    1.906333  -2.8277362058E-002
    0.000000    0.000000   -1.593667    1.908667  -2.8404570504E-002
    0.000000    0.000000   -1.591333    1.911000  -2.8532396204E-002
    0.000000    0.000000   -1.589000    1.913333  -2.8660842094E-002
    0.000000    0.000000   -1.586667    1.915667  -2.8789911109E-002
    0.000000    0.000000   -1.584333    1.918000  -2.8919606178E-002
    0.000000    0.000000   -1.582000    1.920333  -2.9049930226E-002
    0.000000    0.000000   -1.579667    1.922667  -2.9180886170E-002
    0.000000    0.000000   -1.577333    1.925000  -2.9312476924E-002
    0.000000    0.000000   -1.575000    1.927333  -2.9444705395E-002
    0.000000    0.000000   -1.572667    1.929667  -2.9577574481E-002
    0.000000    0.000000   -1.570333    1.932000  -2.9711087075E-002
    0.000000    0.000000   -1.568000    1.934333  -2.9845246062E-002
    0.000000    0.000000   -1.565667    1.936667  -2.9980054317E-002
    0.000000    0.000000   -1.563333    1.939000  -3.0115514708E-002
    0.000000    0.000000   -1.561000    1.941333  -3.0251630093E-002
    0.000000    0.000000   -1.558667    1.943667  -3.0388403320E-002
    0.000000    0.000000   -1.556333    1.946000  -3.0525837227E-002
    0.000000    0.000000   -1.554000    1.948333  -3.0663934642E-002
    0.000000    0.000000   -1.551667    1.950667  -3.0802698382E-002
    0.000000    0.000000   -1.549333    1.953000  -3.0942131252E-002
    0.000000    0.000000   -1.547000    1.955333  -3.1082236044E-002
    0.000000    0.000000   -1.544667    1.957667  -3.1223015538E-002
    0.000000    0.000000   -1.542333    1.960000  -3.1364472504E-002
    0.000000    0.000000   -1.540000    1.962333  -3.1506609694E-002
    0.000000    0.000000   -1.537667    1.964667  -3.1649429849E-002
    0.000000    0.000000   -1.535333    1.967000  -3.1792935696E-002
    0.000000    0.000000   -1.533000    1.969333  -3.1937129946E-002
    0.000000    0.000000   -1.530667    1.971667  -3.2082015297E-002
    0.000000    0.000000   -1.528333    1.974000  -3.2227594428E-002
    0.000000    0.000000   -1.526000    1.976333  -3.2373870006E-002
    0.000000    0.000000   -1.523667    1.978667  -3.2520844681E-002
    0.000000    0.000000   -1.521333    1.981000  -3.2668521084E-002
    0.000000    0.000000   -1.519000    1.983333  -3.2816901833E-002
    0.000000    0.000000   -1.516667    1.985667  -3.2965989525E-002
    0.000000    0.000000   -1.514333    1.988000  -3.3115786742E-002
    0.000000    0.000000   -1.512000    1.990333  -3.3266296047E-002
    0.000000    0.000000   -1.509667    1.992667  -3.3417519986E-002
    0.000000    0.000000   -1.507333    1.995000  -3.3569461085E-002
    0.000000    0.000000   -1.505000    1.997333  -3.3722121853E-002
    0.000000    0.000000   -1.502667    1.999667  -3.3875504780E-002
    0.000000    0.000000   -1.500333    2.002000  -3.4029612334E-002
    0.000000    0.000000   -1.498000    2.004333  -3.4184446968E-002
    0.000000    0.000000   -1.495667    2.006667  -3.4340011113E-002
    0.000000    0.000000   -1.493333    2.009000  -3.4496307180E-002
    0.000000    0.000000   -1.491000    2.011333  -3.4653337563E-002
    0.000000    0.000000   -1.488667    2.013667  -3.4811104634E-002
    0.000000    0.000000   -1.486333    2.016000  -3.4969610746E-002
    0.000000    0.000000   -1.484000    2.018333  -3.5128858230E-002
    0.000000    0.000000   -1.481667    2.020667  -3.5288849402E-002
    0.000000    0.000000   -1.479333    2.023000  -3.5449586552E-002
    0.000000    0.000000   -1.477000    2.025333  -3.5611071956E-002
    0.000000    0.000000   -1.474667    2.027667  -3.5773307866E-002
    0.000000    0.000000   -1.472333    2.030000  -3.5936296517E-002
    0.000000    0.000000   -1.470000    2.032333  -3.6100040123E-002
    0.000000    0.000000   -1.467667    2.034667  -3.6264540881E-002
    0.000000    0.000000   -1.465333    2.037000  -3.6429800966E-002
    0.000000    0.000000   -1.463000    2.039333  -3.6595822538E-002
    0.000000    0.000000   -1.460667    2.041667  -3.6762607736E-002
    0.000000    0.000000   -1.458333    2.044000  -3.6930158682E-002
    0.000000    0.000000   -1.456000    2.046333  -3.7098477481E-002
    0.000000    0.000000   -1.453667    2.048667  -3.7267566220E-002
    0.000000    0.000000   -1.451333    2.051000  -3.7437426971E-002
    0.000000    0.000000   -1.449000    2.053333  -3.7608061788E-002
    0.000000    0.000000   -1.446667    2.055667  -3.7779472712E-002
    0.000000    0.000000   -1.444333    2.058000  -3.7951661769E-002
    0.000000    0.000000   -1.442000    2.060333  -3.8124630969E-002
    0.000000    0.000000   -1.439667    2.062667  -3.8298382312E-002
    0.000000    0.000000   -1.437333    2.065000  -3.8472917783E-002
    0.000000    0.000000   -1.435000    2.067333  -3.8648239359E-002
    0.000000    0.000000   -1.432667    2.069667  -3.8824349004E-002
    0.000000    0.000000   -1.430333    2.072000  -3.9001248673E-002
    0.000000    0.000000   -1.428000    2.074333  -3.9178940314E-002
    0.000000    0.000000   -1.425667    2.076667  -3.9357425867E-002
    0.000000    0.000000   -1.423333    2.079000  -3.9536707268E-002
    0.000000    0.000000   -1.421000    2.081333  -3.9716786446E-002
    0.000000    0.000000   -1.418667    2.083667  -3.9897665328E-002
    0.000000    0.000000   -1.416333    2.086000  -4.0079345840E-002
    0.000000    0.000000   -1.414000    2.088333  -4.0261829908E-002
    0.000000    0.000000   -1.411667    2.090667  -4.0445119458E-002
    0.000000    0.000000   -1.409333    2.093000  -4.0629216420E-002
    0.000000    0.000000   -1.407000    2.095333  -4.0814122730E-002
    0.000000    0.000000   -1.404667    2.097667  -4.0999840328E-002
    0.000000    0.000000   -1.402333    2.100000  -4.1186371165E-002
    0.000000    0.000000   -1.400000    2.102333  -4.1373717202E-002
    0.000000    0.000000   -1.397667    2.104667  -4.1561880412E-002
    0.000000    0.000000   -1.395333    2.107000  -4.1750862783E-002
    0.000000    0.000000   -1.393000    2.109333  -4.1940666322E-002
    0.000000    0.000000   -1.390667    2.111667  -4.2131293051E-002
    0.000000    0.000000   -1.388333    2.114000  -4.2322745017E-002
    0.000000    0.000000   -1.386000    2.116333  -4.2515024292E-002
    0.000000    0.000000   -1.383667    2.118667  -4.2708132971E-002
    0.000000    0.000000   -1.381333    2.121000  -4.2902073182E-002
    0.000000    0.000000   -1.379000    2.123333  -4.3096847083E-002
    0.000000    0.000000   -1.376667    2.125667  -4.3292456867E-002
    0.000000    0.000000   -1.374333    2.128000  -4.3488904767E-002
    0.000000    0.000000   -1.372000    2.130333  -4.3686193054E-002
    0.000000    0.000000   -1.369667    2.132667  -4.3884324044E-002
    0.000000    0.000000   -1.367333    2.135000  -4.4083300101E-002
    0.000000    0.000000   -1.365000    2.137333  -4.4283123638E-002
    0.000000    0.000000   -1.362667    2.139667  -4.4483797122E-002
    0.000000    0.000000   -1.360333    2.142000  -4.4685323077E-002
    0.000000    0.000000   -1.358000    2.144333  -4.4887704087E-002
    0.000000    0.000000   -1.355667    2.146667  -4.5090942802E-002
    0.000000    0.000000   -1.353333    2.149000  -4.5295041936E-002
    0.000000    0.000000   -1.351000    2.151333  -4.5500004278E-002
    0.000000    0.000000   -1.348667    2.153667  -4.5705832691E-002
    0.000000    0.000000   -1.346333    2.156000  -4.5912530116E-002
    0.000000    0.000000   -1.344000    2.158333  -4.6120099579E-002
    0.000000    0.000000   -1.341667    2.160667  -4.6328544190E-002
    0.000000    0.000000   -1.339333    2.163000  -4.6537867154E-002
    0.000000    0.000000   -1.337000    2.165333  -4.6748071767E-002
    0.000000    0.000000   -1.334667    2.167667  -4.6959161428E-002
    0.000000    0.000000   -1.332333    2.170000  -4.7171139637E-002
    0.000000    0.000000   -1.330000    2.172333  -4.7384010004E-002
    0.000000    0.000000   -1.327667    2.174667  -4.7597776249E-002
    0.000000    0.000000   -1.325333    2.177000  -4.7812442211E-002
    0.000000    0.000000   -1.323000    2.179333  -4.8028011848E-002
    0.000000    0.000000   -1.320667    2.181667  -4.8244489244E-002
    0.000000    0.000000   -1.318333    2.184000  -4.8461878615E-002
    0.000000    0.000000   -1.316000    2.186333  -4.8680184309E-002
    0.000000    0.000000   -1.313667    2.188667  -4.8899410814E-002
    0.000000    0.000000   -1.311333    2.191000  -4.9119562762E-002
    0.000000    0.000000   -1.309000    2.193333  -4.9340644932E-002
    0.000000    0.000000   -1.306667    2.195667  -4.9562662256E-002
    0.000000    0.000000   -1.304333    2.198000  -4.9785619825E-002
    0.000000    0.000000   -1.302000    2.200333  -5.0009522889E-002
    0.000000    0.000000   -1.299667    2.202667  -5.0234376866E-002
    0.000000    0.000000   -1.297333    2.205000  -5.0460187345E-002
    0.000000    0.000000   -1.295000    2.207333  -5.0686960089E-002
    0.000000    0.000000   -1.292667    2.209667  -5.0914701040E-002
    0.000000    0.000000   -1.290333    2.212000  -5.1143416327E-002
    0.000000    0.000000   -1.288000    2.214333  -5.1373112263E-002
    0.000000    0.000000   -1.285667    2.216667  -5.1603795356E-002
    0.000000    0.000000   -1.283333    2.219000  -5.1835472310E-002
    0.000000    0.000000   -1.281000    2.221333  -5.2068150029E-002
    0.000000    0.000000   -1.278667    2.223667  -5.2301835623E-002
    0.000000    0.000000   -1.276333    2.226000  -5.2536536407E-002
    0.000000    0.000000   -1.274000    2.228333  -5.2772259910E-002
    0.000000    0.000000   -1.271667    2.230667  -5.3009013878E-002
    0.000000    0.000000   -1.269333    2.233000  -5.3246806272E-002
    0.000000    0.000000   -1.267000    2.235333  -5.3485645278E-002
    0.000000    0.000000   -1.264667    2.237667  -5.3725539306E-002
    0.000000    0.000000   -1.262333    2.240000  -5.3966496995E-002
    0.000000    0.000000   -1.260000    2.242333  -5.4208527212E-002
    0.000000    0.000000   -1.257667    2.244667  -5.4451639061E-002
    0.000000    0.000000   -1.255333    2.247000  -5.4695841878E-002
    0.000000    0.000000   -1.253000    2.249333  -5.4941145239E-002
    0.000000    0.000000   -1.250667    2.251667  -5.5187558956E-002
    0.000000    0.000000   -1.248333    2.254000  -5.5435093087E-002
    0.000000    0.000000   -1.246000    2.256333  -5.5683757925E-002
    0.000000    0.000000   -1.243667    2.258667  -5.5933564013E-002
    0.000000    0.000000   -1.241333    2.261000  -5.6184522132E-002
    0.000000    0.000000   -1.239000    2.263333  -5.6436643309E-002
    0.000000    0.000000   -1.236667    2.265667  -5.6689938815E-002
    0.000000    0.000000   -1.234333    2.268000  -5.6944420164E-002
    0.000000    0.000000   -1.232000    2.270333  -5.7200099112E-002
    0.000000    0.000000   -1.229667    2.272667  -5.7456987659E-002
    0.000000    0.000000   -1.227333    2.275000  -5.7715098043E-002
    0.000000    0.000000   -1.225000    2.277333  -5.7974442739E-002
    0.000000    0.000000   -1.222667    2.279667  -5.8235034460E-002
    0.000000    0.000000   -1.220333    2.282000  -5.8496886152E-002
    0.000000    0.000000   -1.218000    2.284333  -5.8760010990E-002
    0.000000    0.000000   -1.215667    2.286667  -5.9024422375E-002
    0.000000    0.000000   -1.213333    2.289000  -5.9290133930E-002
    0.000000    0.000000   -1.211000    2.291333  -5.9557159496E-002
    0.000000    0.000000   -1.208667    2.293667  -5.9825513125E-002
    0.000000    0.000000   -1.206333    2.296000  -6.0095209075E-002
    0.000000    0.000000   -1.204000    2.298333  -6.0366261807E-002
    0.000000    0.000000   -1.201667    2.300667  -6.0638685970E-002
    0.000000    0.000000   -1.199333    2.303000  -6.0912496405E-002
    0.000000    0.000000   -1.197000    2.305333  -6.1187708126E-002
    0.000000    0.000000   -1.194667    2.307667  -6.1464336320E-002
    0.000000    0.000000   -1.192333    2.310000  -6.1742396330E-002
    0.000000    0.000000   -1.190000    2.312333  -6.2021903655E-002
    0.000000    0.000000   -1.187667    2.314667  -6.2302873929E-002
    0.000000    0.000000   -1.185333    2.317000  -6.2585322917E-002
    0.000000    0.000000   -1.183000    2.319333  -6.2869266503E-002
    0.000000    0.000000   -1.180667    2.321667  -6.3154720672E-002
    0.000000    0.000000   -1.178333    2.324000  -6.3441701506E-002
    0.000000    0.000000   -1.176000    2.326333  -6.3730225161E-002
    0.000000    0.000000   -1.173667    2.328667  -6.4020307860E-002
    0.000000    0.000000   -1.171333    2.331000  -6.4311965871E-002
    0.000000    0.000000   -1.169000    2.333333  -6.4605215500E-002
    0.000000    0.000000   -1.166667    2.335667  -6.4900073065E-002
    0.000000    0.000000   -1.164333    2.338000  -6.5196554887E-002
    0.000000    0.000000   -1.162000    2.340333  -6.5494677267E-002
    0.000000    0.000000   -1.159667    2.342667  -6.5794456468E-002
    0.000000    0.000000   -1.157333    2.345000  -6.6095908698E-002
    0.000000    0.000000   -1.155000    2.347333  -6.6399050088E-002
    0.000000    0.000000   -1.152667    2.349667  -6.6703896673E-002
    0.000000    0.000000   -1.150333    2.352000  -6.7010464368E-002
    0.000000    0.000000   -1.148000    2.354333  -6.7318768948E-002
    0.000000    0.000000   -1.145667    2.356667  -6.7628826024E-002
    0.000000    0.000000   -1.143333    2.359000  -6.7940651021E-002
    0.000000    0.000000   -1.141000    2.361333  -6.8254259151E-002
    0.000000    0.000000   -1.138667    2.363667  -6.8569665390E-002
    0.000000    0.000000   -1.136333    2.366000  -6.8886884454E-002
    0.000000    0.000000   -1.134000    2.368333  -6.9205930770E-002
    0.000000    0.000000   -1.131667    2.370667  -6.9526818450E-002
    0.000000    0.000000   -1.129333    2.373000  -6.9849561262E-002
    0.000000    0.000000   -1.127000    2.375333  -7.0174172607E-002
    0.000000    0.000000   -1.124667    2.377667  -7.0500665486E-002
    0.000000    0.000000   -1.122333    2.380000  -7.0829052470E-002
    0.000000    0.000000   -1.120000    2.382333  -7.1159345675E-002
    0.000000    0.000000   -1.117667    2.384667  -7.1491556729E-002
    0.000000    0.000000   -1.115333    2.387000  -7.1825696739E-002
    0.000000    0.000000   -1.113000    2.389333  -7.2161776267E-002
    0.000000    0.000000   -1.110667    2.391667  -7.2499805292E-002
    0.000000    0.000000   -1.108333    2.394000  -7.2839793182E-002
    0.000000    0.000000   -1.106000    2.396333  -7.3181748661E-002
    0.000000    0.000000   -1.103667    2.398667  -7.3525679777E-002
    0.000000    0.000000   -1.101333    2.401000  -7.3871593873E-002
    0.000000    0.000000   -1.099000    2.403333  -7.4219497551E-002
    0.000000    0.000000   -1.096667    2.405667  -7.4569396640E-002
    0.000000    0.000000   -1.094333    2.408000  -7.4921296169E-002
    0.000000    0.000000   -1.092000    2.410333  -7.5275200330E-002
    0.000000    0.000000   -1.089667    2.412667  -7.5631112452E-002
    0.000000    0.000000   -1.087333    2.415000  -7.5989034966E-002
    0.000000    0.000000   -1.085000    2.417333  -7.6348969376E-002
    0.000000    0.000000   -1.082667    2.419667  -7.6710916235E-002
    0.000000    0.000000   -1.080333    2.422000  -7.7074875108E-002
    0.000000    0.000000   -1.078000    2.424333  -7.7440844554E-002
    0.000000    0.000000   -1.075667    2.426667  -7.7808822093E-002
    0.000000    0.000000   -1.073333    2.429000  -7.8178804188E-002
    0.000000    0.000000   -1.071000    2.431333  -7.8550786219E-002
    0.000000    0.000000   -1.068667    2.433667  -7.8924762463E-002
    0.000000    0.000000   -1.066333    2.436000  -7.9300726078E-002
    0.000000    0.000000   -1.064000    2.438333  -7.9678669085E-002
    0.000000    0.000000   -1.061667    2.440667  -8.0058582361E-002
    0.000000    0.000000   -1.059333    2.443000  -8.0440455621E-002
    0.000000    0.000000   -1.057000    2.445333  -8.0824277422E-002
    0.000000    0.000000   -1.054667    2.447667  -8.1210035155E-002
    0.000000    0.000000   -1.052333    2.450000  -8.1597715049E-002
    0.000000    0.000000   -1.050000    2.452333  -8.1987302182E-002
    0.000000    0.000000   -1.047667    2.454667  -8.2378780490E-002
    0.000000    0.000000   -1.045333    2.457000  -8.2772132788E-002
    0.000000    0.000000   -1.043000    2.459333  -8.3167340796E-002
    0.000000    0.000000   -1.040667    2.461667  -8.3564385166E-002
    0.000000    0.000000   -1.038333    2.464000  -8.3963245530E-002
    0.000000    0.000000   -1.036000    2.466333  -8.4363900538E-002
    0.000000    0.000000   -1.033667    2.468667  -8.4766327920E-002
    0.000000    0.000000   -1.031333    2.471000  -8.5170504550E-002
    0.000000    0.000000   -1.029000    2.473333  -8.5576406518E-002
    0.000000    0.000000   -1.026667    2.475667  -8.5984009219E-002
    0.000000    0.000000   -1.024333    2.478000  -8.6393287446E-002
    0.000000    0.000000   -1.022000    2.480333  -8.6804215501E-002
    0.000000    0.000000   -1.019667    2.482667  -8.7216767311E-002
    0.000000    0.000000   -1.017333    2.485000  -8.7630916564E-002
    0.000000    0.000000   -1.015000    2.487333  -8.8046636854E-002
    0.000000    0.000000   -1.012667    2.489667  -8.8463901841E-002
    0.000000    0.000000   -1.010333    2.492000  -8.8882685425E-002
    0.000000    0.000000   -1.008000    2.494333  -8.9302961933E-002
    0.000000    0.000000   -1.005667    2.496667  -8.9724706325E-002
    0.000000    0.000000   -1.003333    2.499000  -9.0147894413E-002
    0.000000    0.000000   -1.001000    2.501333  -9.0572503090E-002
    0.000000    0.000000   -0.998667    2.503667  -9.0998510584E-002
    0.000000    0.000000   -0.996333    2.506000  -9.1425896718E-002
    0.000000    0.000000   -0.994000    2.508333  -9.1854643189E-002
    0.000000    0.000000   -0.991667    2.510667  -9.2284733858E-002
    0.000000    0.000000   -0.989333    2.513000  -9.2716155060E-002
    0.000000    0.000000   -0.987000    2.515333  -9.3148895913E-002
    0.000000    0.000000   -0.984667    2.517667  -9.3582948652E-002
    0.000000    0.000000   -0.982333    2.520000  -9.4018308965E-002
    0.000000    0.000000   -0.980000    2.522333  -9.4454976333E-002
    0.000000    0.000000   -0.977667    2.524667  -9.4892954386E-002
    0.000000    0.000000   -0.975333    2.527000  -9.5332251254E-002
    0.000000    0.000000   -0.973000    2.529333  -9.5772879919E-002
    0.000000    0.000000   -0.970667    2.531667  -9.6214858569E-002
    0.000000    0.000000   -0.968333    2.534000  -9.6658210940E-002
    0.000000    0.000000   -0.966000    2.536333  -9.7102966654E-002
    0.000000    0.000000   -0.963667    2.538667  -9.7549161537E-002
    0.000000    0.000000   -0.961333    2.541000  -9.7996837929E-002
    0.000000    0.000000   -0.959000    2.543333  -9.8446044956E-002
    0.000000    0.000000   -0.956667    2.545667  -9.8896838788E-002
    0.000000    0.000000   -0.954333    2.548000  -9.9349282858E-002
    0.000000    0.000000   -0.952000    2.550333  -9.9803448038E-002
    0.000000    0.000000   -0.949667    2.552667  -1.0025941278E-001
    0.000000    0.000000   -0.947333    2.555000  -1.0071726319E-001
    0.000000    0.000000   -0.945000    2.557333  -1.0117709308E-001
    0.000000    0.000000   -0.942667    2.559667  -1.0163900389E-001
    0.000000    0.000000   -0.940333    2.562000  -1.0210310463E-001
    0.000000    0.000000   -0.938000    2.564333  -1.0256951164E-001
    0.000000    0.000000   -0.935667    2.566667  -1.0303834840E-001
    0.000000    0.000000   -0.933333    2.569000  -1.0350974510E-001
    0.000000    0.000000   -0.931000    2.571333  -1.0398383824E-001
    0.000000    0.000000   -0.928667    2.573667  -1.0446077005E-001
    0.000000    0.000000   -0.926333    2.576000  -1.0494068787E-001
    0.000000    0.000000   -0.924000    2.578333  -1.0542374335E-001
    0.000000    0.000000   -0.921667    2.580667  -1.0591009160E-001
    0.000000    0.000000   -0.919333    2.583000  -1.0639989017E-001
    0.000000    0.000000   -0.917000    2.585333  -1.0689329795E-001
    0.000000    0.000000   -0.914667    2.587667  -1.0739047394E-001
    0.000000    0.000000   -0.912333    2.590000  -1.0789157587E-001
    0.000000    0.000000   -0.910000    2.592333  -1.0839675874E-001
    0.000000    0.000000   -0.907667    2.594667  -1.0890617323E-001
    0.000000    0.000000   -0.905333    2.597000  -1.0941996398E-001
    0.000000    0.000000   -0.903000    2.599333  -1.0993826775E-001
    0.000000    0.000000   -0.900667    2.601667  -1.1046121154E-001
    0.000000    0.000000   -0.898333    2.604000  -1.1098891052E-001
    0.000000    0.000000   -0.896000    2.606333  -1.1152146597E-001
    0.000000    0.000000   -0.893667    2.608667  -1.1205896304E-001
    0.000000    0.000000   -0.891333    2.611000  -1.1260146858E-001
    0.000000    0.000000   -0.889000    2.613333  -1.1314902876E-001
    0.000000    0.000000   -0.886667    2.615667  -1.1370166680E-001
    0.000000    0.000000   -0.884333    2.618000  -1.1425938060E-001
    0.000000    0.000000   -0.882000    2.620333  -1.1482214041E-001
    0.000000    0.000000   -0.879667    2.622667  -1.1538988649E-001
    0.000000    0.000000   -0.877333    2.625000  -1.1596252684E-001
    0.000000    0.000000   -0.875000    2.627333  -1.1653993501E-001
    0.000000    0.000000   -0.872667    2.629667  -1.1712194793E-001
    0.000000    0.000000   -0.870333    2.632000  -1.1770836394E-001
    0.000000    0.000000   -0.868000    2.634333  -1.1829894087E-001
    0.000000    0.000000   -0.865667    2.636667  -1.1889339437E-001
    0.000000    0.000000   -0.863333    2.639000  -1.1949139634E-001
    0.000000    0.000000   -0.861000    2.641333  -1.2009257362E-001
    0.000000    0.000000   -0.858667    2.643667  -1.2069650689E-001
    0.000000    0.000000   -0.856333    2.646000  -1.2130272985E-001
    0.000000    0.000000   -0.854000    2.648333  -1.2191072862E-001
    0.000000    0.000000   -0.851667    2.650667  -1.2251994150E-001
    0.000000    0.000000   -0.849333    2.653000  -1.2312975902E-001
    0.000000    0.000000   -0.847000    2.655333  -1.2373952427E-001
    0.000000    0.000000   -0.844667    2.657667  -1.2434853368E-001
    0.000000    0.000000   -0.842333    2.660000  -1.2495603804E-001
    0.000000    0.000000   -0.840000    2.662333  -1.2556124397E-001
    0.000000    0.000000   -0.837667    2.664667  -1.2616331569E-001
    0.000000    0.000000   -0.835333    2.667000  -1.2676137725E-001
    0.000000    0.000000   -0.833000    2.669333  -1.2735451501E-001
    0.000000    0.000000   -0.830667    2.671667  -1.2794178060E-001
    0.000000    0.000000   -0.828333    2.674000  -1.2852219414E-001
    0.000000    0.000000   -0.826000    2.676333  -1.2909474791E-001
    0.000000    0.000000   -0.823667    2.678667  -1.2965841023E-001
    0.000000    0.000000   -0.821333    2.681000  -1.3021212974E-001
    0.000000    0.000000   -0.819000    2.683333  -1.3075483993E-001
    0.000000    0.000000   -0.816667    2.685667  -1.3128546392E-001
    0.000000    0.000000   -0.814333    2.688000  -1.3180291952E-001
    0.000000    0.000000   -0.812000    2.690333  -1.3230612440E-001
    0.000000    0.000000   -0.809667    2.692667  -1.3279400152E-001
    0.000000    0.000000   -0.807333    2.695000  -1.3326548460E-001
    0.000000    0.000000   -0.805000    2.697333  -1.3371952373E-001
    0.000000    0.000000   -0.802667    2.699667  -1.3415509101E-001
    0.000000    0.000000   -0.800333    2.702000  -1.3457118615E-001
    0.000000    0.000000   -0.798000    2.704333  -1.3496684207E-001
    0.000000    0.000000   -0.795667    2.706667  -1.3534113038E-001
    0.000000    0.000000   -0.793333    2.709000  -1.3569316675E-001
    0.000000    0.000000   -0.791000    2.711333  -1.3602211604E-001
    0.000000    0.000000   -0.788667    2.713667  -1.3632719729E-001
    0.000000    0.000000   -0.786333    2.716000  -1.3660768834E-001
    0.000000    0.000000   -0.784000    2.718333  -1.3686293026E-001
    0.000000    0.000000   -0.781667    2.720667  -1.3709233132E-001
    0.000000    0.000000   -0.779333    2.723000  -1.3729537063E-001
    0.000000    0.000000   -0.777000    2.725333  -1.3747160138E-001
    0.000000    0.000000   -0.774667    2.727667  -1.3762065359E-001
    0.000000    0.000000   -0.772333    2.730000  -1.3774223646E-001
    0.000000    0.000000   -0.770000    2.732333  -1.3783614011E-001
    0.000000    0.000000   -0.767667    2.734667  -1.3790223697E-001
    0.000000    0.000000   -0.765333    2.737000  -1.3794048253E-001
    0.000000    0.000000   -0.763000    2.739333  -1.3795091559E-001
    0.000000    0.000000   -0.760667    2.741667  -1.3793365802E-001
    0.000000    0.000000   -0.758333    2.744000  -1.3788891398E-001
    0.000000    0.000000   -0.756000    2.746333  -1.3781696857E-001
    0.000000    0.000000   -0.753667    2.748667  -1.3771818607E-001
    0.000000    0.000000   -0.751333    2.751000  -1.3759300756E-001
    0.000000    0.000000   -0.749000    2.753333  -1.3744194821E-001
    0.000000    0.000000   -0.746667    2.755667  -1.3726559405E-001
    0.000000    0.000000   -0.744333    2.758000  -1.3706459829E-001
    0.000000    0.000000   -0.742000    2.760333  -1.3683967736E-001
    0.000000    0.000000   -0.739667    2.762667  -1.3659160650E-001
    0.000000    0.000000   -0.737333    2.765000  -1.3632121512E-001
    0.000000    0.000000   -0.735000    2.767333  -1.3602938182E-001
    0.000000    0.000000   -0.732667    2.769667  -1.3571702925E-001
    0.000000    0.000000   -0.730333    2.772000  -1.3538511876E-001
    0.000000    0.000000   -0.728000    2.774333  -1.3503464489E-001
    0.000000    0.000000   -0.725667    2.776667  -1.3466662980E-001
    0.000000    0.000000   -0.723333    2.779000  -1.3428211766E-001
    0.000000    0.000000   -0.721000    2.781333  -1.3388216898E-001
    0.000000    0.000000   -0.718667    2.783667  -1.3346785506E-001
    0.000000    0.000000   -0.716333    2.786000  -1.3304025247E-001
    0.000000    0.000000   -0.714000    2.788333  -1.3260043765E-001
    0.000000    0.000000   -0.711667    2.790667  -1.3214948171E-001
    0.000000    0.000000   -0.709333    2.793000  -1.3168844541E-001
    0.000000    0.000000   -0.707000    2.795333  -1.3121837433E-001
    0.000000    0.000000   -0.704667    2.797667  -1.3074029440E-001
    0.000000    0.000000   -0.702333    2.800000  -1.3025520758E-001
    0.000000    0.000000   -0.700000    2.802333  -1.2976408797E-001
    0.000000    0.000000   -0.697667    2.804667  -1.2926787819E-001
    0.000000    0.000000   -0.695333    2.807000  -1.2876748611E-001
    0.000000    0.000000   -0.693000    2.809333  -1.2826378193E-001
    0.000000    0.000000   -0.690667    2.811667  -1.2775759567E-001
    0.000000    0.000000   -0.688333    2.814000  -1.2724971495E-001
    0.000000    0.000000   -0.686000    2.816333  -1.2674088322E-001
    0.000000    0.000000   -0.683667    2.818667  -1.2623179833E-001
    0.000000    0.000000   -0.681333    2.821000  -1.2572311142E-001
    0.000000    0.000000   -0.679000    2.823333  -1.2521542624E-001
    0.000000    0.000000   -0.676667    2.825667  -1.2470929875E-001
    0.000000    0.000000   -0.674333    2.828000  -1.2420523711E-001
    0.000000    0.000000   -0.672000    2.830333  -1.2370370189E-001
    0.000000    0.000000   -0.669667    2.832667  -1.2320510671E-001
    0.000000    0.000000   -0.667333    2.835000  -1.2270981903E-001
    0.000000    0.000000   -0.665000    2.837333  -1.2221816124E-001
    0.000000    0.000000   -0.662667    2.839667  -1.2173041202E-001
    0.000000    0.000000   -0.660333    2.842000  -1.2124680784E-001
    0.000000    0.000000   -0.658000    2.844333  -1.2076754472E-001
    0.000000    0.000000   -0.655667    2.846667  -1.2029278005E-001
    0.000000    0.000000   -0.653333    2.849000  -1.1982263466E-001
    0.000000    0.000000   -0.651000    2.851333  -1.1935719490E-001
    0.000000    0.000000   -0.648667    2.853667  -1.1889651489E-001
    0.000000    0.000000   -0.646333    2.856000  -1.1844061877E-001
    0.000000    0.000000   -0.644000    2.858333  -1.1798950305E-001
    0.000000    0.000000   -0.641667    2.860667  -1.1754313894E-001
    0.000000    0.000000   -0.639333    2.863000  -1.1710147467E-001
    0.000000    0.000000   -0.637000    2.865333  -1.1666443786E-001
    0.000000    0.000000   -0.634667    2.867667  -1.1623193781E-001
    0.000000    0.000000   -0.632333    2.870000  -1.1580386772E-001
    0.000000    0.000000   -0.630000    2.872333  -1.1538010691E-001
    0.000000    0.000000   -0.627667    2.874667  -1.1496052290E-001
    0.000000    0.000000   -0.625333    2.877000  -1.1454497343E-001
    0.000000    0.000000   -0.623000    2.879333  -1.1413330843E-001
    0.000000    0.000000   -0.620667    2.881667  -1.1372537176E-001
    0.000000    0.000000   -0.618333    2.884000  -1.1332100302E-001
    0.000000    0.000000   -0.616000    2.886333  -1.1292003905E-001
    0.000000    0.000000   -0.613667    2.888667  -1.1252231549E-001
    0.000000    0.000000   -0.611333    2.891000  -1.1212766808E-001
    0.000000    0.000000   -0.609000    2.893333  -1.1173593393E-001
    0.000000    0.000000   -0.606667    2.895667  -1.1134695260E-001
    0.000000    0.000000   -0.604333    2.898000  -1.1096056716E-001
    0.000000    0.000000   -0.602000    2.900333  -1.1057662498E-001
    0.000000    0.000000   -0.599667    2.902667  -1.1019497859E-001
    0.000000    0.000000   -0.597333    2.905000  -1.0981548626E-001
    0.000000    0.000000   -0.595000    2.907333  -1.0943801258E-001
    0.000000    0.000000   -0.592667    2.909667  -1.0906242893E-001
    0.000000    0.000000   -0.590333    2.912000  -1.0868861380E-001
    0.000000    0.000000   -0.588000    2.914333  -1.0831645306E-001
    0.000000    0.000000   -0.585667    2.916667  -1.0794584017E-001
    0.000000    0.000000   -0.583333    2.919000  -1.0757667626E-001
    0.000000    0.000000   -0.581000    2.921333  -1.0720887021E-001
    0.000000    0.000000   -0.578667    2.923667  -1.0684233854E-001
    0.000000    0.000000   -0.576333    2.926000  -1.0647700542E-001
    0.000000    0.000000   -0.574000    2.928333  -1.0611280248E-001
    0.000000    0.000000   -0.571667    2.930667  -1.0574966865E-001
    0.000000    0.000000   -0.569333    2.933000  -1.0538754994E-001
    0.000000    0.000000   -0.567000    2.935333  -1.0502639918E-001
    0.000000    0.000000   -0.564667    2.937667  -1.0466617576E-001
    0.000000    0.000000   -0.562333    2.940000  -1.0430684529E-001
    0.000000    0.000000   -0.560000    2.942333  -1.0394837933E-001
    0.000000    0.000000   -0.557667    2.944667  -1.0359075503E-001
    0.000000    0.000000   -0.555333    2.947000  -1.0323395476E-001
    0.000000    0.000000   -0.553000    2.949333  -1.0287796583E-001
    0.000000    0.000000   -0.550667    2.951667  -1.0252278006E-001
    0.000000    0.000000   -0.548333    2.954000  -1.0216839347E-001
    0.000000    0.000000   -0.546000    2.956333  -1.0181480594E-001
    0.000000    0.000000   -0.543667    2.958667  -1.0146202082E-001
    0.000000    0.000000   -0.541333    2.961000  -1.0111004467E-001
    0.000000    0.000000   -0.539000    2.963333  -1.0075888684E-001
    0.000000    0.000000   -0.536667    2.965667  -1.0040855924E-001
    0.000000    0.000000   -0.534333    2.968000  -1.0005907598E-001
    0.000000    0.000000   -0.532000    2.970333  -9.9710453107E-002
    0.000000    0.000000   -0.529667    2.972667  -9.9362708313E-002
    0.000000    0.000000   -0.527333    2.975000  -9.9015860690E-002
    0.000000    0.000000   -0.525000    2.977333  -9.8669930469E-002
    0.000000    0.000000   -0.522667    2.979667  -9.8324938792E-002
    0.000000    0.000000   -0.520333    2.982000  -9.7980907495E-002
    0.000000    0.000000   -0.518000    2.984333  -9.7637858906E-002
    0.000000    0.000000   -0.515667    2.986667  -9.7295815658E-002
    0.000000    0.000000   -0.513333    2.989000  -9.6954800514E-002
    0.000000    0.000000   -0.511000    2.991333  -9.6614836211E-002
    0.000000    0.000000   -0.508667    2.993667  -9.6275945313E-002
    0.000000    0.000000   -0.506333    2.996000  -9.5938150083E-002
    0.000000    0.000000   -0.504000    2.998333  -9.5601472358E-002
    0.000000    0.000000   -0.501667    3.000667  -9.5265933449E-002
    0.000000    0.000000   -0.499333    3.003000  -9.4931554041E-002
    0.000000    0.000000   -0.497000    3.005333  -9.4598354110E-002
    0.000000    0.000000   -0.494667    3.007667  -9.4266352853E-002
    0.000000    0.000000   -0.492333    3.010000  -9.3935568617E-002
    0.000000    0.000000   -0.490000    3.012333  -9.3606018849E-002
    0.000000    0.000000   -0.487667    3.014667  -9.3277720051E-002
    0.000000    0.000000   -0.485333    3.017000  -9.2950687734E-002
    0.000000    0.000000   -0.483000    3.019333  -9.2624936395E-002
    0.000000    0.000000   -0.480667    3.021667  -9.2300479487E-002
    0.000000    0.000000   -0.478333    3.024000  -9.1977329403E-002
    0.000000    0.000000   -0.476000    3.026333  -9.1655497464E-002
    0.000000    0.000000   -0.473667    3.028667  -9.1334993911E-002
    0.000000    0.000000   -0.471333    3.031000  -9.1015827900E-002
    0.000000    0.000000   -0.469000    3.033333  -9.0698007509E-002
    0.000000    0.000000   -0.466667    3.035667  -9.0381539739E-002
    0.000000    0.000000   -0.464333    3.038000  -9.0066430526E-002
    0.000000    0.000000   -0.462000    3.040333  -8.9752684751E-002
    0.000000    0.000000   -0.459667    3.042667  -8.9440306258E-002
    0.000000    0.000000   -0.457333    3.045000  -8.9129297869E-002
    0.000000    0.000000   -0.455000    3.047333  -8.8819661406E-002
    0.000000    0.000000   -0.452667    3.049667  -8.8511397712E-002
    0.000000    0.000000   -0.450333    3.052000  -8.8204506671E-002
    0.000000    0.000000   -0.448000    3.054333  -8.7898987242E-002
    0.000000    0.000000   -0.445667    3.056667  -8.7594837474E-002
    0.000000    0.000000   -0.443333    3.059000  -8.7292054540E-002
    0.000000    0.000000   -0.441000    3.061333  -8.6990634765E-002
    0.000000    0.000000   -0.438667    3.063667  -8.6690573652E-002
    0.000000    0.000000   -0.436333    3.066000  -8.6391865910E-002
    0.000000    0.000000   -0.434000    3.068333  -8.6094505488E-002
    0.000000    0.000000   -0.431667    3.070667  -8.5798485602E-002
    0.000000    0.000000   -0.429333    3.073000  -8.5503798765E-002
    0.000000    0.000000   -0.427000    3.075333  -8.5210436815E-002
    0.000000    0.000000   -0.424667    3.077667  -8.4918390951E-002
    0.000000    0.000000   -0.422333    3.080000  -8.4627651754E-002
    0.000000    0.000000   -0.420000    3.082333  -8.4338209224E-002
    0.000000    0.000000   -0.417667    3.084667  -8.4050052804E-002
    0.000000    0.000000   -0.415333    3.087000  -8.3763171411E-002
    0.000000    0.000000   -0.413000    3.089333  -8.3477553464E-002
    0.000000    0.000000   -0.410667    3.091667  -8.3193186910E-002
    0.000000    0.000000   -0.408333    3.094000  -8.2910059253E-002
    0.000000    0.000000   -0.406000    3.096333  -8.2628157580E-002
    0.000000    0.000000   -0.403667    3.098667  -8.2347468585E-002
    0.000000    0.000000   -0.401333    3.101000  -8.2067978597E-002
    0.000000    0.000000   -0.399000    3.103333  -8.1789673602E-002
    0.000000    0.000000   -0.396667    3.105667  -8.1512539267E-002
    0.000000    0.000000   -0.394333    3.108000  -8.1236560964E-002
    0.000000    0.000000   -0.392000    3.110333  -8.0961723791E-002
    0.000000    0.000000   -0.389667    3.112667  -8.0688012593E-002
    0.000000    0.000000   -0.387333    3.115000  -8.0415411983E-002
    0.000000    0.000000   -0.385000    3.117333  -8.0143906362E-002
    0.000000    0.000000   -0.382667    3.119667  -7.9873479934E-002
    0.000000    0.000000   -0.380333    3.122000  -7.9604116730E-002
    0.000000    0.000000   -0.378000    3.124333  -7.9335800617E-002
    0.000000    0.000000   -0.375667    3.126667  -7.9068515322E-002
    0.000000    0.000000   -0.373333    3.129000  -7.8802244442E-002
    0.000000    0.000000   -0.371000    3.131333  -7.8536971456E-002
    0.000000    0.000000   -0.368667    3.133667  -7.8272679747E-002
    0.000000    0.000000   -0.366333    3.136000  -7.8009352603E-002
    0.000000    0.000000   -0.364000    3.138333  -7.7746973239E-002
    0.000000    0.000000   -0.361667    3.140667  -7.7485524800E-002
    0.000000    0.000000   -0.359333    3.143000  -7.7224990373E-002
    0.000000    0.000000   -0.357000    3.145333  -7.6965352998E-002
    0.000000    0.000000   -0.354667    3.147667  -7.6706595672E-002
    0.000000    0.000000   -0.352333    3.150000  -7.6448701360E-002
    0.000000    0.000000   -0.350000    3.152333  -7.6191652999E-002
    0.000000    0.000000   -0.347667    3.154667  -7.5935433501E-002
    0.000000    0.000000   -0.345333    3.157000  -7.5680025766E-002
    0.000000    0.000000   -0.343000    3.159333  -7.5425412676E-002
    0.000000    0.000000   -0.340667    3.161667  -7.5171577104E-002
    0.000000    0.000000   -0.338333    3.164000  -7.4918501916E-002
    0.000000    0.000000   -0.336000    3.166333  -7.4666169972E-002
    0.000000    0.000000   -0.333667    3.168667  -7.4414564124E-002
    0.000000    0.000000   -0.331333    3.171000  -7.4163667225E-002
    0.000000    0.000000   -0.329000    3.173333  -7.3913462120E-002
    0.000000    0.000000   -0.326667    3.175667  -7.3663931650E-002
    0.000000    0.000000   -0.324333    3.178000  -7.3415058651E-002
    0.000000    0.000000   -0.322000    3.180333  -7.3166825949E-002
    0.000000    0.000000   -0.319667    3.182667  -7.2919216364E-002
    0.000000    0.000000   -0.317333    3.185000  -7.2672212703E-002
    0.000000    0.000000   -0.315000    3.187333  -7.2425797760E-002
    0.000000    0.000000   -0.312667    3.189667  -7.2179954311E-002
    0.000000    0.000000   -0.310333    3.192000  -7.1934665114E-002
    0.000000    0.000000   -0.308000    3.194333  -7.1689912904E-002
    0.000000    0.000000   -0.305667    3.196667  -7.1445680391E-002
    0.000000    0.000000   -0.303333    3.199000  -7.1201950259E-002
    0.000000    0.000000   -0.301000    3.201333  -7.0958705160E-002
    0.000000    0.000000   -0.298667    3.203667  -7.0715927713E-002
    0.000000    0.000000   -0.296333    3.206000  -7.0473600505E-002
    0.000000    0.000000   -0.294000    3.208333  -7.0231706084E-002
    0.000000    0.000000   -0.291667    3.210667  -6.9990226965E-002
    0.000000    0.000000   -0.289333    3.213000  -6.9749145624E-002
    0.000000    0.000000   -0.287000    3.215333  -6.9508444504E-002
    0.000000    0.000000   -0.284667    3.217667  -6.9268106012E-002
    0.000000    0.000000   -0.282333    3.220000  -6.9028112527E-002
    0.000000    0.000000   -0.280000    3.222333  -6.8788446401E-002
    0.000000    0.000000   -0.277667    3.224667  -6.8549089967E-002
    0.000000    0.000000   -0.275333    3.227000  -6.8310025544E-002
    0.000000    0.000000   -0.273000    3.229333  -6.8071235451E-002
    0.000000    0.000000   -0.270667    3.231667  -6.7832702015E-002
    0.000000    0.000000   -0.268333    3.234000  -6.7594407586E-002
    0.000000    0.000000   -0.266000    3.236333  -6.7356334552E-002
    0.000000    0.000000   -0.263667    3.238667  -6.7118465359E-002
    0.000000    0.000000   -0.261333    3.241000  -6.6880782535E-002
    0.000000    0.000000   -0.259000    3.243333  -6.6643268709E-002
    0.000000    0.000000   -0.256667    3.245667  -6.6405906644E-002
    0.000000    0.000000   -0.254333    3.248000  -6.6168679267E-002
    0.000000    0.000000   -0.252000    3.250333  -6.5931569702E-002
    0.000000    0.000000   -0.249667    3.252667  -6.5694561312E-002
    0.000000    0.000000   -0.247333    3.255000  -6.5457637741E-002
    0.000000    0.000000   -0.245000    3.257333  -6.5220782957E-002
    0.000000    0.000000   -0.242667    3.259667  -6.4983981309E-002
    0.000000    0.000000   -0.240333    3.262000  -6.4747217581E-002
    0.000000    0.000000   -0.238000    3.264333  -6.4510477049E-002
    0.000000    0.000000   -0.235667    3.266667  -6.4273745550E-002
    0.000000    0.000000   -0.233333    3.269000  -6.4037009550E-002
    0.000000    0.000000   -0.231000    3.271333  -6.3800256217E-002
    0.000000    0.000000   -0.228667    3.273667  -6.3563473498E-002
    0.000000    0.000000   -0.226333    3.276000  -6.3326650209E-002
    0.000000    0.000000   -0.224000    3.278333  -6.3089776113E-002
    0.000000    0.000000   -0.221667    3.280667  -6.2852842017E-002
    0.000000    0.000000   -0.219333    3.283000  -6.2615839865E-002
    0.000000    0.000000   -0.217000    3.285333  -6.2378762840E-002
    0.000000    0.000000   -0.214667    3.287667  -6.2141605456E-002
    0.000000    0.000000   -0.212333    3.290000  -6.1904363673E-002
    0.000000    0.000000   -0.210000    3.292333  -6.1667034993E-002
    0.000000    0.000000   -0.207667    3.294667  -6.1429618572E-002
    0.000000    0.000000   -0.205333    3.297000  -6.1192115322E-002
    0.000000    0.000000   -0.203000    3.299333  -6.0954528020E-002
    0.000000    0.000000   -0.200667    3.301667  -6.0716861409E-002
    0.000000    0.000000   -0.198333    3.304000  -6.0479122301E-002
    0.000000    0.000000   -0.196000    3.306333  -6.0241319670E-002
    0.000000    0.000000   -0.193667    3.308667  -6.0003464745E-002
    0.000000    0.000000   -0.191333    3.311000  -5.9765571095E-002
    0.000000    0.000000   -0.189000    3.313333  -5.9527654698E-002
    0.000000    0.000000   -0.186667    3.315667  -5.9289734012E-002
    0.000000    0.000000   -0.184333    3.318000  -5.9051830025E-002
    0.000000    0.000000   -0.182000    3.320333  -5.8813966292E-002
    0.000000    0.000000   -0.179667    3.322667  -5.8576168958E-002
    0.000000    0.000000   -0.177333    3.325000  -5.8338466766E-002
    0.000000    0.000000   -0.175000    3.327333  -5.8100891038E-002
    0.000000    0.000000   -0.172667    3.329667  -5.7863475640E-002
    0.000000    0.000000   -0.170333    3.332000  -5.7626256922E-002
    0.000000    0.000000   -0.168000    3.334333  -5.7389273634E-002
    0.000000    0.000000   -0.165667    3.336667  -5.7152566806E-002
    0.000000    0.000000   -0.163333    3.339000  -5.6916179613E-002
    0.000000    0.000000   -0.161000    3.341333  -5.6680157196E-002
    0.000000    0.000000   -0.158667    3.343667  -5.6444546454E-002
    0.000000    0.000000   -0.156333    3.346000  -5.6209395808E-002
    0.000000    0.000000   -0.154000    3.348333  -5.5974754920E-002
    0.000000    0.000000   -0.151667    3.350667  -5.5740674381E-002
    0.000000    0.000000   -0.149333    3.353000  -5.5507205362E-002
    0.000000    0.000000   -0.147000    3.355333  -5.5274399229E-002
    0.000000    0.000000   -0.144667    3.357667  -5.5042307110E-002
    0.000000    0.000000   -0.142333    3.360000  -5.4810979442E-002
    0.000000    0.000000   -0.140000    3.362333  -5.4580465463E-002
    0.000000    0.000000   -0.137667    3.364667  -5.4350812683E-002
    0.000000    0.000000   -0.135333    3.367000  -5.4122066311E-002
    0.000000    0.000000   -0.133000    3.369333  -5.3894268658E-002
    0.000000    0.000000   -0.130667    3.371667  -5.3667458498E-002
    0.000000    0.000000   -0.128333    3.374000  -5.3441670417E-002
    0.000000    0.000000   -0.126000    3.376333  -5.3216934125E-002
    0.000000    0.000000   -0.123667    3.378667  -5.2993273761E-002
    0.000000    0.000000   -0.121333    3.381000  -5.2770707168E-002
    0.000000    0.000000   -0.119000    3.383333  -5.2549245174E-002
    0.000000    0.000000   -0.116667    3.385667  -5.2328890853E-002
    0.000000    0.000000   -0.114333    3.388000  -5.2109638797E-002
    0.000000    0.000000   -0.112000    3.390333  -5.1891474390E-002
    0.000000    0.000000   -0.109667    3.392667  -5.1674373097E-002
    0.000000    0.000000   -0.107333    3.395000  -5.1458299774E-002
    0.000000    0.000000   -0.105000    3.397333  -5.1243208003E-002
    0.000000    0.000000   -0.102667    3.399667  -5.1029039462E-002
    0.000000    0.000000   -0.100333    3.402000  -5.0815723343E-002
    0.000000    0.000000   -0.098000    3.404333  -5.0603175810E-002
    0.000000    0.000000   -0.095667    3.406667  -5.0391299524E-002
    0.000000    0.000000   -0.093333    3.409000  -5.0179983225E-002
    0.000000    0.000000   -0.091000    3.411333  -4.9969101391E-002
    0.000000    0.000000   -0.088667    3.413667  -4.9758513975E-002
    0.000000    0.000000   -0.086333    3.416000  -4.9548066227E-002
    0.000000    0.000000   -0.084000    3.418333  -4.9337588607E-002
    0.000000    0.000000   -0.081667    3.420667  -4.9126896795E-002
    0.000000    0.000000   -0.079333    3.423000  -4.8915791813E-002
    0.000000    0.000000   -0.077000    3.425333  -4.8704060234E-002
    0.000000    0.000000   -0.074667    3.427667  -4.8491474526E-002
    0.000000    0.000000   -0.072333    3.430000  -4.8277793486E-002
    0.000000    0.000000   -0.070000    3.432333  -4.8062762805E-002
    0.000000    0.000000   -0.067667    3.434667  -4.7846115742E-002
    0.000000    0.000000   -0.065333    3.437000  -4.7627573911E-002
    0.000000    0.000000   -0.063000    3.439333  -4.7406848185E-002
    0.000000    0.000000   -0.060667    3.441667  -4.7183639712E-002
    0.000000    0.000000   -0.058333    3.444000  -4.6957641032E-002
    0.000000    0.000000   -0.056000    3.446333  -4.6728537304E-002
    0.000000    0.000000   -0.053667    3.448667  -4.6496007623E-002
    0.000000    0.000000   -0.051333    3.451000  -4.6259726431E-002
    0.000000    0.000000   -0.049000    3.453333  -4.6019365001E-002
    0.000000    0.000000   -0.046667    3.455667  -4.5774593006E-002
    0.000000    0.000000   -0.044333    3.458000  -4.5525080134E-002
    0.000000    0.000000   -0.042000    3.460333  -4.5270497765E-002
    0.000000    0.000000   -0.039667    3.462667  -4.5010520680E-002
    0.000000    0.000000   -0.037333    3.465000  -4.4744828798E-002
    0.000000    0.000000   -0.035000    3.467333  -4.4473108928E-002
    0.000000    0.000000   -0.032667    3.469667  -4.4195056513E-002
    0.000000    0.000000   -0.030333    3.472000  -4.3910377370E-002
    0.000000    0.000000   -0.028000    3.474333  -4.3618789389E-002
    0.000000    0.000000   -0.025667    3.476667  -4.3320024202E-002
    0.000000    0.000000   -0.023333    3.479000  -4.3013828783E-002
    0.000000    0.000000   -0.021000    3.481333  -4.2699966990E-002
    0.000000    0.000000   -0.018667    3.483667  -4.2378221011E-002
    0.000000    0.000000   -0.016333    3.486000  -4.2048392725E-002
    0.000000    0.000000   -0.014000    3.488333  -4.1710304945E-002
    0.000000    0.000000   -0.011667    3.490667  -4.1363802552E-002
    0.000000    0.000000   -0.009333    3.493000  -4.1008753490E-002
    0.000000    0.000000   -0.007000    3.495333  -4.0645049632E-002
    0.000000    0.000000   -0.004667    3.497667  -4.0272607490E-002
    0.000000    0.000000   -0.002333    3.500000  -3.9891368782E-002
    0.000000    0.000000    0.000000    3.502333  -3.9501300835E-002
    0.000000    0.000000    0.002333    3.504667  -3.9102396829E-002
    0.000000    0.000000    0.004667    3.507000  -3.8694675878E-002
    0.000000    0.000000    0.007000    3.509333  -3.8278182944E-002
    0.000000    0.000000    0.009333    3.511667  -3.7852988589E-002
    0.000000    0.000000    0.011667    3.514000  -3.7419188570E-002
    0.000000    0.000000    0.014000    3.516333  -3.6976903264E-002
    0.000000    0.000000    0.016333    3.518667  -3.6526276955E-002
    0.000000    0.000000    0.018667    3.521000  -3.6067476965E-002
    0.000000    0.000000    0.021000    3.523333  -3.5600692654E-002
    0.000000    0.000000    0.023333    3.525667  -3.5126134279E-002
    0.000000    0.000000    0.025667    3.528000  -3.4644031751E-002
    0.000000    0.000000    0.028000    3.530333  -3.4154633269E-002
    0.000000    0.000000    0.030333    3.532667  -3.3658203864E-002
    0.000000    0.000000    0.032667    3.535000  -3.3155023862E-002
    0.000000    0.000000    0.035000    3.537333  -3.2645387271E-002
    0.000000    0.000000    0.037333    3.539667  -3.2129600113E-002
    0.000000    0.000000    0.039667    3.542000  -3.1607978718E-002
    0.000000    0.000000    0.042000    3.544333  -3.1080847983E-002
    0.000000    0.000000    0.044333    3.546667  -3.0548539620E-002
    0.000000    0.000000    0.046667    3.549000  -3.0011390400E-002
    0.000000    0.000000    0.049000    3.551333  -2.9469740415E-002
    0.000000    0.000000    0.051333    3.553667  -2.8923931361E-002
    0.000000    0.000000    0.053667    3.556000  -2.8374304861E-002
    0.000000    0.000000    0.056000    3.558333  -2.7821200839E-002
    0.000000    0.000000    0.058333    3.560667  -2.7264955953E-002
    0.000000    0.000000    0.060667    3.563000  -2.6705902105E-002
    0.000000    0.000000    0.063000    3.565333  -2.6144365024E-002
    0.000000    0.000000    0.065333    3.567667  -2.5580662946E-002
    0.000000    0.000000    0.067667    3.570000  -2.5015105384E-002
    0.000000    0.000000    0.070000    3.572333  -2.4447992005E-002
    0.000000    0.000000    0.072333    3.574667  -2.3879611607E-002
    0.000000    0.000000    0.074667    3.577000  -2.3310241219E-002
    0.000000    0.000000    0.077000    3.579333  -2.2740145301E-002
    0.000000    0.000000    0.079333    3.581667  -2.2169575069E-002
    0.000000    0.000000    0.081667    3.584000  -2.1598767932E-002
    0.000000    0.000000    0.084000    3.586333  -2.1027947038E-002
    0.000000    0.000000    0.086333    3.588667  -2.0457320946E-002
    0.000000    0.000000    0.088667    3.591000  -1.9887083395E-002
    0.000000    0.000000    0.091000    3.593333  -1.9317413187E-002
    0.000000    0.000000    0.093333    3.595667  -1.8748474173E-002
    0.000000    0.000000    0.095667    3.598000  -1.8180415332E-002
    0.000000    0.000000    0.098000    3.600333  -1.7613370947E-002
    0.000000    0.000000    0.100333    3.602667  -1.7047460861E-002
    0.000000    0.000000    0.102667    3.605000  -1.6482790820E-002
    0.000000    0.000000    0.105000    3.607333  -1.5919452878E-002
    0.000000    0.000000    0.107333    3.609667  -1.5357525877E-002
    0.000000    0.000000    0.109667    3.612000  -1.4797075976E-002
    0.000000    0.000000    0.112000    3.614333  -1.4238157235E-002
    0.000000    0.000000    0.114333    3.616667  -1.3680812239E-002
    0.000000    0.000000    0.116667    3.619000  -1.3125072757E-002
    0.000000    0.000000    0.119000    3.621333  -1.2570960430E-002
    0.000000    0.000000    0.121333    3.623667  -1.2018487477E-002
    0.000000    0.000000    0.123667    3.626000  -1.1467657413E-002
    0.000000    0.000000    0.126000    3.628333  -1.0918465783E-002
    0.000000    0.000000    0.128333    3.630667  -1.0370900883E-002
    0.000000    0.000000    0.130667    3.633000  -9.8249444859E-003
    0.000000    0.000000    0.133000    3.635333  -9.2805725548E-003
    0.000000    0.000000    0.135333    3.637667  -8.7377559393E-003
    0.000000    0.000000    0.137667    3.640000  -8.1964610533E-003
    0.000000    0.000000    0.140000    3.642333  -7.6566505289E-003
    0.000000    0.000000    0.142333    3.644667  -7.1182838440E-003
    0.000000    0.000000    0.144667    3.647000  -6.5813179191E-003
    0.000000    0.000000    0.147000    3.649333  -6.0457076825E-003
    0.000000    0.000000    0.149333    3.651667  -5.5114066012E-003
    0.000000    0.000000    0.151667    3.654000  -4.9783671752E-003
    0.000000    0.000000    0.154000    3.656333  -4.4465413964E-003
    0.000000    0.000000    0.156333    3.658667  -3.9158811692E-003
    0.000000    0.000000    0.158667    3.661000  -3.3863386933E-003
    0.000000    0.000000    0.161000    3.663333  -2.8578668094E-003
    0.000000    0.000000    0.163333    3.665667  -2.3304193077E-003
    0.000000    0.000000    0.165667    3.668000  -1.8039511998E-003
    0.000000    0.000000    0.168000    3.670333  -1.2784189551E-003
    0.000000    0.000000    0.170333    3.672667  -7.5378070361E-004
    0.000000    0.000000    0.172667    3.675000  -2.2999640530E-004
    0.000000    0.000000    0.175000    3.677333   2.9297201133E-004
    0.000000    0.000000    0.177333    3.679667   8.1516054017E-004
    0.000000    0.000000    0.179667    3.682000   1.3366030160E-003
    0.000000    0.000000    0.182000    3.684333   1.8573310587E-003
    0.000000    0.000000    0.184333    3.686667   2.3773740413E-003
    0.000000    0.000000    0.186667    3.689000   2.8967590796E-003
    0.000000    0.000000    0.189000    3.691333   3.4155110414E-003
    0.000000    0.000000    0.191333    3.693667   3.9336525740E-003
    0.000000    0.000000    0.193667    3.696000   4.4512041468E-003
    0.000000    0.000000    0.196000    3.698333   4.9681841087E-003
    0.000000    0.000000    0.198333    3.700667   5.4846087567E-003
    0.000000    0.000000    0.200667    3.703000   6.0004924153E-003
    0.000000    0.000000    0.203000    3.705333   6.5158475247E-003
    0.000000    0.000000    0.205333    3.707667   7.0306847358E-003
    0.000000    0.000000    0.207667    3.710000   7.5450130110E-003
    0.000000    0.000000    0.210000    3.712333   8.0588397289E-003
    0.000000    0.000000    0.212333    3.714667   8.5721707929E-003
    0.000000    0.000000    0.214667    3.717000   9.0850107403E-003
    0.000000    0.000000    0.217000    3.719333   9.5973628534E-003
    0.000000    0.000000    0.219333    3.721667   1.0109229270E-002
    0.000000    0.000000    0.221667    3.724000   1.0620611091E-002
    0.000000    0.000000    0.224000    3.726333   1.1131508493E-002
    0.000000    0.000000    0.226333    3.728667   1.1641920826E-002
    0.000000    0.000000    0.228667    3.731000   1.2151846724E-002
    0.000000    0.000000    0.231000    3.733333   1.2661284198E-002
    0.000000    0.000000    0.233333    3.735667   1.3170230731E-002
    0.000000    0.000000    0.235667    3.738000   1.3678683376E-002
    0.000000    0.000000    0.238000    3.740333   1.4186638834E-002
    0.000000    0.000000    0.240333    3.742667   1.4694093541E-002
    0.000000    0.000000    0.242667    3.745000   1.5201043745E-002
    0.000000    0.000000    0.245000    3.747333   1.5707485578E-002
    0.000000    0.000000    0.247333    3.749667   1.6213415125E-002
    0.000000    0.000000    0.249667    3.752000   1.6718828487E-002
    0.000000    0.000000    0.252000    3.754333   1.7223721838E-002
    0.000000    0.000000    0.254333    3.756667   1.7728091483E-002
    0.000000    0.000000    0.256667    3.759000   1.8231933905E-002
    0.000000    0.000000    0.259000    3.761333   1.8735245810E-002
    0.000000    0.000000    0.261333    3.763667   1.9238024170E-002
    0.000000    0.000000    0.263667    3.766000   1.9740266260E-002
    0.000000    0.000000    0.266000    3.768333   2.0241969691E-002
    0.000000    0.000000    0.268333    3.770667   2.0743132439E-002
    0.000000    0.000000    0.270667    3.773000   2.1243752873E-002
    0.000000    0.000000    0.273000    3.775333   2.1743829775E-002
    0.000000    0.000000    0.275333    3.777667   2.2243362365E-002
    0.000000    0.000000    0.277667    3.780000   2.2742350314E-002
    0.000000    0.000000    0.280000    3.782333   2.3240793759E-002
    0.000000    0.000000    0.282333    3.784667   2.3738693317E-002
    0.000000    0.000000    0.284667    3.787000   2.4236050093E-002
    0.000000    0.000000    0.287000    3.789333   2.4732865688E-002
    0.000000    0.000000    0.289333    3.791667   2.5229142202E-002
    0.000000    0.000000    0.291667    3.794000   2.5724882244E-002
    0.000000    0.000000    0.294000    3.796333   2.6220088925E-002
    0.000000    0.000000    0.296333    3.798667   2.6714765866E-002
    0.000000    0.000000    0.298667    3.801000   2.7208917196E-002
    0.000000    0.000000    0.301000    3.803333   2.7702547543E-002
    0.000000    0.000000    0.303333    3.805667   2.8195662041E-002
    0.000000    0.000000    0.305667    3.808000   2.8688266316E-002
    0.000000    0.000000    0.308000    3.810333   2.9180366489E-002
    0.000000    0.000000    0.310333    3.812667   2.9671969161E-002
    0.000000    0.000000    0.312667    3.815000   3.0163081414E-002
    0.000000    0.000000    0.315000    3.817333   3.0653710801E-002
    0.000000    0.000000    0.317333    3.819667   3.1143865333E-002
    0.000000    0.000000    0.319667    3.822000   3.1633553479E-002
    0.000000    0.000000    0.322000    3.824333   3.2122784150E-002
    0.000000    0.000000    0.324333    3.826667   3.2611566691E-002
    0.000000    0.000000    0.326667    3.829000   3.3099910874E-002
    0.000000    0.000000    0.329000    3.831333   3.3587826884E-002
    0.000000    0.000000    0.331333    3.833667   3.4075325313E-002
    0.000000    0.000000    0.333667    3.836000   3.4562417145E-002
    0.000000    0.000000    0.336000    3.838333   3.5049113749E-002
    0.000000    0.000000    0.338333    3.840667   3.5535426865E-002
    0.000000    0.000000    0.340667    3.843000   3.6021368598E-002
    0.000000    0.000000    0.343000    3.845333   3.6506951401E-002
    0.000000    0.000000    0.345333    3.847667   3.6992188069E-002
    0.000000    0.000000    0.347667    3.850000   3.7477091728E-002
    0.000000    0.000000    0.350000    3.852333   3.7961675818E-002
    0.000000    0.000000    0.352333    3.854667   3.8445954093E-002
    0.000000    0.000000    0.354667    3.857000   3.8929940600E-002
    0.000000    0.000000    0.357000    3.859333   3.9413649673E-002
    0.000000    0.000000    0.359333    3.861667   3.9897095925E-002
    0.000000    0.000000    0.361667    3.864000   4.0380294231E-002
    0.000000    0.000000    0.364000    3.866333   4.0863259725E-002
    0.000000    0.000000    0.366333    3.868667   4.1346007785E-002
    0.000000    0.000000    0.368667    3.871000   4.1828554024E-002
    0.000000    0.000000    0.371000    3.873333   4.2310914282E-002
    0.000000    0.000000    0.373333    3.875667   4.2793104614E-002
    0.000000    0.000000    0.375667    3.878000   4.3275141284E-002
    0.000000    0.000000    0.378000    3.880333   4.3757040750E-002
    0.000000    0.000000    0.380333    3.882667   4.4238819662E-002
    0.000000    0.000000    0.382667    3.885000   4.4720494848E-002
    0.000000    0.000000    0.385000    3.887333   4.5202083306E-002
    0.000000    0.000000    0.387333    3.889667   4.5683602198E-002
    0.000000    0.000000    0.389667    3.892000   4.6165068841E-002
    0.000000    0.000000    0.392000    3.894333   4.6646500697E-002
    0.000000    0.000000    0.394333    3.896667   4.7127915365E-002
    0.000000    0.000000    0.396667    3.899000   4.7609330577E-002
    0.000000    0.000000    0.399000    3.901333   4.8090764189E-002
    0.000000    0.000000    0.401333    3.903667   4.8572234171E-002
    0.000000    0.000000    0.403667    3.906000   4.9053758603E-002
    0.000000    0.000000    0.406000    3.908333   4.9535355669E-002
    0.000000    0.000000    0.408333    3.910667   5.0017043646E-002
    0.000000    0.000000    0.410667    3.913000   5.0498840904E-002
    0.000000    0.000000    0.413000    3.915333   5.0980765894E-002
    0.000000    0.000000    0.415333    3.917667   5.1462837145E-002
    0.000000    0.000000    0.417667    3.920000   5.1945073259E-002
    0.000000    0.000000    0.420000    3.922333   5.2427492904E-002
    0.000000    0.000000    0.422333    3.924667   5.2910114808E-002
    0.000000    0.000000    0.424667    3.927000   5.3392957756E-002
    0.000000    0.000000    0.427000    3.929333   5.3876040586E-002
    0.000000    0.000000    0.429333    3.931667   5.4359382178E-002
    0.000000    0.000000    0.431667    3.934000   5.4843001458E-002
    0.000000    0.000000    0.434000    3.936333   5.5326917389E-002
    0.000000    0.000000    0.436333    3.938667   5.5811148965E-002
    0.000000    0.000000    0.438667    3.941000   5.6295715213E-002
    0.000000    0.000000    0.441000    3.943333   5.6780635184E-002
    0.000000    0.000000    0.443333    3.945667   5.7265927952E-002
    0.000000    0.000000    0.445667    3.948000   5.7751612609E-002
    0.000000    0.000000    0.448000    3.950333   5.8237708265E-002
    0.000000    0.000000    0.450333    3.952667   5.8724234039E-002
    0.000000    0.000000    0.452667    3.955000   5.9211209064E-002
    0.000000    0.000000    0.455000    3.957333   5.9698652476E-002
    0.000000    0.000000    0.457333    3.959667   6.0186583418E-002
    0.000000    0.000000    0.459667    3.962000   6.0675021034E-002
    0.000000    0.000000    0.462000    3.964333   6.1163984467E-002
    0.000000    0.000000    0.464333    3.966667   6.1653492859E-002
    0.000000    0.000000    0.466667    3.969000   6.2143565345E-002
    0.000000    0.000000    0.469000    3.971333   6.2634221057E-002
    0.000000    0.000000    0.471333    3.973667   6.3125479115E-002
    0.000000    0.000000    0.473667    3.976000   6.3617358631E-002
    0.000000    0.000000    0.476000    3.978333   6.4109878705E-002
    0.000000    0.000000    0.478333    3.980667   6.4603058423E-002
    0.000000    0.000000    0.480667    3.983000   6.5096916858E-002
    0.000000    0.000000    0.483000    3.985333   6.5591473067E-002
    0.000000    0.000000    0.485333    3.987667   6.6086746090E-002
    0.000000    0.000000    0.487667    3.990000   6.6582754949E-002
    0.000000    0.000000    0.490000    3.992333   6.7079518647E-002
    0.000000    0.000000    0.492333    3.994667   6.7577056168E-002
    0.000000    0.000000    0.494667    3.997000   6.8075386474E-002
    0.000000    0.000000    0.497000    3.999333   6.8574528507E-002
    0.000000    0.000000    0.499333    4.001667   6.9074501186E-002
    0.000000    0.000000    0.501667    4.004000   6.9575323408E-002
    0.000000    0.000000    0.504000    4.006333   7.0077014047E-002
    0.000000    0.000000    0.506333    4.008667   7.0579591952E-002
    0.000000    0.000000    0.508667    4.011000   7.1083075949E-002
    0.000000    0.000000    0.511000    4.013333   7.1587484839E-002
    0.000000    0.000000    0.513333    4.015667   7.2092837397E-002
    0.000000    0.000000    0.515667    4.018000   7.2599152375E-002
    0.000000    0.000000    0.518000    4.020333   7.3106448498E-002
    0.000000    0.000000    0.520333    4.022667   7.3614744464E-002
    0.000000    0.000000    0.522667    4.025000   7.4124058946E-002
    0.000000    0.000000    0.525000    4.027333   7.4634410591E-002
    0.000000    0.000000    0.527333    4.029667   7.5145818019E-002
    0.000000    0.000000    0.529667    4.032000   7.5658299823E-002
    0.000000    0.000000    0.532000    4.034333   7.6171874569E-002
    0.000000    0.000000    0.534333    4.036667   7.6686560797E-002
    0.000000    0.000000    0.536667    4.039000   7.7202377019E-002
    0.000000    0.000000    0.539000    4.041333   7.7719341719E-002
    0.000000    0.000000    0.541333    4.043667   7.8237473354E-002
    0.000000    0.000000    0.543667    4.046000   7.8756790354E-002
    0.000000    0.000000    0.546000    4.048333   7.9277311120E-002
    0.000000    0.000000    0.548333    4.050667   7.9799054026E-002
    0.000000    0.000000    0.550667    4.053000   8.0322037417E-002
    0.000000    0.000000    0.553000    4.055333   8.0846279611E-002
    0.000000    0.000000    0.555333    4.057667   8.1371798896E-002
    0.000000    0.000000    0.557667    4.060000   8.1898613531E-002
    0.000000    0.000000    0.560000    4.062333   8.2426741747E-002
    0.000000    0.000000    0.562333    4.064667   8.2956201746E-002
    0.000000    0.000000    0.564667    4.067000   8.3487011701E-002
    0.000000    0.000000    0.567000    4.069333   8.4019189752E-002
    0.000000    0.000000    0.569333    4.071667   8.4552754012E-002
    0.000000    0.000000    0.571667    4.074000   8.5087722562E-002
    0.000000    0.000000    0.574000    4.076333   8.5624113454E-002
    0.000000    0.000000    0.576333    4.078667   8.6161944705E-002
    0.000000    0.000000    0.578667    4.081000   8.6701234305E-002
    0.000000    0.000000    0.581000    4.083333   8.7242000207E-002
    0.000000    0.000000    0.583333    4.085667   8.7784260335E-002
    0.000000    0.000000    0.585667    4.088000   8.8328032577E-002
    0.000000    0.000000    0.588000    4.090333   8.8873334788E-002
    0.000000    0.000000    0.590333    4.092667   8.9420184790E-002
    0.000000    0.000000    0.592667    4.095000   8.9968600367E-002
    0.000000    0.000000    0.595000    4.097333   9.0518599270E-002
    0.000000    0.000000    0.597333    4.099667   9.1070199210E-002
    0.000000    0.000000    0.599667    4.102000   9.1623417863E-002
    0.000000    0.000000    0.602000    4.104333   9.2178272865E-002
    0.000000    0.000000    0.604333    4.106667   9.2734781815E-002
    0.000000    0.000000    0.606667    4.109000   9.3292962270E-002
    0.000000    0.000000    0.609000    4.111333   9.3852831746E-002
    0.000000    0.000000    0.611333    4.113667   9.4414407718E-002
    0.000000    0.000000    0.613667    4.116000   9.4977707616E-002
    0.000000    0.000000    0.616000    4.118333   9.5542748828E-002
    0.000000    0.000000    0.618333    4.120667   9.6109548695E-002
    0.000000    0.000000    0.620667    4.123000   9.6678124511E-002
    0.000000    0.000000    0.623000    4.125333   9.7248493524E-002
    0.000000    0.000000    0.625333    4.127667   9.7820672932E-002
    0.000000    0.000000    0.627667    4.130000   9.8394679882E-002
    0.000000    0.000000    0.630000    4.132333   9.8970531470E-002
    0.000000    0.000000    0.632333    4.134667   9.9548244738E-002
    0.000000    0.000000    0.634667    4.137000   1.0012783667E-001
    0.000000    0.000000    0.637000    4.139333   1.0070932421E-001
    0.000000    0.000000    0.639333    4.141667   1.0129272422E-001
    0.000000    0.000000    0.641667    4.144000   1.0187805352E-001
    0.000000    0.000000    0.644000    4.146333   1.0246532886E-001
    0.000000    0.000000    0.646333    4.148667   1.0305456694E-001
    0.000000    0.000000    0.648667    4.151000   1.0364578438E-001
    0.000000    0.000000    0.651000    4.153333   1.0423899774E-001
    0.000000    0.000000    0.653333    4.155667   1.0483422353E-001
    0.000000    0.000000    0.655667    4.158000   1.0543147815E-001
    0.000000    0.000000    0.658000    4.160333   1.0603077797E-001
    0.000000    0.000000    0.660333    4.162667   1.0663213927E-001
    0.000000    0.000000    0.662667    4.165000   1.0723557824E-001
    0.000000    0.000000    0.665000    4.167333   1.0784111103E-001
    0.000000    0.000000    0.667333    4.169667   1.0844875367E-001
    0.000000    0.000000    0.669667    4.172000   1.0905852215E-001
    0.000000    0.000000    0.672000    4.174333   1.0967043233E-001
    0.000000    0.000000    0.674333    4.176667   1.1028450003E-001
    0.000000    0.000000    0.676667    4.179000   1.1090074096E-001
    0.000000    0.000000    0.679000    4.181333   1.1151917074E-001
    0.000000    0.000000    0.681333    4.183667   1.1213980491E-001
    0.000000    0.000000    0.683667    4.186000   1.1276265891E-001
    0.000000    0.000000    0.686000    4.188333   1.1338774808E-001
    0.000000    0.000000    0.688333    4.190667   1.1401508767E-001
    0.000000    0.000000    0.690667    4.193000   1.1464469283E-001
    0.000000    0.000000    0.693000    4.195333   1.1527657861E-001
    0.000000    0.000000    0.695333    4.197667   1.1591075995E-001
    0.000000    0.000000    0.697667    4.200000   1.1654725169E-001
    0.000000    0.000000    0.700000    4.202333   1.1718606855E-001
    0.000000    0.000000    0.702333    4.204667   1.1782722516E-001
    0.000000    0.000000    0.704667    4.207000   1.1847073603E-001
    0.000000    0.000000    0.707000    4.209333   1.1911661554E-001
    0.000000    0.000000    0.709333    4.211667   1.1976487797E-001
    0.000000    0.000000    0.711667    4.214000   1.2041553748E-001
    0.000000    0.000000    0.714000    4.216333   1.2106860810E-001
    0.000000    0.000000    0.716333    4.218667   1.2172410374E-001
    0.000000    0.000000    0.718667    4.221000   1.2238203821E-001
    0.000000    0.000000    0.721000    4.223333   1.2304242514E-001
    0.000000    0.000000    0.723333    4.225667   1.2370527809E-001
    0.000000    0.000000    0.725667    4.228000   1.2437061045E-001
    0.000000    0.000000    0.728000    4.230333   1.2503843549E-001
    0.000000    0.000000    0.730333    4.232667   1.2570876634E-001
    0.000000    0.000000    0.732667    4.235000   1.2638161601E-001
    0.000000    0.000000    0.735000    4.237333   1.2705699734E-001
    0.000000    0.000000    0.737333    4.239667   1.2773492308E-001
    0.000000    0.000000    0.739667    4.242000   1.2841540578E-001
    0.000000    0.000000    0.742000    4.244333   1.2909845789E-001
    0.000000    0.000000    0.744333    4.246667   1.2978409170E-001
    0.000000    0.000000    0.746667    4.249000   1.3047231936E-001
    0.000000    0.000000    0.749000    4.251333   1.3116315286E-001
    0.000000    0.000000    0.751333    4.253667   1.3185660405E-001
    0.000000    0.000000    0.753667    4.256000   1.3255268464E-001
    0.000000    0.000000    0.756000    4.258333   1.3325140616E-001
    0.000000    0.000000    0.758333    4.260667   1.3395278002E-001
    0.000000    0.000000    0.760667    4.263000   1.3465681747E-001
    0.000000    0.000000    0.763000    4.265333   1.3536352959E-001
    0.000000    0.000000    0.765333    4.267667   1.3607292732E-001
    0.000000    0.000000    0.767667    4.270000   1.3678502144E-001
    0.000000    0.000000    0.770000    4.272333   1.3749982258E-001
    0.000000    0.000000    0.772333    4.274667   1.3821734121E-001
    0.000000    0.000000    0.774667    4.277000   1.3893758764E-001
    0.000000    0.000000    0.777000    4.279333   1.3966057204E-001
    0.000000    0.000000    0.779333    4.281667   1.4038630441E-001
    0.000000    0.000000    0.781667    4.284000   1.4111479460E-001
    0.000000    0.000000    0.784000    4.286333   1.4184605231E-001
    0.000000    0.000000    0.786333    4.288667   1.4258008707E-001
    0.000000    0.000000    0.788667    4.291000   1.4331690827E-001
    0.000000    0.000000    0.791000    4.293333   1.4405652515E-001
    0.000000    0.000000    0.793333    4.295667   1.4479894679E-001
    0.000000    0.000000    0.795667    4.298000   1.4554418213E-001
    0.000000    0.000000    0.798000    4.300333   1.4629223995E-001
    0.000000    0.000000    0.800333    4.302667   1.4704312889E-001
    0.000000    0.000000    0.802667    4.305000   1.4779685745E-001
    0.000000    0.000000    0.805000    4.307333   1.4855343398E-001
    0.000000    0.000000    0.807333    4.309667   1.4931286669E-001
    0.000000    0.000000    0.809667    4.312000   1.5007516366E-001
    0.000000    0.000000    0.812000    4.314333   1.5084033283E-001
    0.000000    0.000000    0.814333    4.316667   1.5160838201E-001
    0.000000    0.000000    0.816667    4.319000   1.5237931888E-001
    0.000000    0.000000    0.819000    4.321333   1.5315315100E-001
    0.000000    0.000000    0.821333    4.323667   1.5392988580E-001
    0.000000    0.000000    0.823667    4.326000   1.5470953062E-001
    0.000000    0.000000    0.826000    4.328333   1.5549209265E-001
    0.000000    0.000000    0.828333    4.330667   1.5627757900E-001
    0.000000    0.000000    0.830667    4.333000   1.5706599668E-001
    0.000000    0.000000    0.833000    4.335333   1.5785735258E-001
    0.000000    0.000000    0.835333    4.337667   1.5865165353E-001
    0.000000    0.000000    0.837667    4.340000   1.5944890624E-001
    0.000000    0.000000    0.840000    4.342333   1.6024911737E-001
    0.000000    0.000000    0.842333    4.344667   1.6105229349E-001
    0.000000    0.000000    0.844667    4.347000   1.6185844112E-001
    0.000000    0.000000    0.847000    4.349333   1.6266756671E-001
    0.000000    0.000000    0.849333    4.351667   1.6347967666E-001
    0.000000    0.000000    0.851667    4.354000   1.6429477733E-001
    0.000000    0.000000    0.854000    4.356333   1.6511287505E-001
    0.000000    0.000000    0.856333    4.358667   1.6593397611E-001
    0.000000    0.000000    0.858667    4.361000   1.6675808680E-001
    0.000000    0.000000    0.861000    4.363333   1.6758521338E-001
    0.000000    0.000000    0.863333    4.365667   1.6841536213E-001
    0.000000    0.000000    0.865667    4.368000   1.6924853935E-001
    0.000000    0.000000    0.868000    4.370333   1.7008475133E-001
    0.000000    0.000000    0.870333    4.372667   1.7092400441E-001
    0.000000    0.000000    0.872667    4.375000   1.7176630498E-001
    0.000000    0.000000    0.875000    4.377333   1.7261165947E-001
    0.000000    0.000000    0.877333    4.379667   1.7346007439E-001
    0.000000    0.000000    0.879667    4.382000   1.7431155632E-001
    0.000000    0.000000    0.882000    4.384333   1.7516611193E-001
    0.000000    0.000000    0.884333    4.386667   1.7602374799E-001
    0.000000    0.000000    0.886667    4.389000   1.7688447141E-001
    0.000000    0.000000    0.889000    4.391333   1.7774828919E-001
    0.000000    0.000000    0.891333    4.393667   1.7861520850E-001
    0.000000    0.000000    0.893667    4.396000   1.7948523668E-001
    0.000000    0.000000    0.896000    4.398333   1.8035838120E-001
    0.000000    0.000000    0.898333    4.400667   1.8123464976E-001
    0.000000    0.000000    0.900667    4.403000   1.8211405023E-001
    0.000000    0.000000    0.903000    4.405333   1.8299659073E-001
    0.000000    0.000000    0.905333    4.407667   1.8388227957E-001
    0.000000    0.000000    0.907667    4.410000   1.8477112536E-001
    0.000000    0.000000    0.910000    4.412333   1.8566313692E-001
    0.000000    0.000000    0.912333    4.414667   1.8655832340E-001
    0.000000    0.000000    0.914667    4.417000   1.8745669422E-001
    0.000000    0.000000    0.917000    4.419333   1.8835825912E-001
    0.000000    0.000000    0.919333    4.421667   1.8926302818E-001
    0.000000    0.000000    0.921667    4.424000   1.9017101183E-001
    0.000000    0.000000    0.924000    4.426333   1.9108222086E-001
    0.000000    0.000000    0.926333    4.428667   1.9199666645E-001
    0.000000    0.000000    0.928667    4.431000   1.9291436018E-001
    0.000000    0.000000    0.931000    4.433333   1.9383531405E-001
    0.000000    0.000000    0.933333    4.435667   1.9475954052E-001
    0.000000    0.000000    0.935667    4.438000   1.9568705248E-001
    0.000000    0.000000    0.938000    4.440333   1.9661786331E-001
    0.000000    0.000000    0.940333    4.442667   1.9755198688E-001
    0.000000    0.000000    0.942667    4.445000   1.9848943758E-001
    0.000000    0.000000    0.945000    4.447333   1.9943023032E-001
    0.000000    0.000000    0.947333    4.449667   2.0037438058E-001
    0.000000    0.000000    0.949667    4.452000   2.0132190439E-001
    0.000000    0.000000    0.952000    4.454333   2.0227281838E-001
    0.000000    0.000000    0.954333    4.456667   2.0322713977E-001
    0.000000    0.000000    0.956667    4.459000   2.0418488641E-001
    0.000000    0.000000    0.959000    4.461333   2.0514607679E-001
    0.000000    0.000000    0.961333    4.463667   2.0611073006E-001
    0.000000    0.000000    0.963667    4.466000   2.0707886605E-001
    0.000000    0.000000    0.966000    4.468333   2.0805050527E-001
    0.000000    0.000000    0.968333    4.470667   2.0902566894E-001
    0.000000    0.000000    0.970667    4.473000   2.1000437902E-001
    0.000000    0.000000    0.973000    4.475333   2.1098665820E-001
    0.000000    0.000000    0.975333    4.477667   2.1197252992E-001
    0.000000    0.000000    0.977667    4.480000   2.1296201839E-001
    0.000000    0.000000    0.980000    4.482333   2.1395514863E-001
    0.000000    0.000000    0.982333    4.484667   2.1495194643E-001
    0.000000    0.000000    0.984667    4.487000   2.1595243840E-001
    0.000000    0.000000    0.987000    4.489333   2.1695665198E-001
    0.000000    0.000000    0.989333    4.491667   2.1796461544E-001
    0.000000    0.000000    0.991667    4.494000   2.1897635790E-001
    0.000000    0.000000    0.994000    4.496333   2.1999190934E-001
    0.000000    0.000000    0.996333    4.498667   2.2101130058E-001
    0.000000    0.000000    0.998667    4.501000   2.2203456334E-001
    0.000000    0.000000    1.001000    4.503333   2.2306173021E-001
    0.000000    0.000000    1.003333    4.505667   2.2409283466E-001
    0.000000    0.000000    1.005667    4.508000   2.2512791107E-001
    0.000000    0.000000    1.008000    4.510333   2.2616699469E-001
    0.000000    0.000000    1.010333    4.512667   2.2721012167E-001
    0.000000    0.000000    1.012667    4.515000   2.2825732907E-001
    0.000000    0.000000    1.015000    4.517333   2.2930865483E-001
    0.000000    0.000000    1.017333    4.519667   2.3036413780E-001
    0.000000    0.000000    1.019667    4.522000   2.3142381772E-001
    0.000000    0.000000    1.022000    4.524333   2.3248773520E-001
    0.000000    0.000000    1.024333    4.526667   2.3355593175E-001
    0.000000    0.000000    1.026667    4.529000   2.3462844974E-001
    0.000000    0.000000    1.029000    4.531333   2.3570533240E-001
    0.000000    0.000000    1.031333    4.533667   2.3678662382E-001
    0.000000    0.000000    1.033667    4.536000   2.3787236892E-001
    0.000000    0.000000    1.036000    4.538333   2.3896261345E-001
    0.000000    0.000000    1.038333    4.540667   2.4005740396E-001
    0.000000    0.000000    1.040667    4.543000   2.4115678779E-001
    0.000000    0.000000    1.043000    4.545333   2.4226081302E-001
    0.000000    0.000000    1.045333    4.547667   2.4336952850E-001
    0.000000    0.000000    1.047667    4.550000   2.4448298378E-001
    0.000000    0.000000    1.050000    4.552333   2.4560122911E-001
    0.000000    0.000000    1.052333    4.554667   2.4672431538E-001
    0.000000    0.000000    1.054667    4.557000   2.4785229411E-001
    0.000000    0.000000    1.057000    4.559333   2.4898521741E-001
    0.000000    0.000000    1.059333    4.561667   2.5012313794E-001
    0.000000    0.000000    1.061667    4.564000   2.5126610889E-001
    0.000000    0.000000    1.064000    4.566333   2.5241418389E-001
    0.000000    0.000000    1.066333    4.568667   2.5356741702E-001
    0.000000    0.000000    1.068667    4.571000   2.5472586271E-001
    0.000000    0.000000    1.071000    4.573333   2.5588957576E-001
    0.000000    0.000000    1.073333    4.575667   2.5705861121E-001
    0.000000    0.000000    1.075667    4.578000   2.5823302432E-001
    0.000000    0.000000    1.078000    4.580333   2.5941287054E-001
    0.000000    0.000000    1.080333    4.582667   2.6059820539E-001
    0.000000    0.000000    1.082667    4.585000   2.6178908444E-001
    0.000000    0.000000    1.085000    4.587333   2.6298556323E-001
    0.000000    0.000000    1.087333    4.589667   2.6418769721E-001
    0.000000    0.000000    1.089667    4.592000   2.6539554163E-001
    0.000000    0.000000    1.092000    4.594333   2.6660915154E-001
    0.000000    0.000000    1.094333    4.596667   2.6782858161E-001
    0.000000    0.000000    1.096667    4.599000   2.6905388616E-001
    0.000000    0.000000    1.099000    4.601333   2.7028511900E-001
    0.000000    0.000000    1.101333    4.603667   2.7152233335E-001
    0.000000    0.000000    1.103667    4.606000   2.7276558180E-001
    0.000000    0.000000    1.106000    4.608333   2.7401491616E-001
    0.000000    0.000000    1.108333    4.610667   2.7527038742E-001
    0.000000    0.000000    1.110667    4.613000   2.7653204560E-001
    0.000000    0.000000    1.113000    4.615333   2.7779993970E-001
    0.000000    0.000000    1.115333    4.617667   2.7907411754E-001
    0.000000    0.000000    1.117667    4.620000   2.8035462573E-001
    0.000000    0.000000    1.120000    4.622333   2.8164150949E-001
    0.000000    0.000000    1.122333    4.624667   2.8293481260E-001
    0.000000    0.000000    1.124667    4.627000   2.8423457726E-001
    0.000000    0.000000    1.127000    4.629333   2.8554084395E-001
    0.000000    0.000000    1.129333    4.631667   2.8685365139E-001
    0.000000    0.000000    1.131667    4.634000   2.8817303633E-001
    0.000000    0.000000    1.134000    4.636333   2.8949903353E-001
    0.000000    0.000000    1.136333    4.638667   2.9083167554E-001
    0.000000    0.000000    1.138667    4.641000   2.9217099265E-001
    0.000000    0.000000    1.141000    4.643333   2.9351701276E-001
    0.000000    0.000000    1.143333    4.645667   2.9486976121E-001
    0.000000    0.000000    1.145667    4.648000   2.9622926070E-001
    0.000000    0.000000    1.148000    4.650333   2.9759553115E-001
    0.000000    0.000000    1.150333    4.652667   2.9896858960E-001
    0.000000    0.000000    1.152667    4.655000   3.0034845003E-001
    0.000000    0.000000    1.155000    4.657333   3.0173512330E-001
    0.000000    0.000000    1.157333    4.659667   3.0312861698E-001
    0.000000    0.000000    1.159667    4.662000   3.0452893527E-001
    0.000000    0.000000    1.162000    4.664333   3.0593607884E-001
    0.000000    0.000000    1.164333    4.666667   3.0735004475E-001
    0.000000    0.000000    1.166667    4.669000   3.0877082632E-001
    0.000000    0.000000    1.169000    4.671333   3.1019841304E-001
    0.000000    0.000000    1.171333    4.673667   3.1163279042E-001
    0.000000    0.000000    1.173667    4.676000   3.1307393995E-001
    0.000000    0.000000    1.176000    4.678333   3.1452183899E-001
    0.000000    0.000000    1.178333    4.680667   3.1597646066E-001
    0.000000    0.000000    1.180667    4.683000   3.1743777379E-001
    0.000000    0.000000    1.183000    4.685333   3.1890574285E-001
    0.000000    0.000000    1.185333    4.687667   3.2038032789E-001
    0.000000    0.000000    1.187667    4.690000   3.2186148449E-001
    0.000000    0.000000    1.190000    4.692333   3.2334916374E-001
    0.000000    0.000000    1.192333    4.694667   3.2484331222E-001
    0.000000    0.000000    1.194667    4.697000   3.2634387200E-001
    0.000000    0.000000    1.197000    4.699333   3.2785078064E-001
    0.000000    0.000000    1.199333    4.701667   3.2936397126E-001
    0.000000    0.000000    1.201667    4.704000   3.3088337256E-001
    0.000000    0.000000    1.204000    4.706333   3.3240890895E-001
    0.000000    0.000000    1.206333    4.708667   3.3394050059E-001
    0.000000    0.000000    1.208667    4.711000   3.3547806359E-001
    0.000000    0.000000    1.211000    4.713333   3.3702151015E-001
    0.000000    0.000000    1.213333    4.715667   3.3857074872E-001
    0.000000    0.000000    1.215667    4.718000   3.4012568429E-001
    0.000000    0.000000    1.218000    4.720333   3.4168621862E-001
    0.000000    0.000000    1.220333    4.722667   3.4325225055E-001
    0.000000    0.000000    1.222667    4.725000   3.4482367636E-001
    0.000000    0.000000    1.225000    4.727333   3.4640039014E-001
    0.000000    0.000000    1.227333    4.729667   3.4798228426E-001
    0.000000    0.000000    1.229667    4.732000   3.4956924982E-001
    0.000000    0.000000    1.232000    4.734333   3.5116117720E-001
    0.000000    0.000000    1.234333    4.736667   3.5275795669E-001
    0.000000    0.000000    1.236667    4.739000   3.5435947905E-001
    0.000000    0.000000    1.239000    4.741333   3.5596563631E-001
    0.000000    0.000000    1.241333    4.743667   3.5757632244E-001
    0.000000    0.000000    1.243667    4.746000   3.5919143424E-001
    0.000000    0.000000    1.246000    4.748333   3.6081087217E-001
    0.000000    0.000000    1.248333    4.750667   3.6243454132E-001
    0.000000    0.000000    1.250667    4.753000   3.6406235236E-001
    0.000000    0.000000    1.253000    4.755333   3.6569422268E-001
    0.000000    0.000000    1.255333    4.757667   3.6733007739E-001
    0.000000    0.000000    1.257667    4.760000   3.6896985059E-001
    0.000000    0.000000    1.260000    4.762333   3.7061348651E-001
    0.000000    0.000000    1.262333    4.764667   3.7226094083E-001
    0.000000    0.000000    1.264667    4.767000   3.7391218194E-001
    0.000000    0.000000    1.267000    4.769333   3.7556719230E-001
    0.000000    0.000000    1.269333    4.771667   3.7722596984E-001
    0.000000    0.000000    1.271667    4.774000   3.7888852928E-001
    0.000000    0.000000    1.274000    4.776333   3.8055490359E-001
    0.000000    0.000000    1.276333    4.778667   3.8222514537E-001
    0.000000    0.000000    1.278667    4.781000   3.8389932823E-001
    0.000000    0.000000    1.281000    4.783333   3.8557754815E-001
    0.000000    0.000000    1.283333    4.785667   3.8725992479E-001
    0.000000    0.000000    1.285667    4.788000   3.8894660278E-001
    0.000000    0.000000    1.288000    4.790333   3.9063775286E-001
    0.000000    0.000000    1.290333    4.792667   3.9233357302E-001
    0.000000    0.000000    1.292667    4.795000   3.9403428942E-001
    0.000000    0.000000    1.295000    4.797333   3.9574015727E-001
    0.000000    0.000000    1.297333    4.799667   3.9745146148E-001
    0.000000    0.000000    1.299667    4.802000   3.9916851717E-001
    0.000000    0.000000    1.302000    4.804333   4.0089166998E-001
    0.000000    0.000000    1.304333    4.806667   4.0262129608E-001
    0.000000    0.000000    1.306667    4.809000   4.0435780200E-001
    0.000000    0.000000    1.309000    4.811333   4.0610162417E-001
    0.000000    0.000000    1.311333    4.813667   4.0785322811E-001
    0.000000    0.000000    1.313667    4.816000   4.0961310729E-001
    0.000000    0.000000    1.316000    4.818333   4.1138178169E-001
    0.000000    0.000000    1.318333    4.820667   4.1315979594E-001
    0.000000    0.000000    1.320667    4.823000   4.1494771706E-001
    0.000000    0.000000    1.323000    4.825333   4.1674613176E-001
    0.000000    0.000000    1.325333    4.827667   4.1855564336E-001
    0.000000    0.000000    1.327667    4.830000   4.2037686823E-001
    0.000000    0.000000    1.330000    4.832333   4.2221043169E-001
    0.000000    0.000000    1.332333    4.834667   4.2405696360E-001
    0.000000    0.000000    1.334667    4.837000   4.2591709328E-001
    0.000000    0.000000    1.337000    4.839333   4.2779144412E-001
    0.000000    0.000000    1.339333    4.841667   4.2968062759E-001
    0.000000    0.000000    1.341667    4.844000   4.3158523687E-001
    0.000000    0.000000    1.344000    4.846333   4.3350583996E-001
    0.000000    0.000000    1.346333    4.848667   4.3544297243E-001
    0.000000    0.000000    1.348667    4.851000   4.3739712970E-001
    0.000000    0.000000    1.351000    4.853333   4.3936875895E-001
    0.000000    0.000000    1.353333    4.855667   4.4135825081E-001
    0.000000    0.000000    1.355667    4.858000   4.4336593056E-001
    0.000000    0.000000    1.358000    4.860333   4.4539204926E-001
    0.000000    0.000000    1.360333    4.862667   4.4743677466E-001
    0.000000    0.000000    1.362667    4.865000   4.4950018188E-001
    0.000000    0.000000    1.365000    4.867333   4.5158224423E-001
    0.000000    0.000000    1.367333    4.869667   4.5368282390E-001
    0.000000    0.000000    1.369667    4.872000   4.5580166279E-001
    0.000000    0.000000    1.372000    4.874333   4.5793837360E-001
    0.000000    0.000000    1.374333    4.876667   4.6009243109E-001
    0.000000    0.000000    1.376667    4.879000   4.6226316379E-001
    0.000000    0.000000    1.379000    4.881333   4.6444974612E-001
    0.000000    0.000000    1.381333    4.883667   4.6665119111E-001
    0.000000    0.000000    1.383667    4.886000   4.6886634371E-001
    0.000000    0.000000    1.386000    4.888333   4.7109387492E-001
    0.000000    0.000000    1.388333    4.890667   4.7333227674E-001
    0.000000    0.000000    1.390667    4.893000   4.7557985798E-001
    0.000000    0.000000    1.393000    4.895333   4.7783474123E-001
    0.000000    0.000000    1.395333    4.897667   4.8009486082E-001
    0.000000    0.000000    1.397667    4.900000   4.8235796201E-001
    0.000000    0.000000    1.400000    4.902333   4.8462160144E-001
    0.000000    0.000000    1.402333    4.904667   4.8688314887E-001
    0.000000    0.000000    1.404667    4.907000   4.8913979031E-001
    0.000000    0.000000    1.407000    4.909333   4.9138853256E-001
    0.000000    0.000000    1.409333    4.911667   4.9362620919E-001
    0.000000    0.000000    1.411667    4.914000   4.9584948792E-001
    0.000000    0.000000    1.414000    4.916333   4.9805487962E-001
    0.000000    0.000000    1.416333    4.918667   5.0023874859E-001
    0.000000    0.000000    1.418667    4.921000   5.0239732437E-001
    0.000000    0.000000    1.421000    4.923333   5.0452671499E-001
    0.000000    0.000000    1.423333    4.925667   5.0662292146E-001
    0.000000    0.000000    1.425667    4.928000   5.0868185364E-001
    0.000000    0.000000    1.428000    4.930333   5.1069934726E-001
    0.000000    0.000000    1.430333    4.932667   5.1267118209E-001
    0.000000    0.000000    1.432667    4.935000   5.1459310110E-001
    0.000000    0.000000    1.435000    4.937333   5.1646083047E-001
    0.000000    0.000000    1.437333    4.939667   5.1827010042E-001
    0.000000    0.000000    1.439667    4.942000   5.2001666660E-001
    0.000000    0.000000    1.442000    4.944333   5.2169633192E-001
    0.000000    0.000000    1.444333    4.946667   5.2330496876E-001
    0.000000    0.000000    1.446667    4.949000   5.2483854122E-001
    0.000000    0.000000    1.449000    4.951333   5.2629312732E-001
    0.000000    0.000000    1.451333    4.953667   5.2766494109E-001
    0.000000    0.000000    1.453667    4.956000   5.2895035412E-001
    0.000000    0.000000    1.456000    4.958333   5.3014591659E-001
    0.000000    0.000000    1.458333    4.960667   5.3124837758E-001
    0.000000    0.000000    1.460667    4.963000   5.3225470440E-001
    0.000000    0.000000    1.463000    4.965333   5.3316210083E-001
    0.000000    0.000000    1.465333    4.967667   5.3396802410E-001
    0.000000    0.000000    1.467667    4.970000   5.3467020053E-001
    0.000000    0.000000    1.470000    4.972333   5.3526663954E-001
    0.000000    0.000000    1.472333    4.974667   5.3575564605E-001
    0.000000    0.000000    1.474667    4.977000   5.3613583108E-001
    0.000000    0.000000    1.477000    4.979333   5.3640612047E-001
    0.000000    0.000000    1.479333    4.981667   5.3656576167E-001
    0.000000    0.000000    1.481667    4.984000   5.3661432850E-001
    0.000000    0.000000    1.484000    4.986333   5.3655172381E-001
    0.000000    0.000000    1.486333    4.988667   5.3637818018E-001
    0.000000    0.000000    1.488667    4.991000   5.3609425835E-001
    0.000000    0.000000    1.491000    4.993333   5.3570084373E-001
    0.000000    0.000000    1.493333    4.995667   5.3519914082E-001
    0.000000    0.000000    1.495667    4.998000   5.3459066557E-001
    0.000000    0.000000    1.498000    5.000333   5.3387723591E-001
    0.000000    0.000000    1.500333    5.002667   5.3306096038E-001
    0.000000    0.000000    1.502667    5.005000   5.3214422510E-001
    0.000000    0.000000    1.505000    5.007333   5.3112967899E-001
    0.000000    0.000000    1.507333    5.009667   5.3002021766E-001
    0.000000    0.000000    1.509667    5.012000   5.2881896584E-001
    0.000000    0.000000    1.512000    5.014333   5.2752925868E-001
    0.000000    0.000000    1.514333    5.016667   5.2615462198E-001
    0.000000    0.000000    1.516667    5.019000   5.2469875162E-001
    0.000000    0.000000    1.519000    5.021333   5.2316549224E-001
    0.000000    0.000000    1.521333    5.023667   5.2155881545E-001
    0.000000    0.000000    1.523667    5.026000   5.1988279772E-001
    0.000000    0.000000    1.526000    5.028333   5.1814159809E-001
    0.000000    0.000000    1.528333    5.030667   5.1633943594E-001
    0.000000    0.000000    1.530667    5.033000   5.1448056890E-001
    0.000000    0.000000    1.533000    5.035333   5.1256927121E-001
    0.000000    0.000000    1.535333    5.037667   5.1060981249E-001
    0.000000    0.000000    1.537667    5.040000   5.0860643730E-001
    0.000000    0.000000    1.540000    5.042333   5.0656334541E-001
    0.000000    0.000000    1.542333    5.044667   5.0448467305E-001
    0.000000    0.000000    1.544667    5.047000   5.0237447518E-001
    0.000000    0.000000    1.547000    5.049333   5.0023670898E-001
    0.000000    0.000000    1.549333    5.051667   4.9807521850E-001
    0.000000    0.000000    1.551667    5.054000   4.9589372065E-001
    0.000000    0.000000    1.554000    5.056333   4.9369579261E-001
    0.000000    0.000000    1.556333    5.058667   4.9148486058E-001
    0.000000    0.000000    1.558667    5.061000   4.8926419002E-001
    0.000000    0.000000    1.561000    5.063333   4.8703687737E-001
    0.000000    0.000000    1.563333    5.065667   4.8480584321E-001
    0.000000    0.000000    1.565667    5.068000   4.8257382685E-001
    0.000000    0.000000    1.568000    5.070333   4.8034338243E-001
    0.000000    0.000000    1.570333    5.072667   4.7811687631E-001
    0.000000    0.000000    1.572667    5.075000   4.7589648592E-001
    0.000000    0.000000    1.575000    5.077333   4.7368419980E-001
    0.000000    0.000000    1.577333    5.079667   4.7148181891E-001
    0.000000    0.000000    1.579667    5.082000   4.6929095912E-001
    0.000000    0.000000    1.582000    5.084333   4.6711305474E-001
    0.000000    0.000000    1.584333    5.086667   4.6494936301E-001
    0.000000    0.000000    1.586667    5.089000   4.6280096956E-001
    0.000000    0.000000    1.589000    5.091333   4.6066879458E-001
    0.000000    0.000000    1.591333    5.093667   4.5855359981E-001
    0.000000    0.000000    1.593667    5.096000   4.5645599605E-001
    0.000000    0.000000    1.596000    5.098333   4.5437645122E-001
    0.000000    0.000000    1.598333    5.100667   4.5231529884E-001
    0.000000    0.000000    1.600667    5.103000   4.5027274688E-001
    0.000000    0.000000    1.603000    5.105333   4.4824888677E-001
    0.000000    0.000000    1.605333    5.107667   4.4624370263E-001
    0.000000    0.000000    1.607667    5.110000   4.4425708052E-001
    0.000000    0.000000    1.610000    5.112333   4.4228881775E-001
    0.000000    0.000000    1.612333    5.114667   4.4033863204E-001
    0.000000    0.000000    1.614667    5.117000   4.3840617057E-001
    0.000000    0.000000    1.617000    5.119333   4.3649101882E-001
    0.000000    0.000000    1.619333    5.121667   4.3459270917E-001
    0.000000    0.000000    1.621667    5.124000   4.3271072911E-001
    0.000000    0.000000    1.624000    5.126333   4.3084452924E-001
    0.000000    0.000000    1.626333    5.128667   4.2899353071E-001
    0.000000    0.000000    1.628667    5.131000   4.2715713241E-001
    0.000000    0.000000    1.631000    5.133333   4.2533471760E-001
    0.000000    0.000000    1.633333    5.135667   4.2352566014E-001
    0.000000    0.000000    1.635667    5.138000   4.2172933024E-001
    0.000000    0.000000    1.638000    5.140333   4.1994509970E-001
    0.000000    0.000000    1.640333    5.142667   4.1817234675E-001
    0.000000    0.000000    1.642667    5.145000   4.1641046032E-001
    0.000000    0.000000    1.645000    5.147333   4.1465884388E-001
    0.000000    0.000000    1.647333    5.149667   4.1291691885E-001
    0.000000    0.000000    1.649667    5.152000   4.1118412752E-001
    0.000000    0.000000    1.652000    5.154333   4.0945993553E-001
    0.000000    0.000000    1.654333    5.156667   4.0774383398E-001
    0.000000    0.000000    1.656667    5.159000   4.0603534115E-001
    0.000000    0.000000    1.659000    5.161333   4.0433400375E-001
    0.000000    0.000000    1.661333    5.163667   4.0263939799E-001
    0.000000    0.000000    1.663667    5.166000   4.0095113018E-001
    0.000000    0.000000    1.666000    5.168333   3.9926883710E-001
    0.000000    0.000000    1.668333    5.170667   3.9759218611E-001
    0.000000    0.000000    1.670667    5.173000   3.9592087498E-001
    0.000000    0.000000    1.673000    5.175333   3.9425463150E-001
    0.000000    0.000000    1.675333    5.177667   3.9259321294E-001
    0.000000    0.000000    1.677667    5.180000   3.9093640527E-001
    0.000000    0.000000    1.680000    5.182333   3.8928402227E-001
    0.000000    0.000000    1.682333    5.184667   3.8763590453E-001
    0.000000    0.000000    1.684667    5.187000   3.8599191828E-001
    0.000000    0.000000    1.687000    5.189333   3.8435195421E-001
    0.000000    0.000000    1.689333    5.191667   3.8271592618E-001
    0.000000    0.000000    1.691667    5.194000   3.8108376984E-001
    0.000000    0.000000    1.694000    5.196333   3.7945544133E-001
    0.000000    0.000000    1.696333    5.198667   3.7783091582E-001
    0.000000    0.000000    1.698667    5.201000   3.7621018615E-001
    0.000000    0.000000    1.701000    5.203333   3.7459326143E-001
    0.000000    0.000000    1.703333    5.205667   3.7298016563E-001
    0.000000    0.000000    1.705667    5.208000   3.7137093626E-001
    0.000000    0.000000    1.708000    5.210333   3.6976562302E-001
    0.000000    0.000000    1.710333    5.212667   3.6816428651E-001
    0.000000    0.000000    1.712667    5.215000   3.6656699699E-001
    0.000000    0.000000    1.715000    5.217333   3.6497383319E-001
    0.000000    0.000000    1.717333    5.219667   3.6338488116E-001
    0.000000    0.000000    1.719667    5.222000   3.6180023317E-001
    0.000000    0.000000    1.722000    5.224333   3.6021998670E-001
    0.000000    0.000000    1.724333    5.226667   3.5864424345E-001
    0.000000    0.000000    1.726667    5.229000   3.5707310845E-001
    0.000000    0.000000    1.729000    5.231333   3.5550668918E-001
    0.000000    0.000000    1.731333    5.233667   3.5394509477E-001
    0.000000    0.000000    1.733667    5.236000   3.5238843532E-001
    0.000000    0.000000    1.736000    5.238333   3.5083682115E-001
    0.000000    0.000000    1.738333    5.240667   3.4929036221E-001
    0.000000    0.000000    1.740667    5.243000   3.4774916754E-001
    0.000000    0.000000    1.743000    5.245333   3.4621334470E-001
    0.000000    0.000000    1.745333    5.247667   3.4468299934E-001
    0.000000    0.000000    1.747667    5.250000   3.4315823476E-001
    0.000000    0.000000    1.750000    5.252333   3.4163915156E-001
    0.000000    0.000000    1.752333    5.254667   3.4012584730E-001
    0.000000    0.000000    1.754667    5.257000   3.3861841620E-001
    0.000000    0.000000    1.757000    5.259333   3.3711694889E-001
    0.000000    0.000000    1.759333    5.261667   3.3562153222E-001
    0.000000    0.000000    1.761667    5.264000   3.3413224904E-001
    0.000000    0.000000    1.764000    5.266333   3.3264917807E-001
    0.000000    0.000000    1.766333    5.268667   3.3117239379E-001
    0.000000    0.000000    1.768667    5.271000   3.2970196632E-001
    0.000000    0.000000    1.771000    5.273333   3.2823796134E-001
    0.000000    0.000000    1.773333    5.275667   3.2678044007E-001
    0.000000    0.000000    1.775667    5.278000   3.2532945925E-001
    0.000000    0.000000    1.778000    5.280333   3.2388507107E-001
    0.000000    0.000000    1.780333    5.282667   3.2244732325E-001
    0.000000    0.000000    1.782667    5.285000   3.2101625901E-001
    0.000000    0.000000    1.785000    5.287333   3.1959191713E-001
    0.000000    0.000000    1.787333    5.289667   3.1817433199E-001
    0.000000    0.000000    1.789667    5.292000   3.1676353366E-001
    0.000000    0.000000    1.792000    5.294333   3.1535954791E-001
    0.000000    0.000000    1.794333    5.296667   3.1396239636E-001
    0.000000    0.000000    1.796667    5.299000   3.1257209650E-001
    0.000000    0.000000    1.799000    5.301333   3.1118866186E-001
    0.000000    0.000000    1.801333    5.303667   3.0981210202E-001
    0.000000    0.000000    1.803667    5.306000   3.0844242280E-001
    0.000000    0.000000    1.806000    5.308333   3.0707962632E-001
    0.000000    0.000000    1.808333    5.310667   3.0572371111E-001
    0.000000    0.000000    1.810667    5.313000   3.0437467228E-001
    0.000000    0.000000    1.813000    5.315333   3.0303250156E-001
    0.000000    0.000000    1.815333    5.317667   3.0169718749E-001
    0.000000    0.000000    1.817667    5.320000   3.0036871550E-001
    0.000000    0.000000    1.820000    5.322333   2.9904706806E-001
    0.000000    0.000000    1.822333    5.324667   2.9773222479E-001
    0.000000    0.000000    1.824667    5.327000   2.9642416258E-001
    0.000000    0.000000    1.827000    5.329333   2.9512285572E-001
    0.000000    0.000000    1.829333    5.331667   2.9382827603E-001
    0.000000    0.000000    1.831667    5.334000   2.9254039297E-001
    0.000000    0.000000    1.834000    5.336333   2.9125917379E-001
    0.000000    0.000000    1.836333    5.338667   2.8998458360E-001
    0.000000    0.000000    1.838667    5.341000   2.8871658554E-001
    0.000000    0.000000    1.841000    5.343333   2.8745514088E-001
    0.000000    0.000000    1.843333    5.345667   2.8620020911E-001
    0.000000    0.000000    1.845667    5.348000   2.8495174812E-001
    0.000000    0.000000    1.848000    5.350333   2.8370971422E-001
    0.000000    0.000000    1.850333    5.352667   2.8247406235E-001
    0.000000    0.000000    1.852667    5.355000   2.8124474611E-001
    0.000000    0.000000    1.855000    5.357333   2.8002171791E-001
    0.000000    0.000000    1.857333    5.359667   2.7880492905E-001
    0.000000    0.000000    1.859667    5.362000   2.7759432983E-001
    0.000000    0.000000    1.862000    5.364333   2.7638986965E-001
    0.000000    0.000000    1.864333    5.366667   2.7519149710E-001
    0.000000    0.000000    1.866667    5.369000   2.7399916008E-001
    0.000000    0.000000    1.869000    5.371333   2.7281280583E-001
    0.000000    0.000000    1.871333    5.373667   2.7163238108E-001
    0.000000    0.000000    1.873667    5.376000   2.7045783210E-001
    0.000000    0.000000    1.876000    5.378333   2.6928910480E-001
    0.000000    0.000000    1.878333    5.380667   2.6812614479E-001
    0.000000    0.000000    1.880667    5.383000   2.6696889748E-001
    0.000000    0.000000    1.883000    5.385333   2.6581730813E-001
    0.000000    0.000000    1.885333    5.387667   2.6467132194E-001
    0.000000    0.000000    1.887667    5.390000   2.6353088410E-001
    0.000000    0.000000    1.890000    5.392333   2.6239593987E-001
    0.000000    0.000000    1.892333    5.394667   2.6126643465E-001
    0.000000    0.000000    1.894667    5.397000   2.6014231402E-001
    0.000000    0.000000    1.897000    5.399333   2.5902352379E-001
    0.000000    0.000000    1.899333    5.401667   2.5791001009E-001
    0.000000    0.000000    1.901667    5.404000   2.5680171939E-001
    0.000000    0.000000    1.904000    5.406333   2.5569859857E-001
    0.000000    0.000000    1.906333    5.408667   2.5460059494E-001
    0.000000    0.000000    1.908667    5.411000   2.5350765631E-001
    0.000000    0.000000    1.911000    5.413333   2.5241973102E-001
    0.000000    0.000000    1.913333    5.415667   2.5133676799E-001
    0.000000    0.000000    1.915667    5.418000   2.5025871673E-001
    0.000000    0.000000    1.918000    5.420333   2.4918552739E-001
    0.000000    0.000000    1.920333    5.422667   2.4811715081E-001
    0.000000    0.000000    1.922667    5.425000   2.4705353852E-001
    0.000000    0.000000    1.925000    5.427333   2.4599464277E-001
    0.000000    0.000000    1.927333    5.429667   2.4494041658E-001
    0.000000    0.000000    1.929667    5.432000   2.4389081374E-001
    0.000000    0.000000    1.932000    5.434333   2.4284578882E-001
    0.000000    0.000000    1.934333    5.436667   2.4180529723E-001
    0.000000    0.000000    1.936667    5.439000   2.4076929519E-001
    0.000000    0.000000    1.939000    5.441333   2.3973773978E-001
    0.000000    0.000000    1.941333    5.443667   2.3871058894E-001
    0.000000    0.000000    1.943667    5.446000   2.3768780147E-001
    0.000000    0.000000    1.946000    5.448333   2.3666933705E-001
    0.000000    0.000000    1.948333    5.450667   2.3565515626E-001
    0.000000    0.000000    1.950667    5.453000   2.3464522055E-001
    0.000000    0.000000    1.953000    5.455333   2.3363949227E-001
    0.000000    0.000000    1.955333    5.457667   2.3263793470E-001
    0.000000    0.000000    1.957667    5.460000   2.3164051198E-001
    0.000000    0.000000    1.960000    5.462333   2.3064718918E-001
    0.000000    0.000000    1.962333    5.464667   2.2965793224E-001
    0.000000    0.000000    1.964667    5.467000   2.2867270803E-001
    0.000000    0.000000    1.967000    5.469333   2.2769148430E-001
    0.000000    0.000000    1.969333    5.471667   2.2671422966E-001
    0.000000    0.000000    1.971667    5.474000   2.2574091365E-001
    0.000000    0.000000    1.974000    5.476333   2.2477150665E-001
    0.000000    0.000000    1.976333    5.478667   2.2380597992E-001
    0.000000    0.000000    1.978667    5.481000   2.2284430556E-001
    0.000000    0.000000    1.981000    5.483333   2.2188645654E-001
    0.000000    0.000000    1.983333    5.485667   2.2093240664E-001
    0.000000    0.000000    1.985667    5.488000   2.1998213050E-001
    0.000000    0.000000    1.988000    5.490333   2.1903560354E-001
    0.000000    0.000000    1.990333    5.492667   2.1809280198E-001
    0.000000    0.000000    1.992667    5.495000   2.1715370285E-001
    0.000000    0.000000    1.995000    5.497333   2.1621828392E-001
    0.000000    0.000000    1.997333    5.499667   2.1528652374E-001
    0.000000    0.000000    1.999667    5.502000   2.1435840159E-001
    0.000000    0.000000    2.002000    5.504333   2.1343389747E-001
    0.000000    0.000000    2.004333    5.506667   2.1251299210E-001
    0.000000    0.000000    2.006667    5.509000   2.1159566689E-001
    0.000000    0.000000    2.009000    5.511333   2.1068190391E-001
    0.000000    0.000000    2.011333    5.513667   2.0977168590E-001
    0.000000    0.000000    2.013667    5.516000   2.0886499624E-001
    0.000000    0.000000    2.016000    5.518333   2.0796181894E-001
    0.000000    0.000000    2.018333    5.520667   2.0706213861E-001
    0.000000    0.000000    2.020667    5.523000   2.0616594042E-001
    0.000000    0.000000    2.023000    5.525333   2.0527321016E-001
    0.000000    0.000000    2.025333    5.527667   2.0438393413E-001
    0.000000    0.000000    2.027667    5.530000   2.0349809918E-001
    0.000000    0.000000    2.030000    5.532333   2.0261569266E-001
    0.000000    0.000000    2.032333    5.534667   2.0173670245E-001
    0.000000    0.000000    2.034667    5.537000   2.0086111686E-001
    0.000000    0.000000    2.037000    5.539333   1.9998892470E-001
    0.000000    0.000000    2.039333    5.541667   1.9912011520E-001
    0.000000    0.000000    2.041667    5.544000   1.9825467802E-001
    0.000000    0.000000    2.044000    5.546333   1.9739260323E-001
    0.000000    0.000000    2.046333    5.548667   1.9653388129E-001
    0.000000    0.000000    2.048667    5.551000   1.9567850301E-001
    0.000000    0.000000    2.051000    5.553333   1.9482645957E-001
    0.000000    0.000000    2.053333    5.555667   1.9397774250E-001
    0.000000    0.000000    2.055667    5.558000   1.9313234363E-001
    0.000000    0.000000    2.058000    5.560333   1.9229025510E-001
    0.000000    0.000000    2.060333    5.562667   1.9145146932E-001
    0.000000    0.000000    2.062667    5.565000   1.9061597900E-001
    0.000000    0.000000    2.065000    5.567333   1.8978377709E-001
    0.000000    0.000000    2.067333    5.569667   1.8895485677E-001
    0.000000    0.000000    2.069667    5.572000   1.8812921146E-001
    0.000000    0.000000    2.072000    5.574333   1.8730683478E-001
    0.000000    0.000000    2.074333    5.576667   1.8648772054E-001
    0.000000    0.000000    2.076667    5.579000   1.8567186275E-001
    0.000000    0.000000    2.079000    5.581333   1.8485925555E-001
    0.000000    0.000000    2.081333    5.583667   1.8404989327E-001
    0.000000    0.000000    2.083667    5.586000   1.8324377036E-001
    0.000000    0.000000    2.086000    5.588333   1.8244088139E-001
    0.000000    0.000000    2.088333    5.590667   1.8164122106E-001
    0.000000    0.000000    2.090667    5.593000   1.8084478415E-001
    0.000000    0.000000    2.093000    5.595333   1.8005156556E-001
    0.000000    0.000000    2.095333    5.597667   1.7926156023E-001
    0.000000    0.000000    2.097667    5.600000   1.7847476318E-001
    0.000000    0.000000    2.100000    5.602333   1.7769116951E-001
    0.000000    0.000000    2.102333    5.604667   1.7691077433E-001
    0.000000    0.000000    2.104667    5.607000   1.7613357281E-001
    0.000000    0.000000    2.107000    5.609333   1.7535956012E-001
    0.000000    0.000000    2.109333    5.611667   1.7458873146E-001
    0.000000    0.000000    2.111667    5.614000   1.7382108204E-001
    0.000000    0.000000    2.114000    5.616333   1.7305660706E-001
    0.000000    0.000000    2.116333    5.618667   1.7229530171E-001
    0.000000    0.000000    2.118667    5.621000   1.7153716116E-001
    0.000000    0.000000    2.121000    5.623333   1.7078218056E-001
    0.000000    0.000000    2.123333    5.625667   1.7003035502E-001
    0.000000    0.000000    2.125667    5.628000   1.6928167961E-001
    0.000000    0.000000    2.128000    5.630333   1.6853614935E-001
    0.000000    0.000000    2.130333    5.632667   1.6779375920E-001
    0.000000    0.000000    2.132667    5.635000   1.6705450408E-001
    0.000000    0.000000    2.135000    5.637333   1.6631837883E-001
    0.000000    0.000000    2.137333    5.639667   1.6558537821E-001
    0.000000    0.000000    2.139667    5.642000   1.6485549692E-001
    0.000000    0.000000    2.142000    5.644333   1.6412872957E-001
    0.000000    0.000000    2.144333    5.646667   1.6340507068E-001
    0.000000    0.000000    2.146667    5.649000   1.6268451469E-001
    0.000000    0.000000    2.149000    5.651333   1.6196705593E-001
    0.000000    0.000000    2.151333    5.653667   1.6125268866E-001
    0.000000    0.000000    2.153667    5.656000   1.6054140700E-001
    0.000000    0.000000    2.156000    5.658333   1.5983320500E-001
    0.000000    0.000000    2.158333    5.660667   1.5912807658E-001
    0.000000    0.000000    2.160667    5.663000   1.5842601556E-001
    0.000000    0.000000    2.163000    5.665333   1.5772701564E-001
    0.000000    0.000000    2.165333    5.667667   1.5703107042E-001
    0.000000    0.000000    2.167667    5.670000   1.5633817337E-001
    0.000000    0.000000    2.170000    5.672333   1.5564831783E-001
    0.000000    0.000000    2.172333    5.674667   1.5496149705E-001
    0.000000    0.000000    2.174667    5.677000   1.5427770413E-001
    0.000000    0.000000    2.177000    5.679333   1.5359693206E-001
    0.000000    0.000000    2.179333    5.681667   1.5291917372E-001
    0.000000    0.000000    2.181667    5.684000   1.5224442184E-001
    0.000000    0.000000    2.184000    5.686333   1.5157266903E-001
    0.000000    0.000000    2.186333    5.688667   1.5090390780E-001
    0.000000    0.000000    2.188667    5.691000   1.5023813049E-001
    0.000000    0.000000    2.191000    5.693333   1.4957532937E-001
    0.000000    0.000000    2.193333    5.695667   1.4891549653E-001
    0.000000    0.000000    2.195667    5.698000   1.4825862397E-001
    0.000000    0.000000    2.198000    5.700333   1.4760470356E-001
    0.000000    0.000000    2.200333    5.702667   1.4695372704E-001
    0.000000    0.000000    2.202667    5.705000   1.4630568602E-001
    0.000000    0.000000    2.205000    5.707333   1.4566057199E-001
    0.000000    0.000000    2.207333    5.709667   1.4501837635E-001
    0.000000    0.000000    2.209667    5.712000   1.4437909033E-001
    0.000000    0.000000    2.212000    5.714333   1.4374270507E-001
    0.000000    0.000000    2.214333    5.716667   1.4310921158E-001
    0.000000    0.000000    2.216667    5.719000   1.4247860078E-001
    0.000000    0.000000    2.219000    5.721333   1.4185086344E-001
    0.000000    0.000000    2.221333    5.723667   1.4122599023E-001
    0.000000    0.000000    2.223667    5.726000   1.4060397171E-001
    0.000000    0.000000    2.226000    5.728333   1.3998479834E-001
    0.000000    0.000000    2.228333    5.730667   1.3936846045E-001
    0.000000    0.000000    2.230667    5.733000   1.3875494829E-001
    0.000000    0.000000    2.233000    5.735333   1.3814425197E-001
    0.000000    0.000000    2.235333    5.737667   1.3753636153E-001
    0.000000    0.000000    2.237667    5.740000   1.3693126691E-001
    0.000000    0.000000    2.240000    5.742333   1.3632895792E-001
    0.000000    0.000000    2.242333    5.744667   1.3572942431E-001
    0.000000    0.000000    2.244667    5.747000   1.3513265572E-001
    0.000000    0.000000    2.247000    5.749333   1.3453864170E-001
    0.000000    0.000000    2.249333    5.751667   1.3394737170E-001
    0.000000    0.000000    2.251667    5.754000   1.3335883512E-001
    0.000000    0.000000    2.254000    5.756333   1.3277302123E-001
    0.000000    0.000000    2.256333    5.758667   1.3218991926E-001
    0.000000    0.000000    2.258667    5.761000   1.3160951833E-001
    0.000000    0.000000    2.261000    5.763333   1.3103180749E-001
    0.000000    0.000000    2.263333    5.765667   1.3045677574E-001
    0.000000    0.000000    2.265667    5.768000   1.2988441197E-001
    0.000000    0.000000    2.268000    5.770333   1.2931470504E-001
    0.000000    0.000000    2.270333    5.772667   1.2874764371E-001
    0.000000    0.000000    2.272667    5.775000   1.2818321670E-001
    0.000000    0.000000    2.275000    5.777333   1.2762141266E-001
    0.000000    0.000000    2.277333    5.779667   1.2706222018E-001
    0.000000    0.000000    2.279667    5.782000   1.2650562779E-001
    0.000000    0.000000    2.282000    5.784333   1.2595162399E-001
    0.000000    0.000000    2.284333    5.786667   1.2540019720E-001
    0.000000    0.000000    2.286667    5.789000   1.2485133580E-001
    0.000000    0.000000    2.289000    5.791333   1.2430502815E-001
    0.000000    0.000000    2.291333    5.793667   1.2376126252E-001
    0.000000    0.000000    2.293667    5.796000   1.2322002719E-001
    0.000000    0.000000    2.296000    5.798333   1.2268131036E-001
    0.000000    0.000000    2.298333    5.800667   1.2214510022E-001
    0.000000    0.000000    2.300667    5.803000   1.2161138492E-001
    0.000000    0.000000    2.303000    5.805333   1.2108015258E-001
    0.000000    0.000000    2.305333    5.807667   1.2055139129E-001
    0.000000    0.000000    2.307667    5.810000   1.2002508912E-001
    0.000000    0.000000    2.310000    5.812333   1.1950123412E-001
    0.000000    0.000000    2.312333    5.814667   1.1897981431E-001
    0.000000    0.000000    2.314667    5.817000   1.1846081769E-001
    0.000000    0.000000    2.317000    5.819333   1.1794423226E-001
    0.000000    0.000000    2.319333    5.821667   1.1743004599E-001
    0.000000    0.000000    2.321667    5.824000   1.1691824685E-001
    0.000000    0.000000    2.324000    5.826333   1.1640882281E-001
    0.000000    0.000000    2.326333    5.828667   1.1590176180E-001
    0.000000    0.000000    2.328667    5.831000   1.1539705179E-001
    0.000000    0.000000    2.331000    5.833333   1.1489468071E-001
    0.000000    0.000000    2.333333    5.835667   1.1439463652E-001
    0.000000    0.000000    2.335667    5.838000   1.1389690715E-001
    0.000000    0.000000    2.338000    5.840333   1.1340148058E-001
    0.000000    0.000000    2.340333    5.842667   1.1290834475E-001
    0.000000    0.000000    2.342667    5.845000   1.1241748765E-001
    0.000000    0.000000    2.345000    5.847333   1.1192889724E-001
    0.000000    0.000000    2.347333    5.849667   1.1144256152E-001
    0.000000    0.000000    2.349667    5.852000   1.1095846850E-001
    0.000000    0.000000    2.352000    5.854333   1.1047660621E-001
    0.000000    0.000000    2.354333    5.856667   1.0999696269E-001
    0.000000    0.000000    2.356667    5.859000   1.0951952600E-001
    0.000000    0.000000    2.359000    5.861333   1.0904428424E-001
    0.000000    0.000000    2.361333    5.863667   1.0857122550E-001
    0.000000    0.000000    2.363667    5.866000   1.0810033792E-001
    0.000000    0.000000    2.366000    5.868333   1.0763160968E-001
    0.000000    0.000000    2.368333    5.870667   1.0716502896E-001
    0.000000    0.000000    2.370667    5.873000   1.0670058399E-001
    0.000000    0.000000    2.373000    5.875333   1.0623826302E-001
    0.000000    0.000000    2.375333    5.877667   1.0577805434E-001
    0.000000    0.000000    2.377667    5.880000   1.0531994628E-001
    0.000000    0.000000    2.380000    5.882333   1.0486392720E-001
    0.000000    0.000000    2.382333    5.884667   1.0440998550E-001
    0.000000    0.000000    2.384667    5.887000   1.0395810962E-001
    0.000000    0.000000    2.387000    5.889333   1.0350828805E-001
    0.000000    0.000000    2.389333    5.891667   1.0306050930E-001
    0.000000    0.000000    2.391667    5.894000   1.0261476195E-001
    0.000000    0.000000    2.394000    5.896333   1.0217103460E-001
    0.000000    0.000000    2.396333    5.898667   1.0172931592E-001
    0.000000    0.000000    2.398667    5.901000   1.0128959462E-001
    0.000000    0.000000    2.401000    5.903333   1.0085185945E-001
    0.000000    0.000000    2.403333    5.905667   1.0041609921E-001
    0.000000    0.000000    2.405667    5.908000   9.9982302758E-002
    0.000000    0.000000    2.408000    5.910333   9.9550459007E-002
    0.000000    0.000000    2.410333    5.912667   9.9120556916E-002
    0.000000    0.000000    2.412667    5.915000   9.8692585499E-002
    0.000000    0.000000    2.415000    5.917333   9.8266533825E-002
    0.000000    0.000000    2.417333    5.919667   9.7842391019E-002
    0.000000    0.000000    2.419667    5.922000   9.7420146264E-002
    0.000000    0.000000    2.422000    5.924333   9.6999788799E-002
    0.000000    0.000000    2.424333    5.926667   9.6581307920E-002
    0.000000    0.000000    2.426667    5.929000   9.6164692986E-002
    0.000000    0.000000    2.429000    5.931333   9.5749933411E-002
    0.000000    0.000000    2.431333    5.933667   9.5337018673E-002
    0.000000    0.000000    2.433667    5.936000   9.4925938310E-002
    0.000000    0.000000    2.436000    5.938333   9.4516681921E-002
    0.000000    0.000000    2.438333    5.940667   9.4109239170E-002
    0.000000    0.000000    2.440667    5.943000   9.3703599780E-002
    0.000000    0.000000    2.443000    5.945333   9.3299753542E-002
    0.000000    0.000000    2.445333    5.947667   9.2897690308E-002
    0.000000    0.000000    2.447667    5.950000   9.2497399996E-002
    0.000000    0.000000    2.450000    5.952333   9.2098872588E-002
    0.000000    0.000000    2.452333    5.954667   9.1702098133E-002
    0.000000    0.000000    2.454667    5.957000   9.1307066746E-002
    0.000000    0.000000    2.457000    5.959333   9.0913768605E-002
    0.000000    0.000000    2.459333    5.961667   9.0522193960E-002
    0.000000    0.000000    2.461667    5.964000   9.0132333124E-002
    0.000000    0.000000    2.464000    5.966333   8.9744176478E-002
    0.000000    0.000000    2.466333    5.968667   8.9357714472E-002
    0.000000    0.000000    2.468667    5.971000   8.8972937622E-002
    0.000000    0.000000    2.471000    5.973333   8.8589836515E-002
    0.000000    0.000000    2.473333    5.975667   8.8208401802E-002
    0.000000    0.000000    2.475667    5.978000   8.7828624207E-002
    0.000000    0.000000    2.478000    5.980333   8.7450494518E-002
    0.000000    0.000000    2.480333    5.982667   8.7074003597E-002
    0.000000    0.000000    2.482667    5.985000   8.6699142370E-002
    0.000000    0.000000    2.485000    5.987333   8.6325901834E-002
    0.000000    0.000000    2.487333    5.989667   8.5954273056E-002
    0.000000    0.000000    2.489667    5.992000   8.5584247170E-002
    0.000000    0.000000    2.492000    5.994333   8.5215815381E-002
    0.000000    0.000000    2.494333    5.996667   8.4848968961E-002
    0.000000    0.000000    2.496667    5.999000   8.4483699252E-002
    0.000000    0.000000    2.499000    6.001333   8.4119997667E-002
    0.000000    0.000000    2.501333    6.003667   8.3757855684E-002
    0.000000    0.000000    2.503667    6.006000   8.3397264853E-002
    0.000000    0.000000    2.506000    6.008333   8.3038216792E-002
    0.000000    0.000000    2.508333    6.010667   8.2680703186E-002
    0.000000    0.000000    2.510667    6.013000   8.2324715791E-002
    0.000000    0.000000    2.513000    6.015333   8.1970246429E-002
    0.000000    0.000000    2.515333    6.017667   8.1617286993E-002
    0.000000    0.000000    2.517667    6.020000   8.1265829440E-002
    0.000000    0.000000    2.520000    6.022333   8.0915865799E-002
    0.000000    0.000000    2.522333    6.024667   8.0567388164E-002
    0.000000    0.000000    2.524667    6.027000   8.0220388698E-002
    0.000000    0.000000    2.527000    6.029333   7.9874859628E-002
    0.000000    0.000000    2.529333    6.031667   7.9530793252E-002
    0.000000    0.000000    2.531667    6.034000   7.9188181932E-002
    0.000000    0.000000    2.534000    6.036333   7.8847018096E-002
    0.000000    0.000000    2.536333    6.038667   7.8507294240E-002
    0.000000    0.000000    2.538667    6.041000   7.8169002924E-002
    0.000000    0.000000    2.541000    6.043333   7.7832136773E-002
    0.000000    0.000000    2.543333    6.045667   7.7496688478E-002
    0.000000    0.000000    2.545667    6.048000   7.7162650795E-002
    0.000000    0.000000    2.548000    6.050333   7.6830016543E-002
    0.000000    0.000000    2.550333    6.052667   7.6498778606E-002
    0.000000    0.000000    2.552667    6.055000   7.6168929931E-002
    0.000000    0.000000    2.555000    6.057333   7.5840463528E-002
    0.000000    0.000000    2.557333    6.059667   7.5513372469E-002
    0.000000    0.000000    2.559667    6.062000   7.5187649890E-002
    0.000000    0.000000    2.562000    6.064333   7.4863288988E-002
    0.000000    0.000000    2.564333    6.066667   7.4540283022E-002
    0.000000    0.000000    2.566667    6.069000   7.4218625310E-002
    0.000000    0.000000    2.569000    6.071333   7.3898309232E-002
    0.000000    0.000000    2.571333    6.073667   7.3579328230E-002
    0.000000    0.000000    2.573667    6.076000   7.3261675802E-002
    0.000000    0.000000    2.576000    6.078333   7.2945345507E-002
    0.000000    0.000000    2.578333    6.080667   7.2630330963E-002
    0.000000    0.000000    2.580667    6.083000   7.2316625846E-002
    0.000000    0.000000    2.583000    6.085333   7.2004223889E-002
    0.000000    0.000000    2.585333    6.087667   7.1693118882E-002
    0.000000    0.000000    2.587667    6.090000   7.1383304673E-002
    0.000000    0.000000    2.590000    6.092333   7.1074775165E-002
    0.000000    0.000000    2.592333    6.094667   7.0767524318E-002
    0.000000    0.000000    2.594667    6.097000   7.0461546147E-002
    0.000000    0.000000    2.597000    6.099333   7.0156834719E-002
    0.000000    0.000000    2.599333    6.101667   6.9853384158E-002
    0.000000    0.000000    2.601667    6.104000   6.9551188642E-002
    0.000000    0.000000    2.604000    6.106333   6.9250242399E-002
    0.000000    0.000000    2.606333    6.108667   6.8950539712E-002
    0.000000    0.000000    2.608667    6.111000   6.8652074916E-002
    0.000000    0.000000    2.611000    6.113333   6.8354842396E-002
    0.000000    0.000000    2.613333    6.115667   6.8058836589E-002
    0.000000    0.000000    2.615667    6.118000   6.7764051981E-002
    0.000000    0.000000    2.618000    6.120333   6.7470483111E-002
    0.000000    0.000000    2.620333    6.122667   6.7178124563E-002
    0.000000    0.000000    2.622667    6.125000   6.6886970973E-002
    0.000000    0.000000    2.625000    6.127333   6.6597017023E-002
    0.000000    0.000000    2.627333    6.129667   6.6308257445E-002
    0.000000    0.000000    2.629667    6.132000   6.6020687015E-002
    0.000000    0.000000    2.632000    6.134333   6.5734300558E-002
    0.000000    0.000000    2.634333    6.136667   6.5449092944E-002
    0.000000    0.000000    2.636667    6.139000   6.5165059088E-002
    0.000000    0.000000    2.639000    6.141333   6.4882193951E-002
    0.000000    0.000000    2.641333    6.143667   6.4600492537E-002
    0.000000    0.000000    2.643667    6.146000   6.4319949895E-002
    0.000000    0.000000    2.646000    6.148333   6.4040561115E-002
    0.000000    0.000000    2.648333    6.150667   6.3762321332E-002
    0.000000    0.000000    2.650667    6.153000   6.3485225722E-002
    0.000000    0.000000    2.653000    6.155333   6.3209269502E-002
    0.000000    0.000000    2.655333    6.157667   6.2934447932E-002
    0.000000    0.000000    2.657667    6.160000   6.2660756309E-002
    0.000000    0.000000    2.660000    6.162333   6.2388189973E-002
    0.000000    0.000000    2.662333    6.164667   6.2116744301E-002
    0.000000    0.000000    2.664667    6.167000   6.1846414712E-002
    0.000000    0.000000    2.667000    6.169333   6.1577196659E-002
    0.000000    0.000000    2.669333    6.171667   6.1309085636E-002
    0.000000    0.000000    2.671667    6.174000   6.1042077173E-002
    0.000000    0.000000    2.674000    6.176333   6.0776166836E-002
    0.000000    0.000000    2.676333    6.178667   6.0511350228E-002
    0.000000    0.000000    2.678667    6.181000   6.0247622987E-002
    0.000000    0.000000    2.681000    6.183333   5.9984980786E-002
    0.000000    0.000000    2.683333    6.185667   5.9723419333E-002
    0.000000    0.000000    2.685667    6.188000   5.9462934371E-002
    0.000000    0.000000    2.688000    6.190333   5.9203521674E-002
    0.000000    0.000000    2.690333    6.192667   5.8945177050E-002
    0.000000    0.000000    2.692667    6.195000   5.8687896340E-002
    0.000000    0.000000    2.695000    6.197333   5.8431675417E-002
    0.000000    0.000000    2.697333    6.199667   5.8176510185E-002
    0.000000    0.000000    2.699667    6.202000   5.7922396579E-002
    0.000000    0.000000    2.702000    6.204333   5.7669330564E-002
    0.000000    0.000000    2.704333    6.206667   5.7417308136E-002
    0.000000    0.000000    2.706667    6.209000   5.7166325320E-002
    0.000000    0.000000    2.709000    6.211333   5.6916378169E-002
    0.000000    0.000000    2.711333    6.213667   5.6667462766E-002
    0.000000    0.000000    2.713667    6.216000   5.6419575221E-002
    0.000000    0.000000    2.716000    6.218333   5.6172711672E-002
    0.000000    0.000000    2.718333    6.220667   5.5926868286E-002
    0.000000    0.000000    2.720667    6.223000   5.5682041252E-002
    0.000000    0.000000    2.723000    6.225333   5.5438226790E-002
    0.000000    0.000000    2.725333    6.227667   5.5195421142E-002
    0.000000    0.000000    2.727667    6.230000   5.4953620579E-002
    0.000000    0.000000    2.730000    6.232333   5.4712821393E-002
    0.000000    0.000000    2.732333    6.234667   5.4473019903E-002
    0.000000    0.000000    2.734667    6.237000   5.4234212450E-002
    0.000000    0.000000    2.737000    6.239333   5.3996395402E-002
    0.000000    0.000000    2.739333    6.241667   5.3759565146E-002
    0.000000    0.000000    2.741667    6.244000   5.3523718095E-002
    0.000000    0.000000    2.744000    6.246333   5.3288850681E-002
    0.000000    0.000000    2.746333    6.248667   5.3054959361E-002
    0.000000    0.000000    2.748667    6.251000   5.2822040612E-002
    0.000000    0.000000    2.751000    6.253333   5.2590090932E-002
    0.000000    0.000000    2.753333    6.255667   5.2359106840E-002
    0.000000    0.000000    2.755667    6.258000   5.2129084875E-002
    0.000000    0.000000    2.758000    6.260333   5.1900021597E-002
    0.000000    0.000000    2.760333    6.262667   5.1671913584E-002
    0.000000    0.000000    2.762667    6.265000   5.1444757433E-002
    0.000000    0.000000    2.765000    6.267333   5.1218549762E-002
    0.000000    0.000000    2.767333    6.269667   5.0993287206E-002
    0.000000    0.000000    2.769667    6.272000   5.0768966417E-002
    0.000000    0.000000    2.772000    6.274333   5.0545584066E-002
    0.000000    0.000000    2.774333    6.276667   5.0323136842E-002
    0.000000    0.000000    2.776667    6.279000   5.0101621450E-002
    0.000000    0.000000    2.779000    6.281333   4.9881034611E-002
    0.000000    0.000000    2.781333    6.283667   4.9661373064E-002
    0.000000    0.000000    2.783667    6.286000   4.9442633563E-002
    0.000000    0.000000    2.786000    6.288333   4.9224812878E-002
    0.000000    0.000000    2.788333    6.290667   4.9007907795E-002
    0.000000    0.000000    2.790667    6.293000   4.8791915113E-002
    0.000000    0.000000    2.793000    6.295333   4.8576831648E-002
    0.000000    0.000000    2.795333    6.297667   4.8362654229E-002
    0.000000    0.000000    2.797667    6.300000   4.8149379701E-002
    0.000000    0.000000    2.800000    6.302333   4.7937004920E-002
    0.000000    0.000000    2.802333    6.304667   4.7725526759E-002
    0.000000    0.000000    2.804667    6.307000   4.7514942101E-002
    0.000000    0.000000    2.807000    6.309333   4.7305247845E-002
    0.000000    0.000000    2.809333    6.311667   4.7096440900E-002
    0.000000    0.000000    2.811667    6.314000   4.6888518190E-002
    0.000000    0.000000    2.814000    6.316333   4.6681476650E-002
    0.000000    0.000000    2.816333    6.318667   4.6475313225E-002
    0.000000    0.000000    2.818667    6.321000   4.6270024877E-002
    0.000000    0.000000    2.821000    6.323333   4.6065608573E-002
    0.000000    0.000000    2.823333    6.325667   4.5862061297E-002
    0.000000    0.000000    2.825667    6.328000   4.5659380040E-002
    0.000000    0.000000    2.828000    6.330333   4.5457561806E-002
    0.000000    0.000000    2.830333    6.332667   4.5256603608E-002
    0.000000    0.000000    2.832667    6.335000   4.5056502471E-002
    0.000000    0.000000    2.835000    6.337333   4.4857255428E-002
    0.000000    0.000000    2.837333    6.339667   4.4658859524E-002
    0.000000    0.000000    2.839667    6.342000   4.4461311812E-002
    0.000000    0.000000    2.842000    6.344333   4.4264609355E-002
    0.000000    0.000000    2.844333    6.346667   4.4068749227E-002
    0.000000    0.000000    2.846667    6.349000   4.3873728507E-002
    0.000000    0.000000    2.849000    6.351333   4.3679544288E-002
    0.000000    0.000000    2.851333    6.353667   4.3486193667E-002
    0.000000    0.000000    2.853667    6.356000   4.3293673753E-002
    0.000000    0.000000    2.856000    6.358333   4.3101981660E-002
    0.000000    0.000000    2.858333    6.360667   4.2911114514E-002
    0.000000    0.000000    2.860667    6.363000   4.2721069447E-002
    0.000000    0.000000    2.863000    6.365333   4.2531843597E-002
    0.000000    0.000000    2.865333    6.367667   4.2343434113E-002
    0.000000    0.000000    2.867667    6.370000   4.2155838150E-002
    0.000000    0.000000    2.870000    6.372333   4.1969052870E-002
    0.000000    0.000000    2.872333    6.374667   4.1783075442E-002
    0.000000    0.000000    2.874667    6.377000   4.1597903044E-002
    0.000000    0.000000    2.877000    6.379333   4.1413532858E-002
    0.000000    0.000000    2.879333    6.381667   4.1229962075E-002
    0.000000    0.000000    2.881667    6.384000   4.1047187892E-002
    0.000000    0.000000    2.884000    6.386333   4.0865207513E-002
    0.000000    0.000000    2.886333    6.388667   4.0684018147E-002
    0.000000    0.000000    2.888667    6.391000   4.0503617011E-002
    0.000000    0.000000    2.891000    6.393333   4.0324001326E-002
    0.000000    0.000000    2.893333    6.395667   4.0145168321E-002
    0.000000    0.000000    2.895667    6.398000   3.9967115231E-002
    0.000000    0.000000    2.898000    6.400333   3.9789839295E-002
    0.000000    0.000000    2.900333    6.402667   3.9613337759E-002
    0.000000    0.000000    2.902667    6.405000   3.9437607874E-002
    0.000000    0.000000    2.905000    6.407333   3.9262646898E-002
    0.000000    0.000000    2.907333    6.409667   3.9088452092E-002
    0.000000    0.000000    2.909667    6.412000   3.8915020725E-002
    0.000000    0.000000    2.912000    6.414333   3.8742350069E-002
    0.000000    0.000000    2.914333    6.416667   3.8570437402E-002
    0.000000    0.000000    2.916667    6.419000   3.8399280007E-002
    0.000000    0.000000    2.919000    6.421333   3.8228875173E-002
    0.000000    0.000000    2.921333    6.423667   3.8059220192E-002
    0.000000    0.000000    2.923667    6.426000   3.7890312362E-002
    0.000000    0.000000    2.926000    6.428333   3.7722148987E-002
    0.000000    0.000000    2.928333    6.430667   3.7554727373E-002
    0.000000    0.000000    2.930667    6.433000   3.7388044832E-002
    0.000000    0.000000    2.933000    6.435333   3.7222098681E-002
    0.000000    0.000000    2.935333    6.437667   3.7056886242E-002
    0.000000    0.000000    2.937667    6.440000   3.6892404839E-002
    0.000000    0.000000    2.940000    6.442333   3.6728651803E-002
    0.000000    0.000000    2.942333    6.444667   3.6565624469E-002
    0.000000    0.000000    2.944667    6.447000   3.6403320175E-002
    0.000000    0.000000    2.947000    6.449333   3.6241736264E-002
    0.000000    0.000000    2.949333    6.451667   3.6080870084E-002
    0.000000    0.000000    2.951667    6.454000   3.5920718986E-002
    0.000000    0.000000    2.954000    6.456333   3.5761280325E-002
    0.000000    0.000000    2.956333    6.458667   3.5602551462E-002
    0.000000    0.000000    2.958667    6.461000   3.5444529761E-002
    0.000000    0.000000    2.961000    6.463333   3.5287212589E-002
    0.000000    0.000000    2.963333    6.465667   3.5130597318E-002
    0.000000    0.000000    2.965667    6.468000   3.4974681326E-002
    0.000000    0.000000    2.968000    6.470333   3.4819461990E-002
    0.000000    0.000000    2.970333    6.472667   3.4664936697E-002
    0.000000    0.000000    2.972667    6.475000   3.4511102832E-002
    0.000000    0.000000    2.975000    6.477333   3.4357957790E-002
    0.000000    0.000000    2.977333    6.479667   3.4205498964E-002
    0.000000    0.000000    2.979667    6.482000   3.4053723755E-002
    0.000000    0.000000    2.982000    6.484333   3.3902629567E-002
    0.000000    0.000000    2.984333    6.486667   3.3752213807E-002
    0.000000    0.000000    2.986667    6.489000   3.3602473887E-002
    0.000000    0.000000    2.989000    6.491333   3.3453407220E-002
    0.000000    0.000000    2.991333    6.493667   3.3305011228E-002
    0.000000    0.000000    2.993667    6.496000   3.3157283331E-002
    0.000000    0.000000    2.996000    6.498333   3.3010220958E-002
    0.000000    0.000000    2.998333    6.500667   3.2863821539E-002
    0.000000    0.000000    3.000667    6.503000   3.2718082509E-002
    0.000000    0.000000    3.003000    6.505333   3.2573001305E-002
    0.000000    0.000000    3.005333    6.507667   3.2428575369E-002
    0.000000    0.000000    3.007667    6.510000   3.2284802149E-002
    0.000000    0.000000    3.010000    6.512333   3.2141679094E-002
    0.000000    0.000000    3.012333    6.514667   3.1999203657E-002
    0.000000    0.000000    3.014667    6.517000   3.1857373296E-002
    0.000000    0.000000    3.017000    6.519333   3.1716185474E-002
    0.000000    0.000000    3.019333    6.521667   3.1575637655E-002
    0.000000    0.000000    3.021667    6.524000   3.1435727308E-002
    0.000000    0.000000    3.024000    6.526333   3.1296451908E-002
    0.000000    0.000000    3.026333    6.528667   3.1157808932E-002
    0.000000    0.000000    3.028667    6.531000   3.1019795861E-002
    0.000000    0.000000    3.031000    6.533333   3.0882410179E-002
    0.000000    0.000000    3.033333    6.535667   3.0745649377E-002
    0.000000    0.000000    3.035667    6.538000   3.0609510948E-002
    0.000000    0.000000    3.038000    6.540333   3.0473992389E-002
    0.000000    0.000000    3.040333    6.542667   3.0339091202E-002
    0.000000    0.000000    3.042667    6.545000   3.0204804892E-002
    0.000000    0.000000    3.045000    6.547333   3.0071130969E-002
    0.000000    0.000000    3.047333    6.549667   2.9938066946E-002
    0.000000    0.000000    3.049667    6.552000   2.9805610342E-002
    0.000000    0.000000    3.052000    6.554333   2.9673758679E-002
    0.000000    0.000000    3.054333    6.556667   2.9542509483E-002
    0.000000    0.000000    3.056667    6.559000   2.9411860284E-002
    0.000000    0.000000    3.059000    6.561333   2.9281808618E-002
    0.000000    0.000000    3.061333    6.563667   2.9152352024E-002
    0.000000    0.000000    3.063667    6.566000   2.9023488045E-002
    0.000000    0.000000    3.066000    6.568333   2.8895214229E-002
    0.000000    0.000000    3.068333    6.570667   2.8767528128E-002
    0.000000    0.000000    3.070667    6.573000   2.8640427300E-002
    0.000000    0.000000    3.073000    6.575333   2.8513909304E-002
    0.000000    0.000000    3.075333    6.577667   2.8387971708E-002
    0.000000    0.000000    3.077667    6.580000   2.8262612080E-002
    0.000000    0.000000    3.080000    6.582333   2.8137827996E-002
    0.000000    0.000000    3.082333    6.584667   2.8013617034E-002
    0.000000    0.000000    3.084667    6.587000   2.7889976779E-002
    0.000000    0.000000    3.087000    6.589333   2.7766904820E-002
    0.000000    0.000000    3.089333    6.591667   2.7644398748E-002
    0.000000    0.000000    3.091667    6.594000   2.7522456163E-002
    0.000000    0.000000    3.094000    6.596333   2.7401074666E-002
    0.000000    0.000000    3.096333    6.598667   2.7280251865E-002
    0.000000    0.000000    3.098667    6.601000   2.7159985373E-002
    0.000000    0.000000    3.101000    6.603333   2.7040272807E-002
    0.000000    0.000000    3.103333    6.605667   2.6921111788E-002
    0.000000    0.000000    3.105667    6.608000   2.6802499943E-002
    0.000000    0.000000    3.108000    6.610333   2.6684434905E-002
    0.000000    0.000000    3.110333    6.612667   2.6566914310E-002
    0.000000    0.000000    3.112667    6.615000   2.6449935800E-002
    0.000000    0.000000    3.115000    6.617333   2.6333497022E-002
    0.000000    0.000000    3.117333    6.619667   2.6217595628E-002
    0.000000    0.000000    3.119667    6.622000   2.6102229275E-002
    0.000000    0.000000    3.122000    6.624333   2.5987395626E-002
    0.000000    0.000000    3.124333    6.626667   2.5873092348E-002
    0.000000    0.000000    3.126667    6.629000   2.5759317114E-002
    0.000000    0.000000    3.129000    6.631333   2.5646067603E-002
    0.000000    0.000000    3.131333    6.633667   2.5533341497E-002
    0.000000    0.000000    3.133667    6.636000   2.5421136486E-002
    0.000000    0.000000    3.136000    6.638333   2.5309450264E-002
    0.000000    0.000000    3.138333    6.640667   2.5198280530E-002
    0.000000    0.000000    3.140667    6.643000   2.5087624990E-002
    0.000000    0.000000    3.143000    6.645333   2.4977481354E-002
    0.000000    0.000000    3.145333    6.647667   2.4867847339E-002
    0.000000    0.000000    3.147667    6.650000   2.4758720666E-002
    0.000000    0.000000    3.150000    6.652333   2.4650099062E-002
    0.000000    0.000000    3.152333    6.654667   2.4541980261E-002
    0.000000    0.000000    3.154667    6.657000   2.4434362002E-002
    0.000000    0.000000    3.157000    6.659333   2.4327242028E-002
    0.000000    0.000000    3.159333    6.661667   2.4220618090E-002
    0.000000    0.000000    3.161667    6.664000   2.4114487945E-002
    0.000000    0.000000    3.164000    6.666333   2.4008849353E-002
    0.000000    0.000000    3.166333    6.668667   2.3903700082E-002
    0.000000    0.000000    3.168667    6.671000   2.3799037907E-002
    0.000000    0.000000    3.171000    6.673333   2.3694860606E-002
    0.000000    0.000000    3.173333    6.675667   2.3591165965E-002
    0.000000    0.000000    3.175667    6.678000   2.3487951776E-002
    0.000000    0.000000    3.178000    6.680333   2.3385215836E-002
    0.000000    0.000000    3.180333    6.682667   2.3282955948E-002
    0.000000    0.000000    3.182667    6.685000   2.3181169922E-002
    0.000000    0.000000    3.185000    6.687333   2.3079855575E-002
    0.000000    0.000000    3.187333    6.689667   2.2979010727E-002
    0.000000    0.000000    3.189667    6.692000   2.2878633207E-002
    0.000000    0.000000    3.192000    6.694333   2.2778720850E-002
    0.000000    0.000000    3.194333    6.696667   2.2679271496E-002
    0.000000    0.000000    3.196667    6.699000   2.2580282992E-002
    0.000000    0.000000    3.199000    6.701333   2.2481753190E-002
    0.000000    0.000000    3.201333    6.703667   2.2383679952E-002
    0.000000    0.000000    3.203667    6.706000   2.2286061142E-002
    0.000000    0.000000    3.206000    6.708333   2.2188894633E-002
    0.000000    0.000000    3.208333    6.710667   2.2092178304E-002
    0.000000    0.000000    3.210667    6.713000   2.1995910040E-002
    0.000000    0.000000    3.213000    6.715333   2.1900087733E-002
    0.000000    0.000000    3.215333    6.717667   2.1804709281E-002
    0.000000    0.000000    3.217667    6.720000   2.1709772588E-002
    0.000000    0.000000    3.220000    6.722333   2.1615275567E-002
    0.000000    0.000000    3.222333    6.724667   2.1521216135E-002
    0.000000    0.000000    3.224667    6.727000   2.1427592216E-002
    0.000000    0.000000    3.227000    6.729333   2.1334401743E-002
    0.000000    0.000000    3.229333    6.731667   2.1241642653E-002
    0.000000    0.000000    3.231667    6.734000   2.1149312890E-002
    0.000000    0.000000    3.234000    6.736333   2.1057410406E-002
    0.000000    0.000000    3.236333    6.738667   2.0965933159E-002
    0.000000    0.000000    3.238667    6.741000   2.0874879115E-002
    0.000000    0.000000    3.241000    6.743333   2.0784246244E-002
    0.000000    0.000000    3.243333    6.745667   2.0694032525E-002
    0.000000    0.000000    3.245667    6.748000   2.0604235944E-002
    0.000000    0.000000    3.248000    6.750333   2.0514854492E-002
    0.000000    0.000000    3.250333    6.752667   2.0425886170E-002
    0.000000    0.000000    3.252667    6.755000   2.0337328982E-002
    0.000000    0.000000    3.255000    6.757333   2.0249180942E-002
    0.000000    0.000000    3.257333    6.759667   2.0161440070E-002
    0.000000    0.000000    3.259667    6.762000   2.0074104393E-002
    0.000000    0.000000    3.262000    6.764333   1.9987171944E-002
    0.000000    0.000000    3.264333    6.766667   1.9900640765E-002
    0.000000    0.000000    3.266667    6.769000   1.9814508903E-002
    0.000000    0.000000    3.269000    6.771333   1.9728774413E-002
    0.000000    0.000000    3.271333    6.773667   1.9643435357E-002
    0.000000    0.000000    3.273667    6.776000   1.9558489804E-002
    0.000000    0.000000    3.276000    6.778333   1.9473935831E-002
    0.000000    0.000000    3.278333    6.780667   1.9389771520E-002
    0.000000    0.000000    3.280667    6.783000   1.9305994963E-002
    0.000000    0.000000    3.283000    6.785333   1.9222604256E-002
    0.000000    0.000000    3.285333    6.787667   1.9139597504E-002
    0.000000    0.000000    3.287667    6.790000   1.9056972820E-002
    0.000000    0.000000    3.290000    6.792333   1.8974728321E-002
    0.000000    0.000000    3.292333    6.794667   1.8892862135E-002
    0.000000    0.000000    3.294667    6.797000   1.8811372395E-002
    0.000000    0.000000    3.297000    6.799333   1.8730257241E-002
    0.000000    0.000000    3.299333    6.801667   1.8649514821E-002
    0.000000    0.000000    3.301667    6.804000   1.8569143291E-002
    0.000000    0.000000    3.304000    6.806333   1.8489140813E-002
    0.000000    0.000000    3.306333    6.808667   1.8409505556E-002
    0.000000    0.000000    3.308667    6.811000   1.8330235698E-002
    0.000000    0.000000    3.311000    6.813333   1.8251329422E-002
    0.000000    0.000000    3.313333    6.815667   1.8172784920E-002
    0.000000    0.000000    3.315667    6.818000   1.8094600391E-002
    0.000000    0.000000    3.318000    6.820333   1.8016774040E-002
    0.000000    0.000000    3.320333    6.822667   1.7939304083E-002
    0.000000    0.000000    3.322667    6.825000   1.7862188738E-002
    0.000000    0.000000    3.325000    6.827333   1.7785426234E-002
    0.000000    0.000000    3.327333    6.829667   1.7709014806E-002
    0.000000    0.000000    3.329667    6.832000   1.7632952698E-002
    0.000000    0.000000    3.332000    6.834333   1.7557238159E-002
    0.000000    0.000000    3.334333    6.836667   1.7481869446E-002
    0.000000    0.000000    3.336667    6.839000   1.7406844825E-002
    0.000000    0.000000    3.339000    6.841333   1.7332162567E-002
    0.000000    0.000000    3.341333    6.843667   1.7257820952E-002
    0.000000    0.000000    3.343667    6.846000   1.7183818267E-002
    0.000000    0.000000    3.346000    6.848333   1.7110152806E-002
    0.000000    0.000000    3.348333    6.850667   1.7036822871E-002
    0.000000    0.000000    3.350667    6.853000   1.6963826770E-002
    0.000000    0.000000    3.353000    6.855333   1.6891162819E-002
    0.000000    0.000000    3.355333    6.857667   1.6818829344E-002
    0.000000    0.000000    3.357667    6.860000   1.6746824674E-002
    0.000000    0.000000    3.360000    6.862333   1.6675147148E-002
    0.000000    0.000000    3.362333    6.864667   1.6603795111E-002
    0.000000    0.000000    3.364667    6.867000   1.6532766918E-002
    0.000000    0.000000    3.367000    6.869333   1.6462060928E-002
    0.000000    0.000000    3.369333    6.871667   1.6391675509E-002
    0.000000    0.000000    3.371667    6.874000   1.6321609037E-002
    0.000000    0.000000    3.374000    6.876333   1.6251859894E-002
    0.000000    0.000000    3.376333    6.878667   1.6182426470E-002
    0.000000    0.000000    3.378667    6.881000   1.6113307163E-002
    0.000000    0.000000    3.381000    6.883333   1.6044500377E-002
    0.000000    0.000000    3.383333    6.885667   1.5976004525E-002
    0.000000    0.000000    3.385667    6.888000   1.5907818024E-002
    0.000000    0.000000    3.388000    6.890333   1.5839939304E-002
    0.000000    0.000000    3.390333    6.892667   1.5772366796E-002
    0.000000    0.000000    3.392667    6.895000   1.5705098943E-002
    0.000000    0.000000    3.395000    6.897333   1.5638134194E-002
    0.000000    0.000000    3.397333    6.899667   1.5571471004E-002
    0.000000    0.000000    3.399667    6.902000   1.5505107837E-002
    0.000000    0.000000    3.402000    6.904333   1.5439043162E-002
    0.000000    0.000000    3.404333    6.906667   1.5373275459E-002
    0.000000    0.000000    3.406667    6.909000   1.5307803213E-002
    0.000000    0.000000    3.409000    6.911333   1.5242624915E-002
    0.000000    0.000000    3.411333    6.913667   1.5177739065E-002
    0.000000    0.000000    3.413667    6.916000   1.5113144171E-002
    0.000000    0.000000    3.416000    6.918333   1.5048838747E-002
    0.000000    0.000000    3.418333    6.920667   1.4984821313E-002
    0.000000    0.000000    3.420667    6.923000   1.4921090400E-002
    0.000000    0.000000    3.423000    6.925333   1.4857644542E-002
    0.000000    0.000000    3.425333    6.927667   1.4794482283E-002
    0.000000    0.000000    3.427667    6.930000   1.4731602172E-002
    0.000000    0.000000    3.430000    6.932333   1.4669002768E-002
    0.000000    0.000000    3.432333    6.934667   1.4606682636E-002
    0.000000    0.000000    3.434667    6.937000   1.4544640346E-002
    0.000000    0.000000    3.437000    6.939333   1.4482874478E-002
    0.000000    0.000000    3.439333    6.941667   1.4421383618E-002
    0.000000    0.000000    3.441667    6.944000   1.4360166359E-002
    0.000000    0.000000    3.444000    6.946333   1.4299221302E-002
    0.000000    0.000000    3.446333    6.948667   1.4238547053E-002
    0.000000    0.000000    3.448667    6.951000   1.4178142228E-002
    0.000000    0.000000    3.451000    6.953333   1.4118005447E-002
    0.000000    0.000000    3.453333    6.955667   1.4058135340E-002
    0.000000    0.000000    3.455667    6.958000   1.3998530542E-002
    0.000000    0.000000    3.458000    6.960333   1.3939189695E-002
    0.000000    0.000000    3.460333    6.962667   1.3880111450E-002
    0.000000    0.000000    3.462667    6.965000   1.3821294463E-002
    0.000000    0.000000    3.465000    6.967333   1.3762737397E-002
    0.000000    0.000000    3.467333    6.969667   1.3704438924E-002
    0.000000    0.000000    3.469667    6.972000   1.3646397720E-002
    0.000000    0.000000    3.472000    6.974333   1.3588612470E-002
    0.000000    0.000000    3.474333    6.976667   1.3531081866E-002
    0.000000    0.000000    3.476667    6.979000   1.3473804605E-002
    0.000000    0.000000    3.479000    6.981333   1.3416779393E-002
    0.000000    0.000000    3.481333    6.983667   1.3360004942E-002
    0.000000    0.000000    3.483667    6.986000   1.3303479970E-002
    0.000000    0.000000    3.486000    6.988333   1.3247203203E-002
    0.000000    0.000000    3.488333    6.990667   1.3191173373E-002
    0.000000    0.000000    3.490667    6.993000   1.3135389220E-002
    0.000000    0.000000    3.493000    6.995333   1.3079849490E-002
    0.000000    0.000000    3.495333    6.997667   1.3024552935E-002
    0.000000    0.000000    3.497667    7.000000   1.2969498314E-002
