    0.000000    0.000000   -3.500000    0.002333  -1.3336502002E-003
    0.000000    0.000000   -3.497667    0.004667  -1.3378605094E-003
    0.000000    0.000000   -3.495333    0.007000  -1.3420747615E-003
    0.000000    0.000000   -3.493000    0.009333  -1.3462929457E-003
    0.000000    0.000000   -3.490667    0.011667  -1.3505150519E-003
    0.000000    0.000000   -3.488333    0.014000  -1.3547410708E-003
    0.000000    0.000000   -3.486000    0.016333  -1.3589709936E-003
    0.000000    0.000000   -3.483667    0.018667  -1.3632048125E-003
    0.000000    0.000000   -3.481333    0.021000  -1.3674425203E-003
    0.000000    0.000000   -3.479000    0.023333  -1.3716841107E-003
    0.000000    0.000000   -3.476667    0.025667  -1.3759295781E-003
    0.000000    0.000000   -3.474333    0.028000  -1.3801789177E-003
    0.000000    0.000000   -3.472000    0.030333  -1.3844321258E-003
    0.000000    0.000000   -3.469667    0.032667  -1.3886891991E-003
    0.000000    0.000000   -3.467333    0.035000  -1.3929501355E-003
    0.000000    0.000000   -3.465000    0.037333  -1.3972149337E-003
    0.000000    0.000000   -3.462667    0.039667  -1.4014835933E-003
    0.000000    0.000000   -3.460333    0.042000  -1.4057561147E-003
    0.000000    0.000000   -3.458000    0.044333  -1.4100324994E-003
    0.000000    0.000000   -3.455667    0.046667  -1.4143127499E-003
    0.000000    0.000000   -3.453333    0.049000  -1.4185968694E-003
    0.000000    0.000000   -3.451000    0.051333  -1.4228848623E-003
    0.000000    0.000000   -3.448667    0.053667  -1.4271767341E-003
    0.000000    0.000000   -3.446333    0.056000  -1.4314724911E-003
    0.000000    0.000000   -3.444000    0.058333  -1.4357721408E-003
    0.000000    0.000000   -3.441667    0.060667  -1.4400756917E-003
    0.000000    0.000000   -3.439333    0.063000  -1.4443831535E-003
    0.000000    0.000000   -3.437000    0.065333  -1.4486945369E-003
    0.000000    0.000000   -3.434667    0.067667  -1.4530098538E-003
    0.000000    0.000000   -3.432333    0.070000  -1.4573291171E-003
    0.000000    0.000000   -3.430000    0.072333  -1.4616523412E-003
    0.000000    0.000000   -3.427667    0.074667  -1.4659795412E-003
    0.000000    0.000000   -3.425333    0.077000  -1.4703107340E-003
    0.000000    0.000000   -3.423000    0.079333  -1.4746459373E-003
    0.000000    0.000000   -3.420667    0.081667  -1.4789851702E-003
    0.000000    0.000000   -3.418333    0.084000  -1.4833284530E-003
    0.000000    0.000000   -3.416000    0.086333  -1.4876758076E-003
    0.000000    0.000000   -3.413667    0.088667  -1.4920272568E-003
    0.000000    0.000000   -3.411333    0.091000  -1.4963828251E-003
    0.000000    0.000000   -3.409000    0.093333  -1.5007425381E-003
    0.000000    0.000000   -3.406667    0.095667  -1.5051064230E-003
    0.000000    0.000000   -3.404333    0.098000  -1.5094745084E-003
    0.000000    0.000000   -3.402000    0.100333  -1.5138468241E-003
    0.000000    0.000000   -3.399667    0.102667  -1.5182234017E-003
    0.000000    0.000000   -3.397333    0.105000  -1.5226042740E-003
    0.000000    0.000000   -3.395000    0.107333  -1.5269894756E-003
    0.000000    0.000000   -3.392667    0.109667  -1.5313790423E-003
    0.000000    0.000000   -3.390333    0.112000  -1.5357730118E-003
    0.000000    0.000000   -3.388000    0.114333  -1.5401714231E-003
    0.000000    0.000000   -3.385667    0.116667  -1.5445743170E-003
    0.000000    0.000000   -3.383333    0.119000  -1.5489817359E-003
    0.000000    0.000000   -3.381000    0.121333  -1.5533937238E-003
    0.000000    0.000000   -3.378667    0.123667  -1.5578103264E-003
    0.000000    0.000000   -3.376333    0.126000  -1.5622315912E-003
    0.000000    0.000000   -3.374000    0.128333  -1.5666575674E-003
    0.000000    0.000000   -3.371667    0.130667  -1.5710883059E-003
    0.000000    0.000000   -3.369333    0.133000  -1.5755238594E-003
    0.000000    0.000000   -3.367000    0.135333  -1.5799642826E-003
    0.000000    0.000000   -3.364667    0.137667  -1.5844096319E-003
    0.000000    0.000000   -3.362333    0.140000  -1.5888599656E-003
    0.000000    0.000000   -3.360000    0.142333  -1.5933153438E-003
    0.000000    0.000000   -3.357667    0.144667  -1.5977758287E-003
    0.000000    0.000000   -3.355333    0.147000  -1.6022414844E-003
    0.000000    0.000000   -3.353000    0.149333  -1.6067123771E-003
    0.000000    0.000000   -3.350667    0.151667  -1.6111885748E-003
    0.000000    0.000000   -3.348333    0.154000  -1.6156701476E-003
    0.000000    0.000000   -3.346000    0.156333  -1.6201571679E-003
    0.000000    0.000000   -3.343667    0.158667  -1.6246497100E-003
    0.000000    0.000000   -3.341333    0.161000  -1.6291478503E-003
    0.000000    0.000000   -3.339000    0.163333  -1.6336516676E-003
    0.000000    0.000000   -3.336667    0.165667  -1.6381612427E-003
    0.000000    0.000000   -3.334333    0.168000  -1.6426766587E-003
    0.000000    0.000000   -3.332000    0.170333  -1.6471980009E-003
    0.000000    0.000000   -3.329667    0.172667  -1.6517253570E-003
    0.000000    0.000000   -3.327333    0.175000  -1.6562588170E-003
    0.000000    0.000000   -3.325000    0.177333  -1.6607984732E-003
    0.000000    0.000000   -3.322667    0.179667  -1.6653444203E-003
    0.000000    0.000000   -3.320333    0.182000  -1.6698967555E-003
    0.000000    0.000000   -3.318000    0.184333  -1.6744555783E-003
    0.000000    0.000000   -3.315667    0.186667  -1.6790209909E-003
    0.000000    0.000000   -3.313333    0.189000  -1.6835930978E-003
    0.000000    0.000000   -3.311000    0.191333  -1.6881720062E-003
    0.000000    0.000000   -3.308667    0.193667  -1.6927578260E-003
    0.000000    0.000000   -3.306333    0.196000  -1.6973506693E-003
    0.000000    0.000000   -3.304000    0.198333  -1.7019506513E-003
    0.000000    0.000000   -3.301667    0.200667  -1.7065578897E-003
    0.000000    0.000000   -3.299333    0.203000  -1.7111725050E-003
    0.000000    0.000000   -3.297000    0.205333  -1.7157946204E-003
    0.000000    0.000000   -3.294667    0.207667  -1.7204243618E-003
    0.000000    0.000000   -3.292333    0.210000  -1.7250618581E-003
    0.000000    0.000000   -3.290000    0.212333  -1.7297072411E-003
    0.000000    0.000000   -3.287667    0.214667  -1.7343606453E-003
    0.000000    0.000000   -3.285333    0.217000  -1.7390222084E-003
    0.000000    0.000000   -3.283000    0.219333  -1.7436920709E-003
    0.000000    0.000000   -3.280667    0.221667  -1.7483703763E-003
    0.000000    0.000000   -3.278333    0.224000  -1.7530572713E-003
    0.000000    0.000000   -3.276000    0.226333  -1.7577529056E-003
    0.000000    0.000000   -3.273667    0.228667  -1.7624574321E-003
    0.000000    0.000000   -3.271333    0.231000  -1.7671710067E-003
    0.000000    0.000000   -3.269000    0.233333  -1.7718937887E-003
    0.000000    0.000000   -3.266667    0.235667  -1.7766259405E-003
    0.000000    0.000000   -3.264333    0.238000  -1.7813676280E-003
    0.000000    0.000000   -3.262000    0.240333  -1.7861190203E-003
    0.000000    0.000000   -3.259667    0.242667  -1.7908802897E-003
    0.000000    0.000000   -3.257333    0.245000  -1.7956516121E-003
    0.000000    0.000000   -3.255000    0.247333  -1.8004331670E-003
    0.000000    0.000000   -3.252667    0.249667  -1.8052251370E-003
    0.000000    0.000000   -3.250333    0.252000  -1.8100277085E-003
    0.000000    0.000000   -3.248000    0.254333  -1.8148410714E-003
    0.000000    0.000000   -3.245667    0.256667  -1.8196654193E-003
    0.000000    0.000000   -3.243333    0.259000  -1.8245009492E-003
    0.000000    0.000000   -3.241000    0.261333  -1.8293478622E-003
    0.000000    0.000000   -3.238667    0.263667  -1.8342063627E-003
    0.000000    0.000000   -3.236333    0.266000  -1.8390766593E-003
    0.000000    0.000000   -3.234000    0.268333  -1.8439589640E-003
    0.000000    0.000000   -3.231667    0.270667  -1.8488534930E-003
    0.000000    0.000000   -3.229333    0.273000  -1.8537604664E-003
    0.000000    0.000000   -3.227000    0.275333  -1.8586801080E-003
    0.000000    0.000000   -3.224667    0.277667  -1.8636126459E-003
    0.000000    0.000000   -3.222333    0.280000  -1.8685583120E-003
    0.000000    0.000000   -3.220000    0.282333  -1.8735173425E-003
    0.000000    0.000000   -3.217667    0.284667  -1.8784899776E-003
    0.000000    0.000000   -3.215333    0.287000  -1.8834764617E-003
    0.000000    0.000000   -3.213000    0.289333  -1.8884770435E-003
    0.000000    0.000000   -3.210667    0.291667  -1.8934919759E-003
    0.000000    0.000000   -3.208333    0.294000  -1.8985215162E-003
    0.000000    0.000000   -3.206000    0.296333  -1.9035659259E-003
    0.000000    0.000000   -3.203667    0.298667  -1.9086254712E-003
    0.000000    0.000000   -3.201333    0.301000  -1.9137004225E-003
    0.000000    0.000000   -3.199000    0.303333  -1.9187910549E-003
    0.000000    0.000000   -3.196667    0.305667  -1.9238976478E-003
    0.000000    0.000000   -3.194333    0.308000  -1.9290204855E-003
    0.000000    0.000000   -3.192000    0.310333  -1.9341598569E-003
    0.000000    0.000000   -3.189667    0.312667  -1.9393160553E-003
    0.000000    0.000000   -3.187333    0.315000  -1.9444893792E-003
    0.000000    0.000000   -3.185000    0.317333  -1.9496801315E-003
    0.000000    0.000000   -3.182667    0.319667  -1.9548886204E-003
    0.000000    0.000000   -3.180333    0.322000  -1.9601151585E-003
    0.000000    0.000000   -3.178000    0.324333  -1.9653600637E-003
    0.000000    0.000000   -3.175667    0.326667  -1.9706236588E-003
    0.000000    0.000000   -3.173333    0.329000  -1.9759062717E-003
    0.000000    0.000000   -3.171000    0.331333  -1.9812082352E-003
    0.000000    0.000000   -3.168667    0.333667  -1.9865298876E-003
    0.000000    0.000000   -3.166333    0.336000  -1.9918715722E-003
    0.000000    0.000000   -3.164000    0.338333  -1.9972336374E-003
    0.000000    0.000000   -3.161667    0.340667  -2.0026164374E-003
    0.000000    0.000000   -3.159333    0.343000  -2.0080203312E-003
    0.000000    0.000000   -3.157000    0.345333  -2.0134456836E-003
    0.000000    0.000000   -3.154667    0.347667  -2.0188928648E-003
    0.000000    0.000000   -3.152333    0.350000  -2.0243622503E-003
    0.000000    0.000000   -3.150000    0.352333  -2.0298542216E-003
    0.000000    0.000000   -3.147667    0.354667  -2.0353691655E-003
    0.000000    0.000000   -3.145333    0.357000  -2.0409074745E-003
    0.000000    0.000000   -3.143000    0.359333  -2.0464695469E-003
    0.000000    0.000000   -3.140667    0.361667  -2.0520557870E-003
    0.000000    0.000000   -3.138333    0.364000  -2.0576666047E-003
    0.000000    0.000000   -3.136000    0.366333  -2.0633024158E-003
    0.000000    0.000000   -3.133667    0.368667  -2.0689636422E-003
    0.000000    0.000000   -3.131333    0.371000  -2.0746507117E-003
    0.000000    0.000000   -3.129000    0.373333  -2.0803640583E-003
    0.000000    0.000000   -3.126667    0.375667  -2.0861041221E-003
    0.000000    0.000000   -3.124333    0.378000  -2.0918713493E-003
    0.000000    0.000000   -3.122000    0.380333  -2.0976661923E-003
    0.000000    0.000000   -3.119667    0.382667  -2.1034891101E-003
    0.000000    0.000000   -3.117333    0.385000  -2.1093405678E-003
    0.000000    0.000000   -3.115000    0.387333  -2.1152210368E-003
    0.000000    0.000000   -3.112667    0.389667  -2.1211309954E-003
    0.000000    0.000000   -3.110333    0.392000  -2.1270709281E-003
    0.000000    0.000000   -3.108000    0.394333  -2.1330413260E-003
    0.000000    0.000000   -3.105667    0.396667  -2.1390426870E-003
    0.000000    0.000000   -3.103333    0.399000  -2.1450755157E-003
    0.000000    0.000000   -3.101000    0.401333  -2.1511403233E-003
    0.000000    0.000000   -3.098667    0.403667  -2.1572376281E-003
    0.000000    0.000000   -3.096333    0.406000  -2.1633679549E-003
    0.000000    0.000000   -3.094000    0.408333  -2.1695318358E-003
    0.000000    0.000000   -3.091667    0.410667  -2.1757298099E-003
    0.000000    0.000000   -3.089333    0.413000  -2.1819624230E-003
    0.000000    0.000000   -3.087000    0.415333  -2.1882302285E-003
    0.000000    0.000000   -3.084667    0.417667  -2.1945337867E-003
    0.000000    0.000000   -3.082333    0.420000  -2.2008736652E-003
    0.000000    0.000000   -3.080000    0.422333  -2.2072504390E-003
    0.000000    0.000000   -3.077667    0.424667  -2.2136646904E-003
    0.000000    0.000000   -3.075333    0.427000  -2.2201170091E-003
    0.000000    0.000000   -3.073000    0.429333  -2.2266079924E-003
    0.000000    0.000000   -3.070667    0.431667  -2.2331382451E-003
    0.000000    0.000000   -3.068333    0.434000  -2.2397083797E-003
    0.000000    0.000000   -3.066000    0.436333  -2.2463190162E-003
    0.000000    0.000000   -3.063667    0.438667  -2.2529707825E-003
    0.000000    0.000000   -3.061333    0.441000  -2.2596643143E-003
    0.000000    0.000000   -3.059000    0.443333  -2.2664002552E-003
    0.000000    0.000000   -3.056667    0.445667  -2.2731792566E-003
    0.000000    0.000000   -3.054333    0.448000  -2.2800019781E-003
    0.000000    0.000000   -3.052000    0.450333  -2.2868690871E-003
    0.000000    0.000000   -3.049667    0.452667  -2.2937812595E-003
    0.000000    0.000000   -3.047333    0.455000  -2.3007391790E-003
    0.000000    0.000000   -3.045000    0.457333  -2.3077435377E-003
    0.000000    0.000000   -3.042667    0.459667  -2.3147950363E-003
    0.000000    0.000000   -3.040333    0.462000  -2.3218943834E-003
    0.000000    0.000000   -3.038000    0.464333  -2.3290422964E-003
    0.000000    0.000000   -3.035667    0.466667  -2.3362395012E-003
    0.000000    0.000000   -3.033333    0.469000  -2.3434867320E-003
    0.000000    0.000000   -3.031000    0.471333  -2.3507847320E-003
    0.000000    0.000000   -3.028667    0.473667  -2.3581342528E-003
    0.000000    0.000000   -3.026333    0.476000  -2.3655360550E-003
    0.000000    0.000000   -3.024000    0.478333  -2.3729909081E-003
    0.000000    0.000000   -3.021667    0.480667  -2.3804995901E-003
    0.000000    0.000000   -3.019333    0.483000  -2.3880628885E-003
    0.000000    0.000000   -3.017000    0.485333  -2.3956815994E-003
    0.000000    0.000000   -3.014667    0.487667  -2.4033565283E-003
    0.000000    0.000000   -3.012333    0.490000  -2.4110884898E-003
    0.000000    0.000000   -3.010000    0.492333  -2.4188783076E-003
    0.000000    0.000000   -3.007667    0.494667  -2.4267268149E-003
    0.000000    0.000000   -3.005333    0.497000  -2.4346348541E-003
    0.000000    0.000000   -3.003000    0.499333  -2.4426032772E-003
    0.000000    0.000000   -3.000667    0.501667  -2.4506329456E-003
    0.000000    0.000000   -2.998333    0.504000  -2.4587247302E-003
    0.000000    0.000000   -2.996000    0.506333  -2.4668795117E-003
    0.000000    0.000000   -2.993667    0.508667  -2.4750981805E-003
    0.000000    0.000000   -2.991333    0.511000  -2.4833816366E-003
    0.000000    0.000000   -2.989000    0.513333  -2.4917307901E-003
    0.000000    0.000000   -2.986667    0.515667  -2.5001465606E-003
    0.000000    0.000000   -2.984333    0.518000  -2.5086298781E-003
    0.000000    0.000000   -2.982000    0.520333  -2.5171816825E-003
    0.000000    0.000000   -2.979667    0.522667  -2.5258029236E-003
    0.000000    0.000000   -2.977333    0.525000  -2.5344945617E-003
    0.000000    0.000000   -2.975000    0.527333  -2.5432575671E-003
    0.000000    0.000000   -2.972667    0.529667  -2.5520929205E-003
    0.000000    0.000000   -2.970333    0.532000  -2.5610016130E-003
    0.000000    0.000000   -2.968000    0.534333  -2.5699846461E-003
    0.000000    0.000000   -2.965667    0.536667  -2.5790430318E-003
    0.000000    0.000000   -2.963333    0.539000  -2.5881777927E-003
    0.000000    0.000000   -2.961000    0.541333  -2.5973899621E-003
    0.000000    0.000000   -2.958667    0.543667  -2.6066805839E-003
    0.000000    0.000000   -2.956333    0.546000  -2.6160507128E-003
    0.000000    0.000000   -2.954000    0.548333  -2.6255014145E-003
    0.000000    0.000000   -2.951667    0.550667  -2.6350337654E-003
    0.000000    0.000000   -2.949333    0.553000  -2.6446488529E-003
    0.000000    0.000000   -2.947000    0.555333  -2.6543477756E-003
    0.000000    0.000000   -2.944667    0.557667  -2.6641316431E-003
    0.000000    0.000000   -2.942333    0.560000  -2.6740015763E-003
    0.000000    0.000000   -2.940000    0.562333  -2.6839587072E-003
    0.000000    0.000000   -2.937667    0.564667  -2.6940041791E-003
    0.000000    0.000000   -2.935333    0.567000  -2.7041391468E-003
    0.000000    0.000000   -2.933000    0.569333  -2.7143647765E-003
    0.000000    0.000000   -2.930667    0.571667  -2.7246822459E-003
    0.000000    0.000000   -2.928333    0.574000  -2.7350927442E-003
    0.000000    0.000000   -2.926000    0.576333  -2.7455974725E-003
    0.000000    0.000000   -2.923667    0.578667  -2.7561976434E-003
    0.000000    0.000000   -2.921333    0.581000  -2.7668944812E-003
    0.000000    0.000000   -2.919000    0.583333  -2.7776892222E-003
    0.000000    0.000000   -2.916667    0.585667  -2.7885831146E-003
    0.000000    0.000000   -2.914333    0.588000  -2.7995774186E-003
    0.000000    0.000000   -2.912000    0.590333  -2.8106734062E-003
    0.000000    0.000000   -2.909667    0.592667  -2.8218723619E-003
    0.000000    0.000000   -2.907333    0.595000  -2.8331755819E-003
    0.000000    0.000000   -2.905000    0.597333  -2.8445843750E-003
    0.000000    0.000000   -2.902667    0.599667  -2.8561000622E-003
    0.000000    0.000000   -2.900333    0.602000  -2.8677239768E-003
    0.000000    0.000000   -2.898000    0.604333  -2.8794574645E-003
    0.000000    0.000000   -2.895667    0.606667  -2.8913018836E-003
    0.000000    0.000000   -2.893333    0.609000  -2.9032586049E-003
    0.000000    0.000000   -2.891000    0.611333  -2.9153290117E-003
    0.000000    0.000000   -2.888667    0.613667  -2.9275145002E-003
    0.000000    0.000000   -2.886333    0.616000  -2.9398164791E-003
    0.000000    0.000000   -2.884000    0.618333  -2.9522363702E-003
    0.000000    0.000000   -2.881667    0.620667  -2.9647756078E-003
    0.000000    0.000000   -2.879333    0.623000  -2.9774356393E-003
    0.000000    0.000000   -2.877000    0.625333  -2.9902179252E-003
    0.000000    0.000000   -2.874667    0.627667  -3.0031239389E-003
    0.000000    0.000000   -2.872333    0.630000  -3.0161551669E-003
    0.000000    0.000000   -2.870000    0.632333  -3.0293131089E-003
    0.000000    0.000000   -2.867667    0.634667  -3.0425992779E-003
    0.000000    0.000000   -2.865333    0.637000  -3.0560152001E-003
    0.000000    0.000000   -2.863000    0.639333  -3.0695624150E-003
    0.000000    0.000000   -2.860667    0.641667  -3.0832424757E-003
    0.000000    0.000000   -2.858333    0.644000  -3.0970569484E-003
    0.000000    0.000000   -2.856000    0.646333  -3.1110074133E-003
    0.000000    0.000000   -2.853667    0.648667  -3.1250954638E-003
    0.000000    0.000000   -2.851333    0.651000  -3.1393227071E-003
    0.000000    0.000000   -2.849000    0.653333  -3.1536907640E-003
    0.000000    0.000000   -2.846667    0.655667  -3.1682012691E-003
    0.000000    0.000000   -2.844333    0.658000  -3.1828558708E-003
    0.000000    0.000000   -2.842000    0.660333  -3.1976562315E-003
    0.000000    0.000000   -2.839667    0.662667  -3.2126040272E-003
    0.000000    0.000000   -2.837333    0.665000  -3.2277009481E-003
    0.000000    0.000000   -2.835000    0.667333  -3.2429486983E-003
    0.000000    0.000000   -2.832667    0.669667  -3.2583489961E-003
    0.000000    0.000000   -2.830333    0.672000  -3.2739035739E-003
    0.000000    0.000000   -2.828000    0.674333  -3.2896141781E-003
    0.000000    0.000000   -2.825667    0.676667  -3.3054825695E-003
    0.000000    0.000000   -2.823333    0.679000  -3.3215105232E-003
    0.000000    0.000000   -2.821000    0.681333  -3.3376998285E-003
    0.000000    0.000000   -2.818667    0.683667  -3.3540522891E-003
    0.000000    0.000000   -2.816333    0.686000  -3.3705697233E-003
    0.000000    0.000000   -2.814000    0.688333  -3.3872539637E-003
    0.000000    0.000000   -2.811667    0.690667  -3.4041068574E-003
    0.000000    0.000000   -2.809333    0.693000  -3.4211302663E-003
    0.000000    0.000000   -2.807000    0.695333  -3.4383260666E-003
    0.000000    0.000000   -2.804667    0.697667  -3.4556961493E-003
    0.000000    0.000000   -2.802333    0.700000  -3.4732424203E-003
    0.000000    0.000000   -2.800000    0.702333  -3.4909668000E-003
    0.000000    0.000000   -2.797667    0.704667  -3.5088712236E-003
    0.000000    0.000000   -2.795333    0.707000  -3.5269576413E-003
    0.000000    0.000000   -2.793000    0.709333  -3.5452280181E-003
    0.000000    0.000000   -2.790667    0.711667  -3.5636843339E-003
    0.000000    0.000000   -2.788333    0.714000  -3.5823285835E-003
    0.000000    0.000000   -2.786000    0.716333  -3.6011627768E-003
    0.000000    0.000000   -2.783667    0.718667  -3.6201889388E-003
    0.000000    0.000000   -2.781333    0.721000  -3.6394091094E-003
    0.000000    0.000000   -2.779000    0.723333  -3.6588253437E-003
    0.000000    0.000000   -2.776667    0.725667  -3.6784397121E-003
    0.000000    0.000000   -2.774333    0.728000  -3.6982542998E-003
    0.000000    0.000000   -2.772000    0.730333  -3.7182712077E-003
    0.000000    0.000000   -2.769667    0.732667  -3.7384925515E-003
    0.000000    0.000000   -2.767333    0.735000  -3.7589204626E-003
    0.000000    0.000000   -2.765000    0.737333  -3.7795570874E-003
    0.000000    0.000000   -2.762667    0.739667  -3.8004045878E-003
    0.000000    0.000000   -2.760333    0.742000  -3.8214651411E-003
    0.000000    0.000000   -2.758000    0.744333  -3.8427409399E-003
    0.000000    0.000000   -2.755667    0.746667  -3.8642341923E-003
    0.000000    0.000000   -2.753333    0.749000  -3.8859471218E-003
    0.000000    0.000000   -2.751000    0.751333  -3.9078819675E-003
    0.000000    0.000000   -2.748667    0.753667  -3.9300409840E-003
    0.000000    0.000000   -2.746333    0.756000  -3.9524264414E-003
    0.000000    0.000000   -2.744000    0.758333  -3.9750406252E-003
    0.000000    0.000000   -2.741667    0.760667  -3.9978858368E-003
    0.000000    0.000000   -2.739333    0.763000  -4.0209643929E-003
    0.000000    0.000000   -2.737000    0.765333  -4.0442786261E-003
    0.000000    0.000000   -2.734667    0.767667  -4.0678308843E-003
    0.000000    0.000000   -2.732333    0.770000  -4.0916235315E-003
    0.000000    0.000000   -2.730000    0.772333  -4.1156589469E-003
    0.000000    0.000000   -2.727667    0.774667  -4.1399395258E-003
    0.000000    0.000000   -2.725333    0.777000  -4.1644676788E-003
    0.000000    0.000000   -2.723000    0.779333  -4.1892458325E-003
    0.000000    0.000000   -2.720667    0.781667  -4.2142764293E-003
    0.000000    0.000000   -2.718333    0.784000  -4.2395619269E-003
    0.000000    0.000000   -2.716000    0.786333  -4.2651047992E-003
    0.000000    0.000000   -2.713667    0.788667  -4.2909075357E-003
    0.000000    0.000000   -2.711333    0.791000  -4.3169726415E-003
    0.000000    0.000000   -2.709000    0.793333  -4.3433026376E-003
    0.000000    0.000000   -2.706667    0.795667  -4.3699000607E-003
    0.000000    0.000000   -2.704333    0.798000  -4.3967674635E-003
    0.000000    0.000000   -2.702000    0.800333  -4.4239074140E-003
    0.000000    0.000000   -2.699667    0.802667  -4.4513224965E-003
    0.000000    0.000000   -2.697333    0.805000  -4.4790153106E-003
    0.000000    0.000000   -2.695000    0.807333  -4.5069884719E-003
    0.000000    0.000000   -2.692667    0.809667  -4.5352446118E-003
    0.000000    0.000000   -2.690333    0.812000  -4.5637863772E-003
    0.000000    0.000000   -2.688000    0.814333  -4.5926164310E-003
    0.000000    0.000000   -2.685667    0.816667  -4.6217374517E-003
    0.000000    0.000000   -2.683333    0.819000  -4.6511521336E-003
    0.000000    0.000000   -2.681000    0.821333  -4.6808631865E-003
    0.000000    0.000000   -2.678667    0.823667  -4.7108733360E-003
    0.000000    0.000000   -2.676333    0.826000  -4.7411853236E-003
    0.000000    0.000000   -2.674000    0.828333  -4.7718019062E-003
    0.000000    0.000000   -2.671667    0.830667  -4.8027258563E-003
    0.000000    0.000000   -2.669333    0.833000  -4.8339599622E-003
    0.000000    0.000000   -2.667000    0.835333  -4.8655070278E-003
    0.000000    0.000000   -2.664667    0.837667  -4.8973698723E-003
    0.000000    0.000000   -2.662333    0.840000  -4.9295513308E-003
    0.000000    0.000000   -2.660000    0.842333  -4.9620542536E-003
    0.000000    0.000000   -2.657667    0.844667  -4.9948815068E-003
    0.000000    0.000000   -2.655333    0.847000  -5.0280359718E-003
    0.000000    0.000000   -2.653000    0.849333  -5.0615205453E-003
    0.000000    0.000000   -2.650667    0.851667  -5.0953381396E-003
    0.000000    0.000000   -2.648333    0.854000  -5.1294916823E-003
    0.000000    0.000000   -2.646000    0.856333  -5.1639841164E-003
    0.000000    0.000000   -2.643667    0.858667  -5.1988183999E-003
    0.000000    0.000000   -2.641333    0.861000  -5.2339975063E-003
    0.000000    0.000000   -2.639000    0.863333  -5.2695244243E-003
    0.000000    0.000000   -2.636667    0.865667  -5.3054021576E-003
    0.000000    0.000000   -2.634333    0.868000  -5.3416337251E-003
    0.000000    0.000000   -2.632000    0.870333  -5.3782221607E-003
    0.000000    0.000000   -2.629667    0.872667  -5.4151705133E-003
    0.000000    0.000000   -2.627333    0.875000  -5.4524818470E-003
    0.000000    0.000000   -2.625000    0.877333  -5.4901592403E-003
    0.000000    0.000000   -2.622667    0.879667  -5.5282057871E-003
    0.000000    0.000000   -2.620333    0.882000  -5.5666245956E-003
    0.000000    0.000000   -2.618000    0.884333  -5.6054187891E-003
    0.000000    0.000000   -2.615667    0.886667  -5.6445915053E-003
    0.000000    0.000000   -2.613333    0.889000  -5.6841458966E-003
    0.000000    0.000000   -2.611000    0.891333  -5.7240851299E-003
    0.000000    0.000000   -2.608667    0.893667  -5.7644123866E-003
    0.000000    0.000000   -2.606333    0.896000  -5.8051308624E-003
    0.000000    0.000000   -2.604000    0.898333  -5.8462437675E-003
    0.000000    0.000000   -2.601667    0.900667  -5.8877543261E-003
    0.000000    0.000000   -2.599333    0.903000  -5.9296657768E-003
    0.000000    0.000000   -2.597000    0.905333  -5.9719813721E-003
    0.000000    0.000000   -2.594667    0.907667  -6.0147043785E-003
    0.000000    0.000000   -2.592333    0.910000  -6.0578380765E-003
    0.000000    0.000000   -2.590000    0.912333  -6.1013857605E-003
    0.000000    0.000000   -2.587667    0.914667  -6.1453507386E-003
    0.000000    0.000000   -2.585333    0.917000  -6.1897363323E-003
    0.000000    0.000000   -2.583000    0.919333  -6.2345458770E-003
    0.000000    0.000000   -2.580667    0.921667  -6.2797827215E-003
    0.000000    0.000000   -2.578333    0.924000  -6.3254502278E-003
    0.000000    0.000000   -2.576000    0.926333  -6.3715517714E-003
    0.000000    0.000000   -2.573667    0.928667  -6.4180907407E-003
    0.000000    0.000000   -2.571333    0.931000  -6.4650705373E-003
    0.000000    0.000000   -2.569000    0.933333  -6.5124945759E-003
    0.000000    0.000000   -2.566667    0.935667  -6.5603662838E-003
    0.000000    0.000000   -2.564333    0.938000  -6.6086891011E-003
    0.000000    0.000000   -2.562000    0.940333  -6.6574664807E-003
    0.000000    0.000000   -2.559667    0.942667  -6.7067018878E-003
    0.000000    0.000000   -2.557333    0.945000  -6.7563988000E-003
    0.000000    0.000000   -2.555000    0.947333  -6.8065607073E-003
    0.000000    0.000000   -2.552667    0.949667  -6.8571911118E-003
    0.000000    0.000000   -2.550333    0.952000  -6.9082935275E-003
    0.000000    0.000000   -2.548000    0.954333  -6.9598714804E-003
    0.000000    0.000000   -2.545667    0.956667  -7.0119285082E-003
    0.000000    0.000000   -2.543333    0.959000  -7.0644681603E-003
    0.000000    0.000000   -2.541000    0.961333  -7.1174939975E-003
    0.000000    0.000000   -2.538667    0.963667  -7.1710095921E-003
    0.000000    0.000000   -2.536333    0.966000  -7.2250185274E-003
    0.000000    0.000000   -2.534000    0.968333  -7.2795243979E-003
    0.000000    0.000000   -2.531667    0.970667  -7.3345308090E-003
    0.000000    0.000000   -2.529333    0.973000  -7.3900413769E-003
    0.000000    0.000000   -2.527000    0.975333  -7.4460597283E-003
    0.000000    0.000000   -2.524667    0.977667  -7.5025895005E-003
    0.000000    0.000000   -2.522333    0.980000  -7.5596343411E-003
    0.000000    0.000000   -2.520000    0.982333  -7.6171979078E-003
    0.000000    0.000000   -2.517667    0.984667  -7.6752838682E-003
    0.000000    0.000000   -2.515333    0.987000  -7.7338959000E-003
    0.000000    0.000000   -2.513000    0.989333  -7.7930376904E-003
    0.000000    0.000000   -2.510667    0.991667  -7.8527129359E-003
    0.000000    0.000000   -2.508333    0.994000  -7.9129253427E-003
    0.000000    0.000000   -2.506000    0.996333  -7.9736786258E-003
    0.000000    0.000000   -2.503667    0.998667  -8.0349765095E-003
    0.000000    0.000000   -2.501333    1.001000  -8.0968227266E-003
    0.000000    0.000000   -2.499000    1.003333  -8.1592210186E-003
    0.000000    0.000000   -2.496667    1.005667  -8.2221751355E-003
    0.000000    0.000000   -2.494333    1.008000  -8.2856888355E-003
    0.000000    0.000000   -2.492000    1.010333  -8.3497658848E-003
    0.000000    0.000000   -2.489667    1.012667  -8.4144100574E-003
    0.000000    0.000000   -2.487333    1.015000  -8.4796251351E-003
    0.000000    0.000000   -2.485000    1.017333  -8.5454149070E-003
    0.000000    0.000000   -2.482667    1.019667  -8.6117831697E-003
    0.000000    0.000000   -2.480333    1.022000  -8.6787337265E-003
    0.000000    0.000000   -2.478000    1.024333  -8.7462703879E-003
    0.000000    0.000000   -2.475667    1.026667  -8.8143969708E-003
    0.000000    0.000000   -2.473333    1.029000  -8.8831172986E-003
    0.000000    0.000000   -2.471000    1.031333  -8.9524352010E-003
    0.000000    0.000000   -2.468667    1.033667  -9.0223545135E-003
    0.000000    0.000000   -2.466333    1.036000  -9.0928790776E-003
    0.000000    0.000000   -2.464000    1.038333  -9.1640127401E-003
    0.000000    0.000000   -2.461667    1.040667  -9.2357593535E-003
    0.000000    0.000000   -2.459333    1.043000  -9.3081227750E-003
    0.000000    0.000000   -2.457000    1.045333  -9.3811068668E-003
    0.000000    0.000000   -2.454667    1.047667  -9.4547154961E-003
    0.000000    0.000000   -2.452333    1.050000  -9.5289525339E-003
    0.000000    0.000000   -2.450000    1.052333  -9.6038218558E-003
    0.000000    0.000000   -2.447667    1.054667  -9.6793273411E-003
    0.000000    0.000000   -2.445333    1.057000  -9.7554728731E-003
    0.000000    0.000000   -2.443000    1.059333  -9.8322623382E-003
    0.000000    0.000000   -2.440667    1.061667  -9.9096996261E-003
    0.000000    0.000000   -2.438333    1.064000  -9.9877886295E-003
    0.000000    0.000000   -2.436000    1.066333  -1.0066533244E-002
    0.000000    0.000000   -2.433667    1.068667  -1.0145937367E-002
    0.000000    0.000000   -2.431333    1.071000  -1.0226004898E-002
    0.000000    0.000000   -2.429000    1.073333  -1.0306739740E-002
    0.000000    0.000000   -2.426667    1.075667  -1.0388145797E-002
    0.000000    0.000000   -2.424333    1.078000  -1.0470226972E-002
    0.000000    0.000000   -2.422000    1.080333  -1.0552987173E-002
    0.000000    0.000000   -2.419667    1.082667  -1.0636430305E-002
    0.000000    0.000000   -2.417333    1.085000  -1.0720560277E-002
    0.000000    0.000000   -2.415000    1.087333  -1.0805380997E-002
    0.000000    0.000000   -2.412667    1.089667  -1.0890896372E-002
    0.000000    0.000000   -2.410333    1.092000  -1.0977110310E-002
    0.000000    0.000000   -2.408000    1.094333  -1.1064026718E-002
    0.000000    0.000000   -2.405667    1.096667  -1.1151649502E-002
    0.000000    0.000000   -2.403333    1.099000  -1.1239982568E-002
    0.000000    0.000000   -2.401000    1.101333  -1.1329029819E-002
    0.000000    0.000000   -2.398667    1.103667  -1.1418795158E-002
    0.000000    0.000000   -2.396333    1.106000  -1.1509282485E-002
    0.000000    0.000000   -2.394000    1.108333  -1.1600495698E-002
    0.000000    0.000000   -2.391667    1.110667  -1.1692438692E-002
    0.000000    0.000000   -2.389333    1.113000  -1.1785115359E-002
    0.000000    0.000000   -2.387000    1.115333  -1.1878529590E-002
    0.000000    0.000000   -2.384667    1.117667  -1.1972685271E-002
    0.000000    0.000000   -2.382333    1.120000  -1.2067586283E-002
    0.000000    0.000000   -2.380000    1.122333  -1.2163236505E-002
    0.000000    0.000000   -2.377667    1.124667  -1.2259639810E-002
    0.000000    0.000000   -2.375333    1.127000  -1.2356800069E-002
    0.000000    0.000000   -2.373000    1.129333  -1.2454721144E-002
    0.000000    0.000000   -2.370667    1.131667  -1.2553406896E-002
    0.000000    0.000000   -2.368333    1.134000  -1.2652861178E-002
    0.000000    0.000000   -2.366000    1.136333  -1.2753087837E-002
    0.000000    0.000000   -2.363667    1.138667  -1.2854090715E-002
    0.000000    0.000000   -2.361333    1.141000  -1.2955873646E-002
    0.000000    0.000000   -2.359000    1.143333  -1.3058440458E-002
    0.000000    0.000000   -2.356667    1.145667  -1.3161794972E-002
    0.000000    0.000000   -2.354333    1.148000  -1.3265941002E-002
    0.000000    0.000000   -2.352000    1.150333  -1.3370882352E-002
    0.000000    0.000000   -2.349667    1.152667  -1.3476622821E-002
    0.000000    0.000000   -2.347333    1.155000  -1.3583166197E-002
    0.000000    0.000000   -2.345000    1.157333  -1.3690516261E-002
    0.000000    0.000000   -2.342667    1.159667  -1.3798676783E-002
    0.000000    0.000000   -2.340333    1.162000  -1.3907651526E-002
    0.000000    0.000000   -2.338000    1.164333  -1.4017444241E-002
    0.000000    0.000000   -2.335667    1.166667  -1.4128058671E-002
    0.000000    0.000000   -2.333333    1.169000  -1.4239498546E-002
    0.000000    0.000000   -2.331000    1.171333  -1.4351767588E-002
    0.000000    0.000000   -2.328667    1.173667  -1.4464869506E-002
    0.000000    0.000000   -2.326333    1.176000  -1.4578807999E-002
    0.000000    0.000000   -2.324000    1.178333  -1.4693586754E-002
    0.000000    0.000000   -2.321667    1.180667  -1.4809209446E-002
    0.000000    0.000000   -2.319333    1.183000  -1.4925679737E-002
    0.000000    0.000000   -2.317000    1.185333  -1.5043001276E-002
    0.000000    0.000000   -2.314667    1.187667  -1.5161177701E-002
    0.000000    0.000000   -2.312333    1.190000  -1.5280212635E-002
    0.000000    0.000000   -2.310000    1.192333  -1.5400109689E-002
    0.000000    0.000000   -2.307667    1.194667  -1.5520872457E-002
    0.000000    0.000000   -2.305333    1.197000  -1.5642504522E-002
    0.000000    0.000000   -2.303000    1.199333  -1.5765009450E-002
    0.000000    0.000000   -2.300667    1.201667  -1.5888390795E-002
    0.000000    0.000000   -2.298333    1.204000  -1.6012652092E-002
    0.000000    0.000000   -2.296000    1.206333  -1.6137796864E-002
    0.000000    0.000000   -2.293667    1.208667  -1.6263828615E-002
    0.000000    0.000000   -2.291333    1.211000  -1.6390750835E-002
    0.000000    0.000000   -2.289000    1.213333  -1.6518566998E-002
    0.000000    0.000000   -2.286667    1.215667  -1.6647280558E-002
    0.000000    0.000000   -2.284333    1.218000  -1.6776894955E-002
    0.000000    0.000000   -2.282000    1.220333  -1.6907413611E-002
    0.000000    0.000000   -2.279667    1.222667  -1.7038839929E-002
    0.000000    0.000000   -2.277333    1.225000  -1.7171177295E-002
    0.000000    0.000000   -2.275000    1.227333  -1.7304429076E-002
    0.000000    0.000000   -2.272667    1.229667  -1.7438598622E-002
    0.000000    0.000000   -2.270333    1.232000  -1.7573689262E-002
    0.000000    0.000000   -2.268000    1.234333  -1.7709704307E-002
    0.000000    0.000000   -2.265667    1.236667  -1.7846647047E-002
    0.000000    0.000000   -2.263333    1.239000  -1.7984520756E-002
    0.000000    0.000000   -2.261000    1.241333  -1.8123328683E-002
    0.000000    0.000000   -2.258667    1.243667  -1.8263074059E-002
    0.000000    0.000000   -2.256333    1.246000  -1.8403760096E-002
    0.000000    0.000000   -2.254000    1.248333  -1.8545389982E-002
    0.000000    0.000000   -2.251667    1.250667  -1.8687966886E-002
    0.000000    0.000000   -2.249333    1.253000  -1.8831493954E-002
    0.000000    0.000000   -2.247000    1.255333  -1.8975974313E-002
    0.000000    0.000000   -2.244667    1.257667  -1.9121411064E-002
    0.000000    0.000000   -2.242333    1.260000  -1.9267807289E-002
    0.000000    0.000000   -2.240000    1.262333  -1.9415166047E-002
    0.000000    0.000000   -2.237667    1.264667  -1.9563490373E-002
    0.000000    0.000000   -2.235333    1.267000  -1.9712783281E-002
    0.000000    0.000000   -2.233000    1.269333  -1.9863047760E-002
    0.000000    0.000000   -2.230667    1.271667  -2.0014286776E-002
    0.000000    0.000000   -2.228333    1.274000  -2.0166503274E-002
    0.000000    0.000000   -2.226000    1.276333  -2.0319700171E-002
    0.000000    0.000000   -2.223667    1.278667  -2.0473880363E-002
    0.000000    0.000000   -2.221333    1.281000  -2.0629046721E-002
    0.000000    0.000000   -2.219000    1.283333  -2.0785202091E-002
    0.000000    0.000000   -2.216667    1.285667  -2.0942349295E-002
    0.000000    0.000000   -2.214333    1.288000  -2.1100491130E-002
    0.000000    0.000000   -2.212000    1.290333  -2.1259630368E-002
    0.000000    0.000000   -2.209667    1.292667  -2.1419769757E-002
    0.000000    0.000000   -2.207333    1.295000  -2.1580912019E-002
    0.000000    0.000000   -2.205000    1.297333  -2.1743059849E-002
    0.000000    0.000000   -2.202667    1.299667  -2.1906215919E-002
    0.000000    0.000000   -2.200333    1.302000  -2.2070382873E-002
    0.000000    0.000000   -2.198000    1.304333  -2.2235563332E-002
    0.000000    0.000000   -2.195667    1.306667  -2.2401759888E-002
    0.000000    0.000000   -2.193333    1.309000  -2.2568975109E-002
    0.000000    0.000000   -2.191000    1.311333  -2.2737211537E-002
    0.000000    0.000000   -2.188667    1.313667  -2.2906471685E-002
    0.000000    0.000000   -2.186333    1.316000  -2.3076758044E-002
    0.000000    0.000000   -2.184000    1.318333  -2.3248073076E-002
    0.000000    0.000000   -2.181667    1.320667  -2.3420419215E-002
    0.000000    0.000000   -2.179333    1.323000  -2.3593798873E-002
    0.000000    0.000000   -2.177000    1.325333  -2.3768214432E-002
    0.000000    0.000000   -2.174667    1.327667  -2.3943668247E-002
    0.000000    0.000000   -2.172333    1.330000  -2.4120162650E-002
    0.000000    0.000000   -2.170000    1.332333  -2.4297699944E-002
    0.000000    0.000000   -2.167667    1.334667  -2.4476282404E-002
    0.000000    0.000000   -2.165333    1.337000  -2.4655912282E-002
    0.000000    0.000000   -2.163000    1.339333  -2.4836591801E-002
    0.000000    0.000000   -2.160667    1.341667  -2.5018323158E-002
    0.000000    0.000000   -2.158333    1.344000  -2.5201108523E-002
    0.000000    0.000000   -2.156000    1.346333  -2.5384950043E-002
    0.000000    0.000000   -2.153667    1.348667  -2.5569849833E-002
    0.000000    0.000000   -2.151333    1.351000  -2.5755809987E-002
    0.000000    0.000000   -2.149000    1.353333  -2.5942832571E-002
    0.000000    0.000000   -2.146667    1.355667  -2.6130919624E-002
    0.000000    0.000000   -2.144333    1.358000  -2.6320073160E-002
    0.000000    0.000000   -2.142000    1.360333  -2.6510295169E-002
    0.000000    0.000000   -2.139667    1.362667  -2.6701587612E-002
    0.000000    0.000000   -2.137333    1.365000  -2.6893952428E-002
    0.000000    0.000000   -2.135000    1.367333  -2.7087391529E-002
    0.000000    0.000000   -2.132667    1.369667  -2.7281906803E-002
    0.000000    0.000000   -2.130333    1.372000  -2.7477500112E-002
    0.000000    0.000000   -2.128000    1.374333  -2.7674173295E-002
    0.000000    0.000000   -2.125667    1.376667  -2.7871928167E-002
    0.000000    0.000000   -2.123333    1.379000  -2.8070766518E-002
    0.000000    0.000000   -2.121000    1.381333  -2.8270690113E-002
    0.000000    0.000000   -2.118667    1.383667  -2.8471700698E-002
    0.000000    0.000000   -2.116333    1.386000  -2.8673799991E-002
    0.000000    0.000000   -2.114000    1.388333  -2.8876989691E-002
    0.000000    0.000000   -2.111667    1.390667  -2.9081271473E-002
    0.000000    0.000000   -2.109333    1.393000  -2.9286646991E-002
    0.000000    0.000000   -2.107000    1.395333  -2.9493117876E-002
    0.000000    0.000000   -2.104667    1.397667  -2.9700685739E-002
    0.000000    0.000000   -2.102333    1.400000  -2.9909352171E-002
    0.000000    0.000000   -2.100000    1.402333  -3.0119118740E-002
    0.000000    0.000000   -2.097667    1.404667  -3.0329986998E-002
    0.000000    0.000000   -2.095333    1.407000  -3.0541958475E-002
    0.000000    0.000000   -2.093000    1.409333  -3.0755034683E-002
    0.000000    0.000000   -2.090667    1.411667  -3.0969217116E-002
    0.000000    0.000000   -2.088333    1.414000  -3.1184507249E-002
    0.000000    0.000000   -2.086000    1.416333  -3.1400906543E-002
    0.000000    0.000000   -2.083667    1.418667  -3.1618416439E-002
    0.000000    0.000000   -2.081333    1.421000  -3.1837038364E-002
    0.000000    0.000000   -2.079000    1.423333  -3.2056773729E-002
    0.000000    0.000000   -2.076667    1.425667  -3.2277623931E-002
    0.000000    0.000000   -2.074333    1.428000  -3.2499590352E-002
    0.000000    0.000000   -2.072000    1.430333  -3.2722674362E-002
    0.000000    0.000000   -2.069667    1.432667  -3.2946877318E-002
    0.000000    0.000000   -2.067333    1.435000  -3.3172200565E-002
    0.000000    0.000000   -2.065000    1.437333  -3.3398645436E-002
    0.000000    0.000000   -2.062667    1.439667  -3.3626213256E-002
    0.000000    0.000000   -2.060333    1.442000  -3.3854905339E-002
    0.000000    0.000000   -2.058000    1.444333  -3.4084722991E-002
    0.000000    0.000000   -2.055667    1.446667  -3.4315667509E-002
    0.000000    0.000000   -2.053333    1.449000  -3.4547740186E-002
    0.000000    0.000000   -2.051000    1.451333  -3.4780942306E-002
    0.000000    0.000000   -2.048667    1.453667  -3.5015275149E-002
    0.000000    0.000000   -2.046333    1.456000  -3.5250739992E-002
    0.000000    0.000000   -2.044000    1.458333  -3.5487338108E-002
    0.000000    0.000000   -2.041667    1.460667  -3.5725070767E-002
    0.000000    0.000000   -2.039333    1.463000  -3.5963939240E-002
    0.000000    0.000000   -2.037000    1.465333  -3.6203944796E-002
    0.000000    0.000000   -2.034667    1.467667  -3.6445088707E-002
    0.000000    0.000000   -2.032333    1.470000  -3.6687372245E-002
    0.000000    0.000000   -2.030000    1.472333  -3.6930796687E-002
    0.000000    0.000000   -2.027667    1.474667  -3.7175363315E-002
    0.000000    0.000000   -2.025333    1.477000  -3.7421073413E-002
    0.000000    0.000000   -2.023000    1.479333  -3.7667928277E-002
    0.000000    0.000000   -2.020667    1.481667  -3.7915929206E-002
    0.000000    0.000000   -2.018333    1.484000  -3.8165077512E-002
    0.000000    0.000000   -2.016000    1.486333  -3.8415374517E-002
    0.000000    0.000000   -2.013667    1.488667  -3.8666821553E-002
    0.000000    0.000000   -2.011333    1.491000  -3.8919419967E-002
    0.000000    0.000000   -2.009000    1.493333  -3.9173171120E-002
    0.000000    0.000000   -2.006667    1.495667  -3.9428076389E-002
    0.000000    0.000000   -2.004333    1.498000  -3.9684137168E-002
    0.000000    0.000000   -2.002000    1.500333  -3.9941354872E-002
    0.000000    0.000000   -1.999667    1.502667  -4.0199730933E-002
    0.000000    0.000000   -1.997333    1.505000  -4.0459266806E-002
    0.000000    0.000000   -1.995000    1.507333  -4.0719963972E-002
    0.000000    0.000000   -1.992667    1.509667  -4.0981823933E-002
    0.000000    0.000000   -1.990333    1.512000  -4.1244848219E-002
    0.000000    0.000000   -1.988000    1.514333  -4.1509038388E-002
    0.000000    0.000000   -1.985667    1.516667  -4.1774396029E-002
    0.000000    0.000000   -1.983333    1.519000  -4.2040922761E-002
    0.000000    0.000000   -1.981000    1.521333  -4.2308620234E-002
    0.000000    0.000000   -1.978667    1.523667  -4.2577490137E-002
    0.000000    0.000000   -1.976333    1.526000  -4.2847534193E-002
    0.000000    0.000000   -1.974000    1.528333  -4.3118754162E-002
    0.000000    0.000000   -1.971667    1.530667  -4.3391151847E-002
    0.000000    0.000000   -1.969333    1.533000  -4.3664729090E-002
    0.000000    0.000000   -1.967000    1.535333  -4.3939487778E-002
    0.000000    0.000000   -1.964667    1.537667  -4.4215429844E-002
    0.000000    0.000000   -1.962333    1.540000  -4.4492557268E-002
    0.000000    0.000000   -1.960000    1.542333  -4.4770872077E-002
    0.000000    0.000000   -1.957667    1.544667  -4.5050376353E-002
    0.000000    0.000000   -1.955333    1.547000  -4.5331072228E-002
    0.000000    0.000000   -1.953000    1.549333  -4.5612961892E-002
    0.000000    0.000000   -1.950667    1.551667  -4.5896047589E-002
    0.000000    0.000000   -1.948333    1.554000  -4.6180331625E-002
    0.000000    0.000000   -1.946000    1.556333  -4.6465816366E-002
    0.000000    0.000000   -1.943667    1.558667  -4.6752504241E-002
    0.000000    0.000000   -1.941333    1.561000  -4.7040397746E-002
    0.000000    0.000000   -1.939000    1.563333  -4.7329499443E-002
    0.000000    0.000000   -1.936667    1.565667  -4.7619811964E-002
    0.000000    0.000000   -1.934333    1.568000  -4.7911338014E-002
    0.000000    0.000000   -1.932000    1.570333  -4.8204080371E-002
    0.000000    0.000000   -1.929667    1.572667  -4.8498041891E-002
    0.000000    0.000000   -1.927333    1.575000  -4.8793225505E-002
    0.000000    0.000000   -1.925000    1.577333  -4.9089634230E-002
    0.000000    0.000000   -1.922667    1.579667  -4.9387271161E-002
    0.000000    0.000000   -1.920333    1.582000  -4.9686139482E-002
    0.000000    0.000000   -1.918000    1.584333  -4.9986242464E-002
    0.000000    0.000000   -1.915667    1.586667  -5.0287583467E-002
    0.000000    0.000000   -1.913333    1.589000  -5.0590165945E-002
    0.000000    0.000000   -1.911000    1.591333  -5.0893993446E-002
    0.000000    0.000000   -1.908667    1.593667  -5.1199069615E-002
    0.000000    0.000000   -1.906333    1.596000  -5.1505398197E-002
    0.000000    0.000000   -1.904000    1.598333  -5.1812983039E-002
    0.000000    0.000000   -1.901667    1.600667  -5.2121828093E-002
    0.000000    0.000000   -1.899333    1.603000  -5.2431937419E-002
    0.000000    0.000000   -1.897000    1.605333  -5.2743315184E-002
    0.000000    0.000000   -1.894667    1.607667  -5.3055965668E-002
    0.000000    0.000000   -1.892333    1.610000  -5.3369893267E-002
    0.000000    0.000000   -1.890000    1.612333  -5.3685102492E-002
    0.000000    0.000000   -1.887667    1.614667  -5.4001597975E-002
    0.000000    0.000000   -1.885333    1.617000  -5.4319384469E-002
    0.000000    0.000000   -1.883000    1.619333  -5.4638466853E-002
    0.000000    0.000000   -1.880667    1.621667  -5.4958850132E-002
    0.000000    0.000000   -1.878333    1.624000  -5.5280539441E-002
    0.000000    0.000000   -1.876000    1.626333  -5.5603540048E-002
    0.000000    0.000000   -1.873667    1.628667  -5.5927857357E-002
    0.000000    0.000000   -1.871333    1.631000  -5.6253496906E-002
    0.000000    0.000000   -1.869000    1.633333  -5.6580464377E-002
    0.000000    0.000000   -1.866667    1.635667  -5.6908765593E-002
    0.000000    0.000000   -1.864333    1.638000  -5.7238406522E-002
    0.000000    0.000000   -1.862000    1.640333  -5.7569393281E-002
    0.000000    0.000000   -1.859667    1.642667  -5.7901732138E-002
    0.000000    0.000000   -1.857333    1.645000  -5.8235429513E-002
    0.000000    0.000000   -1.855000    1.647333  -5.8570491982E-002
    0.000000    0.000000   -1.852667    1.649667  -5.8906926281E-002
    0.000000    0.000000   -1.850333    1.652000  -5.9244739306E-002
    0.000000    0.000000   -1.848000    1.654333  -5.9583938117E-002
    0.000000    0.000000   -1.845667    1.656667  -5.9924529939E-002
    0.000000    0.000000   -1.843333    1.659000  -6.0266522167E-002
    0.000000    0.000000   -1.841000    1.661333  -6.0609922370E-002
    0.000000    0.000000   -1.838667    1.663667  -6.0954738286E-002
    0.000000    0.000000   -1.836333    1.666000  -6.1300977834E-002
    0.000000    0.000000   -1.834000    1.668333  -6.1648649110E-002
    0.000000    0.000000   -1.831667    1.670667  -6.1997760394E-002
    0.000000    0.000000   -1.829333    1.673000  -6.2348320147E-002
    0.000000    0.000000   -1.827000    1.675333  -6.2700337020E-002
    0.000000    0.000000   -1.824667    1.677667  -6.3053819853E-002
    0.000000    0.000000   -1.822333    1.680000  -6.3408777676E-002
    0.000000    0.000000   -1.820000    1.682333  -6.3765219715E-002
    0.000000    0.000000   -1.817667    1.684667  -6.4123155393E-002
    0.000000    0.000000   -1.815333    1.687000  -6.4482594332E-002
    0.000000    0.000000   -1.813000    1.689333  -6.4843546355E-002
    0.000000    0.000000   -1.810667    1.691667  -6.5206021491E-002
    0.000000    0.000000   -1.808333    1.694000  -6.5570029973E-002
    0.000000    0.000000   -1.806000    1.696333  -6.5935582246E-002
    0.000000    0.000000   -1.803667    1.698667  -6.6302688964E-002
    0.000000    0.000000   -1.801333    1.701000  -6.6671360994E-002
    0.000000    0.000000   -1.799000    1.703333  -6.7041609421E-002
    0.000000    0.000000   -1.796667    1.705667  -6.7413445547E-002
    0.000000    0.000000   -1.794333    1.708000  -6.7786880894E-002
    0.000000    0.000000   -1.792000    1.710333  -6.8161927206E-002
    0.000000    0.000000   -1.789667    1.712667  -6.8538596452E-002
    0.000000    0.000000   -1.787333    1.715000  -6.8916900828E-002
    0.000000    0.000000   -1.785000    1.717333  -6.9296852758E-002
    0.000000    0.000000   -1.782667    1.719667  -6.9678464898E-002
    0.000000    0.000000   -1.780333    1.722000  -7.0061750134E-002
    0.000000    0.000000   -1.778000    1.724333  -7.0446721589E-002
    0.000000    0.000000   -1.775667    1.726667  -7.0833392622E-002
    0.000000    0.000000   -1.773333    1.729000  -7.1221776829E-002
    0.000000    0.000000   -1.771000    1.731333  -7.1611888047E-002
    0.000000    0.000000   -1.768667    1.733667  -7.2003740355E-002
    0.000000    0.000000   -1.766333    1.736000  -7.2397348075E-002
    0.000000    0.000000   -1.764000    1.738333  -7.2792725774E-002
    0.000000    0.000000   -1.761667    1.740667  -7.3189888266E-002
    0.000000    0.000000   -1.759333    1.743000  -7.3588850613E-002
    0.000000    0.000000   -1.757000    1.745333  -7.3989628126E-002
    0.000000    0.000000   -1.754667    1.747667  -7.4392236367E-002
    0.000000    0.000000   -1.752333    1.750000  -7.4796691152E-002
    0.000000    0.000000   -1.750000    1.752333  -7.5203008549E-002
    0.000000    0.000000   -1.747667    1.754667  -7.5611204880E-002
    0.000000    0.000000   -1.745333    1.757000  -7.6021296725E-002
    0.000000    0.000000   -1.743000    1.759333  -7.6433300919E-002
    0.000000    0.000000   -1.740667    1.761667  -7.6847234556E-002
    0.000000    0.000000   -1.738333    1.764000  -7.7263114988E-002
    0.000000    0.000000   -1.736000    1.766333  -7.7680959827E-002
    0.000000    0.000000   -1.733667    1.768667  -7.8100786945E-002
    0.000000    0.000000   -1.731333    1.771000  -7.8522614476E-002
    0.000000    0.000000   -1.729000    1.773333  -7.8946460814E-002
    0.000000    0.000000   -1.726667    1.775667  -7.9372344617E-002
    0.000000    0.000000   -1.724333    1.778000  -7.9800284804E-002
    0.000000    0.000000   -1.722000    1.780333  -8.0230300557E-002
    0.000000    0.000000   -1.719667    1.782667  -8.0662411321E-002
    0.000000    0.000000   -1.717333    1.785000  -8.1096636806E-002
    0.000000    0.000000   -1.715000    1.787333  -8.1532996983E-002
    0.000000    0.000000   -1.712667    1.789667  -8.1971512087E-002
    0.000000    0.000000   -1.710333    1.792000  -8.2412202617E-002
    0.000000    0.000000   -1.708000    1.794333  -8.2855089334E-002
    0.000000    0.000000   -1.705667    1.796667  -8.3300193261E-002
    0.000000    0.000000   -1.703333    1.799000  -8.3747535685E-002
    0.000000    0.000000   -1.701000    1.801333  -8.4197138153E-002
    0.000000    0.000000   -1.698667    1.803667  -8.4649022474E-002
    0.000000    0.000000   -1.696333    1.806000  -8.5103210716E-002
    0.000000    0.000000   -1.694000    1.808333  -8.5559725207E-002
    0.000000    0.000000   -1.691667    1.810667  -8.6018588535E-002
    0.000000    0.000000   -1.689333    1.813000  -8.6479823542E-002
    0.000000    0.000000   -1.687000    1.815333  -8.6943453329E-002
    0.000000    0.000000   -1.684667    1.817667  -8.7409501250E-002
    0.000000    0.000000   -1.682333    1.820000  -8.7877990915E-002
    0.000000    0.000000   -1.680000    1.822333  -8.8348946182E-002
    0.000000    0.000000   -1.677667    1.824667  -8.8822391164E-002
    0.000000    0.000000   -1.675333    1.827000  -8.9298350218E-002
    0.000000    0.000000   -1.673000    1.829333  -8.9776847950E-002
    0.000000    0.000000   -1.670667    1.831667  -9.0257909210E-002
    0.000000    0.000000   -1.668333    1.834000  -9.0741559092E-002
    0.000000    0.000000   -1.666000    1.836333  -9.1227822927E-002
    0.000000    0.000000   -1.663667    1.838667  -9.1716726286E-002
    0.000000    0.000000   -1.661333    1.841000  -9.2208294974E-002
    0.000000    0.000000   -1.659000    1.843333  -9.2702555032E-002
    0.000000    0.000000   -1.656667    1.845667  -9.3199532725E-002
    0.000000    0.000000   -1.654333    1.848000  -9.3699254550E-002
    0.000000    0.000000   -1.652000    1.850333  -9.4201747225E-002
    0.000000    0.000000   -1.649667    1.852667  -9.4707037690E-002
    0.000000    0.000000   -1.647333    1.855000  -9.5215153101E-002
    0.000000    0.000000   -1.645000    1.857333  -9.5726120830E-002
    0.000000    0.000000   -1.642667    1.859667  -9.6239968458E-002
    0.000000    0.000000   -1.640333    1.862000  -9.6756723772E-002
    0.000000    0.000000   -1.638000    1.864333  -9.7276414763E-002
    0.000000    0.000000   -1.635667    1.866667  -9.7799069619E-002
    0.000000    0.000000   -1.633333    1.869000  -9.8324716724E-002
    0.000000    0.000000   -1.631000    1.871333  -9.8853384653E-002
    0.000000    0.000000   -1.628667    1.873667  -9.9385102165E-002
    0.000000    0.000000   -1.626333    1.876000  -9.9919898201E-002
    0.000000    0.000000   -1.624000    1.878333  -1.0045780188E-001
    0.000000    0.000000   -1.621667    1.880667  -1.0099884249E-001
    0.000000    0.000000   -1.619333    1.883000  -1.0154304949E-001
    0.000000    0.000000   -1.617000    1.885333  -1.0209045249E-001
    0.000000    0.000000   -1.614667    1.887667  -1.0264108127E-001
    0.000000    0.000000   -1.612333    1.890000  -1.0319496576E-001
    0.000000    0.000000   -1.610000    1.892333  -1.0375213602E-001
    0.000000    0.000000   -1.607667    1.894667  -1.0431262227E-001
    0.000000    0.000000   -1.605333    1.897000  -1.0487645485E-001
    0.000000    0.000000   -1.603000    1.899333  -1.0544366424E-001
    0.000000    0.000000   -1.600667    1.901667  -1.0601428102E-001
    0.000000    0.000000   -1.598333    1.904000  -1.0658833591E-001
    0.000000    0.000000   -1.596000    1.906333  -1.0716585972E-001
    0.000000    0.000000   -1.593667    1.908667  -1.0774688339E-001
    0.000000    0.000000   -1.591333    1.911000  -1.0833143792E-001
    0.000000    0.000000   -1.589000    1.913333  -1.0891955443E-001
    0.000000    0.000000   -1.586667    1.915667  -1.0951126410E-001
    0.000000    0.000000   -1.584333    1.918000  -1.1010659820E-001
    0.000000    0.000000   -1.582000    1.920333  -1.1070558806E-001
    0.000000    0.000000   -1.579667    1.922667  -1.1130826509E-001
    0.000000    0.000000   -1.577333    1.925000  -1.1191466072E-001
    0.000000    0.000000   -1.575000    1.927333  -1.1252480645E-001
    0.000000    0.000000   -1.572667    1.929667  -1.1313873382E-001
    0.000000    0.000000   -1.570333    1.932000  -1.1375647438E-001
    0.000000    0.000000   -1.568000    1.934333  -1.1437805974E-001
    0.000000    0.000000   -1.565667    1.936667  -1.1500352148E-001
    0.000000    0.000000   -1.563333    1.939000  -1.1563289121E-001
    0.000000    0.000000   -1.561000    1.941333  -1.1626620055E-001
    0.000000    0.000000   -1.558667    1.943667  -1.1690348108E-001
    0.000000    0.000000   -1.556333    1.946000  -1.1754476439E-001
    0.000000    0.000000   -1.554000    1.948333  -1.1819008204E-001
    0.000000    0.000000   -1.551667    1.950667  -1.1883946553E-001
    0.000000    0.000000   -1.549333    1.953000  -1.1949294634E-001
    0.000000    0.000000   -1.547000    1.955333  -1.2015055590E-001
    0.000000    0.000000   -1.544667    1.957667  -1.2081232556E-001
    0.000000    0.000000   -1.542333    1.960000  -1.2147828662E-001
    0.000000    0.000000   -1.540000    1.962333  -1.2214847027E-001
    0.000000    0.000000   -1.537667    1.964667  -1.2282290766E-001
    0.000000    0.000000   -1.535333    1.967000  -1.2350162979E-001
    0.000000    0.000000   -1.533000    1.969333  -1.2418466760E-001
    0.000000    0.000000   -1.530667    1.971667  -1.2487205188E-001
    0.000000    0.000000   -1.528333    1.974000  -1.2556381331E-001
    0.000000    0.000000   -1.526000    1.976333  -1.2625998244E-001
    0.000000    0.000000   -1.523667    1.978667  -1.2696058966E-001
    0.000000    0.000000   -1.521333    1.981000  -1.2766566524E-001
    0.000000    0.000000   -1.519000    1.983333  -1.2837523925E-001
    0.000000    0.000000   -1.516667    1.985667  -1.2908934162E-001
    0.000000    0.000000   -1.514333    1.988000  -1.2980800207E-001
    0.000000    0.000000   -1.512000    1.990333  -1.3053125016E-001
    0.000000    0.000000   -1.509667    1.992667  -1.3125911523E-001
    0.000000    0.000000   -1.507333    1.995000  -1.3199162642E-001
    0.000000    0.000000   -1.505000    1.997333  -1.3272881266E-001
    0.000000    0.000000   -1.502667    1.999667  -1.3347070264E-001
    0.000000    0.000000   -1.500333    2.002000  -1.3421732483E-001
    0.000000    0.000000   -1.498000    2.004333  -1.3496870742E-001
    0.000000    0.000000   -1.495667    2.006667  -1.3572487840E-001
    0.000000    0.000000   -1.493333    2.009000  -1.3648586545E-001
    0.000000    0.000000   -1.491000    2.011333  -1.3725169601E-001
    0.000000    0.000000   -1.488667    2.013667  -1.3802239721E-001
    0.000000    0.000000   -1.486333    2.016000  -1.3879799593E-001
    0.000000    0.000000   -1.484000    2.018333  -1.3957851872E-001
    0.000000    0.000000   -1.481667    2.020667  -1.4036399184E-001
    0.000000    0.000000   -1.479333    2.023000  -1.4115444122E-001
    0.000000    0.000000   -1.477000    2.025333  -1.4194989250E-001
    0.000000    0.000000   -1.474667    2.027667  -1.4275037094E-001
    0.000000    0.000000   -1.472333    2.030000  -1.4355590152E-001
    0.000000    0.000000   -1.470000    2.032333  -1.4436650883E-001
    0.000000    0.000000   -1.467667    2.034667  -1.4518221713E-001
    0.000000    0.000000   -1.465333    2.037000  -1.4600305030E-001
    0.000000    0.000000   -1.463000    2.039333  -1.4682903189E-001
    0.000000    0.000000   -1.460667    2.041667  -1.4766018502E-001
    0.000000    0.000000   -1.458333    2.044000  -1.4849653249E-001
    0.000000    0.000000   -1.456000    2.046333  -1.4933809667E-001
    0.000000    0.000000   -1.453667    2.048667  -1.5018489955E-001
    0.000000    0.000000   -1.451333    2.051000  -1.5103696274E-001
    0.000000    0.000000   -1.449000    2.053333  -1.5189430741E-001
    0.000000    0.000000   -1.446667    2.055667  -1.5275695435E-001
    0.000000    0.000000   -1.444333    2.058000  -1.5362492393E-001
    0.000000    0.000000   -1.442000    2.060333  -1.5449823610E-001
    0.000000    0.000000   -1.439667    2.062667  -1.5537691038E-001
    0.000000    0.000000   -1.437333    2.065000  -1.5626096587E-001
    0.000000    0.000000   -1.435000    2.067333  -1.5715042124E-001
    0.000000    0.000000   -1.432667    2.069667  -1.5804529473E-001
    0.000000    0.000000   -1.430333    2.072000  -1.5894560415E-001
    0.000000    0.000000   -1.428000    2.074333  -1.5985136685E-001
    0.000000    0.000000   -1.425667    2.076667  -1.6076259976E-001
    0.000000    0.000000   -1.423333    2.079000  -1.6167931937E-001
    0.000000    0.000000   -1.421000    2.081333  -1.6260154172E-001
    0.000000    0.000000   -1.418667    2.083667  -1.6352928240E-001
    0.000000    0.000000   -1.416333    2.086000  -1.6446255657E-001
    0.000000    0.000000   -1.414000    2.088333  -1.6540137895E-001
    0.000000    0.000000   -1.411667    2.090667  -1.6634576381E-001
    0.000000    0.000000   -1.409333    2.093000  -1.6729572498E-001
    0.000000    0.000000   -1.407000    2.095333  -1.6825127587E-001
    0.000000    0.000000   -1.404667    2.097667  -1.6921242942E-001
    0.000000    0.000000   -1.402333    2.100000  -1.7017919816E-001
    0.000000    0.000000   -1.400000    2.102333  -1.7115159420E-001
    0.000000    0.000000   -1.397667    2.104667  -1.7212962921E-001
    0.000000    0.000000   -1.395333    2.107000  -1.7311331444E-001
    0.000000    0.000000   -1.393000    2.109333  -1.7410266073E-001
    0.000000    0.000000   -1.390667    2.111667  -1.7509767850E-001
    0.000000    0.000000   -1.388333    2.114000  -1.7609837779E-001
    0.000000    0.000000   -1.386000    2.116333  -1.7710476822E-001
    0.000000    0.000000   -1.383667    2.118667  -1.7811685904E-001
    0.000000    0.000000   -1.381333    2.121000  -1.7913465910E-001
    0.000000    0.000000   -1.379000    2.123333  -1.8015817691E-001
    0.000000    0.000000   -1.376667    2.125667  -1.8118742057E-001
    0.000000    0.000000   -1.374333    2.128000  -1.8222239788E-001
    0.000000    0.000000   -1.372000    2.130333  -1.8326311627E-001
    0.000000    0.000000   -1.369667    2.132667  -1.8430958284E-001
    0.000000    0.000000   -1.367333    2.135000  -1.8536180438E-001
    0.000000    0.000000   -1.365000    2.137333  -1.8641978738E-001
    0.000000    0.000000   -1.362667    2.139667  -1.8748353801E-001
    0.000000    0.000000   -1.360333    2.142000  -1.8855306221E-001
    0.000000    0.000000   -1.358000    2.144333  -1.8962836560E-001
    0.000000    0.000000   -1.355667    2.146667  -1.9070945361E-001
    0.000000    0.000000   -1.353333    2.149000  -1.9179633138E-001
    0.000000    0.000000   -1.351000    2.151333  -1.9288900387E-001
    0.000000    0.000000   -1.348667    2.153667  -1.9398747582E-001
    0.000000    0.000000   -1.346333    2.156000  -1.9509175182E-001
    0.000000    0.000000   -1.344000    2.158333  -1.9620183626E-001
    0.000000    0.000000   -1.341667    2.160667  -1.9731773339E-001
    0.000000    0.000000   -1.339333    2.163000  -1.9843944736E-001
    0.000000    0.000000   -1.337000    2.165333  -1.9956698218E-001
    0.000000    0.000000   -1.334667    2.167667  -2.0070034180E-001
    0.000000    0.000000   -1.332333    2.170000  -2.0183953008E-001
    0.000000    0.000000   -1.330000    2.172333  -2.0298455087E-001
    0.000000    0.000000   -1.327667    2.174667  -2.0413540796E-001
    0.000000    0.000000   -1.325333    2.177000  -2.0529210517E-001
    0.000000    0.000000   -1.323000    2.179333  -2.0645464633E-001
    0.000000    0.000000   -1.320667    2.181667  -2.0762303531E-001
    0.000000    0.000000   -1.318333    2.184000  -2.0879727606E-001
    0.000000    0.000000   -1.316000    2.186333  -2.0997737263E-001
    0.000000    0.000000   -1.313667    2.188667  -2.1116332917E-001
    0.000000    0.000000   -1.311333    2.191000  -2.1235514997E-001
    0.000000    0.000000   -1.309000    2.193333  -2.1355283952E-001
    0.000000    0.000000   -1.306667    2.195667  -2.1475640247E-001
    0.000000    0.000000   -1.304333    2.198000  -2.1596584368E-001
    0.000000    0.000000   -1.302000    2.200333  -2.1718116829E-001
    0.000000    0.000000   -1.299667    2.202667  -2.1840238168E-001
    0.000000    0.000000   -1.297333    2.205000  -2.1962948952E-001
    0.000000    0.000000   -1.295000    2.207333  -2.2086249782E-001
    0.000000    0.000000   -1.292667    2.209667  -2.2210141291E-001
    0.000000    0.000000   -1.290333    2.212000  -2.2334624151E-001
    0.000000    0.000000   -1.288000    2.214333  -2.2459699072E-001
    0.000000    0.000000   -1.285667    2.216667  -2.2585366806E-001
    0.000000    0.000000   -1.283333    2.219000  -2.2711628150E-001
    0.000000    0.000000   -1.281000    2.221333  -2.2838483948E-001
    0.000000    0.000000   -1.278667    2.223667  -2.2965935092E-001
    0.000000    0.000000   -1.276333    2.226000  -2.3093982528E-001
    0.000000    0.000000   -1.274000    2.228333  -2.3222627253E-001
    0.000000    0.000000   -1.271667    2.230667  -2.3351870322E-001
    0.000000    0.000000   -1.269333    2.233000  -2.3481712849E-001
    0.000000    0.000000   -1.267000    2.235333  -2.3612156005E-001
    0.000000    0.000000   -1.264667    2.237667  -2.3743201029E-001
    0.000000    0.000000   -1.262333    2.240000  -2.3874849219E-001
    0.000000    0.000000   -1.260000    2.242333  -2.4007101943E-001
    0.000000    0.000000   -1.257667    2.244667  -2.4139960636E-001
    0.000000    0.000000   -1.255333    2.247000  -2.4273426802E-001
    0.000000    0.000000   -1.253000    2.249333  -2.4407502018E-001
    0.000000    0.000000   -1.250667    2.251667  -2.4542187932E-001
    0.000000    0.000000   -1.248333    2.254000  -2.4677486268E-001
    0.000000    0.000000   -1.246000    2.256333  -2.4813398823E-001
    0.000000    0.000000   -1.243667    2.258667  -2.4949927472E-001
    0.000000    0.000000   -1.241333    2.261000  -2.5087074166E-001
    0.000000    0.000000   -1.239000    2.263333  -2.5224840935E-001
    0.000000    0.000000   -1.236667    2.265667  -2.5363229886E-001
    0.000000    0.000000   -1.234333    2.268000  -2.5502243205E-001
    0.000000    0.000000   -1.232000    2.270333  -2.5641883156E-001
    0.000000    0.000000   -1.229667    2.272667  -2.5782152083E-001
    0.000000    0.000000   -1.227333    2.275000  -2.5923052409E-001
    0.000000    0.000000   -1.225000    2.277333  -2.6064586631E-001
    0.000000    0.000000   -1.222667    2.279667  -2.6206757328E-001
    0.000000    0.000000   -1.220333    2.282000  -2.6349567151E-001
    0.000000    0.000000   -1.218000    2.284333  -2.6493018829E-001
    0.000000    0.000000   -1.215667    2.286667  -2.6637115163E-001
    0.000000    0.000000   -1.213333    2.289000  -2.6781859026E-001
    0.000000    0.000000   -1.211000    2.291333  -2.6927253361E-001
    0.000000    0.000000   -1.208667    2.293667  -2.7073301177E-001
    0.000000    0.000000   -1.206333    2.296000  -2.7220005551E-001
    0.000000    0.000000   -1.204000    2.298333  -2.7367369619E-001
    0.000000    0.000000   -1.201667    2.300667  -2.7515396577E-001
    0.000000    0.000000   -1.199333    2.303000  -2.7664089677E-001
    0.000000    0.000000   -1.197000    2.305333  -2.7813452220E-001
    0.000000    0.000000   -1.194667    2.307667  -2.7963487557E-001
    0.000000    0.000000   -1.192333    2.310000  -2.8114199080E-001
    0.000000    0.000000   -1.190000    2.312333  -2.8265590220E-001
    0.000000    0.000000   -1.187667    2.314667  -2.8417664441E-001
    0.000000    0.000000   -1.185333    2.317000  -2.8570425233E-001
    0.000000    0.000000   -1.183000    2.319333  -2.8723876108E-001
    0.000000    0.000000   -1.180667    2.321667  -2.8878020592E-001
    0.000000    0.000000   -1.178333    2.324000  -2.9032862222E-001
    0.000000    0.000000   -1.176000    2.326333  -2.9188404531E-001
    0.000000    0.000000   -1.173667    2.328667  -2.9344651051E-001
    0.000000    0.000000   -1.171333    2.331000  -2.9501605298E-001
    0.000000    0.000000   -1.169000    2.333333  -2.9659270763E-001
    0.000000    0.000000   -1.166667    2.335667  -2.9817650910E-001
    0.000000    0.000000   -1.164333    2.338000  -2.9976749161E-001
    0.000000    0.000000   -1.162000    2.340333  -3.0136568887E-001
    0.000000    0.000000   -1.159667    2.342667  -3.0297113401E-001
    0.000000    0.000000   -1.157333    2.345000  -3.0458385947E-001
    0.000000    0.000000   -1.155000    2.347333  -3.0620389686E-001
    0.000000    0.000000   -1.152667    2.349667  -3.0783127690E-001
    0.000000    0.000000   -1.150333    2.352000  -3.0946602925E-001
    0.000000    0.000000   -1.148000    2.354333  -3.1110818245E-001
    0.000000    0.000000   -1.145667    2.356667  -3.1275776374E-001
    0.000000    0.000000   -1.143333    2.359000  -3.1441479897E-001
    0.000000    0.000000   -1.141000    2.361333  -3.1607931245E-001
    0.000000    0.000000   -1.138667    2.363667  -3.1775132682E-001
    0.000000    0.000000   -1.136333    2.366000  -3.1943086294E-001
    0.000000    0.000000   -1.134000    2.368333  -3.2111793967E-001
    0.000000    0.000000   -1.131667    2.370667  -3.2281257381E-001
    0.000000    0.000000   -1.129333    2.373000  -3.2451477990E-001
    0.000000    0.000000   -1.127000    2.375333  -3.2622457008E-001
    0.000000    0.000000   -1.124667    2.377667  -3.2794195393E-001
    0.000000    0.000000   -1.122333    2.380000  -3.2966693832E-001
    0.000000    0.000000   -1.120000    2.382333  -3.3139952724E-001
    0.000000    0.000000   -1.117667    2.384667  -3.3313972163E-001
    0.000000    0.000000   -1.115333    2.387000  -3.3488751921E-001
    0.000000    0.000000   -1.113000    2.389333  -3.3664291433E-001
    0.000000    0.000000   -1.110667    2.391667  -3.3840589779E-001
    0.000000    0.000000   -1.108333    2.394000  -3.4017645663E-001
    0.000000    0.000000   -1.106000    2.396333  -3.4195457403E-001
    0.000000    0.000000   -1.103667    2.398667  -3.4374022906E-001
    0.000000    0.000000   -1.101333    2.401000  -3.4553339654E-001
    0.000000    0.000000   -1.099000    2.403333  -3.4733404688E-001
    0.000000    0.000000   -1.096667    2.405667  -3.4914214585E-001
    0.000000    0.000000   -1.094333    2.408000  -3.5095765447E-001
    0.000000    0.000000   -1.092000    2.410333  -3.5278052878E-001
    0.000000    0.000000   -1.089667    2.412667  -3.5461071972E-001
    0.000000    0.000000   -1.087333    2.415000  -3.5644817292E-001
    0.000000    0.000000   -1.085000    2.417333  -3.5829282858E-001
    0.000000    0.000000   -1.082667    2.419667  -3.6014462126E-001
    0.000000    0.000000   -1.080333    2.422000  -3.6200347977E-001
    0.000000    0.000000   -1.078000    2.424333  -3.6386932702E-001
    0.000000    0.000000   -1.075667    2.426667  -3.6574207986E-001
    0.000000    0.000000   -1.073333    2.429000  -3.6762164897E-001
    0.000000    0.000000   -1.071000    2.431333  -3.6950793875E-001
    0.000000    0.000000   -1.068667    2.433667  -3.7140084719E-001
    0.000000    0.000000   -1.066333    2.436000  -3.7330026582E-001
    0.000000    0.000000   -1.064000    2.438333  -3.7520607958E-001
    0.000000    0.000000   -1.061667    2.440667  -3.7711816682E-001
    0.000000    0.000000   -1.059333    2.443000  -3.7903639922E-001
    0.000000    0.000000   -1.057000    2.445333  -3.8096064181E-001
    0.000000    0.000000   -1.054667    2.447667  -3.8289075294E-001
    0.000000    0.000000   -1.052333    2.450000  -3.8482658436E-001
    0.000000    0.000000   -1.050000    2.452333  -3.8676798124E-001
    0.000000    0.000000   -1.047667    2.454667  -3.8871478229E-001
    0.000000    0.000000   -1.045333    2.457000  -3.9066681991E-001
    0.000000    0.000000   -1.043000    2.459333  -3.9262392032E-001
    0.000000    0.000000   -1.040667    2.461667  -3.9458590380E-001
    0.000000    0.000000   -1.038333    2.464000  -3.9655258494E-001
    0.000000    0.000000   -1.036000    2.466333  -3.9852377293E-001
    0.000000    0.000000   -1.033667    2.468667  -4.0049927193E-001
    0.000000    0.000000   -1.031333    2.471000  -4.0247888151E-001
    0.000000    0.000000   -1.029000    2.473333  -4.0446239704E-001
    0.000000    0.000000   -1.026667    2.475667  -4.0644961032E-001
    0.000000    0.000000   -1.024333    2.478000  -4.0844031011E-001
    0.000000    0.000000   -1.022000    2.480333  -4.1043428282E-001
    0.000000    0.000000   -1.019667    2.482667  -4.1243131328E-001
    0.000000    0.000000   -1.017333    2.485000  -4.1443118552E-001
    0.000000    0.000000   -1.015000    2.487333  -4.1643368369E-001
    0.000000    0.000000   -1.012667    2.489667  -4.1843859306E-001
    0.000000    0.000000   -1.010333    2.492000  -4.2044570107E-001
    0.000000    0.000000   -1.008000    2.494333  -4.2245479850E-001
    0.000000    0.000000   -1.005667    2.496667  -4.2446568071E-001
    0.000000    0.000000   -1.003333    2.499000  -4.2647814900E-001
    0.000000    0.000000   -1.001000    2.501333  -4.2849201201E-001
    0.000000    0.000000   -0.998667    2.503667  -4.3050708726E-001
    0.000000    0.000000   -0.996333    2.506000  -4.3252320278E-001
    0.000000    0.000000   -0.994000    2.508333  -4.3454019878E-001
    0.000000    0.000000   -0.991667    2.510667  -4.3655792942E-001
    0.000000    0.000000   -0.989333    2.513000  -4.3857626474E-001
    0.000000    0.000000   -0.987000    2.515333  -4.4059509251E-001
    0.000000    0.000000   -0.984667    2.517667  -4.4261432029E-001
    0.000000    0.000000   -0.982333    2.520000  -4.4463387747E-001
    0.000000    0.000000   -0.980000    2.522333  -4.4665371734E-001
    0.000000    0.000000   -0.977667    2.524667  -4.4867381930E-001
    0.000000    0.000000   -0.975333    2.527000  -4.5069419093E-001
    0.000000    0.000000   -0.973000    2.529333  -4.5271487020E-001
    0.000000    0.000000   -0.970667    2.531667  -4.5473592759E-001
    0.000000    0.000000   -0.968333    2.534000  -4.5675746822E-001
    0.000000    0.000000   -0.966000    2.536333  -4.5877963385E-001
    0.000000    0.000000   -0.963667    2.538667  -4.6080260486E-001
    0.000000    0.000000   -0.961333    2.541000  -4.6282660213E-001
    0.000000    0.000000   -0.959000    2.543333  -4.6485188871E-001
    0.000000    0.000000   -0.956667    2.545667  -4.6687877136E-001
    0.000000    0.000000   -0.954333    2.548000  -4.6890760192E-001
    0.000000    0.000000   -0.952000    2.550333  -4.7093877840E-001
    0.000000    0.000000   -0.949667    2.552667  -4.7297274578E-001
    0.000000    0.000000   -0.947333    2.555000  -4.7500999658E-001
    0.000000    0.000000   -0.945000    2.557333  -4.7705107098E-001
    0.000000    0.000000   -0.942667    2.559667  -4.7909655666E-001
    0.000000    0.000000   -0.940333    2.562000  -4.8114708810E-001
    0.000000    0.000000   -0.938000    2.564333  -4.8320334554E-001
    0.000000    0.000000   -0.935667    2.566667  -4.8526605334E-001
    0.000000    0.000000   -0.933333    2.569000  -4.8733597785E-001
    0.000000    0.000000   -0.931000    2.571333  -4.8941392469E-001
    0.000000    0.000000   -0.928667    2.573667  -4.9150073542E-001
    0.000000    0.000000   -0.926333    2.576000  -4.9359728360E-001
    0.000000    0.000000   -0.924000    2.578333  -4.9570447013E-001
    0.000000    0.000000   -0.921667    2.580667  -4.9782321794E-001
    0.000000    0.000000   -0.919333    2.583000  -4.9995446594E-001
    0.000000    0.000000   -0.917000    2.585333  -5.0209916232E-001
    0.000000    0.000000   -0.914667    2.587667  -5.0425825697E-001
    0.000000    0.000000   -0.912333    2.590000  -5.0643269334E-001
    0.000000    0.000000   -0.910000    2.592333  -5.0862339942E-001
    0.000000    0.000000   -0.907667    2.594667  -5.1083127810E-001
    0.000000    0.000000   -0.905333    2.597000  -5.1305719679E-001
    0.000000    0.000000   -0.903000    2.599333  -5.1530197637E-001
    0.000000    0.000000   -0.900667    2.601667  -5.1756637955E-001
    0.000000    0.000000   -0.898333    2.604000  -5.1985109856E-001
    0.000000    0.000000   -0.896000    2.606333  -5.2215674243E-001
    0.000000    0.000000   -0.893667    2.608667  -5.2448382372E-001
    0.000000    0.000000   -0.891333    2.611000  -5.2683274490E-001
    0.000000    0.000000   -0.889000    2.613333  -5.2920378441E-001
    0.000000    0.000000   -0.886667    2.615667  -5.3159708257E-001
    0.000000    0.000000   -0.884333    2.618000  -5.3401262734E-001
    0.000000    0.000000   -0.882000    2.620333  -5.3645024008E-001
    0.000000    0.000000   -0.879667    2.622667  -5.3890956151E-001
    0.000000    0.000000   -0.877333    2.625000  -5.4139003788E-001
    0.000000    0.000000   -0.875000    2.627333  -5.4389090755E-001
    0.000000    0.000000   -0.872667    2.629667  -5.4641118806E-001
    0.000000    0.000000   -0.870333    2.632000  -5.4894966400E-001
    0.000000    0.000000   -0.868000    2.634333  -5.5150487554E-001
    0.000000    0.000000   -0.865667    2.636667  -5.5407510807E-001
    0.000000    0.000000   -0.863333    2.639000  -5.5665838284E-001
    0.000000    0.000000   -0.861000    2.641333  -5.5925244898E-001
    0.000000    0.000000   -0.858667    2.643667  -5.6185477682E-001
    0.000000    0.000000   -0.856333    2.646000  -5.6446255283E-001
    0.000000    0.000000   -0.854000    2.648333  -5.6707267615E-001
    0.000000    0.000000   -0.851667    2.650667  -5.6968175699E-001
    0.000000    0.000000   -0.849333    2.653000  -5.7228611687E-001
    0.000000    0.000000   -0.847000    2.655333  -5.7488179093E-001
    0.000000    0.000000   -0.844667    2.657667  -5.7746453220E-001
    0.000000    0.000000   -0.842333    2.660000  -5.8002981816E-001
    0.000000    0.000000   -0.840000    2.662333  -5.8257285942E-001
    0.000000    0.000000   -0.837667    2.664667  -5.8508861065E-001
    0.000000    0.000000   -0.835333    2.667000  -5.8757178376E-001
    0.000000    0.000000   -0.833000    2.669333  -5.9001686333E-001
    0.000000    0.000000   -0.830667    2.671667  -5.9241812423E-001
    0.000000    0.000000   -0.828333    2.674000  -5.9476965143E-001
    0.000000    0.000000   -0.826000    2.676333  -5.9706536190E-001
    0.000000    0.000000   -0.823667    2.678667  -5.9929902843E-001
    0.000000    0.000000   -0.821333    2.681000  -6.0146430545E-001
    0.000000    0.000000   -0.819000    2.683333  -6.0355475647E-001
    0.000000    0.000000   -0.816667    2.685667  -6.0556388315E-001
    0.000000    0.000000   -0.814333    2.688000  -6.0748515577E-001
    0.000000    0.000000   -0.812000    2.690333  -6.0931204488E-001
    0.000000    0.000000   -0.809667    2.692667  -6.1103805394E-001
    0.000000    0.000000   -0.807333    2.695000  -6.1265675266E-001
    0.000000    0.000000   -0.805000    2.697333  -6.1416181095E-001
    0.000000    0.000000   -0.802667    2.699667  -6.1554703299E-001
    0.000000    0.000000   -0.800333    2.702000  -6.1680639139E-001
    0.000000    0.000000   -0.798000    2.704333  -6.1793406100E-001
    0.000000    0.000000   -0.795667    2.706667  -6.1892445219E-001
    0.000000    0.000000   -0.793333    2.709000  -6.1977224329E-001
    0.000000    0.000000   -0.791000    2.711333  -6.2047241189E-001
    0.000000    0.000000   -0.788667    2.713667  -6.2102026484E-001
    0.000000    0.000000   -0.786333    2.716000  -6.2141146656E-001
    0.000000    0.000000   -0.784000    2.718333  -6.2164206553E-001
    0.000000    0.000000   -0.781667    2.720667  -6.2170851859E-001
    0.000000    0.000000   -0.779333    2.723000  -6.2160771301E-001
    0.000000    0.000000   -0.777000    2.725333  -6.2133698598E-001
    0.000000    0.000000   -0.774667    2.727667  -6.2089414144E-001
    0.000000    0.000000   -0.772333    2.730000  -6.2027746403E-001
    0.000000    0.000000   -0.770000    2.732333  -6.1948573011E-001
    0.000000    0.000000   -0.767667    2.734667  -6.1851821565E-001
    0.000000    0.000000   -0.765333    2.737000  -6.1737470105E-001
    0.000000    0.000000   -0.763000    2.739333  -6.1605547268E-001
    0.000000    0.000000   -0.760667    2.741667  -6.1456132128E-001
    0.000000    0.000000   -0.758333    2.744000  -6.1289353715E-001
    0.000000    0.000000   -0.756000    2.746333  -6.1105390223E-001
    0.000000    0.000000   -0.753667    2.748667  -6.0904467898E-001
    0.000000    0.000000   -0.751333    2.751000  -6.0686859649E-001
    0.000000    0.000000   -0.749000    2.753333  -6.0452883355E-001
    0.000000    0.000000   -0.746667    2.755667  -6.0202899915E-001
    0.000000    0.000000   -0.744333    2.758000  -5.9937311038E-001
    0.000000    0.000000   -0.742000    2.760333  -5.9656556811E-001
    0.000000    0.000000   -0.739667    2.762667  -5.9361113042E-001
    0.000000    0.000000   -0.737333    2.765000  -5.9051488431E-001
    0.000000    0.000000   -0.735000    2.767333  -5.8728221565E-001
    0.000000    0.000000   -0.732667    2.769667  -5.8391877785E-001
    0.000000    0.000000   -0.730333    2.772000  -5.8043045939E-001
    0.000000    0.000000   -0.728000    2.774333  -5.7682335050E-001
    0.000000    0.000000   -0.725667    2.776667  -5.7310370933E-001
    0.000000    0.000000   -0.723333    2.779000  -5.6927792776E-001
    0.000000    0.000000   -0.721000    2.781333  -5.6535249729E-001
    0.000000    0.000000   -0.718667    2.783667  -5.6133397508E-001
    0.000000    0.000000   -0.716333    2.786000  -5.5722895059E-001
    0.000000    0.000000   -0.714000    2.788333  -5.5304401286E-001
    0.000000    0.000000   -0.711667    2.790667  -5.4878571886E-001
    0.000000    0.000000   -0.709333    2.793000  -5.4446056302E-001
    0.000000    0.000000   -0.707000    2.795333  -5.4007494812E-001
    0.000000    0.000000   -0.704667    2.797667  -5.3563515777E-001
    0.000000    0.000000   -0.702333    2.800000  -5.3114733063E-001
    0.000000    0.000000   -0.700000    2.802333  -5.2661743656E-001
    0.000000    0.000000   -0.697667    2.804667  -5.2205125462E-001
    0.000000    0.000000   -0.695333    2.807000  -5.1745435332E-001
    0.000000    0.000000   -0.693000    2.809333  -5.1283207293E-001
    0.000000    0.000000   -0.690667    2.811667  -5.0818951004E-001
    0.000000    0.000000   -0.688333    2.814000  -5.0353150434E-001
    0.000000    0.000000   -0.686000    2.816333  -4.9886262768E-001
    0.000000    0.000000   -0.683667    2.818667  -4.9418717533E-001
    0.000000    0.000000   -0.681333    2.821000  -4.8950915945E-001
    0.000000    0.000000   -0.679000    2.823333  -4.8483230475E-001
    0.000000    0.000000   -0.676667    2.825667  -4.8016004617E-001
    0.000000    0.000000   -0.674333    2.828000  -4.7549552861E-001
    0.000000    0.000000   -0.672000    2.830333  -4.7084160852E-001
    0.000000    0.000000   -0.669667    2.832667  -4.6620085732E-001
    0.000000    0.000000   -0.667333    2.835000  -4.6157556648E-001
    0.000000    0.000000   -0.665000    2.837333  -4.5696775407E-001
    0.000000    0.000000   -0.662667    2.839667  -4.5237917287E-001
    0.000000    0.000000   -0.660333    2.842000  -4.4781131956E-001
    0.000000    0.000000   -0.658000    2.844333  -4.4326544516E-001
    0.000000    0.000000   -0.655667    2.846667  -4.3874256639E-001
    0.000000    0.000000   -0.653333    2.849000  -4.3424347786E-001
    0.000000    0.000000   -0.651000    2.851333  -4.2976876490E-001
    0.000000    0.000000   -0.648667    2.853667  -4.2531881699E-001
    0.000000    0.000000   -0.646333    2.856000  -4.2089384155E-001
    0.000000    0.000000   -0.644000    2.858333  -4.1649387799E-001
    0.000000    0.000000   -0.641667    2.860667  -4.1211881189E-001
    0.000000    0.000000   -0.639333    2.863000  -4.0776838920E-001
    0.000000    0.000000   -0.637000    2.865333  -4.0344223036E-001
    0.000000    0.000000   -0.634667    2.867667  -3.9913984415E-001
    0.000000    0.000000   -0.632333    2.870000  -3.9486064137E-001
    0.000000    0.000000   -0.630000    2.872333  -3.9060394796E-001
    0.000000    0.000000   -0.627667    2.874667  -3.8636901783E-001
    0.000000    0.000000   -0.625333    2.877000  -3.8215504504E-001
    0.000000    0.000000   -0.623000    2.879333  -3.7796117549E-001
    0.000000    0.000000   -0.620667    2.881667  -3.7378651789E-001
    0.000000    0.000000   -0.618333    2.884000  -3.6963015413E-001
    0.000000    0.000000   -0.616000    2.886333  -3.6549114894E-001
    0.000000    0.000000   -0.613667    2.888667  -3.6136855879E-001
    0.000000    0.000000   -0.611333    2.891000  -3.5726144012E-001
    0.000000    0.000000   -0.609000    2.893333  -3.5316885681E-001
    0.000000    0.000000   -0.606667    2.895667  -3.4908988687E-001
    0.000000    0.000000   -0.604333    2.898000  -3.4502362851E-001
    0.000000    0.000000   -0.602000    2.900333  -3.4096920538E-001
    0.000000    0.000000   -0.599667    2.902667  -3.3692577122E-001
    0.000000    0.000000   -0.597333    2.905000  -3.3289251379E-001
    0.000000    0.000000   -0.595000    2.907333  -3.2886865815E-001
    0.000000    0.000000   -0.592667    2.909667  -3.2485346938E-001
    0.000000    0.000000   -0.590333    2.912000  -3.2084625467E-001
    0.000000    0.000000   -0.588000    2.914333  -3.1684636495E-001
    0.000000    0.000000   -0.585667    2.916667  -3.1285319592E-001
    0.000000    0.000000   -0.583333    2.919000  -3.0886618866E-001
    0.000000    0.000000   -0.581000    2.921333  -3.0488482987E-001
    0.000000    0.000000   -0.578667    2.923667  -3.0090865164E-001
    0.000000    0.000000   -0.576333    2.926000  -2.9693723093E-001
    0.000000    0.000000   -0.574000    2.928333  -2.9297018866E-001
    0.000000    0.000000   -0.571667    2.930667  -2.8900718870E-001
    0.000000    0.000000   -0.569333    2.933000  -2.8504793638E-001
    0.000000    0.000000   -0.567000    2.935333  -2.8109217703E-001
    0.000000    0.000000   -0.564667    2.937667  -2.7713969421E-001
    0.000000    0.000000   -0.562333    2.940000  -2.7319030784E-001
    0.000000    0.000000   -0.560000    2.942333  -2.6924387219E-001
    0.000000    0.000000   -0.557667    2.944667  -2.6530027390E-001
    0.000000    0.000000   -0.555333    2.947000  -2.6135942978E-001
    0.000000    0.000000   -0.553000    2.949333  -2.5742128466E-001
    0.000000    0.000000   -0.550667    2.951667  -2.5348580927E-001
    0.000000    0.000000   -0.548333    2.954000  -2.4955299800E-001
    0.000000    0.000000   -0.546000    2.956333  -2.4562286680E-001
    0.000000    0.000000   -0.543667    2.958667  -2.4169545102E-001
    0.000000    0.000000   -0.541333    2.961000  -2.3777080338E-001
    0.000000    0.000000   -0.539000    2.963333  -2.3384899191E-001
    0.000000    0.000000   -0.536667    2.965667  -2.2993009804E-001
    0.000000    0.000000   -0.534333    2.968000  -2.2601421469E-001
    0.000000    0.000000   -0.532000    2.970333  -2.2210144450E-001
    0.000000    0.000000   -0.529667    2.972667  -2.1819189810E-001
    0.000000    0.000000   -0.527333    2.975000  -2.1428569252E-001
    0.000000    0.000000   -0.525000    2.977333  -2.1038294961E-001
    0.000000    0.000000   -0.522667    2.979667  -2.0648379462E-001
    0.000000    0.000000   -0.520333    2.982000  -2.0258835487E-001
    0.000000    0.000000   -0.518000    2.984333  -1.9869675844E-001
    0.000000    0.000000   -0.515667    2.986667  -1.9480913309E-001
    0.000000    0.000000   -0.513333    2.989000  -1.9092560509E-001
    0.000000    0.000000   -0.511000    2.991333  -1.8704629829E-001
    0.000000    0.000000   -0.508667    2.993667  -1.8317133319E-001
    0.000000    0.000000   -0.506333    2.996000  -1.7930082612E-001
    0.000000    0.000000   -0.504000    2.998333  -1.7543488850E-001
    0.000000    0.000000   -0.501667    3.000667  -1.7157362619E-001
    0.000000    0.000000   -0.499333    3.003000  -1.6771713883E-001
    0.000000    0.000000   -0.497000    3.005333  -1.6386551937E-001
    0.000000    0.000000   -0.494667    3.007667  -1.6001885359E-001
    0.000000    0.000000   -0.492333    3.010000  -1.5617721967E-001
    0.000000    0.000000   -0.490000    3.012333  -1.5234068788E-001
    0.000000    0.000000   -0.487667    3.014667  -1.4850932025E-001
    0.000000    0.000000   -0.485333    3.017000  -1.4468317035E-001
    0.000000    0.000000   -0.483000    3.019333  -1.4086228308E-001
    0.000000    0.000000   -0.480667    3.021667  -1.3704669453E-001
    0.000000    0.000000   -0.478333    3.024000  -1.3323643184E-001
    0.000000    0.000000   -0.476000    3.026333  -1.2943151314E-001
    0.000000    0.000000   -0.473667    3.028667  -1.2563194753E-001
    0.000000    0.000000   -0.471333    3.031000  -1.2183773501E-001
    0.000000    0.000000   -0.469000    3.033333  -1.1804886655E-001
    0.000000    0.000000   -0.466667    3.035667  -1.1426532413E-001
    0.000000    0.000000   -0.464333    3.038000  -1.1048708077E-001
    0.000000    0.000000   -0.462000    3.040333  -1.0671410066E-001
    0.000000    0.000000   -0.459667    3.042667  -1.0294633927E-001
    0.000000    0.000000   -0.457333    3.045000  -9.9183743451E-002
    0.000000    0.000000   -0.455000    3.047333  -9.5426251616E-002
    0.000000    0.000000   -0.452667    3.049667  -9.1673793879E-002
    0.000000    0.000000   -0.450333    3.052000  -8.7926292241E-002
    0.000000    0.000000   -0.448000    3.054333  -8.4183660778E-002
    0.000000    0.000000   -0.445667    3.056667  -8.0445805840E-002
    0.000000    0.000000   -0.443333    3.059000  -7.6712626262E-002
    0.000000    0.000000   -0.441000    3.061333  -7.2984013584E-002
    0.000000    0.000000   -0.438667    3.063667  -6.9259852279E-002
    0.000000    0.000000   -0.436333    3.066000  -6.5540019986E-002
    0.000000    0.000000   -0.434000    3.068333  -6.1824387758E-002
    0.000000    0.000000   -0.431667    3.070667  -5.8112820303E-002
    0.000000    0.000000   -0.429333    3.073000  -5.4405176245E-002
    0.000000    0.000000   -0.427000    3.075333  -5.0701308379E-002
    0.000000    0.000000   -0.424667    3.077667  -4.7001063932E-002
    0.000000    0.000000   -0.422333    3.080000  -4.3304284837E-002
    0.000000    0.000000   -0.420000    3.082333  -3.9610807995E-002
    0.000000    0.000000   -0.417667    3.084667  -3.5920465555E-002
    0.000000    0.000000   -0.415333    3.087000  -3.2233085189E-002
    0.000000    0.000000   -0.413000    3.089333  -2.8548490369E-002
    0.000000    0.000000   -0.410667    3.091667  -2.4866500651E-002
    0.000000    0.000000   -0.408333    3.094000  -2.1186931955E-002
    0.000000    0.000000   -0.406000    3.096333  -1.7509596854E-002
    0.000000    0.000000   -0.403667    3.098667  -1.3834304856E-002
    0.000000    0.000000   -0.401333    3.101000  -1.0160862697E-002
    0.000000    0.000000   -0.399000    3.103333  -6.4890746242E-003
    0.000000    0.000000   -0.396667    3.105667  -2.8187426922E-003
    0.000000    0.000000   -0.394333    3.108000   8.5033295061E-004
    0.000000    0.000000   -0.392000    3.110333   4.5183537678E-003
    0.000000    0.000000   -0.389667    3.112667   8.1855225429E-003
    0.000000    0.000000   -0.387333    3.115000   1.1852043087E-002
    0.000000    0.000000   -0.385000    3.117333   1.5518119942E-002
    0.000000    0.000000   -0.382667    3.119667   1.9183958094E-002
    0.000000    0.000000   -0.380333    3.122000   2.2849762669E-002
    0.000000    0.000000   -0.378000    3.124333   2.6515738648E-002
    0.000000    0.000000   -0.375667    3.126667   3.0182090565E-002
    0.000000    0.000000   -0.373333    3.129000   3.3849022219E-002
    0.000000    0.000000   -0.371000    3.131333   3.7516736376E-002
    0.000000    0.000000   -0.368667    3.133667   4.1185434476E-002
    0.000000    0.000000   -0.366333    3.136000   4.4855316337E-002
    0.000000    0.000000   -0.364000    3.138333   4.8526579867E-002
    0.000000    0.000000   -0.361667    3.140667   5.2199420768E-002
    0.000000    0.000000   -0.359333    3.143000   5.5874032243E-002
    0.000000    0.000000   -0.357000    3.145333   5.9550604707E-002
    0.000000    0.000000   -0.354667    3.147667   6.3229325497E-002
    0.000000    0.000000   -0.352333    3.150000   6.6910378582E-002
    0.000000    0.000000   -0.350000    3.152333   7.0593944275E-002
    0.000000    0.000000   -0.347667    3.154667   7.4280198951E-002
    0.000000    0.000000   -0.345333    3.157000   7.7969314756E-002
    0.000000    0.000000   -0.343000    3.159333   8.1661459333E-002
    0.000000    0.000000   -0.340667    3.161667   8.5356795535E-002
    0.000000    0.000000   -0.338333    3.164000   8.9055481154E-002
    0.000000    0.000000   -0.336000    3.166333   9.2757668641E-002
    0.000000    0.000000   -0.333667    3.168667   9.6463504841E-002
    0.000000    0.000000   -0.331333    3.171000   1.0017313072E-001
    0.000000    0.000000   -0.329000    3.173333   1.0388668112E-001
    0.000000    0.000000   -0.326667    3.175667   1.0760428447E-001
    0.000000    0.000000   -0.324333    3.178000   1.1132606255E-001
    0.000000    0.000000   -0.322000    3.180333   1.1505213027E-001
    0.000000    0.000000   -0.319667    3.182667   1.1878259538E-001
    0.000000    0.000000   -0.317333    3.185000   1.2251755828E-001
    0.000000    0.000000   -0.315000    3.187333   1.2625711178E-001
    0.000000    0.000000   -0.312667    3.189667   1.3000134089E-001
    0.000000    0.000000   -0.310333    3.192000   1.3375032259E-001
    0.000000    0.000000   -0.308000    3.194333   1.3750412569E-001
    0.000000    0.000000   -0.305667    3.196667   1.4126281061E-001
    0.000000    0.000000   -0.303333    3.199000   1.4502642922E-001
    0.000000    0.000000   -0.301000    3.201333   1.4879502471E-001
    0.000000    0.000000   -0.298667    3.203667   1.5256863143E-001
    0.000000    0.000000   -0.296333    3.206000   1.5634727480E-001
    0.000000    0.000000   -0.294000    3.208333   1.6013097119E-001
    0.000000    0.000000   -0.291667    3.210667   1.6391972788E-001
    0.000000    0.000000   -0.289333    3.213000   1.6771354300E-001
    0.000000    0.000000   -0.287000    3.215333   1.7151240550E-001
    0.000000    0.000000   -0.284667    3.217667   1.7531629520E-001
    0.000000    0.000000   -0.282333    3.220000   1.7912518277E-001
    0.000000    0.000000   -0.280000    3.222333   1.8293902989E-001
    0.000000    0.000000   -0.277667    3.224667   1.8675778929E-001
    0.000000    0.000000   -0.275333    3.227000   1.9058140495E-001
    0.000000    0.000000   -0.273000    3.229333   1.9440981232E-001
    0.000000    0.000000   -0.270667    3.231667   1.9824293850E-001
    0.000000    0.000000   -0.268333    3.234000   2.0208070263E-001
    0.000000    0.000000   -0.266000    3.236333   2.0592301619E-001
    0.000000    0.000000   -0.263667    3.238667   2.0976978342E-001
    0.000000    0.000000   -0.261333    3.241000   2.1362090183E-001
    0.000000    0.000000   -0.259000    3.243333   2.1747626269E-001
    0.000000    0.000000   -0.256667    3.245667   2.2133575171E-001
    0.000000    0.000000   -0.254333    3.248000   2.2519924967E-001
    0.000000    0.000000   -0.252000    3.250333   2.2906663320E-001
    0.000000    0.000000   -0.249667    3.252667   2.3293777567E-001
    0.000000    0.000000   -0.247333    3.255000   2.3681254804E-001
    0.000000    0.000000   -0.245000    3.257333   2.4069081993E-001
    0.000000    0.000000   -0.242667    3.259667   2.4457246072E-001
    0.000000    0.000000   -0.240333    3.262000   2.4845734073E-001
    0.000000    0.000000   -0.238000    3.264333   2.5234533252E-001
    0.000000    0.000000   -0.235667    3.266667   2.5623631228E-001
    0.000000    0.000000   -0.233333    3.269000   2.6013016129E-001
    0.000000    0.000000   -0.231000    3.271333   2.6402676750E-001
    0.000000    0.000000   -0.228667    3.273667   2.6792602723E-001
    0.000000    0.000000   -0.226333    3.276000   2.7182784686E-001
    0.000000    0.000000   -0.224000    3.278333   2.7573214475E-001
    0.000000    0.000000   -0.221667    3.280667   2.7963885310E-001
    0.000000    0.000000   -0.219333    3.283000   2.8354791998E-001
    0.000000    0.000000   -0.217000    3.285333   2.8745931140E-001
    0.000000    0.000000   -0.214667    3.287667   2.9137301344E-001
    0.000000    0.000000   -0.212333    3.290000   2.9528903440E-001
    0.000000    0.000000   -0.210000    3.292333   2.9920740706E-001
    0.000000    0.000000   -0.207667    3.294667   3.0312819084E-001
    0.000000    0.000000   -0.205333    3.297000   3.0705147409E-001
    0.000000    0.000000   -0.203000    3.299333   3.1097737627E-001
    0.000000    0.000000   -0.200667    3.301667   3.1490605016E-001
    0.000000    0.000000   -0.198333    3.304000   3.1883768395E-001
    0.000000    0.000000   -0.196000    3.306333   3.2277250328E-001
    0.000000    0.000000   -0.193667    3.308667   3.2671077317E-001
    0.000000    0.000000   -0.191333    3.311000   3.3065279977E-001
    0.000000    0.000000   -0.189000    3.313333   3.3459893200E-001
    0.000000    0.000000   -0.186667    3.315667   3.3854956291E-001
    0.000000    0.000000   -0.184333    3.318000   3.4250513085E-001
    0.000000    0.000000   -0.182000    3.320333   3.4646612033E-001
    0.000000    0.000000   -0.179667    3.322667   3.5043306260E-001
    0.000000    0.000000   -0.177333    3.325000   3.5440653579E-001
    0.000000    0.000000   -0.175000    3.327333   3.5838716478E-001
    0.000000    0.000000   -0.172667    3.329667   3.6237562054E-001
    0.000000    0.000000   -0.170333    3.332000   3.6637261900E-001
    0.000000    0.000000   -0.168000    3.334333   3.7037891944E-001
    0.000000    0.000000   -0.165667    3.336667   3.7439532232E-001
    0.000000    0.000000   -0.163333    3.339000   3.7842266651E-001
    0.000000    0.000000   -0.161000    3.341333   3.8246182587E-001
    0.000000    0.000000   -0.158667    3.343667   3.8651370525E-001
    0.000000    0.000000   -0.156333    3.346000   3.9057923571E-001
    0.000000    0.000000   -0.154000    3.348333   3.9465936908E-001
    0.000000    0.000000   -0.151667    3.350667   3.9875507182E-001
    0.000000    0.000000   -0.149333    3.353000   4.0286731807E-001
    0.000000    0.000000   -0.147000    3.355333   4.0699708198E-001
    0.000000    0.000000   -0.144667    3.357667   4.1114532930E-001
    0.000000    0.000000   -0.142333    3.360000   4.1531300818E-001
    0.000000    0.000000   -0.140000    3.362333   4.1950103929E-001
    0.000000    0.000000   -0.137667    3.364667   4.2371030516E-001
    0.000000    0.000000   -0.135333    3.367000   4.2794163885E-001
    0.000000    0.000000   -0.133000    3.369333   4.3219581204E-001
    0.000000    0.000000   -0.130667    3.371667   4.3647352241E-001
    0.000000    0.000000   -0.128333    3.374000   4.4077538058E-001
    0.000000    0.000000   -0.126000    3.376333   4.4510189649E-001
    0.000000    0.000000   -0.123667    3.378667   4.4945346546E-001
    0.000000    0.000000   -0.121333    3.381000   4.5383035391E-001
    0.000000    0.000000   -0.119000    3.383333   4.5823268488E-001
    0.000000    0.000000   -0.116667    3.385667   4.6266042339E-001
    0.000000    0.000000   -0.114333    3.388000   4.6711336196E-001
    0.000000    0.000000   -0.112000    3.390333   4.7159110608E-001
    0.000000    0.000000   -0.109667    3.392667   4.7609306009E-001
    0.000000    0.000000   -0.107333    3.395000   4.8061841340E-001
    0.000000    0.000000   -0.105000    3.397333   4.8516612730E-001
    0.000000    0.000000   -0.102667    3.399667   4.8973492239E-001
    0.000000    0.000000   -0.100333    3.402000   4.9432326697E-001
    0.000000    0.000000   -0.098000    3.404333   4.9892936630E-001
    0.000000    0.000000   -0.095667    3.406667   5.0355115312E-001
    0.000000    0.000000   -0.093333    3.409000   5.0818627937E-001
    0.000000    0.000000   -0.091000    3.411333   5.1283210944E-001
    0.000000    0.000000   -0.088667    3.413667   5.1748571494E-001
    0.000000    0.000000   -0.086333    3.416000   5.2214387120E-001
    0.000000    0.000000   -0.084000    3.418333   5.2680305562E-001
    0.000000    0.000000   -0.081667    3.420667   5.3145944798E-001
    0.000000    0.000000   -0.079333    3.423000   5.3610893279E-001
    0.000000    0.000000   -0.077000    3.425333   5.4074710373E-001
    0.000000    0.000000   -0.074667    3.427667   5.4536927043E-001
    0.000000    0.000000   -0.072333    3.430000   5.4997046737E-001
    0.000000    0.000000   -0.070000    3.432333   5.5454546516E-001
    0.000000    0.000000   -0.067667    3.434667   5.5908878410E-001
    0.000000    0.000000   -0.065333    3.437000   5.6359471006E-001
    0.000000    0.000000   -0.063000    3.439333   5.6805731260E-001
    0.000000    0.000000   -0.060667    3.441667   5.7247046536E-001
    0.000000    0.000000   -0.058333    3.444000   5.7682786851E-001
    0.000000    0.000000   -0.056000    3.446333   5.8112307339E-001
    0.000000    0.000000   -0.053667    3.448667   5.8534950890E-001
    0.000000    0.000000   -0.051333    3.451000   5.8950050980E-001
    0.000000    0.000000   -0.049000    3.453333   5.9356934663E-001
    0.000000    0.000000   -0.046667    3.455667   5.9754925693E-001
    0.000000    0.000000   -0.044333    3.458000   6.0143347787E-001
    0.000000    0.000000   -0.042000    3.460333   6.0521527976E-001
    0.000000    0.000000   -0.039667    3.462667   6.0888800036E-001
    0.000000    0.000000   -0.037333    3.465000   6.1244507973E-001
    0.000000    0.000000   -0.035000    3.467333   6.1588009532E-001
    0.000000    0.000000   -0.032667    3.469667   6.1918679702E-001
    0.000000    0.000000   -0.030333    3.472000   6.2235914199E-001
    0.000000    0.000000   -0.028000    3.474333   6.2539132881E-001
    0.000000    0.000000   -0.025667    3.476667   6.2827783086E-001
    0.000000    0.000000   -0.023333    3.479000   6.3101342851E-001
    0.000000    0.000000   -0.021000    3.481333   6.3359323997E-001
    0.000000    0.000000   -0.018667    3.483667   6.3601275036E-001
    0.000000    0.000000   -0.016333    3.486000   6.3826783898E-001
    0.000000    0.000000   -0.014000    3.488333   6.4035480432E-001
    0.000000    0.000000   -0.011667    3.490667   6.4227038670E-001
    0.000000    0.000000   -0.009333    3.493000   6.4401178841E-001
    0.000000    0.000000   -0.007000    3.495333   6.4557669094E-001
    0.000000    0.000000   -0.004667    3.497667   6.4696326940E-001
    0.000000    0.000000   -0.002333    3.500000   6.4817020383E-001
    0.000000    0.000000    0.000000    3.502333   6.4919668738E-001
    0.000000    0.000000    0.002333    3.504667   6.5004243124E-001
    0.000000    0.000000    0.004667    3.507000   6.5070766628E-001
    0.000000    0.000000    0.007000    3.509333   6.5119314147E-001
    0.000000    0.000000    0.009333    3.511667   6.5150011891E-001
    0.000000    0.000000    0.011667    3.514000   6.5163036574E-001
    0.000000    0.000000    0.014000    3.516333   6.5158614280E-001
    0.000000    0.000000    0.016333    3.518667   6.5137019032E-001
    0.000000    0.000000    0.018667    3.521000   6.5098571061E-001
    0.000000    0.000000    0.021000    3.523333   6.5043634804E-001
    0.000000    0.000000    0.023333    3.525667   6.4972616637E-001
    0.000000    0.000000    0.025667    3.528000   6.4885962381E-001
    0.000000    0.000000    0.028000    3.530333   6.4784154575E-001
    0.000000    0.000000    0.030333    3.532667   6.4667709571E-001
    0.000000    0.000000    0.032667    3.535000   6.4537174456E-001
    0.000000    0.000000    0.035000    3.537333   6.4393123829E-001
    0.000000    0.000000    0.037333    3.539667   6.4236156474E-001
    0.000000    0.000000    0.039667    3.542000   6.4066891941E-001
    0.000000    0.000000    0.042000    3.544333   6.3885967068E-001
    0.000000    0.000000    0.044333    3.546667   6.3694032480E-001
    0.000000    0.000000    0.046667    3.549000   6.3491749080E-001
    0.000000    0.000000    0.049000    3.551333   6.3279784570E-001
    0.000000    0.000000    0.051333    3.553667   6.3058810021E-001
    0.000000    0.000000    0.053667    3.556000   6.2829496522E-001
    0.000000    0.000000    0.056000    3.558333   6.2592511926E-001
    0.000000    0.000000    0.058333    3.560667   6.2348517724E-001
    0.000000    0.000000    0.060667    3.563000   6.2098166058E-001
    0.000000    0.000000    0.063000    3.565333   6.1842096901E-001
    0.000000    0.000000    0.065333    3.567667   6.1580935404E-001
    0.000000    0.000000    0.067667    3.570000   6.1315289453E-001
    0.000000    0.000000    0.070000    3.572333   6.1045747413E-001
    0.000000    0.000000    0.072333    3.574667   6.0772876099E-001
    0.000000    0.000000    0.074667    3.577000   6.0497218965E-001
    0.000000    0.000000    0.077000    3.579333   6.0219294517E-001
    0.000000    0.000000    0.079333    3.581667   5.9939594959E-001
    0.000000    0.000000    0.081667    3.584000   5.9658585074E-001
    0.000000    0.000000    0.084000    3.586333   5.9376701324E-001
    0.000000    0.000000    0.086333    3.588667   5.9094351191E-001
    0.000000    0.000000    0.088667    3.591000   5.8811912721E-001
    0.000000    0.000000    0.091000    3.593333   5.8529734300E-001
    0.000000    0.000000    0.093333    3.595667   5.8248134620E-001
    0.000000    0.000000    0.095667    3.598000   5.7967402853E-001
    0.000000    0.000000    0.098000    3.600333   5.7687798999E-001
    0.000000    0.000000    0.100333    3.602667   5.7409554410E-001
    0.000000    0.000000    0.102667    3.605000   5.7132872472E-001
    0.000000    0.000000    0.105000    3.607333   5.6857929433E-001
    0.000000    0.000000    0.107333    3.609667   5.6584875355E-001
    0.000000    0.000000    0.109667    3.612000   5.6313835186E-001
    0.000000    0.000000    0.112000    3.614333   5.6044909931E-001
    0.000000    0.000000    0.114333    3.616667   5.5778177903E-001
    0.000000    0.000000    0.116667    3.619000   5.5513696051E-001
    0.000000    0.000000    0.119000    3.621333   5.5251501336E-001
    0.000000    0.000000    0.121333    3.623667   5.4991612152E-001
    0.000000    0.000000    0.123667    3.626000   5.4734029771E-001
    0.000000    0.000000    0.126000    3.628333   5.4478739804E-001
    0.000000    0.000000    0.128333    3.630667   5.4225713658E-001
    0.000000    0.000000    0.130667    3.633000   5.3974909996E-001
    0.000000    0.000000    0.133000    3.635333   5.3726276157E-001
    0.000000    0.000000    0.135333    3.637667   5.3479749562E-001
    0.000000    0.000000    0.137667    3.640000   5.3235259072E-001
    0.000000    0.000000    0.140000    3.642333   5.2992726299E-001
    0.000000    0.000000    0.142333    3.644667   5.2752066868E-001
    0.000000    0.000000    0.144667    3.647000   5.2513191615E-001
    0.000000    0.000000    0.147000    3.649333   5.2276007716E-001
    0.000000    0.000000    0.149333    3.651667   5.2040419762E-001
    0.000000    0.000000    0.151667    3.654000   5.1806330743E-001
    0.000000    0.000000    0.154000    3.656333   5.1573642975E-001
    0.000000    0.000000    0.156333    3.658667   5.1342258941E-001
    0.000000    0.000000    0.158667    3.661000   5.1112082060E-001
    0.000000    0.000000    0.161000    3.663333   5.0883017387E-001
    0.000000    0.000000    0.163333    3.665667   5.0654972223E-001
    0.000000    0.000000    0.165667    3.668000   5.0427856673E-001
    0.000000    0.000000    0.168000    3.670333   5.0201584111E-001
    0.000000    0.000000    0.170333    3.672667   4.9976071594E-001
    0.000000    0.000000    0.172667    3.675000   4.9751240202E-001
    0.000000    0.000000    0.175000    3.677333   4.9527015317E-001
    0.000000    0.000000    0.177333    3.679667   4.9303326840E-001
    0.000000    0.000000    0.179667    3.682000   4.9080109362E-001
    0.000000    0.000000    0.182000    3.684333   4.8857302272E-001
    0.000000    0.000000    0.184333    3.686667   4.8634849822E-001
    0.000000    0.000000    0.186667    3.689000   4.8412701154E-001
    0.000000    0.000000    0.189000    3.691333   4.8190810278E-001
    0.000000    0.000000    0.191333    3.693667   4.7969136020E-001
    0.000000    0.000000    0.193667    3.696000   4.7747641938E-001
    0.000000    0.000000    0.196000    3.698333   4.7526296205E-001
    0.000000    0.000000    0.198333    3.700667   4.7305071478E-001
    0.000000    0.000000    0.200667    3.703000   4.7083944734E-001
    0.000000    0.000000    0.203000    3.705333   4.6862897097E-001
    0.000000    0.000000    0.205333    3.707667   4.6641913647E-001
    0.000000    0.000000    0.207667    3.710000   4.6420983222E-001
    0.000000    0.000000    0.210000    3.712333   4.6200098203E-001
    0.000000    0.000000    0.212333    3.714667   4.5979254300E-001
    0.000000    0.000000    0.214667    3.717000   4.5758450336E-001
    0.000000    0.000000    0.217000    3.719333   4.5537688018E-001
    0.000000    0.000000    0.219333    3.721667   4.5316971724E-001
    0.000000    0.000000    0.221667    3.724000   4.5096308278E-001
    0.000000    0.000000    0.224000    3.726333   4.4875706735E-001
    0.000000    0.000000    0.226333    3.728667   4.4655178174E-001
    0.000000    0.000000    0.228667    3.731000   4.4434735487E-001
    0.000000    0.000000    0.231000    3.733333   4.4214393183E-001
    0.000000    0.000000    0.233333    3.735667   4.3994167198E-001
    0.000000    0.000000    0.235667    3.738000   4.3774074710E-001
    0.000000    0.000000    0.238000    3.740333   4.3554133966E-001
    0.000000    0.000000    0.240333    3.742667   4.3334364114E-001
    0.000000    0.000000    0.242667    3.745000   4.3114785052E-001
    0.000000    0.000000    0.245000    3.747333   4.2895417275E-001
    0.000000    0.000000    0.247333    3.749667   4.2676281742E-001
    0.000000    0.000000    0.249667    3.752000   4.2457399745E-001
    0.000000    0.000000    0.252000    3.754333   4.2238792792E-001
    0.000000    0.000000    0.254333    3.756667   4.2020482496E-001
    0.000000    0.000000    0.256667    3.759000   4.1802490475E-001
    0.000000    0.000000    0.259000    3.761333   4.1584838257E-001
    0.000000    0.000000    0.261333    3.763667   4.1367547201E-001
    0.000000    0.000000    0.263667    3.766000   4.1150638414E-001
    0.000000    0.000000    0.266000    3.768333   4.0934132687E-001
    0.000000    0.000000    0.268333    3.770667   4.0718050432E-001
    0.000000    0.000000    0.270667    3.773000   4.0502411628E-001
    0.000000    0.000000    0.273000    3.775333   4.0287235773E-001
    0.000000    0.000000    0.275333    3.777667   4.0072541838E-001
    0.000000    0.000000    0.277667    3.780000   3.9858348237E-001
    0.000000    0.000000    0.280000    3.782333   3.9644672793E-001
    0.000000    0.000000    0.282333    3.784667   3.9431532709E-001
    0.000000    0.000000    0.284667    3.787000   3.9218944551E-001
    0.000000    0.000000    0.287000    3.789333   3.9006924228E-001
    0.000000    0.000000    0.289333    3.791667   3.8795486981E-001
    0.000000    0.000000    0.291667    3.794000   3.8584647369E-001
    0.000000    0.000000    0.294000    3.796333   3.8374419266E-001
    0.000000    0.000000    0.296333    3.798667   3.8164815858E-001
    0.000000    0.000000    0.298667    3.801000   3.7955849640E-001
    0.000000    0.000000    0.301000    3.803333   3.7747532417E-001
    0.000000    0.000000    0.303333    3.805667   3.7539875312E-001
    0.000000    0.000000    0.305667    3.808000   3.7332888769E-001
    0.000000    0.000000    0.308000    3.810333   3.7126582562E-001
    0.000000    0.000000    0.310333    3.812667   3.6920965802E-001
    0.000000    0.000000    0.312667    3.815000   3.6716046951E-001
    0.000000    0.000000    0.315000    3.817333   3.6511833834E-001
    0.000000    0.000000    0.317333    3.819667   3.6308333650E-001
    0.000000    0.000000    0.319667    3.822000   3.6105552987E-001
    0.000000    0.000000    0.322000    3.824333   3.5903497840E-001
    0.000000    0.000000    0.324333    3.826667   3.5702173623E-001
    0.000000    0.000000    0.326667    3.829000   3.5501585185E-001
    0.000000    0.000000    0.329000    3.831333   3.5301736831E-001
    0.000000    0.000000    0.331333    3.833667   3.5102632338E-001
    0.000000    0.000000    0.333667    3.836000   3.4904274968E-001
    0.000000    0.000000    0.336000    3.838333   3.4706667494E-001
    0.000000    0.000000    0.338333    3.840667   3.4509812210E-001
    0.000000    0.000000    0.340667    3.843000   3.4313710956E-001
    0.000000    0.000000    0.343000    3.845333   3.4118365131E-001
    0.000000    0.000000    0.345333    3.847667   3.3923775714E-001
    0.000000    0.000000    0.347667    3.850000   3.3729943283E-001
    0.000000    0.000000    0.350000    3.852333   3.3536868030E-001
    0.000000    0.000000    0.352333    3.854667   3.3344549783E-001
    0.000000    0.000000    0.354667    3.857000   3.3152988019E-001
    0.000000    0.000000    0.357000    3.859333   3.2962181887E-001
    0.000000    0.000000    0.359333    3.861667   3.2772130221E-001
    0.000000    0.000000    0.361667    3.864000   3.2582831559E-001
    0.000000    0.000000    0.364000    3.866333   3.2394284161E-001
    0.000000    0.000000    0.366333    3.868667   3.2206486023E-001
    0.000000    0.000000    0.368667    3.871000   3.2019434896E-001
    0.000000    0.000000    0.371000    3.873333   3.1833128301E-001
    0.000000    0.000000    0.373333    3.875667   3.1647563540E-001
    0.000000    0.000000    0.375667    3.878000   3.1462737722E-001
    0.000000    0.000000    0.378000    3.880333   3.1278647765E-001
    0.000000    0.000000    0.380333    3.882667   3.1095290421E-001
    0.000000    0.000000    0.382667    3.885000   3.0912662284E-001
    0.000000    0.000000    0.385000    3.887333   3.0730759805E-001
    0.000000    0.000000    0.387333    3.889667   3.0549579307E-001
    0.000000    0.000000    0.389667    3.892000   3.0369116995E-001
    0.000000    0.000000    0.392000    3.894333   3.0189368972E-001
    0.000000    0.000000    0.394333    3.896667   3.0010331247E-001
    0.000000    0.000000    0.396667    3.899000   2.9831999749E-001
    0.000000    0.000000    0.399000    3.901333   2.9654370339E-001
    0.000000    0.000000    0.401333    3.903667   2.9477438818E-001
    0.000000    0.000000    0.403667    3.906000   2.9301200939E-001
    0.000000    0.000000    0.406000    3.908333   2.9125652416E-001
    0.000000    0.000000    0.408333    3.910667   2.8950788937E-001
    0.000000    0.000000    0.410667    3.913000   2.8776606166E-001
    0.000000    0.000000    0.413000    3.915333   2.8603099758E-001
    0.000000    0.000000    0.415333    3.917667   2.8430265365E-001
    0.000000    0.000000    0.417667    3.920000   2.8258098645E-001
    0.000000    0.000000    0.420000    3.922333   2.8086595265E-001
    0.000000    0.000000    0.422333    3.924667   2.7915750913E-001
    0.000000    0.000000    0.424667    3.927000   2.7745561305E-001
    0.000000    0.000000    0.427000    3.929333   2.7576022184E-001
    0.000000    0.000000    0.429333    3.931667   2.7407129336E-001
    0.000000    0.000000    0.431667    3.934000   2.7238878588E-001
    0.000000    0.000000    0.434000    3.936333   2.7071265815E-001
    0.000000    0.000000    0.436333    3.938667   2.6904286947E-001
    0.000000    0.000000    0.438667    3.941000   2.6737937970E-001
    0.000000    0.000000    0.441000    3.943333   2.6572214932E-001
    0.000000    0.000000    0.443333    3.945667   2.6407113948E-001
    0.000000    0.000000    0.445667    3.948000   2.6242631201E-001
    0.000000    0.000000    0.448000    3.950333   2.6078762944E-001
    0.000000    0.000000    0.450333    3.952667   2.5915505508E-001
    0.000000    0.000000    0.452667    3.955000   2.5752855298E-001
    0.000000    0.000000    0.455000    3.957333   2.5590808800E-001
    0.000000    0.000000    0.457333    3.959667   2.5429362582E-001
    0.000000    0.000000    0.459667    3.962000   2.5268513293E-001
    0.000000    0.000000    0.462000    3.964333   2.5108257666E-001
    0.000000    0.000000    0.464333    3.966667   2.4948592521E-001
    0.000000    0.000000    0.466667    3.969000   2.4789514763E-001
    0.000000    0.000000    0.469000    3.971333   2.4631021383E-001
    0.000000    0.000000    0.471333    3.973667   2.4473109461E-001
    0.000000    0.000000    0.473667    3.976000   2.4315776162E-001
    0.000000    0.000000    0.476000    3.978333   2.4159018740E-001
    0.000000    0.000000    0.478333    3.980667   2.4002834535E-001
    0.000000    0.000000    0.480667    3.983000   2.3847220973E-001
    0.000000    0.000000    0.483000    3.985333   2.3692175566E-001
    0.000000    0.000000    0.485333    3.987667   2.3537695913E-001
    0.000000    0.000000    0.487667    3.990000   2.3383779694E-001
    0.000000    0.000000    0.490000    3.992333   2.3230424674E-001
    0.000000    0.000000    0.492333    3.994667   2.3077628700E-001
    0.000000    0.000000    0.494667    3.997000   2.2925389697E-001
    0.000000    0.000000    0.497000    3.999333   2.2773705671E-001
    0.000000    0.000000    0.499333    4.001667   2.2622574704E-001
    0.000000    0.000000    0.501667    4.004000   2.2471994954E-001
    0.000000    0.000000    0.504000    4.006333   2.2321964653E-001
    0.000000    0.000000    0.506333    4.008667   2.2172482102E-001
    0.000000    0.000000    0.508667    4.011000   2.2023545675E-001
    0.000000    0.000000    0.511000    4.013333   2.1875153810E-001
    0.000000    0.000000    0.513333    4.015667   2.1727305013E-001
    0.000000    0.000000    0.515667    4.018000   2.1579997852E-001
    0.000000    0.000000    0.518000    4.020333   2.1433230953E-001
    0.000000    0.000000    0.520333    4.022667   2.1287003004E-001
    0.000000    0.000000    0.522667    4.025000   2.1141312746E-001
    0.000000    0.000000    0.525000    4.027333   2.0996158975E-001
    0.000000    0.000000    0.527333    4.029667   2.0851540536E-001
    0.000000    0.000000    0.529667    4.032000   2.0707456324E-001
    0.000000    0.000000    0.532000    4.034333   2.0563905278E-001
    0.000000    0.000000    0.534333    4.036667   2.0420886380E-001
    0.000000    0.000000    0.536667    4.039000   2.0278398655E-001
    0.000000    0.000000    0.539000    4.041333   2.0136441163E-001
    0.000000    0.000000    0.541333    4.043667   1.9995013000E-001
    0.000000    0.000000    0.543667    4.046000   1.9854113296E-001
    0.000000    0.000000    0.546000    4.048333   1.9713741208E-001
    0.000000    0.000000    0.548333    4.050667   1.9573895925E-001
    0.000000    0.000000    0.550667    4.053000   1.9434576657E-001
    0.000000    0.000000    0.553000    4.055333   1.9295782638E-001
    0.000000    0.000000    0.555333    4.057667   1.9157513122E-001
    0.000000    0.000000    0.557667    4.060000   1.9019767380E-001
    0.000000    0.000000    0.560000    4.062333   1.8882544699E-001
    0.000000    0.000000    0.562333    4.064667   1.8745844377E-001
    0.000000    0.000000    0.564667    4.067000   1.8609665724E-001
    0.000000    0.000000    0.567000    4.069333   1.8474008055E-001
    0.000000    0.000000    0.569333    4.071667   1.8338870694E-001
    0.000000    0.000000    0.571667    4.074000   1.8204252965E-001
    0.000000    0.000000    0.574000    4.076333   1.8070154196E-001
    0.000000    0.000000    0.576333    4.078667   1.7936573713E-001
    0.000000    0.000000    0.578667    4.081000   1.7803510836E-001
    0.000000    0.000000    0.581000    4.083333   1.7670964885E-001
    0.000000    0.000000    0.583333    4.085667   1.7538935168E-001
    0.000000    0.000000    0.585667    4.088000   1.7407420987E-001
    0.000000    0.000000    0.588000    4.090333   1.7276421631E-001
    0.000000    0.000000    0.590333    4.092667   1.7145936378E-001
    0.000000    0.000000    0.592667    4.095000   1.7015964488E-001
    0.000000    0.000000    0.595000    4.097333   1.6886505209E-001
    0.000000    0.000000    0.597333    4.099667   1.6757557768E-001
    0.000000    0.000000    0.599667    4.102000   1.6629121373E-001
    0.000000    0.000000    0.602000    4.104333   1.6501195212E-001
    0.000000    0.000000    0.604333    4.106667   1.6373778450E-001
    0.000000    0.000000    0.606667    4.109000   1.6246870227E-001
    0.000000    0.000000    0.609000    4.111333   1.6120469659E-001
    0.000000    0.000000    0.611333    4.113667   1.5994575835E-001
    0.000000    0.000000    0.613667    4.116000   1.5869187816E-001
    0.000000    0.000000    0.616000    4.118333   1.5744304636E-001
    0.000000    0.000000    0.618333    4.120667   1.5619925296E-001
    0.000000    0.000000    0.620667    4.123000   1.5496048768E-001
    0.000000    0.000000    0.623000    4.125333   1.5372673992E-001
    0.000000    0.000000    0.625333    4.127667   1.5249799876E-001
    0.000000    0.000000    0.627667    4.130000   1.5127425292E-001
    0.000000    0.000000    0.630000    4.132333   1.5005549081E-001
    0.000000    0.000000    0.632333    4.134667   1.4884170046E-001
    0.000000    0.000000    0.634667    4.137000   1.4763286955E-001
    0.000000    0.000000    0.637000    4.139333   1.4642898541E-001
    0.000000    0.000000    0.639333    4.141667   1.4523003500E-001
    0.000000    0.000000    0.641667    4.144000   1.4403600489E-001
    0.000000    0.000000    0.644000    4.146333   1.4284688129E-001
    0.000000    0.000000    0.646333    4.148667   1.4166265003E-001
    0.000000    0.000000    0.648667    4.151000   1.4048329655E-001
    0.000000    0.000000    0.651000    4.153333   1.3930880590E-001
    0.000000    0.000000    0.653333    4.155667   1.3813916275E-001
    0.000000    0.000000    0.655667    4.158000   1.3697435139E-001
    0.000000    0.000000    0.658000    4.160333   1.3581435570E-001
    0.000000    0.000000    0.660333    4.162667   1.3465915918E-001
    0.000000    0.000000    0.662667    4.165000   1.3350874494E-001
    0.000000    0.000000    0.665000    4.167333   1.3236309570E-001
    0.000000    0.000000    0.667333    4.169667   1.3122219379E-001
    0.000000    0.000000    0.669667    4.172000   1.3008602114E-001
    0.000000    0.000000    0.672000    4.174333   1.2895455932E-001
    0.000000    0.000000    0.674333    4.176667   1.2782778949E-001
    0.000000    0.000000    0.676667    4.179000   1.2670569244E-001
    0.000000    0.000000    0.679000    4.181333   1.2558824859E-001
    0.000000    0.000000    0.681333    4.183667   1.2447543796E-001
    0.000000    0.000000    0.683667    4.186000   1.2336724023E-001
    0.000000    0.000000    0.686000    4.188333   1.2226363469E-001
    0.000000    0.000000    0.688333    4.190667   1.2116460027E-001
    0.000000    0.000000    0.690667    4.193000   1.2007011555E-001
    0.000000    0.000000    0.693000    4.195333   1.1898015874E-001
    0.000000    0.000000    0.695333    4.197667   1.1789470772E-001
    0.000000    0.000000    0.697667    4.200000   1.1681374002E-001
    0.000000    0.000000    0.700000    4.202333   1.1573723284E-001
    0.000000    0.000000    0.702333    4.204667   1.1466516302E-001
    0.000000    0.000000    0.704667    4.207000   1.1359750712E-001
    0.000000    0.000000    0.707000    4.209333   1.1253424134E-001
    0.000000    0.000000    0.709333    4.211667   1.1147534159E-001
    0.000000    0.000000    0.711667    4.214000   1.1042078348E-001
    0.000000    0.000000    0.714000    4.216333   1.0937054230E-001
    0.000000    0.000000    0.716333    4.218667   1.0832459307E-001
    0.000000    0.000000    0.718667    4.221000   1.0728291053E-001
    0.000000    0.000000    0.721000    4.223333   1.0624546912E-001
    0.000000    0.000000    0.723333    4.225667   1.0521224303E-001
    0.000000    0.000000    0.725667    4.228000   1.0418320618E-001
    0.000000    0.000000    0.728000    4.230333   1.0315833226E-001
    0.000000    0.000000    0.730333    4.232667   1.0213759470E-001
    0.000000    0.000000    0.732667    4.235000   1.0112096668E-001
    0.000000    0.000000    0.735000    4.237333   1.0010842118E-001
    0.000000    0.000000    0.737333    4.239667   9.9099930940E-002
    0.000000    0.000000    0.739667    4.242000   9.8095468504E-002
    0.000000    0.000000    0.742000    4.244333   9.7095006204E-002
    0.000000    0.000000    0.744333    4.246667   9.6098516182E-002
    0.000000    0.000000    0.746667    4.249000   9.5105970392E-002
    0.000000    0.000000    0.749000    4.251333   9.4117340613E-002
    0.000000    0.000000    0.751333    4.253667   9.3132598455E-002
    0.000000    0.000000    0.753667    4.256000   9.2151715366E-002
    0.000000    0.000000    0.756000    4.258333   9.1174662646E-002
    0.000000    0.000000    0.758333    4.260667   9.0201411450E-002
    0.000000    0.000000    0.760667    4.263000   8.9231932798E-002
    0.000000    0.000000    0.763000    4.265333   8.8266197586E-002
    0.000000    0.000000    0.765333    4.267667   8.7304176590E-002
    0.000000    0.000000    0.767667    4.270000   8.6345840479E-002
    0.000000    0.000000    0.770000    4.272333   8.5391159818E-002
    0.000000    0.000000    0.772333    4.274667   8.4440105083E-002
    0.000000    0.000000    0.774667    4.277000   8.3492646663E-002
    0.000000    0.000000    0.777000    4.279333   8.2548754870E-002
    0.000000    0.000000    0.779333    4.281667   8.1608399948E-002
    0.000000    0.000000    0.781667    4.284000   8.0671552082E-002
    0.000000    0.000000    0.784000    4.286333   7.9738181403E-002
    0.000000    0.000000    0.786333    4.288667   7.8808257996E-002
    0.000000    0.000000    0.788667    4.291000   7.7881751908E-002
    0.000000    0.000000    0.791000    4.293333   7.6958633159E-002
    0.000000    0.000000    0.793333    4.295667   7.6038871742E-002
    0.000000    0.000000    0.795667    4.298000   7.5122437638E-002
    0.000000    0.000000    0.798000    4.300333   7.4209300816E-002
    0.000000    0.000000    0.800333    4.302667   7.3299431247E-002
    0.000000    0.000000    0.802667    4.305000   7.2392798905E-002
    0.000000    0.000000    0.805000    4.307333   7.1489373775E-002
    0.000000    0.000000    0.807333    4.309667   7.0589125861E-002
    0.000000    0.000000    0.809667    4.312000   6.9692025193E-002
    0.000000    0.000000    0.812000    4.314333   6.8798041828E-002
    0.000000    0.000000    0.814333    4.316667   6.7907145862E-002
    0.000000    0.000000    0.816667    4.319000   6.7019307434E-002
    0.000000    0.000000    0.819000    4.321333   6.6134496728E-002
    0.000000    0.000000    0.821333    4.323667   6.5252683983E-002
    0.000000    0.000000    0.823667    4.326000   6.4373839497E-002
    0.000000    0.000000    0.826000    4.328333   6.3497933630E-002
    0.000000    0.000000    0.828333    4.330667   6.2624936811E-002
    0.000000    0.000000    0.830667    4.333000   6.1754819542E-002
    0.000000    0.000000    0.833000    4.335333   6.0887552401E-002
    0.000000    0.000000    0.835333    4.337667   6.0023106050E-002
    0.000000    0.000000    0.837667    4.340000   5.9161451234E-002
    0.000000    0.000000    0.840000    4.342333   5.8302558788E-002
    0.000000    0.000000    0.842333    4.344667   5.7446399642E-002
    0.000000    0.000000    0.844667    4.347000   5.6592944819E-002
    0.000000    0.000000    0.847000    4.349333   5.5742165443E-002
    0.000000    0.000000    0.849333    4.351667   5.4894032740E-002
    0.000000    0.000000    0.851667    4.354000   5.4048518042E-002
    0.000000    0.000000    0.854000    4.356333   5.3205592788E-002
    0.000000    0.000000    0.856333    4.358667   5.2365228525E-002
    0.000000    0.000000    0.858667    4.361000   5.1527396915E-002
    0.000000    0.000000    0.861000    4.363333   5.0692069731E-002
    0.000000    0.000000    0.863333    4.365667   4.9859218862E-002
    0.000000    0.000000    0.865667    4.368000   4.9028816315E-002
    0.000000    0.000000    0.868000    4.370333   4.8200834212E-002
    0.000000    0.000000    0.870333    4.372667   4.7375244795E-002
    0.000000    0.000000    0.872667    4.375000   4.6552020427E-002
    0.000000    0.000000    0.875000    4.377333   4.5731133589E-002
    0.000000    0.000000    0.877333    4.379667   4.4912556881E-002
    0.000000    0.000000    0.879667    4.382000   4.4096263024E-002
    0.000000    0.000000    0.882000    4.384333   4.3282224861E-002
    0.000000    0.000000    0.884333    4.386667   4.2470415351E-002
    0.000000    0.000000    0.886667    4.389000   4.1660807573E-002
    0.000000    0.000000    0.889000    4.391333   4.0853374725E-002
    0.000000    0.000000    0.891333    4.393667   4.0048090121E-002
    0.000000    0.000000    0.893667    4.396000   3.9244927188E-002
    0.000000    0.000000    0.896000    4.398333   3.8443859472E-002
    0.000000    0.000000    0.898333    4.400667   3.7644860627E-002
    0.000000    0.000000    0.900667    4.403000   3.6847904419E-002
    0.000000    0.000000    0.903000    4.405333   3.6052964723E-002
    0.000000    0.000000    0.905333    4.407667   3.5260015518E-002
    0.000000    0.000000    0.907667    4.410000   3.4469030887E-002
    0.000000    0.000000    0.910000    4.412333   3.3679985015E-002
    0.000000    0.000000    0.912333    4.414667   3.2892852184E-002
    0.000000    0.000000    0.914667    4.417000   3.2107606771E-002
    0.000000    0.000000    0.917000    4.419333   3.1324223243E-002
    0.000000    0.000000    0.919333    4.421667   3.0542676158E-002
    0.000000    0.000000    0.921667    4.424000   2.9762940156E-002
    0.000000    0.000000    0.924000    4.426333   2.8984989959E-002
    0.000000    0.000000    0.926333    4.428667   2.8208800367E-002
    0.000000    0.000000    0.928667    4.431000   2.7434346251E-002
    0.000000    0.000000    0.931000    4.433333   2.6661602553E-002
    0.000000    0.000000    0.933333    4.435667   2.5890544278E-002
    0.000000    0.000000    0.935667    4.438000   2.5121146492E-002
    0.000000    0.000000    0.938000    4.440333   2.4353384316E-002
    0.000000    0.000000    0.940333    4.442667   2.3587232925E-002
    0.000000    0.000000    0.942667    4.445000   2.2822667537E-002
    0.000000    0.000000    0.945000    4.447333   2.2059663413E-002
    0.000000    0.000000    0.947333    4.449667   2.1298195853E-002
    0.000000    0.000000    0.949667    4.452000   2.0538240186E-002
    0.000000    0.000000    0.952000    4.454333   1.9779771769E-002
    0.000000    0.000000    0.954333    4.456667   1.9022765984E-002
    0.000000    0.000000    0.956667    4.459000   1.8267198226E-002
    0.000000    0.000000    0.959000    4.461333   1.7513043905E-002
    0.000000    0.000000    0.961333    4.463667   1.6760278436E-002
    0.000000    0.000000    0.963667    4.466000   1.6008877238E-002
    0.000000    0.000000    0.966000    4.468333   1.5258815727E-002
    0.000000    0.000000    0.968333    4.470667   1.4510069309E-002
    0.000000    0.000000    0.970667    4.473000   1.3762613380E-002
    0.000000    0.000000    0.973000    4.475333   1.3016423316E-002
    0.000000    0.000000    0.975333    4.477667   1.2271474473E-002
    0.000000    0.000000    0.977667    4.480000   1.1527742177E-002
    0.000000    0.000000    0.980000    4.482333   1.0785201725E-002
    0.000000    0.000000    0.982333    4.484667   1.0043828377E-002
    0.000000    0.000000    0.984667    4.487000   9.3035973506E-003
    0.000000    0.000000    0.987000    4.489333   8.5644838216E-003
    0.000000    0.000000    0.989333    4.491667   7.8264629157E-003
    0.000000    0.000000    0.991667    4.494000   7.0895097063E-003
    0.000000    0.000000    0.994000    4.496333   6.3535992107E-003
    0.000000    0.000000    0.996333    4.498667   5.6187063867E-003
    0.000000    0.000000    0.998667    4.501000   4.8848061296E-003
    0.000000    0.000000    1.001000    4.503333   4.1518732688E-003
    0.000000    0.000000    1.003333    4.505667   3.4198825655E-003
    0.000000    0.000000    1.005667    4.508000   2.6888087106E-003
    0.000000    0.000000    1.008000    4.510333   1.9586263220E-003
    0.000000    0.000000    1.010333    4.512667   1.2293099433E-003
    0.000000    0.000000    1.012667    4.515000   5.0083404239E-004
    0.000000    0.000000    1.015000    4.517333  -2.2682698977E-004
    0.000000    0.000000    1.017333    4.519667  -9.5369883961E-004
    0.000000    0.000000    1.019667    4.522000  -1.6798072713E-003
    0.000000    0.000000    1.022000    4.524333  -2.4051781266E-003
    0.000000    0.000000    1.024333    4.526667  -3.1298373241E-003
    0.000000    0.000000    1.026667    4.529000  -3.8538108585E-003
    0.000000    0.000000    1.029000    4.531333  -4.5771247987E-003
    0.000000    0.000000    1.031333    4.533667  -5.2998052862E-003
    0.000000    0.000000    1.033667    4.536000  -6.0218785323E-003
    0.000000    0.000000    1.036000    4.538333  -6.7433708149E-003
    0.000000    0.000000    1.038333    4.540667  -7.4643084756E-003
    0.000000    0.000000    1.040667    4.543000  -8.1847179147E-003
    0.000000    0.000000    1.043000    4.545333  -8.9046255870E-003
    0.000000    0.000000    1.045333    4.547667  -9.6240579966E-003
    0.000000    0.000000    1.047667    4.550000  -1.0343041690E-002
    0.000000    0.000000    1.050000    4.552333  -1.1061603252E-002
    0.000000    0.000000    1.052333    4.554667  -1.1779769295E-002
    0.000000    0.000000    1.054667    4.557000  -1.2497566452E-002
    0.000000    0.000000    1.057000    4.559333  -1.3215021373E-002
    0.000000    0.000000    1.059333    4.561667  -1.3932160708E-002
    0.000000    0.000000    1.061667    4.564000  -1.4649011102E-002
    0.000000    0.000000    1.064000    4.566333  -1.5365599183E-002
    0.000000    0.000000    1.066333    4.568667  -1.6081951551E-002
    0.000000    0.000000    1.068667    4.571000  -1.6798094765E-002
    0.000000    0.000000    1.071000    4.573333  -1.7514055333E-002
    0.000000    0.000000    1.073333    4.575667  -1.8229859694E-002
    0.000000    0.000000    1.075667    4.578000  -1.8945534205E-002
    0.000000    0.000000    1.078000    4.580333  -1.9661105128E-002
    0.000000    0.000000    1.080333    4.582667  -2.0376598613E-002
    0.000000    0.000000    1.082667    4.585000  -2.1092040679E-002
    0.000000    0.000000    1.085000    4.587333  -2.1807457200E-002
    0.000000    0.000000    1.087333    4.589667  -2.2522873884E-002
    0.000000    0.000000    1.089667    4.592000  -2.3238316253E-002
    0.000000    0.000000    1.092000    4.594333  -2.3953809627E-002
    0.000000    0.000000    1.094333    4.596667  -2.4669379099E-002
    0.000000    0.000000    1.096667    4.599000  -2.5385049516E-002
    0.000000    0.000000    1.099000    4.601333  -2.6100845455E-002
    0.000000    0.000000    1.101333    4.603667  -2.6816791201E-002
    0.000000    0.000000    1.103667    4.606000  -2.7532910721E-002
    0.000000    0.000000    1.106000    4.608333  -2.8249227643E-002
    0.000000    0.000000    1.108333    4.610667  -2.8965765225E-002
    0.000000    0.000000    1.110667    4.613000  -2.9682546333E-002
    0.000000    0.000000    1.113000    4.615333  -3.0399593411E-002
    0.000000    0.000000    1.115333    4.617667  -3.1116928456E-002
    0.000000    0.000000    1.117667    4.620000  -3.1834572988E-002
    0.000000    0.000000    1.120000    4.622333  -3.2552548019E-002
    0.000000    0.000000    1.122333    4.624667  -3.3270874024E-002
    0.000000    0.000000    1.124667    4.627000  -3.3989570914E-002
    0.000000    0.000000    1.127000    4.629333  -3.4708657998E-002
    0.000000    0.000000    1.129333    4.631667  -3.5428153957E-002
    0.000000    0.000000    1.131667    4.634000  -3.6148076810E-002
    0.000000    0.000000    1.134000    4.636333  -3.6868443880E-002
    0.000000    0.000000    1.136333    4.638667  -3.7589271760E-002
    0.000000    0.000000    1.138667    4.641000  -3.8310576283E-002
    0.000000    0.000000    1.141000    4.643333  -3.9032372485E-002
    0.000000    0.000000    1.143333    4.645667  -3.9754674572E-002
    0.000000    0.000000    1.145667    4.648000  -4.0477495885E-002
    0.000000    0.000000    1.148000    4.650333  -4.1200848866E-002
    0.000000    0.000000    1.150333    4.652667  -4.1924745022E-002
    0.000000    0.000000    1.152667    4.655000  -4.2649194893E-002
    0.000000    0.000000    1.155000    4.657333  -4.3374208017E-002
    0.000000    0.000000    1.157333    4.659667  -4.4099792896E-002
    0.000000    0.000000    1.159667    4.662000  -4.4825956959E-002
    0.000000    0.000000    1.162000    4.664333  -4.5552706538E-002
    0.000000    0.000000    1.164333    4.666667  -4.6280046825E-002
    0.000000    0.000000    1.166667    4.669000  -4.7007981850E-002
    0.000000    0.000000    1.169000    4.671333  -4.7736514446E-002
    0.000000    0.000000    1.171333    4.673667  -4.8465646222E-002
    0.000000    0.000000    1.173667    4.676000  -4.9195377535E-002
    0.000000    0.000000    1.176000    4.678333  -4.9925707464E-002
    0.000000    0.000000    1.178333    4.680667  -5.0656633791E-002
    0.000000    0.000000    1.180667    4.683000  -5.1388152975E-002
    0.000000    0.000000    1.183000    4.685333  -5.2120260135E-002
    0.000000    0.000000    1.185333    4.687667  -5.2852949038E-002
    0.000000    0.000000    1.187667    4.690000  -5.3586212082E-002
    0.000000    0.000000    1.190000    4.692333  -5.4320040292E-002
    0.000000    0.000000    1.192333    4.694667  -5.5054423315E-002
    0.000000    0.000000    1.194667    4.697000  -5.5789349418E-002
    0.000000    0.000000    1.197000    4.699333  -5.6524805498E-002
    0.000000    0.000000    1.199333    4.701667  -5.7260777090E-002
    0.000000    0.000000    1.201667    4.704000  -5.7997248387E-002
    0.000000    0.000000    1.204000    4.706333  -5.8734202260E-002
    0.000000    0.000000    1.206333    4.708667  -5.9471620293E-002
    0.000000    0.000000    1.208667    4.711000  -6.0209482823E-002
    0.000000    0.000000    1.211000    4.713333  -6.0947768981E-002
    0.000000    0.000000    1.213333    4.715667  -6.1686456759E-002
    0.000000    0.000000    1.215667    4.718000  -6.2425523067E-002
    0.000000    0.000000    1.218000    4.720333  -6.3164943815E-002
    0.000000    0.000000    1.220333    4.722667  -6.3904694001E-002
    0.000000    0.000000    1.222667    4.725000  -6.4644747809E-002
    0.000000    0.000000    1.225000    4.727333  -6.5385078726E-002
    0.000000    0.000000    1.227333    4.729667  -6.6125659662E-002
    0.000000    0.000000    1.229667    4.732000  -6.6866463097E-002
    0.000000    0.000000    1.232000    4.734333  -6.7607461228E-002
    0.000000    0.000000    1.234333    4.736667  -6.8348626145E-002
    0.000000    0.000000    1.236667    4.739000  -6.9089930015E-002
    0.000000    0.000000    1.239000    4.741333  -6.9831345279E-002
    0.000000    0.000000    1.241333    4.743667  -7.0572844878E-002
    0.000000    0.000000    1.243667    4.746000  -7.1314402482E-002
    0.000000    0.000000    1.246000    4.748333  -7.2055992743E-002
    0.000000    0.000000    1.248333    4.750667  -7.2797591566E-002
    0.000000    0.000000    1.250667    4.753000  -7.3539176397E-002
    0.000000    0.000000    1.253000    4.755333  -7.4280726518E-002
    0.000000    0.000000    1.255333    4.757667  -7.5022223375E-002
    0.000000    0.000000    1.257667    4.760000  -7.5763650907E-002
    0.000000    0.000000    1.260000    4.762333  -7.6504995899E-002
    0.000000    0.000000    1.262333    4.764667  -7.7246248340E-002
    0.000000    0.000000    1.264667    4.767000  -7.7987401802E-002
    0.000000    0.000000    1.267000    4.769333  -7.8728453821E-002
    0.000000    0.000000    1.269333    4.771667  -7.9469406294E-002
    0.000000    0.000000    1.271667    4.774000  -8.0210265874E-002
    0.000000    0.000000    1.274000    4.776333  -8.0951044373E-002
    0.000000    0.000000    1.276333    4.778667  -8.1691759161E-002
    0.000000    0.000000    1.278667    4.781000  -8.2432433570E-002
    0.000000    0.000000    1.281000    4.783333  -8.3173097277E-002
    0.000000    0.000000    1.283333    4.785667  -8.3913786683E-002
    0.000000    0.000000    1.285667    4.788000  -8.4654545278E-002
    0.000000    0.000000    1.288000    4.790333  -8.5395423979E-002
    0.000000    0.000000    1.290333    4.792667  -8.6136481440E-002
    0.000000    0.000000    1.292667    4.795000  -8.6877784336E-002
    0.000000    0.000000    1.295000    4.797333  -8.7619407600E-002
    0.000000    0.000000    1.297333    4.799667  -8.8361434620E-002
    0.000000    0.000000    1.299667    4.802000  -8.9103957382E-002
    0.000000    0.000000    1.302000    4.804333  -8.9847076550E-002
    0.000000    0.000000    1.304333    4.806667  -9.0590901488E-002
    0.000000    0.000000    1.306667    4.809000  -9.1335550203E-002
    0.000000    0.000000    1.309000    4.811333  -9.2081149206E-002
    0.000000    0.000000    1.311333    4.813667  -9.2827833287E-002
    0.000000    0.000000    1.313667    4.816000  -9.3575745198E-002
    0.000000    0.000000    1.316000    4.818333  -9.4325035227E-002
    0.000000    0.000000    1.318333    4.820667  -9.5075860670E-002
    0.000000    0.000000    1.320667    4.823000  -9.5828385185E-002
    0.000000    0.000000    1.323000    4.825333  -9.6582778024E-002
    0.000000    0.000000    1.325333    4.827667  -9.7339213144E-002
    0.000000    0.000000    1.327667    4.830000  -9.8097868183E-002
    0.000000    0.000000    1.330000    4.832333  -9.8858923307E-002
    0.000000    0.000000    1.332333    4.834667  -9.9622559918E-002
    0.000000    0.000000    1.334667    4.837000  -1.0038895923E-001
    0.000000    0.000000    1.337000    4.839333  -1.0115830069E-001
    0.000000    0.000000    1.339333    4.841667  -1.0193076029E-001
    0.000000    0.000000    1.341667    4.844000  -1.0270650875E-001
    0.000000    0.000000    1.344000    4.846333  -1.0348570951E-001
    0.000000    0.000000    1.346333    4.848667  -1.0426851668E-001
    0.000000    0.000000    1.348667    4.851000  -1.0505507281E-001
    0.000000    0.000000    1.351000    4.853333  -1.0584550660E-001
    0.000000    0.000000    1.353333    4.855667  -1.0663993049E-001
    0.000000    0.000000    1.355667    4.858000  -1.0743843816E-001
    0.000000    0.000000    1.358000    4.860333  -1.0824110199E-001
    0.000000    0.000000    1.360333    4.862667  -1.0904797044E-001
    0.000000    0.000000    1.362667    4.865000  -1.0985906538E-001
    0.000000    0.000000    1.365000    4.867333  -1.1067437948E-001
    0.000000    0.000000    1.367333    4.869667  -1.1149387354E-001
    0.000000    0.000000    1.369667    4.872000  -1.1231747384E-001
    0.000000    0.000000    1.372000    4.874333  -1.1314506961E-001
    0.000000    0.000000    1.374333    4.876667  -1.1397651053E-001
    0.000000    0.000000    1.376667    4.879000  -1.1481160434E-001
    0.000000    0.000000    1.379000    4.881333  -1.1565011458E-001
    0.000000    0.000000    1.381333    4.883667  -1.1649175853E-001
    0.000000    0.000000    1.383667    4.886000  -1.1733620527E-001
    0.000000    0.000000    1.386000    4.888333  -1.1818307401E-001
    0.000000    0.000000    1.388333    4.890667  -1.1903193263E-001
    0.000000    0.000000    1.390667    4.893000  -1.1988229652E-001
    0.000000    0.000000    1.393000    4.895333  -1.2073362765E-001
    0.000000    0.000000    1.395333    4.897667  -1.2158533405E-001
    0.000000    0.000000    1.397667    4.900000  -1.2243676953E-001
    0.000000    0.000000    1.400000    4.902333  -1.2328723385E-001
    0.000000    0.000000    1.402333    4.904667  -1.2413597317E-001
    0.000000    0.000000    1.404667    4.907000  -1.2498218101E-001
    0.000000    0.000000    1.407000    4.909333  -1.2582499950E-001
    0.000000    0.000000    1.409333    4.911667  -1.2666352111E-001
    0.000000    0.000000    1.411667    4.914000  -1.2749679078E-001
    0.000000    0.000000    1.414000    4.916333  -1.2832380849E-001
    0.000000    0.000000    1.416333    4.918667  -1.2914353220E-001
    0.000000    0.000000    1.418667    4.921000  -1.2995488123E-001
    0.000000    0.000000    1.421000    4.923333  -1.3075674008E-001
    0.000000    0.000000    1.423333    4.925667  -1.3154796258E-001
    0.000000    0.000000    1.425667    4.928000  -1.3232737641E-001
    0.000000    0.000000    1.428000    4.930333  -1.3309378799E-001
    0.000000    0.000000    1.430333    4.932667  -1.3384598773E-001
    0.000000    0.000000    1.432667    4.935000  -1.3458275544E-001
    0.000000    0.000000    1.435000    4.937333  -1.3530286614E-001
    0.000000    0.000000    1.437333    4.939667  -1.3600509599E-001
    0.000000    0.000000    1.439667    4.942000  -1.3668822841E-001
    0.000000    0.000000    1.442000    4.944333  -1.3735106038E-001
    0.000000    0.000000    1.444333    4.946667  -1.3799240876E-001
    0.000000    0.000000    1.446667    4.949000  -1.3861111670E-001
    0.000000    0.000000    1.449000    4.951333  -1.3920605998E-001
    0.000000    0.000000    1.451333    4.953667  -1.3977615334E-001
    0.000000    0.000000    1.453667    4.956000  -1.4032035667E-001
    0.000000    0.000000    1.456000    4.958333  -1.4083768103E-001
    0.000000    0.000000    1.458333    4.960667  -1.4132719448E-001
    0.000000    0.000000    1.460667    4.963000  -1.4178802757E-001
    0.000000    0.000000    1.463000    4.965333  -1.4221937866E-001
    0.000000    0.000000    1.465333    4.967667  -1.4262051870E-001
    0.000000    0.000000    1.467667    4.970000  -1.4299079576E-001
    0.000000    0.000000    1.470000    4.972333  -1.4332963902E-001
    0.000000    0.000000    1.472333    4.974667  -1.4363656234E-001
    0.000000    0.000000    1.474667    4.977000  -1.4391116730E-001
    0.000000    0.000000    1.477000    4.979333  -1.4415314569E-001
    0.000000    0.000000    1.479333    4.981667  -1.4436228145E-001
    0.000000    0.000000    1.481667    4.984000  -1.4453845205E-001
    0.000000    0.000000    1.484000    4.986333  -1.4468162926E-001
    0.000000    0.000000    1.486333    4.988667  -1.4479187933E-001
    0.000000    0.000000    1.488667    4.991000  -1.4486936255E-001
    0.000000    0.000000    1.491000    4.993333  -1.4491433225E-001
    0.000000    0.000000    1.493333    4.995667  -1.4492713322E-001
    0.000000    0.000000    1.495667    4.998000  -1.4490819949E-001
    0.000000    0.000000    1.498000    5.000333  -1.4485805164E-001
    0.000000    0.000000    1.500333    5.002667  -1.4477729356E-001
    0.000000    0.000000    1.502667    5.005000  -1.4466660865E-001
    0.000000    0.000000    1.505000    5.007333  -1.4452675568E-001
    0.000000    0.000000    1.507333    5.009667  -1.4435856409E-001
    0.000000    0.000000    1.509667    5.012000  -1.4416292904E-001
    0.000000    0.000000    1.512000    5.014333  -1.4394080595E-001
    0.000000    0.000000    1.514333    5.016667  -1.4369320495E-001
    0.000000    0.000000    1.516667    5.019000  -1.4342118490E-001
    0.000000    0.000000    1.519000    5.021333  -1.4312584731E-001
    0.000000    0.000000    1.521333    5.023667  -1.4280833014E-001
    0.000000    0.000000    1.523667    5.026000  -1.4246980139E-001
    0.000000    0.000000    1.526000    5.028333  -1.4211145277E-001
    0.000000    0.000000    1.528333    5.030667  -1.4173449331E-001
    0.000000    0.000000    1.530667    5.033000  -1.4134014304E-001
    0.000000    0.000000    1.533000    5.035333  -1.4092962679E-001
    0.000000    0.000000    1.535333    5.037667  -1.4050416810E-001
    0.000000    0.000000    1.537667    5.040000  -1.4006498338E-001
    0.000000    0.000000    1.540000    5.042333  -1.3961327624E-001
    0.000000    0.000000    1.542333    5.044667  -1.3915023211E-001
    0.000000    0.000000    1.544667    5.047000  -1.3867701323E-001
    0.000000    0.000000    1.547000    5.049333  -1.3819475381E-001
    0.000000    0.000000    1.549333    5.051667  -1.3770455573E-001
    0.000000    0.000000    1.551667    5.054000  -1.3720748447E-001
    0.000000    0.000000    1.554000    5.056333  -1.3670456554E-001
    0.000000    0.000000    1.556333    5.058667  -1.3619678121E-001
    0.000000    0.000000    1.558667    5.061000  -1.3568506777E-001
    0.000000    0.000000    1.561000    5.063333  -1.3517031313E-001
    0.000000    0.000000    1.563333    5.065667  -1.3465335486E-001
    0.000000    0.000000    1.565667    5.068000  -1.3413497864E-001
    0.000000    0.000000    1.568000    5.070333  -1.3361591715E-001
    0.000000    0.000000    1.570333    5.072667  -1.3309684933E-001
    0.000000    0.000000    1.572667    5.075000  -1.3257840003E-001
    0.000000    0.000000    1.575000    5.077333  -1.3206114004E-001
    0.000000    0.000000    1.577333    5.079667  -1.3154558648E-001
    0.000000    0.000000    1.579667    5.082000  -1.3103220346E-001
    0.000000    0.000000    1.582000    5.084333  -1.3052140315E-001
    0.000000    0.000000    1.584333    5.086667  -1.3001354704E-001
    0.000000    0.000000    1.586667    5.089000  -1.2950894751E-001
    0.000000    0.000000    1.589000    5.091333  -1.2900786961E-001
    0.000000    0.000000    1.591333    5.093667  -1.2851053304E-001
    0.000000    0.000000    1.593667    5.096000  -1.2801711430E-001
    0.000000    0.000000    1.596000    5.098333  -1.2752774904E-001
    0.000000    0.000000    1.598333    5.100667  -1.2704253447E-001
    0.000000    0.000000    1.600667    5.103000  -1.2656153186E-001
    0.000000    0.000000    1.603000    5.105333  -1.2608476918E-001
    0.000000    0.000000    1.605333    5.107667  -1.2561224370E-001
    0.000000    0.000000    1.607667    5.110000  -1.2514392468E-001
    0.000000    0.000000    1.610000    5.112333  -1.2467975601E-001
    0.000000    0.000000    1.612333    5.114667  -1.2421965883E-001
    0.000000    0.000000    1.614667    5.117000  -1.2376353415E-001
    0.000000    0.000000    1.617000    5.119333  -1.2331126537E-001
    0.000000    0.000000    1.619333    5.121667  -1.2286272073E-001
    0.000000    0.000000    1.621667    5.124000  -1.2241775571E-001
    0.000000    0.000000    1.624000    5.126333  -1.2197621524E-001
    0.000000    0.000000    1.626333    5.128667  -1.2153793592E-001
    0.000000    0.000000    1.628667    5.131000  -1.2110274804E-001
    0.000000    0.000000    1.631000    5.133333  -1.2067047746E-001
    0.000000    0.000000    1.633333    5.135667  -1.2024094744E-001
    0.000000    0.000000    1.635667    5.138000  -1.1981398024E-001
    0.000000    0.000000    1.638000    5.140333  -1.1938939868E-001
    0.000000    0.000000    1.640333    5.142667  -1.1896702747E-001
    0.000000    0.000000    1.642667    5.145000  -1.1854669446E-001
    0.000000    0.000000    1.645000    5.147333  -1.1812823175E-001
    0.000000    0.000000    1.647333    5.149667  -1.1771147664E-001
    0.000000    0.000000    1.649667    5.152000  -1.1729627250E-001
    0.000000    0.000000    1.652000    5.154333  -1.1688246943E-001
    0.000000    0.000000    1.654333    5.156667  -1.1646992494E-001
    0.000000    0.000000    1.656667    5.159000  -1.1605850437E-001
    0.000000    0.000000    1.659000    5.161333  -1.1564808129E-001
    0.000000    0.000000    1.661333    5.163667  -1.1523853779E-001
    0.000000    0.000000    1.663667    5.166000  -1.1482976466E-001
    0.000000    0.000000    1.666000    5.168333  -1.1442166150E-001
    0.000000    0.000000    1.668333    5.170667  -1.1401413672E-001
    0.000000    0.000000    1.670667    5.173000  -1.1360710754E-001
    0.000000    0.000000    1.673000    5.175333  -1.1320049986E-001
    0.000000    0.000000    1.675333    5.177667  -1.1279424806E-001
    0.000000    0.000000    1.677667    5.180000  -1.1238829486E-001
    0.000000    0.000000    1.680000    5.182333  -1.1198259099E-001
    0.000000    0.000000    1.682333    5.184667  -1.1157709494E-001
    0.000000    0.000000    1.684667    5.187000  -1.1117177263E-001
    0.000000    0.000000    1.687000    5.189333  -1.1076659704E-001
    0.000000    0.000000    1.689333    5.191667  -1.1036154787E-001
    0.000000    0.000000    1.691667    5.194000  -1.0995661114E-001
    0.000000    0.000000    1.694000    5.196333  -1.0955177880E-001
    0.000000    0.000000    1.696333    5.198667  -1.0914704833E-001
    0.000000    0.000000    1.698667    5.201000  -1.0874242233E-001
    0.000000    0.000000    1.701000    5.203333  -1.0833790814E-001
    0.000000    0.000000    1.703333    5.205667  -1.0793351744E-001
    0.000000    0.000000    1.705667    5.208000  -1.0752926583E-001
    0.000000    0.000000    1.708000    5.210333  -1.0712517248E-001
    0.000000    0.000000    1.710333    5.212667  -1.0672125976E-001
    0.000000    0.000000    1.712667    5.215000  -1.0631755287E-001
    0.000000    0.000000    1.715000    5.217333  -1.0591407950E-001
    0.000000    0.000000    1.717333    5.219667  -1.0551086949E-001
    0.000000    0.000000    1.719667    5.222000  -1.0510795456E-001
    0.000000    0.000000    1.722000    5.224333  -1.0470536795E-001
    0.000000    0.000000    1.724333    5.226667  -1.0430314421E-001
    0.000000    0.000000    1.726667    5.229000  -1.0390131887E-001
    0.000000    0.000000    1.729000    5.231333  -1.0349992824E-001
    0.000000    0.000000    1.731333    5.233667  -1.0309900918E-001
    0.000000    0.000000    1.733667    5.236000  -1.0269859886E-001
    0.000000    0.000000    1.736000    5.238333  -1.0229873460E-001
    0.000000    0.000000    1.738333    5.240667  -1.0189945365E-001
    0.000000    0.000000    1.740667    5.243000  -1.0150079308E-001
    0.000000    0.000000    1.743000    5.245333  -1.0110278957E-001
    0.000000    0.000000    1.745333    5.247667  -1.0070547933E-001
    0.000000    0.000000    1.747667    5.250000  -1.0030889794E-001
    0.000000    0.000000    1.750000    5.252333  -9.9913080277E-002
    0.000000    0.000000    1.752333    5.254667  -9.9518060378E-002
    0.000000    0.000000    1.754667    5.257000  -9.9123871393E-002
    0.000000    0.000000    1.757000    5.259333  -9.8730545495E-002
    0.000000    0.000000    1.759333    5.261667  -9.8338113820E-002
    0.000000    0.000000    1.761667    5.264000  -9.7946606412E-002
    0.000000    0.000000    1.764000    5.266333  -9.7556052184E-002
    0.000000    0.000000    1.766333    5.268667  -9.7166478875E-002
    0.000000    0.000000    1.768667    5.271000  -9.6777913028E-002
    0.000000    0.000000    1.771000    5.273333  -9.6390379962E-002
    0.000000    0.000000    1.773333    5.275667  -9.6003903764E-002
    0.000000    0.000000    1.775667    5.278000  -9.5618507273E-002
    0.000000    0.000000    1.778000    5.280333  -9.5234212082E-002
    0.000000    0.000000    1.780333    5.282667  -9.4851038533E-002
    0.000000    0.000000    1.782667    5.285000  -9.4469005729E-002
    0.000000    0.000000    1.785000    5.287333  -9.4088131537E-002
    0.000000    0.000000    1.787333    5.289667  -9.3708432608E-002
    0.000000    0.000000    1.789667    5.292000  -9.3329924387E-002
    0.000000    0.000000    1.792000    5.294333  -9.2952621133E-002
    0.000000    0.000000    1.794333    5.296667  -9.2576535947E-002
    0.000000    0.000000    1.796667    5.299000  -9.2201680787E-002
    0.000000    0.000000    1.799000    5.301333  -9.1828066499E-002
    0.000000    0.000000    1.801333    5.303667  -9.1455702845E-002
    0.000000    0.000000    1.803667    5.306000  -9.1084598528E-002
    0.000000    0.000000    1.806000    5.308333  -9.0714761228E-002
    0.000000    0.000000    1.808333    5.310667  -9.0346197626E-002
    0.000000    0.000000    1.810667    5.313000  -8.9978913443E-002
    0.000000    0.000000    1.813000    5.315333  -8.9612913471E-002
    0.000000    0.000000    1.815333    5.317667  -8.9248201604E-002
    0.000000    0.000000    1.817667    5.320000  -8.8884780873E-002
    0.000000    0.000000    1.820000    5.322333  -8.8522653483E-002
    0.000000    0.000000    1.822333    5.324667  -8.8161820841E-002
    0.000000    0.000000    1.824667    5.327000  -8.7802283600E-002
    0.000000    0.000000    1.827000    5.329333  -8.7444041681E-002
    0.000000    0.000000    1.829333    5.331667  -8.7087094320E-002
    0.000000    0.000000    1.831667    5.334000  -8.6731440092E-002
    0.000000    0.000000    1.834000    5.336333  -8.6377076951E-002
    0.000000    0.000000    1.836333    5.338667  -8.6024002258E-002
    0.000000    0.000000    1.838667    5.341000  -8.5672212821E-002
    0.000000    0.000000    1.841000    5.343333  -8.5321704920E-002
    0.000000    0.000000    1.843333    5.345667  -8.4972474346E-002
    0.000000    0.000000    1.845667    5.348000  -8.4624516428E-002
    0.000000    0.000000    1.848000    5.350333  -8.4277826065E-002
    0.000000    0.000000    1.850333    5.352667  -8.3932397756E-002
    0.000000    0.000000    1.852667    5.355000  -8.3588225633E-002
    0.000000    0.000000    1.855000    5.357333  -8.3245303485E-002
    0.000000    0.000000    1.857333    5.359667  -8.2903624789E-002
    0.000000    0.000000    1.859667    5.362000  -8.2563182741E-002
    0.000000    0.000000    1.862000    5.364333  -8.2223970275E-002
    0.000000    0.000000    1.864333    5.366667  -8.1885980096E-002
    0.000000    0.000000    1.866667    5.369000  -8.1549204704E-002
    0.000000    0.000000    1.869000    5.371333  -8.1213636415E-002
    0.000000    0.000000    1.871333    5.373667  -8.0879267390E-002
    0.000000    0.000000    1.873667    5.376000  -8.0546089655E-002
    0.000000    0.000000    1.876000    5.378333  -8.0214095126E-002
    0.000000    0.000000    1.878333    5.380667  -7.9883275625E-002
    0.000000    0.000000    1.880667    5.383000  -7.9553622907E-002
    0.000000    0.000000    1.883000    5.385333  -7.9225128678E-002
    0.000000    0.000000    1.885333    5.387667  -7.8897784610E-002
    0.000000    0.000000    1.887667    5.390000  -7.8571582367E-002
    0.000000    0.000000    1.890000    5.392333  -7.8246513615E-002
    0.000000    0.000000    1.892333    5.394667  -7.7922570044E-002
    0.000000    0.000000    1.894667    5.397000  -7.7599743382E-002
    0.000000    0.000000    1.897000    5.399333  -7.7278025409E-002
    0.000000    0.000000    1.899333    5.401667  -7.6957407974E-002
    0.000000    0.000000    1.901667    5.404000  -7.6637883007E-002
    0.000000    0.000000    1.904000    5.406333  -7.6319442531E-002
    0.000000    0.000000    1.906333    5.408667  -7.6002078678E-002
    0.000000    0.000000    1.908667    5.411000  -7.5685783697E-002
    0.000000    0.000000    1.911000    5.413333  -7.5370549963E-002
    0.000000    0.000000    1.913333    5.415667  -7.5056369995E-002
    0.000000    0.000000    1.915667    5.418000  -7.4743236456E-002
    0.000000    0.000000    1.918000    5.420333  -7.4431142167E-002
    0.000000    0.000000    1.920333    5.422667  -7.4120080113E-002
    0.000000    0.000000    1.922667    5.425000  -7.3810043454E-002
    0.000000    0.000000    1.925000    5.427333  -7.3501025525E-002
    0.000000    0.000000    1.927333    5.429667  -7.3193019849E-002
    0.000000    0.000000    1.929667    5.432000  -7.2886020138E-002
    0.000000    0.000000    1.932000    5.434333  -7.2580020299E-002
    0.000000    0.000000    1.934333    5.436667  -7.2275014441E-002
    0.000000    0.000000    1.936667    5.439000  -7.1970996873E-002
    0.000000    0.000000    1.939000    5.441333  -7.1667962115E-002
    0.000000    0.000000    1.941333    5.443667  -7.1365904894E-002
    0.000000    0.000000    1.943667    5.446000  -7.1064820148E-002
    0.000000    0.000000    1.946000    5.448333  -7.0764703030E-002
    0.000000    0.000000    1.948333    5.450667  -7.0465548908E-002
    0.000000    0.000000    1.950667    5.453000  -7.0167353365E-002
    0.000000    0.000000    1.953000    5.455333  -6.9870112200E-002
    0.000000    0.000000    1.955333    5.457667  -6.9573821427E-002
    0.000000    0.000000    1.957667    5.460000  -6.9278477278E-002
    0.000000    0.000000    1.960000    5.462333  -6.8984076197E-002
    0.000000    0.000000    1.962333    5.464667  -6.8690614843E-002
    0.000000    0.000000    1.964667    5.467000  -6.8398090087E-002
    0.000000    0.000000    1.967000    5.469333  -6.8106499010E-002
    0.000000    0.000000    1.969333    5.471667  -6.7815838900E-002
    0.000000    0.000000    1.971667    5.474000  -6.7526107252E-002
    0.000000    0.000000    1.974000    5.476333  -6.7237301761E-002
    0.000000    0.000000    1.976333    5.478667  -6.6949420325E-002
    0.000000    0.000000    1.978667    5.481000  -6.6662461035E-002
    0.000000    0.000000    1.981000    5.483333  -6.6376422179E-002
    0.000000    0.000000    1.983333    5.485667  -6.6091302228E-002
    0.000000    0.000000    1.985667    5.488000  -6.5807099845E-002
    0.000000    0.000000    1.988000    5.490333  -6.5523813867E-002
    0.000000    0.000000    1.990333    5.492667  -6.5241443314E-002
    0.000000    0.000000    1.992667    5.495000  -6.4959987373E-002
    0.000000    0.000000    1.995000    5.497333  -6.4679445400E-002
    0.000000    0.000000    1.997333    5.499667  -6.4399816915E-002
    0.000000    0.000000    1.999667    5.502000  -6.4121101595E-002
    0.000000    0.000000    2.002000    5.504333  -6.3843299268E-002
    0.000000    0.000000    2.004333    5.506667  -6.3566409912E-002
    0.000000    0.000000    2.006667    5.509000  -6.3290433645E-002
    0.000000    0.000000    2.009000    5.511333  -6.3015370724E-002
    0.000000    0.000000    2.011333    5.513667  -6.2741221536E-002
    0.000000    0.000000    2.013667    5.516000  -6.2467986597E-002
    0.000000    0.000000    2.016000    5.518333  -6.2195666540E-002
    0.000000    0.000000    2.018333    5.520667  -6.1924262115E-002
    0.000000    0.000000    2.020667    5.523000  -6.1653774184E-002
    0.000000    0.000000    2.023000    5.525333  -6.1384203709E-002
    0.000000    0.000000    2.025333    5.527667  -6.1115551754E-002
    0.000000    0.000000    2.027667    5.530000  -6.0847819476E-002
    0.000000    0.000000    2.030000    5.532333  -6.0581008117E-002
    0.000000    0.000000    2.032333    5.534667  -6.0315119004E-002
    0.000000    0.000000    2.034667    5.537000  -6.0050153540E-002
    0.000000    0.000000    2.037000    5.539333  -5.9786113198E-002
    0.000000    0.000000    2.039333    5.541667  -5.9522999519E-002
    0.000000    0.000000    2.041667    5.544000  -5.9260814103E-002
    0.000000    0.000000    2.044000    5.546333  -5.8999558604E-002
    0.000000    0.000000    2.046333    5.548667  -5.8739234729E-002
    0.000000    0.000000    2.048667    5.551000  -5.8479844228E-002
    0.000000    0.000000    2.051000    5.553333  -5.8221388891E-002
    0.000000    0.000000    2.053333    5.555667  -5.7963870541E-002
    0.000000    0.000000    2.055667    5.558000  -5.7707291034E-002
    0.000000    0.000000    2.058000    5.560333  -5.7451652248E-002
    0.000000    0.000000    2.060333    5.562667  -5.7196956083E-002
    0.000000    0.000000    2.062667    5.565000  -5.6943204451E-002
    0.000000    0.000000    2.065000    5.567333  -5.6690399280E-002
    0.000000    0.000000    2.067333    5.569667  -5.6438542499E-002
    0.000000    0.000000    2.069667    5.572000  -5.6187636041E-002
    0.000000    0.000000    2.072000    5.574333  -5.5937681838E-002
    0.000000    0.000000    2.074333    5.576667  -5.5688681813E-002
    0.000000    0.000000    2.076667    5.579000  -5.5440637879E-002
    0.000000    0.000000    2.079000    5.581333  -5.5193551935E-002
    0.000000    0.000000    2.081333    5.583667  -5.4947425860E-002
    0.000000    0.000000    2.083667    5.586000  -5.4702261510E-002
    0.000000    0.000000    2.086000    5.588333  -5.4458060719E-002
    0.000000    0.000000    2.088333    5.590667  -5.4214825286E-002
    0.000000    0.000000    2.090667    5.593000  -5.3972556982E-002
    0.000000    0.000000    2.093000    5.595333  -5.3731257537E-002
    0.000000    0.000000    2.095333    5.597667  -5.3490928645E-002
    0.000000    0.000000    2.097667    5.600000  -5.3251571957E-002
    0.000000    0.000000    2.100000    5.602333  -5.3013189075E-002
    0.000000    0.000000    2.102333    5.604667  -5.2775781558E-002
    0.000000    0.000000    2.104667    5.607000  -5.2539350910E-002
    0.000000    0.000000    2.107000    5.609333  -5.2303898583E-002
    0.000000    0.000000    2.109333    5.611667  -5.2069425971E-002
    0.000000    0.000000    2.111667    5.614000  -5.1835934412E-002
    0.000000    0.000000    2.114000    5.616333  -5.1603425180E-002
    0.000000    0.000000    2.116333    5.618667  -5.1371899489E-002
    0.000000    0.000000    2.118667    5.621000  -5.1141358485E-002
    0.000000    0.000000    2.121000    5.623333  -5.0911803249E-002
    0.000000    0.000000    2.123333    5.625667  -5.0683234793E-002
    0.000000    0.000000    2.125667    5.628000  -5.0455654057E-002
    0.000000    0.000000    2.128000    5.630333  -5.0229061909E-002
    0.000000    0.000000    2.130333    5.632667  -5.0003459144E-002
    0.000000    0.000000    2.132667    5.635000  -4.9778846482E-002
    0.000000    0.000000    2.135000    5.637333  -4.9555224564E-002
    0.000000    0.000000    2.137333    5.639667  -4.9332593956E-002
    0.000000    0.000000    2.139667    5.642000  -4.9110955144E-002
    0.000000    0.000000    2.142000    5.644333  -4.8890308534E-002
    0.000000    0.000000    2.144333    5.646667  -4.8670654450E-002
    0.000000    0.000000    2.146667    5.649000  -4.8451993136E-002
    0.000000    0.000000    2.149000    5.651333  -4.8234324753E-002
    0.000000    0.000000    2.151333    5.653667  -4.8017649379E-002
    0.000000    0.000000    2.153667    5.656000  -4.7801967006E-002
    0.000000    0.000000    2.156000    5.658333  -4.7587277544E-002
    0.000000    0.000000    2.158333    5.660667  -4.7373580819E-002
    0.000000    0.000000    2.160667    5.663000  -4.7160876569E-002
    0.000000    0.000000    2.163000    5.665333  -4.6949164448E-002
    0.000000    0.000000    2.165333    5.667667  -4.6738444026E-002
    0.000000    0.000000    2.167667    5.670000  -4.6528714785E-002
    0.000000    0.000000    2.170000    5.672333  -4.6319976122E-002
    0.000000    0.000000    2.172333    5.674667  -4.6112227349E-002
    0.000000    0.000000    2.174667    5.677000  -4.5905467692E-002
    0.000000    0.000000    2.177000    5.679333  -4.5699696290E-002
    0.000000    0.000000    2.179333    5.681667  -4.5494912200E-002
    0.000000    0.000000    2.181667    5.684000  -4.5291114390E-002
    0.000000    0.000000    2.184000    5.686333  -4.5088301747E-002
    0.000000    0.000000    2.186333    5.688667  -4.4886473070E-002
    0.000000    0.000000    2.188667    5.691000  -4.4685627078E-002
    0.000000    0.000000    2.191000    5.693333  -4.4485762404E-002
    0.000000    0.000000    2.193333    5.695667  -4.4286877598E-002
    0.000000    0.000000    2.195667    5.698000  -4.4088971130E-002
    0.000000    0.000000    2.198000    5.700333  -4.3892041387E-002
    0.000000    0.000000    2.200333    5.702667  -4.3696086674E-002
    0.000000    0.000000    2.202667    5.705000  -4.3501105217E-002
    0.000000    0.000000    2.205000    5.707333  -4.3307095162E-002
    0.000000    0.000000    2.207333    5.709667  -4.3114054578E-002
    0.000000    0.000000    2.209667    5.712000  -4.2921981453E-002
    0.000000    0.000000    2.212000    5.714333  -4.2730873701E-002
    0.000000    0.000000    2.214333    5.716667  -4.2540729159E-002
    0.000000    0.000000    2.216667    5.719000  -4.2351545589E-002
    0.000000    0.000000    2.219000    5.721333  -4.2163320677E-002
    0.000000    0.000000    2.221333    5.723667  -4.1976052038E-002
    0.000000    0.000000    2.223667    5.726000  -4.1789737215E-002
    0.000000    0.000000    2.226000    5.728333  -4.1604373679E-002
    0.000000    0.000000    2.228333    5.730667  -4.1419958831E-002
    0.000000    0.000000    2.230667    5.733000  -4.1236490003E-002
    0.000000    0.000000    2.233000    5.735333  -4.1053964459E-002
    0.000000    0.000000    2.235333    5.737667  -4.0872379399E-002
    0.000000    0.000000    2.237667    5.740000  -4.0691731954E-002
    0.000000    0.000000    2.240000    5.742333  -4.0512019192E-002
    0.000000    0.000000    2.242333    5.744667  -4.0333238118E-002
    0.000000    0.000000    2.244667    5.747000  -4.0155385675E-002
    0.000000    0.000000    2.247000    5.749333  -3.9978458746E-002
    0.000000    0.000000    2.249333    5.751667  -3.9802454153E-002
    0.000000    0.000000    2.251667    5.754000  -3.9627368660E-002
    0.000000    0.000000    2.254000    5.756333  -3.9453198977E-002
    0.000000    0.000000    2.256333    5.758667  -3.9279941753E-002
    0.000000    0.000000    2.258667    5.761000  -3.9107593588E-002
    0.000000    0.000000    2.261000    5.763333  -3.8936151024E-002
    0.000000    0.000000    2.263333    5.765667  -3.8765610554E-002
    0.000000    0.000000    2.265667    5.768000  -3.8595968619E-002
    0.000000    0.000000    2.268000    5.770333  -3.8427221612E-002
    0.000000    0.000000    2.270333    5.772667  -3.8259365877E-002
    0.000000    0.000000    2.272667    5.775000  -3.8092397711E-002
    0.000000    0.000000    2.275000    5.777333  -3.7926313365E-002
    0.000000    0.000000    2.277333    5.779667  -3.7761109048E-002
    0.000000    0.000000    2.279667    5.782000  -3.7596780923E-002
    0.000000    0.000000    2.282000    5.784333  -3.7433325114E-002
    0.000000    0.000000    2.284333    5.786667  -3.7270737703E-002
    0.000000    0.000000    2.286667    5.789000  -3.7109014733E-002
    0.000000    0.000000    2.289000    5.791333  -3.6948152210E-002
    0.000000    0.000000    2.291333    5.793667  -3.6788146103E-002
    0.000000    0.000000    2.293667    5.796000  -3.6628992345E-002
    0.000000    0.000000    2.296000    5.798333  -3.6470686836E-002
    0.000000    0.000000    2.298333    5.800667  -3.6313225443E-002
    0.000000    0.000000    2.300667    5.803000  -3.6156604000E-002
    0.000000    0.000000    2.303000    5.805333  -3.6000818314E-002
    0.000000    0.000000    2.305333    5.807667  -3.5845864159E-002
    0.000000    0.000000    2.307667    5.810000  -3.5691737283E-002
    0.000000    0.000000    2.310000    5.812333  -3.5538433409E-002
    0.000000    0.000000    2.312333    5.814667  -3.5385948230E-002
    0.000000    0.000000    2.314667    5.817000  -3.5234277419E-002
    0.000000    0.000000    2.317000    5.819333  -3.5083416625E-002
    0.000000    0.000000    2.319333    5.821667  -3.4933361473E-002
    0.000000    0.000000    2.321667    5.824000  -3.4784107569E-002
    0.000000    0.000000    2.324000    5.826333  -3.4635650500E-002
    0.000000    0.000000    2.326333    5.828667  -3.4487985833E-002
    0.000000    0.000000    2.328667    5.831000  -3.4341109117E-002
    0.000000    0.000000    2.331000    5.833333  -3.4195015888E-002
    0.000000    0.000000    2.333333    5.835667  -3.4049701663E-002
    0.000000    0.000000    2.335667    5.838000  -3.3905161948E-002
    0.000000    0.000000    2.338000    5.840333  -3.3761392233E-002
    0.000000    0.000000    2.340333    5.842667  -3.3618387999E-002
    0.000000    0.000000    2.342667    5.845000  -3.3476144715E-002
    0.000000    0.000000    2.345000    5.847333  -3.3334657839E-002
    0.000000    0.000000    2.347333    5.849667  -3.3193922821E-002
    0.000000    0.000000    2.349667    5.852000  -3.3053935104E-002
    0.000000    0.000000    2.352000    5.854333  -3.2914690123E-002
    0.000000    0.000000    2.354333    5.856667  -3.2776183307E-002
    0.000000    0.000000    2.356667    5.859000  -3.2638410081E-002
    0.000000    0.000000    2.359000    5.861333  -3.2501365865E-002
    0.000000    0.000000    2.361333    5.863667  -3.2365046077E-002
    0.000000    0.000000    2.363667    5.866000  -3.2229446132E-002
    0.000000    0.000000    2.366000    5.868333  -3.2094561444E-002
    0.000000    0.000000    2.368333    5.870667  -3.1960387427E-002
    0.000000    0.000000    2.370667    5.873000  -3.1826919495E-002
    0.000000    0.000000    2.373000    5.875333  -3.1694153063E-002
    0.000000    0.000000    2.375333    5.877667  -3.1562083549E-002
    0.000000    0.000000    2.377667    5.880000  -3.1430706374E-002
    0.000000    0.000000    2.380000    5.882333  -3.1300016962E-002
    0.000000    0.000000    2.382333    5.884667  -3.1170010742E-002
    0.000000    0.000000    2.384667    5.887000  -3.1040683150E-002
    0.000000    0.000000    2.387000    5.889333  -3.0912029625E-002
    0.000000    0.000000    2.389333    5.891667  -3.0784045615E-002
    0.000000    0.000000    2.391667    5.894000  -3.0656726576E-002
    0.000000    0.000000    2.394000    5.896333  -3.0530067971E-002
    0.000000    0.000000    2.396333    5.898667  -3.0404065272E-002
    0.000000    0.000000    2.398667    5.901000  -3.0278713963E-002
    0.000000    0.000000    2.401000    5.903333  -3.0154009536E-002
    0.000000    0.000000    2.403333    5.905667  -3.0029947495E-002
    0.000000    0.000000    2.405667    5.908000  -2.9906523355E-002
    0.000000    0.000000    2.408000    5.910333  -2.9783732644E-002
    0.000000    0.000000    2.410333    5.912667  -2.9661570903E-002
    0.000000    0.000000    2.412667    5.915000  -2.9540033687E-002
    0.000000    0.000000    2.415000    5.917333  -2.9419116564E-002
    0.000000    0.000000    2.417333    5.919667  -2.9298815118E-002
    0.000000    0.000000    2.419667    5.922000  -2.9179124946E-002
    0.000000    0.000000    2.422000    5.924333  -2.9060041663E-002
    0.000000    0.000000    2.424333    5.926667  -2.8941560900E-002
    0.000000    0.000000    2.426667    5.929000  -2.8823678304E-002
    0.000000    0.000000    2.429000    5.931333  -2.8706389540E-002
    0.000000    0.000000    2.431333    5.933667  -2.8589690290E-002
    0.000000    0.000000    2.433667    5.936000  -2.8473576256E-002
    0.000000    0.000000    2.436000    5.938333  -2.8358043156E-002
    0.000000    0.000000    2.438333    5.940667  -2.8243086730E-002
    0.000000    0.000000    2.440667    5.943000  -2.8128702735E-002
    0.000000    0.000000    2.443000    5.945333  -2.8014886950E-002
    0.000000    0.000000    2.445333    5.947667  -2.7901635174E-002
    0.000000    0.000000    2.447667    5.950000  -2.7788943227E-002
    0.000000    0.000000    2.450000    5.952333  -2.7676806948E-002
    0.000000    0.000000    2.452333    5.954667  -2.7565222201E-002
    0.000000    0.000000    2.454667    5.957000  -2.7454184870E-002
    0.000000    0.000000    2.457000    5.959333  -2.7343690860E-002
    0.000000    0.000000    2.459333    5.961667  -2.7233736101E-002
    0.000000    0.000000    2.461667    5.964000  -2.7124316545E-002
    0.000000    0.000000    2.464000    5.966333  -2.7015428167E-002
    0.000000    0.000000    2.466333    5.968667  -2.6907066966E-002
    0.000000    0.000000    2.468667    5.971000  -2.6799228962E-002
    0.000000    0.000000    2.471000    5.973333  -2.6691910204E-002
    0.000000    0.000000    2.473333    5.975667  -2.6585106761E-002
    0.000000    0.000000    2.475667    5.978000  -2.6478814728E-002
    0.000000    0.000000    2.478000    5.980333  -2.6373030225E-002
    0.000000    0.000000    2.480333    5.982667  -2.6267749397E-002
    0.000000    0.000000    2.482667    5.985000  -2.6162968414E-002
    0.000000    0.000000    2.485000    5.987333  -2.6058683472E-002
    0.000000    0.000000    2.487333    5.989667  -2.5954890790E-002
    0.000000    0.000000    2.489667    5.992000  -2.5851586616E-002
    0.000000    0.000000    2.492000    5.994333  -2.5748767222E-002
    0.000000    0.000000    2.494333    5.996667  -2.5646428908E-002
    0.000000    0.000000    2.496667    5.999000  -2.5544567997E-002
    0.000000    0.000000    2.499000    6.001333  -2.5443180841E-002
    0.000000    0.000000    2.501333    6.003667  -2.5342263819E-002
    0.000000    0.000000    2.503667    6.006000  -2.5241813334E-002
    0.000000    0.000000    2.506000    6.008333  -2.5141825817E-002
    0.000000    0.000000    2.508333    6.010667  -2.5042297727E-002
    0.000000    0.000000    2.510667    6.013000  -2.4943225548E-002
    0.000000    0.000000    2.513000    6.015333  -2.4844605793E-002
    0.000000    0.000000    2.515333    6.017667  -2.4746435001E-002
    0.000000    0.000000    2.517667    6.020000  -2.4648709737E-002
    0.000000    0.000000    2.520000    6.022333  -2.4551426597E-002
    0.000000    0.000000    2.522333    6.024667  -2.4454582199E-002
    0.000000    0.000000    2.524667    6.027000  -2.4358173193E-002
    0.000000    0.000000    2.527000    6.029333  -2.4262196254E-002
    0.000000    0.000000    2.529333    6.031667  -2.4166648084E-002
    0.000000    0.000000    2.531667    6.034000  -2.4071525416E-002
    0.000000    0.000000    2.534000    6.036333  -2.3976825005E-002
    0.000000    0.000000    2.536333    6.038667  -2.3882543638E-002
    0.000000    0.000000    2.538667    6.041000  -2.3788678128E-002
    0.000000    0.000000    2.541000    6.043333  -2.3695225314E-002
    0.000000    0.000000    2.543333    6.045667  -2.3602182064E-002
    0.000000    0.000000    2.545667    6.048000  -2.3509545274E-002
    0.000000    0.000000    2.548000    6.050333  -2.3417311865E-002
    0.000000    0.000000    2.550333    6.052667  -2.3325478789E-002
    0.000000    0.000000    2.552667    6.055000  -2.3234043021E-002
    0.000000    0.000000    2.555000    6.057333  -2.3143001567E-002
    0.000000    0.000000    2.557333    6.059667  -2.3052351459E-002
    0.000000    0.000000    2.559667    6.062000  -2.2962089755E-002
    0.000000    0.000000    2.562000    6.064333  -2.2872213541E-002
    0.000000    0.000000    2.564333    6.066667  -2.2782719931E-002
    0.000000    0.000000    2.566667    6.069000  -2.2693606065E-002
    0.000000    0.000000    2.569000    6.071333  -2.2604869111E-002
    0.000000    0.000000    2.571333    6.073667  -2.2516506261E-002
    0.000000    0.000000    2.573667    6.076000  -2.2428514737E-002
    0.000000    0.000000    2.576000    6.078333  -2.2340891787E-002
    0.000000    0.000000    2.578333    6.080667  -2.2253634684E-002
    0.000000    0.000000    2.580667    6.083000  -2.2166740729E-002
    0.000000    0.000000    2.583000    6.085333  -2.2080207249E-002
    0.000000    0.000000    2.585333    6.087667  -2.1994031597E-002
    0.000000    0.000000    2.587667    6.090000  -2.1908211152E-002
    0.000000    0.000000    2.590000    6.092333  -2.1822743320E-002
    0.000000    0.000000    2.592333    6.094667  -2.1737625533E-002
    0.000000    0.000000    2.594667    6.097000  -2.1652855247E-002
    0.000000    0.000000    2.597000    6.099333  -2.1568429945E-002
    0.000000    0.000000    2.599333    6.101667  -2.1484347137E-002
    0.000000    0.000000    2.601667    6.104000  -2.1400604355E-002
    0.000000    0.000000    2.604000    6.106333  -2.1317199159E-002
    0.000000    0.000000    2.606333    6.108667  -2.1234129134E-002
    0.000000    0.000000    2.608667    6.111000  -2.1151391889E-002
    0.000000    0.000000    2.611000    6.113333  -2.1068985058E-002
    0.000000    0.000000    2.613333    6.115667  -2.0986906300E-002
    0.000000    0.000000    2.615667    6.118000  -2.0905153300E-002
    0.000000    0.000000    2.618000    6.120333  -2.0823723764E-002
    0.000000    0.000000    2.620333    6.122667  -2.0742615426E-002
    0.000000    0.000000    2.622667    6.125000  -2.0661826042E-002
    0.000000    0.000000    2.625000    6.127333  -2.0581353392E-002
    0.000000    0.000000    2.627333    6.129667  -2.0501195281E-002
    0.000000    0.000000    2.629667    6.132000  -2.0421349537E-002
    0.000000    0.000000    2.632000    6.134333  -2.0341814012E-002
    0.000000    0.000000    2.634333    6.136667  -2.0262586579E-002
    0.000000    0.000000    2.636667    6.139000  -2.0183665137E-002
    0.000000    0.000000    2.639000    6.141333  -2.0105047608E-002
    0.000000    0.000000    2.641333    6.143667  -2.0026731934E-002
    0.000000    0.000000    2.643667    6.146000  -1.9948716082E-002
    0.000000    0.000000    2.646000    6.148333  -1.9870998041E-002
    0.000000    0.000000    2.648333    6.150667  -1.9793575823E-002
    0.000000    0.000000    2.650667    6.153000  -1.9716447460E-002
    0.000000    0.000000    2.653000    6.155333  -1.9639611008E-002
    0.000000    0.000000    2.655333    6.157667  -1.9563064544E-002
    0.000000    0.000000    2.657667    6.160000  -1.9486806167E-002
    0.000000    0.000000    2.660000    6.162333  -1.9410833996E-002
    0.000000    0.000000    2.662333    6.164667  -1.9335146173E-002
    0.000000    0.000000    2.664667    6.167000  -1.9259740860E-002
    0.000000    0.000000    2.667000    6.169333  -1.9184616241E-002
    0.000000    0.000000    2.669333    6.171667  -1.9109770519E-002
    0.000000    0.000000    2.671667    6.174000  -1.9035201919E-002
    0.000000    0.000000    2.674000    6.176333  -1.8960908685E-002
    0.000000    0.000000    2.676333    6.178667  -1.8886889083E-002
    0.000000    0.000000    2.678667    6.181000  -1.8813141397E-002
    0.000000    0.000000    2.681000    6.183333  -1.8739663932E-002
    0.000000    0.000000    2.683333    6.185667  -1.8666455012E-002
    0.000000    0.000000    2.685667    6.188000  -1.8593512980E-002
    0.000000    0.000000    2.688000    6.190333  -1.8520836200E-002
    0.000000    0.000000    2.690333    6.192667  -1.8448423052E-002
    0.000000    0.000000    2.692667    6.195000  -1.8376271939E-002
    0.000000    0.000000    2.695000    6.197333  -1.8304381279E-002
    0.000000    0.000000    2.697333    6.199667  -1.8232749509E-002
    0.000000    0.000000    2.699667    6.202000  -1.8161375087E-002
    0.000000    0.000000    2.702000    6.204333  -1.8090256486E-002
    0.000000    0.000000    2.704333    6.206667  -1.8019392198E-002
    0.000000    0.000000    2.706667    6.209000  -1.7948780733E-002
    0.000000    0.000000    2.709000    6.211333  -1.7878420619E-002
    0.000000    0.000000    2.711333    6.213667  -1.7808310400E-002
    0.000000    0.000000    2.713667    6.216000  -1.7738448638E-002
    0.000000    0.000000    2.716000    6.218333  -1.7668833912E-002
    0.000000    0.000000    2.718333    6.220667  -1.7599464819E-002
    0.000000    0.000000    2.720667    6.223000  -1.7530339969E-002
    0.000000    0.000000    2.723000    6.225333  -1.7461457994E-002
    0.000000    0.000000    2.725333    6.227667  -1.7392817536E-002
    0.000000    0.000000    2.727667    6.230000  -1.7324417258E-002
    0.000000    0.000000    2.730000    6.232333  -1.7256255837E-002
    0.000000    0.000000    2.732333    6.234667  -1.7188331966E-002
    0.000000    0.000000    2.734667    6.237000  -1.7120644353E-002
    0.000000    0.000000    2.737000    6.239333  -1.7053191722E-002
    0.000000    0.000000    2.739333    6.241667  -1.6985972812E-002
    0.000000    0.000000    2.741667    6.244000  -1.6918986377E-002
    0.000000    0.000000    2.744000    6.246333  -1.6852231187E-002
    0.000000    0.000000    2.746333    6.248667  -1.6785706024E-002
    0.000000    0.000000    2.748667    6.251000  -1.6719409688E-002
    0.000000    0.000000    2.751000    6.253333  -1.6653340990E-002
    0.000000    0.000000    2.753333    6.255667  -1.6587498757E-002
    0.000000    0.000000    2.755667    6.258000  -1.6521881831E-002
    0.000000    0.000000    2.758000    6.260333  -1.6456489065E-002
    0.000000    0.000000    2.760333    6.262667  -1.6391319328E-002
    0.000000    0.000000    2.762667    6.265000  -1.6326371501E-002
    0.000000    0.000000    2.765000    6.267333  -1.6261644480E-002
    0.000000    0.000000    2.767333    6.269667  -1.6197137172E-002
    0.000000    0.000000    2.769667    6.272000  -1.6132848500E-002
    0.000000    0.000000    2.772000    6.274333  -1.6068777396E-002
    0.000000    0.000000    2.774333    6.276667  -1.6004922808E-002
    0.000000    0.000000    2.776667    6.279000  -1.5941283696E-002
    0.000000    0.000000    2.779000    6.281333  -1.5877859030E-002
    0.000000    0.000000    2.781333    6.283667  -1.5814647794E-002
    0.000000    0.000000    2.783667    6.286000  -1.5751648986E-002
    0.000000    0.000000    2.786000    6.288333  -1.5688861611E-002
    0.000000    0.000000    2.788333    6.290667  -1.5626284691E-002
    0.000000    0.000000    2.790667    6.293000  -1.5563917256E-002
    0.000000    0.000000    2.793000    6.295333  -1.5501758348E-002
    0.000000    0.000000    2.795333    6.297667  -1.5439807022E-002
    0.000000    0.000000    2.797667    6.300000  -1.5378062343E-002
    0.000000    0.000000    2.800000    6.302333  -1.5316523386E-002
    0.000000    0.000000    2.802333    6.304667  -1.5255189240E-002
    0.000000    0.000000    2.804667    6.307000  -1.5194059000E-002
    0.000000    0.000000    2.807000    6.309333  -1.5133131775E-002
    0.000000    0.000000    2.809333    6.311667  -1.5072406685E-002
    0.000000    0.000000    2.811667    6.314000  -1.5011882857E-002
    0.000000    0.000000    2.814000    6.316333  -1.4951559431E-002
    0.000000    0.000000    2.816333    6.318667  -1.4891435555E-002
    0.000000    0.000000    2.818667    6.321000  -1.4831510390E-002
    0.000000    0.000000    2.821000    6.323333  -1.4771783102E-002
    0.000000    0.000000    2.823333    6.325667  -1.4712252870E-002
    0.000000    0.000000    2.825667    6.328000  -1.4652918883E-002
    0.000000    0.000000    2.828000    6.330333  -1.4593780336E-002
    0.000000    0.000000    2.830333    6.332667  -1.4534836436E-002
    0.000000    0.000000    2.832667    6.335000  -1.4476086398E-002
    0.000000    0.000000    2.835000    6.337333  -1.4417529446E-002
    0.000000    0.000000    2.837333    6.339667  -1.4359164813E-002
    0.000000    0.000000    2.839667    6.342000  -1.4300991741E-002
    0.000000    0.000000    2.842000    6.344333  -1.4243009480E-002
    0.000000    0.000000    2.844333    6.346667  -1.4185217289E-002
    0.000000    0.000000    2.846667    6.349000  -1.4127614434E-002
    0.000000    0.000000    2.849000    6.351333  -1.4070200190E-002
    0.000000    0.000000    2.851333    6.353667  -1.4012973841E-002
    0.000000    0.000000    2.853667    6.356000  -1.3955934678E-002
    0.000000    0.000000    2.856000    6.358333  -1.3899081999E-002
    0.000000    0.000000    2.858333    6.360667  -1.3842415112E-002
    0.000000    0.000000    2.860667    6.363000  -1.3785933331E-002
    0.000000    0.000000    2.863000    6.365333  -1.3729635977E-002
    0.000000    0.000000    2.865333    6.367667  -1.3673522380E-002
    0.000000    0.000000    2.867667    6.370000  -1.3617591877E-002
    0.000000    0.000000    2.870000    6.372333  -1.3561843810E-002
    0.000000    0.000000    2.872333    6.374667  -1.3506277530E-002
    0.000000    0.000000    2.874667    6.377000  -1.3450892396E-002
    0.000000    0.000000    2.877000    6.379333  -1.3395687771E-002
    0.000000    0.000000    2.879333    6.381667  -1.3340663027E-002
    0.000000    0.000000    2.881667    6.384000  -1.3285817541E-002
    0.000000    0.000000    2.884000    6.386333  -1.3231150699E-002
    0.000000    0.000000    2.886333    6.388667  -1.3176661890E-002
    0.000000    0.000000    2.888667    6.391000  -1.3122350512E-002
    0.000000    0.000000    2.891000    6.393333  -1.3068215969E-002
    0.000000    0.000000    2.893333    6.395667  -1.3014257669E-002
    0.000000    0.000000    2.895667    6.398000  -1.2960475029E-002
    0.000000    0.000000    2.898000    6.400333  -1.2906867470E-002
    0.000000    0.000000    2.900333    6.402667  -1.2853434419E-002
    0.000000    0.000000    2.902667    6.405000  -1.2800175310E-002
    0.000000    0.000000    2.905000    6.407333  -1.2747089581E-002
    0.000000    0.000000    2.907333    6.409667  -1.2694176677E-002
    0.000000    0.000000    2.909667    6.412000  -1.2641436047E-002
    0.000000    0.000000    2.912000    6.414333  -1.2588867148E-002
    0.000000    0.000000    2.914333    6.416667  -1.2536469439E-002
    0.000000    0.000000    2.916667    6.419000  -1.2484242387E-002
    0.000000    0.000000    2.919000    6.421333  -1.2432185462E-002
    0.000000    0.000000    2.921333    6.423667  -1.2380298140E-002
    0.000000    0.000000    2.923667    6.426000  -1.2328579903E-002
    0.000000    0.000000    2.926000    6.428333  -1.2277030237E-002
    0.000000    0.000000    2.928333    6.430667  -1.2225648632E-002
    0.000000    0.000000    2.930667    6.433000  -1.2174434584E-002
    0.000000    0.000000    2.933000    6.435333  -1.2123387594E-002
    0.000000    0.000000    2.935333    6.437667  -1.2072507165E-002
    0.000000    0.000000    2.937667    6.440000  -1.2021792807E-002
    0.000000    0.000000    2.940000    6.442333  -1.1971244035E-002
    0.000000    0.000000    2.942333    6.444667  -1.1920860366E-002
    0.000000    0.000000    2.944667    6.447000  -1.1870641322E-002
    0.000000    0.000000    2.947000    6.449333  -1.1820586430E-002
    0.000000    0.000000    2.949333    6.451667  -1.1770695221E-002
    0.000000    0.000000    2.951667    6.454000  -1.1720967230E-002
    0.000000    0.000000    2.954000    6.456333  -1.1671401996E-002
    0.000000    0.000000    2.956333    6.458667  -1.1621999061E-002
    0.000000    0.000000    2.958667    6.461000  -1.1572757972E-002
    0.000000    0.000000    2.961000    6.463333  -1.1523678279E-002
    0.000000    0.000000    2.963333    6.465667  -1.1474759538E-002
    0.000000    0.000000    2.965667    6.468000  -1.1426001305E-002
    0.000000    0.000000    2.968000    6.470333  -1.1377403142E-002
    0.000000    0.000000    2.970333    6.472667  -1.1328964615E-002
    0.000000    0.000000    2.972667    6.475000  -1.1280685292E-002
    0.000000    0.000000    2.975000    6.477333  -1.1232564744E-002
    0.000000    0.000000    2.977333    6.479667  -1.1184602547E-002
    0.000000    0.000000    2.979667    6.482000  -1.1136798281E-002
    0.000000    0.000000    2.982000    6.484333  -1.1089151526E-002
    0.000000    0.000000    2.984333    6.486667  -1.1041661868E-002
    0.000000    0.000000    2.986667    6.489000  -1.0994328895E-002
    0.000000    0.000000    2.989000    6.491333  -1.0947152198E-002
    0.000000    0.000000    2.991333    6.493667  -1.0900131372E-002
    0.000000    0.000000    2.993667    6.496000  -1.0853266015E-002
    0.000000    0.000000    2.996000    6.498333  -1.0806555725E-002
    0.000000    0.000000    2.998333    6.500667  -1.0760000107E-002
    0.000000    0.000000    3.000667    6.503000  -1.0713598766E-002
    0.000000    0.000000    3.003000    6.505333  -1.0667351312E-002
    0.000000    0.000000    3.005333    6.507667  -1.0621257354E-002
    0.000000    0.000000    3.007667    6.510000  -1.0575316508E-002
    0.000000    0.000000    3.010000    6.512333  -1.0529528390E-002
    0.000000    0.000000    3.012333    6.514667  -1.0483892619E-002
    0.000000    0.000000    3.014667    6.517000  -1.0438408817E-002
    0.000000    0.000000    3.017000    6.519333  -1.0393076608E-002
    0.000000    0.000000    3.019333    6.521667  -1.0347895619E-002
    0.000000    0.000000    3.021667    6.524000  -1.0302865478E-002
    0.000000    0.000000    3.024000    6.526333  -1.0257985818E-002
    0.000000    0.000000    3.026333    6.528667  -1.0213256272E-002
    0.000000    0.000000    3.028667    6.531000  -1.0168676474E-002
    0.000000    0.000000    3.031000    6.533333  -1.0124246065E-002
    0.000000    0.000000    3.033333    6.535667  -1.0079964683E-002
    0.000000    0.000000    3.035667    6.538000  -1.0035831972E-002
    0.000000    0.000000    3.038000    6.540333  -9.9918475744E-003
    0.000000    0.000000    3.040333    6.542667  -9.9480111382E-003
    0.000000    0.000000    3.042667    6.545000  -9.9043223114E-003
    0.000000    0.000000    3.045000    6.547333  -9.8607807444E-003
    0.000000    0.000000    3.047333    6.549667  -9.8173860895E-003
    0.000000    0.000000    3.049667    6.552000  -9.7741380008E-003
    0.000000    0.000000    3.052000    6.554333  -9.7310361345E-003
    0.000000    0.000000    3.054333    6.556667  -9.6880801483E-003
    0.000000    0.000000    3.056667    6.559000  -9.6452697018E-003
    0.000000    0.000000    3.059000    6.561333  -9.6026044564E-003
    0.000000    0.000000    3.061333    6.563667  -9.5600840752E-003
    0.000000    0.000000    3.063667    6.566000  -9.5177082227E-003
    0.000000    0.000000    3.066000    6.568333  -9.4754765655E-003
    0.000000    0.000000    3.068333    6.570667  -9.4333887713E-003
    0.000000    0.000000    3.070667    6.573000  -9.3914445097E-003
    0.000000    0.000000    3.073000    6.575333  -9.3496434517E-003
    0.000000    0.000000    3.075333    6.577667  -9.3079852698E-003
    0.000000    0.000000    3.077667    6.580000  -9.2664696381E-003
    0.000000    0.000000    3.080000    6.582333  -9.2250962319E-003
    0.000000    0.000000    3.082333    6.584667  -9.1838647281E-003
    0.000000    0.000000    3.084667    6.587000  -9.1427748049E-003
    0.000000    0.000000    3.087000    6.589333  -9.1018261418E-003
    0.000000    0.000000    3.089333    6.591667  -9.0610184198E-003
    0.000000    0.000000    3.091667    6.594000  -9.0203513209E-003
    0.000000    0.000000    3.094000    6.596333  -8.9798245287E-003
    0.000000    0.000000    3.096333    6.598667  -8.9394377278E-003
    0.000000    0.000000    3.098667    6.601000  -8.8991906039E-003
    0.000000    0.000000    3.101000    6.603333  -8.8590828443E-003
    0.000000    0.000000    3.103333    6.605667  -8.8191141371E-003
    0.000000    0.000000    3.105667    6.608000  -8.7792841716E-003
    0.000000    0.000000    3.108000    6.610333  -8.7395926383E-003
    0.000000    0.000000    3.110333    6.612667  -8.7000392286E-003
    0.000000    0.000000    3.112667    6.615000  -8.6606236351E-003
    0.000000    0.000000    3.115000    6.617333  -8.6213455514E-003
    0.000000    0.000000    3.117333    6.619667  -8.5822046721E-003
    0.000000    0.000000    3.119667    6.622000  -8.5432006928E-003
    0.000000    0.000000    3.122000    6.624333  -8.5043333100E-003
    0.000000    0.000000    3.124333    6.626667  -8.4656022211E-003
    0.000000    0.000000    3.126667    6.629000  -8.4270071246E-003
    0.000000    0.000000    3.129000    6.631333  -8.3885477197E-003
    0.000000    0.000000    3.131333    6.633667  -8.3502237065E-003
    0.000000    0.000000    3.133667    6.636000  -8.3120347861E-003
    0.000000    0.000000    3.136000    6.638333  -8.2739806603E-003
    0.000000    0.000000    3.138333    6.640667  -8.2360610316E-003
    0.000000    0.000000    3.140667    6.643000  -8.1982756036E-003
    0.000000    0.000000    3.143000    6.645333  -8.1606240803E-003
    0.000000    0.000000    3.145333    6.647667  -8.1231061668E-003
    0.000000    0.000000    3.147667    6.650000  -8.0857215686E-003
    0.000000    0.000000    3.150000    6.652333  -8.0484699921E-003
    0.000000    0.000000    3.152333    6.654667  -8.0113511444E-003
    0.000000    0.000000    3.154667    6.657000  -7.9743647333E-003
    0.000000    0.000000    3.157000    6.659333  -7.9375104671E-003
    0.000000    0.000000    3.159333    6.661667  -7.9007880548E-003
    0.000000    0.000000    3.161667    6.664000  -7.8641972062E-003
    0.000000    0.000000    3.164000    6.666333  -7.8277376314E-003
    0.000000    0.000000    3.166333    6.668667  -7.7914090413E-003
    0.000000    0.000000    3.168667    6.671000  -7.7552111473E-003
    0.000000    0.000000    3.171000    6.673333  -7.7191436615E-003
    0.000000    0.000000    3.173333    6.675667  -7.6832062962E-003
    0.000000    0.000000    3.175667    6.678000  -7.6473987646E-003
    0.000000    0.000000    3.178000    6.680333  -7.6117207803E-003
    0.000000    0.000000    3.180333    6.682667  -7.5761720572E-003
    0.000000    0.000000    3.182667    6.685000  -7.5407523099E-003
    0.000000    0.000000    3.185000    6.687333  -7.5054612534E-003
    0.000000    0.000000    3.187333    6.689667  -7.4702986031E-003
    0.000000    0.000000    3.189667    6.692000  -7.4352640750E-003
    0.000000    0.000000    3.192000    6.694333  -7.4003573853E-003
    0.000000    0.000000    3.194333    6.696667  -7.3655782508E-003
    0.000000    0.000000    3.196667    6.699000  -7.3309263886E-003
    0.000000    0.000000    3.199000    6.701333  -7.2964015162E-003
    0.000000    0.000000    3.201333    6.703667  -7.2620033516E-003
    0.000000    0.000000    3.203667    6.706000  -7.2277316129E-003
    0.000000    0.000000    3.206000    6.708333  -7.1935860189E-003
    0.000000    0.000000    3.208333    6.710667  -7.1595662883E-003
    0.000000    0.000000    3.210667    6.713000  -7.1256721406E-003
    0.000000    0.000000    3.213000    6.715333  -7.0919032953E-003
    0.000000    0.000000    3.215333    6.717667  -7.0582594723E-003
    0.000000    0.000000    3.217667    6.720000  -7.0247403918E-003
    0.000000    0.000000    3.220000    6.722333  -6.9913457743E-003
    0.000000    0.000000    3.222333    6.724667  -6.9580753405E-003
    0.000000    0.000000    3.224667    6.727000  -6.9249288115E-003
    0.000000    0.000000    3.227000    6.729333  -6.8919059084E-003
    0.000000    0.000000    3.229333    6.731667  -6.8590063530E-003
    0.000000    0.000000    3.231667    6.734000  -6.8262298668E-003
    0.000000    0.000000    3.234000    6.736333  -6.7935761719E-003
    0.000000    0.000000    3.236333    6.738667  -6.7610449905E-003
    0.000000    0.000000    3.238667    6.741000  -6.7286360450E-003
    0.000000    0.000000    3.241000    6.743333  -6.6963490580E-003
    0.000000    0.000000    3.243333    6.745667  -6.6641837523E-003
    0.000000    0.000000    3.245667    6.748000  -6.6321398508E-003
    0.000000    0.000000    3.248000    6.750333  -6.6002170768E-003
    0.000000    0.000000    3.250333    6.752667  -6.5684151536E-003
    0.000000    0.000000    3.252667    6.755000  -6.5367338046E-003
    0.000000    0.000000    3.255000    6.757333  -6.5051727534E-003
    0.000000    0.000000    3.257333    6.759667  -6.4737317240E-003
    0.000000    0.000000    3.259667    6.762000  -6.4424104401E-003
    0.000000    0.000000    3.262000    6.764333  -6.4112086258E-003
    0.000000    0.000000    3.264333    6.766667  -6.3801260054E-003
    0.000000    0.000000    3.266667    6.769000  -6.3491623031E-003
    0.000000    0.000000    3.269000    6.771333  -6.3183172433E-003
    0.000000    0.000000    3.271333    6.773667  -6.2875905506E-003
    0.000000    0.000000    3.273667    6.776000  -6.2569819494E-003
    0.000000    0.000000    3.276000    6.778333  -6.2264911647E-003
    0.000000    0.000000    3.278333    6.780667  -6.1961179211E-003
    0.000000    0.000000    3.280667    6.783000  -6.1658619435E-003
    0.000000    0.000000    3.283000    6.785333  -6.1357229568E-003
    0.000000    0.000000    3.285333    6.787667  -6.1057006862E-003
    0.000000    0.000000    3.287667    6.790000  -6.0757948566E-003
    0.000000    0.000000    3.290000    6.792333  -6.0460051933E-003
    0.000000    0.000000    3.292333    6.794667  -6.0163314214E-003
    0.000000    0.000000    3.294667    6.797000  -5.9867732662E-003
    0.000000    0.000000    3.297000    6.799333  -5.9573304530E-003
    0.000000    0.000000    3.299333    6.801667  -5.9280027072E-003
    0.000000    0.000000    3.301667    6.804000  -5.8987897542E-003
    0.000000    0.000000    3.304000    6.806333  -5.8696913193E-003
    0.000000    0.000000    3.306333    6.808667  -5.8407071280E-003
    0.000000    0.000000    3.308667    6.811000  -5.8118369059E-003
    0.000000    0.000000    3.311000    6.813333  -5.7830803783E-003
    0.000000    0.000000    3.313333    6.815667  -5.7544372710E-003
    0.000000    0.000000    3.315667    6.818000  -5.7259073093E-003
    0.000000    0.000000    3.318000    6.820333  -5.6974902188E-003
    0.000000    0.000000    3.320333    6.822667  -5.6691857252E-003
    0.000000    0.000000    3.322667    6.825000  -5.6409935539E-003
    0.000000    0.000000    3.325000    6.827333  -5.6129134307E-003
    0.000000    0.000000    3.327333    6.829667  -5.5849450809E-003
    0.000000    0.000000    3.329667    6.832000  -5.5570882303E-003
    0.000000    0.000000    3.332000    6.834333  -5.5293426044E-003
    0.000000    0.000000    3.334333    6.836667  -5.5017079288E-003
    0.000000    0.000000    3.336667    6.839000  -5.4741839290E-003
    0.000000    0.000000    3.339000    6.841333  -5.4467703306E-003
    0.000000    0.000000    3.341333    6.843667  -5.4194668591E-003
    0.000000    0.000000    3.343667    6.846000  -5.3922732401E-003
    0.000000    0.000000    3.346000    6.848333  -5.3651891990E-003
    0.000000    0.000000    3.348333    6.850667  -5.3382144614E-003
    0.000000    0.000000    3.350667    6.853000  -5.3113487528E-003
    0.000000    0.000000    3.353000    6.855333  -5.2845917985E-003
    0.000000    0.000000    3.355333    6.857667  -5.2579433240E-003
    0.000000    0.000000    3.357667    6.860000  -5.2314030548E-003
    0.000000    0.000000    3.360000    6.862333  -5.2049707161E-003
    0.000000    0.000000    3.362333    6.864667  -5.1786460334E-003
    0.000000    0.000000    3.364667    6.867000  -5.1524287320E-003
    0.000000    0.000000    3.367000    6.869333  -5.1263185372E-003
    0.000000    0.000000    3.369333    6.871667  -5.1003151743E-003
    0.000000    0.000000    3.371667    6.874000  -5.0744183685E-003
    0.000000    0.000000    3.374000    6.876333  -5.0486278450E-003
    0.000000    0.000000    3.376333    6.878667  -5.0229433290E-003
    0.000000    0.000000    3.378667    6.881000  -4.9973645457E-003
    0.000000    0.000000    3.381000    6.883333  -4.9718912202E-003
    0.000000    0.000000    3.383333    6.885667  -4.9465230777E-003
    0.000000    0.000000    3.385667    6.888000  -4.9212598430E-003
    0.000000    0.000000    3.388000    6.890333  -4.8961012414E-003
    0.000000    0.000000    3.390333    6.892667  -4.8710469978E-003
    0.000000    0.000000    3.392667    6.895000  -4.8460968371E-003
    0.000000    0.000000    3.395000    6.897333  -4.8212504844E-003
    0.000000    0.000000    3.397333    6.899667  -4.7965076645E-003
    0.000000    0.000000    3.399667    6.902000  -4.7718681023E-003
    0.000000    0.000000    3.402000    6.904333  -4.7473315226E-003
    0.000000    0.000000    3.404333    6.906667  -4.7228976504E-003
    0.000000    0.000000    3.406667    6.909000  -4.6985662103E-003
    0.000000    0.000000    3.409000    6.911333  -4.6743369272E-003
    0.000000    0.000000    3.411333    6.913667  -4.6502095257E-003
    0.000000    0.000000    3.413667    6.916000  -4.6261837307E-003
    0.000000    0.000000    3.416000    6.918333  -4.6022592668E-003
    0.000000    0.000000    3.418333    6.920667  -4.5784358587E-003
    0.000000    0.000000    3.420667    6.923000  -4.5547132309E-003
    0.000000    0.000000    3.423000    6.925333  -4.5310911083E-003
    0.000000    0.000000    3.425333    6.927667  -4.5075692152E-003
    0.000000    0.000000    3.427667    6.930000  -4.4841472764E-003
    0.000000    0.000000    3.430000    6.932333  -4.4608250164E-003
    0.000000    0.000000    3.432333    6.934667  -4.4376021597E-003
    0.000000    0.000000    3.434667    6.937000  -4.4144784309E-003
    0.000000    0.000000    3.437000    6.939333  -4.3914535545E-003
    0.000000    0.000000    3.439333    6.941667  -4.3685272550E-003
    0.000000    0.000000    3.441667    6.944000  -4.3456992569E-003
    0.000000    0.000000    3.444000    6.946333  -4.3229692847E-003
    0.000000    0.000000    3.446333    6.948667  -4.3003370629E-003
    0.000000    0.000000    3.448667    6.951000  -4.2778023159E-003
    0.000000    0.000000    3.451000    6.953333  -4.2553647683E-003
    0.000000    0.000000    3.453333    6.955667  -4.2330241446E-003
    0.000000    0.000000    3.455667    6.958000  -4.2107801691E-003
    0.000000    0.000000    3.458000    6.960333  -4.1886325664E-003
    0.000000    0.000000    3.460333    6.962667  -4.1665810610E-003
    0.000000    0.000000    3.462667    6.965000  -4.1446253773E-003
    0.000000    0.000000    3.465000    6.967333  -4.1227652399E-003
    0.000000    0.000000    3.467333    6.969667  -4.1010003732E-003
    0.000000    0.000000    3.469667    6.972000  -4.0793305019E-003
    0.000000    0.000000    3.472000    6.974333  -4.0577553504E-003
    0.000000    0.000000    3.474333    6.976667  -4.0362746433E-003
    0.000000    0.000000    3.476667    6.979000  -4.0148881053E-003
    0.000000    0.000000    3.479000    6.981333  -3.9935954608E-003
    0.000000    0.000000    3.481333    6.983667  -3.9723964346E-003
    0.000000    0.000000    3.483667    6.986000  -3.9512907513E-003
    0.000000    0.000000    3.486000    6.988333  -3.9302781356E-003
    0.000000    0.000000    3.488333    6.990667  -3.9093583123E-003
    0.000000    0.000000    3.490667    6.993000  -3.8885310060E-003
    0.000000    0.000000    3.493000    6.995333  -3.8677959417E-003
    0.000000    0.000000    3.495333    6.997667  -3.8471528442E-003
    0.000000    0.000000    3.497667    7.000000  -3.8266014384E-003
