    0.000000    0.000000   -3.500000    0.002333  -4.1750976936E-003
    0.000000    0.000000   -3.497667    0.004667  -4.1928662917E-003
    0.000000    0.000000   -3.495333    0.007000  -4.2107039787E-003
    0.000000    0.000000   -3.493000    0.009333  -4.2286110068E-003
    0.000000    0.000000   -3.490667    0.011667  -4.2465876292E-003
    0.000000    0.000000   -3.488333    0.014000  -4.2646341008E-003
    0.000000    0.000000   -3.486000    0.016333  -4.2827506772E-003
    0.000000    0.000000   -3.483667    0.018667  -4.3009376157E-003
    0.000000    0.000000   -3.481333    0.021000  -4.3191951747E-003
    0.000000    0.000000   -3.479000    0.023333  -4.3375236137E-003
    0.000000    0.000000   -3.476667    0.025667  -4.3559231937E-003
    0.000000    0.000000   -3.474333    0.028000  -4.3743941770E-003
    0.000000    0.000000   -3.472000    0.030333  -4.3929368271E-003
    0.000000    0.000000   -3.469667    0.032667  -4.4115514088E-003
    0.000000    0.000000   -3.467333    0.035000  -4.4302381884E-003
    0.000000    0.000000   -3.465000    0.037333  -4.4489974334E-003
    0.000000    0.000000   -3.462667    0.039667  -4.4678294126E-003
    0.000000    0.000000   -3.460333    0.042000  -4.4867343964E-003
    0.000000    0.000000   -3.458000    0.044333  -4.5057126562E-003
    0.000000    0.000000   -3.455667    0.046667  -4.5247644651E-003
    0.000000    0.000000   -3.453333    0.049000  -4.5438900974E-003
    0.000000    0.000000   -3.451000    0.051333  -4.5630898290E-003
    0.000000    0.000000   -3.448667    0.053667  -4.5823639370E-003
    0.000000    0.000000   -3.446333    0.056000  -4.6017127000E-003
    0.000000    0.000000   -3.444000    0.058333  -4.6211363982E-003
    0.000000    0.000000   -3.441667    0.060667  -4.6406353130E-003
    0.000000    0.000000   -3.439333    0.063000  -4.6602097274E-003
    0.000000    0.000000   -3.437000    0.065333  -4.6798599258E-003
    0.000000    0.000000   -3.434667    0.067667  -4.6995861942E-003
    0.000000    0.000000   -3.432333    0.070000  -4.7193888200E-003
    0.000000    0.000000   -3.430000    0.072333  -4.7392680921E-003
    0.000000    0.000000   -3.427667    0.074667  -4.7592243010E-003
    0.000000    0.000000   -3.425333    0.077000  -4.7792577387E-003
    0.000000    0.000000   -3.423000    0.079333  -4.7993686987E-003
    0.000000    0.000000   -3.420667    0.081667  -4.8195574760E-003
    0.000000    0.000000   -3.418333    0.084000  -4.8398243674E-003
    0.000000    0.000000   -3.416000    0.086333  -4.8601696711E-003
    0.000000    0.000000   -3.413667    0.088667  -4.8805936869E-003
    0.000000    0.000000   -3.411333    0.091000  -4.9010967162E-003
    0.000000    0.000000   -3.409000    0.093333  -4.9216790622E-003
    0.000000    0.000000   -3.406667    0.095667  -4.9423410294E-003
    0.000000    0.000000   -3.404333    0.098000  -4.9630829243E-003
    0.000000    0.000000   -3.402000    0.100333  -4.9839050548E-003
    0.000000    0.000000   -3.399667    0.102667  -5.0048077306E-003
    0.000000    0.000000   -3.397333    0.105000  -5.0257912630E-003
    0.000000    0.000000   -3.395000    0.107333  -5.0468559651E-003
    0.000000    0.000000   -3.392667    0.109667  -5.0680021517E-003
    0.000000    0.000000   -3.390333    0.112000  -5.0892301391E-003
    0.000000    0.000000   -3.388000    0.114333  -5.1105402457E-003
    0.000000    0.000000   -3.385667    0.116667  -5.1319327914E-003
    0.000000    0.000000   -3.383333    0.119000  -5.1534080979E-003
    0.000000    0.000000   -3.381000    0.121333  -5.1749664887E-003
    0.000000    0.000000   -3.378667    0.123667  -5.1966082892E-003
    0.000000    0.000000   -3.376333    0.126000  -5.2183338264E-003
    0.000000    0.000000   -3.374000    0.128333  -5.2401434292E-003
    0.000000    0.000000   -3.371667    0.130667  -5.2620374285E-003
    0.000000    0.000000   -3.369333    0.133000  -5.2840161567E-003
    0.000000    0.000000   -3.367000    0.135333  -5.3060799485E-003
    0.000000    0.000000   -3.364667    0.137667  -5.3282291401E-003
    0.000000    0.000000   -3.362333    0.140000  -5.3504640697E-003
    0.000000    0.000000   -3.360000    0.142333  -5.3727850775E-003
    0.000000    0.000000   -3.357667    0.144667  -5.3951925056E-003
    0.000000    0.000000   -3.355333    0.147000  -5.4176866978E-003
    0.000000    0.000000   -3.353000    0.149333  -5.4402680003E-003
    0.000000    0.000000   -3.350667    0.151667  -5.4629367608E-003
    0.000000    0.000000   -3.348333    0.154000  -5.4856933293E-003
    0.000000    0.000000   -3.346000    0.156333  -5.5085380575E-003
    0.000000    0.000000   -3.343667    0.158667  -5.5314712995E-003
    0.000000    0.000000   -3.341333    0.161000  -5.5544934110E-003
    0.000000    0.000000   -3.339000    0.163333  -5.5776047500E-003
    0.000000    0.000000   -3.336667    0.165667  -5.6008056765E-003
    0.000000    0.000000   -3.334333    0.168000  -5.6240965526E-003
    0.000000    0.000000   -3.332000    0.170333  -5.6474777424E-003
    0.000000    0.000000   -3.329667    0.172667  -5.6709496121E-003
    0.000000    0.000000   -3.327333    0.175000  -5.6945125302E-003
    0.000000    0.000000   -3.325000    0.177333  -5.7181668670E-003
    0.000000    0.000000   -3.322667    0.179667  -5.7419129952E-003
    0.000000    0.000000   -3.320333    0.182000  -5.7657512895E-003
    0.000000    0.000000   -3.318000    0.184333  -5.7896821271E-003
    0.000000    0.000000   -3.315667    0.186667  -5.8137058869E-003
    0.000000    0.000000   -3.313333    0.189000  -5.8378229505E-003
    0.000000    0.000000   -3.311000    0.191333  -5.8620337013E-003
    0.000000    0.000000   -3.308667    0.193667  -5.8863385253E-003
    0.000000    0.000000   -3.306333    0.196000  -5.9107378104E-003
    0.000000    0.000000   -3.304000    0.198333  -5.9352319471E-003
    0.000000    0.000000   -3.301667    0.200667  -5.9598213281E-003
    0.000000    0.000000   -3.299333    0.203000  -5.9845063483E-003
    0.000000    0.000000   -3.297000    0.205333  -6.0092874049E-003
    0.000000    0.000000   -3.294667    0.207667  -6.0341648977E-003
    0.000000    0.000000   -3.292333    0.210000  -6.0591392285E-003
    0.000000    0.000000   -3.290000    0.212333  -6.0842108018E-003
    0.000000    0.000000   -3.287667    0.214667  -6.1093800243E-003
    0.000000    0.000000   -3.285333    0.217000  -6.1346473052E-003
    0.000000    0.000000   -3.283000    0.219333  -6.1600130560E-003
    0.000000    0.000000   -3.280667    0.221667  -6.1854776907E-003
    0.000000    0.000000   -3.278333    0.224000  -6.2110416258E-003
    0.000000    0.000000   -3.276000    0.226333  -6.2367052803E-003
    0.000000    0.000000   -3.273667    0.228667  -6.2624690757E-003
    0.000000    0.000000   -3.271333    0.231000  -6.2883334357E-003
    0.000000    0.000000   -3.269000    0.233333  -6.3142987871E-003
    0.000000    0.000000   -3.266667    0.235667  -6.3403655586E-003
    0.000000    0.000000   -3.264333    0.238000  -6.3665341821E-003
    0.000000    0.000000   -3.262000    0.240333  -6.3928050915E-003
    0.000000    0.000000   -3.259667    0.242667  -6.4191787237E-003
    0.000000    0.000000   -3.257333    0.245000  -6.4456555181E-003
    0.000000    0.000000   -3.255000    0.247333  -6.4722359166E-003
    0.000000    0.000000   -3.252667    0.249667  -6.4989203639E-003
    0.000000    0.000000   -3.250333    0.252000  -6.5257093074E-003
    0.000000    0.000000   -3.248000    0.254333  -6.5526031970E-003
    0.000000    0.000000   -3.245667    0.256667  -6.5796024855E-003
    0.000000    0.000000   -3.243333    0.259000  -6.6067076284E-003
    0.000000    0.000000   -3.241000    0.261333  -6.6339190836E-003
    0.000000    0.000000   -3.238667    0.263667  -6.6612373124E-003
    0.000000    0.000000   -3.236333    0.266000  -6.6886627782E-003
    0.000000    0.000000   -3.234000    0.268333  -6.7161959477E-003
    0.000000    0.000000   -3.231667    0.270667  -6.7438372902E-003
    0.000000    0.000000   -3.229333    0.273000  -6.7715872778E-003
    0.000000    0.000000   -3.227000    0.275333  -6.7994463855E-003
    0.000000    0.000000   -3.224667    0.277667  -6.8274150913E-003
    0.000000    0.000000   -3.222333    0.280000  -6.8554938757E-003
    0.000000    0.000000   -3.220000    0.282333  -6.8836832227E-003
    0.000000    0.000000   -3.217667    0.284667  -6.9119836186E-003
    0.000000    0.000000   -3.215333    0.287000  -6.9403955531E-003
    0.000000    0.000000   -3.213000    0.289333  -6.9689195186E-003
    0.000000    0.000000   -3.210667    0.291667  -6.9975560107E-003
    0.000000    0.000000   -3.208333    0.294000  -7.0263055278E-003
    0.000000    0.000000   -3.206000    0.296333  -7.0551685713E-003
    0.000000    0.000000   -3.203667    0.298667  -7.0841456460E-003
    0.000000    0.000000   -3.201333    0.301000  -7.1132372592E-003
    0.000000    0.000000   -3.199000    0.303333  -7.1424439217E-003
    0.000000    0.000000   -3.196667    0.305667  -7.1717661473E-003
    0.000000    0.000000   -3.194333    0.308000  -7.2012044528E-003
    0.000000    0.000000   -3.192000    0.310333  -7.2307593582E-003
    0.000000    0.000000   -3.189667    0.312667  -7.2604313867E-003
    0.000000    0.000000   -3.187333    0.315000  -7.2902210646E-003
    0.000000    0.000000   -3.185000    0.317333  -7.3201289215E-003
    0.000000    0.000000   -3.182667    0.319667  -7.3501554901E-003
    0.000000    0.000000   -3.180333    0.322000  -7.3803013063E-003
    0.000000    0.000000   -3.178000    0.324333  -7.4105669093E-003
    0.000000    0.000000   -3.175667    0.326667  -7.4409528417E-003
    0.000000    0.000000   -3.173333    0.329000  -7.4714596492E-003
    0.000000    0.000000   -3.171000    0.331333  -7.5020878808E-003
    0.000000    0.000000   -3.168667    0.333667  -7.5328380890E-003
    0.000000    0.000000   -3.166333    0.336000  -7.5637108295E-003
    0.000000    0.000000   -3.164000    0.338333  -7.5947066615E-003
    0.000000    0.000000   -3.161667    0.340667  -7.6258261474E-003
    0.000000    0.000000   -3.159333    0.343000  -7.6570698531E-003
    0.000000    0.000000   -3.157000    0.345333  -7.6884383480E-003
    0.000000    0.000000   -3.154667    0.347667  -7.7199322048E-003
    0.000000    0.000000   -3.152333    0.350000  -7.7515519998E-003
    0.000000    0.000000   -3.150000    0.352333  -7.7832983127E-003
    0.000000    0.000000   -3.147667    0.354667  -7.8151717266E-003
    0.000000    0.000000   -3.145333    0.357000  -7.8471728285E-003
    0.000000    0.000000   -3.143000    0.359333  -7.8793022084E-003
    0.000000    0.000000   -3.140667    0.361667  -7.9115604604E-003
    0.000000    0.000000   -3.138333    0.364000  -7.9439481818E-003
    0.000000    0.000000   -3.136000    0.366333  -7.9764659736E-003
    0.000000    0.000000   -3.133667    0.368667  -8.0091144406E-003
    0.000000    0.000000   -3.131333    0.371000  -8.0418941909E-003
    0.000000    0.000000   -3.129000    0.373333  -8.0748058367E-003
    0.000000    0.000000   -3.126667    0.375667  -8.1078499934E-003
    0.000000    0.000000   -3.124333    0.378000  -8.1410272805E-003
    0.000000    0.000000   -3.122000    0.380333  -8.1743383210E-003
    0.000000    0.000000   -3.119667    0.382667  -8.2077837418E-003
    0.000000    0.000000   -3.117333    0.385000  -8.2413641732E-003
    0.000000    0.000000   -3.115000    0.387333  -8.2750802498E-003
    0.000000    0.000000   -3.112667    0.389667  -8.3089326097E-003
    0.000000    0.000000   -3.110333    0.392000  -8.3429218947E-003
    0.000000    0.000000   -3.108000    0.394333  -8.3770487507E-003
    0.000000    0.000000   -3.105667    0.396667  -8.4113138274E-003
    0.000000    0.000000   -3.103333    0.399000  -8.4457177783E-003
    0.000000    0.000000   -3.101000    0.401333  -8.4802612608E-003
    0.000000    0.000000   -3.098667    0.403667  -8.5149449362E-003
    0.000000    0.000000   -3.096333    0.406000  -8.5497694699E-003
    0.000000    0.000000   -3.094000    0.408333  -8.5847355311E-003
    0.000000    0.000000   -3.091667    0.410667  -8.6198437930E-003
    0.000000    0.000000   -3.089333    0.413000  -8.6550949328E-003
    0.000000    0.000000   -3.087000    0.415333  -8.6904896318E-003
    0.000000    0.000000   -3.084667    0.417667  -8.7260285751E-003
    0.000000    0.000000   -3.082333    0.420000  -8.7617124522E-003
    0.000000    0.000000   -3.080000    0.422333  -8.7975419564E-003
    0.000000    0.000000   -3.077667    0.424667  -8.8335177852E-003
    0.000000    0.000000   -3.075333    0.427000  -8.8696406401E-003
    0.000000    0.000000   -3.073000    0.429333  -8.9059112270E-003
    0.000000    0.000000   -3.070667    0.431667  -8.9423302557E-003
    0.000000    0.000000   -3.068333    0.434000  -8.9788984402E-003
    0.000000    0.000000   -3.066000    0.436333  -9.0156164988E-003
    0.000000    0.000000   -3.063667    0.438667  -9.0524851539E-003
    0.000000    0.000000   -3.061333    0.441000  -9.0895051321E-003
    0.000000    0.000000   -3.059000    0.443333  -9.1266771645E-003
    0.000000    0.000000   -3.056667    0.445667  -9.1640019861E-003
    0.000000    0.000000   -3.054333    0.448000  -9.2014803365E-003
    0.000000    0.000000   -3.052000    0.450333  -9.2391129594E-003
    0.000000    0.000000   -3.049667    0.452667  -9.2769006028E-003
    0.000000    0.000000   -3.047333    0.455000  -9.3148440193E-003
    0.000000    0.000000   -3.045000    0.457333  -9.3529439657E-003
    0.000000    0.000000   -3.042667    0.459667  -9.3912012029E-003
    0.000000    0.000000   -3.040333    0.462000  -9.4296164968E-003
    0.000000    0.000000   -3.038000    0.464333  -9.4681906171E-003
    0.000000    0.000000   -3.035667    0.466667  -9.5069243383E-003
    0.000000    0.000000   -3.033333    0.469000  -9.5458184394E-003
    0.000000    0.000000   -3.031000    0.471333  -9.5848737035E-003
    0.000000    0.000000   -3.028667    0.473667  -9.6240909185E-003
    0.000000    0.000000   -3.026333    0.476000  -9.6634708767E-003
    0.000000    0.000000   -3.024000    0.478333  -9.7030143750E-003
    0.000000    0.000000   -3.021667    0.480667  -9.7427222148E-003
    0.000000    0.000000   -3.019333    0.483000  -9.7825952020E-003
    0.000000    0.000000   -3.017000    0.485333  -9.8226341470E-003
    0.000000    0.000000   -3.014667    0.487667  -9.8628398651E-003
    0.000000    0.000000   -3.012333    0.490000  -9.9032131758E-003
    0.000000    0.000000   -3.010000    0.492333  -9.9437549037E-003
    0.000000    0.000000   -3.007667    0.494667  -9.9844658776E-003
    0.000000    0.000000   -3.005333    0.497000  -1.0025346931E-002
    0.000000    0.000000   -3.003000    0.499333  -1.0066398903E-002
    0.000000    0.000000   -3.000667    0.501667  -1.0107622636E-002
    0.000000    0.000000   -2.998333    0.504000  -1.0149018977E-002
    0.000000    0.000000   -2.996000    0.506333  -1.0190588780E-002
    0.000000    0.000000   -2.993667    0.508667  -1.0232332902E-002
    0.000000    0.000000   -2.991333    0.511000  -1.0274252204E-002
    0.000000    0.000000   -2.989000    0.513333  -1.0316347553E-002
    0.000000    0.000000   -2.986667    0.515667  -1.0358619821E-002
    0.000000    0.000000   -2.984333    0.518000  -1.0401069884E-002
    0.000000    0.000000   -2.982000    0.520333  -1.0443698623E-002
    0.000000    0.000000   -2.979667    0.522667  -1.0486506925E-002
    0.000000    0.000000   -2.977333    0.525000  -1.0529495680E-002
    0.000000    0.000000   -2.975000    0.527333  -1.0572665785E-002
    0.000000    0.000000   -2.972667    0.529667  -1.0616018139E-002
    0.000000    0.000000   -2.970333    0.532000  -1.0659553648E-002
    0.000000    0.000000   -2.968000    0.534333  -1.0703273223E-002
    0.000000    0.000000   -2.965667    0.536667  -1.0747177779E-002
    0.000000    0.000000   -2.963333    0.539000  -1.0791268237E-002
    0.000000    0.000000   -2.961000    0.541333  -1.0835545521E-002
    0.000000    0.000000   -2.958667    0.543667  -1.0880010563E-002
    0.000000    0.000000   -2.956333    0.546000  -1.0924664297E-002
    0.000000    0.000000   -2.954000    0.548333  -1.0969507664E-002
    0.000000    0.000000   -2.951667    0.550667  -1.1014541609E-002
    0.000000    0.000000   -2.949333    0.553000  -1.1059767082E-002
    0.000000    0.000000   -2.947000    0.555333  -1.1105185039E-002
    0.000000    0.000000   -2.944667    0.557667  -1.1150796440E-002
    0.000000    0.000000   -2.942333    0.560000  -1.1196602251E-002
    0.000000    0.000000   -2.940000    0.562333  -1.1242603443E-002
    0.000000    0.000000   -2.937667    0.564667  -1.1288800990E-002
    0.000000    0.000000   -2.935333    0.567000  -1.1335195875E-002
    0.000000    0.000000   -2.933000    0.569333  -1.1381789082E-002
    0.000000    0.000000   -2.930667    0.571667  -1.1428581603E-002
    0.000000    0.000000   -2.928333    0.574000  -1.1475574434E-002
    0.000000    0.000000   -2.926000    0.576333  -1.1522768577E-002
    0.000000    0.000000   -2.923667    0.578667  -1.1570165038E-002
    0.000000    0.000000   -2.921333    0.581000  -1.1617764829E-002
    0.000000    0.000000   -2.919000    0.583333  -1.1665568967E-002
    0.000000    0.000000   -2.916667    0.585667  -1.1713578473E-002
    0.000000    0.000000   -2.914333    0.588000  -1.1761794376E-002
    0.000000    0.000000   -2.912000    0.590333  -1.1810217708E-002
    0.000000    0.000000   -2.909667    0.592667  -1.1858849506E-002
    0.000000    0.000000   -2.907333    0.595000  -1.1907690815E-002
    0.000000    0.000000   -2.905000    0.597333  -1.1956742681E-002
    0.000000    0.000000   -2.902667    0.599667  -1.2006006159E-002
    0.000000    0.000000   -2.900333    0.602000  -1.2055482307E-002
    0.000000    0.000000   -2.898000    0.604333  -1.2105172190E-002
    0.000000    0.000000   -2.895667    0.606667  -1.2155076877E-002
    0.000000    0.000000   -2.893333    0.609000  -1.2205197443E-002
    0.000000    0.000000   -2.891000    0.611333  -1.2255534968E-002
    0.000000    0.000000   -2.888667    0.613667  -1.2306090537E-002
    0.000000    0.000000   -2.886333    0.616000  -1.2356865241E-002
    0.000000    0.000000   -2.884000    0.618333  -1.2407860176E-002
    0.000000    0.000000   -2.881667    0.620667  -1.2459076443E-002
    0.000000    0.000000   -2.879333    0.623000  -1.2510515149E-002
    0.000000    0.000000   -2.877000    0.625333  -1.2562177407E-002
    0.000000    0.000000   -2.874667    0.627667  -1.2614064333E-002
    0.000000    0.000000   -2.872333    0.630000  -1.2666177050E-002
    0.000000    0.000000   -2.870000    0.632333  -1.2718516687E-002
    0.000000    0.000000   -2.867667    0.634667  -1.2771084377E-002
    0.000000    0.000000   -2.865333    0.637000  -1.2823881258E-002
    0.000000    0.000000   -2.863000    0.639333  -1.2876908477E-002
    0.000000    0.000000   -2.860667    0.641667  -1.2930167181E-002
    0.000000    0.000000   -2.858333    0.644000  -1.2983658526E-002
    0.000000    0.000000   -2.856000    0.646333  -1.3037383673E-002
    0.000000    0.000000   -2.853667    0.648667  -1.3091343788E-002
    0.000000    0.000000   -2.851333    0.651000  -1.3145540042E-002
    0.000000    0.000000   -2.849000    0.653333  -1.3199973611E-002
    0.000000    0.000000   -2.846667    0.655667  -1.3254645679E-002
    0.000000    0.000000   -2.844333    0.658000  -1.3309557432E-002
    0.000000    0.000000   -2.842000    0.660333  -1.3364710063E-002
    0.000000    0.000000   -2.839667    0.662667  -1.3420104772E-002
    0.000000    0.000000   -2.837333    0.665000  -1.3475742761E-002
    0.000000    0.000000   -2.835000    0.667333  -1.3531625241E-002
    0.000000    0.000000   -2.832667    0.669667  -1.3587753426E-002
    0.000000    0.000000   -2.830333    0.672000  -1.3644128536E-002
    0.000000    0.000000   -2.828000    0.674333  -1.3700751797E-002
    0.000000    0.000000   -2.825667    0.676667  -1.3757624440E-002
    0.000000    0.000000   -2.823333    0.679000  -1.3814747702E-002
    0.000000    0.000000   -2.821000    0.681333  -1.3872122823E-002
    0.000000    0.000000   -2.818667    0.683667  -1.3929751053E-002
    0.000000    0.000000   -2.816333    0.686000  -1.3987633642E-002
    0.000000    0.000000   -2.814000    0.688333  -1.4045771851E-002
    0.000000    0.000000   -2.811667    0.690667  -1.4104166942E-002
    0.000000    0.000000   -2.809333    0.693000  -1.4162820185E-002
    0.000000    0.000000   -2.807000    0.695333  -1.4221732853E-002
    0.000000    0.000000   -2.804667    0.697667  -1.4280906228E-002
    0.000000    0.000000   -2.802333    0.700000  -1.4340341594E-002
    0.000000    0.000000   -2.800000    0.702333  -1.4400040242E-002
    0.000000    0.000000   -2.797667    0.704667  -1.4460003468E-002
    0.000000    0.000000   -2.795333    0.707000  -1.4520232574E-002
    0.000000    0.000000   -2.793000    0.709333  -1.4580728868E-002
    0.000000    0.000000   -2.790667    0.711667  -1.4641493660E-002
    0.000000    0.000000   -2.788333    0.714000  -1.4702528271E-002
    0.000000    0.000000   -2.786000    0.716333  -1.4763834021E-002
    0.000000    0.000000   -2.783667    0.718667  -1.4825412241E-002
    0.000000    0.000000   -2.781333    0.721000  -1.4887264263E-002
    0.000000    0.000000   -2.779000    0.723333  -1.4949391428E-002
    0.000000    0.000000   -2.776667    0.725667  -1.5011795081E-002
    0.000000    0.000000   -2.774333    0.728000  -1.5074476571E-002
    0.000000    0.000000   -2.772000    0.730333  -1.5137437253E-002
    0.000000    0.000000   -2.769667    0.732667  -1.5200678489E-002
    0.000000    0.000000   -2.767333    0.735000  -1.5264201645E-002
    0.000000    0.000000   -2.765000    0.737333  -1.5328008092E-002
    0.000000    0.000000   -2.762667    0.739667  -1.5392099207E-002
    0.000000    0.000000   -2.760333    0.742000  -1.5456476372E-002
    0.000000    0.000000   -2.758000    0.744333  -1.5521140975E-002
    0.000000    0.000000   -2.755667    0.746667  -1.5586094408E-002
    0.000000    0.000000   -2.753333    0.749000  -1.5651338069E-002
    0.000000    0.000000   -2.751000    0.751333  -1.5716873362E-002
    0.000000    0.000000   -2.748667    0.753667  -1.5782701695E-002
    0.000000    0.000000   -2.746333    0.756000  -1.5848824483E-002
    0.000000    0.000000   -2.744000    0.758333  -1.5915243143E-002
    0.000000    0.000000   -2.741667    0.760667  -1.5981959100E-002
    0.000000    0.000000   -2.739333    0.763000  -1.6048973784E-002
    0.000000    0.000000   -2.737000    0.765333  -1.6116288630E-002
    0.000000    0.000000   -2.734667    0.767667  -1.6183905077E-002
    0.000000    0.000000   -2.732333    0.770000  -1.6251824570E-002
    0.000000    0.000000   -2.730000    0.772333  -1.6320048560E-002
    0.000000    0.000000   -2.727667    0.774667  -1.6388578502E-002
    0.000000    0.000000   -2.725333    0.777000  -1.6457415857E-002
    0.000000    0.000000   -2.723000    0.779333  -1.6526562090E-002
    0.000000    0.000000   -2.720667    0.781667  -1.6596018672E-002
    0.000000    0.000000   -2.718333    0.784000  -1.6665787079E-002
    0.000000    0.000000   -2.716000    0.786333  -1.6735868791E-002
    0.000000    0.000000   -2.713667    0.788667  -1.6806265296E-002
    0.000000    0.000000   -2.711333    0.791000  -1.6876978083E-002
    0.000000    0.000000   -2.709000    0.793333  -1.6948008649E-002
    0.000000    0.000000   -2.706667    0.795667  -1.7019358496E-002
    0.000000    0.000000   -2.704333    0.798000  -1.7091029128E-002
    0.000000    0.000000   -2.702000    0.800333  -1.7163022057E-002
    0.000000    0.000000   -2.699667    0.802667  -1.7235338800E-002
    0.000000    0.000000   -2.697333    0.805000  -1.7307980877E-002
    0.000000    0.000000   -2.695000    0.807333  -1.7380949813E-002
    0.000000    0.000000   -2.692667    0.809667  -1.7454247141E-002
    0.000000    0.000000   -2.690333    0.812000  -1.7527874395E-002
    0.000000    0.000000   -2.688000    0.814333  -1.7601833116E-002
    0.000000    0.000000   -2.685667    0.816667  -1.7676124849E-002
    0.000000    0.000000   -2.683333    0.819000  -1.7750751145E-002
    0.000000    0.000000   -2.681000    0.821333  -1.7825713558E-002
    0.000000    0.000000   -2.678667    0.823667  -1.7901013649E-002
    0.000000    0.000000   -2.676333    0.826000  -1.7976652981E-002
    0.000000    0.000000   -2.674000    0.828333  -1.8052633125E-002
    0.000000    0.000000   -2.671667    0.830667  -1.8128955654E-002
    0.000000    0.000000   -2.669333    0.833000  -1.8205622147E-002
    0.000000    0.000000   -2.667000    0.835333  -1.8282634187E-002
    0.000000    0.000000   -2.664667    0.837667  -1.8359993363E-002
    0.000000    0.000000   -2.662333    0.840000  -1.8437701266E-002
    0.000000    0.000000   -2.660000    0.842333  -1.8515759495E-002
    0.000000    0.000000   -2.657667    0.844667  -1.8594169652E-002
    0.000000    0.000000   -2.655333    0.847000  -1.8672933341E-002
    0.000000    0.000000   -2.653000    0.849333  -1.8752052176E-002
    0.000000    0.000000   -2.650667    0.851667  -1.8831527770E-002
    0.000000    0.000000   -2.648333    0.854000  -1.8911361744E-002
    0.000000    0.000000   -2.646000    0.856333  -1.8991555723E-002
    0.000000    0.000000   -2.643667    0.858667  -1.9072111335E-002
    0.000000    0.000000   -2.641333    0.861000  -1.9153030214E-002
    0.000000    0.000000   -2.639000    0.863333  -1.9234313997E-002
    0.000000    0.000000   -2.636667    0.865667  -1.9315964326E-002
    0.000000    0.000000   -2.634333    0.868000  -1.9397982849E-002
    0.000000    0.000000   -2.632000    0.870333  -1.9480371214E-002
    0.000000    0.000000   -2.629667    0.872667  -1.9563131078E-002
    0.000000    0.000000   -2.627333    0.875000  -1.9646264099E-002
    0.000000    0.000000   -2.625000    0.877333  -1.9729771942E-002
    0.000000    0.000000   -2.622667    0.879667  -1.9813656273E-002
    0.000000    0.000000   -2.620333    0.882000  -1.9897918765E-002
    0.000000    0.000000   -2.618000    0.884333  -1.9982561094E-002
    0.000000    0.000000   -2.615667    0.886667  -2.0067584940E-002
    0.000000    0.000000   -2.613333    0.889000  -2.0152991987E-002
    0.000000    0.000000   -2.611000    0.891333  -2.0238783923E-002
    0.000000    0.000000   -2.608667    0.893667  -2.0324962441E-002
    0.000000    0.000000   -2.606333    0.896000  -2.0411529238E-002
    0.000000    0.000000   -2.604000    0.898333  -2.0498486013E-002
    0.000000    0.000000   -2.601667    0.900667  -2.0585834471E-002
    0.000000    0.000000   -2.599333    0.903000  -2.0673576321E-002
    0.000000    0.000000   -2.597000    0.905333  -2.0761713274E-002
    0.000000    0.000000   -2.594667    0.907667  -2.0850247047E-002
    0.000000    0.000000   -2.592333    0.910000  -2.0939179360E-002
    0.000000    0.000000   -2.590000    0.912333  -2.1028511937E-002
    0.000000    0.000000   -2.587667    0.914667  -2.1118246504E-002
    0.000000    0.000000   -2.585333    0.917000  -2.1208384795E-002
    0.000000    0.000000   -2.583000    0.919333  -2.1298928543E-002
    0.000000    0.000000   -2.580667    0.921667  -2.1389879487E-002
    0.000000    0.000000   -2.578333    0.924000  -2.1481239371E-002
    0.000000    0.000000   -2.576000    0.926333  -2.1573009940E-002
    0.000000    0.000000   -2.573667    0.928667  -2.1665192945E-002
    0.000000    0.000000   -2.571333    0.931000  -2.1757790138E-002
    0.000000    0.000000   -2.569000    0.933333  -2.1850803277E-002
    0.000000    0.000000   -2.566667    0.935667  -2.1944234123E-002
    0.000000    0.000000   -2.564333    0.938000  -2.2038084439E-002
    0.000000    0.000000   -2.562000    0.940333  -2.2132355994E-002
    0.000000    0.000000   -2.559667    0.942667  -2.2227050558E-002
    0.000000    0.000000   -2.557333    0.945000  -2.2322169906E-002
    0.000000    0.000000   -2.555000    0.947333  -2.2417715817E-002
    0.000000    0.000000   -2.552667    0.949667  -2.2513690071E-002
    0.000000    0.000000   -2.550333    0.952000  -2.2610094454E-002
    0.000000    0.000000   -2.548000    0.954333  -2.2706930754E-002
    0.000000    0.000000   -2.545667    0.956667  -2.2804200761E-002
    0.000000    0.000000   -2.543333    0.959000  -2.2901906272E-002
    0.000000    0.000000   -2.541000    0.961333  -2.3000049085E-002
    0.000000    0.000000   -2.538667    0.963667  -2.3098630999E-002
    0.000000    0.000000   -2.536333    0.966000  -2.3197653821E-002
    0.000000    0.000000   -2.534000    0.968333  -2.3297119358E-002
    0.000000    0.000000   -2.531667    0.970667  -2.3397029422E-002
    0.000000    0.000000   -2.529333    0.973000  -2.3497385825E-002
    0.000000    0.000000   -2.527000    0.975333  -2.3598190386E-002
    0.000000    0.000000   -2.524667    0.977667  -2.3699444925E-002
    0.000000    0.000000   -2.522333    0.980000  -2.3801151266E-002
    0.000000    0.000000   -2.520000    0.982333  -2.3903311235E-002
    0.000000    0.000000   -2.517667    0.984667  -2.4005926662E-002
    0.000000    0.000000   -2.515333    0.987000  -2.4108999379E-002
    0.000000    0.000000   -2.513000    0.989333  -2.4212531224E-002
    0.000000    0.000000   -2.510667    0.991667  -2.4316524033E-002
    0.000000    0.000000   -2.508333    0.994000  -2.4420979650E-002
    0.000000    0.000000   -2.506000    0.996333  -2.4525899918E-002
    0.000000    0.000000   -2.503667    0.998667  -2.4631286686E-002
    0.000000    0.000000   -2.501333    1.001000  -2.4737141804E-002
    0.000000    0.000000   -2.499000    1.003333  -2.4843467125E-002
    0.000000    0.000000   -2.496667    1.005667  -2.4950264507E-002
    0.000000    0.000000   -2.494333    1.008000  -2.5057535809E-002
    0.000000    0.000000   -2.492000    1.010333  -2.5165282892E-002
    0.000000    0.000000   -2.489667    1.012667  -2.5273507623E-002
    0.000000    0.000000   -2.487333    1.015000  -2.5382211868E-002
    0.000000    0.000000   -2.485000    1.017333  -2.5491397499E-002
    0.000000    0.000000   -2.482667    1.019667  -2.5601066390E-002
    0.000000    0.000000   -2.480333    1.022000  -2.5711220417E-002
    0.000000    0.000000   -2.478000    1.024333  -2.5821861460E-002
    0.000000    0.000000   -2.475667    1.026667  -2.5932991400E-002
    0.000000    0.000000   -2.473333    1.029000  -2.6044612123E-002
    0.000000    0.000000   -2.471000    1.031333  -2.6156725516E-002
    0.000000    0.000000   -2.468667    1.033667  -2.6269333471E-002
    0.000000    0.000000   -2.466333    1.036000  -2.6382437880E-002
    0.000000    0.000000   -2.464000    1.038333  -2.6496040639E-002
    0.000000    0.000000   -2.461667    1.040667  -2.6610143649E-002
    0.000000    0.000000   -2.459333    1.043000  -2.6724748810E-002
    0.000000    0.000000   -2.457000    1.045333  -2.6839858028E-002
    0.000000    0.000000   -2.454667    1.047667  -2.6955473209E-002
    0.000000    0.000000   -2.452333    1.050000  -2.7071596264E-002
    0.000000    0.000000   -2.450000    1.052333  -2.7188229107E-002
    0.000000    0.000000   -2.447667    1.054667  -2.7305373652E-002
    0.000000    0.000000   -2.445333    1.057000  -2.7423031820E-002
    0.000000    0.000000   -2.443000    1.059333  -2.7541205531E-002
    0.000000    0.000000   -2.440667    1.061667  -2.7659896709E-002
    0.000000    0.000000   -2.438333    1.064000  -2.7779107283E-002
    0.000000    0.000000   -2.436000    1.066333  -2.7898839182E-002
    0.000000    0.000000   -2.433667    1.068667  -2.8019094340E-002
    0.000000    0.000000   -2.431333    1.071000  -2.8139874693E-002
    0.000000    0.000000   -2.429000    1.073333  -2.8261182179E-002
    0.000000    0.000000   -2.426667    1.075667  -2.8383018740E-002
    0.000000    0.000000   -2.424333    1.078000  -2.8505386322E-002
    0.000000    0.000000   -2.422000    1.080333  -2.8628286872E-002
    0.000000    0.000000   -2.419667    1.082667  -2.8751722342E-002
    0.000000    0.000000   -2.417333    1.085000  -2.8875694684E-002
    0.000000    0.000000   -2.415000    1.087333  -2.9000205857E-002
    0.000000    0.000000   -2.412667    1.089667  -2.9125257820E-002
    0.000000    0.000000   -2.410333    1.092000  -2.9250852537E-002
    0.000000    0.000000   -2.408000    1.094333  -2.9376991975E-002
    0.000000    0.000000   -2.405667    1.096667  -2.9503678102E-002
    0.000000    0.000000   -2.403333    1.099000  -2.9630912893E-002
    0.000000    0.000000   -2.401000    1.101333  -2.9758698323E-002
    0.000000    0.000000   -2.398667    1.103667  -2.9887036371E-002
    0.000000    0.000000   -2.396333    1.106000  -3.0015929022E-002
    0.000000    0.000000   -2.394000    1.108333  -3.0145378261E-002
    0.000000    0.000000   -2.391667    1.110667  -3.0275386078E-002
    0.000000    0.000000   -2.389333    1.113000  -3.0405954467E-002
    0.000000    0.000000   -2.387000    1.115333  -3.0537085424E-002
    0.000000    0.000000   -2.384667    1.117667  -3.0668780951E-002
    0.000000    0.000000   -2.382333    1.120000  -3.0801043051E-002
    0.000000    0.000000   -2.380000    1.122333  -3.0933873733E-002
    0.000000    0.000000   -2.377667    1.124667  -3.1067275008E-002
    0.000000    0.000000   -2.375333    1.127000  -3.1201248892E-002
    0.000000    0.000000   -2.373000    1.129333  -3.1335797406E-002
    0.000000    0.000000   -2.370667    1.131667  -3.1470922572E-002
    0.000000    0.000000   -2.368333    1.134000  -3.1606626418E-002
    0.000000    0.000000   -2.366000    1.136333  -3.1742910977E-002
    0.000000    0.000000   -2.363667    1.138667  -3.1879778284E-002
    0.000000    0.000000   -2.361333    1.141000  -3.2017230380E-002
    0.000000    0.000000   -2.359000    1.143333  -3.2155269310E-002
    0.000000    0.000000   -2.356667    1.145667  -3.2293897124E-002
    0.000000    0.000000   -2.354333    1.148000  -3.2433115874E-002
    0.000000    0.000000   -2.352000    1.150333  -3.2572927619E-002
    0.000000    0.000000   -2.349667    1.152667  -3.2713334424E-002
    0.000000    0.000000   -2.347333    1.155000  -3.2854338356E-002
    0.000000    0.000000   -2.345000    1.157333  -3.2995941487E-002
    0.000000    0.000000   -2.342667    1.159667  -3.3138145897E-002
    0.000000    0.000000   -2.340333    1.162000  -3.3280953668E-002
    0.000000    0.000000   -2.338000    1.164333  -3.3424366888E-002
    0.000000    0.000000   -2.335667    1.166667  -3.3568387653E-002
    0.000000    0.000000   -2.333333    1.169000  -3.3713018060E-002
    0.000000    0.000000   -2.331000    1.171333  -3.3858260215E-002
    0.000000    0.000000   -2.328667    1.173667  -3.4004116229E-002
    0.000000    0.000000   -2.326333    1.176000  -3.4150588217E-002
    0.000000    0.000000   -2.324000    1.178333  -3.4297678302E-002
    0.000000    0.000000   -2.321667    1.180667  -3.4445388613E-002
    0.000000    0.000000   -2.319333    1.183000  -3.4593721283E-002
    0.000000    0.000000   -2.317000    1.185333  -3.4742678455E-002
    0.000000    0.000000   -2.314667    1.187667  -3.4892262275E-002
    0.000000    0.000000   -2.312333    1.190000  -3.5042474898E-002
    0.000000    0.000000   -2.310000    1.192333  -3.5193318484E-002
    0.000000    0.000000   -2.307667    1.194667  -3.5344795200E-002
    0.000000    0.000000   -2.305333    1.197000  -3.5496907223E-002
    0.000000    0.000000   -2.303000    1.199333  -3.5649656733E-002
    0.000000    0.000000   -2.300667    1.201667  -3.5803045920E-002
    0.000000    0.000000   -2.298333    1.204000  -3.5957076981E-002
    0.000000    0.000000   -2.296000    1.206333  -3.6111752120E-002
    0.000000    0.000000   -2.293667    1.208667  -3.6267073550E-002
    0.000000    0.000000   -2.291333    1.211000  -3.6423043491E-002
    0.000000    0.000000   -2.289000    1.213333  -3.6579664172E-002
    0.000000    0.000000   -2.286667    1.215667  -3.6736937830E-002
    0.000000    0.000000   -2.284333    1.218000  -3.6894866710E-002
    0.000000    0.000000   -2.282000    1.220333  -3.7053453066E-002
    0.000000    0.000000   -2.279667    1.222667  -3.7212699163E-002
    0.000000    0.000000   -2.277333    1.225000  -3.7372607271E-002
    0.000000    0.000000   -2.275000    1.227333  -3.7533179674E-002
    0.000000    0.000000   -2.272667    1.229667  -3.7694418662E-002
    0.000000    0.000000   -2.270333    1.232000  -3.7856326536E-002
    0.000000    0.000000   -2.268000    1.234333  -3.8018905607E-002
    0.000000    0.000000   -2.265667    1.236667  -3.8182158195E-002
    0.000000    0.000000   -2.263333    1.239000  -3.8346086634E-002
    0.000000    0.000000   -2.261000    1.241333  -3.8510693263E-002
    0.000000    0.000000   -2.258667    1.243667  -3.8675980437E-002
    0.000000    0.000000   -2.256333    1.246000  -3.8841950519E-002
    0.000000    0.000000   -2.254000    1.248333  -3.9008605883E-002
    0.000000    0.000000   -2.251667    1.250667  -3.9175948917E-002
    0.000000    0.000000   -2.249333    1.253000  -3.9343982018E-002
    0.000000    0.000000   -2.247000    1.255333  -3.9512707598E-002
    0.000000    0.000000   -2.244667    1.257667  -3.9682128077E-002
    0.000000    0.000000   -2.242333    1.260000  -3.9852245892E-002
    0.000000    0.000000   -2.240000    1.262333  -4.0023063489E-002
    0.000000    0.000000   -2.237667    1.264667  -4.0194583329E-002
    0.000000    0.000000   -2.235333    1.267000  -4.0366807887E-002
    0.000000    0.000000   -2.233000    1.269333  -4.0539739648E-002
    0.000000    0.000000   -2.230667    1.271667  -4.0713381115E-002
    0.000000    0.000000   -2.228333    1.274000  -4.0887734802E-002
    0.000000    0.000000   -2.226000    1.276333  -4.1062803239E-002
    0.000000    0.000000   -2.223667    1.278667  -4.1238588969E-002
    0.000000    0.000000   -2.221333    1.281000  -4.1415094551E-002
    0.000000    0.000000   -2.219000    1.283333  -4.1592322559E-002
    0.000000    0.000000   -2.216667    1.285667  -4.1770275583E-002
    0.000000    0.000000   -2.214333    1.288000  -4.1948956227E-002
    0.000000    0.000000   -2.212000    1.290333  -4.2128367113E-002
    0.000000    0.000000   -2.209667    1.292667  -4.2308510878E-002
    0.000000    0.000000   -2.207333    1.295000  -4.2489390176E-002
    0.000000    0.000000   -2.205000    1.297333  -4.2671007678E-002
    0.000000    0.000000   -2.202667    1.299667  -4.2853366073E-002
    0.000000    0.000000   -2.200333    1.302000  -4.3036468066E-002
    0.000000    0.000000   -2.198000    1.304333  -4.3220316380E-002
    0.000000    0.000000   -2.195667    1.306667  -4.3404913759E-002
    0.000000    0.000000   -2.193333    1.309000  -4.3590262961E-002
    0.000000    0.000000   -2.191000    1.311333  -4.3776366768E-002
    0.000000    0.000000   -2.188667    1.313667  -4.3963227976E-002
    0.000000    0.000000   -2.186333    1.316000  -4.4150849404E-002
    0.000000    0.000000   -2.184000    1.318333  -4.4339233891E-002
    0.000000    0.000000   -2.181667    1.320667  -4.4528384294E-002
    0.000000    0.000000   -2.179333    1.323000  -4.4718303491E-002
    0.000000    0.000000   -2.177000    1.325333  -4.4908994383E-002
    0.000000    0.000000   -2.174667    1.327667  -4.5100459890E-002
    0.000000    0.000000   -2.172333    1.330000  -4.5292702955E-002
    0.000000    0.000000   -2.170000    1.332333  -4.5485726543E-002
    0.000000    0.000000   -2.167667    1.334667  -4.5679533639E-002
    0.000000    0.000000   -2.165333    1.337000  -4.5874127254E-002
    0.000000    0.000000   -2.163000    1.339333  -4.6069510420E-002
    0.000000    0.000000   -2.160667    1.341667  -4.6265686193E-002
    0.000000    0.000000   -2.158333    1.344000  -4.6462657652E-002
    0.000000    0.000000   -2.156000    1.346333  -4.6660427903E-002
    0.000000    0.000000   -2.153667    1.348667  -4.6859000073E-002
    0.000000    0.000000   -2.151333    1.351000  -4.7058377316E-002
    0.000000    0.000000   -2.149000    1.353333  -4.7258562811E-002
    0.000000    0.000000   -2.146667    1.355667  -4.7459559762E-002
    0.000000    0.000000   -2.144333    1.358000  -4.7661371401E-002
    0.000000    0.000000   -2.142000    1.360333  -4.7864000983E-002
    0.000000    0.000000   -2.139667    1.362667  -4.8067451793E-002
    0.000000    0.000000   -2.137333    1.365000  -4.8271727143E-002
    0.000000    0.000000   -2.135000    1.367333  -4.8476830372E-002
    0.000000    0.000000   -2.132667    1.369667  -4.8682764845E-002
    0.000000    0.000000   -2.130333    1.372000  -4.8889533960E-002
    0.000000    0.000000   -2.128000    1.374333  -4.9097141140E-002
    0.000000    0.000000   -2.125667    1.376667  -4.9305589839E-002
    0.000000    0.000000   -2.123333    1.379000  -4.9514883541E-002
    0.000000    0.000000   -2.121000    1.381333  -4.9725025758E-002
    0.000000    0.000000   -2.118667    1.383667  -4.9936020034E-002
    0.000000    0.000000   -2.116333    1.386000  -5.0147869945E-002
    0.000000    0.000000   -2.114000    1.388333  -5.0360579097E-002
    0.000000    0.000000   -2.111667    1.390667  -5.0574151126E-002
    0.000000    0.000000   -2.109333    1.393000  -5.0788589704E-002
    0.000000    0.000000   -2.107000    1.395333  -5.1003898532E-002
    0.000000    0.000000   -2.104667    1.397667  -5.1220081347E-002
    0.000000    0.000000   -2.102333    1.400000  -5.1437141915E-002
    0.000000    0.000000   -2.100000    1.402333  -5.1655084042E-002
    0.000000    0.000000   -2.097667    1.404667  -5.1873911561E-002
    0.000000    0.000000   -2.095333    1.407000  -5.2093628346E-002
    0.000000    0.000000   -2.093000    1.409333  -5.2314238302E-002
    0.000000    0.000000   -2.090667    1.411667  -5.2535745371E-002
    0.000000    0.000000   -2.088333    1.414000  -5.2758153531E-002
    0.000000    0.000000   -2.086000    1.416333  -5.2981466794E-002
    0.000000    0.000000   -2.083667    1.418667  -5.3205689211E-002
    0.000000    0.000000   -2.081333    1.421000  -5.3430824870E-002
    0.000000    0.000000   -2.079000    1.423333  -5.3656877895E-002
    0.000000    0.000000   -2.076667    1.425667  -5.3883852449E-002
    0.000000    0.000000   -2.074333    1.428000  -5.4111752732E-002
    0.000000    0.000000   -2.072000    1.430333  -5.4340582984E-002
    0.000000    0.000000   -2.069667    1.432667  -5.4570347484E-002
    0.000000    0.000000   -2.067333    1.435000  -5.4801050549E-002
    0.000000    0.000000   -2.065000    1.437333  -5.5032696537E-002
    0.000000    0.000000   -2.062667    1.439667  -5.5265289846E-002
    0.000000    0.000000   -2.060333    1.442000  -5.5498834915E-002
    0.000000    0.000000   -2.058000    1.444333  -5.5733336223E-002
    0.000000    0.000000   -2.055667    1.446667  -5.5968798290E-002
    0.000000    0.000000   -2.053333    1.449000  -5.6205225680E-002
    0.000000    0.000000   -2.051000    1.451333  -5.6442622998E-002
    0.000000    0.000000   -2.048667    1.453667  -5.6680994889E-002
    0.000000    0.000000   -2.046333    1.456000  -5.6920346045E-002
    0.000000    0.000000   -2.044000    1.458333  -5.7160681199E-002
    0.000000    0.000000   -2.041667    1.460667  -5.7402005127E-002
    0.000000    0.000000   -2.039333    1.463000  -5.7644322651E-002
    0.000000    0.000000   -2.037000    1.465333  -5.7887638635E-002
    0.000000    0.000000   -2.034667    1.467667  -5.8131957988E-002
    0.000000    0.000000   -2.032333    1.470000  -5.8377285666E-002
    0.000000    0.000000   -2.030000    1.472333  -5.8623626668E-002
    0.000000    0.000000   -2.027667    1.474667  -5.8870986040E-002
    0.000000    0.000000   -2.025333    1.477000  -5.9119368873E-002
    0.000000    0.000000   -2.023000    1.479333  -5.9368780304E-002
    0.000000    0.000000   -2.020667    1.481667  -5.9619225518E-002
    0.000000    0.000000   -2.018333    1.484000  -5.9870709746E-002
    0.000000    0.000000   -2.016000    1.486333  -6.0123238264E-002
    0.000000    0.000000   -2.013667    1.488667  -6.0376816400E-002
    0.000000    0.000000   -2.011333    1.491000  -6.0631449526E-002
    0.000000    0.000000   -2.009000    1.493333  -6.0887143063E-002
    0.000000    0.000000   -2.006667    1.495667  -6.1143902479E-002
    0.000000    0.000000   -2.004333    1.498000  -6.1401733294E-002
    0.000000    0.000000   -2.002000    1.500333  -6.1660641074E-002
    0.000000    0.000000   -1.999667    1.502667  -6.1920631432E-002
    0.000000    0.000000   -1.997333    1.505000  -6.2181710035E-002
    0.000000    0.000000   -1.995000    1.507333  -6.2443882596E-002
    0.000000    0.000000   -1.992667    1.509667  -6.2707154877E-002
    0.000000    0.000000   -1.990333    1.512000  -6.2971532693E-002
    0.000000    0.000000   -1.988000    1.514333  -6.3237021907E-002
    0.000000    0.000000   -1.985667    1.516667  -6.3503628430E-002
    0.000000    0.000000   -1.983333    1.519000  -6.3771358227E-002
    0.000000    0.000000   -1.981000    1.521333  -6.4040217312E-002
    0.000000    0.000000   -1.978667    1.523667  -6.4310211748E-002
    0.000000    0.000000   -1.976333    1.526000  -6.4581347651E-002
    0.000000    0.000000   -1.974000    1.528333  -6.4853631187E-002
    0.000000    0.000000   -1.971667    1.530667  -6.5127068572E-002
    0.000000    0.000000   -1.969333    1.533000  -6.5401666073E-002
    0.000000    0.000000   -1.967000    1.535333  -6.5677430010E-002
    0.000000    0.000000   -1.964667    1.537667  -6.5954366752E-002
    0.000000    0.000000   -1.962333    1.540000  -6.6232482720E-002
    0.000000    0.000000   -1.960000    1.542333  -6.6511784385E-002
    0.000000    0.000000   -1.957667    1.544667  -6.6792278271E-002
    0.000000    0.000000   -1.955333    1.547000  -6.7073970953E-002
    0.000000    0.000000   -1.953000    1.549333  -6.7356869055E-002
    0.000000    0.000000   -1.950667    1.551667  -6.7640979254E-002
    0.000000    0.000000   -1.948333    1.554000  -6.7926308279E-002
    0.000000    0.000000   -1.946000    1.556333  -6.8212862907E-002
    0.000000    0.000000   -1.943667    1.558667  -6.8500649968E-002
    0.000000    0.000000   -1.941333    1.561000  -6.8789676342E-002
    0.000000    0.000000   -1.939000    1.563333  -6.9079948962E-002
    0.000000    0.000000   -1.936667    1.565667  -6.9371474808E-002
    0.000000    0.000000   -1.934333    1.568000  -6.9664260912E-002
    0.000000    0.000000   -1.932000    1.570333  -6.9958314358E-002
    0.000000    0.000000   -1.929667    1.572667  -7.0253642277E-002
    0.000000    0.000000   -1.927333    1.575000  -7.0550251853E-002
    0.000000    0.000000   -1.925000    1.577333  -7.0848150316E-002
    0.000000    0.000000   -1.922667    1.579667  -7.1147344949E-002
    0.000000    0.000000   -1.920333    1.582000  -7.1447843081E-002
    0.000000    0.000000   -1.918000    1.584333  -7.1749652094E-002
    0.000000    0.000000   -1.915667    1.586667  -7.2052779413E-002
    0.000000    0.000000   -1.913333    1.589000  -7.2357232517E-002
    0.000000    0.000000   -1.911000    1.591333  -7.2663018928E-002
    0.000000    0.000000   -1.908667    1.593667  -7.2970146218E-002
    0.000000    0.000000   -1.906333    1.596000  -7.3278622006E-002
    0.000000    0.000000   -1.904000    1.598333  -7.3588453958E-002
    0.000000    0.000000   -1.901667    1.600667  -7.3899649785E-002
    0.000000    0.000000   -1.899333    1.603000  -7.4212217245E-002
    0.000000    0.000000   -1.897000    1.605333  -7.4526164141E-002
    0.000000    0.000000   -1.894667    1.607667  -7.4841498319E-002
    0.000000    0.000000   -1.892333    1.610000  -7.5158227673E-002
    0.000000    0.000000   -1.890000    1.612333  -7.5476360139E-002
    0.000000    0.000000   -1.887667    1.614667  -7.5795903694E-002
    0.000000    0.000000   -1.885333    1.617000  -7.6116866361E-002
    0.000000    0.000000   -1.883000    1.619333  -7.6439256204E-002
    0.000000    0.000000   -1.880667    1.621667  -7.6763081327E-002
    0.000000    0.000000   -1.878333    1.624000  -7.7088349875E-002
    0.000000    0.000000   -1.876000    1.626333  -7.7415070036E-002
    0.000000    0.000000   -1.873667    1.628667  -7.7743250032E-002
    0.000000    0.000000   -1.871333    1.631000  -7.8072898129E-002
    0.000000    0.000000   -1.869000    1.633333  -7.8404022626E-002
    0.000000    0.000000   -1.866667    1.635667  -7.8736631862E-002
    0.000000    0.000000   -1.864333    1.638000  -7.9070734210E-002
    0.000000    0.000000   -1.862000    1.640333  -7.9406338082E-002
    0.000000    0.000000   -1.859667    1.642667  -7.9743451919E-002
    0.000000    0.000000   -1.857333    1.645000  -8.0082084201E-002
    0.000000    0.000000   -1.855000    1.647333  -8.0422243436E-002
    0.000000    0.000000   -1.852667    1.649667  -8.0763938166E-002
    0.000000    0.000000   -1.850333    1.652000  -8.1107176963E-002
    0.000000    0.000000   -1.848000    1.654333  -8.1451968430E-002
    0.000000    0.000000   -1.845667    1.656667  -8.1798321197E-002
    0.000000    0.000000   -1.843333    1.659000  -8.2146243921E-002
    0.000000    0.000000   -1.841000    1.661333  -8.2495745288E-002
    0.000000    0.000000   -1.838667    1.663667  -8.2846834007E-002
    0.000000    0.000000   -1.836333    1.666000  -8.3199518813E-002
    0.000000    0.000000   -1.834000    1.668333  -8.3553808462E-002
    0.000000    0.000000   -1.831667    1.670667  -8.3909711734E-002
    0.000000    0.000000   -1.829333    1.673000  -8.4267237427E-002
    0.000000    0.000000   -1.827000    1.675333  -8.4626394362E-002
    0.000000    0.000000   -1.824667    1.677667  -8.4987191376E-002
    0.000000    0.000000   -1.822333    1.680000  -8.5349637322E-002
    0.000000    0.000000   -1.820000    1.682333  -8.5713741070E-002
    0.000000    0.000000   -1.817667    1.684667  -8.6079511505E-002
    0.000000    0.000000   -1.815333    1.687000  -8.6446957521E-002
    0.000000    0.000000   -1.813000    1.689333  -8.6816088028E-002
    0.000000    0.000000   -1.810667    1.691667  -8.7186911942E-002
    0.000000    0.000000   -1.808333    1.694000  -8.7559438192E-002
    0.000000    0.000000   -1.806000    1.696333  -8.7933675709E-002
    0.000000    0.000000   -1.803667    1.698667  -8.8309633433E-002
    0.000000    0.000000   -1.801333    1.701000  -8.8687320307E-002
    0.000000    0.000000   -1.799000    1.703333  -8.9066745276E-002
    0.000000    0.000000   -1.796667    1.705667  -8.9447917288E-002
    0.000000    0.000000   -1.794333    1.708000  -8.9830845286E-002
    0.000000    0.000000   -1.792000    1.710333  -9.0215538216E-002
    0.000000    0.000000   -1.789667    1.712667  -9.0602005016E-002
    0.000000    0.000000   -1.787333    1.715000  -9.0990254621E-002
    0.000000    0.000000   -1.785000    1.717333  -9.1380295957E-002
    0.000000    0.000000   -1.782667    1.719667  -9.1772137942E-002
    0.000000    0.000000   -1.780333    1.722000  -9.2165789483E-002
    0.000000    0.000000   -1.778000    1.724333  -9.2561259476E-002
    0.000000    0.000000   -1.775667    1.726667  -9.2958556799E-002
    0.000000    0.000000   -1.773333    1.729000  -9.3357690320E-002
    0.000000    0.000000   -1.771000    1.731333  -9.3758668884E-002
    0.000000    0.000000   -1.768667    1.733667  -9.4161501320E-002
    0.000000    0.000000   -1.766333    1.736000  -9.4566196434E-002
    0.000000    0.000000   -1.764000    1.738333  -9.4972763009E-002
    0.000000    0.000000   -1.761667    1.740667  -9.5381209805E-002
    0.000000    0.000000   -1.759333    1.743000  -9.5791545553E-002
    0.000000    0.000000   -1.757000    1.745333  -9.6203778957E-002
    0.000000    0.000000   -1.754667    1.747667  -9.6617918690E-002
    0.000000    0.000000   -1.752333    1.750000  -9.7033973392E-002
    0.000000    0.000000   -1.750000    1.752333  -9.7451951671E-002
    0.000000    0.000000   -1.747667    1.754667  -9.7871862097E-002
    0.000000    0.000000   -1.745333    1.757000  -9.8293713204E-002
    0.000000    0.000000   -1.743000    1.759333  -9.8717513485E-002
    0.000000    0.000000   -1.740667    1.761667  -9.9143271392E-002
    0.000000    0.000000   -1.738333    1.764000  -9.9570995333E-002
    0.000000    0.000000   -1.736000    1.766333  -1.0000069367E-001
    0.000000    0.000000   -1.733667    1.768667  -1.0043237472E-001
    0.000000    0.000000   -1.731333    1.771000  -1.0086604676E-001
    0.000000    0.000000   -1.729000    1.773333  -1.0130171799E-001
    0.000000    0.000000   -1.726667    1.775667  -1.0173939659E-001
    0.000000    0.000000   -1.724333    1.778000  -1.0217909066E-001
    0.000000    0.000000   -1.722000    1.780333  -1.0262080825E-001
    0.000000    0.000000   -1.719667    1.782667  -1.0306455737E-001
    0.000000    0.000000   -1.717333    1.785000  -1.0351034595E-001
    0.000000    0.000000   -1.715000    1.787333  -1.0395818186E-001
    0.000000    0.000000   -1.712667    1.789667  -1.0440807293E-001
    0.000000    0.000000   -1.710333    1.792000  -1.0486002688E-001
    0.000000    0.000000   -1.708000    1.794333  -1.0531405142E-001
    0.000000    0.000000   -1.705667    1.796667  -1.0577015416E-001
    0.000000    0.000000   -1.703333    1.799000  -1.0622834263E-001
    0.000000    0.000000   -1.701000    1.801333  -1.0668862431E-001
    0.000000    0.000000   -1.698667    1.803667  -1.0715100662E-001
    0.000000    0.000000   -1.696333    1.806000  -1.0761549686E-001
    0.000000    0.000000   -1.694000    1.808333  -1.0808210231E-001
    0.000000    0.000000   -1.691667    1.810667  -1.0855083014E-001
    0.000000    0.000000   -1.689333    1.813000  -1.0902168745E-001
    0.000000    0.000000   -1.687000    1.815333  -1.0949468126E-001
    0.000000    0.000000   -1.684667    1.817667  -1.0996981852E-001
    0.000000    0.000000   -1.682333    1.820000  -1.1044710608E-001
    0.000000    0.000000   -1.680000    1.822333  -1.1092655074E-001
    0.000000    0.000000   -1.677667    1.824667  -1.1140815918E-001
    0.000000    0.000000   -1.675333    1.827000  -1.1189193803E-001
    0.000000    0.000000   -1.673000    1.829333  -1.1237789381E-001
    0.000000    0.000000   -1.670667    1.831667  -1.1286603298E-001
    0.000000    0.000000   -1.668333    1.834000  -1.1335636189E-001
    0.000000    0.000000   -1.666000    1.836333  -1.1384888683E-001
    0.000000    0.000000   -1.663667    1.838667  -1.1434361398E-001
    0.000000    0.000000   -1.661333    1.841000  -1.1484054945E-001
    0.000000    0.000000   -1.659000    1.843333  -1.1533969926E-001
    0.000000    0.000000   -1.656667    1.845667  -1.1584106934E-001
    0.000000    0.000000   -1.654333    1.848000  -1.1634466554E-001
    0.000000    0.000000   -1.652000    1.850333  -1.1685049362E-001
    0.000000    0.000000   -1.649667    1.852667  -1.1735855926E-001
    0.000000    0.000000   -1.647333    1.855000  -1.1786886805E-001
    0.000000    0.000000   -1.645000    1.857333  -1.1838142550E-001
    0.000000    0.000000   -1.642667    1.859667  -1.1889623703E-001
    0.000000    0.000000   -1.640333    1.862000  -1.1941330799E-001
    0.000000    0.000000   -1.638000    1.864333  -1.1993264364E-001
    0.000000    0.000000   -1.635667    1.866667  -1.2045424915E-001
    0.000000    0.000000   -1.633333    1.869000  -1.2097812964E-001
    0.000000    0.000000   -1.631000    1.871333  -1.2150429012E-001
    0.000000    0.000000   -1.628667    1.873667  -1.2203273556E-001
    0.000000    0.000000   -1.626333    1.876000  -1.2256347082E-001
    0.000000    0.000000   -1.624000    1.878333  -1.2309650071E-001
    0.000000    0.000000   -1.621667    1.880667  -1.2363182998E-001
    0.000000    0.000000   -1.619333    1.883000  -1.2416946329E-001
    0.000000    0.000000   -1.617000    1.885333  -1.2470940526E-001
    0.000000    0.000000   -1.614667    1.887667  -1.2525166042E-001
    0.000000    0.000000   -1.612333    1.890000  -1.2579623328E-001
    0.000000    0.000000   -1.610000    1.892333  -1.2634312827E-001
    0.000000    0.000000   -1.607667    1.894667  -1.2689234977E-001
    0.000000    0.000000   -1.605333    1.897000  -1.2744390213E-001
    0.000000    0.000000   -1.603000    1.899333  -1.2799778964E-001
    0.000000    0.000000   -1.600667    1.901667  -1.2855401655E-001
    0.000000    0.000000   -1.598333    1.904000  -1.2911258709E-001
    0.000000    0.000000   -1.596000    1.906333  -1.2967350546E-001
    0.000000    0.000000   -1.593667    1.908667  -1.3023677582E-001
    0.000000    0.000000   -1.591333    1.911000  -1.3080240233E-001
    0.000000    0.000000   -1.589000    1.913333  -1.3137038911E-001
    0.000000    0.000000   -1.586667    1.915667  -1.3194074030E-001
    0.000000    0.000000   -1.584333    1.918000  -1.3251346002E-001
    0.000000    0.000000   -1.582000    1.920333  -1.3308855240E-001
    0.000000    0.000000   -1.579667    1.922667  -1.3366602157E-001
    0.000000    0.000000   -1.577333    1.925000  -1.3424587170E-001
    0.000000    0.000000   -1.575000    1.927333  -1.3482810696E-001
    0.000000    0.000000   -1.572667    1.929667  -1.3541273156E-001
    0.000000    0.000000   -1.570333    1.932000  -1.3599974975E-001
    0.000000    0.000000   -1.568000    1.934333  -1.3658916582E-001
    0.000000    0.000000   -1.565667    1.936667  -1.3718098413E-001
    0.000000    0.000000   -1.563333    1.939000  -1.3777520907E-001
    0.000000    0.000000   -1.561000    1.941333  -1.3837184514E-001
    0.000000    0.000000   -1.558667    1.943667  -1.3897089689E-001
    0.000000    0.000000   -1.556333    1.946000  -1.3957236897E-001
    0.000000    0.000000   -1.554000    1.948333  -1.4017626613E-001
    0.000000    0.000000   -1.551667    1.950667  -1.4078259323E-001
    0.000000    0.000000   -1.549333    1.953000  -1.4139135523E-001
    0.000000    0.000000   -1.547000    1.955333  -1.4200255725E-001
    0.000000    0.000000   -1.544667    1.957667  -1.4261620451E-001
    0.000000    0.000000   -1.542333    1.960000  -1.4323230239E-001
    0.000000    0.000000   -1.540000    1.962333  -1.4385085646E-001
    0.000000    0.000000   -1.537667    1.964667  -1.4447187242E-001
    0.000000    0.000000   -1.535333    1.967000  -1.4509535617E-001
    0.000000    0.000000   -1.533000    1.969333  -1.4572131379E-001
    0.000000    0.000000   -1.530667    1.971667  -1.4634975160E-001
    0.000000    0.000000   -1.528333    1.974000  -1.4698067609E-001
    0.000000    0.000000   -1.526000    1.976333  -1.4761409400E-001
    0.000000    0.000000   -1.523667    1.978667  -1.4825001233E-001
    0.000000    0.000000   -1.521333    1.981000  -1.4888843830E-001
    0.000000    0.000000   -1.519000    1.983333  -1.4952937943E-001
    0.000000    0.000000   -1.516667    1.985667  -1.5017284348E-001
    0.000000    0.000000   -1.514333    1.988000  -1.5081883853E-001
    0.000000    0.000000   -1.512000    1.990333  -1.5146737297E-001
    0.000000    0.000000   -1.509667    1.992667  -1.5211845549E-001
    0.000000    0.000000   -1.507333    1.995000  -1.5277209513E-001
    0.000000    0.000000   -1.505000    1.997333  -1.5342830125E-001
    0.000000    0.000000   -1.502667    1.999667  -1.5408708359E-001
    0.000000    0.000000   -1.500333    2.002000  -1.5474845227E-001
    0.000000    0.000000   -1.498000    2.004333  -1.5541241776E-001
    0.000000    0.000000   -1.495667    2.006667  -1.5607899098E-001
    0.000000    0.000000   -1.493333    2.009000  -1.5674818322E-001
    0.000000    0.000000   -1.491000    2.011333  -1.5742000621E-001
    0.000000    0.000000   -1.488667    2.013667  -1.5809447214E-001
    0.000000    0.000000   -1.486333    2.016000  -1.5877159362E-001
    0.000000    0.000000   -1.484000    2.018333  -1.5945138376E-001
    0.000000    0.000000   -1.481667    2.020667  -1.6013385613E-001
    0.000000    0.000000   -1.479333    2.023000  -1.6081902481E-001
    0.000000    0.000000   -1.477000    2.025333  -1.6150690436E-001
    0.000000    0.000000   -1.474667    2.027667  -1.6219750989E-001
    0.000000    0.000000   -1.472333    2.030000  -1.6289085702E-001
    0.000000    0.000000   -1.470000    2.032333  -1.6358696192E-001
    0.000000    0.000000   -1.467667    2.034667  -1.6428584134E-001
    0.000000    0.000000   -1.465333    2.037000  -1.6498751255E-001
    0.000000    0.000000   -1.463000    2.039333  -1.6569199344E-001
    0.000000    0.000000   -1.460667    2.041667  -1.6639930247E-001
    0.000000    0.000000   -1.458333    2.044000  -1.6710945872E-001
    0.000000    0.000000   -1.456000    2.046333  -1.6782248185E-001
    0.000000    0.000000   -1.453667    2.048667  -1.6853839217E-001
    0.000000    0.000000   -1.451333    2.051000  -1.6925721060E-001
    0.000000    0.000000   -1.449000    2.053333  -1.6997895870E-001
    0.000000    0.000000   -1.446667    2.055667  -1.7070365869E-001
    0.000000    0.000000   -1.444333    2.058000  -1.7143133343E-001
    0.000000    0.000000   -1.442000    2.060333  -1.7216200644E-001
    0.000000    0.000000   -1.439667    2.062667  -1.7289570191E-001
    0.000000    0.000000   -1.437333    2.065000  -1.7363244470E-001
    0.000000    0.000000   -1.435000    2.067333  -1.7437226033E-001
    0.000000    0.000000   -1.432667    2.069667  -1.7511517501E-001
    0.000000    0.000000   -1.430333    2.072000  -1.7586121564E-001
    0.000000    0.000000   -1.428000    2.074333  -1.7661040979E-001
    0.000000    0.000000   -1.425667    2.076667  -1.7736278570E-001
    0.000000    0.000000   -1.423333    2.079000  -1.7811837232E-001
    0.000000    0.000000   -1.421000    2.081333  -1.7887719925E-001
    0.000000    0.000000   -1.418667    2.083667  -1.7963929680E-001
    0.000000    0.000000   -1.416333    2.086000  -1.8040469593E-001
    0.000000    0.000000   -1.414000    2.088333  -1.8117342828E-001
    0.000000    0.000000   -1.411667    2.090667  -1.8194552614E-001
    0.000000    0.000000   -1.409333    2.093000  -1.8272102247E-001
    0.000000    0.000000   -1.407000    2.095333  -1.8349995087E-001
    0.000000    0.000000   -1.404667    2.097667  -1.8428234558E-001
    0.000000    0.000000   -1.402333    2.100000  -1.8506824145E-001
    0.000000    0.000000   -1.400000    2.102333  -1.8585767396E-001
    0.000000    0.000000   -1.397667    2.104667  -1.8665067918E-001
    0.000000    0.000000   -1.395333    2.107000  -1.8744729377E-001
    0.000000    0.000000   -1.393000    2.109333  -1.8824755492E-001
    0.000000    0.000000   -1.390667    2.111667  -1.8905150040E-001
    0.000000    0.000000   -1.388333    2.114000  -1.8985916849E-001
    0.000000    0.000000   -1.386000    2.116333  -1.9067059796E-001
    0.000000    0.000000   -1.383667    2.118667  -1.9148582806E-001
    0.000000    0.000000   -1.381333    2.121000  -1.9230489851E-001
    0.000000    0.000000   -1.379000    2.123333  -1.9312784941E-001
    0.000000    0.000000   -1.376667    2.125667  -1.9395472129E-001
    0.000000    0.000000   -1.374333    2.128000  -1.9478555501E-001
    0.000000    0.000000   -1.372000    2.130333  -1.9562039177E-001
    0.000000    0.000000   -1.369667    2.132667  -1.9645927305E-001
    0.000000    0.000000   -1.367333    2.135000  -1.9730224059E-001
    0.000000    0.000000   -1.365000    2.137333  -1.9814933633E-001
    0.000000    0.000000   -1.362667    2.139667  -1.9900060240E-001
    0.000000    0.000000   -1.360333    2.142000  -1.9985608103E-001
    0.000000    0.000000   -1.358000    2.144333  -2.0071581454E-001
    0.000000    0.000000   -1.355667    2.146667  -2.0157984530E-001
    0.000000    0.000000   -1.353333    2.149000  -2.0244821563E-001
    0.000000    0.000000   -1.351000    2.151333  -2.0332096780E-001
    0.000000    0.000000   -1.348667    2.153667  -2.0419814395E-001
    0.000000    0.000000   -1.346333    2.156000  -2.0507978603E-001
    0.000000    0.000000   -1.344000    2.158333  -2.0596593577E-001
    0.000000    0.000000   -1.341667    2.160667  -2.0685663459E-001
    0.000000    0.000000   -1.339333    2.163000  -2.0775192353E-001
    0.000000    0.000000   -1.337000    2.165333  -2.0865184323E-001
    0.000000    0.000000   -1.334667    2.167667  -2.0955643381E-001
    0.000000    0.000000   -1.332333    2.170000  -2.1046573484E-001
    0.000000    0.000000   -1.330000    2.172333  -2.1137978526E-001
    0.000000    0.000000   -1.327667    2.174667  -2.1229862328E-001
    0.000000    0.000000   -1.325333    2.177000  -2.1322228636E-001
    0.000000    0.000000   -1.323000    2.179333  -2.1415081105E-001
    0.000000    0.000000   -1.320667    2.181667  -2.1508423301E-001
    0.000000    0.000000   -1.318333    2.184000  -2.1602258686E-001
    0.000000    0.000000   -1.316000    2.186333  -2.1696590612E-001
    0.000000    0.000000   -1.313667    2.188667  -2.1791422312E-001
    0.000000    0.000000   -1.311333    2.191000  -2.1886756891E-001
    0.000000    0.000000   -1.309000    2.193333  -2.1982597321E-001
    0.000000    0.000000   -1.306667    2.195667  -2.2078946426E-001
    0.000000    0.000000   -1.304333    2.198000  -2.2175806879E-001
    0.000000    0.000000   -1.302000    2.200333  -2.2273181189E-001
    0.000000    0.000000   -1.299667    2.202667  -2.2371071693E-001
    0.000000    0.000000   -1.297333    2.205000  -2.2469480546E-001
    0.000000    0.000000   -1.295000    2.207333  -2.2568409715E-001
    0.000000    0.000000   -1.292667    2.209667  -2.2667860964E-001
    0.000000    0.000000   -1.290333    2.212000  -2.2767835850E-001
    0.000000    0.000000   -1.288000    2.214333  -2.2868335709E-001
    0.000000    0.000000   -1.285667    2.216667  -2.2969361652E-001
    0.000000    0.000000   -1.283333    2.219000  -2.3070914549E-001
    0.000000    0.000000   -1.281000    2.221333  -2.3172995026E-001
    0.000000    0.000000   -1.278667    2.223667  -2.3275603451E-001
    0.000000    0.000000   -1.276333    2.226000  -2.3378739929E-001
    0.000000    0.000000   -1.274000    2.228333  -2.3482404290E-001
    0.000000    0.000000   -1.271667    2.230667  -2.3586596084E-001
    0.000000    0.000000   -1.269333    2.233000  -2.3691314568E-001
    0.000000    0.000000   -1.267000    2.235333  -2.3796558701E-001
    0.000000    0.000000   -1.264667    2.237667  -2.3902327138E-001
    0.000000    0.000000   -1.262333    2.240000  -2.4008618220E-001
    0.000000    0.000000   -1.260000    2.242333  -2.4115429969E-001
    0.000000    0.000000   -1.257667    2.244667  -2.4222760081E-001
    0.000000    0.000000   -1.255333    2.247000  -2.4330605923E-001
    0.000000    0.000000   -1.253000    2.249333  -2.4438964526E-001
    0.000000    0.000000   -1.250667    2.251667  -2.4547832583E-001
    0.000000    0.000000   -1.248333    2.254000  -2.4657206445E-001
    0.000000    0.000000   -1.246000    2.256333  -2.4767082124E-001
    0.000000    0.000000   -1.243667    2.258667  -2.4877455284E-001
    0.000000    0.000000   -1.241333    2.261000  -2.4988321252E-001
    0.000000    0.000000   -1.239000    2.263333  -2.5099675013E-001
    0.000000    0.000000   -1.236667    2.265667  -2.5211511217E-001
    0.000000    0.000000   -1.234333    2.268000  -2.5323824186E-001
    0.000000    0.000000   -1.232000    2.270333  -2.5436607919E-001
    0.000000    0.000000   -1.229667    2.272667  -2.5549856102E-001
    0.000000    0.000000   -1.227333    2.275000  -2.5663562122E-001
    0.000000    0.000000   -1.225000    2.277333  -2.5777719080E-001
    0.000000    0.000000   -1.222667    2.279667  -2.5892319809E-001
    0.000000    0.000000   -1.220333    2.282000  -2.6007356889E-001
    0.000000    0.000000   -1.218000    2.284333  -2.6122822678E-001
    0.000000    0.000000   -1.215667    2.286667  -2.6238709327E-001
    0.000000    0.000000   -1.213333    2.289000  -2.6355008818E-001
    0.000000    0.000000   -1.211000    2.291333  -2.6471712994E-001
    0.000000    0.000000   -1.208667    2.293667  -2.6588813589E-001
    0.000000    0.000000   -1.206333    2.296000  -2.6706302277E-001
    0.000000    0.000000   -1.204000    2.298333  -2.6824170710E-001
    0.000000    0.000000   -1.201667    2.300667  -2.6942410567E-001
    0.000000    0.000000   -1.199333    2.303000  -2.7061013606E-001
    0.000000    0.000000   -1.197000    2.305333  -2.7179971722E-001
    0.000000    0.000000   -1.194667    2.307667  -2.7299277006E-001
    0.000000    0.000000   -1.192333    2.310000  -2.7418921812E-001
    0.000000    0.000000   -1.190000    2.312333  -2.7538898825E-001
    0.000000    0.000000   -1.187667    2.314667  -2.7659201139E-001
    0.000000    0.000000   -1.185333    2.317000  -2.7779822331E-001
    0.000000    0.000000   -1.183000    2.319333  -2.7900756547E-001
    0.000000    0.000000   -1.180667    2.321667  -2.8021998589E-001
    0.000000    0.000000   -1.178333    2.324000  -2.8143544007E-001
    0.000000    0.000000   -1.176000    2.326333  -2.8265389191E-001
    0.000000    0.000000   -1.173667    2.328667  -2.8387531472E-001
    0.000000    0.000000   -1.171333    2.331000  -2.8509969222E-001
    0.000000    0.000000   -1.169000    2.333333  -2.8632701954E-001
    0.000000    0.000000   -1.166667    2.335667  -2.8755730433E-001
    0.000000    0.000000   -1.164333    2.338000  -2.8879056776E-001
    0.000000    0.000000   -1.162000    2.340333  -2.9002684558E-001
    0.000000    0.000000   -1.159667    2.342667  -2.9126618923E-001
    0.000000    0.000000   -1.157333    2.345000  -2.9250866678E-001
    0.000000    0.000000   -1.155000    2.347333  -2.9375436401E-001
    0.000000    0.000000   -1.152667    2.349667  -2.9500338533E-001
    0.000000    0.000000   -1.150333    2.352000  -2.9625585471E-001
    0.000000    0.000000   -1.148000    2.354333  -2.9751191648E-001
    0.000000    0.000000   -1.145667    2.356667  -2.9877173614E-001
    0.000000    0.000000   -1.143333    2.359000  -3.0003550097E-001
    0.000000    0.000000   -1.141000    2.361333  -3.0130342057E-001
    0.000000    0.000000   -1.138667    2.363667  -3.0257572731E-001
    0.000000    0.000000   -1.136333    2.366000  -3.0385267652E-001
    0.000000    0.000000   -1.134000    2.368333  -3.0513454660E-001
    0.000000    0.000000   -1.131667    2.370667  -3.0642163892E-001
    0.000000    0.000000   -1.129333    2.373000  -3.0771427750E-001
    0.000000    0.000000   -1.127000    2.375333  -3.0901280844E-001
    0.000000    0.000000   -1.124667    2.377667  -3.1031759913E-001
    0.000000    0.000000   -1.122333    2.380000  -3.1162903722E-001
    0.000000    0.000000   -1.120000    2.382333  -3.1294752925E-001
    0.000000    0.000000   -1.117667    2.384667  -3.1427349903E-001
    0.000000    0.000000   -1.115333    2.387000  -3.1560738564E-001
    0.000000    0.000000   -1.113000    2.389333  -3.1694964122E-001
    0.000000    0.000000   -1.110667    2.391667  -3.1830072825E-001
    0.000000    0.000000   -1.108333    2.394000  -3.1966111666E-001
    0.000000    0.000000   -1.106000    2.396333  -3.2103128044E-001
    0.000000    0.000000   -1.103667    2.398667  -3.2241169397E-001
    0.000000    0.000000   -1.101333    2.401000  -3.2380282799E-001
    0.000000    0.000000   -1.099000    2.403333  -3.2520514511E-001
    0.000000    0.000000   -1.096667    2.405667  -3.2661909513E-001
    0.000000    0.000000   -1.094333    2.408000  -3.2804510987E-001
    0.000000    0.000000   -1.092000    2.410333  -3.2948359773E-001
    0.000000    0.000000   -1.089667    2.412667  -3.3093493800E-001
    0.000000    0.000000   -1.087333    2.415000  -3.3239947473E-001
    0.000000    0.000000   -1.085000    2.417333  -3.3387751051E-001
    0.000000    0.000000   -1.082667    2.419667  -3.3536929990E-001
    0.000000    0.000000   -1.080333    2.422000  -3.3687504275E-001
    0.000000    0.000000   -1.078000    2.424333  -3.3839487732E-001
    0.000000    0.000000   -1.075667    2.426667  -3.3992887334E-001
    0.000000    0.000000   -1.073333    2.429000  -3.4147702497E-001
    0.000000    0.000000   -1.071000    2.431333  -3.4303924385E-001
    0.000000    0.000000   -1.068667    2.433667  -3.4461535213E-001
    0.000000    0.000000   -1.066333    2.436000  -3.4620507567E-001
    0.000000    0.000000   -1.064000    2.438333  -3.4780803744E-001
    0.000000    0.000000   -1.061667    2.440667  -3.4942375119E-001
    0.000000    0.000000   -1.059333    2.443000  -3.5105161540E-001
    0.000000    0.000000   -1.057000    2.445333  -3.5269090770E-001
    0.000000    0.000000   -1.054667    2.447667  -3.5434077976E-001
    0.000000    0.000000   -1.052333    2.450000  -3.5600025266E-001
    0.000000    0.000000   -1.050000    2.452333  -3.5766821300E-001
    0.000000    0.000000   -1.047667    2.454667  -3.5934340959E-001
    0.000000    0.000000   -1.045333    2.457000  -3.6102445097E-001
    0.000000    0.000000   -1.043000    2.459333  -3.6270980373E-001
    0.000000    0.000000   -1.040667    2.461667  -3.6439779171E-001
    0.000000    0.000000   -1.038333    2.464000  -3.6608659614E-001
    0.000000    0.000000   -1.036000    2.466333  -3.6777425676E-001
    0.000000    0.000000   -1.033667    2.468667  -3.6945867399E-001
    0.000000    0.000000   -1.031333    2.471000  -3.7113761212E-001
    0.000000    0.000000   -1.029000    2.473333  -3.7280870361E-001
    0.000000    0.000000   -1.026667    2.475667  -3.7446945449E-001
    0.000000    0.000000   -1.024333    2.478000  -3.7611725087E-001
    0.000000    0.000000   -1.022000    2.480333  -3.7774936656E-001
    0.000000    0.000000   -1.019667    2.482667  -3.7936297171E-001
    0.000000    0.000000   -1.017333    2.485000  -3.8095514265E-001
    0.000000    0.000000   -1.015000    2.487333  -3.8252287264E-001
    0.000000    0.000000   -1.012667    2.489667  -3.8406308364E-001
    0.000000    0.000000   -1.010333    2.492000  -3.8557263902E-001
    0.000000    0.000000   -1.008000    2.494333  -3.8704835708E-001
    0.000000    0.000000   -1.005667    2.496667  -3.8848702544E-001
    0.000000    0.000000   -1.003333    2.499000  -3.8988541597E-001
    0.000000    0.000000   -1.001000    2.501333  -3.9124030047E-001
    0.000000    0.000000   -0.998667    2.503667  -3.9254846669E-001
    0.000000    0.000000   -0.996333    2.506000  -3.9380673480E-001
    0.000000    0.000000   -0.994000    2.508333  -3.9501197413E-001
    0.000000    0.000000   -0.991667    2.510667  -3.9616111991E-001
    0.000000    0.000000   -0.989333    2.513000  -3.9725119016E-001
    0.000000    0.000000   -0.987000    2.515333  -3.9827930231E-001
    0.000000    0.000000   -0.984667    2.517667  -3.9924268960E-001
    0.000000    0.000000   -0.982333    2.520000  -4.0013871707E-001
    0.000000    0.000000   -0.980000    2.522333  -4.0096489701E-001
    0.000000    0.000000   -0.977667    2.524667  -4.0171890369E-001
    0.000000    0.000000   -0.975333    2.527000  -4.0239858734E-001
    0.000000    0.000000   -0.973000    2.529333  -4.0300198716E-001
    0.000000    0.000000   -0.970667    2.531667  -4.0352734333E-001
    0.000000    0.000000   -0.968333    2.534000  -4.0397310789E-001
    0.000000    0.000000   -0.966000    2.536333  -4.0433795429E-001
    0.000000    0.000000   -0.963667    2.538667  -4.0462078571E-001
    0.000000    0.000000   -0.961333    2.541000  -4.0482074193E-001
    0.000000    0.000000   -0.959000    2.543333  -4.0493720473E-001
    0.000000    0.000000   -0.956667    2.545667  -4.0496980183E-001
    0.000000    0.000000   -0.954333    2.548000  -4.0491840920E-001
    0.000000    0.000000   -0.952000    2.550333  -4.0478315182E-001
    0.000000    0.000000   -0.949667    2.552667  -4.0456440296E-001
    0.000000    0.000000   -0.947333    2.555000  -4.0426278174E-001
    0.000000    0.000000   -0.945000    2.557333  -4.0387914920E-001
    0.000000    0.000000   -0.942667    2.559667  -4.0341460294E-001
    0.000000    0.000000   -0.940333    2.562000  -4.0287047015E-001
    0.000000    0.000000   -0.938000    2.564333  -4.0224829934E-001
    0.000000    0.000000   -0.935667    2.566667  -4.0154985069E-001
    0.000000    0.000000   -0.933333    2.569000  -4.0077708525E-001
    0.000000    0.000000   -0.931000    2.571333  -3.9993215282E-001
    0.000000    0.000000   -0.928667    2.573667  -3.9901737902E-001
    0.000000    0.000000   -0.926333    2.576000  -3.9803525123E-001
    0.000000    0.000000   -0.924000    2.578333  -3.9698840386E-001
    0.000000    0.000000   -0.921667    2.580667  -3.9587960292E-001
    0.000000    0.000000   -0.919333    2.583000  -3.9471172999E-001
    0.000000    0.000000   -0.917000    2.585333  -3.9348776585E-001
    0.000000    0.000000   -0.914667    2.587667  -3.9221077383E-001
    0.000000    0.000000   -0.912333    2.590000  -3.9088388293E-001
    0.000000    0.000000   -0.910000    2.592333  -3.8951027107E-001
    0.000000    0.000000   -0.907667    2.594667  -3.8809314837E-001
    0.000000    0.000000   -0.905333    2.597000  -3.8663574068E-001
    0.000000    0.000000   -0.903000    2.599333  -3.8514127354E-001
    0.000000    0.000000   -0.900667    2.601667  -3.8361295658E-001
    0.000000    0.000000   -0.898333    2.604000  -3.8205396849E-001
    0.000000    0.000000   -0.896000    2.606333  -3.8046744273E-001
    0.000000    0.000000   -0.893667    2.608667  -3.7885645398E-001
    0.000000    0.000000   -0.891333    2.611000  -3.7722400547E-001
    0.000000    0.000000   -0.889000    2.613333  -3.7557301720E-001
    0.000000    0.000000   -0.886667    2.615667  -3.7390631518E-001
    0.000000    0.000000   -0.884333    2.618000  -3.7222662168E-001
    0.000000    0.000000   -0.882000    2.620333  -3.7053654654E-001
    0.000000    0.000000   -0.879667    2.622667  -3.6883857959E-001
    0.000000    0.000000   -0.877333    2.625000  -3.6713508413E-001
    0.000000    0.000000   -0.875000    2.627333  -3.6542829159E-001
    0.000000    0.000000   -0.872667    2.629667  -3.6372029723E-001
    0.000000    0.000000   -0.870333    2.632000  -3.6201305693E-001
    0.000000    0.000000   -0.868000    2.634333  -3.6030838507E-001
    0.000000    0.000000   -0.865667    2.636667  -3.5860795343E-001
    0.000000    0.000000   -0.863333    2.639000  -3.5691329102E-001
    0.000000    0.000000   -0.861000    2.641333  -3.5522578495E-001
    0.000000    0.000000   -0.858667    2.643667  -3.5354668206E-001
    0.000000    0.000000   -0.856333    2.646000  -3.5187709147E-001
    0.000000    0.000000   -0.854000    2.648333  -3.5021798786E-001
    0.000000    0.000000   -0.851667    2.650667  -3.4857021539E-001
    0.000000    0.000000   -0.849333    2.653000  -3.4693449232E-001
    0.000000    0.000000   -0.847000    2.655333  -3.4531141613E-001
    0.000000    0.000000   -0.844667    2.657667  -3.4370146914E-001
    0.000000    0.000000   -0.842333    2.660000  -3.4210502452E-001
    0.000000    0.000000   -0.840000    2.662333  -3.4052235261E-001
    0.000000    0.000000   -0.837667    2.664667  -3.3895362760E-001
    0.000000    0.000000   -0.835333    2.667000  -3.3739893427E-001
    0.000000    0.000000   -0.833000    2.669333  -3.3585827495E-001
    0.000000    0.000000   -0.830667    2.671667  -3.3433157654E-001
    0.000000    0.000000   -0.828333    2.674000  -3.3281869747E-001
    0.000000    0.000000   -0.826000    2.676333  -3.3131943469E-001
    0.000000    0.000000   -0.823667    2.678667  -3.2983353050E-001
    0.000000    0.000000   -0.821333    2.681000  -3.2836067931E-001
    0.000000    0.000000   -0.819000    2.683333  -3.2690053410E-001
    0.000000    0.000000   -0.816667    2.685667  -3.2545271273E-001
    0.000000    0.000000   -0.814333    2.688000  -3.2401680400E-001
    0.000000    0.000000   -0.812000    2.690333  -3.2259237336E-001
    0.000000    0.000000   -0.809667    2.692667  -3.2117896837E-001
    0.000000    0.000000   -0.807333    2.695000  -3.1977612379E-001
    0.000000    0.000000   -0.805000    2.697333  -3.1838336636E-001
    0.000000    0.000000   -0.802667    2.699667  -3.1700021918E-001
    0.000000    0.000000   -0.800333    2.702000  -3.1562620581E-001
    0.000000    0.000000   -0.798000    2.704333  -3.1426085390E-001
    0.000000    0.000000   -0.795667    2.706667  -3.1290369855E-001
    0.000000    0.000000   -0.793333    2.709000  -3.1155428527E-001
    0.000000    0.000000   -0.791000    2.711333  -3.1021217261E-001
    0.000000    0.000000   -0.788667    2.713667  -3.0887693441E-001
    0.000000    0.000000   -0.786333    2.716000  -3.0754816180E-001
    0.000000    0.000000   -0.784000    2.718333  -3.0622546478E-001
    0.000000    0.000000   -0.781667    2.720667  -3.0490847362E-001
    0.000000    0.000000   -0.779333    2.723000  -3.0359683984E-001
    0.000000    0.000000   -0.777000    2.725333  -3.0229023706E-001
    0.000000    0.000000   -0.774667    2.727667  -3.0098836153E-001
    0.000000    0.000000   -0.772333    2.730000  -2.9969093242E-001
    0.000000    0.000000   -0.770000    2.732333  -2.9839769194E-001
    0.000000    0.000000   -0.767667    2.734667  -2.9710840526E-001
    0.000000    0.000000   -0.765333    2.737000  -2.9582286025E-001
    0.000000    0.000000   -0.763000    2.739333  -2.9454086708E-001
    0.000000    0.000000   -0.760667    2.741667  -2.9326225767E-001
    0.000000    0.000000   -0.758333    2.744000  -2.9198688502E-001
    0.000000    0.000000   -0.756000    2.746333  -2.9071462248E-001
    0.000000    0.000000   -0.753667    2.748667  -2.8944536290E-001
    0.000000    0.000000   -0.751333    2.751000  -2.8817901770E-001
    0.000000    0.000000   -0.749000    2.753333  -2.8691551595E-001
    0.000000    0.000000   -0.746667    2.755667  -2.8565480333E-001
    0.000000    0.000000   -0.744333    2.758000  -2.8439684109E-001
    0.000000    0.000000   -0.742000    2.760333  -2.8314160504E-001
    0.000000    0.000000   -0.739667    2.762667  -2.8188908445E-001
    0.000000    0.000000   -0.737333    2.765000  -2.8063928101E-001
    0.000000    0.000000   -0.735000    2.767333  -2.7939220780E-001
    0.000000    0.000000   -0.732667    2.769667  -2.7814788821E-001
    0.000000    0.000000   -0.730333    2.772000  -2.7690635499E-001
    0.000000    0.000000   -0.728000    2.774333  -2.7566764920E-001
    0.000000    0.000000   -0.725667    2.776667  -2.7443181932E-001
    0.000000    0.000000   -0.723333    2.779000  -2.7319892033E-001
    0.000000    0.000000   -0.721000    2.781333  -2.7196901281E-001
    0.000000    0.000000   -0.718667    2.783667  -2.7074216210E-001
    0.000000    0.000000   -0.716333    2.786000  -2.6951843755E-001
    0.000000    0.000000   -0.714000    2.788333  -2.6829791176E-001
    0.000000    0.000000   -0.711667    2.790667  -2.6708065987E-001
    0.000000    0.000000   -0.709333    2.793000  -2.6586675890E-001
    0.000000    0.000000   -0.707000    2.795333  -2.6465628715E-001
    0.000000    0.000000   -0.704667    2.797667  -2.6344932366E-001
    0.000000    0.000000   -0.702333    2.800000  -2.6224594761E-001
    0.000000    0.000000   -0.700000    2.802333  -2.6104623795E-001
    0.000000    0.000000   -0.697667    2.804667  -2.5985027285E-001
    0.000000    0.000000   -0.695333    2.807000  -2.5865812938E-001
    0.000000    0.000000   -0.693000    2.809333  -2.5746988311E-001
    0.000000    0.000000   -0.690667    2.811667  -2.5628560781E-001
    0.000000    0.000000   -0.688333    2.814000  -2.5510537513E-001
    0.000000    0.000000   -0.686000    2.816333  -2.5392925437E-001
    0.000000    0.000000   -0.683667    2.818667  -2.5275731222E-001
    0.000000    0.000000   -0.681333    2.821000  -2.5158961262E-001
    0.000000    0.000000   -0.679000    2.823333  -2.5042621653E-001
    0.000000    0.000000   -0.676667    2.825667  -2.4926718182E-001
    0.000000    0.000000   -0.674333    2.828000  -2.4811256313E-001
    0.000000    0.000000   -0.672000    2.830333  -2.4696241180E-001
    0.000000    0.000000   -0.669667    2.832667  -2.4581677577E-001
    0.000000    0.000000   -0.667333    2.835000  -2.4467569951E-001
    0.000000    0.000000   -0.665000    2.837333  -2.4353922401E-001
    0.000000    0.000000   -0.662667    2.839667  -2.4240738673E-001
    0.000000    0.000000   -0.660333    2.842000  -2.4128022160E-001
    0.000000    0.000000   -0.658000    2.844333  -2.4015775900E-001
    0.000000    0.000000   -0.655667    2.846667  -2.3904002581E-001
    0.000000    0.000000   -0.653333    2.849000  -2.3792704542E-001
    0.000000    0.000000   -0.651000    2.851333  -2.3681883774E-001
    0.000000    0.000000   -0.648667    2.853667  -2.3571541926E-001
    0.000000    0.000000   -0.646333    2.856000  -2.3461680313E-001
    0.000000    0.000000   -0.644000    2.858333  -2.3352299916E-001
    0.000000    0.000000   -0.641667    2.860667  -2.3243401393E-001
    0.000000    0.000000   -0.639333    2.863000  -2.3134985085E-001
    0.000000    0.000000   -0.637000    2.865333  -2.3027051019E-001
    0.000000    0.000000   -0.634667    2.867667  -2.2919598924E-001
    0.000000    0.000000   -0.632333    2.870000  -2.2812628231E-001
    0.000000    0.000000   -0.630000    2.872333  -2.2706138087E-001
    0.000000    0.000000   -0.627667    2.874667  -2.2600127360E-001
    0.000000    0.000000   -0.625333    2.877000  -2.2494594651E-001
    0.000000    0.000000   -0.623000    2.879333  -2.2389538301E-001
    0.000000    0.000000   -0.620667    2.881667  -2.2284956399E-001
    0.000000    0.000000   -0.618333    2.884000  -2.2180846794E-001
    0.000000    0.000000   -0.616000    2.886333  -2.2077207104E-001
    0.000000    0.000000   -0.613667    2.888667  -2.1974034723E-001
    0.000000    0.000000   -0.611333    2.891000  -2.1871326831E-001
    0.000000    0.000000   -0.609000    2.893333  -2.1769080406E-001
    0.000000    0.000000   -0.606667    2.895667  -2.1667292229E-001
    0.000000    0.000000   -0.604333    2.898000  -2.1565958898E-001
    0.000000    0.000000   -0.602000    2.900333  -2.1465076832E-001
    0.000000    0.000000   -0.599667    2.902667  -2.1364642283E-001
    0.000000    0.000000   -0.597333    2.905000  -2.1264651345E-001
    0.000000    0.000000   -0.595000    2.907333  -2.1165099962E-001
    0.000000    0.000000   -0.592667    2.909667  -2.1065983937E-001
    0.000000    0.000000   -0.590333    2.912000  -2.0967298940E-001
    0.000000    0.000000   -0.588000    2.914333  -2.0869040515E-001
    0.000000    0.000000   -0.585667    2.916667  -2.0771204093E-001
    0.000000    0.000000   -0.583333    2.919000  -2.0673784995E-001
    0.000000    0.000000   -0.581000    2.921333  -2.0576778441E-001
    0.000000    0.000000   -0.578667    2.923667  -2.0480179560E-001
    0.000000    0.000000   -0.576333    2.926000  -2.0383983395E-001
    0.000000    0.000000   -0.574000    2.928333  -2.0288184910E-001
    0.000000    0.000000   -0.571667    2.930667  -2.0192779000E-001
    0.000000    0.000000   -0.569333    2.933000  -2.0097760494E-001
    0.000000    0.000000   -0.567000    2.935333  -2.0003124167E-001
    0.000000    0.000000   -0.564667    2.937667  -1.9908864739E-001
    0.000000    0.000000   -0.562333    2.940000  -1.9814976890E-001
    0.000000    0.000000   -0.560000    2.942333  -1.9721455257E-001
    0.000000    0.000000   -0.557667    2.944667  -1.9628294449E-001
    0.000000    0.000000   -0.555333    2.947000  -1.9535489044E-001
    0.000000    0.000000   -0.553000    2.949333  -1.9443033602E-001
    0.000000    0.000000   -0.550667    2.951667  -1.9350922664E-001
    0.000000    0.000000   -0.548333    2.954000  -1.9259150763E-001
    0.000000    0.000000   -0.546000    2.956333  -1.9167712423E-001
    0.000000    0.000000   -0.543667    2.958667  -1.9076602169E-001
    0.000000    0.000000   -0.541333    2.961000  -1.8985814526E-001
    0.000000    0.000000   -0.539000    2.963333  -1.8895344028E-001
    0.000000    0.000000   -0.536667    2.965667  -1.8805185221E-001
    0.000000    0.000000   -0.534333    2.968000  -1.8715332664E-001
    0.000000    0.000000   -0.532000    2.970333  -1.8625780937E-001
    0.000000    0.000000   -0.529667    2.972667  -1.8536524639E-001
    0.000000    0.000000   -0.527333    2.975000  -1.8447558399E-001
    0.000000    0.000000   -0.525000    2.977333  -1.8358876871E-001
    0.000000    0.000000   -0.522667    2.979667  -1.8270474743E-001
    0.000000    0.000000   -0.520333    2.982000  -1.8182346735E-001
    0.000000    0.000000   -0.518000    2.984333  -1.8094487607E-001
    0.000000    0.000000   -0.515667    2.986667  -1.8006892155E-001
    0.000000    0.000000   -0.513333    2.989000  -1.7919555220E-001
    0.000000    0.000000   -0.511000    2.991333  -1.7832471684E-001
    0.000000    0.000000   -0.508667    2.993667  -1.7745636477E-001
    0.000000    0.000000   -0.506333    2.996000  -1.7659044576E-001
    0.000000    0.000000   -0.504000    2.998333  -1.7572691006E-001
    0.000000    0.000000   -0.501667    3.000667  -1.7486570843E-001
    0.000000    0.000000   -0.499333    3.003000  -1.7400679217E-001
    0.000000    0.000000   -0.497000    3.005333  -1.7315011309E-001
    0.000000    0.000000   -0.494667    3.007667  -1.7229562355E-001
    0.000000    0.000000   -0.492333    3.010000  -1.7144327648E-001
    0.000000    0.000000   -0.490000    3.012333  -1.7059302535E-001
    0.000000    0.000000   -0.487667    3.014667  -1.6974482421E-001
    0.000000    0.000000   -0.485333    3.017000  -1.6889862769E-001
    0.000000    0.000000   -0.483000    3.019333  -1.6805439099E-001
    0.000000    0.000000   -0.480667    3.021667  -1.6721206990E-001
    0.000000    0.000000   -0.478333    3.024000  -1.6637162081E-001
    0.000000    0.000000   -0.476000    3.026333  -1.6553300069E-001
    0.000000    0.000000   -0.473667    3.028667  -1.6469616710E-001
    0.000000    0.000000   -0.471333    3.031000  -1.6386107820E-001
    0.000000    0.000000   -0.469000    3.033333  -1.6302769273E-001
    0.000000    0.000000   -0.466667    3.035667  -1.6219597004E-001
    0.000000    0.000000   -0.464333    3.038000  -1.6136587006E-001
    0.000000    0.000000   -0.462000    3.040333  -1.6053735329E-001
    0.000000    0.000000   -0.459667    3.042667  -1.5971038084E-001
    0.000000    0.000000   -0.457333    3.045000  -1.5888491439E-001
    0.000000    0.000000   -0.455000    3.047333  -1.5806091619E-001
    0.000000    0.000000   -0.452667    3.049667  -1.5723834906E-001
    0.000000    0.000000   -0.450333    3.052000  -1.5641717639E-001
    0.000000    0.000000   -0.448000    3.054333  -1.5559736213E-001
    0.000000    0.000000   -0.445667    3.056667  -1.5477887077E-001
    0.000000    0.000000   -0.443333    3.059000  -1.5396166737E-001
    0.000000    0.000000   -0.441000    3.061333  -1.5314571750E-001
    0.000000    0.000000   -0.438667    3.063667  -1.5233098727E-001
    0.000000    0.000000   -0.436333    3.066000  -1.5151744333E-001
    0.000000    0.000000   -0.434000    3.068333  -1.5070505283E-001
    0.000000    0.000000   -0.431667    3.070667  -1.4989378342E-001
    0.000000    0.000000   -0.429333    3.073000  -1.4908360327E-001
    0.000000    0.000000   -0.427000    3.075333  -1.4827448103E-001
    0.000000    0.000000   -0.424667    3.077667  -1.4746638582E-001
    0.000000    0.000000   -0.422333    3.080000  -1.4665928725E-001
    0.000000    0.000000   -0.420000    3.082333  -1.4585315538E-001
    0.000000    0.000000   -0.417667    3.084667  -1.4504796075E-001
    0.000000    0.000000   -0.415333    3.087000  -1.4424367430E-001
    0.000000    0.000000   -0.413000    3.089333  -1.4344026746E-001
    0.000000    0.000000   -0.410667    3.091667  -1.4263771205E-001
    0.000000    0.000000   -0.408333    3.094000  -1.4183598031E-001
    0.000000    0.000000   -0.406000    3.096333  -1.4103504491E-001
    0.000000    0.000000   -0.403667    3.098667  -1.4023487892E-001
    0.000000    0.000000   -0.401333    3.101000  -1.3943545577E-001
    0.000000    0.000000   -0.399000    3.103333  -1.3863674931E-001
    0.000000    0.000000   -0.396667    3.105667  -1.3783873374E-001
    0.000000    0.000000   -0.394333    3.108000  -1.3704138364E-001
    0.000000    0.000000   -0.392000    3.110333  -1.3624467393E-001
    0.000000    0.000000   -0.389667    3.112667  -1.3544857991E-001
    0.000000    0.000000   -0.387333    3.115000  -1.3465307718E-001
    0.000000    0.000000   -0.385000    3.117333  -1.3385814171E-001
    0.000000    0.000000   -0.382667    3.119667  -1.3306374978E-001
    0.000000    0.000000   -0.380333    3.122000  -1.3226987797E-001
    0.000000    0.000000   -0.378000    3.124333  -1.3147650320E-001
    0.000000    0.000000   -0.375667    3.126667  -1.3068360268E-001
    0.000000    0.000000   -0.373333    3.129000  -1.2989115392E-001
    0.000000    0.000000   -0.371000    3.131333  -1.2909913471E-001
    0.000000    0.000000   -0.368667    3.133667  -1.2830752313E-001
    0.000000    0.000000   -0.366333    3.136000  -1.2751629753E-001
    0.000000    0.000000   -0.364000    3.138333  -1.2672543655E-001
    0.000000    0.000000   -0.361667    3.140667  -1.2593491908E-001
    0.000000    0.000000   -0.359333    3.143000  -1.2514472427E-001
    0.000000    0.000000   -0.357000    3.145333  -1.2435483152E-001
    0.000000    0.000000   -0.354667    3.147667  -1.2356522049E-001
    0.000000    0.000000   -0.352333    3.150000  -1.2277587109E-001
    0.000000    0.000000   -0.350000    3.152333  -1.2198676344E-001
    0.000000    0.000000   -0.347667    3.154667  -1.2119787794E-001
    0.000000    0.000000   -0.345333    3.157000  -1.2040919518E-001
    0.000000    0.000000   -0.343000    3.159333  -1.1962069600E-001
    0.000000    0.000000   -0.340667    3.161667  -1.1883236147E-001
    0.000000    0.000000   -0.338333    3.164000  -1.1804417286E-001
    0.000000    0.000000   -0.336000    3.166333  -1.1725611169E-001
    0.000000    0.000000   -0.333667    3.168667  -1.1646815966E-001
    0.000000    0.000000   -0.331333    3.171000  -1.1568029871E-001
    0.000000    0.000000   -0.329000    3.173333  -1.1489251098E-001
    0.000000    0.000000   -0.326667    3.175667  -1.1410477882E-001
    0.000000    0.000000   -0.324333    3.178000  -1.1331708479E-001
    0.000000    0.000000   -0.322000    3.180333  -1.1252941165E-001
    0.000000    0.000000   -0.319667    3.182667  -1.1174174238E-001
    0.000000    0.000000   -0.317333    3.185000  -1.1095406013E-001
    0.000000    0.000000   -0.315000    3.187333  -1.1016634829E-001
    0.000000    0.000000   -0.312667    3.189667  -1.0937859044E-001
    0.000000    0.000000   -0.310333    3.192000  -1.0859077034E-001
    0.000000    0.000000   -0.308000    3.194333  -1.0780287198E-001
    0.000000    0.000000   -0.305667    3.196667  -1.0701487953E-001
    0.000000    0.000000   -0.303333    3.199000  -1.0622677739E-001
    0.000000    0.000000   -0.301000    3.201333  -1.0543855012E-001
    0.000000    0.000000   -0.298667    3.203667  -1.0465018250E-001
    0.000000    0.000000   -0.296333    3.206000  -1.0386165954E-001
    0.000000    0.000000   -0.294000    3.208333  -1.0307296640E-001
    0.000000    0.000000   -0.291667    3.210667  -1.0228408849E-001
    0.000000    0.000000   -0.289333    3.213000  -1.0149501140E-001
    0.000000    0.000000   -0.287000    3.215333  -1.0070572094E-001
    0.000000    0.000000   -0.284667    3.217667  -9.9916203106E-002
    0.000000    0.000000   -0.282333    3.220000  -9.9126444129E-002
    0.000000    0.000000   -0.280000    3.222333  -9.8336430437E-002
    0.000000    0.000000   -0.277667    3.224667  -9.7546148672E-002
    0.000000    0.000000   -0.275333    3.227000  -9.6755585692E-002
    0.000000    0.000000   -0.273000    3.229333  -9.5964728569E-002
    0.000000    0.000000   -0.270667    3.231667  -9.5173564594E-002
    0.000000    0.000000   -0.268333    3.234000  -9.4382081278E-002
    0.000000    0.000000   -0.266000    3.236333  -9.3590266355E-002
    0.000000    0.000000   -0.263667    3.238667  -9.2798107782E-002
    0.000000    0.000000   -0.261333    3.241000  -9.2005593745E-002
    0.000000    0.000000   -0.259000    3.243333  -9.1212712657E-002
    0.000000    0.000000   -0.256667    3.245667  -9.0419453164E-002
    0.000000    0.000000   -0.254333    3.248000  -8.9625804145E-002
    0.000000    0.000000   -0.252000    3.250333  -8.8831754718E-002
    0.000000    0.000000   -0.249667    3.252667  -8.8037294236E-002
    0.000000    0.000000   -0.247333    3.255000  -8.7242412297E-002
    0.000000    0.000000   -0.245000    3.257333  -8.6447098743E-002
    0.000000    0.000000   -0.242667    3.259667  -8.5651343661E-002
    0.000000    0.000000   -0.240333    3.262000  -8.4855137388E-002
    0.000000    0.000000   -0.238000    3.264333  -8.4058470514E-002
    0.000000    0.000000   -0.235667    3.266667  -8.3261333883E-002
    0.000000    0.000000   -0.233333    3.269000  -8.2463718596E-002
    0.000000    0.000000   -0.231000    3.271333  -8.1665616013E-002
    0.000000    0.000000   -0.228667    3.273667  -8.0867017757E-002
    0.000000    0.000000   -0.226333    3.276000  -8.0067915717E-002
    0.000000    0.000000   -0.224000    3.278333  -7.9268302046E-002
    0.000000    0.000000   -0.221667    3.280667  -7.8468169170E-002
    0.000000    0.000000   -0.219333    3.283000  -7.7667509784E-002
    0.000000    0.000000   -0.217000    3.285333  -7.6866316860E-002
    0.000000    0.000000   -0.214667    3.287667  -7.6064583646E-002
    0.000000    0.000000   -0.212333    3.290000  -7.5262303668E-002
    0.000000    0.000000   -0.210000    3.292333  -7.4459470734E-002
    0.000000    0.000000   -0.207667    3.294667  -7.3656078933E-002
    0.000000    0.000000   -0.205333    3.297000  -7.2852122643E-002
    0.000000    0.000000   -0.203000    3.299333  -7.2047596527E-002
    0.000000    0.000000   -0.200667    3.301667  -7.1242495535E-002
    0.000000    0.000000   -0.198333    3.304000  -7.0436814913E-002
    0.000000    0.000000   -0.196000    3.306333  -6.9630550194E-002
    0.000000    0.000000   -0.193667    3.308667  -6.8823697208E-002
    0.000000    0.000000   -0.191333    3.311000  -6.8016252080E-002
    0.000000    0.000000   -0.189000    3.313333  -6.7208211233E-002
    0.000000    0.000000   -0.186667    3.315667  -6.6399571387E-002
    0.000000    0.000000   -0.184333    3.318000  -6.5590329562E-002
    0.000000    0.000000   -0.182000    3.320333  -6.4780483077E-002
    0.000000    0.000000   -0.179667    3.322667  -6.3970029555E-002
    0.000000    0.000000   -0.177333    3.325000  -6.3158966920E-002
    0.000000    0.000000   -0.175000    3.327333  -6.2347293400E-002
    0.000000    0.000000   -0.172667    3.329667  -6.1535007525E-002
    0.000000    0.000000   -0.170333    3.332000  -6.0722108130E-002
    0.000000    0.000000   -0.168000    3.334333  -5.9908594355E-002
    0.000000    0.000000   -0.165667    3.336667  -5.9094465644E-002
    0.000000    0.000000   -0.163333    3.339000  -5.8279721747E-002
    0.000000    0.000000   -0.161000    3.341333  -5.7464362716E-002
    0.000000    0.000000   -0.158667    3.343667  -5.6648388910E-002
    0.000000    0.000000   -0.156333    3.346000  -5.5831800991E-002
    0.000000    0.000000   -0.154000    3.348333  -5.5014599925E-002
    0.000000    0.000000   -0.151667    3.350667  -5.4196786981E-002
    0.000000    0.000000   -0.149333    3.353000  -5.3378363731E-002
    0.000000    0.000000   -0.147000    3.355333  -5.2559332045E-002
    0.000000    0.000000   -0.144667    3.357667  -5.1739694099E-002
    0.000000    0.000000   -0.142333    3.360000  -5.0919452362E-002
    0.000000    0.000000   -0.140000    3.362333  -5.0098609605E-002
    0.000000    0.000000   -0.137667    3.364667  -4.9277168893E-002
    0.000000    0.000000   -0.135333    3.367000  -4.8455133586E-002
    0.000000    0.000000   -0.133000    3.369333  -4.7632507338E-002
    0.000000    0.000000   -0.130667    3.371667  -4.6809294092E-002
    0.000000    0.000000   -0.128333    3.374000  -4.5985498080E-002
    0.000000    0.000000   -0.126000    3.376333  -4.5161123821E-002
    0.000000    0.000000   -0.123667    3.378667  -4.4336176118E-002
    0.000000    0.000000   -0.121333    3.381000  -4.3510660055E-002
    0.000000    0.000000   -0.119000    3.383333  -4.2684580996E-002
    0.000000    0.000000   -0.116667    3.385667  -4.1857944580E-002
    0.000000    0.000000   -0.114333    3.388000  -4.1030756718E-002
    0.000000    0.000000   -0.112000    3.390333  -4.0203023595E-002
    0.000000    0.000000   -0.109667    3.392667  -3.9374751658E-002
    0.000000    0.000000   -0.107333    3.395000  -3.8545947621E-002
    0.000000    0.000000   -0.105000    3.397333  -3.7716618457E-002
    0.000000    0.000000   -0.102667    3.399667  -3.6886771396E-002
    0.000000    0.000000   -0.100333    3.402000  -3.6056413919E-002
    0.000000    0.000000   -0.098000    3.404333  -3.5225553759E-002
    0.000000    0.000000   -0.095667    3.406667  -3.4394198891E-002
    0.000000    0.000000   -0.093333    3.409000  -3.3562357534E-002
    0.000000    0.000000   -0.091000    3.411333  -3.2730038141E-002
    0.000000    0.000000   -0.088667    3.413667  -3.1897249400E-002
    0.000000    0.000000   -0.086333    3.416000  -3.1064000228E-002
    0.000000    0.000000   -0.084000    3.418333  -3.0230299762E-002
    0.000000    0.000000   -0.081667    3.420667  -2.9396157364E-002
    0.000000    0.000000   -0.079333    3.423000  -2.8561582607E-002
    0.000000    0.000000   -0.077000    3.425333  -2.7726585276E-002
    0.000000    0.000000   -0.074667    3.427667  -2.6891175361E-002
    0.000000    0.000000   -0.072333    3.430000  -2.6055363052E-002
    0.000000    0.000000   -0.070000    3.432333  -2.5219158736E-002
    0.000000    0.000000   -0.067667    3.434667  -2.4382572991E-002
    0.000000    0.000000   -0.065333    3.437000  -2.3545616579E-002
    0.000000    0.000000   -0.063000    3.439333  -2.2708300445E-002
    0.000000    0.000000   -0.060667    3.441667  -2.1870635709E-002
    0.000000    0.000000   -0.058333    3.444000  -2.1032633659E-002
    0.000000    0.000000   -0.056000    3.446333  -2.0194305751E-002
    0.000000    0.000000   -0.053667    3.448667  -1.9355663600E-002
    0.000000    0.000000   -0.051333    3.451000  -1.8516718974E-002
    0.000000    0.000000   -0.049000    3.453333  -1.7677483791E-002
    0.000000    0.000000   -0.046667    3.455667  -1.6837970112E-002
    0.000000    0.000000   -0.044333    3.458000  -1.5998190135E-002
    0.000000    0.000000   -0.042000    3.460333  -1.5158156192E-002
    0.000000    0.000000   -0.039667    3.462667  -1.4317880740E-002
    0.000000    0.000000   -0.037333    3.465000  -1.3477376357E-002
    0.000000    0.000000   -0.035000    3.467333  -1.2636655735E-002
    0.000000    0.000000   -0.032667    3.469667  -1.1795731677E-002
    0.000000    0.000000   -0.030333    3.472000  -1.0954617086E-002
    0.000000    0.000000   -0.028000    3.474333  -1.0113324965E-002
    0.000000    0.000000   -0.025667    3.476667  -9.2718684075E-003
    0.000000    0.000000   -0.023333    3.479000  -8.4302605904E-003
    0.000000    0.000000   -0.021000    3.481333  -7.5885147705E-003
    0.000000    0.000000   -0.018667    3.483667  -6.7466442772E-003
    0.000000    0.000000   -0.016333    3.486000  -5.9046625056E-003
    0.000000    0.000000   -0.014000    3.488333  -5.0625829113E-003
    0.000000    0.000000   -0.011667    3.490667  -4.2204190028E-003
    0.000000    0.000000   -0.009333    3.493000  -3.3781843360E-003
    0.000000    0.000000   -0.007000    3.495333  -2.5358925072E-003
    0.000000    0.000000   -0.004667    3.497667  -1.6935571467E-003
    0.000000    0.000000   -0.002333    3.500000  -8.5119191173E-004
    0.000000    0.000000    0.000000    3.502333  -8.8104804908E-006
    0.000000    0.000000    0.002333    3.504667   8.3357345521E-004
    0.000000    0.000000    0.004667    3.507000   1.6759461965E-003
    0.000000    0.000000    0.007000    3.509333   2.5182940442E-003
    0.000000    0.000000    0.009333    3.511667   3.3606033060E-003
    0.000000    0.000000    0.011667    3.514000   4.2028603030E-003
    0.000000    0.000000    0.014000    3.516333   5.0450513770E-003
    0.000000    0.000000    0.016333    3.518667   5.8871628972E-003
    0.000000    0.000000    0.018667    3.521000   6.7291812674E-003
    0.000000    0.000000    0.021000    3.523333   7.5710929328E-003
    0.000000    0.000000    0.023333    3.525667   8.4128843873E-003
    0.000000    0.000000    0.025667    3.528000   9.2545421802E-003
    0.000000    0.000000    0.028000    3.530333   1.0096052924E-002
    0.000000    0.000000    0.030333    3.532667   1.0937403299E-002
    0.000000    0.000000    0.032667    3.535000   1.1778580065E-002
    0.000000    0.000000    0.035000    3.537333   1.2619570063E-002
    0.000000    0.000000    0.037333    3.539667   1.3460360226E-002
    0.000000    0.000000    0.039667    3.542000   1.4300937583E-002
    0.000000    0.000000    0.042000    3.544333   1.5141289269E-002
    0.000000    0.000000    0.044333    3.546667   1.5981402529E-002
    0.000000    0.000000    0.046667    3.549000   1.6821264726E-002
    0.000000    0.000000    0.049000    3.551333   1.7660863347E-002
    0.000000    0.000000    0.051333    3.553667   1.8500186013E-002
    0.000000    0.000000    0.053667    3.556000   1.9339220480E-002
    0.000000    0.000000    0.056000    3.558333   2.0177954648E-002
    0.000000    0.000000    0.058333    3.560667   2.1016376569E-002
    0.000000    0.000000    0.060667    3.563000   2.1854474452E-002
    0.000000    0.000000    0.063000    3.565333   2.2692236668E-002
    0.000000    0.000000    0.065333    3.567667   2.3529651757E-002
    0.000000    0.000000    0.067667    3.570000   2.4366708436E-002
    0.000000    0.000000    0.070000    3.572333   2.5203395600E-002
    0.000000    0.000000    0.072333    3.574667   2.6039702333E-002
    0.000000    0.000000    0.074667    3.577000   2.6875617909E-002
    0.000000    0.000000    0.077000    3.579333   2.7711131802E-002
    0.000000    0.000000    0.079333    3.581667   2.8546233688E-002
    0.000000    0.000000    0.081667    3.584000   2.9380913450E-002
    0.000000    0.000000    0.084000    3.586333   3.0215161185E-002
    0.000000    0.000000    0.086333    3.588667   3.1048967209E-002
    0.000000    0.000000    0.088667    3.591000   3.1882322061E-002
    0.000000    0.000000    0.091000    3.593333   3.2715216505E-002
    0.000000    0.000000    0.093333    3.595667   3.3547641541E-002
    0.000000    0.000000    0.095667    3.598000   3.4379588402E-002
    0.000000    0.000000    0.098000    3.600333   3.5211048564E-002
    0.000000    0.000000    0.100333    3.602667   3.6042013747E-002
    0.000000    0.000000    0.102667    3.605000   3.6872475919E-002
    0.000000    0.000000    0.105000    3.607333   3.7702427301E-002
    0.000000    0.000000    0.107333    3.609667   3.8531860371E-002
    0.000000    0.000000    0.109667    3.612000   3.9360767866E-002
    0.000000    0.000000    0.112000    3.614333   4.0189142786E-002
    0.000000    0.000000    0.114333    3.616667   4.1016978397E-002
    0.000000    0.000000    0.116667    3.619000   4.1844268234E-002
    0.000000    0.000000    0.119000    3.621333   4.2671006106E-002
    0.000000    0.000000    0.121333    3.623667   4.3497186097E-002
    0.000000    0.000000    0.123667    3.626000   4.4322802566E-002
    0.000000    0.000000    0.126000    3.628333   4.5147850155E-002
    0.000000    0.000000    0.128333    3.630667   4.5972323788E-002
    0.000000    0.000000    0.130667    3.633000   4.6796218675E-002
    0.000000    0.000000    0.133000    3.635333   4.7619530311E-002
    0.000000    0.000000    0.135333    3.637667   4.8442254482E-002
    0.000000    0.000000    0.137667    3.640000   4.9264387264E-002
    0.000000    0.000000    0.140000    3.642333   5.0085925026E-002
    0.000000    0.000000    0.142333    3.644667   5.0906864433E-002
    0.000000    0.000000    0.144667    3.647000   5.1727202443E-002
    0.000000    0.000000    0.147000    3.649333   5.2546936313E-002
    0.000000    0.000000    0.149333    3.651667   5.3366063598E-002
    0.000000    0.000000    0.151667    3.654000   5.4184582153E-002
    0.000000    0.000000    0.154000    3.656333   5.5002490132E-002
    0.000000    0.000000    0.156333    3.658667   5.5819785993E-002
    0.000000    0.000000    0.158667    3.661000   5.6636468493E-002
    0.000000    0.000000    0.161000    3.663333   5.7452536693E-002
    0.000000    0.000000    0.163333    3.665667   5.8267989958E-002
    0.000000    0.000000    0.165667    3.668000   5.9082827955E-002
    0.000000    0.000000    0.168000    3.670333   5.9897050655E-002
    0.000000    0.000000    0.170333    3.672667   6.0710658333E-002
    0.000000    0.000000    0.172667    3.675000   6.1523651567E-002
    0.000000    0.000000    0.175000    3.677333   6.2336031240E-002
    0.000000    0.000000    0.177333    3.679667   6.3147798537E-002
    0.000000    0.000000    0.179667    3.682000   6.3958954946E-002
    0.000000    0.000000    0.182000    3.684333   6.4769502257E-002
    0.000000    0.000000    0.184333    3.686667   6.5579442564E-002
    0.000000    0.000000    0.186667    3.689000   6.6388778259E-002
    0.000000    0.000000    0.189000    3.691333   6.7197512036E-002
    0.000000    0.000000    0.191333    3.693667   6.8005646889E-002
    0.000000    0.000000    0.193667    3.696000   6.8813186108E-002
    0.000000    0.000000    0.196000    3.698333   6.9620133281E-002
    0.000000    0.000000    0.198333    3.700667   7.0426492293E-002
    0.000000    0.000000    0.200667    3.703000   7.1232267323E-002
    0.000000    0.000000    0.203000    3.705333   7.2037462841E-002
    0.000000    0.000000    0.205333    3.707667   7.2842083611E-002
    0.000000    0.000000    0.207667    3.710000   7.3646134685E-002
    0.000000    0.000000    0.210000    3.712333   7.4449621404E-002
    0.000000    0.000000    0.212333    3.714667   7.5252549396E-002
    0.000000    0.000000    0.214667    3.717000   7.6054924572E-002
    0.000000    0.000000    0.217000    3.719333   7.6856753125E-002
    0.000000    0.000000    0.219333    3.721667   7.7658041530E-002
    0.000000    0.000000    0.221667    3.724000   7.8458796540E-002
    0.000000    0.000000    0.224000    3.726333   7.9259025183E-002
    0.000000    0.000000    0.226333    3.728667   8.0058734762E-002
    0.000000    0.000000    0.228667    3.731000   8.0857932850E-002
    0.000000    0.000000    0.231000    3.733333   8.1656627291E-002
    0.000000    0.000000    0.233333    3.735667   8.2454826195E-002
    0.000000    0.000000    0.235667    3.738000   8.3252537937E-002
    0.000000    0.000000    0.238000    3.740333   8.4049771153E-002
    0.000000    0.000000    0.240333    3.742667   8.4846534739E-002
    0.000000    0.000000    0.242667    3.745000   8.5642837848E-002
    0.000000    0.000000    0.245000    3.747333   8.6438689887E-002
    0.000000    0.000000    0.247333    3.749667   8.7234100516E-002
    0.000000    0.000000    0.249667    3.752000   8.8029079642E-002
    0.000000    0.000000    0.252000    3.754333   8.8823637421E-002
    0.000000    0.000000    0.254333    3.756667   8.9617784253E-002
    0.000000    0.000000    0.256667    3.759000   9.0411530778E-002
    0.000000    0.000000    0.259000    3.761333   9.1204887876E-002
    0.000000    0.000000    0.261333    3.763667   9.1997866665E-002
    0.000000    0.000000    0.263667    3.766000   9.2790478495E-002
    0.000000    0.000000    0.266000    3.768333   9.3582734948E-002
    0.000000    0.000000    0.268333    3.770667   9.4374647837E-002
    0.000000    0.000000    0.270667    3.773000   9.5166229199E-002
    0.000000    0.000000    0.273000    3.775333   9.5957491300E-002
    0.000000    0.000000    0.275333    3.777667   9.6748446624E-002
    0.000000    0.000000    0.277667    3.780000   9.7539107878E-002
    0.000000    0.000000    0.280000    3.782333   9.8329487986E-002
    0.000000    0.000000    0.282333    3.784667   9.9119600088E-002
    0.000000    0.000000    0.284667    3.787000   9.9909457540E-002
    0.000000    0.000000    0.287000    3.789333   1.0069907391E-001
    0.000000    0.000000    0.289333    3.791667   1.0148846297E-001
    0.000000    0.000000    0.291667    3.794000   1.0227763872E-001
    0.000000    0.000000    0.294000    3.796333   1.0306661534E-001
    0.000000    0.000000    0.296333    3.798667   1.0385540724E-001
    0.000000    0.000000    0.298667    3.801000   1.0464402903E-001
    0.000000    0.000000    0.301000    3.803333   1.0543249551E-001
    0.000000    0.000000    0.303333    3.805667   1.0622082171E-001
    0.000000    0.000000    0.305667    3.808000   1.0700902283E-001
    0.000000    0.000000    0.308000    3.810333   1.0779711429E-001
    0.000000    0.000000    0.310333    3.812667   1.0858511172E-001
    0.000000    0.000000    0.312667    3.815000   1.0937303093E-001
    0.000000    0.000000    0.315000    3.817333   1.1016088794E-001
    0.000000    0.000000    0.317333    3.819667   1.1094869898E-001
    0.000000    0.000000    0.319667    3.822000   1.1173648048E-001
    0.000000    0.000000    0.322000    3.824333   1.1252424905E-001
    0.000000    0.000000    0.324333    3.826667   1.1331202153E-001
    0.000000    0.000000    0.326667    3.829000   1.1409981494E-001
    0.000000    0.000000    0.329000    3.831333   1.1488764652E-001
    0.000000    0.000000    0.331333    3.833667   1.1567553372E-001
    0.000000    0.000000    0.333667    3.836000   1.1646349418E-001
    0.000000    0.000000    0.336000    3.838333   1.1725154576E-001
    0.000000    0.000000    0.338333    3.840667   1.1803970654E-001
    0.000000    0.000000    0.340667    3.843000   1.1882799478E-001
    0.000000    0.000000    0.343000    3.845333   1.1961642900E-001
    0.000000    0.000000    0.345333    3.847667   1.2040502790E-001
    0.000000    0.000000    0.347667    3.850000   1.2119381044E-001
    0.000000    0.000000    0.350000    3.852333   1.2198279576E-001
    0.000000    0.000000    0.352333    3.854667   1.2277200326E-001
    0.000000    0.000000    0.354667    3.857000   1.2356145257E-001
    0.000000    0.000000    0.357000    3.859333   1.2435116355E-001
    0.000000    0.000000    0.359333    3.861667   1.2514115629E-001
    0.000000    0.000000    0.361667    3.864000   1.2593145114E-001
    0.000000    0.000000    0.364000    3.866333   1.2672206868E-001
    0.000000    0.000000    0.366333    3.868667   1.2751302978E-001
    0.000000    0.000000    0.368667    3.871000   1.2830435554E-001
    0.000000    0.000000    0.371000    3.873333   1.2909606733E-001
    0.000000    0.000000    0.373333    3.875667   1.2988818679E-001
    0.000000    0.000000    0.375667    3.878000   1.3068073584E-001
    0.000000    0.000000    0.378000    3.880333   1.3147373669E-001
    0.000000    0.000000    0.380333    3.882667   1.3226721183E-001
    0.000000    0.000000    0.382667    3.885000   1.3306118404E-001
    0.000000    0.000000    0.385000    3.887333   1.3385567643E-001
    0.000000    0.000000    0.387333    3.889667   1.3465071238E-001
    0.000000    0.000000    0.389667    3.892000   1.3544631563E-001
    0.000000    0.000000    0.392000    3.894333   1.3624251021E-001
    0.000000    0.000000    0.394333    3.896667   1.3703932050E-001
    0.000000    0.000000    0.396667    3.899000   1.3783677123E-001
    0.000000    0.000000    0.399000    3.901333   1.3863488745E-001
    0.000000    0.000000    0.401333    3.903667   1.3943369459E-001
    0.000000    0.000000    0.403667    3.906000   1.4023321844E-001
    0.000000    0.000000    0.406000    3.908333   1.4103348517E-001
    0.000000    0.000000    0.408333    3.910667   1.4183452132E-001
    0.000000    0.000000    0.410667    3.913000   1.4263635382E-001
    0.000000    0.000000    0.413000    3.915333   1.4343901002E-001
    0.000000    0.000000    0.415333    3.917667   1.4424251767E-001
    0.000000    0.000000    0.417667    3.920000   1.4504690492E-001
    0.000000    0.000000    0.420000    3.922333   1.4585220038E-001
    0.000000    0.000000    0.422333    3.924667   1.4665843307E-001
    0.000000    0.000000    0.424667    3.927000   1.4746563247E-001
    0.000000    0.000000    0.427000    3.929333   1.4827382850E-001
    0.000000    0.000000    0.429333    3.931667   1.4908305156E-001
    0.000000    0.000000    0.431667    3.934000   1.4989333252E-001
    0.000000    0.000000    0.434000    3.936333   1.5070470272E-001
    0.000000    0.000000    0.436333    3.938667   1.5151719400E-001
    0.000000    0.000000    0.438667    3.941000   1.5233083869E-001
    0.000000    0.000000    0.441000    3.943333   1.5314566965E-001
    0.000000    0.000000    0.443333    3.945667   1.5396172022E-001
    0.000000    0.000000    0.445667    3.948000   1.5477902428E-001
    0.000000    0.000000    0.448000    3.950333   1.5559761626E-001
    0.000000    0.000000    0.450333    3.952667   1.5641753110E-001
    0.000000    0.000000    0.452667    3.955000   1.5723880429E-001
    0.000000    0.000000    0.455000    3.957333   1.5806147189E-001
    0.000000    0.000000    0.457333    3.959667   1.5888557050E-001
    0.000000    0.000000    0.459667    3.962000   1.5971113729E-001
    0.000000    0.000000    0.462000    3.964333   1.6053821001E-001
    0.000000    0.000000    0.464333    3.966667   1.6136682696E-001
    0.000000    0.000000    0.466667    3.969000   1.6219702706E-001
    0.000000    0.000000    0.469000    3.971333   1.6302884977E-001
    0.000000    0.000000    0.471333    3.973667   1.6386233517E-001
    0.000000    0.000000    0.473667    3.976000   1.6469752390E-001
    0.000000    0.000000    0.476000    3.978333   1.6553445721E-001
    0.000000    0.000000    0.478333    3.980667   1.6637317695E-001
    0.000000    0.000000    0.480667    3.983000   1.6721372553E-001
    0.000000    0.000000    0.483000    3.985333   1.6805614599E-001
    0.000000    0.000000    0.485333    3.987667   1.6890048194E-001
    0.000000    0.000000    0.487667    3.990000   1.6974677758E-001
    0.000000    0.000000    0.490000    3.992333   1.7059507769E-001
    0.000000    0.000000    0.492333    3.994667   1.7144542766E-001
    0.000000    0.000000    0.494667    3.997000   1.7229787341E-001
    0.000000    0.000000    0.497000    3.999333   1.7315246147E-001
    0.000000    0.000000    0.499333    4.001667   1.7400923892E-001
    0.000000    0.000000    0.501667    4.004000   1.7486825339E-001
    0.000000    0.000000    0.504000    4.006333   1.7572955305E-001
    0.000000    0.000000    0.506333    4.008667   1.7659318662E-001
    0.000000    0.000000    0.508667    4.011000   1.7745920332E-001
    0.000000    0.000000    0.511000    4.013333   1.7832765289E-001
    0.000000    0.000000    0.513333    4.015667   1.7919858557E-001
    0.000000    0.000000    0.515667    4.018000   1.8007205205E-001
    0.000000    0.000000    0.518000    4.020333   1.8094810351E-001
    0.000000    0.000000    0.520333    4.022667   1.8182679154E-001
    0.000000    0.000000    0.522667    4.025000   1.8270816816E-001
    0.000000    0.000000    0.525000    4.027333   1.8359228580E-001
    0.000000    0.000000    0.527333    4.029667   1.8447919722E-001
    0.000000    0.000000    0.529667    4.032000   1.8536895557E-001
    0.000000    0.000000    0.532000    4.034333   1.8626161428E-001
    0.000000    0.000000    0.534333    4.036667   1.8715722709E-001
    0.000000    0.000000    0.536667    4.039000   1.8805584800E-001
    0.000000    0.000000    0.539000    4.041333   1.8895753120E-001
    0.000000    0.000000    0.541333    4.043667   1.8986233111E-001
    0.000000    0.000000    0.543667    4.046000   1.9077030226E-001
    0.000000    0.000000    0.546000    4.048333   1.9168149934E-001
    0.000000    0.000000    0.548333    4.050667   1.9259597708E-001
    0.000000    0.000000    0.550667    4.053000   1.9351379023E-001
    0.000000    0.000000    0.553000    4.055333   1.9443499357E-001
    0.000000    0.000000    0.555333    4.057667   1.9535964177E-001
    0.000000    0.000000    0.557667    4.060000   1.9628778941E-001
    0.000000    0.000000    0.560000    4.062333   1.9721949093E-001
    0.000000    0.000000    0.562333    4.064667   1.9815480052E-001
    0.000000    0.000000    0.564667    4.067000   1.9909377213E-001
    0.000000    0.000000    0.567000    4.069333   2.0003645936E-001
    0.000000    0.000000    0.569333    4.071667   2.0098291547E-001
    0.000000    0.000000    0.571667    4.074000   2.0193319322E-001
    0.000000    0.000000    0.574000    4.076333   2.0288734491E-001
    0.000000    0.000000    0.576333    4.078667   2.0384542224E-001
    0.000000    0.000000    0.578667    4.081000   2.0480747629E-001
    0.000000    0.000000    0.581000    4.083333   2.0577355742E-001
    0.000000    0.000000    0.583333    4.085667   2.0674371522E-001
    0.000000    0.000000    0.585667    4.088000   2.0771799842E-001
    0.000000    0.000000    0.588000    4.090333   2.0869645482E-001
    0.000000    0.000000    0.590333    4.092667   2.0967913125E-001
    0.000000    0.000000    0.592667    4.095000   2.1066607341E-001
    0.000000    0.000000    0.595000    4.097333   2.1165732588E-001
    0.000000    0.000000    0.597333    4.099667   2.1265293198E-001
    0.000000    0.000000    0.599667    4.102000   2.1365293371E-001
    0.000000    0.000000    0.602000    4.104333   2.1465737165E-001
    0.000000    0.000000    0.604333    4.106667   2.1566628488E-001
    0.000000    0.000000    0.606667    4.109000   2.1667971092E-001
    0.000000    0.000000    0.609000    4.111333   2.1769768558E-001
    0.000000    0.000000    0.611333    4.113667   2.1872024293E-001
    0.000000    0.000000    0.613667    4.116000   2.1974741519E-001
    0.000000    0.000000    0.616000    4.118333   2.2077923260E-001
    0.000000    0.000000    0.618333    4.120667   2.2181572340E-001
    0.000000    0.000000    0.620667    4.123000   2.2285691368E-001
    0.000000    0.000000    0.623000    4.125333   2.2390282729E-001
    0.000000    0.000000    0.625333    4.127667   2.2495348578E-001
    0.000000    0.000000    0.627667    4.130000   2.2600890829E-001
    0.000000    0.000000    0.630000    4.132333   2.2706911145E-001
    0.000000    0.000000    0.632333    4.134667   2.2813410930E-001
    0.000000    0.000000    0.634667    4.137000   2.2920391318E-001
    0.000000    0.000000    0.637000    4.139333   2.3027853167E-001
    0.000000    0.000000    0.639333    4.141667   2.3135797050E-001
    0.000000    0.000000    0.641667    4.144000   2.3244223244E-001
    0.000000    0.000000    0.644000    4.146333   2.3353131722E-001
    0.000000    0.000000    0.646333    4.148667   2.3462522151E-001
    0.000000    0.000000    0.648667    4.151000   2.3572393877E-001
    0.000000    0.000000    0.651000    4.153333   2.3682745922E-001
    0.000000    0.000000    0.653333    4.155667   2.3793576977E-001
    0.000000    0.000000    0.655667    4.158000   2.3904885397E-001
    0.000000    0.000000    0.658000    4.160333   2.4016669195E-001
    0.000000    0.000000    0.660333    4.162667   2.4128926037E-001
    0.000000    0.000000    0.662667    4.165000   2.4241653241E-001
    0.000000    0.000000    0.665000    4.167333   2.4354847772E-001
    0.000000    0.000000    0.667333    4.169667   2.4468506242E-001
    0.000000    0.000000    0.669667    4.172000   2.4582624909E-001
    0.000000    0.000000    0.672000    4.174333   2.4697199680E-001
    0.000000    0.000000    0.674333    4.176667   2.4812226111E-001
    0.000000    0.000000    0.676667    4.179000   2.4927699412E-001
    0.000000    0.000000    0.679000    4.181333   2.5043614455E-001
    0.000000    0.000000    0.681333    4.183667   2.5159965778E-001
    0.000000    0.000000    0.683667    4.186000   2.5276747599E-001
    0.000000    0.000000    0.686000    4.188333   2.5393953824E-001
    0.000000    0.000000    0.688333    4.190667   2.5511578065E-001
    0.000000    0.000000    0.690667    4.193000   2.5629613653E-001
    0.000000    0.000000    0.693000    4.195333   2.5748053662E-001
    0.000000    0.000000    0.695333    4.197667   2.5866890929E-001
    0.000000    0.000000    0.697667    4.200000   2.5986118078E-001
    0.000000    0.000000    0.700000    4.202333   2.6105727554E-001
    0.000000    0.000000    0.702333    4.204667   2.6225711652E-001
    0.000000    0.000000    0.704667    4.207000   2.6346062552E-001
    0.000000    0.000000    0.707000    4.209333   2.6466772362E-001
    0.000000    0.000000    0.709333    4.211667   2.6587833160E-001
    0.000000    0.000000    0.711667    4.214000   2.6709237043E-001
    0.000000    0.000000    0.714000    4.216333   2.6830976175E-001
    0.000000    0.000000    0.716333    4.218667   2.6953042853E-001
    0.000000    0.000000    0.718667    4.221000   2.7075429556E-001
    0.000000    0.000000    0.721000    4.223333   2.7198129021E-001
    0.000000    0.000000    0.723333    4.225667   2.7321134307E-001
    0.000000    0.000000    0.725667    4.228000   2.7444438870E-001
    0.000000    0.000000    0.728000    4.230333   2.7568036643E-001
    0.000000    0.000000    0.730333    4.232667   2.7691922120E-001
    0.000000    0.000000    0.732667    4.235000   2.7816090442E-001
    0.000000    0.000000    0.735000    4.237333   2.7940537489E-001
    0.000000    0.000000    0.737333    4.239667   2.8065259972E-001
    0.000000    0.000000    0.739667    4.242000   2.8190255538E-001
    0.000000    0.000000    0.742000    4.244333   2.8315522862E-001
    0.000000    0.000000    0.744333    4.246667   2.8441061758E-001
    0.000000    0.000000    0.746667    4.249000   2.8566873277E-001
    0.000000    0.000000    0.749000    4.251333   2.8692959820E-001
    0.000000    0.000000    0.751333    4.253667   2.8819325237E-001
    0.000000    0.000000    0.753667    4.256000   2.8945974939E-001
    0.000000    0.000000    0.756000    4.258333   2.9072915993E-001
    0.000000    0.000000    0.758333    4.260667   2.9200157230E-001
    0.000000    0.000000    0.760667    4.263000   2.9327709340E-001
    0.000000    0.000000    0.763000    4.265333   2.9455584958E-001
    0.000000    0.000000    0.765333    4.267667   2.9583798755E-001
    0.000000    0.000000    0.767667    4.270000   2.9712367508E-001
    0.000000    0.000000    0.770000    4.272333   2.9841310171E-001
    0.000000    0.000000    0.772333    4.274667   2.9970647925E-001
    0.000000    0.000000    0.774667    4.277000   3.0100404223E-001
    0.000000    0.000000    0.777000    4.279333   3.0230604811E-001
    0.000000    0.000000    0.779333    4.281667   3.0361277741E-001
    0.000000    0.000000    0.781667    4.284000   3.0492453359E-001
    0.000000    0.000000    0.784000    4.286333   3.0624164274E-001
    0.000000    0.000000    0.786333    4.288667   3.0756445304E-001
    0.000000    0.000000    0.788667    4.291000   3.0889333397E-001
    0.000000    0.000000    0.791000    4.293333   3.1022867528E-001
    0.000000    0.000000    0.793333    4.295667   3.1157088563E-001
    0.000000    0.000000    0.795667    4.298000   3.1292039097E-001
    0.000000    0.000000    0.798000    4.300333   3.1427763262E-001
    0.000000    0.000000    0.800333    4.302667   3.1564306493E-001
    0.000000    0.000000    0.802667    4.305000   3.1701715274E-001
    0.000000    0.000000    0.805000    4.307333   3.1840036836E-001
    0.000000    0.000000    0.807333    4.309667   3.1979318828E-001
    0.000000    0.000000    0.809667    4.312000   3.2119608946E-001
    0.000000    0.000000    0.812000    4.314333   3.2260954532E-001
    0.000000    0.000000    0.814333    4.316667   3.2403402132E-001
    0.000000    0.000000    0.816667    4.319000   3.2546997018E-001
    0.000000    0.000000    0.819000    4.321333   3.2691782681E-001
    0.000000    0.000000    0.821333    4.323667   3.2837800287E-001
    0.000000    0.000000    0.823667    4.326000   3.2985088102E-001
    0.000000    0.000000    0.826000    4.328333   3.3133680890E-001
    0.000000    0.000000    0.828333    4.330667   3.3283609281E-001
    0.000000    0.000000    0.830667    4.333000   3.3434899125E-001
    0.000000    0.000000    0.833000    4.335333   3.3587570817E-001
    0.000000    0.000000    0.835333    4.337667   3.3741638612E-001
    0.000000    0.000000    0.837667    4.340000   3.3897109930E-001
    0.000000    0.000000    0.840000    4.342333   3.4053984657E-001
    0.000000    0.000000    0.842333    4.344667   3.4212254440E-001
    0.000000    0.000000    0.844667    4.347000   3.4371902000E-001
    0.000000    0.000000    0.847000    4.349333   3.4532900446E-001
    0.000000    0.000000    0.849333    4.351667   3.4695212616E-001
    0.000000    0.000000    0.851667    4.354000   3.4858790440E-001
    0.000000    0.000000    0.854000    4.356333   3.5023574339E-001
    0.000000    0.000000    0.856333    4.358667   3.5189492663E-001
    0.000000    0.000000    0.858667    4.361000   3.5356461176E-001
    0.000000    0.000000    0.861000    4.363333   3.5524382597E-001
    0.000000    0.000000    0.863333    4.365667   3.5693146203E-001
    0.000000    0.000000    0.865667    4.368000   3.5862627503E-001
    0.000000    0.000000    0.868000    4.370333   3.6032687978E-001
    0.000000    0.000000    0.870333    4.372667   3.6203174922E-001
    0.000000    0.000000    0.872667    4.375000   3.6373921348E-001
    0.000000    0.000000    0.875000    4.377333   3.6544746008E-001
    0.000000    0.000000    0.877333    4.379667   3.6715453499E-001
    0.000000    0.000000    0.879667    4.382000   3.6885834473E-001
    0.000000    0.000000    0.882000    4.384333   3.7055665961E-001
    0.000000    0.000000    0.884333    4.386667   3.7224711794E-001
    0.000000    0.000000    0.886667    4.389000   3.7392723143E-001
    0.000000    0.000000    0.889000    4.391333   3.7559439162E-001
    0.000000    0.000000    0.891333    4.393667   3.7724587752E-001
    0.000000    0.000000    0.893667    4.396000   3.7887886423E-001
    0.000000    0.000000    0.896000    4.398333   3.8049043269E-001
    0.000000    0.000000    0.898333    4.400667   3.8207758044E-001
    0.000000    0.000000    0.900667    4.403000   3.8363723338E-001
    0.000000    0.000000    0.903000    4.405333   3.8516625841E-001
    0.000000    0.000000    0.905333    4.407667   3.8666147700E-001
    0.000000    0.000000    0.907667    4.410000   3.8811967944E-001
    0.000000    0.000000    0.910000    4.412333   3.8953763990E-001
    0.000000    0.000000    0.912333    4.414667   3.9091213198E-001
    0.000000    0.000000    0.914667    4.417000   3.9223994479E-001
    0.000000    0.000000    0.917000    4.419333   3.9351789937E-001
    0.000000    0.000000    0.919333    4.421667   3.9474286545E-001
    0.000000    0.000000    0.921667    4.424000   3.9591177819E-001
    0.000000    0.000000    0.924000    4.426333   3.9702165506E-001
    0.000000    0.000000    0.926333    4.428667   3.9806961247E-001
    0.000000    0.000000    0.928667    4.431000   3.9905288220E-001
    0.000000    0.000000    0.931000    4.433333   3.9996882741E-001
    0.000000    0.000000    0.933333    4.435667   4.0081495805E-001
    0.000000    0.000000    0.935667    4.438000   4.0158894569E-001
    0.000000    0.000000    0.938000    4.440333   4.0228863748E-001
    0.000000    0.000000    0.940333    4.442667   4.0291206921E-001
    0.000000    0.000000    0.942667    4.445000   4.0345747737E-001
    0.000000    0.000000    0.945000    4.447333   4.0392330997E-001
    0.000000    0.000000    0.947333    4.449667   4.0430823627E-001
    0.000000    0.000000    0.949667    4.452000   4.0461115505E-001
    0.000000    0.000000    0.952000    4.454333   4.0483120154E-001
    0.000000    0.000000    0.954333    4.456667   4.0496775287E-001
    0.000000    0.000000    0.956667    4.459000   4.0502043203E-001
    0.000000    0.000000    0.959000    4.461333   4.0498911028E-001
    0.000000    0.000000    0.961333    4.463667   4.0487390792E-001
    0.000000    0.000000    0.963667    4.466000   4.0467519359E-001
    0.000000    0.000000    0.966000    4.468333   4.0439358192E-001
    0.000000    0.000000    0.968333    4.470667   4.0402992964E-001
    0.000000    0.000000    0.970667    4.473000   4.0358533022E-001
    0.000000    0.000000    0.973000    4.475333   4.0306110699E-001
    0.000000    0.000000    0.975333    4.477667   4.0245880488E-001
    0.000000    0.000000    0.977667    4.480000   4.0178018082E-001
    0.000000    0.000000    0.980000    4.482333   4.0102719296E-001
    0.000000    0.000000    0.982333    4.484667   4.0020198859E-001
    0.000000    0.000000    0.984667    4.487000   3.9930689122E-001
    0.000000    0.000000    0.987000    4.489333   3.9834438657E-001
    0.000000    0.000000    0.989333    4.491667   3.9731710786E-001
    0.000000    0.000000    0.991667    4.494000   3.9622782033E-001
    0.000000    0.000000    0.994000    4.496333   3.9507940534E-001
    0.000000    0.000000    0.996333    4.498667   3.9387484388E-001
    0.000000    0.000000    0.998667    4.501000   3.9261720001E-001
    0.000000    0.000000    1.001000    4.503333   3.9130960396E-001
    0.000000    0.000000    1.003333    4.505667   3.8995523536E-001
    0.000000    0.000000    1.005667    4.508000   3.8855730651E-001
    0.000000    0.000000    1.008000    4.510333   3.8711904593E-001
    0.000000    0.000000    1.010333    4.512667   3.8564368230E-001
    0.000000    0.000000    1.012667    4.515000   3.8413442877E-001
    0.000000    0.000000    1.015000    4.517333   3.8259446802E-001
    0.000000    0.000000    1.017333    4.519667   3.8102693787E-001
    0.000000    0.000000    1.019667    4.522000   3.7943491776E-001
    0.000000    0.000000    1.022000    4.524333   3.7782141597E-001
    0.000000    0.000000    1.024333    4.526667   3.7618935791E-001
    0.000000    0.000000    1.026667    4.529000   3.7454157526E-001
    0.000000    0.000000    1.029000    4.531333   3.7288079620E-001
    0.000000    0.000000    1.031333    4.533667   3.7120963672E-001
    0.000000    0.000000    1.033667    4.536000   3.6953059295E-001
    0.000000    0.000000    1.036000    4.538333   3.6784603470E-001
    0.000000    0.000000    1.038333    4.540667   3.6615819998E-001
    0.000000    0.000000    1.040667    4.543000   3.6446919072E-001
    0.000000    0.000000    1.043000    4.545333   3.6278096955E-001
    0.000000    0.000000    1.045333    4.547667   3.6109535761E-001
    0.000000    0.000000    1.047667    4.550000   3.5941403342E-001
    0.000000    0.000000    1.050000    4.552333   3.5773853275E-001
    0.000000    0.000000    1.052333    4.554667   3.5607024934E-001
    0.000000    0.000000    1.054667    4.557000   3.5441043664E-001
    0.000000    0.000000    1.057000    4.559333   3.5276021025E-001
    0.000000    0.000000    1.059333    4.561667   3.5112055120E-001
    0.000000    0.000000    1.061667    4.564000   3.4949230986E-001
    0.000000    0.000000    1.064000    4.566333   3.4787621056E-001
    0.000000    0.000000    1.066333    4.568667   3.4627285665E-001
    0.000000    0.000000    1.068667    4.571000   3.4468273616E-001
    0.000000    0.000000    1.071000    4.573333   3.4310622774E-001
    0.000000    0.000000    1.073333    4.575667   3.4154360707E-001
    0.000000    0.000000    1.075667    4.578000   3.3999505341E-001
    0.000000    0.000000    1.078000    4.580333   3.3846065644E-001
    0.000000    0.000000    1.080333    4.582667   3.3694042316E-001
    0.000000    0.000000    1.082667    4.585000   3.3543428494E-001
    0.000000    0.000000    1.085000    4.587333   3.3394210446E-001
    0.000000    0.000000    1.087333    4.589667   3.3246368273E-001
    0.000000    0.000000    1.089667    4.592000   3.3099876592E-001
    0.000000    0.000000    1.092000    4.594333   3.2954705207E-001
    0.000000    0.000000    1.094333    4.596667   3.2810819765E-001
    0.000000    0.000000    1.096667    4.599000   3.2668182383E-001
    0.000000    0.000000    1.099000    4.601333   3.2526752253E-001
    0.000000    0.000000    1.101333    4.603667   3.2386486219E-001
    0.000000    0.000000    1.103667    4.606000   3.2247339318E-001
    0.000000    0.000000    1.106000    4.608333   3.2109265297E-001
    0.000000    0.000000    1.108333    4.610667   3.1972217087E-001
    0.000000    0.000000    1.110667    4.613000   3.1836147245E-001
    0.000000    0.000000    1.113000    4.615333   3.1701008362E-001
    0.000000    0.000000    1.115333    4.617667   3.1566753432E-001
    0.000000    0.000000    1.117667    4.620000   3.1433336184E-001
    0.000000    0.000000    1.120000    4.622333   3.1300711384E-001
    0.000000    0.000000    1.122333    4.624667   3.1168835094E-001
    0.000000    0.000000    1.124667    4.627000   3.1037664905E-001
    0.000000    0.000000    1.127000    4.629333   3.0907160130E-001
    0.000000    0.000000    1.129333    4.631667   3.0777281969E-001
    0.000000    0.000000    1.131667    4.634000   3.0647993647E-001
    0.000000    0.000000    1.134000    4.636333   3.0519260516E-001
    0.000000    0.000000    1.136333    4.638667   3.0391050137E-001
    0.000000    0.000000    1.138667    4.641000   3.0263332336E-001
    0.000000    0.000000    1.141000    4.643333   3.0136079233E-001
    0.000000    0.000000    1.143333    4.645667   3.0009265257E-001
    0.000000    0.000000    1.145667    4.648000   2.9882867136E-001
    0.000000    0.000000    1.148000    4.650333   2.9756863870E-001
    0.000000    0.000000    1.150333    4.652667   2.9631236697E-001
    0.000000    0.000000    1.152667    4.655000   2.9505969033E-001
    0.000000    0.000000    1.155000    4.657333   2.9381046411E-001
    0.000000    0.000000    1.157333    4.659667   2.9256456403E-001
    0.000000    0.000000    1.159667    4.662000   2.9132188537E-001
    0.000000    0.000000    1.162000    4.664333   2.9008234209E-001
    0.000000    0.000000    1.164333    4.666667   2.8884586583E-001
    0.000000    0.000000    1.166667    4.669000   2.8761240491E-001
    0.000000    0.000000    1.169000    4.671333   2.8638192335E-001
    0.000000    0.000000    1.171333    4.673667   2.8515439975E-001
    0.000000    0.000000    1.173667    4.676000   2.8392982629E-001
    0.000000    0.000000    1.176000    4.678333   2.8270820765E-001
    0.000000    0.000000    1.178333    4.680667   2.8148955994E-001
    0.000000    0.000000    1.180667    4.683000   2.8027390971E-001
    0.000000    0.000000    1.183000    4.685333   2.7906129294E-001
    0.000000    0.000000    1.185333    4.687667   2.7785175400E-001
    0.000000    0.000000    1.187667    4.690000   2.7664534480E-001
    0.000000    0.000000    1.190000    4.692333   2.7544212377E-001
    0.000000    0.000000    1.192333    4.694667   2.7424215507E-001
    0.000000    0.000000    1.194667    4.697000   2.7304550771E-001
    0.000000    0.000000    1.197000    4.699333   2.7185225480E-001
    0.000000    0.000000    1.199333    4.701667   2.7066247277E-001
    0.000000    0.000000    1.201667    4.704000   2.6947624067E-001
    0.000000    0.000000    1.204000    4.706333   2.6829363955E-001
    0.000000    0.000000    1.206333    4.708667   2.6711475181E-001
    0.000000    0.000000    1.208667    4.711000   2.6593966068E-001
    0.000000    0.000000    1.211000    4.713333   2.6476844963E-001
    0.000000    0.000000    1.213333    4.715667   2.6360120197E-001
    0.000000    0.000000    1.215667    4.718000   2.6243800035E-001
    0.000000    0.000000    1.218000    4.720333   2.6127892638E-001
    0.000000    0.000000    1.220333    4.722667   2.6012406030E-001
    0.000000    0.000000    1.222667    4.725000   2.5897348060E-001
    0.000000    0.000000    1.225000    4.727333   2.5782726377E-001
    0.000000    0.000000    1.227333    4.729667   2.5668548404E-001
    0.000000    0.000000    1.229667    4.732000   2.5554821314E-001
    0.000000    0.000000    1.232000    4.734333   2.5441552010E-001
    0.000000    0.000000    1.234333    4.736667   2.5328747113E-001
    0.000000    0.000000    1.236667    4.739000   2.5216412939E-001
    0.000000    0.000000    1.239000    4.741333   2.5104555496E-001
    0.000000    0.000000    1.241333    4.743667   2.4993180467E-001
    0.000000    0.000000    1.243667    4.746000   2.4882293210E-001
    0.000000    0.000000    1.246000    4.748333   2.4771898743E-001
    0.000000    0.000000    1.248333    4.750667   2.4662001747E-001
    0.000000    0.000000    1.250667    4.753000   2.4552606562E-001
    0.000000    0.000000    1.253000    4.755333   2.4443717183E-001
    0.000000    0.000000    1.255333    4.757667   2.4335337264E-001
    0.000000    0.000000    1.257667    4.760000   2.4227470118E-001
    0.000000    0.000000    1.260000    4.762333   2.4120118719E-001
    0.000000    0.000000    1.262333    4.764667   2.4013285706E-001
    0.000000    0.000000    1.264667    4.767000   2.3906973387E-001
    0.000000    0.000000    1.267000    4.769333   2.3801183747E-001
    0.000000    0.000000    1.269333    4.771667   2.3695918448E-001
    0.000000    0.000000    1.271667    4.774000   2.3591178842E-001
    0.000000    0.000000    1.274000    4.776333   2.3486965974E-001
    0.000000    0.000000    1.276333    4.778667   2.3383280591E-001
    0.000000    0.000000    1.278667    4.781000   2.3280123147E-001
    0.000000    0.000000    1.281000    4.783333   2.3177493817E-001
    0.000000    0.000000    1.283333    4.785667   2.3075392500E-001
    0.000000    0.000000    1.285667    4.788000   2.2973818833E-001
    0.000000    0.000000    1.288000    4.790333   2.2872772192E-001
    0.000000    0.000000    1.290333    4.792667   2.2772251710E-001
    0.000000    0.000000    1.292667    4.795000   2.2672256282E-001
    0.000000    0.000000    1.295000    4.797333   2.2572784574E-001
    0.000000    0.000000    1.297333    4.799667   2.2473835032E-001
    0.000000    0.000000    1.299667    4.802000   2.2375405894E-001
    0.000000    0.000000    1.302000    4.804333   2.2277495197E-001
    0.000000    0.000000    1.304333    4.806667   2.2180100788E-001
    0.000000    0.000000    1.306667    4.809000   2.2083220332E-001
    0.000000    0.000000    1.309000    4.811333   2.1986851323E-001
    0.000000    0.000000    1.311333    4.813667   2.1890991091E-001
    0.000000    0.000000    1.313667    4.816000   2.1795636811E-001
    0.000000    0.000000    1.316000    4.818333   2.1700785516E-001
    0.000000    0.000000    1.318333    4.820667   2.1606434101E-001
    0.000000    0.000000    1.320667    4.823000   2.1512579335E-001
    0.000000    0.000000    1.323000    4.825333   2.1419217866E-001
    0.000000    0.000000    1.325333    4.827667   2.1326346234E-001
    0.000000    0.000000    1.327667    4.830000   2.1233960876E-001
    0.000000    0.000000    1.330000    4.832333   2.1142058134E-001
    0.000000    0.000000    1.332333    4.834667   2.1050634267E-001
    0.000000    0.000000    1.334667    4.837000   2.0959685451E-001
    0.000000    0.000000    1.337000    4.839333   2.0869207795E-001
    0.000000    0.000000    1.339333    4.841667   2.0779197341E-001
    0.000000    0.000000    1.341667    4.844000   2.0689650079E-001
    0.000000    0.000000    1.344000    4.846333   2.0600561944E-001
    0.000000    0.000000    1.346333    4.848667   2.0511928832E-001
    0.000000    0.000000    1.348667    4.851000   2.0423746601E-001
    0.000000    0.000000    1.351000    4.853333   2.0336011079E-001
    0.000000    0.000000    1.353333    4.855667   2.0248718071E-001
    0.000000    0.000000    1.355667    4.858000   2.0161863360E-001
    0.000000    0.000000    1.358000    4.860333   2.0075442722E-001
    0.000000    0.000000    1.360333    4.862667   1.9989451922E-001
    0.000000    0.000000    1.362667    4.865000   1.9903886724E-001
    0.000000    0.000000    1.365000    4.867333   1.9818742895E-001
    0.000000    0.000000    1.367333    4.869667   1.9734016211E-001
    0.000000    0.000000    1.369667    4.872000   1.9649702459E-001
    0.000000    0.000000    1.372000    4.874333   1.9565797444E-001
    0.000000    0.000000    1.374333    4.876667   1.9482296991E-001
    0.000000    0.000000    1.376667    4.879000   1.9399196951E-001
    0.000000    0.000000    1.379000    4.881333   1.9316493204E-001
    0.000000    0.000000    1.381333    4.883667   1.9234181661E-001
    0.000000    0.000000    1.383667    4.886000   1.9152258270E-001
    0.000000    0.000000    1.386000    4.888333   1.9070719019E-001
    0.000000    0.000000    1.388333    4.890667   1.8989559935E-001
    0.000000    0.000000    1.390667    4.893000   1.8908777092E-001
    0.000000    0.000000    1.393000    4.895333   1.8828366611E-001
    0.000000    0.000000    1.395333    4.897667   1.8748324664E-001
    0.000000    0.000000    1.397667    4.900000   1.8668647473E-001
    0.000000    0.000000    1.400000    4.902333   1.8589331317E-001
    0.000000    0.000000    1.402333    4.904667   1.8510372527E-001
    0.000000    0.000000    1.404667    4.907000   1.8431767498E-001
    0.000000    0.000000    1.407000    4.909333   1.8353512679E-001
    0.000000    0.000000    1.409333    4.911667   1.8275604584E-001
    0.000000    0.000000    1.411667    4.914000   1.8198039787E-001
    0.000000    0.000000    1.414000    4.916333   1.8120814927E-001
    0.000000    0.000000    1.416333    4.918667   1.8043926708E-001
    0.000000    0.000000    1.418667    4.921000   1.7967371897E-001
    0.000000    0.000000    1.421000    4.923333   1.7891147331E-001
    0.000000    0.000000    1.423333    4.925667   1.7815249911E-001
    0.000000    0.000000    1.425667    4.928000   1.7739676606E-001
    0.000000    0.000000    1.428000    4.930333   1.7664424454E-001
    0.000000    0.000000    1.430333    4.932667   1.7589490559E-001
    0.000000    0.000000    1.432667    4.935000   1.7514872095E-001
    0.000000    0.000000    1.435000    4.937333   1.7440566304E-001
    0.000000    0.000000    1.437333    4.939667   1.7366570495E-001
    0.000000    0.000000    1.439667    4.942000   1.7292882046E-001
    0.000000    0.000000    1.442000    4.944333   1.7219498403E-001
    0.000000    0.000000    1.444333    4.946667   1.7146417079E-001
    0.000000    0.000000    1.446667    4.949000   1.7073635653E-001
    0.000000    0.000000    1.449000    4.951333   1.7001151773E-001
    0.000000    0.000000    1.451333    4.953667   1.6928963150E-001
    0.000000    0.000000    1.453667    4.956000   1.6857067563E-001
    0.000000    0.000000    1.456000    4.958333   1.6785462854E-001
    0.000000    0.000000    1.458333    4.960667   1.6714146930E-001
    0.000000    0.000000    1.460667    4.963000   1.6643117758E-001
    0.000000    0.000000    1.463000    4.965333   1.6572373371E-001
    0.000000    0.000000    1.465333    4.967667   1.6501911861E-001
    0.000000    0.000000    1.467667    4.970000   1.6431731380E-001
    0.000000    0.000000    1.470000    4.972333   1.6361830139E-001
    0.000000    0.000000    1.472333    4.974667   1.6292206407E-001
    0.000000    0.000000    1.474667    4.977000   1.6222858511E-001
    0.000000    0.000000    1.477000    4.979333   1.6153784833E-001
    0.000000    0.000000    1.479333    4.981667   1.6084983809E-001
    0.000000    0.000000    1.481667    4.984000   1.6016453927E-001
    0.000000    0.000000    1.484000    4.986333   1.5948193731E-001
    0.000000    0.000000    1.486333    4.988667   1.5880201811E-001
    0.000000    0.000000    1.488667    4.991000   1.5812476809E-001
    0.000000    0.000000    1.491000    4.993333   1.5745017414E-001
    0.000000    0.000000    1.493333    4.995667   1.5677822364E-001
    0.000000    0.000000    1.495667    4.998000   1.5610890440E-001
    0.000000    0.000000    1.498000    5.000333   1.5544220468E-001
    0.000000    0.000000    1.500333    5.002667   1.5477811316E-001
    0.000000    0.000000    1.502667    5.005000   1.5411661895E-001
    0.000000    0.000000    1.505000    5.007333   1.5345771154E-001
    0.000000    0.000000    1.507333    5.009667   1.5280138082E-001
    0.000000    0.000000    1.509667    5.012000   1.5214761705E-001
    0.000000    0.000000    1.512000    5.014333   1.5149641084E-001
    0.000000    0.000000    1.514333    5.016667   1.5084775317E-001
    0.000000    0.000000    1.516667    5.019000   1.5020163533E-001
    0.000000    0.000000    1.519000    5.021333   1.4955804893E-001
    0.000000    0.000000    1.521333    5.023667   1.4891698589E-001
    0.000000    0.000000    1.523667    5.026000   1.4827843843E-001
    0.000000    0.000000    1.526000    5.028333   1.4764239904E-001
    0.000000    0.000000    1.528333    5.030667   1.4700886048E-001
    0.000000    0.000000    1.530667    5.033000   1.4637781576E-001
    0.000000    0.000000    1.533000    5.035333   1.4574925814E-001
    0.000000    0.000000    1.535333    5.037667   1.4512318111E-001
    0.000000    0.000000    1.537667    5.040000   1.4449957836E-001
    0.000000    0.000000    1.540000    5.042333   1.4387844380E-001
    0.000000    0.000000    1.542333    5.044667   1.4325977153E-001
    0.000000    0.000000    1.544667    5.047000   1.4264355584E-001
    0.000000    0.000000    1.547000    5.049333   1.4202979117E-001
    0.000000    0.000000    1.549333    5.051667   1.4141847213E-001
    0.000000    0.000000    1.551667    5.054000   1.4080959349E-001
    0.000000    0.000000    1.554000    5.056333   1.4020315014E-001
    0.000000    0.000000    1.556333    5.058667   1.3959913711E-001
    0.000000    0.000000    1.558667    5.061000   1.3899754954E-001
    0.000000    0.000000    1.561000    5.063333   1.3839838268E-001
    0.000000    0.000000    1.563333    5.065667   1.3780163189E-001
    0.000000    0.000000    1.565667    5.068000   1.3720729259E-001
    0.000000    0.000000    1.568000    5.070333   1.3661536031E-001
    0.000000    0.000000    1.570333    5.072667   1.3602583064E-001
    0.000000    0.000000    1.572667    5.075000   1.3543869922E-001
    0.000000    0.000000    1.575000    5.077333   1.3485396177E-001
    0.000000    0.000000    1.577333    5.079667   1.3427161402E-001
    0.000000    0.000000    1.579667    5.082000   1.3369165178E-001
    0.000000    0.000000    1.582000    5.084333   1.3311407086E-001
    0.000000    0.000000    1.584333    5.086667   1.3253886710E-001
    0.000000    0.000000    1.586667    5.089000   1.3196603638E-001
    0.000000    0.000000    1.589000    5.091333   1.3139557455E-001
    0.000000    0.000000    1.591333    5.093667   1.3082747750E-001
    0.000000    0.000000    1.593667    5.096000   1.3026174110E-001
    0.000000    0.000000    1.596000    5.098333   1.2969836121E-001
    0.000000    0.000000    1.598333    5.100667   1.2913733368E-001
    0.000000    0.000000    1.600667    5.103000   1.2857865434E-001
    0.000000    0.000000    1.603000    5.105333   1.2802231900E-001
    0.000000    0.000000    1.605333    5.107667   1.2746832344E-001
    0.000000    0.000000    1.607667    5.110000   1.2691666340E-001
    0.000000    0.000000    1.610000    5.112333   1.2636733459E-001
    0.000000    0.000000    1.612333    5.114667   1.2582033265E-001
    0.000000    0.000000    1.614667    5.117000   1.2527565322E-001
    0.000000    0.000000    1.617000    5.119333   1.2473329185E-001
    0.000000    0.000000    1.619333    5.121667   1.2419324405E-001
    0.000000    0.000000    1.621667    5.124000   1.2365550528E-001
    0.000000    0.000000    1.624000    5.126333   1.2312007093E-001
    0.000000    0.000000    1.626333    5.128667   1.2258693632E-001
    0.000000    0.000000    1.628667    5.131000   1.2205609672E-001
    0.000000    0.000000    1.631000    5.133333   1.2152754732E-001
    0.000000    0.000000    1.633333    5.135667   1.2100128325E-001
    0.000000    0.000000    1.635667    5.138000   1.2047729955E-001
    0.000000    0.000000    1.638000    5.140333   1.1995559120E-001
    0.000000    0.000000    1.640333    5.142667   1.1943615310E-001
    0.000000    0.000000    1.642667    5.145000   1.1891898006E-001
    0.000000    0.000000    1.645000    5.147333   1.1840406683E-001
    0.000000    0.000000    1.647333    5.149667   1.1789140806E-001
    0.000000    0.000000    1.649667    5.152000   1.1738099833E-001
    0.000000    0.000000    1.652000    5.154333   1.1687283214E-001
    0.000000    0.000000    1.654333    5.156667   1.1636690388E-001
    0.000000    0.000000    1.656667    5.159000   1.1586320789E-001
    0.000000    0.000000    1.659000    5.161333   1.1536173840E-001
    0.000000    0.000000    1.661333    5.163667   1.1486248956E-001
    0.000000    0.000000    1.663667    5.166000   1.1436545545E-001
    0.000000    0.000000    1.666000    5.168333   1.1387063005E-001
    0.000000    0.000000    1.668333    5.170667   1.1337800725E-001
    0.000000    0.000000    1.670667    5.173000   1.1288758085E-001
    0.000000    0.000000    1.673000    5.175333   1.1239934459E-001
    0.000000    0.000000    1.675333    5.177667   1.1191329210E-001
    0.000000    0.000000    1.677667    5.180000   1.1142941694E-001
    0.000000    0.000000    1.680000    5.182333   1.1094771257E-001
    0.000000    0.000000    1.682333    5.184667   1.1046817238E-001
    0.000000    0.000000    1.684667    5.187000   1.0999078966E-001
    0.000000    0.000000    1.687000    5.189333   1.0951555765E-001
    0.000000    0.000000    1.689333    5.191667   1.0904246948E-001
    0.000000    0.000000    1.691667    5.194000   1.0857151820E-001
    0.000000    0.000000    1.694000    5.196333   1.0810269679E-001
    0.000000    0.000000    1.696333    5.198667   1.0763599815E-001
    0.000000    0.000000    1.698667    5.201000   1.0717141511E-001
    0.000000    0.000000    1.701000    5.203333   1.0670894040E-001
    0.000000    0.000000    1.703333    5.205667   1.0624856671E-001
    0.000000    0.000000    1.705667    5.208000   1.0579028662E-001
    0.000000    0.000000    1.708000    5.210333   1.0533409266E-001
    0.000000    0.000000    1.710333    5.212667   1.0487997730E-001
    0.000000    0.000000    1.712667    5.215000   1.0442793290E-001
    0.000000    0.000000    1.715000    5.217333   1.0397795180E-001
    0.000000    0.000000    1.717333    5.219667   1.0353002624E-001
    0.000000    0.000000    1.719667    5.222000   1.0308414841E-001
    0.000000    0.000000    1.722000    5.224333   1.0264031043E-001
    0.000000    0.000000    1.724333    5.226667   1.0219850438E-001
    0.000000    0.000000    1.726667    5.229000   1.0175872224E-001
    0.000000    0.000000    1.729000    5.231333   1.0132095597E-001
    0.000000    0.000000    1.731333    5.233667   1.0088519745E-001
    0.000000    0.000000    1.733667    5.236000   1.0045143853E-001
    0.000000    0.000000    1.736000    5.238333   1.0001967098E-001
    0.000000    0.000000    1.738333    5.240667   9.9589886538E-002
    0.000000    0.000000    1.740667    5.243000   9.9162076887E-002
    0.000000    0.000000    1.743000    5.245333   9.8736233662E-002
    0.000000    0.000000    1.745333    5.247667   9.8312348455E-002
    0.000000    0.000000    1.747667    5.250000   9.7890412813E-002
    0.000000    0.000000    1.750000    5.252333   9.7470418243E-002
    0.000000    0.000000    1.752333    5.254667   9.7052356210E-002
    0.000000    0.000000    1.754667    5.257000   9.6636218144E-002
    0.000000    0.000000    1.757000    5.259333   9.6221995437E-002
    0.000000    0.000000    1.759333    5.261667   9.5809679447E-002
    0.000000    0.000000    1.761667    5.264000   9.5399261501E-002
    0.000000    0.000000    1.764000    5.266333   9.4990732894E-002
    0.000000    0.000000    1.766333    5.268667   9.4584084895E-002
    0.000000    0.000000    1.768667    5.271000   9.4179308743E-002
    0.000000    0.000000    1.771000    5.273333   9.3776395654E-002
    0.000000    0.000000    1.773333    5.275667   9.3375336820E-002
    0.000000    0.000000    1.775667    5.278000   9.2976123414E-002
    0.000000    0.000000    1.778000    5.280333   9.2578746587E-002
    0.000000    0.000000    1.780333    5.282667   9.2183197474E-002
    0.000000    0.000000    1.782667    5.285000   9.1789467192E-002
    0.000000    0.000000    1.785000    5.287333   9.1397546846E-002
    0.000000    0.000000    1.787333    5.289667   9.1007427527E-002
    0.000000    0.000000    1.789667    5.292000   9.0619100317E-002
    0.000000    0.000000    1.792000    5.294333   9.0232556289E-002
    0.000000    0.000000    1.794333    5.296667   8.9847786506E-002
    0.000000    0.000000    1.796667    5.299000   8.9464782029E-002
    0.000000    0.000000    1.799000    5.301333   8.9083533913E-002
    0.000000    0.000000    1.801333    5.303667   8.8704033210E-002
    0.000000    0.000000    1.803667    5.306000   8.8326270974E-002
    0.000000    0.000000    1.806000    5.308333   8.7950238257E-002
    0.000000    0.000000    1.808333    5.310667   8.7575926116E-002
    0.000000    0.000000    1.810667    5.313000   8.7203325609E-002
    0.000000    0.000000    1.813000    5.315333   8.6832427803E-002
    0.000000    0.000000    1.815333    5.317667   8.6463223770E-002
    0.000000    0.000000    1.817667    5.320000   8.6095704589E-002
    0.000000    0.000000    1.820000    5.322333   8.5729861353E-002
    0.000000    0.000000    1.822333    5.324667   8.5365685164E-002
    0.000000    0.000000    1.824667    5.327000   8.5003167135E-002
    0.000000    0.000000    1.827000    5.329333   8.4642298396E-002
    0.000000    0.000000    1.829333    5.331667   8.4283070092E-002
    0.000000    0.000000    1.831667    5.334000   8.3925473384E-002
    0.000000    0.000000    1.834000    5.336333   8.3569499452E-002
    0.000000    0.000000    1.836333    5.338667   8.3215139493E-002
    0.000000    0.000000    1.838667    5.341000   8.2862384729E-002
    0.000000    0.000000    1.841000    5.343333   8.2511226399E-002
    0.000000    0.000000    1.843333    5.345667   8.2161655769E-002
    0.000000    0.000000    1.845667    5.348000   8.1813664126E-002
    0.000000    0.000000    1.848000    5.350333   8.1467242786E-002
    0.000000    0.000000    1.850333    5.352667   8.1122383087E-002
    0.000000    0.000000    1.852667    5.355000   8.0779076398E-002
    0.000000    0.000000    1.855000    5.357333   8.0437314117E-002
    0.000000    0.000000    1.857333    5.359667   8.0097087667E-002
    0.000000    0.000000    1.859667    5.362000   7.9758388507E-002
    0.000000    0.000000    1.862000    5.364333   7.9421208126E-002
    0.000000    0.000000    1.864333    5.366667   7.9085538042E-002
    0.000000    0.000000    1.866667    5.369000   7.8751369813E-002
    0.000000    0.000000    1.869000    5.371333   7.8418695025E-002
    0.000000    0.000000    1.871333    5.373667   7.8087505303E-002
    0.000000    0.000000    1.873667    5.376000   7.7757792309E-002
    0.000000    0.000000    1.876000    5.378333   7.7429547737E-002
    0.000000    0.000000    1.878333    5.380667   7.7102763325E-002
    0.000000    0.000000    1.880667    5.383000   7.6777430845E-002
    0.000000    0.000000    1.883000    5.385333   7.6453542109E-002
    0.000000    0.000000    1.885333    5.387667   7.6131088971E-002
    0.000000    0.000000    1.887667    5.390000   7.5810063324E-002
    0.000000    0.000000    1.890000    5.392333   7.5490457102E-002
    0.000000    0.000000    1.892333    5.394667   7.5172262282E-002
    0.000000    0.000000    1.894667    5.397000   7.4855470883E-002
    0.000000    0.000000    1.897000    5.399333   7.4540074968E-002
    0.000000    0.000000    1.899333    5.401667   7.4226066644E-002
    0.000000    0.000000    1.901667    5.404000   7.3913438059E-002
    0.000000    0.000000    1.904000    5.406333   7.3602181410E-002
    0.000000    0.000000    1.906333    5.408667   7.3292288938E-002
    0.000000    0.000000    1.908667    5.411000   7.2983752929E-002
    0.000000    0.000000    1.911000    5.413333   7.2676565716E-002
    0.000000    0.000000    1.913333    5.415667   7.2370719678E-002
    0.000000    0.000000    1.915667    5.418000   7.2066207242E-002
    0.000000    0.000000    1.918000    5.420333   7.1763020882E-002
    0.000000    0.000000    1.920333    5.422667   7.1461153120E-002
    0.000000    0.000000    1.922667    5.425000   7.1160596526E-002
    0.000000    0.000000    1.925000    5.427333   7.0861343720E-002
    0.000000    0.000000    1.927333    5.429667   7.0563387369E-002
    0.000000    0.000000    1.929667    5.432000   7.0266720189E-002
    0.000000    0.000000    1.932000    5.434333   6.9971334947E-002
    0.000000    0.000000    1.934333    5.436667   6.9677224458E-002
    0.000000    0.000000    1.936667    5.439000   6.9384381589E-002
    0.000000    0.000000    1.939000    5.441333   6.9092799256E-002
    0.000000    0.000000    1.941333    5.443667   6.8802470423E-002
    0.000000    0.000000    1.943667    5.446000   6.8513388108E-002
    0.000000    0.000000    1.946000    5.448333   6.8225545379E-002
    0.000000    0.000000    1.948333    5.450667   6.7938935352E-002
    0.000000    0.000000    1.950667    5.453000   6.7653551197E-002
    0.000000    0.000000    1.953000    5.455333   6.7369386132E-002
    0.000000    0.000000    1.955333    5.457667   6.7086433430E-002
    0.000000    0.000000    1.957667    5.460000   6.6804686410E-002
    0.000000    0.000000    1.960000    5.462333   6.6524138447E-002
    0.000000    0.000000    1.962333    5.464667   6.6244782965E-002
    0.000000    0.000000    1.964667    5.467000   6.5966613437E-002
    0.000000    0.000000    1.967000    5.469333   6.5689623392E-002
    0.000000    0.000000    1.969333    5.471667   6.5413806405E-002
    0.000000    0.000000    1.971667    5.474000   6.5139156107E-002
    0.000000    0.000000    1.974000    5.476333   6.4865666176E-002
    0.000000    0.000000    1.976333    5.478667   6.4593330343E-002
    0.000000    0.000000    1.978667    5.481000   6.4322142391E-002
    0.000000    0.000000    1.981000    5.483333   6.4052096151E-002
    0.000000    0.000000    1.983333    5.485667   6.3783185508E-002
    0.000000    0.000000    1.985667    5.488000   6.3515404395E-002
    0.000000    0.000000    1.988000    5.490333   6.3248746796E-002
    0.000000    0.000000    1.990333    5.492667   6.2983206748E-002
    0.000000    0.000000    1.992667    5.495000   6.2718778334E-002
    0.000000    0.000000    1.995000    5.497333   6.2455455691E-002
    0.000000    0.000000    1.997333    5.499667   6.2193233004E-002
    0.000000    0.000000    1.999667    5.502000   6.1932104508E-002
    0.000000    0.000000    2.002000    5.504333   6.1672064488E-002
    0.000000    0.000000    2.004333    5.506667   6.1413107277E-002
    0.000000    0.000000    2.006667    5.509000   6.1155227259E-002
    0.000000    0.000000    2.009000    5.511333   6.0898418866E-002
    0.000000    0.000000    2.011333    5.513667   6.0642676579E-002
    0.000000    0.000000    2.013667    5.516000   6.0387994926E-002
    0.000000    0.000000    2.016000    5.518333   6.0134368487E-002
    0.000000    0.000000    2.018333    5.520667   5.9881791885E-002
    0.000000    0.000000    2.020667    5.523000   5.9630259794E-002
    0.000000    0.000000    2.023000    5.525333   5.9379766935E-002
    0.000000    0.000000    2.025333    5.527667   5.9130308075E-002
    0.000000    0.000000    2.027667    5.530000   5.8881878029E-002
    0.000000    0.000000    2.030000    5.532333   5.8634471657E-002
    0.000000    0.000000    2.032333    5.534667   5.8388083867E-002
    0.000000    0.000000    2.034667    5.537000   5.8142709613E-002
    0.000000    0.000000    2.037000    5.539333   5.7898343892E-002
    0.000000    0.000000    2.039333    5.541667   5.7654981749E-002
    0.000000    0.000000    2.041667    5.544000   5.7412618274E-002
    0.000000    0.000000    2.044000    5.546333   5.7171248599E-002
    0.000000    0.000000    2.046333    5.548667   5.6930867903E-002
    0.000000    0.000000    2.048667    5.551000   5.6691471407E-002
    0.000000    0.000000    2.051000    5.553333   5.6453054376E-002
    0.000000    0.000000    2.053333    5.555667   5.6215612121E-002
    0.000000    0.000000    2.055667    5.558000   5.5979139991E-002
    0.000000    0.000000    2.058000    5.560333   5.5743633381E-002
    0.000000    0.000000    2.060333    5.562667   5.5509087728E-002
    0.000000    0.000000    2.062667    5.565000   5.5275498508E-002
    0.000000    0.000000    2.065000    5.567333   5.5042861241E-002
    0.000000    0.000000    2.067333    5.569667   5.4811171488E-002
    0.000000    0.000000    2.069667    5.572000   5.4580424849E-002
    0.000000    0.000000    2.072000    5.574333   5.4350616966E-002
    0.000000    0.000000    2.074333    5.576667   5.4121743518E-002
    0.000000    0.000000    2.076667    5.579000   5.3893800227E-002
    0.000000    0.000000    2.079000    5.581333   5.3666782852E-002
    0.000000    0.000000    2.081333    5.583667   5.3440687191E-002
    0.000000    0.000000    2.083667    5.586000   5.3215509081E-002
    0.000000    0.000000    2.086000    5.588333   5.2991244394E-002
    0.000000    0.000000    2.088333    5.590667   5.2767889044E-002
    0.000000    0.000000    2.090667    5.593000   5.2545438977E-002
    0.000000    0.000000    2.093000    5.595333   5.2323890181E-002
    0.000000    0.000000    2.095333    5.597667   5.2103238676E-002
    0.000000    0.000000    2.097667    5.600000   5.1883480519E-002
    0.000000    0.000000    2.100000    5.602333   5.1664611804E-002
    0.000000    0.000000    2.102333    5.604667   5.1446628657E-002
    0.000000    0.000000    2.104667    5.607000   5.1229527242E-002
    0.000000    0.000000    2.107000    5.609333   5.1013303754E-002
    0.000000    0.000000    2.109333    5.611667   5.0797954424E-002
    0.000000    0.000000    2.111667    5.614000   5.0583475515E-002
    0.000000    0.000000    2.114000    5.616333   5.0369863325E-002
    0.000000    0.000000    2.116333    5.618667   5.0157114182E-002
    0.000000    0.000000    2.118667    5.621000   4.9945224447E-002
    0.000000    0.000000    2.121000    5.623333   4.9734190513E-002
    0.000000    0.000000    2.123333    5.625667   4.9524008805E-002
    0.000000    0.000000    2.125667    5.628000   4.9314675777E-002
    0.000000    0.000000    2.128000    5.630333   4.9106187915E-002
    0.000000    0.000000    2.130333    5.632667   4.8898541736E-002
    0.000000    0.000000    2.132667    5.635000   4.8691733784E-002
    0.000000    0.000000    2.135000    5.637333   4.8485760634E-002
    0.000000    0.000000    2.137333    5.639667   4.8280618890E-002
    0.000000    0.000000    2.139667    5.642000   4.8076305184E-002
    0.000000    0.000000    2.142000    5.644333   4.7872816176E-002
    0.000000    0.000000    2.144333    5.646667   4.7670148553E-002
    0.000000    0.000000    2.146667    5.649000   4.7468299031E-002
    0.000000    0.000000    2.149000    5.651333   4.7267264353E-002
    0.000000    0.000000    2.151333    5.653667   4.7067041285E-002
    0.000000    0.000000    2.153667    5.656000   4.6867626623E-002
    0.000000    0.000000    2.156000    5.658333   4.6669017188E-002
    0.000000    0.000000    2.158333    5.660667   4.6471209825E-002
    0.000000    0.000000    2.160667    5.663000   4.6274201404E-002
    0.000000    0.000000    2.163000    5.665333   4.6077988821E-002
    0.000000    0.000000    2.165333    5.667667   4.5882568995E-002
    0.000000    0.000000    2.167667    5.670000   4.5687938869E-002
    0.000000    0.000000    2.170000    5.672333   4.5494095411E-002
    0.000000    0.000000    2.172333    5.674667   4.5301035609E-002
    0.000000    0.000000    2.174667    5.677000   4.5108756476E-002
    0.000000    0.000000    2.177000    5.679333   4.4917255048E-002
    0.000000    0.000000    2.179333    5.681667   4.4726528380E-002
    0.000000    0.000000    2.181667    5.684000   4.4536573552E-002
    0.000000    0.000000    2.184000    5.686333   4.4347387662E-002
    0.000000    0.000000    2.186333    5.688667   4.4158967832E-002
    0.000000    0.000000    2.188667    5.691000   4.3971311202E-002
    0.000000    0.000000    2.191000    5.693333   4.3784414935E-002
    0.000000    0.000000    2.193333    5.695667   4.3598276211E-002
    0.000000    0.000000    2.195667    5.698000   4.3412892231E-002
    0.000000    0.000000    2.198000    5.700333   4.3228260215E-002
    0.000000    0.000000    2.200333    5.702667   4.3044377402E-002
    0.000000    0.000000    2.202667    5.705000   4.2861241049E-002
    0.000000    0.000000    2.205000    5.707333   4.2678848433E-002
    0.000000    0.000000    2.207333    5.709667   4.2497196846E-002
    0.000000    0.000000    2.209667    5.712000   4.2316283600E-002
    0.000000    0.000000    2.212000    5.714333   4.2136106023E-002
    0.000000    0.000000    2.214333    5.716667   4.1956661460E-002
    0.000000    0.000000    2.216667    5.719000   4.1777947274E-002
    0.000000    0.000000    2.219000    5.721333   4.1599960842E-002
    0.000000    0.000000    2.221333    5.723667   4.1422699559E-002
    0.000000    0.000000    2.223667    5.726000   4.1246160836E-002
    0.000000    0.000000    2.226000    5.728333   4.1070342096E-002
    0.000000    0.000000    2.228333    5.730667   4.0895240782E-002
    0.000000    0.000000    2.230667    5.733000   4.0720854349E-002
    0.000000    0.000000    2.233000    5.735333   4.0547180267E-002
    0.000000    0.000000    2.235333    5.737667   4.0374216019E-002
    0.000000    0.000000    2.237667    5.740000   4.0201959106E-002
    0.000000    0.000000    2.240000    5.742333   4.0030407038E-002
    0.000000    0.000000    2.242333    5.744667   3.9859557342E-002
    0.000000    0.000000    2.244667    5.747000   3.9689407557E-002
    0.000000    0.000000    2.247000    5.749333   3.9519955233E-002
    0.000000    0.000000    2.249333    5.751667   3.9351197937E-002
    0.000000    0.000000    2.251667    5.754000   3.9183133245E-002
    0.000000    0.000000    2.254000    5.756333   3.9015758747E-002
    0.000000    0.000000    2.256333    5.758667   3.8849072043E-002
    0.000000    0.000000    2.258667    5.761000   3.8683070746E-002
    0.000000    0.000000    2.261000    5.763333   3.8517752482E-002
    0.000000    0.000000    2.263333    5.765667   3.8353114885E-002
    0.000000    0.000000    2.265667    5.768000   3.8189155604E-002
    0.000000    0.000000    2.268000    5.770333   3.8025872294E-002
    0.000000    0.000000    2.270333    5.772667   3.7863262625E-002
    0.000000    0.000000    2.272667    5.775000   3.7701324274E-002
    0.000000    0.000000    2.275000    5.777333   3.7540054931E-002
    0.000000    0.000000    2.277333    5.779667   3.7379452294E-002
    0.000000    0.000000    2.279667    5.782000   3.7219514072E-002
    0.000000    0.000000    2.282000    5.784333   3.7060237981E-002
    0.000000    0.000000    2.284333    5.786667   3.6901621750E-002
    0.000000    0.000000    2.286667    5.789000   3.6743663115E-002
    0.000000    0.000000    2.289000    5.791333   3.6586359821E-002
    0.000000    0.000000    2.291333    5.793667   3.6429709622E-002
    0.000000    0.000000    2.293667    5.796000   3.6273710280E-002
    0.000000    0.000000    2.296000    5.798333   3.6118359567E-002
    0.000000    0.000000    2.298333    5.800667   3.5963655262E-002
    0.000000    0.000000    2.300667    5.803000   3.5809595151E-002
    0.000000    0.000000    2.303000    5.805333   3.5656177030E-002
    0.000000    0.000000    2.305333    5.807667   3.5503398702E-002
    0.000000    0.000000    2.307667    5.810000   3.5351257977E-002
    0.000000    0.000000    2.310000    5.812333   3.5199752673E-002
    0.000000    0.000000    2.312333    5.814667   3.5048880614E-002
    0.000000    0.000000    2.314667    5.817000   3.4898639632E-002
    0.000000    0.000000    2.317000    5.819333   3.4749027566E-002
    0.000000    0.000000    2.319333    5.821667   3.4600042262E-002
    0.000000    0.000000    2.321667    5.824000   3.4451681572E-002
    0.000000    0.000000    2.324000    5.826333   3.4303943355E-002
    0.000000    0.000000    2.326333    5.828667   3.4156825475E-002
    0.000000    0.000000    2.328667    5.831000   3.4010325804E-002
    0.000000    0.000000    2.331000    5.833333   3.3864442219E-002
    0.000000    0.000000    2.333333    5.835667   3.3719172603E-002
    0.000000    0.000000    2.335667    5.838000   3.3574514846E-002
    0.000000    0.000000    2.338000    5.840333   3.3430466842E-002
    0.000000    0.000000    2.340333    5.842667   3.3287026492E-002
    0.000000    0.000000    2.342667    5.845000   3.3144191701E-002
    0.000000    0.000000    2.345000    5.847333   3.3001960380E-002
    0.000000    0.000000    2.347333    5.849667   3.2860330446E-002
    0.000000    0.000000    2.349667    5.852000   3.2719299821E-002
    0.000000    0.000000    2.352000    5.854333   3.2578866431E-002
    0.000000    0.000000    2.354333    5.856667   3.2439028208E-002
    0.000000    0.000000    2.356667    5.859000   3.2299783087E-002
    0.000000    0.000000    2.359000    5.861333   3.2161129011E-002
    0.000000    0.000000    2.361333    5.863667   3.2023063924E-002
    0.000000    0.000000    2.363667    5.866000   3.1885585778E-002
    0.000000    0.000000    2.366000    5.868333   3.1748692527E-002
    0.000000    0.000000    2.368333    5.870667   3.1612382130E-002
    0.000000    0.000000    2.370667    5.873000   3.1476652550E-002
    0.000000    0.000000    2.373000    5.875333   3.1341501756E-002
    0.000000    0.000000    2.375333    5.877667   3.1206927720E-002
    0.000000    0.000000    2.377667    5.880000   3.1072928417E-002
    0.000000    0.000000    2.380000    5.882333   3.0939501827E-002
    0.000000    0.000000    2.382333    5.884667   3.0806645934E-002
    0.000000    0.000000    2.384667    5.887000   3.0674358726E-002
    0.000000    0.000000    2.387000    5.889333   3.0542638195E-002
    0.000000    0.000000    2.389333    5.891667   3.0411482336E-002
    0.000000    0.000000    2.391667    5.894000   3.0280889149E-002
    0.000000    0.000000    2.394000    5.896333   3.0150856634E-002
    0.000000    0.000000    2.396333    5.898667   3.0021382800E-002
    0.000000    0.000000    2.398667    5.901000   2.9892465656E-002
    0.000000    0.000000    2.401000    5.903333   2.9764103215E-002
    0.000000    0.000000    2.403333    5.905667   2.9636293493E-002
    0.000000    0.000000    2.405667    5.908000   2.9509034512E-002
    0.000000    0.000000    2.408000    5.910333   2.9382324294E-002
    0.000000    0.000000    2.410333    5.912667   2.9256160865E-002
    0.000000    0.000000    2.412667    5.915000   2.9130542257E-002
    0.000000    0.000000    2.415000    5.917333   2.9005466502E-002
    0.000000    0.000000    2.417333    5.919667   2.8880931636E-002
    0.000000    0.000000    2.419667    5.922000   2.8756935700E-002
    0.000000    0.000000    2.422000    5.924333   2.8633476735E-002
    0.000000    0.000000    2.424333    5.926667   2.8510552787E-002
    0.000000    0.000000    2.426667    5.929000   2.8388161905E-002
    0.000000    0.000000    2.429000    5.931333   2.8266302142E-002
    0.000000    0.000000    2.431333    5.933667   2.8144971551E-002
    0.000000    0.000000    2.433667    5.936000   2.8024168190E-002
    0.000000    0.000000    2.436000    5.938333   2.7903890121E-002
    0.000000    0.000000    2.438333    5.940667   2.7784135407E-002
    0.000000    0.000000    2.440667    5.943000   2.7664902114E-002
    0.000000    0.000000    2.443000    5.945333   2.7546188312E-002
    0.000000    0.000000    2.445333    5.947667   2.7427992073E-002
    0.000000    0.000000    2.447667    5.950000   2.7310311473E-002
    0.000000    0.000000    2.450000    5.952333   2.7193144590E-002
    0.000000    0.000000    2.452333    5.954667   2.7076489504E-002
    0.000000    0.000000    2.454667    5.957000   2.6960344300E-002
    0.000000    0.000000    2.457000    5.959333   2.6844707064E-002
    0.000000    0.000000    2.459333    5.961667   2.6729575885E-002
    0.000000    0.000000    2.461667    5.964000   2.6614948856E-002
    0.000000    0.000000    2.464000    5.966333   2.6500824071E-002
    0.000000    0.000000    2.466333    5.968667   2.6387199630E-002
    0.000000    0.000000    2.468667    5.971000   2.6274073631E-002
    0.000000    0.000000    2.471000    5.973333   2.6161444180E-002
    0.000000    0.000000    2.473333    5.975667   2.6049309381E-002
    0.000000    0.000000    2.475667    5.978000   2.5937667345E-002
    0.000000    0.000000    2.478000    5.980333   2.5826516183E-002
    0.000000    0.000000    2.480333    5.982667   2.5715854009E-002
    0.000000    0.000000    2.482667    5.985000   2.5605678942E-002
    0.000000    0.000000    2.485000    5.987333   2.5495989101E-002
    0.000000    0.000000    2.487333    5.989667   2.5386782611E-002
    0.000000    0.000000    2.489667    5.992000   2.5278057596E-002
    0.000000    0.000000    2.492000    5.994333   2.5169812186E-002
    0.000000    0.000000    2.494333    5.996667   2.5062044512E-002
    0.000000    0.000000    2.496667    5.999000   2.4954752709E-002
    0.000000    0.000000    2.499000    6.001333   2.4847934915E-002
    0.000000    0.000000    2.501333    6.003667   2.4741589269E-002
    0.000000    0.000000    2.503667    6.006000   2.4635713915E-002
    0.000000    0.000000    2.506000    6.008333   2.4530307000E-002
    0.000000    0.000000    2.508333    6.010667   2.4425366672E-002
    0.000000    0.000000    2.510667    6.013000   2.4320891083E-002
    0.000000    0.000000    2.513000    6.015333   2.4216878388E-002
    0.000000    0.000000    2.515333    6.017667   2.4113326745E-002
    0.000000    0.000000    2.517667    6.020000   2.4010234315E-002
    0.000000    0.000000    2.520000    6.022333   2.3907599262E-002
    0.000000    0.000000    2.522333    6.024667   2.3805419754E-002
    0.000000    0.000000    2.524667    6.027000   2.3703693959E-002
    0.000000    0.000000    2.527000    6.029333   2.3602420051E-002
    0.000000    0.000000    2.529333    6.031667   2.3501596207E-002
    0.000000    0.000000    2.531667    6.034000   2.3401220605E-002
    0.000000    0.000000    2.534000    6.036333   2.3301291428E-002
    0.000000    0.000000    2.536333    6.038667   2.3201806861E-002
    0.000000    0.000000    2.538667    6.041000   2.3102765093E-002
    0.000000    0.000000    2.541000    6.043333   2.3004164316E-002
    0.000000    0.000000    2.543333    6.045667   2.2906002726E-002
    0.000000    0.000000    2.545667    6.048000   2.2808278520E-002
    0.000000    0.000000    2.548000    6.050333   2.2710989900E-002
    0.000000    0.000000    2.550333    6.052667   2.2614135070E-002
    0.000000    0.000000    2.552667    6.055000   2.2517712240E-002
    0.000000    0.000000    2.555000    6.057333   2.2421719621E-002
    0.000000    0.000000    2.557333    6.059667   2.2326155427E-002
    0.000000    0.000000    2.559667    6.062000   2.2231017876E-002
    0.000000    0.000000    2.562000    6.064333   2.2136305191E-002
    0.000000    0.000000    2.564333    6.066667   2.2042015597E-002
    0.000000    0.000000    2.566667    6.069000   2.1948147322E-002
    0.000000    0.000000    2.569000    6.071333   2.1854698597E-002
    0.000000    0.000000    2.571333    6.073667   2.1761667660E-002
    0.000000    0.000000    2.573667    6.076000   2.1669052748E-002
    0.000000    0.000000    2.576000    6.078333   2.1576852104E-002
    0.000000    0.000000    2.578333    6.080667   2.1485063975E-002
    0.000000    0.000000    2.580667    6.083000   2.1393686610E-002
    0.000000    0.000000    2.583000    6.085333   2.1302718264E-002
    0.000000    0.000000    2.585333    6.087667   2.1212157192E-002
    0.000000    0.000000    2.587667    6.090000   2.1122001656E-002
    0.000000    0.000000    2.590000    6.092333   2.1032249921E-002
    0.000000    0.000000    2.592333    6.094667   2.0942900255E-002
    0.000000    0.000000    2.594667    6.097000   2.0853950929E-002
    0.000000    0.000000    2.597000    6.099333   2.0765400220E-002
    0.000000    0.000000    2.599333    6.101667   2.0677246408E-002
    0.000000    0.000000    2.601667    6.104000   2.0589487776E-002
    0.000000    0.000000    2.604000    6.106333   2.0502122612E-002
    0.000000    0.000000    2.606333    6.108667   2.0415149206E-002
    0.000000    0.000000    2.608667    6.111000   2.0328565855E-002
    0.000000    0.000000    2.611000    6.113333   2.0242370858E-002
    0.000000    0.000000    2.613333    6.115667   2.0156562518E-002
    0.000000    0.000000    2.615667    6.118000   2.0071139142E-002
    0.000000    0.000000    2.618000    6.120333   1.9986099042E-002
    0.000000    0.000000    2.620333    6.122667   1.9901440533E-002
    0.000000    0.000000    2.622667    6.125000   1.9817161934E-002
    0.000000    0.000000    2.625000    6.127333   1.9733261570E-002
    0.000000    0.000000    2.627333    6.129667   1.9649737769E-002
    0.000000    0.000000    2.629667    6.132000   1.9566588861E-002
    0.000000    0.000000    2.632000    6.134333   1.9483813185E-002
    0.000000    0.000000    2.634333    6.136667   1.9401409079E-002
    0.000000    0.000000    2.636667    6.139000   1.9319374889E-002
    0.000000    0.000000    2.639000    6.141333   1.9237708964E-002
    0.000000    0.000000    2.641333    6.143667   1.9156409656E-002
    0.000000    0.000000    2.643667    6.146000   1.9075475325E-002
    0.000000    0.000000    2.646000    6.148333   1.8994904332E-002
    0.000000    0.000000    2.648333    6.150667   1.8914695043E-002
    0.000000    0.000000    2.650667    6.153000   1.8834845829E-002
    0.000000    0.000000    2.653000    6.155333   1.8755355065E-002
    0.000000    0.000000    2.655333    6.157667   1.8676221132E-002
    0.000000    0.000000    2.657667    6.160000   1.8597442413E-002
    0.000000    0.000000    2.660000    6.162333   1.8519017297E-002
    0.000000    0.000000    2.662333    6.164667   1.8440944178E-002
    0.000000    0.000000    2.664667    6.167000   1.8363221453E-002
    0.000000    0.000000    2.667000    6.169333   1.8285847525E-002
    0.000000    0.000000    2.669333    6.171667   1.8208820801E-002
    0.000000    0.000000    2.671667    6.174000   1.8132139693E-002
    0.000000    0.000000    2.674000    6.176333   1.8055802616E-002
    0.000000    0.000000    2.676333    6.178667   1.7979807993E-002
    0.000000    0.000000    2.678667    6.181000   1.7904154248E-002
    0.000000    0.000000    2.681000    6.183333   1.7828839812E-002
    0.000000    0.000000    2.683333    6.185667   1.7753863120E-002
    0.000000    0.000000    2.685667    6.188000   1.7679222612E-002
    0.000000    0.000000    2.688000    6.190333   1.7604916734E-002
    0.000000    0.000000    2.690333    6.192667   1.7530943934E-002
    0.000000    0.000000    2.692667    6.195000   1.7457302666E-002
    0.000000    0.000000    2.695000    6.197333   1.7383991391E-002
    0.000000    0.000000    2.697333    6.199667   1.7311008571E-002
    0.000000    0.000000    2.699667    6.202000   1.7238352677E-002
    0.000000    0.000000    2.702000    6.204333   1.7166022181E-002
    0.000000    0.000000    2.704333    6.206667   1.7094015563E-002
    0.000000    0.000000    2.706667    6.209000   1.7022331307E-002
    0.000000    0.000000    2.709000    6.211333   1.6950967900E-002
    0.000000    0.000000    2.711333    6.213667   1.6879923837E-002
    0.000000    0.000000    2.713667    6.216000   1.6809197617E-002
    0.000000    0.000000    2.716000    6.218333   1.6738787742E-002
    0.000000    0.000000    2.718333    6.220667   1.6668692722E-002
    0.000000    0.000000    2.720667    6.223000   1.6598911071E-002
    0.000000    0.000000    2.723000    6.225333   1.6529441306E-002
    0.000000    0.000000    2.725333    6.227667   1.6460281953E-002
    0.000000    0.000000    2.727667    6.230000   1.6391431540E-002
    0.000000    0.000000    2.730000    6.232333   1.6322888601E-002
    0.000000    0.000000    2.732333    6.234667   1.6254651675E-002
    0.000000    0.000000    2.734667    6.237000   1.6186719307E-002
    0.000000    0.000000    2.737000    6.239333   1.6119090046E-002
    0.000000    0.000000    2.739333    6.241667   1.6051762447E-002
    0.000000    0.000000    2.741667    6.244000   1.5984735070E-002
    0.000000    0.000000    2.744000    6.246333   1.5918006479E-002
    0.000000    0.000000    2.746333    6.248667   1.5851575245E-002
    0.000000    0.000000    2.748667    6.251000   1.5785439944E-002
    0.000000    0.000000    2.751000    6.253333   1.5719599156E-002
    0.000000    0.000000    2.753333    6.255667   1.5654051467E-002
    0.000000    0.000000    2.755667    6.258000   1.5588795469E-002
    0.000000    0.000000    2.758000    6.260333   1.5523829757E-002
    0.000000    0.000000    2.760333    6.262667   1.5459152933E-002
    0.000000    0.000000    2.762667    6.265000   1.5394763605E-002
    0.000000    0.000000    2.765000    6.267333   1.5330660385E-002
    0.000000    0.000000    2.767333    6.269667   1.5266841890E-002
    0.000000    0.000000    2.769667    6.272000   1.5203306744E-002
    0.000000    0.000000    2.772000    6.274333   1.5140053574E-002
    0.000000    0.000000    2.774333    6.276667   1.5077081014E-002
    0.000000    0.000000    2.776667    6.279000   1.5014387703E-002
    0.000000    0.000000    2.779000    6.281333   1.4951972286E-002
    0.000000    0.000000    2.781333    6.283667   1.4889833412E-002
    0.000000    0.000000    2.783667    6.286000   1.4827969736E-002
    0.000000    0.000000    2.786000    6.288333   1.4766379919E-002
    0.000000    0.000000    2.788333    6.290667   1.4705062625E-002
    0.000000    0.000000    2.790667    6.293000   1.4644016527E-002
    0.000000    0.000000    2.793000    6.295333   1.4583240301E-002
    0.000000    0.000000    2.795333    6.297667   1.4522732629E-002
    0.000000    0.000000    2.797667    6.300000   1.4462492197E-002
    0.000000    0.000000    2.800000    6.302333   1.4402517700E-002
    0.000000    0.000000    2.802333    6.304667   1.4342807834E-002
    0.000000    0.000000    2.804667    6.307000   1.4283361304E-002
    0.000000    0.000000    2.807000    6.309333   1.4224176819E-002
    0.000000    0.000000    2.809333    6.311667   1.4165253092E-002
    0.000000    0.000000    2.811667    6.314000   1.4106588844E-002
    0.000000    0.000000    2.814000    6.316333   1.4048182799E-002
    0.000000    0.000000    2.816333    6.318667   1.3990033690E-002
    0.000000    0.000000    2.818667    6.321000   1.3932140251E-002
    0.000000    0.000000    2.821000    6.323333   1.3874501224E-002
    0.000000    0.000000    2.823333    6.325667   1.3817115356E-002
    0.000000    0.000000    2.825667    6.328000   1.3759981399E-002
    0.000000    0.000000    2.828000    6.330333   1.3703098112E-002
    0.000000    0.000000    2.830333    6.332667   1.3646464258E-002
    0.000000    0.000000    2.832667    6.335000   1.3590078605E-002
    0.000000    0.000000    2.835000    6.337333   1.3533939927E-002
    0.000000    0.000000    2.837333    6.339667   1.3478047004E-002
    0.000000    0.000000    2.839667    6.342000   1.3422398622E-002
    0.000000    0.000000    2.842000    6.344333   1.3366993569E-002
    0.000000    0.000000    2.844333    6.346667   1.3311830643E-002
    0.000000    0.000000    2.846667    6.349000   1.3256908645E-002
    0.000000    0.000000    2.849000    6.351333   1.3202226381E-002
    0.000000    0.000000    2.851333    6.353667   1.3147782663E-002
    0.000000    0.000000    2.853667    6.356000   1.3093576310E-002
    0.000000    0.000000    2.856000    6.358333   1.3039606143E-002
    0.000000    0.000000    2.858333    6.360667   1.2985870993E-002
    0.000000    0.000000    2.860667    6.363000   1.2932369691E-002
    0.000000    0.000000    2.863000    6.365333   1.2879101078E-002
    0.000000    0.000000    2.865333    6.367667   1.2826063998E-002
    0.000000    0.000000    2.867667    6.370000   1.2773257301E-002
    0.000000    0.000000    2.870000    6.372333   1.2720679844E-002
    0.000000    0.000000    2.872333    6.374667   1.2668330485E-002
    0.000000    0.000000    2.874667    6.377000   1.2616208093E-002
    0.000000    0.000000    2.877000    6.379333   1.2564311537E-002
    0.000000    0.000000    2.879333    6.381667   1.2512639696E-002
    0.000000    0.000000    2.881667    6.384000   1.2461191452E-002
    0.000000    0.000000    2.884000    6.386333   1.2409965692E-002
    0.000000    0.000000    2.886333    6.388667   1.2358961310E-002
    0.000000    0.000000    2.888667    6.391000   1.2308177203E-002
    0.000000    0.000000    2.891000    6.393333   1.2257612276E-002
    0.000000    0.000000    2.893333    6.395667   1.2207265437E-002
    0.000000    0.000000    2.895667    6.398000   1.2157135602E-002
    0.000000    0.000000    2.898000    6.400333   1.2107221690E-002
    0.000000    0.000000    2.900333    6.402667   1.2057522625E-002
    0.000000    0.000000    2.902667    6.405000   1.2008037339E-002
    0.000000    0.000000    2.905000    6.407333   1.1958764767E-002
    0.000000    0.000000    2.907333    6.409667   1.1909703849E-002
    0.000000    0.000000    2.909667    6.412000   1.1860853532E-002
    0.000000    0.000000    2.912000    6.414333   1.1812212768E-002
    0.000000    0.000000    2.914333    6.416667   1.1763780513E-002
    0.000000    0.000000    2.916667    6.419000   1.1715555729E-002
    0.000000    0.000000    2.919000    6.421333   1.1667537384E-002
    0.000000    0.000000    2.921333    6.423667   1.1619724449E-002
    0.000000    0.000000    2.923667    6.426000   1.1572115903E-002
    0.000000    0.000000    2.926000    6.428333   1.1524710728E-002
    0.000000    0.000000    2.928333    6.430667   1.1477507912E-002
    0.000000    0.000000    2.930667    6.433000   1.1430506449E-002
    0.000000    0.000000    2.933000    6.435333   1.1383705337E-002
    0.000000    0.000000    2.935333    6.437667   1.1337103580E-002
    0.000000    0.000000    2.937667    6.440000   1.1290700186E-002
    0.000000    0.000000    2.940000    6.442333   1.1244494168E-002
    0.000000    0.000000    2.942333    6.444667   1.1198484547E-002
    0.000000    0.000000    2.944667    6.447000   1.1152670347E-002
    0.000000    0.000000    2.947000    6.449333   1.1107050595E-002
    0.000000    0.000000    2.949333    6.451667   1.1061624327E-002
    0.000000    0.000000    2.951667    6.454000   1.1016390582E-002
    0.000000    0.000000    2.954000    6.456333   1.0971348405E-002
    0.000000    0.000000    2.956333    6.458667   1.0926496844E-002
    0.000000    0.000000    2.958667    6.461000   1.0881834955E-002
    0.000000    0.000000    2.961000    6.463333   1.0837361796E-002
    0.000000    0.000000    2.963333    6.465667   1.0793076433E-002
    0.000000    0.000000    2.965667    6.468000   1.0748977935E-002
    0.000000    0.000000    2.968000    6.470333   1.0705065376E-002
    0.000000    0.000000    2.970333    6.472667   1.0661337835E-002
    0.000000    0.000000    2.972667    6.475000   1.0617794398E-002
    0.000000    0.000000    2.975000    6.477333   1.0574434154E-002
    0.000000    0.000000    2.977333    6.479667   1.0531256196E-002
    0.000000    0.000000    2.979667    6.482000   1.0488259624E-002
    0.000000    0.000000    2.982000    6.484333   1.0445443542E-002
    0.000000    0.000000    2.984333    6.486667   1.0402807059E-002
    0.000000    0.000000    2.986667    6.489000   1.0360349288E-002
    0.000000    0.000000    2.989000    6.491333   1.0318069349E-002
    0.000000    0.000000    2.991333    6.493667   1.0275966365E-002
    0.000000    0.000000    2.993667    6.496000   1.0234039463E-002
    0.000000    0.000000    2.996000    6.498333   1.0192287778E-002
    0.000000    0.000000    2.998333    6.500667   1.0150710446E-002
    0.000000    0.000000    3.000667    6.503000   1.0109306611E-002
    0.000000    0.000000    3.003000    6.505333   1.0068075420E-002
    0.000000    0.000000    3.005333    6.507667   1.0027016024E-002
    0.000000    0.000000    3.007667    6.510000   9.9861275814E-003
    0.000000    0.000000    3.010000    6.512333   9.9454092527E-003
    0.000000    0.000000    3.012333    6.514667   9.9048602044E-003
    0.000000    0.000000    3.014667    6.517000   9.8644796073E-003
    0.000000    0.000000    3.017000    6.519333   9.8242666367E-003
    0.000000    0.000000    3.019333    6.521667   9.7842204730E-003
    0.000000    0.000000    3.021667    6.524000   9.7443403006E-003
    0.000000    0.000000    3.024000    6.526333   9.7046253091E-003
    0.000000    0.000000    3.026333    6.528667   9.6650746921E-003
    0.000000    0.000000    3.028667    6.531000   9.6256876483E-003
    0.000000    0.000000    3.031000    6.533333   9.5864633806E-003
    0.000000    0.000000    3.033333    6.535667   9.5474010964E-003
    0.000000    0.000000    3.035667    6.538000   9.5085000079E-003
    0.000000    0.000000    3.038000    6.540333   9.4697593315E-003
    0.000000    0.000000    3.040333    6.542667   9.4311782881E-003
    0.000000    0.000000    3.042667    6.545000   9.3927561033E-003
    0.000000    0.000000    3.045000    6.547333   9.3544920069E-003
    0.000000    0.000000    3.047333    6.549667   9.3163852331E-003
    0.000000    0.000000    3.049667    6.552000   9.2784350206E-003
    0.000000    0.000000    3.052000    6.554333   9.2406406125E-003
    0.000000    0.000000    3.054333    6.556667   9.2030012562E-003
    0.000000    0.000000    3.056667    6.559000   9.1655162034E-003
    0.000000    0.000000    3.059000    6.561333   9.1281847101E-003
    0.000000    0.000000    3.061333    6.563667   9.0910060369E-003
    0.000000    0.000000    3.063667    6.566000   9.0539794482E-003
    0.000000    0.000000    3.066000    6.568333   9.0171042131E-003
    0.000000    0.000000    3.068333    6.570667   8.9803796048E-003
    0.000000    0.000000    3.070667    6.573000   8.9438049005E-003
    0.000000    0.000000    3.073000    6.575333   8.9073793820E-003
    0.000000    0.000000    3.075333    6.577667   8.8711023350E-003
    0.000000    0.000000    3.077667    6.580000   8.8349730494E-003
    0.000000    0.000000    3.080000    6.582333   8.7989908195E-003
    0.000000    0.000000    3.082333    6.584667   8.7631549435E-003
    0.000000    0.000000    3.084667    6.587000   8.7274647237E-003
    0.000000    0.000000    3.087000    6.589333   8.6919194665E-003
    0.000000    0.000000    3.089333    6.591667   8.6565184826E-003
    0.000000    0.000000    3.091667    6.594000   8.6212610865E-003
    0.000000    0.000000    3.094000    6.596333   8.5861465968E-003
    0.000000    0.000000    3.096333    6.598667   8.5511743362E-003
    0.000000    0.000000    3.098667    6.601000   8.5163436312E-003
    0.000000    0.000000    3.101000    6.603333   8.4816538126E-003
    0.000000    0.000000    3.103333    6.605667   8.4471042148E-003
    0.000000    0.000000    3.105667    6.608000   8.4126941765E-003
    0.000000    0.000000    3.108000    6.610333   8.3784230399E-003
    0.000000    0.000000    3.110333    6.612667   8.3442901515E-003
    0.000000    0.000000    3.112667    6.615000   8.3102948614E-003
    0.000000    0.000000    3.115000    6.617333   8.2764365236E-003
    0.000000    0.000000    3.117333    6.619667   8.2427144962E-003
    0.000000    0.000000    3.119667    6.622000   8.2091281408E-003
    0.000000    0.000000    3.122000    6.624333   8.1756768229E-003
    0.000000    0.000000    3.124333    6.626667   8.1423599118E-003
    0.000000    0.000000    3.126667    6.629000   8.1091767807E-003
    0.000000    0.000000    3.129000    6.631333   8.0761268062E-003
    0.000000    0.000000    3.131333    6.633667   8.0432093689E-003
    0.000000    0.000000    3.133667    6.636000   8.0104238531E-003
    0.000000    0.000000    3.136000    6.638333   7.9777696466E-003
    0.000000    0.000000    3.138333    6.640667   7.9452461410E-003
    0.000000    0.000000    3.140667    6.643000   7.9128527316E-003
    0.000000    0.000000    3.143000    6.645333   7.8805888171E-003
    0.000000    0.000000    3.145333    6.647667   7.8484537999E-003
    0.000000    0.000000    3.147667    6.650000   7.8164470862E-003
    0.000000    0.000000    3.150000    6.652333   7.7845680855E-003
    0.000000    0.000000    3.152333    6.654667   7.7528162108E-003
    0.000000    0.000000    3.154667    6.657000   7.7211908789E-003
    0.000000    0.000000    3.157000    6.659333   7.6896915100E-003
    0.000000    0.000000    3.159333    6.661667   7.6583175275E-003
    0.000000    0.000000    3.161667    6.664000   7.6270683587E-003
    0.000000    0.000000    3.164000    6.666333   7.5959434341E-003
    0.000000    0.000000    3.166333    6.668667   7.5649421876E-003
    0.000000    0.000000    3.168667    6.671000   7.5340640566E-003
    0.000000    0.000000    3.171000    6.673333   7.5033084820E-003
    0.000000    0.000000    3.173333    6.675667   7.4726749077E-003
    0.000000    0.000000    3.175667    6.678000   7.4421627814E-003
    0.000000    0.000000    3.178000    6.680333   7.4117715537E-003
    0.000000    0.000000    3.180333    6.682667   7.3815006788E-003
    0.000000    0.000000    3.182667    6.685000   7.3513496142E-003
    0.000000    0.000000    3.185000    6.687333   7.3213178204E-003
    0.000000    0.000000    3.187333    6.689667   7.2914047614E-003
    0.000000    0.000000    3.189667    6.692000   7.2616099044E-003
    0.000000    0.000000    3.192000    6.694333   7.2319327196E-003
    0.000000    0.000000    3.194333    6.696667   7.2023726807E-003
    0.000000    0.000000    3.196667    6.699000   7.1729292644E-003
    0.000000    0.000000    3.199000    6.701333   7.1436019505E-003
    0.000000    0.000000    3.201333    6.703667   7.1143902220E-003
    0.000000    0.000000    3.203667    6.706000   7.0852935652E-003
    0.000000    0.000000    3.206000    6.708333   7.0563114691E-003
    0.000000    0.000000    3.208333    6.710667   7.0274434261E-003
    0.000000    0.000000    3.210667    6.713000   6.9986889316E-003
    0.000000    0.000000    3.213000    6.715333   6.9700474839E-003
    0.000000    0.000000    3.215333    6.717667   6.9415185844E-003
    0.000000    0.000000    3.217667    6.720000   6.9131017376E-003
    0.000000    0.000000    3.220000    6.722333   6.8847964509E-003
    0.000000    0.000000    3.222333    6.724667   6.8566022346E-003
    0.000000    0.000000    3.224667    6.727000   6.8285186019E-003
    0.000000    0.000000    3.227000    6.729333   6.8005450692E-003
    0.000000    0.000000    3.229333    6.731667   6.7726811556E-003
    0.000000    0.000000    3.231667    6.734000   6.7449263831E-003
    0.000000    0.000000    3.234000    6.736333   6.7172802765E-003
    0.000000    0.000000    3.236333    6.738667   6.6897423636E-003
    0.000000    0.000000    3.238667    6.741000   6.6623121750E-003
    0.000000    0.000000    3.241000    6.743333   6.6349892441E-003
    0.000000    0.000000    3.243333    6.745667   6.6077731070E-003
    0.000000    0.000000    3.245667    6.748000   6.5806633027E-003
    0.000000    0.000000    3.248000    6.750333   6.5536593730E-003
    0.000000    0.000000    3.250333    6.752667   6.5267608622E-003
    0.000000    0.000000    3.252667    6.755000   6.4999673176E-003
    0.000000    0.000000    3.255000    6.757333   6.4732782891E-003
    0.000000    0.000000    3.257333    6.759667   6.4466933292E-003
    0.000000    0.000000    3.259667    6.762000   6.4202119931E-003
    0.000000    0.000000    3.262000    6.764333   6.3938338388E-003
    0.000000    0.000000    3.264333    6.766667   6.3675584268E-003
    0.000000    0.000000    3.266667    6.769000   6.3413853202E-003
    0.000000    0.000000    3.269000    6.771333   6.3153140848E-003
    0.000000    0.000000    3.271333    6.773667   6.2893442889E-003
    0.000000    0.000000    3.273667    6.776000   6.2634755033E-003
    0.000000    0.000000    3.276000    6.778333   6.2377073015E-003
    0.000000    0.000000    3.278333    6.780667   6.2120392595E-003
    0.000000    0.000000    3.280667    6.783000   6.1864709556E-003
    0.000000    0.000000    3.283000    6.785333   6.1610019709E-003
    0.000000    0.000000    3.285333    6.787667   6.1356318888E-003
    0.000000    0.000000    3.287667    6.790000   6.1103602952E-003
    0.000000    0.000000    3.290000    6.792333   6.0851867784E-003
    0.000000    0.000000    3.292333    6.794667   6.0601109292E-003
    0.000000    0.000000    3.294667    6.797000   6.0351323407E-003
    0.000000    0.000000    3.297000    6.799333   6.0102506085E-003
    0.000000    0.000000    3.299333    6.801667   5.9854653305E-003
    0.000000    0.000000    3.301667    6.804000   5.9607761069E-003
    0.000000    0.000000    3.304000    6.806333   5.9361825405E-003
    0.000000    0.000000    3.306333    6.808667   5.9116842362E-003
    0.000000    0.000000    3.308667    6.811000   5.8872808012E-003
    0.000000    0.000000    3.311000    6.813333   5.8629718451E-003
    0.000000    0.000000    3.313333    6.815667   5.8387569796E-003
    0.000000    0.000000    3.315667    6.818000   5.8146358189E-003
    0.000000    0.000000    3.318000    6.820333   5.7906079793E-003
    0.000000    0.000000    3.320333    6.822667   5.7666730794E-003
    0.000000    0.000000    3.322667    6.825000   5.7428307398E-003
    0.000000    0.000000    3.325000    6.827333   5.7190805835E-003
    0.000000    0.000000    3.327333    6.829667   5.6954222357E-003
    0.000000    0.000000    3.329667    6.832000   5.6718553237E-003
    0.000000    0.000000    3.332000    6.834333   5.6483794768E-003
    0.000000    0.000000    3.334333    6.836667   5.6249943267E-003
    0.000000    0.000000    3.336667    6.839000   5.6016995070E-003
    0.000000    0.000000    3.339000    6.841333   5.5784946536E-003
    0.000000    0.000000    3.341333    6.843667   5.5553794042E-003
    0.000000    0.000000    3.343667    6.846000   5.5323533988E-003
    0.000000    0.000000    3.346000    6.848333   5.5094162793E-003
    0.000000    0.000000    3.348333    6.850667   5.4865676900E-003
    0.000000    0.000000    3.350667    6.853000   5.4638072766E-003
    0.000000    0.000000    3.353000    6.855333   5.4411346874E-003
    0.000000    0.000000    3.355333    6.857667   5.4185495723E-003
    0.000000    0.000000    3.357667    6.860000   5.3960515834E-003
    0.000000    0.000000    3.360000    6.862333   5.3736403747E-003
    0.000000    0.000000    3.362333    6.864667   5.3513156021E-003
    0.000000    0.000000    3.364667    6.867000   5.3290769235E-003
    0.000000    0.000000    3.367000    6.869333   5.3069239986E-003
    0.000000    0.000000    3.369333    6.871667   5.2848564892E-003
    0.000000    0.000000    3.371667    6.874000   5.2628740589E-003
    0.000000    0.000000    3.374000    6.876333   5.2409763731E-003
    0.000000    0.000000    3.376333    6.878667   5.2191630990E-003
    0.000000    0.000000    3.378667    6.881000   5.1974339060E-003
    0.000000    0.000000    3.381000    6.883333   5.1757884650E-003
    0.000000    0.000000    3.383333    6.885667   5.1542264489E-003
    0.000000    0.000000    3.385667    6.888000   5.1327475322E-003
    0.000000    0.000000    3.388000    6.890333   5.1113513913E-003
    0.000000    0.000000    3.390333    6.892667   5.0900377046E-003
    0.000000    0.000000    3.392667    6.895000   5.0688061519E-003
    0.000000    0.000000    3.395000    6.897333   5.0476564150E-003
    0.000000    0.000000    3.397333    6.899667   5.0265881773E-003
    0.000000    0.000000    3.399667    6.902000   5.0056011239E-003
    0.000000    0.000000    3.402000    6.904333   4.9846949419E-003
    0.000000    0.000000    3.404333    6.906667   4.9638693197E-003
    0.000000    0.000000    3.406667    6.909000   4.9431239476E-003
    0.000000    0.000000    3.409000    6.911333   4.9224585176E-003
    0.000000    0.000000    3.411333    6.913667   4.9018727233E-003
    0.000000    0.000000    3.413667    6.916000   4.8813662599E-003
    0.000000    0.000000    3.416000    6.918333   4.8609388243E-003
    0.000000    0.000000    3.418333    6.920667   4.8405901150E-003
    0.000000    0.000000    3.420667    6.923000   4.8203198321E-003
    0.000000    0.000000    3.423000    6.925333   4.8001276773E-003
    0.000000    0.000000    3.425333    6.927667   4.7800133538E-003
    0.000000    0.000000    3.427667    6.930000   4.7599765665E-003
    0.000000    0.000000    3.430000    6.932333   4.7400170219E-003
    0.000000    0.000000    3.432333    6.934667   4.7201344279E-003
    0.000000    0.000000    3.434667    6.937000   4.7003284939E-003
    0.000000    0.000000    3.437000    6.939333   4.6805989309E-003
    0.000000    0.000000    3.439333    6.941667   4.6609454516E-003
    0.000000    0.000000    3.441667    6.944000   4.6413677698E-003
    0.000000    0.000000    3.444000    6.946333   4.6218656011E-003
    0.000000    0.000000    3.446333    6.948667   4.6024386624E-003
    0.000000    0.000000    3.448667    6.951000   4.5830866723E-003
    0.000000    0.000000    3.451000    6.953333   4.5638093504E-003
    0.000000    0.000000    3.453333    6.955667   4.5446064183E-003
    0.000000    0.000000    3.455667    6.958000   4.5254775986E-003
    0.000000    0.000000    3.458000    6.960333   4.5064226154E-003
    0.000000    0.000000    3.460333    6.962667   4.4874411944E-003
    0.000000    0.000000    3.462667    6.965000   4.4685330625E-003
    0.000000    0.000000    3.465000    6.967333   4.4496979480E-003
    0.000000    0.000000    3.467333    6.969667   4.4309355806E-003
    0.000000    0.000000    3.469667    6.972000   4.4122456915E-003
    0.000000    0.000000    3.472000    6.974333   4.3936280130E-003
    0.000000    0.000000    3.474333    6.976667   4.3750822789E-003
    0.000000    0.000000    3.476667    6.979000   4.3566082242E-003
    0.000000    0.000000    3.479000    6.981333   4.3382055855E-003
    0.000000    0.000000    3.481333    6.983667   4.3198741003E-003
    0.000000    0.000000    3.483667    6.986000   4.3016135076E-003
    0.000000    0.000000    3.486000    6.988333   4.2834235479E-003
    0.000000    0.000000    3.488333    6.990667   4.2653039626E-003
    0.000000    0.000000    3.490667    6.993000   4.2472544945E-003
    0.000000    0.000000    3.493000    6.995333   4.2292748878E-003
    0.000000    0.000000    3.495333    6.997667   4.2113648877E-003
    0.000000    0.000000    3.497667    7.000000   4.1935242409E-003
