,x,y,total energy,kinetic energy
0,2.9987407426090287,0.740748752283685,-1.65547963,1.6318096478053
1,2.9977413517820097,0.7407836517803875,-1.65547883,1.63178051306527
2,2.996741504086853,0.7408011041868248,-1.65547804,1.63176829117927
3,2.9957416563916968,0.740818556593262,-1.65547724,1.63175607841456
4,2.994741656391697,0.740818556593262,-1.65547643,1.63176077749452
5,2.9937418086965404,0.7408011041868248,-1.65547563,1.6317823891607
6,2.992741961001384,0.7407836517803875,-1.65547483,1.6318040085083
7,2.9917421133062274,0.7407661993739503,-1.65547402,1.6318256344908701
8,2.990742265611071,0.740748746967513,-1.65547321,1.63184726851222
9,2.989742265611071,0.740748746967513,-1.65547240,1.6318520020158398
10,2.9887424179159146,0.7407661993739503,-1.65547159,1.6318398329461201
11,2.9877424179159147,0.7407661993739503,-1.65547077,1.63184458669477
12,2.9867424179159148,0.7407661993739503,-1.65546995,1.6318493514565602
13,2.985742417915915,0.7407661993739503,-1.65546913,1.63185412855741
14,2.984742417915915,0.7407661993739503,-1.65546831,1.6318589202516
15,2.983742417915915,0.7407661993739503,-1.65546749,1.63186372476678
16,2.982742417915915,0.7407661993739503,-1.65546666,1.63186854460981
17,2.981742417915916,0.7407661993739503,-1.65546584,1.63187338002355
18,2.9807424179159154,0.7407661993739503,-1.65546501,1.63187823029202
19,2.9797424179159155,0.7407661993739503,-1.65546417,1.63188180255888
20,2.978742417915916,0.7407661993739503,-1.65546334,1.63188796750434
21,2.977742417915916,0.7407661993739503,-1.65546250,1.6318928416039102
22,2.976742417915916,0.7407661993739503,-1.65546167,1.6318976895319
23,2.975742417915916,0.7407661993739503,-1.65546083,1.63190253212278
24,2.974742417915916,0.7407661993739503,-1.65545999,1.63190513357194
25,2.973742417915916,0.7407661993739503,-1.65545914,1.63190973626597
26,2.9727424179159163,0.7407661993739503,-1.65545829,1.63191444337085
27,2.9717424179159164,0.7407661993739503,-1.65545745,1.63191930976163
28,2.9707424179159165,0.7407661993739503,-1.65545660,1.63192430319007
29,2.9697424179159166,0.7407661993739503,-1.65545574,1.63192937724842
30,2.9687424179159168,0.7407661993739503,-1.65545489,1.6319344976105699
31,2.967742417915917,0.7407661993739503,-1.65545403,1.63193960698327
32,2.966742417915917,0.7407661993739503,-1.65545317,1.63194465022494
33,2.965742417915917,0.7407661993739503,-1.65545231,1.63194961623569
34,2.964742417915917,0.7407661993739503,-1.65545145,1.63195471124997
35,2.9637425702207607,0.7407836517803875,-1.65545059,1.6319424473995399
36,2.962742570220761,0.7407836517803875,-1.65544972,1.63194725040624
37,2.961742570220761,0.7407836517803875,-1.65544885,1.63195205318042
38,2.960742570220761,0.7407836517803875,-1.65544798,1.63195690397123
39,2.959742570220761,0.7407836517803875,-1.65544711,1.6319618281285302
40,2.9587425702207613,0.7407836517803875,-1.65544623,1.63196893539499
41,2.9577425702207614,0.7407836517803875,-1.65544535,1.6319738827211299
42,2.956742570220761,0.7407836517803875,-1.65544447,1.63197885455171
43,2.9557425702207616,0.7407836517803875,-1.65544359,1.63198383002754
44,2.9547425702207617,0.7407836517803875,-1.65544271,1.63198878405831
45,2.953742570220762,0.7407836517803875,-1.65544182,1.63199373017262
46,2.952742570220762,0.7407836517803875,-1.65544093,1.63199867649717
47,2.951742570220762,0.7407836517803875,-1.65544004,1.6320036334295
48,2.950742570220762,0.7407836517803875,-1.65543915,1.63200860565554
49,2.9497425702207622,0.7407836517803875,-1.65543826,1.63201359207374
50,2.9487425702207624,0.7407836517803875,-1.65543736,1.6320185935861602
51,2.9477425702207625,0.7407836517803875,-1.65543646,1.63202360695527
52,2.9467425702207626,0.7407836517803875,-1.65543556,1.6320286331183098
53,2.9457425702207627,0.7407836517803875,-1.65543465,1.6320336704670502
54,2.944742570220763,0.7407836517803875,-1.65543375,1.6320387185374399
55,2.943742570220763,0.7407836517803875,-1.65543284,1.63204377706225
56,2.942742570220763,0.7407836517803875,-1.65543193,1.6320488461432
57,2.941742570220763,0.7407836517803875,-1.65543102,1.63205392427798
58,2.9407425702207632,0.7407836517803875,-1.65543011,1.6320590122359901
59,2.939742570220764,0.7407836517803875,-1.65542919,1.63206411023704
60,2.9387425702207635,0.7407836517803875,-1.65542827,1.63206921732075
61,2.937742570220764,0.7407836517803875,-1.65542735,1.63207433401561
62,2.936742570220764,0.7407836517803875,-1.65542643,1.63207945939973
63,2.935742570220764,0.7407836517803875,-1.65542550,1.6320845935001898
64,2.934742570220764,0.7407836517803875,-1.65542457,1.6320897364168498
65,2.933742570220764,0.7407836517803875,-1.65542364,1.63209488784599
66,2.932742570220764,0.7407836517803875,-1.65542271,1.6321000480721901
67,2.931742570220764,0.7407836517803875,-1.65542178,1.6321052168572598
68,2.9307425702207643,0.7407836517803875,-1.65542084,1.6321103941810402
69,2.9297425702207645,0.7407836517803875,-1.65541990,1.6321155798148501
70,2.928742570220765,0.7407836517803875,-1.65541896,1.63212077265365
71,2.9277425702207647,0.7407836517803875,-1.65541802,1.6321259733421
72,2.926742570220765,0.7407836517803875,-1.65541708,1.63213118204775
73,2.925742570220765,0.7407836517803875,-1.65541613,1.63213639782134
74,2.924742570220765,0.7407836517803875,-1.65541518,1.63214162179057
75,2.923742570220765,0.7407836517803875,-1.65541423,1.63214685393091
76,2.922742570220765,0.7407836517803875,-1.65541327,1.6321520932538598
77,2.9217425702207653,0.7407836517803875,-1.65541232,1.63215733869359
78,2.920742570220765,0.7407836517803875,-1.65541136,1.63216259566005
79,2.9197425702207656,0.7407836517803875,-1.65541039,1.63216785827939
80,2.9187425702207657,0.7407836517803875,-1.65540943,1.63217312923331
81,2.9177425702207658,0.7407836517803875,-1.65540847,1.63217840785777
82,2.916742570220766,0.7407836517803875,-1.65540750,1.6321836942863999
83,2.915742570220766,0.7407836517803875,-1.65540653,1.63218898995816
84,2.914742570220766,0.7407836517803875,-1.65540555,1.63219429277262
85,2.913742570220766,0.7407836517803875,-1.65540458,1.6321996026759003
86,2.9127425702207663,0.7407836517803875,-1.65540360,1.63220492237072
87,2.9117425702207664,0.7407836517803875,-1.65540262,1.6322102483349799
88,2.9107425702207665,0.7407836517803875,-1.65540164,1.63221558419774
89,2.9097425702207667,0.7407836517803875,-1.65540065,1.6322209232020901
90,2.9087425702207668,0.7407836517803875,-1.65539967,1.63222627095429
91,2.907742570220767,0.7407836517803875,-1.65539868,1.63223162780857
92,2.906742570220767,0.7407836517803875,-1.65539768,1.63223699155937
93,2.905742570220767,0.7407836517803875,-1.65539669,1.63224236402622
94,2.904742570220767,0.7407836517803875,-1.65539569,1.6322477424497102
95,2.903742570220768,0.7407836517803875,-1.65539469,1.63225312922604
96,2.9027425702207674,0.7407836517803875,-1.65539369,1.6322585266133602
97,2.9017425702207675,0.7407836517803875,-1.65539269,1.63226393141698
98,2.900742570220768,0.7407836517803875,-1.65539168,1.6322693473687302
99,2.899742570220768,0.7407836517803875,-1.65539067,1.63227477370984
100,2.898742570220768,0.7407836517803875,-1.65538966,1.6322802062224802
101,2.897742570220768,0.7407836517803875,-1.65538865,1.63228564782098
102,2.896742570220768,0.7407836517803875,-1.65538763,1.63229109614757
103,2.895742570220768,0.7407836517803875,-1.65538661,1.63229654914696
104,2.8947425702207683,0.7407836517803875,-1.65538559,1.63230200899363
105,2.8937425702207684,0.7407836517803875,-1.65538456,1.63230747305901
106,2.8927425702207685,0.7407836517803875,-1.65538354,1.63231294312619
107,2.8917425702207686,0.7407836517803875,-1.65538251,1.63231841811834
108,2.8907425702207687,0.7407836517803875,-1.65538147,1.6323239002390801
109,2.889742570220769,0.7407836517803875,-1.65538044,1.63232939003984
110,2.888742570220769,0.7407836517803875,-1.65537940,1.6323348854055202
111,2.887742570220769,0.7407836517803875,-1.65537836,1.6323403903915699
112,2.886742570220769,0.7407836517803875,-1.65537732,1.6323459038736798
113,2.8857425702207693,0.7407836517803875,-1.65537628,1.6323514250627698
114,2.8847425702207694,0.7407836517803875,-1.65537523,1.6323569595800502
115,2.883742570220769,0.7407836517803875,-1.65537418,1.63236250235233
116,2.8827425702207696,0.7407836517803875,-1.65537312,1.63236805326718
117,2.8817425702207697,0.7407836517803875,-1.65537207,1.63237361038082
118,2.88074257022077,0.7407836517803875,-1.65537101,1.63237917352583
119,2.8797427225256134,0.7408011041868248,-1.65536995,1.63236782496275
120,2.878742722525613,0.7408011041868248,-1.65536889,1.6323733974848103
121,2.8777427225256136,0.7408011041868248,-1.65536782,1.63237897655235
122,2.8767427225256137,0.7408011041868248,-1.65536675,1.63238456393502
123,2.875742722525614,0.7408011041868248,-1.65536568,1.6323901603308602
124,2.874742722525614,0.7408011041868248,-1.65536460,1.63239576376071
125,2.873742722525614,0.7408011041868248,-1.65536353,1.63240137310384
126,2.872742722525614,0.7408011041868248,-1.65536245,1.63240698766317
127,2.8717427225256142,0.7408011041868248,-1.65536137,1.63241030125321
128,2.8707427225256144,0.7408011041868248,-1.65536028,1.63241593057091
129,2.8697427225256145,0.7408011041868248,-1.65535919,1.63242156523626
130,2.8687427225256146,0.7408011041868248,-1.65535810,1.63242720546345
131,2.8677427225256147,0.7408011041868248,-1.65535701,1.63243285229385
132,2.866742722525615,0.7408011041868248,-1.65535591,1.6324385055025301
133,2.865742722525615,0.7408011041868248,-1.65535481,1.63244416520984
134,2.864742722525615,0.7408011041868248,-1.65535371,1.63244983234431
135,2.863742722525615,0.7408011041868248,-1.65535261,1.632455506612
136,2.8627427225256152,0.7408011041868248,-1.65535150,1.63246118876501
137,2.861742722525616,0.7408011041868248,-1.65535039,1.63246687860129
138,2.8607427225256155,0.7408011041868248,-1.65534928,1.63247257382419
139,2.859742722525616,0.7408011041868248,-1.65534816,1.63248057037961
140,2.858742722525616,0.7408011041868248,-1.65534704,1.63248627937775
141,2.857742722525616,0.7408011041868248,-1.65534592,1.6324919947979
142,2.856742722525616,0.7408011041868248,-1.65534480,1.63249771702374
143,2.855742722525616,0.7408011041868248,-1.65534367,1.6325034467882902
144,2.854742722525616,0.7408011041868248,-1.65534254,1.6325091826917
145,2.853742722525616,0.7408011041868248,-1.65534141,1.63251492717768
146,2.8527427225256163,0.7408011041868248,-1.65534027,1.63252067766858
147,2.8517427225256164,0.7408011041868248,-1.65533913,1.63252643528896
148,2.850742722525617,0.7408011041868248,-1.65533799,1.6325322002167
149,2.8497427225256167,0.7408011041868248,-1.65533685,1.63253797251755
150,2.8487427225256168,0.7408011041868248,-1.65533570,1.63254375199574
151,2.847742722525617,0.7408011041868248,-1.65533455,1.63254953707192
152,2.846742722525617,0.7408011041868248,-1.65533340,1.63255533110217
153,2.845742722525617,0.7408011041868248,-1.65533224,1.63256113109259
154,2.844742722525617,0.7408011041868248,-1.65533109,1.6325669383829
155,2.8437427225256173,0.7408011041868248,-1.65532992,1.6325727524356601
156,2.842742722525617,0.7408011041868248,-1.65532876,1.63257857438668
157,2.841742722525617,0.7408011041868248,-1.65532759,1.63258440218149
158,2.8407427225256177,0.7408011041868248,-1.65532642,1.63259023609616
159,2.8397427225256178,0.7408011041868248,-1.65532525,1.63259607605381
160,2.838742722525618,0.7408011041868248,-1.65532407,1.63260192130469
161,2.837742722525618,0.7408011041868248,-1.65532290,1.63260776933109
162,2.836742722525618,0.7408011041868248,-1.65532172,1.6326136331915002
163,2.835742722525618,0.7408011041868248,-1.65532053,1.63261950035881
164,2.8347427225256183,0.7408011041868248,-1.65531934,1.63262537390187
165,2.8337427225256184,0.7408011041868248,-1.65531815,1.63263125463564
166,2.8327427225256185,0.7408011041868248,-1.65531696,1.63263714414913
167,2.831742722525618,0.7408011041868248,-1.65531576,1.63264304219626
168,2.8307427225256188,0.7408011041868248,-1.65531456,1.63264895091038
169,2.829742722525619,0.7408011041868248,-1.65531336,1.63265487261794
170,2.828742722525619,0.7408011041868248,-1.65531216,1.63266080408575
171,2.827742722525619,0.7408011041868248,-1.65531095,1.63266674549587
172,2.826742722525619,0.7408011041868248,-1.65530974,1.6326726911365999
173,2.8257428748304627,0.740818556593262,-1.65530852,1.63266172217341
174,2.824742874830463,0.740818556593262,-1.65530731,1.63266767100798
175,2.823742874830463,0.740818556593262,-1.65530609,1.63267361884733
176,2.822742874830463,0.740818556593262,-1.65530487,1.63267956478888
177,2.821742874830463,0.740818556593262,-1.65530364,1.63268551246468
178,2.820742874830464,0.740818556593262,-1.65530241,1.63269146563038
179,2.819742874830464,0.740818556593262,-1.65530118,1.6326974242267
180,2.8187428748304635,0.740818556593262,-1.65529995,1.6327033914805198
181,2.817742874830464,0.740818556593262,-1.65529871,1.63270936977678
182,2.816742874830464,0.740818556593262,-1.65529747,1.63271536259365
183,2.815742874830464,0.740818556593262,-1.65529622,1.6327213636921099
184,2.814742874830464,0.740818556593262,-1.65529498,1.6327273765186399
185,2.813742874830464,0.740818556593262,-1.65529373,1.63273339952976
186,2.812742874830464,0.740818556593262,-1.65529248,1.6327394306618301
187,2.8117428748304643,0.740818556593262,-1.65529122,1.63274546660378
188,2.8107428748304644,0.740818556593262,-1.65528996,1.6327515096026801
189,2.8097428748304645,0.740818556593262,-1.65528870,1.63275755906964
190,2.8087428748304646,0.740818556593262,-1.65528744,1.6327636137777302
191,2.8077428748304647,0.740818556593262,-1.65528617,1.6327696747215201
192,2.806742874830465,0.740818556593262,-1.65528490,1.63277574242927
193,2.805742874830465,0.740818556593262,-1.65528362,1.63278181550229
194,2.804742874830465,0.740818556593262,-1.65528235,1.63278789549127
195,2.803742874830465,0.740818556593262,-1.65528107,1.6327939825522102
196,2.802742874830465,0.740818556593262,-1.65527979,1.63280007602195
197,2.8017428748304654,0.740818556593262,-1.65527850,1.63280617783699
198,2.800742874830465,0.740818556593262,-1.65527721,1.6328122870596098
199,2.7997428748304656,0.740818556593262,-1.65527592,1.6328184021464498
200,2.7987428748304657,0.740818556593262,-1.65527463,1.6328245246046
201,2.797742874830466,0.740818556593262,-1.65527333,1.6328306546237399
202,2.796742874830466,0.740818556593262,-1.65527203,1.6328367913467101
203,2.795742874830466,0.740818556593262,-1.65527072,1.63284293462043
204,2.794742874830466,0.740818556593262,-1.65526942,1.63284908396496
205,2.7937428748304662,0.740818556593262,-1.65526811,1.63285524139787
206,2.7927428748304663,0.740818556593262,-1.65526679,1.63286140481571
207,2.7917428748304665,0.740818556593262,-1.65526548,1.63286757544474
208,2.7907428748304666,0.740818556593262,-1.65526416,1.63287375236694
209,2.7897428748304667,0.740818556593262,-1.65526284,1.63287993635445
210,2.788742874830467,0.740818556593262,-1.65526151,1.63288613016168
211,2.787742874830467,0.740818556593262,-1.65526019,1.63289232986778
212,2.786742874830467,0.740818556593262,-1.65525885,1.63289853665907
213,2.785742874830467,0.740818556593262,-1.65525752,1.63290475202782
214,2.7847428748304672,0.740818556593262,-1.65525618,1.63291097645943
215,2.783742874830468,0.740818556593262,-1.65525484,1.63291720904005
216,2.7827428748304674,0.740818556593262,-1.65525350,1.63292344918372
217,2.781742874830468,0.740818556593262,-1.65525215,1.6329296977662198
218,2.780742874830468,0.740818556593262,-1.65525081,1.63293595401114
219,2.779743027135311,0.7408360089996993,-1.65524945,1.6329252925567201
220,2.778743027135312,0.7408360089996993,-1.65524810,1.6329315639277602
221,2.7777430271353114,0.7408360089996993,-1.65524674,1.63293784216597
222,2.7767430271353115,0.7408360089996993,-1.65524538,1.63294412559845
223,2.775743027135312,0.7408360089996993,-1.65524401,1.63295041638306
224,2.774743027135312,0.7408360089996993,-1.65524265,1.6329567125044
225,2.773743027135312,0.7408360089996993,-1.65524128,1.63296301568022
226,2.772743027135312,0.7408360089996993,-1.65523991,1.63296932614454
227,2.771743027135312,0.7408360089996993,-1.65523853,1.63297564367783
228,2.770743027135312,0.7408360089996993,-1.65523715,1.6329819702207602
229,2.7697430271353123,0.7408360089996993,-1.65523577,1.63298830492197
230,2.7687430271353124,0.7408360089996993,-1.65523438,1.63299464786538
231,2.7677430271353125,0.7408360089996993,-1.65523299,1.63300099881537
232,2.7667430271353126,0.7408360089996993,-1.65523160,1.63300735808299
233,2.7657430271353127,0.7408360089996993,-1.65523021,1.63301372534715
234,2.764743027135313,0.7408360089996993,-1.65522881,1.63302009804887
235,2.763743027135313,0.7408360089996993,-1.65522741,1.63302676806209
236,2.762743027135313,0.7408360089996993,-1.65522601,1.6330328665894
237,2.761743027135313,0.7408360089996993,-1.65522460,1.63303926031649
238,2.7607430271353133,0.7408360089996993,-1.65522320,1.63304566157798
239,2.7597430271353134,0.7408360089996993,-1.65522178,1.63305206983378
240,2.758743027135313,0.7408360089996993,-1.65522037,1.6330584869977502
241,2.7577430271353136,0.7408360089996993,-1.65521895,1.63306491122902
242,2.7567430271353137,0.7408360089996993,-1.65521753,1.63307134198683
243,2.755743027135314,0.7408360089996993,-1.65521611,1.63307778314101
244,2.754743027135314,0.7408360089996993,-1.65521468,1.63308423216662
245,2.753743027135314,0.7408360089996993,-1.65521325,1.6330906911506502
246,2.752743027135314,0.7408360089996993,-1.65521182,1.6330971589735102
247,2.7517430271353143,0.7408360089996993,-1.65521038,1.63310363607313
248,2.7507430271353144,0.7408360089996993,-1.65520894,1.6331101229089
249,2.7497430271353145,0.7408360089996993,-1.65520750,1.63311662062823
250,2.7487430271353146,0.7408360089996993,-1.65520606,1.63312312637658
251,2.7477430271353147,0.7408360089996993,-1.65520461,1.63312964204351
252,2.746743027135315,0.7408360089996993,-1.65520316,1.63313616761319
253,2.745743027135315,0.7408360089996993,-1.65520171,1.6331426990128102
254,2.744743027135315,0.7408360089996993,-1.65520025,1.6331492397093
255,2.7437431794401586,0.7408534614061365,-1.65519879,1.63313885702274
256,2.7427431794401587,0.7408534614061365,-1.65519733,1.6331454138547399
257,2.7417431794401588,0.7408534614061365,-1.65519586,1.63315197386834
258,2.740743179440159,0.7408534614061365,-1.65519439,1.6331585413326701
259,2.739743179440159,0.7408534614061365,-1.65519292,1.6331651152426
260,2.738743179440159,0.7408534614061365,-1.65519145,1.6331716927844
261,2.737743179440159,0.7408534614061365,-1.65518997,1.63317827875003
262,2.73674317944016,0.7408534614061365,-1.65518849,1.63318487093433
263,2.7357431794401594,0.7408534614061365,-1.65518700,1.6331914686891
264,2.7347431794401595,0.7408534614061365,-1.65518552,1.63319807524223
265,2.73374317944016,0.7408534614061365,-1.65518403,1.6332046867634
266,2.73274317944016,0.7408534614061365,-1.65518253,1.63321130686597
267,2.73174317944016,0.7408534614061365,-1.65518104,1.63321793311735
268,2.73074317944016,0.7408534614061365,-1.65517954,1.63322456867283
269,2.72974317944016,0.7408534614061365,-1.65517804,1.63323120859643
270,2.72874317944016,0.7408534614061365,-1.65517653,1.6332378538515
271,2.7277431794401603,0.7408534614061365,-1.65517502,1.63324450893314
272,2.7267431794401604,0.7408534614061365,-1.65517351,1.63325116872628
273,2.7257431794401605,0.7408534614061365,-1.65517200,1.63325783629741
274,2.7247431794401606,0.7408534614061365,-1.65517048,1.6332645119753098
275,2.7237431794401608,0.7408534614061365,-1.65516896,1.63327119409518
276,2.722743179440161,0.7408534614061365,-1.65516743,1.63327788363388
277,2.721743179440161,0.7408534614061365,-1.65516591,1.6332845797401099
278,2.720743179440161,0.7408534614061365,-1.65516438,1.63329128340581
279,2.7197433317450046,0.7408709138125738,-1.65516284,1.63328106251446
280,2.7187433317450047,0.7408709138125738,-1.65516131,1.63328777921094
281,2.717743331745005,0.7408709138125738,-1.65515977,1.6332945043009799
282,2.716743331745005,0.7408709138125738,-1.65515822,1.63330123618536
283,2.715743331745005,0.7408709138125738,-1.65515668,1.63330797455383
284,2.714743331745005,0.7408709138125738,-1.65515513,1.6333147233897098
285,2.7137433317450053,0.7408709138125738,-1.65515358,1.6333214770170401
286,2.7127433317450054,0.7408709138125738,-1.65515202,1.63332823843589
287,2.711743331745005,0.7408709138125738,-1.65515046,1.6333350071220698
288,2.7107433317450056,0.7408709138125738,-1.65514890,1.63334178369108
289,2.7097433317450057,0.7408709138125738,-1.65514734,1.6333485684939602
290,2.708743331745006,0.7408709138125738,-1.65514577,1.63335535915932
291,2.707743331745006,0.7408709138125738,-1.65514420,1.6333621580864501
292,2.706743331745006,0.7408709138125738,-1.65514262,1.63336896442534
293,2.705743331745006,0.7408709138125738,-1.65514104,1.63337577800506
294,2.7047433317450063,0.7408709138125738,-1.65513946,1.6333825992164601
295,2.7037433317450064,0.7408709138125738,-1.65513788,1.6333894260581299
296,2.7027433317450065,0.7408709138125738,-1.65513629,1.6333962618921198
297,2.7017433317450066,0.7408709138125738,-1.65513470,1.63340310573126
298,2.7007433317450067,0.7408709138125738,-1.65513311,1.63340995698359
299,2.699743331745007,0.7408709138125738,-1.65513151,1.63341681552631
300,2.698743331745007,0.7408709138125738,-1.65512991,1.6334236812073302
301,2.697743331745007,0.7408709138125738,-1.65512831,1.63343055498159
302,2.696743331745007,0.7408709138125738,-1.65512670,1.6334374354388999
303,2.6957433317450072,0.7408709138125738,-1.65512509,1.6334443237717702
304,2.694743331745008,0.7408709138125738,-1.65512348,1.63345121925766
305,2.6937433317450075,0.7408709138125738,-1.65512186,1.63345812145913
306,2.692743331745008,0.7408709138125738,-1.65512024,1.63346503041531
307,2.691743331745008,0.7408709138125738,-1.65511862,1.63347194683759
308,2.690743331745008,0.7408709138125738,-1.65511699,1.63347887021729
309,2.689743331745008,0.7408709138125738,-1.65511536,1.63348580075416
310,2.688743331745008,0.7408709138125738,-1.65511373,1.6334927389385698
311,2.687743331745008,0.7408709138125738,-1.65511209,1.6334996823969
312,2.686743331745008,0.7408709138125738,-1.65511045,1.63350663379681
313,2.685743484049852,0.740888366219011,-1.65510881,1.63349665762788
314,2.684743484049852,0.740888366219011,-1.65510716,1.63350362332222
315,2.683743484049852,0.740888366219011,-1.65510551,1.63351059642609
316,2.682743484049852,0.740888366219011,-1.65510386,1.6335175772487
317,2.681743484049852,0.740888366219011,-1.65510220,1.63352456501094
318,2.6807434840498523,0.740888366219011,-1.65510054,1.63353156096352
319,2.6797434840498524,0.740888366219011,-1.65509888,1.63353856426414
320,2.6787434840498525,0.740888366219011,-1.65509721,1.63354557529773
321,2.6777434840498526,0.740888366219011,-1.65509554,1.63355259414275
322,2.6767434840498527,0.740888366219011,-1.65509387,1.6335596206264498
323,2.675743484049853,0.740888366219011,-1.65509219,1.6335666547505001
324,2.674743484049853,0.740888366219011,-1.65509051,1.63357369667792
325,2.673743484049853,0.740888366219011,-1.65508883,1.6335807460393799
326,2.672743484049853,0.740888366219011,-1.65508714,1.63358780290858
327,2.6717434840498533,0.740888366219011,-1.65508545,1.63359486690006
328,2.6707434840498534,0.740888366219011,-1.65508376,1.6336019380881202
329,2.669743484049853,0.740888366219011,-1.65508206,1.6336090163425399
330,2.6687434840498536,0.740888366219011,-1.65508036,1.6336161017296198
331,2.6677434840498537,0.740888366219011,-1.65507865,1.63362319371046
332,2.666743484049854,0.740888366219011,-1.65507695,1.63363029223355
333,2.6657436363546974,0.7409058186254482,-1.65507524,1.63362045961271
334,2.664743636354697,0.7409058186254482,-1.65507352,1.6336275708649801
335,2.6637436363546976,0.7409058186254482,-1.65507180,1.63363468884832
336,2.6627436363546977,0.7409058186254482,-1.65507008,1.63364181289687
337,2.661743636354698,0.7409058186254482,-1.65506836,1.6336489452438698
338,2.660743636354698,0.7409058186254482,-1.65506663,1.63365608300223
339,2.659743636354698,0.7409058186254482,-1.65506489,1.6336632269255498
340,2.658743636354698,0.7409058186254482,-1.65506316,1.63367037886993
341,2.6577436363546982,0.7409058186254482,-1.65506142,1.63367753911945
342,2.6567436363546983,0.7409058186254482,-1.65505968,1.63368470553215
343,2.6557436363546985,0.7409058186254482,-1.65505793,1.6336918790600699
344,2.6547436363546986,0.7409058186254482,-1.65505618,1.63369905938774
345,2.6537436363546987,0.7409058186254482,-1.65505442,1.63370614781602
346,2.652743636354699,0.7409058186254482,-1.65505267,1.63371344186076
347,2.651743636354699,0.7409058186254482,-1.65505091,1.63372064305645
348,2.650743636354699,0.7409058186254482,-1.65504914,1.63372785095991
349,2.649743636354699,0.7409058186254482,-1.65504737,1.63373506443682
350,2.6487436363546992,0.7409058186254482,-1.65504560,1.63374228473986
351,2.6477436363547,0.7409058186254482,-1.65504383,1.6337495121305499
352,2.6467436363546994,0.7409058186254482,-1.65504205,1.6337567460573
353,2.6457436363547,0.7409058186254482,-1.65504026,1.6337639864808202
354,2.6447436363547,0.7409058186254482,-1.65503848,1.63377123432175
355,2.643743788659543,0.7409232710318855,-1.65503669,1.63376154833522
356,2.642743788659544,0.7409232710318855,-1.65503489,1.6337688099249799
357,2.6417437886595434,0.7409232710318855,-1.65503309,1.63377607841467
358,2.6407437886595435,0.7409232710318855,-1.65503129,1.63378335395437
359,2.639743788659544,0.7409232710318855,-1.65502949,1.6337906359376602
360,2.638743788659544,0.7409232710318855,-1.65502768,1.63379792447842
361,2.637743788659544,0.7409232710318855,-1.65502587,1.63380522027032
362,2.636743788659544,0.7409232710318855,-1.65502405,1.63381252291064
363,2.635743788659544,0.7409232710318855,-1.65502223,1.63381983214357
364,2.634743788659544,0.7409232710318855,-1.65502041,1.63382714853614
365,2.6337437886595443,0.7409232710318855,-1.65501858,1.63383447105268
366,2.6327437886595444,0.7409232710318855,-1.65501675,1.63384180062735
367,2.6317437886595445,0.7409232710318855,-1.65501491,1.63384913735817
368,2.6307437886595446,0.7409232710318855,-1.65501307,1.63385648078905
369,2.629743940964388,0.7409407234383227,-1.65501123,1.6338468885517299
370,2.628743940964388,0.7409407234383227,-1.65500938,1.63385424614163
371,2.6277439409643883,0.7409407234383227,-1.65500753,1.63386161083606
372,2.6267439409643885,0.7409407234383227,-1.65500568,1.63386898300098
373,2.625743940964389,0.7409407234383227,-1.65500382,1.63387636271674
374,2.6247439409643887,0.7409407234383227,-1.65500196,1.6338837494357499
375,2.623743940964389,0.7409407234383227,-1.65500009,1.6338911434399201
376,2.622743940964389,0.7409407234383227,-1.65499822,1.6338985445001
377,2.621743940964389,0.7409407234383227,-1.65499635,1.63390595298976
378,2.620743940964389,0.7409407234383227,-1.65499447,1.6339133685998202
379,2.619743940964389,0.7409407234383227,-1.65499259,1.63392079142925
380,2.6187439409643893,0.7409407234383227,-1.65499071,1.6339282221053302
381,2.617743940964389,0.7409407234383227,-1.65498882,1.6339356582014402
382,2.6167439409643896,0.7409407234383227,-1.65498692,1.6339431018969601
383,2.6157439409643897,0.7409407234383227,-1.65498503,1.63395055235659
384,2.61474394096439,0.7409407234383227,-1.65498313,1.6339580097281998
385,2.61374394096439,0.7409407234383227,-1.65498122,1.63396547460948
386,2.61274394096439,0.7409407234383227,-1.65497931,1.63397294598964
387,2.61174394096439,0.7409407234383227,-1.65497740,1.6339804244860998
388,2.61074394096439,0.7409407234383227,-1.65497548,1.63398790983045
389,2.6097439409643903,0.7409407234383227,-1.65497356,1.6339954037685
390,2.6087439409643904,0.7409407234383227,-1.65497164,1.63400290135667
391,2.607744093269234,0.74095817584476,-1.65496971,1.6339934620778598
392,2.606744093269234,0.74095817584476,-1.65496778,1.6340009758101
393,2.605744093269234,0.74095817584476,-1.65496584,1.63400849637563
394,2.6047440932692343,0.74095817584476,-1.65496390,1.63401602421497
395,2.6037440932692344,0.74095817584476,-1.65496196,1.63402355935128
396,2.6027440932692345,0.74095817584476,-1.65496001,1.63403110150806
397,2.6017440932692346,0.74095817584476,-1.65495806,1.6340386510846
398,2.6007440932692347,0.74095817584476,-1.65495611,1.63404620781031
399,2.599744093269235,0.74095817584476,-1.65495415,1.63405377183873
400,2.598744093269235,0.74095817584476,-1.65495218,1.63406134242855
401,2.597744093269235,0.74095817584476,-1.65495022,1.63406892063909
402,2.596744093269235,0.74095817584476,-1.65494824,1.6340765061098699
403,2.595744093269236,0.74095817584476,-1.65494627,1.63408409928599
404,2.5947440932692354,0.74095817584476,-1.65494429,1.6340916991844199
405,2.593744245574079,0.7409756282511972,-1.65494231,1.6340823568686798
406,2.592744245574079,0.7409756282511972,-1.65494032,1.63408996983707
407,2.591744245574079,0.7409756282511972,-1.65493833,1.63409759024288
408,2.5907442455740792,0.7409756282511972,-1.65493633,1.63410521725163
409,2.58974424557408,0.7409756282511972,-1.65493433,1.6341128516997299
410,2.5887442455740795,0.7409756282511972,-1.65493233,1.6341204928048
411,2.58774424557408,0.7409756282511972,-1.65493032,1.6341281404980998
412,2.58674424557408,0.7409756282511972,-1.65492831,1.634135795203
413,2.58574424557408,0.7409756282511972,-1.65492629,1.63414345686451
414,2.58474424557408,0.7409756282511972,-1.65492428,1.63415112549099
415,2.58374424557408,0.7409756282511972,-1.65492225,1.63415880105546
416,2.58274424557408,0.7409756282511972,-1.65492022,1.63416648367156
417,2.58174424557408,0.7409756282511972,-1.65491819,1.63417417269198
418,2.5807442455740803,0.7409756282511972,-1.65491616,1.6341818688448502
419,2.5797442455740804,0.7409756282511972,-1.65491412,1.6341895723581201
420,2.578744245574081,0.7409756282511972,-1.65491207,1.6341972824741702
421,2.577744397878924,0.7409930806576345,-1.65491003,1.63418804819152
422,2.576744397878924,0.7409930806576345,-1.65490798,1.6341957718778
423,2.5757443978789243,0.7409930806576345,-1.65490592,1.63420350260096
424,2.5747443978789244,0.7409930806576345,-1.65490386,1.63421124036533
425,2.5737443978789245,0.7409930806576345,-1.65490180,1.63421898501598
426,2.5727443978789246,0.7409930806576345,-1.65489973,1.63422673678215
427,2.5717443978789247,0.7409930806576345,-1.65489766,1.63423449559574
428,2.570744397878925,0.7409930806576345,-1.65489558,1.63424226217358
429,2.569744397878925,0.7409930806576345,-1.65489350,1.63425003575445
430,2.568744397878925,0.7409930806576345,-1.65489142,1.63425781621007
431,2.567744397878925,0.7409930806576345,-1.65488933,1.6342656040856602
432,2.5667443978789253,0.7409930806576345,-1.65488724,1.63427339929738
433,2.565744550183769,0.7410105330640717,-1.65488514,1.63426424781795
434,2.564744550183769,0.7410105330640717,-1.65488304,1.6342720556275
435,2.563744550183769,0.7410105330640717,-1.65488094,1.6342798715832898
436,2.562744550183769,0.7410105330640717,-1.65487883,1.63428769514418
437,2.561744550183769,0.7410105330640717,-1.65487672,1.63429552573657
438,2.5607445501837693,0.7410105330640717,-1.65487460,1.63430336323092
439,2.559744550183769,0.7410105330640717,-1.65487248,1.6343112086103901
440,2.5587445501837696,0.7410105330640717,-1.65487036,1.63431906013738
441,2.5577445501837697,0.7410105330640717,-1.65486823,1.6343269197566999
442,2.55674455018377,0.7410105330640717,-1.65486610,1.63433478747729
443,2.55574455018377,0.7410105330640717,-1.65486396,1.63434266291852
444,2.55474455018377,0.7410105330640717,-1.65486182,1.63435054436365
445,2.55374455018377,0.7410105330640717,-1.65485968,1.63435843384608
446,2.5527445501837702,0.7410105330640717,-1.65485753,1.63436633027817
447,2.5517447024886137,0.741027985470509,-1.65485538,1.6343572781904
448,2.550744702488614,0.741027985470509,-1.65485322,1.63436518986041
449,2.549744702488614,0.741027985470509,-1.65485106,1.6343731087313
450,2.548744702488614,0.741027985470509,-1.65484890,1.6343810340584999
451,2.547744702488614,0.741027985470509,-1.65484673,1.6343889672552598
452,2.5467447024886143,0.741027985470509,-1.65484456,1.6343969068903
453,2.5457447024886144,0.741027985470509,-1.65484238,1.63440485417254
454,2.5447447024886145,0.741027985470509,-1.65484020,1.63441280859002
455,2.5437447024886146,0.741027985470509,-1.65483802,1.63442077002337
456,2.5427447024886147,0.741027985470509,-1.65483583,1.63442873894315
457,2.541744702488615,0.741027985470509,-1.65483364,1.63443671425104
458,2.5407448547934584,0.7410454378769462,-1.65483144,1.6344277393928301
459,2.5397448547934585,0.7410454378769462,-1.65482924,1.63443572962204
460,2.5387448547934586,0.7410454378769462,-1.65482704,1.6344437266462999
461,2.5377448547934587,0.7410454378769462,-1.65482483,1.6344517317060099
462,2.536744854793459,0.7410454378769462,-1.65482262,1.63445974414415
463,2.535744854793459,0.7410454378769462,-1.65482040,1.6344677644417098
464,2.534744854793459,0.7410454378769462,-1.65481818,1.6344757916957602
465,2.533744854793459,0.7410454378769462,-1.65481596,1.6344838269157997
466,2.5327448547934592,0.7410454378769462,-1.65481373,1.63449187010827
467,2.53174485479346,0.7410454378769462,-1.65481150,1.6344999204683701
468,2.5307448547934595,0.7410454378769462,-1.65480926,1.63450797958758
469,2.52974485479346,0.7410454378769462,-1.65480702,1.63451604601733
470,2.52874485479346,0.7410454378769462,-1.65480478,1.6345241206444099
471,2.527745007098303,0.7410628902833835,-1.65480253,1.6345152429899799
472,2.526745007098304,0.7410628902833835,-1.65480027,1.63452333308975
473,2.5257450070983034,0.7410628902833835,-1.65479802,1.63453143049558
474,2.5247450070983035,0.7410628902833835,-1.65479576,1.63453953731617
475,2.523745007098304,0.7410628902833835,-1.65479349,1.6345476510112
476,2.522745007098304,0.7410628902833835,-1.65479123,1.63455577331963
477,2.521745007098304,0.7410628902833835,-1.65478895,1.6345639035075
478,2.520745007098304,0.7410628902833835,-1.65478668,1.63457204163682
479,2.519745007098304,0.7410628902833835,-1.65478440,1.63458018787455
480,2.518745007098304,0.7410628902833835,-1.65478211,1.6345883422765701
481,2.5177450070983043,0.7410628902833835,-1.65477982,1.63459650459566
482,2.5167450070983044,0.7410628902833835,-1.65477753,1.6346046744268499
483,2.5157450070983045,0.7410628902833835,-1.65477523,1.6346128531652702
484,2.514745159403148,0.7410803426898207,-1.65477293,1.6346048461967
485,2.513745159403148,0.7410803426898207,-1.65477063,1.6346130433908899
486,2.512745159403148,0.7410803426898207,-1.65476832,1.63462124871641
487,2.5117451594031484,0.7410803426898207,-1.65476600,1.63462946240459
488,2.5107451594031485,0.7410803426898207,-1.65476369,1.63463768412022
489,2.509745159403149,0.7410803426898207,-1.65476137,1.63464591448897
490,2.5087451594031487,0.7410803426898207,-1.65475904,1.63465415235263
491,2.507745159403149,0.7410803426898207,-1.65475671,1.6346623992376599
492,2.506745159403149,0.7410803426898207,-1.65475438,1.63467065420343
493,2.505745159403149,0.7410803426898207,-1.65475204,1.63467891742234
494,2.5047453117079925,0.741097795096258,-1.65474970,1.63467022418699
495,2.5037453117079926,0.741097795096258,-1.65474735,1.63467850335732
496,2.5027453117079927,0.741097795096258,-1.65474500,1.63468679097193
497,2.501745311707993,0.741097795096258,-1.65474265,1.6346950869141401
498,2.500745311707993,0.741097795096258,-1.65474029,1.6347033912559499
499,2.499745311707993,0.741097795096258,-1.65473793,1.63471170354644
500,2.498745311707993,0.741097795096258,-1.65473556,1.63472002465061
501,2.4977453117079933,0.741097795096258,-1.65473319,1.6347283534841202
502,2.4967453117079934,0.741097795096258,-1.65473082,1.63473669098754
503,2.495745311707993,0.741097795096258,-1.65472844,1.63474503664455
504,2.4947453117079936,0.741097795096258,-1.65472605,1.6347533906460199
505,2.493745464012837,0.7411152475026952,-1.65472367,1.63474478611767
506,2.4927454640128373,0.7411152475026952,-1.65472127,1.63475315695595
507,2.4917454640128374,0.7411152475026952,-1.65471888,1.63476153587663
508,2.490745464012837,0.7411152475026952,-1.65471648,1.63476992317303
509,2.4897454640128376,0.7411152475026952,-1.65471407,1.63477831831002
510,2.4887454640128377,0.7411152475026952,-1.65471166,1.63478672255929
511,2.487745464012838,0.7411152475026952,-1.65470925,1.6347951351316898
512,2.486745464012838,0.7411152475026952,-1.65470683,1.63480355622162
513,2.485745464012838,0.7411152475026952,-1.65470441,1.63481198596066
514,2.484745616317681,0.7411326999091324,-1.65470199,1.63480345567083
515,2.4837456163176816,0.7411326999091324,-1.65469956,1.63481190216402
516,2.4827456163176818,0.7411326999091324,-1.65469712,1.63482035723404
517,2.481745616317682,0.7411326999091324,-1.65469468,1.63482882123906
518,2.480745616317682,0.7411326999091324,-1.65469224,1.6348372931478399
519,2.479745616317682,0.7411326999091324,-1.65468980,1.6348457742928901
520,2.478745616317682,0.7411326999091324,-1.65468734,1.63485426439949
521,2.4777456163176823,0.7411326999091324,-1.65468489,1.6348627636528599
522,2.4767456163176824,0.7411326999091324,-1.65468243,1.63487127143495
523,2.4757456163176825,0.7411326999091324,-1.65467996,1.6348797881784698
524,2.474745768622526,0.7411501523155697,-1.65467749,1.6348713434426498
525,2.473745768622526,0.7411501523155697,-1.65467502,1.6348798777726699
526,2.4727457686225263,0.7411501523155697,-1.65467254,1.63488842081059
527,2.4717457686225264,0.7411501523155697,-1.65467006,1.63489697288007
528,2.4707457686225265,0.7411501523155697,-1.65466757,1.63490553389323
529,2.4697457686225266,0.7411501523155697,-1.65466508,1.63491410410637
530,2.4687457686225267,0.7411501523155697,-1.65466259,1.6349226832045298
531,2.467745768622527,0.7411501523155697,-1.65466009,1.63493127146222
532,2.466745768622527,0.7411501523155697,-1.65465758,1.63493986883596
533,2.465745768622527,0.7411501523155697,-1.65465508,1.63494847525415
534,2.4647459209273705,0.7411676047220069,-1.65465256,1.6349401179863001
535,2.4637459209273707,0.7411676047220069,-1.65465005,1.63494874238016
536,2.4627459209273708,0.7411676047220069,-1.65464752,1.6349573759524798
537,2.461745920927371,0.7411676047220069,-1.65464500,1.63496601943948
538,2.460745920927371,0.7411676047220069,-1.65464247,1.6349746711292998
539,2.459745920927371,0.7411676047220069,-1.65463993,1.6349833332453798
540,2.458745920927371,0.7411676047220069,-1.65463739,1.63499200253966
541,2.457745920927372,0.7411676047220069,-1.65463485,1.6350006824966001
542,2.456746073232215,0.7411850571284442,-1.65463230,1.6349923974199099
543,2.455746073232215,0.7411850571284442,-1.65462974,1.63500109525026
544,2.454746073232215,0.7411850571284442,-1.65462718,1.6350098027274
545,2.453746073232215,0.7411850571284442,-1.65462462,1.63501851910245
546,2.452746073232216,0.7411850571284442,-1.65462205,1.6350272451082801
547,2.4517460732322154,0.7411850571284442,-1.65461948,1.6350359805994001
548,2.4507460732322155,0.7411850571284442,-1.65461690,1.63504472532473
549,2.449746073232216,0.7411850571284442,-1.65461432,1.63505347911189
550,2.448746225537059,0.7412025095348814,-1.65461174,1.63504526678576
551,2.4477462255370592,0.7412025095348814,-1.65460915,1.6350540394299298
552,2.44674622553706,0.7412025095348814,-1.65460655,1.63506282152181
553,2.4457462255370594,0.7412025095348814,-1.65460395,1.63507161387895
554,2.44474622553706,0.7412025095348814,-1.65460135,1.63508041546206
555,2.44374622553706,0.7412025095348814,-1.65459874,1.63508922725596
556,2.44274622553706,0.7412025095348814,-1.65459612,1.6350980484039002
557,2.44174622553706,0.7412025095348814,-1.65459350,1.63510687944735
558,2.44074622553706,0.7412025095348814,-1.65459088,1.63511572012311
559,2.4397463778419035,0.7412199619413187,-1.65458825,1.6351075920629499
560,2.438746377841904,0.7412199619413187,-1.65458562,1.6351164513224001
561,2.437746377841904,0.7412199619413187,-1.65458298,1.63512531999842
562,2.436746377841904,0.7412199619413187,-1.65458034,1.63513419800318
563,2.435746377841904,0.7412199619413187,-1.65457769,1.6351430884201401
564,2.434746377841904,0.7412199619413187,-1.65457504,1.63515198742431
565,2.433746377841904,0.7412199619413187,-1.65457238,1.63516089557843
566,2.4327463778419043,0.7412199619413187,-1.65456972,1.63516981402622
567,2.4317463778419044,0.7412199619413187,-1.65456705,1.63517874275068
568,2.430746530146748,0.7412374143477559,-1.65456438,1.6351707038202399
569,2.429746530146748,0.7412374143477559,-1.65456170,1.6351796507602598
570,2.428746530146748,0.7412374143477559,-1.65455902,1.6351886085868998
571,2.427746530146748,0.7412374143477559,-1.65455634,1.63519757816763
572,2.4267465301467483,0.7412374143477559,-1.65455364,1.6352065563097
573,2.4257465301467485,0.7412374143477559,-1.65455095,1.6352155460978
574,2.424746530146749,0.7412374143477559,-1.65454825,1.63522454365313
575,2.423746682451592,0.7412548667541932,-1.65454554,1.6352165724119
576,2.422746682451592,0.7412548667541932,-1.65454283,1.63522559146085
577,2.4217466824515923,0.7412548667541932,-1.65454011,1.6352346215314202
578,2.4207466824515924,0.7412548667541932,-1.65453739,1.6352436620289
579,2.4197466824515925,0.7412548667541932,-1.65453466,1.63525271256396
580,2.4187466824515926,0.7412548667541932,-1.65453193,1.6352617735174901
581,2.4177466824515927,0.7412548667541932,-1.65452920,1.63527084460938
582,2.416746682451593,0.7412548667541932,-1.65452646,1.63527992723562
583,2.4157468347564364,0.7412723191606304,-1.65452371,1.63527203687676
584,2.4147468347564365,0.7412723191606304,-1.65452096,1.63528113975321
585,2.4137468347564366,0.7412723191606304,-1.65451820,1.63529025342199
586,2.4127468347564367,0.7412723191606304,-1.65451544,1.6352993774740399
587,2.411746834756437,0.7412723191606304,-1.65451267,1.63530851197436
588,2.410746834756437,0.7412723191606304,-1.65450990,1.6353176578683901
589,2.409746834756437,0.7412723191606304,-1.65450712,1.63532681449328
590,2.408746834756437,0.7412723191606304,-1.65450434,1.63533598193777
591,2.4077469870612807,0.7412897715670677,-1.65450155,1.6353281751192599
592,2.4067469870612808,0.7412897715670677,-1.65449876,1.63533736364215
593,2.405746987061281,0.7412897715670677,-1.65449596,1.63534656303594
594,2.404746987061281,0.7412897715670677,-1.65449316,1.63535577330103
595,2.403746987061281,0.7412897715670677,-1.65449035,1.63536499427045
596,2.402746987061281,0.7412897715670677,-1.65448754,1.6353742263108302
597,2.4017469870612813,0.7412897715670677,-1.65448472,1.63538346995217
598,2.400747139366125,0.7413072239735049,-1.65448190,1.63537573800824
599,2.399747139366125,0.7413072239735049,-1.65447907,1.63538500335213
600,2.398747139366125,0.7413072239735049,-1.65447624,1.63539427932287
601,2.397747139366125,0.7413072239735049,-1.65447340,1.63540356599448
602,2.3967471393661253,0.7413072239735049,-1.65447055,1.63541286444066
603,2.3957471393661254,0.7413072239735049,-1.65446770,1.63542217395565
604,2.394747139366125,0.7413072239735049,-1.65446485,1.63543149464014
605,2.393747291670969,0.7413246763799421,-1.65446199,1.6354238388378
606,2.392747291670969,0.7413246763799421,-1.65445912,1.63543318181649
607,2.391747291670969,0.7413246763799421,-1.65445625,1.6354425361454101
608,2.3907472916709693,0.7413246763799421,-1.65445337,1.6354519017198101
609,2.389747291670969,0.7413246763799421,-1.65445049,1.63546127934173
610,2.3887472916709696,0.7413246763799421,-1.65444761,1.6354706666057202
611,2.3877472916709697,0.7413246763799421,-1.65444471,1.63548006696485
612,2.3867472916709698,0.7413246763799421,-1.65444182,1.63548947847643
613,2.3857474439758133,0.7413421287863794,-1.65443891,1.63548191188767
614,2.3847474439758134,0.7413421287863794,-1.65443601,1.63549134591935
615,2.383747443975813,0.7413421287863794,-1.65443309,1.63550079105514
616,2.3827474439758136,0.7413421287863794,-1.65443017,1.63551024854886
617,2.3817474439758137,0.7413421287863794,-1.65442725,1.63551971740834
618,2.380747596280657,0.7413595811928166,-1.65442432,1.63551220720328
619,2.3797475962806574,0.7413595811928166,-1.65442138,1.63552169917486
620,2.378747596280657,0.7413595811928166,-1.65441844,1.63553120215304
621,2.3777475962806576,0.7413595811928166,-1.65441550,1.63554071778678
622,2.3767475962806577,0.7413595811928166,-1.65441255,1.6355502446162902
623,2.375747596280658,0.7413595811928166,-1.65440959,1.6355597832172402
624,2.374747596280658,0.7413595811928166,-1.65440663,1.6355693333487498
625,2.373747596280658,0.7413595811928166,-1.65440366,1.63557889580111
626,2.372747748585501,0.7413770335992539,-1.65440069,1.6355714776550698
627,2.3717477485855016,0.7413770335992539,-1.65439771,1.6355810634785999
628,2.3707477485855017,0.7413770335992539,-1.65439473,1.6355906617649
629,2.369747748585502,0.7413770335992539,-1.65439174,1.63560027153761
630,2.368747748585502,0.7413770335992539,-1.65438874,1.6356098934238
631,2.367747900890345,0.7413944860056911,-1.65438574,1.63560253434395
632,2.3667479008903456,0.7413944860056911,-1.65438274,1.63561217975216
633,2.3657479008903457,0.7413944860056911,-1.65437973,1.6356218375751
634,2.364747900890346,0.7413944860056911,-1.65437671,1.63563150754909
635,2.363747900890346,0.7413944860056911,-1.65437369,1.63564118972551
636,2.362747900890346,0.7413944860056911,-1.65437066,1.6356508835948902
637,2.361748053195189,0.7414119384121284,-1.65436763,1.6356435952289599
638,2.3607480531951897,0.7414119384121284,-1.65436459,1.63565331354113
639,2.3597480531951898,0.7414119384121284,-1.65436155,1.63566304420143
640,2.35874805319519,0.7414119384121284,-1.65435850,1.6356727870866
641,2.35774805319519,0.7414119384121284,-1.65435545,1.6356825424406098
642,2.35674805319519,0.7414119384121284,-1.65435239,1.6356923104842802
643,2.35574805319519,0.7414119384121284,-1.65434932,1.6357020908934
644,2.3547482055000337,0.7414293908185656,-1.65434625,1.6356948873129
645,2.353748205500034,0.7414293908185656,-1.65434317,1.6357046923365601
646,2.352748205500034,0.7414293908185656,-1.65434009,1.63571451014917
647,2.351748205500034,0.7414293908185656,-1.65433700,1.63572434096909
648,2.350748205500034,0.7414293908185656,-1.65433391,1.6357341843812399
649,2.3497483578048777,0.7414468432250029,-1.65433081,1.63572704307667
650,2.348748357804878,0.7414468432250029,-1.65432771,1.63573691162035
651,2.347748357804878,0.7414468432250029,-1.65432460,1.63574679296431
652,2.346748357804878,0.7414468432250029,-1.65432149,1.63575668725373
653,2.345748357804878,0.7414468432250029,-1.65431837,1.63576659497904
654,2.3447483578048782,0.7414468432250029,-1.65431524,1.63577651570597
655,2.3437485101097217,0.7414642956314401,-1.65431211,1.63576945082872
656,2.342748510109722,0.7414642956314401,-1.65430897,1.63577939774822
657,2.341748510109722,0.7414642956314401,-1.65430583,1.63578935760551
658,2.340748510109722,0.7414642956314401,-1.65430268,1.6357993307265102
659,2.339748510109722,0.7414642956314401,-1.65429953,1.6358093171610002
660,2.3387486624145657,0.7414817480378774,-1.65429637,1.6358023171198701
661,2.337748662414566,0.7414817480378774,-1.65429321,1.6358123302281098
662,2.336748662414566,0.7414817480378774,-1.65429004,1.63582235659266
663,2.335748662414566,0.7414817480378774,-1.65428686,1.63583239686454
664,2.334748662414566,0.7414817480378774,-1.65428368,1.6358424508368499
665,2.3337486624145662,0.7414817480378774,-1.65428049,1.6358525184705899
666,2.3327488147194098,0.7414992004443146,-1.65427730,1.63584559847089
667,2.33174881471941,0.7414992004443146,-1.65427410,1.63585569318236
668,2.33074881471941,0.7414992004443146,-1.65427090,1.63586580184296
669,2.32974881471941,0.7414992004443146,-1.65426769,1.63587592431357
670,2.32874881471941,0.7414992004443146,-1.65426448,1.6358860610404502
671,2.3277488147194103,0.7414992004443146,-1.65426126,1.63589621197392
672,2.326748967024254,0.7415166528507519,-1.65425803,1.6358893739494103
673,2.325748967024254,0.7415166528507519,-1.65425480,1.63589955282246
674,2.324748967024254,0.7415166528507519,-1.65425157,1.63590974606796
675,2.323748967024254,0.7415166528507519,-1.65424832,1.6359199536333402
676,2.3227489670242543,0.7415166528507519,-1.65424508,1.6359301751200601
677,2.3217489670242544,0.7415166528507519,-1.65424182,1.6359404114840501
678,2.320749119329098,0.7415341052571891,-1.65423857,1.6359336588180602
679,2.319749119329098,0.7415341052571891,-1.65423530,1.63594392451318
680,2.318749119329098,0.7415341052571891,-1.65423203,1.63595420442002
681,2.317749119329098,0.7415341052571891,-1.65422876,1.635964498833
682,2.3167492716339417,0.7415515576636263,-1.65422547,1.63595780354855
683,2.315749271633942,0.7415515576636263,-1.65422219,1.63596812790786
684,2.314749271633942,0.7415515576636263,-1.65421890,1.63597846651308
685,2.313749271633942,0.7415515576636263,-1.65421560,1.63598882043371
686,2.312749271633942,0.7415515576636263,-1.65421229,1.63599918996083
687,2.3117492716339423,0.7415515576636263,-1.65420898,1.63600957446847
688,2.310749423938786,0.7415690100700636,-1.65420567,1.6360029680591799
689,2.309749423938786,0.7415690100700636,-1.65420235,1.6360133838615498
690,2.308749423938786,0.7415690100700636,-1.65419902,1.6360238138612
691,2.307749423938786,0.7415690100700636,-1.65419569,1.6360342598490298
692,2.3067494239387862,0.7415690100700636,-1.65419235,1.63604472144999
693,2.3057495762436298,0.7415864624765008,-1.65418901,1.6360381914785
694,2.30474957624363,0.7415864624765008,-1.65418566,1.63604868468025
695,2.30374957624363,0.7415864624765008,-1.65418231,1.63605919324962
696,2.30274957624363,0.7415864624765008,-1.65417894,1.6360697176266399
697,2.30174957624363,0.7415864624765008,-1.65417558,1.63608025780788
698,2.3007495762436303,0.7415864624765008,-1.65417221,1.63609081427651
699,2.299749728548474,0.7416039148829381,-1.65416883,1.63608437714167
700,2.298749728548474,0.7416039148829381,-1.65416544,1.63609496538816
701,2.297749728548474,0.7416039148829381,-1.65416205,1.63610556948487
702,2.296749728548474,0.7416039148829381,-1.65415866,1.6361161893791802
703,2.2957497285484743,0.7416039148829381,-1.65415526,1.6361268261434
704,2.2947498808533178,0.7416213672893753,-1.65415185,1.6361204692328002
705,2.293749880853318,0.7416213672893753,-1.65414844,1.63613113767295
706,2.292749880853318,0.7416213672893753,-1.65414502,1.63614182286747
707,2.291749880853318,0.7416213672893753,-1.65414160,1.63615252427904
708,2.2907500331581616,0.7416388196958126,-1.65413817,1.63614623090101
709,2.2897500331581617,0.7416388196958126,-1.65413473,1.6361569646844
710,2.288750033158162,0.7416388196958126,-1.65413129,1.63616771476873
711,2.287750033158162,0.7416388196958126,-1.65412784,1.6361784812897198
712,2.286750033158162,0.7416388196958126,-1.65412438,1.63618926422605
713,2.2857501854630056,0.7416562721022498,-1.65412092,1.63618305145887
714,2.2847501854630057,0.7416562721022498,-1.65411746,1.6361938669831901
715,2.283750185463006,0.7416562721022498,-1.65411399,1.63620469968485
716,2.282750185463006,0.7416562721022498,-1.65411051,1.6362155489449899
717,2.2817503377678494,0.7416737245086871,-1.65410703,1.6362094016107802
718,2.280750337767849,0.7416737245086871,-1.65410354,1.63622028384725
719,2.2797503377678496,0.7416737245086871,-1.65410004,1.6362311828249898
720,2.2787503377678497,0.7416737245086871,-1.65409654,1.6362420990824
721,2.27775033776785,0.7416737245086871,-1.65409303,1.6362530323303202
722,2.2767504900726934,0.7416911769151243,-1.65408952,1.6362469683394698
723,2.275750490072693,0.7416911769151243,-1.65408600,1.63625793576375
724,2.2747504900726936,0.7416911769151243,-1.65408247,1.63626892014726
725,2.2737504900726937,0.7416911769151243,-1.65407894,1.63627992221516
726,2.272750642377537,0.7417086293215616,-1.65407540,1.63627392656514
727,2.2717506423775373,0.7417086293215616,-1.65407185,1.6362849628294898
728,2.270750642377537,0.7417086293215616,-1.65406830,1.6362960169696898
729,2.269750642377537,0.7417086293215616,-1.65406475,1.6363070887466198
730,2.2687506423775377,0.7417086293215616,-1.65406118,1.63631817836428
731,2.267750794682381,0.7417260817279988,-1.65405761,1.6363122695085899
732,2.2667507946823813,0.7417260817279988,-1.65405404,1.63632339521917
733,2.2657507946823814,0.7417260817279988,-1.65405046,1.63633453839974
734,2.264750794682381,0.7417260817279988,-1.65404687,1.63634569917053
735,2.2637507946823816,0.7417260817279988,-1.65404327,1.63635687856828
736,2.262750946987225,0.7417435341344361,-1.65403967,1.63635105784457
737,2.261750946987225,0.7417435341344361,-1.65403607,1.63636227311625
738,2.2607509469872253,0.7417435341344361,-1.65403245,1.63637350681139
739,2.259750946987225,0.7417435341344361,-1.65402883,1.63638475848532
740,2.258751099292069,0.7417609865408733,-1.65402521,1.63637901023176
741,2.257751099292069,0.7417609865408733,-1.65402158,1.6363902985392298
742,2.256751099292069,0.7417609865408733,-1.65401794,1.63640160561519
743,2.2557510992920693,0.7417609865408733,-1.65401429,1.63641293090702
744,2.254751251596913,0.7417784389473105,-1.65401064,1.63640725573444
745,2.253751251596913,0.7417784389473105,-1.65400698,1.6364186185126801
746,2.252751251596913,0.7417784389473105,-1.65400332,1.6364300000393
747,2.251751251596913,0.7417784389473105,-1.65399965,1.63644140025022
748,2.2507514039017567,0.7417958913537478,-1.65399597,1.63643579898079
749,2.2497514039017568,0.7417958913537478,-1.65399229,1.63644723654475
750,2.248751403901757,0.7417958913537478,-1.65398859,1.6364586927720999
751,2.247751403901757,0.7417958913537478,-1.65398490,1.63647016873376
752,2.246751403901757,0.7417958913537478,-1.65398119,1.63648166415445
753,2.2457515562066006,0.741813343760185,-1.65397748,1.63647615667445
754,2.2447515562066007,0.741813343760185,-1.65397377,1.6364876901014398
755,2.243751556206601,0.741813343760185,-1.65397004,1.63649924287094
756,2.2427517085114443,0.7418307961666223,-1.65396631,1.6364937928132601
757,2.2417517085114445,0.7418307961666223,-1.65396258,1.63650538462232
758,2.240751708511445,0.7418307961666223,-1.65395883,1.6365169950516099
759,2.2397517085114447,0.7418307961666223,-1.65395508,1.6365286256412799
760,2.238751860816288,0.7418482485730595,-1.65395133,1.63652325272291
761,2.2377518608162883,0.7418482485730595,-1.65394756,1.63653492224971
762,2.2367518608162884,0.7418482485730595,-1.65394379,1.6365466116035101
763,2.2357518608162885,0.7418482485730595,-1.65394001,1.6365583210391201
764,2.234752013121132,0.7418657009794968,-1.65393623,1.63655302601643
765,2.233752013121132,0.7418657009794968,-1.65393244,1.6365647746579501
766,2.2327520131211323,0.7418657009794968,-1.65392864,1.6365765434054
767,2.2317520131211324,0.7418657009794968,-1.65392484,1.63658833237689
768,2.230752165425976,0.741883153385934,-1.65392103,1.6365831163137101
769,2.229752165425976,0.741883153385934,-1.65391721,1.6365949450164101
770,2.228752165425976,0.741883153385934,-1.65391338,1.6366067944245901
771,2.227752165425976,0.741883153385934,-1.65390955,1.6366186640293798
772,2.22675231773082,0.7419006057923713,-1.65390571,1.6366135269615398
773,2.22575231773082,0.7419006057923713,-1.65390186,1.6366254366725101
774,2.22475231773082,0.7419006057923713,-1.65389801,1.6366373668217498
775,2.22375231773082,0.7419006057923713,-1.65389415,1.63664931755886
776,2.222752470035664,0.7419180581988085,-1.65389028,1.6366442618418002
777,2.221752470035664,0.7419180581988085,-1.65388641,1.6366562538878098
778,2.220752470035664,0.7419180581988085,-1.65388253,1.63666826640961
779,2.219752622340508,0.7419355106052458,-1.65387864,1.63666327167916
780,2.2187526223405074,0.7419355106052458,-1.65387475,1.63667532486944
781,2.2177526223405075,0.7419355106052458,-1.65387084,1.63668739981903
782,2.216752622340508,0.7419355106052458,-1.65386693,1.63669949492647
783,2.215752774645351,0.741952963011683,-1.65386302,1.63669458255169
784,2.214752774645352,0.741952963011683,-1.65385909,1.63670671909574
785,2.213752774645352,0.741952963011683,-1.65385516,1.63671887681669
786,2.2127527746453515,0.741952963011683,-1.65385122,1.63673105606832
787,2.211752926950195,0.7419704154181203,-1.65384728,1.63672622547841
788,2.210752926950195,0.7419704154181203,-1.65384333,1.63673844635588
789,2.209752926950195,0.7419704154181203,-1.65383937,1.63675068826596
790,2.208752926950196,0.7419704154181203,-1.65383540,1.63676295164134
791,2.207753079255039,0.7419878678245575,-1.65383143,1.63675820458345
792,2.206753079255039,0.7419878678245575,-1.65382744,1.63677051018322
793,2.205753079255039,0.7419878678245575,-1.65382345,1.63678283754366
794,2.2047532315598826,0.7420053202309947,-1.65381946,1.6367781542761
795,2.2037532315598827,0.7420053202309947,-1.65381546,1.63679052336919
796,2.202753231559883,0.7420053202309947,-1.65381144,1.63680291462548
797,2.201753231559883,0.7420053202309947,-1.65380743,1.6368153273365
798,2.2007533838647264,0.742022772637432,-1.65380340,1.63681072886201
799,2.1997533838647265,0.742022772637432,-1.65379937,1.6368231841559702
800,2.198753383864726,0.742022772637432,-1.65379533,1.63683566136317
801,2.19775353616957,0.7420402250438692,-1.65379128,1.63683112725671
802,2.1967535361695703,0.7420402250438692,-1.65378723,1.63684364877327
803,2.1957535361695704,0.7420402250438692,-1.65378316,1.6368561908759598
804,2.1947535361695705,0.7420402250438692,-1.65377909,1.63686875551622
805,2.193753688474414,0.7420576774503065,-1.65377502,1.6368643075797102
806,2.192753688474414,0.7420576774503065,-1.65377093,1.63687691549871
807,2.191753688474414,0.7420576774503065,-1.65376684,1.63688954924588
808,2.1907538407792577,0.7420751298567437,-1.65376274,1.6368851671667
809,2.189753840779258,0.7420751298567437,-1.65375863,1.6368978415097
810,2.188753840779258,0.7420751298567437,-1.65375452,1.63691053838144
811,2.187753840779258,0.7420751298567437,-1.65375040,1.63692325908969
812,2.1867539930841016,0.742092582263181,-1.65374627,1.6369189764137202
813,2.1857539930841017,0.742092582263181,-1.65374213,1.63693173954
814,2.184753993084102,0.742092582263181,-1.65373799,1.63694452624356
815,2.183753993084102,0.742092582263181,-1.65373383,1.6369573353519198
816,2.1827541453889454,0.7421100346696182,-1.65372968,1.6369531294431099
817,2.181754145388945,0.7421100346696182,-1.65372551,1.63696598452814
818,2.180754297693789,0.7421274870760555,-1.65372133,1.63696183849586
819,2.179754297693789,0.7421274870760555,-1.65371715,1.6369747349871302
820,2.1787542976937893,0.7421274870760555,-1.65371296,1.63698765788465
821,2.1777542976937894,0.7421274870760555,-1.65370876,1.63700060355161
822,2.176754449998633,0.7421449394824927,-1.65370456,1.63699653350145
823,2.175754449998633,0.7421449394824927,-1.65370035,1.63700952515298
824,2.1747546023034765,0.74216239188893,-1.65369613,1.6370054989723402
825,2.1737546023034766,0.74216239188893,-1.65369190,1.63701742199129
826,2.1727546023034767,0.74216239188893,-1.65368767,1.6370316003416499
827,2.171754602303477,0.74216239188893,-1.65368342,1.6370446851282998
828,2.170754602303477,0.74216239188893,-1.65367917,1.6370577821753902
829,2.1697547546083205,0.7421798442953672,-1.65367491,1.6370538842592999
830,2.168754754608321,0.7421798442953672,-1.65367065,1.63706704024111
831,2.1677547546083207,0.7421798442953672,-1.65366638,1.63708021935
832,2.166754906913164,0.7421972967018045,-1.65366209,1.6370763816067802
833,2.1657549069131643,0.7421972967018045,-1.65365781,1.63708960821734
834,2.1647549069131644,0.7421972967018045,-1.65365351,1.63710285899061
835,2.163755059218008,0.7422147491082417,-1.65364921,1.6370990919399402
836,2.162755059218008,0.7422147491082417,-1.65364489,1.63711239084524
837,2.161755059218008,0.7422147491082417,-1.65364058,1.63712571394418
838,2.160755211522852,0.742232201514679,-1.65363625,1.63712201900535
839,2.159755211522852,0.742232201514679,-1.65363191,1.63713539061352
840,2.158755363827696,0.7422496539211162,-1.65362757,1.63713174413728
841,2.1577553638276954,0.7422496539211162,-1.65362322,1.6371451645325799
842,2.1567553638276955,0.7422496539211162,-1.65361887,1.6371586108053
843,2.155755363827696,0.7422496539211162,-1.65361450,1.6371720808916
844,2.154755516132539,0.7422671063275534,-1.65361013,1.63716853214009
845,2.1537555161325392,0.7422671063275534,-1.65360575,1.63718205163319
846,2.15275551613254,0.7422671063275534,-1.65360136,1.63719559602231
847,2.151755668437383,0.7422845587339907,-1.65359696,1.63719212051031
848,2.150755668437383,0.7422845587339907,-1.65359256,1.63720571317016
849,2.149755668437383,0.7422845587339907,-1.65358814,1.63721932483787
850,2.148755668437383,0.7422845587339907,-1.65358373,1.63723291221029
851,2.1477558207422267,0.7423020111404279,-1.65357930,1.63722865119985
852,2.146755820742227,0.7423020111404279,-1.65357486,1.63724333608533
853,2.1457559730470703,0.7423194635468652,-1.65357042,1.63723984448954
854,2.1447559730470704,0.7423194635468652,-1.65356597,1.63725375828386
855,2.1437559730470706,0.7423194635468652,-1.65356151,1.63726754151
856,2.142756125351914,0.7423369159533024,-1.65355705,1.63726429083773
857,2.141756125351914,0.7423369159533024,-1.65355257,1.6372781182938398
858,2.1407561253519143,0.7423369159533024,-1.65354809,1.63729197192153
859,2.139756277656758,0.7423543683597397,-1.65354360,1.63728880409572
860,2.138756277656758,0.7423543683597397,-1.65353910,1.63730271009381
861,2.137756277656758,0.7423543683597397,-1.65353460,1.6373166431669801
862,2.136756429961601,0.7423718207661769,-1.65353009,1.63731355418587
863,2.1357564299616016,0.7423718207661769,-1.65352556,1.6373275396504998
864,2.134756582266445,0.7423892731726142,-1.65352104,1.6373245034533501
865,2.1337565822664453,0.7423892731726142,-1.65351650,1.63733853840197
866,2.1327565822664454,0.7423892731726142,-1.65351195,1.63735260369514
867,2.131756734571289,0.7424067255790514,-1.65350740,1.63734965785404
868,2.130756734571289,0.7424067255790514,-1.65350284,1.6373635942295302
869,2.129756734571289,0.7424067255790514,-1.65349827,1.63737758327917
870,2.1287568868761326,0.7424241779854887,-1.65349370,1.6373750099534001
871,2.1277568868761327,0.7424241779854887,-1.65348911,1.63738923807104
872,2.126756886876133,0.7424241779854887,-1.65348452,1.637403473953
873,2.1257570391809764,0.7424416303919259,-1.65347992,1.63740068270168
874,2.1247570391809765,0.7424416303919259,-1.65347531,1.63741496087002
875,2.12375719148582,0.7424590827983631,-1.65347070,1.6374122303092302
876,2.12275719148582,0.7424590827983631,-1.65346607,1.63742657110937
877,2.12175719148582,0.7424590827983631,-1.65346144,1.6374409402315901
878,2.120757343790664,0.7424765352048004,-1.65345680,1.63743828490924
879,2.119757343790664,0.7424765352048004,-1.65345215,1.63745270989492
880,2.118757343790664,0.7424765352048004,-1.65344749,1.63746716334043
881,2.1177574960955075,0.7424939876112376,-1.65344283,1.6374645924045101
882,2.116757496095508,0.7424939876112376,-1.65343816,1.63747910076613
883,2.115757496095508,0.7424939876112376,-1.65343348,1.6374936398455
884,2.114757648400351,0.7425114400176749,-1.65342879,1.6374911529591802
885,2.113757648400352,0.7425114400176749,-1.65342409,1.63750574845998
886,2.112757800705195,0.7425288924241121,-1.65341939,1.63750331868675
887,2.111757800705195,0.7425288924241121,-1.65341467,1.6375179716574002
888,2.1107579530100384,0.7425463448305494,-1.65340995,1.6375155995847601
889,2.1097579530100385,0.7425463448305494,-1.65340522,1.6375303105755001
890,2.1087579530100387,0.7425463448305494,-1.65340048,1.6375450507866498
891,2.107758105314882,0.7425637972369866,-1.65339574,1.63754276503549
892,2.1067581053148823,0.7425637972369866,-1.65339098,1.63755756388059
893,2.1057581053148824,0.7425637972369866,-1.65338622,1.63757239204341
894,2.104758257619726,0.7425812496434239,-1.65338145,1.6375702066249502
895,2.103758257619726,0.7425812496434239,-1.65337667,1.6375850934325102
896,2.102758257619726,0.7425812496434239,-1.65337188,1.6376000101263202
897,2.1017584099245696,0.7425987020498611,-1.65336709,1.63759789972464
898,2.1007584099245697,0.7425987020498611,-1.65336228,1.63761287514075
899,2.0997585622294133,0.7426161544562984,-1.65335747,1.63761082383076
900,2.0987585622294134,0.7426161544562984,-1.65335265,1.6376258597018198
901,2.097758562229413,0.7426161544562984,-1.65334782,1.63764092478976
902,2.096758714534257,0.7426336068627356,-1.65334298,1.63763896149654
903,2.095758714534257,0.7426336068627356,-1.65333813,1.63765408687575
904,2.0947588668391006,0.7426510592691729,-1.65333328,1.63765218251517
905,2.0937588668391007,0.7426510592691729,-1.65332842,1.63766736093484
906,2.092759019143944,0.7426685116756101,-1.65332354,1.63766547851828
907,2.0917590191439444,0.7426685116756101,-1.65331866,1.63768055017345
908,2.0907590191439445,0.7426685116756101,-1.65331377,1.63769605248283
909,2.089759171448788,0.7426859640820473,-1.65330888,1.63769429958466
910,2.088759171448788,0.7426859640820473,-1.65330397,1.6377096379114202
911,2.087759323753632,0.7427034164884846,-1.65329906,1.6377079463901798
912,2.086759323753632,0.7427034164884846,-1.65329413,1.6377233461211
913,2.085759323753632,0.7427034164884846,-1.65328920,1.6377387764058802
914,2.084759476058476,0.7427208688949218,-1.65328426,1.6377371760300998
915,2.0837594760584754,0.7427208688949218,-1.65327931,1.63775266810771
916,2.082759628363319,0.7427383213013591,-1.65327435,1.6377511292943299
917,2.081759628363319,0.7427383213013591,-1.65326938,1.63776668343783
918,2.0807597806681626,0.7427557737077963,-1.65326441,1.6377652059247
919,2.0797597806681627,0.7427557737077963,-1.65325942,1.63778082180791
920,2.078759780668163,0.7427557737077963,-1.65325443,1.6377964692620801
921,2.0777599329730063,0.7427732261142336,-1.65324943,1.63779508473481
922,2.0767599329730064,0.7427732261142336,-1.65324442,1.63781079437446
923,2.0757599329730065,0.7427732261142336,-1.65323940,1.63782653562917
924,2.07476008527785,0.7427906785206708,-1.65323437,1.63782524418024
925,2.07376008527785,0.7427906785206708,-1.65322933,1.63784104798699
926,2.0727602375826937,0.7428081309271081,-1.65322428,1.6378398187721102
927,2.071760237582694,0.7428081309271081,-1.65321922,1.6378556856767301
928,2.0707603898875373,0.7428255833335453,-1.65321416,1.6378545196392298
929,2.0697603898875374,0.7428255833335453,-1.65320908,1.63787045039546
930,2.068760542192381,0.7428430357399826,-1.65320400,1.63786934633649
931,2.067760542192381,0.7428430357399826,-1.65319891,1.63788533213947
932,2.0667606944972245,0.7428604881464198,-1.65319381,1.63788345409922
933,2.0657606944972247,0.7428604881464198,-1.65318870,1.6379003619058001
934,2.0647606944972248,0.7428604881464198,-1.65318358,1.63791644564305
935,2.0637608468020683,0.742877940552857,-1.65317845,1.63791550258033
936,2.0627608468020684,0.742877940552857,-1.65317331,1.63793159253749
937,2.061760999106912,0.7428953929592943,-1.65316816,1.63793009676938
938,2.060760999106912,0.7428953929592943,-1.65316300,1.63794697956994
939,2.059760999106912,0.7428953929592943,-1.65315784,1.6379632464693599
940,2.058761151411756,0.7429128453657315,-1.65315266,1.6379624618810502
941,2.057761303716599,0.7429302977721688,-1.65314748,1.6379617094977998
942,2.0567613037166,0.7429302977721688,-1.65314228,1.63797805673066
943,2.0557613037166,0.7429302977721688,-1.65313708,1.6379944363390901
944,2.054761456021443,0.742947750178606,-1.65313187,1.6379937731557401
945,2.053761456021443,0.742947750178606,-1.65312664,1.63801009207263
946,2.0527616083262865,0.7429652025850433,-1.65312141,1.63800964571535
947,2.051761608326286,0.7429652025850433,-1.65311617,1.63802613891465
948,2.05076176063113,0.7429826549914805,-1.65311092,1.6380256096636399
949,2.0497617606311302,0.7429826549914805,-1.65310566,1.6380421966804
950,2.0487617606311304,0.7429826549914805,-1.65310039,1.6380589055016201
951,2.047761912935974,0.7430001073979178,-1.65309511,1.638058831185
952,2.0467620652408174,0.743017559804355,-1.65308982,1.6380580445016801
953,2.045762065240817,0.743017559804355,-1.65308452,1.6380747517262502
954,2.044762217545661,0.7430350122107923,-1.65307921,1.63807447627941
955,2.043762217545661,0.7430350122107923,-1.65307389,1.63809111259532
956,2.042762217545661,0.7430350122107923,-1.65306856,1.6381077366699102
957,2.0417623698505047,0.7430524646172295,-1.65306322,1.63810765525676
958,2.0407625221553483,0.7430699170236668,-1.65305788,1.6381074611250999
959,2.0397625221553484,0.7430699170236668,-1.65305252,1.63812436492209
960,2.038762674460192,0.743087369430104,-1.65304715,1.63812422835209
961,2.037762674460192,0.743087369430104,-1.65304177,1.6381411970161
962,2.036762674460192,0.743087369430104,-1.65303639,1.63815819869328
963,2.035762826765036,0.7431048218365413,-1.65303099,1.63815815963948
964,2.034762826765036,0.7431048218365413,-1.65302558,1.6381752272604
965,2.0337629790698792,0.7431222742429785,-1.65302017,1.63817525425485
966,2.03276297906988,0.7431222742429785,-1.65301474,1.6381919281891801
967,2.031763131374723,0.7431397266494157,-1.65300930,1.63819234849871
968,2.030763131374723,0.7431397266494157,-1.65300386,1.63820974659104
969,2.0297632836795665,0.743157179055853,-1.65299840,1.6382099096207
970,2.0287632836795666,0.743157179055853,-1.65299293,1.6382270577244
971,2.02776343598441,0.7431746314622902,-1.65298746,1.63822750586354
972,2.0267634359844102,0.7431746314622902,-1.65298197,1.63824465659946
973,2.0257635882892537,0.7431920838687275,-1.65297647,1.63824502498522
974,2.024763588289254,0.7431920838687275,-1.65297097,1.63826243546659
975,2.0237637405940974,0.7432095362751647,-1.65296545,1.63826276518701
976,2.022763740594097,0.7432095362751647,-1.65295992,1.63828021169833
977,2.021763892898941,0.743226988681602,-1.65295439,1.6382806248777402
978,2.020763892898941,0.743226988681602,-1.65294884,1.6382981568291801
979,2.0197640452037846,0.7432444410880392,-1.65294328,1.63829864819828
980,2.0187640452037847,0.7432444410880392,-1.65293771,1.63831625353731
981,2.017764197508628,0.7432618934944765,-1.65293214,1.6383168154825603
982,2.016764349813472,0.7432793459009137,-1.65292655,1.6383174108908198
983,2.015764349813472,0.7432793459009137,-1.65292095,1.63833511986475
984,2.014764502118316,0.743296798307351,-1.65291534,1.63833578358962
985,2.0137645021183155,0.743296798307351,-1.65290972,1.6383535603863502
986,2.012764502118316,0.743296798307351,-1.65290409,1.63837137398011
987,2.011764654423159,0.7433142507137882,-1.65289845,1.6383721404517702
988,2.0107648067280026,0.7433317031202255,-1.65289281,1.63837294140686
989,2.0097648067280027,0.7433317031202255,-1.65288715,1.63839085683959
990,2.0087649590328462,0.7433491555266627,-1.65288148,1.6383917266785
991,2.0077649590328464,0.7433491555266627,-1.65287579,1.6384097120044
992,2.00676511133769,0.7433666079330999,-1.65287010,1.6384106508360898
993,2.00576511133769,0.7433666079330999,-1.65286440,1.63842870600087
994,2.004765263642533,0.7433840603395372,-1.65285869,1.63842971436415
995,2.0037652636425336,0.7433840603395372,-1.65285297,1.6384478399798401
996,2.002765415947377,0.7434015127459744,-1.65284724,1.6384489181613802
997,2.0017655682522206,0.7434189651524117,-1.65284149,1.63845003157419
998,2.0007655682522207,0.7434189651524117,-1.65283574,1.63846826269773
999,1.9997657205570645,0.7434364175588489,-1.65282998,1.63846944609143
1000,1.9987657205570648,0.7434364175588489,-1.65282420,1.6384877482099198
1001,1.997765872861908,0.7434538699652862,-1.65281842,1.6384890024371601
1002,1.996766025166752,0.7434713223717234,-1.65281262,1.63849029219527
1003,1.995766025166752,0.7434713223717234,-1.65280682,1.6385087013190698
1004,1.994766025166752,0.7434713223717234,-1.65280100,1.63852714685019
1005,1.993766177471596,0.7434887747781607,-1.65279517,1.63852854402409
1006,1.992766177471596,0.7434887747781607,-1.65278934,1.63854706162069
1007,1.991766329776439,0.7435062271845979,-1.65278349,1.6385485301495
1008,1.9907664820812825,0.7435236795910352,-1.65277763,1.6385500348759099
1009,1.9897664820812824,0.7435236795910352,-1.65277176,1.63856866161686
1010,1.988766634386126,0.7435411319974724,-1.65276588,1.63857023868216
1011,1.9877666343861264,0.7435411319974724,-1.65275999,1.6385889382110799
1012,1.9867667866909693,0.7435585844039097,-1.65275409,1.6385905882880798
1013,1.9857667866909696,0.7435585844039097,-1.65274818,1.63860936149795
1014,1.9847669389958127,0.7435760368103469,-1.65274226,1.6386110846564
1015,1.9837669389958128,0.7435760368103469,-1.65273633,1.6386299323736901
1016,1.982767091300657,0.7435934892167841,-1.65273038,1.63863172941956
1017,1.9817672436055005,0.7436109416232214,-1.65272443,1.6386335635195302
1018,1.9807672436055008,0.7436109416232214,-1.65271847,1.6386525233485
1019,1.979767395910344,0.7436283940296586,-1.65271249,1.63865443191532
1020,1.978767395910344,0.7436283940296586,-1.65270651,1.63867346655467
1021,1.977767548215188,0.7436458464360959,-1.65270051,1.6386754515036501
1022,1.976767700520032,0.7436632988425331,-1.65269450,1.6386774721905901
1023,1.975767700520032,0.7436632988425331,-1.65268848,1.63869660419702
1024,1.9747678528248749,0.7436807512489704,-1.65268246,1.63869777219265
1025,1.9737680051297184,0.7436982036554076,-1.65267642,1.6387008598194202
1026,1.9727680051297185,0.7436982036554076,-1.65267037,1.6387201139403
1027,1.971768157434562,0.7437156560618449,-1.65266431,1.63872232169606
1028,1.970768157434562,0.7437156560618449,-1.65265823,1.63874166387003
1029,1.9697683097394056,0.7437331084682821,-1.65265215,1.6387439475220797
1030,1.9687684620442487,0.7437505608747194,-1.65264606,1.63874627779053
1031,1.9677684620442493,0.7437505608747194,-1.65263995,1.63876573743841
1032,1.9667686143490928,0.7437680132811566,-1.65263384,1.6387681471008602
1033,1.965768614349093,0.7437680132811566,-1.65262771,1.63878757342755
1034,1.9647687666539364,0.7437854656875938,-1.65262158,1.6387901556264102
1035,1.96376891895878,0.7438029180940311,-1.65261543,1.63879267664004
1036,1.96276891895878,0.7438029180940311,-1.65260927,1.6388123285640601
1037,1.9617690712636235,0.7438203705004683,-1.65260310,1.6388149273064698
1038,1.960769223568467,0.7438378229069056,-1.65259692,1.63881756517816
1039,1.9597692235684672,0.7438378229069056,-1.65259073,1.63883733720143
1040,1.958769375873311,0.7438552753133428,-1.65258453,1.63884005819569
1041,1.9577695281781544,0.7438727277197801,-1.65257831,1.6388427893074198
1042,1.9567695281781543,0.7438727277197801,-1.65257209,1.63886270334259
1043,1.9557696804829976,0.7438901801262173,-1.65256586,1.63886552988543
1044,1.954769680482998,0.7438901801262173,-1.65255961,1.63888551425157
1045,1.9537698327878408,0.7439076325326546,-1.65255335,1.6388884291852
1046,1.952769985092685,0.7439250849390918,-1.65254708,1.6388913861180798
1047,1.951769985092685,0.7439250849390918,-1.65254080,1.63891147943165
1048,1.9507701373975288,0.7439425373455291,-1.65253451,1.6389145172993
1049,1.9497701373975287,0.7439425373455291,-1.65252821,1.6389346923588302
1050,1.948770289702372,0.7439599897519663,-1.65252190,1.63893781142778
1051,1.947770442007216,0.7439774421584036,-1.65251558,1.63894097176261
1052,1.946770442007216,0.7439774421584036,-1.65250924,1.63896127024844
1053,1.94577059431206,0.7439948945648408,-1.65250289,1.6389645091962801
1054,1.9447707466169029,0.744012346971278,-1.65249654,1.6389677960778402
1055,1.9437708989217464,0.7440297993777153,-1.65249017,1.6389711534454299
1056,1.9427708989217465,0.7440297993777153,-1.65248379,1.6389923111666902
1057,1.94177105122659,0.7440472517841525,-1.65247740,1.63899496084532
1058,1.9407712035314333,0.7440647041905898,-1.65247099,1.63899868002922
1059,1.9397712035314336,0.7440647041905898,-1.65246458,1.6390190136035099
1060,1.938771355836277,0.744082156597027,-1.65245815,1.6390225369714702
1061,1.9377713558362768,0.744082156597027,-1.65245172,1.63904321081255
1062,1.9367715081411208,0.7440996090034643,-1.65244527,1.6390468349811602
1063,1.9357716604459645,0.7441170614099015,-1.65243881,1.6390504892059599
1064,1.934771812750808,0.7441345138163388,-1.65243234,1.6390541851510299
1065,1.933771812750808,0.7441345138163388,-1.65242586,1.63907502281325
1066,1.932771965055652,0.744151966222776,-1.65241936,1.6390788021865799
1067,1.931772117360495,0.7441694186292133,-1.65241286,1.63908262645669
1068,1.930772117360495,0.7441694186292133,-1.65240634,1.63910360958744
1069,1.9297722696653383,0.7441868710356505,-1.65239981,1.63910751489562
1070,1.928772421970182,0.7442043234420878,-1.65239327,1.63911146165681
1071,1.9277725742750256,0.744221775848525,-1.65238672,1.6391154509709902
1072,1.9267725742750257,0.744221775848525,-1.65238016,1.6391365843443801
1073,1.9257727265798688,0.7442392282549622,-1.65237358,1.6391406580135601
1074,1.9247727265798693,0.7442392282549622,-1.65236700,1.6391618774385601
1075,1.9237728788847128,0.7442566806613995,-1.65236040,1.6391660364600198
1076,1.9227730311895563,0.7442741330678367,-1.65235379,1.63917023768848
1077,1.9217731834944,0.744291585474274,-1.65234717,1.63917448084802
1078,1.920773335799244,0.7443090378807112,-1.65234054,1.6391787687109298
1079,1.919773335799244,0.7443090378807112,-1.65233389,1.63920020199965
1080,1.918773488104087,0.7443264902871485,-1.65232723,1.6392045744054702
1081,1.9177736404089305,0.7443439426935857,-1.65232057,1.63920898905432
1082,1.9167736404089304,0.7443439426935857,-1.65231389,1.63923055158431
1083,1.915773792713774,0.744361395100023,-1.65230719,1.63923503301342
1084,1.9147739450186176,0.7443788475064602,-1.65230049,1.63923960524437
1085,1.9137739450186173,0.7443788475064602,-1.65229377,1.6392610966496601
1086,1.9127740973234613,0.7443962999128975,-1.65228705,1.63926591096807
1087,1.9117742496283048,0.7444137523193347,-1.65228031,1.63927057802373
1088,1.9107744019331483,0.744431204725772,-1.65227355,1.63927530163272
1089,1.9097744019331484,0.744431204725772,-1.65226679,1.63929716637303
1090,1.908774554237992,0.7444486571322092,-1.65226001,1.63930195611864
1091,1.907774706542836,0.7444661095386464,-1.65225323,1.6393068170457998
1092,1.906774858847679,0.7444835619450837,-1.65224643,1.63931130248644
1093,1.905774858847679,0.7444835619450837,-1.65223961,1.6393337384036002
1094,1.9047750111525223,0.7445010143515209,-1.65223279,1.6393387112869
1095,1.903775163457366,0.7445184667579582,-1.65222595,1.63934372835637
1096,1.9027753157622096,0.7445359191643954,-1.65221910,1.63934878849369
1097,1.901775468067053,0.7445533715708327,-1.65221224,1.63935389195627
1098,1.9007754680670528,0.7445533715708327,-1.65220537,1.63937614795638
1099,1.8997756203718967,0.7445708239772699,-1.65219848,1.63938133772033
1100,1.89877577267674,0.7445882763837072,-1.65219159,1.6393865713961802
1101,1.897775924981584,0.7446057287901444,-1.65218467,1.63939184846113
1102,1.896775924981584,0.7446057287901444,-1.65217775,1.63941427840212
1103,1.895776077286428,0.7446231811965817,-1.65217082,1.63941964204817
1104,1.894776229591271,0.7446406336030189,-1.65216387,1.63942504898148
1105,1.8937763818961144,0.7446580860094562,-1.65215691,1.6394305000374598
1106,1.892776534200958,0.7446755384158934,-1.65214994,1.63943599429047
1107,1.891776534200958,0.7446755384158934,-1.65214295,1.63945864347415
1108,1.8907766865058016,0.7446929908223306,-1.65213595,1.63946422519208
1109,1.889776838810645,0.7447104432287679,-1.65212894,1.63946985015601
1110,1.8887769911154888,0.7447278956352051,-1.65212192,1.63947551821486
1111,1.887777143420332,0.7447453480416424,-1.65211489,1.63948122998684
1112,1.886777143420332,0.7447453480416424,-1.65210784,1.6395040980592401
1113,1.885777295725176,0.7447628004480796,-1.65210078,1.63950989663529
1114,1.8847774480300192,0.7447802528545169,-1.65209370,1.63951573963006
1115,1.8837776003348627,0.7447977052609541,-1.65208662,1.63952162603611
1116,1.8827777526397065,0.7448151576673914,-1.65207952,1.63952755598383
1117,1.8817779049445496,0.7448326100738286,-1.65207241,1.63953352918867
1118,1.8807780572493933,0.7448500624802659,-1.65206528,1.6395395460234798
1119,1.8797782095542368,0.7448675148867031,-1.65205814,1.6395456066392597
1120,1.8787783618590803,0.7448849672931404,-1.65205099,1.63955171070037
1121,1.877778514163924,0.7449024196995776,-1.65204383,1.63955785914519
1122,1.876778666468768,0.7449198721060148,-1.65203665,1.63956405058882
1123,1.8757788187736109,0.7449373245124521,-1.65202947,1.63957028543674
1124,1.8747789710784544,0.7449547769188893,-1.65202226,1.63957656421639
1125,1.8737791233832977,0.7449722293253266,-1.65201505,1.63958288654635
1126,1.8727792756881407,0.7449896817317638,-1.65200782,1.63958925282869
1127,1.871779427992985,0.7450071341382011,-1.65200058,1.6395956631925501
1128,1.8707795802978284,0.7450245865446383,-1.65199333,1.63960211778421
1129,1.869779732602672,0.7450420389510756,-1.65198606,1.63960861612897
1130,1.868779884907516,0.7450594913575128,-1.65197878,1.63961515748327
1131,1.867780037212359,0.7450769437639501,-1.65197149,1.63962174305744
1132,1.8667801895172025,0.7450943961703873,-1.65196418,1.63962837251919
1133,1.865780341822046,0.7451118485768246,-1.65195686,1.63963504625944
1134,1.8647804941268893,0.7451293009832618,-1.65194953,1.63964176390117
1135,1.863780646431733,0.745146753389699,-1.65194218,1.63964852549595
1136,1.8627807987365763,0.7451642057961363,-1.65193482,1.63965533143449
1137,1.86178095104142,0.7451816582025735,-1.65192745,1.63966218199938
1138,1.860781103346264,0.7451991106090108,-1.65192007,1.63966907536263
1139,1.859781255651107,0.745216563015448,-1.65191267,1.6396760100795902
1140,1.8587814079559504,0.7452340154218853,-1.65190526,1.63968285580374
1141,1.857781560260794,0.7452514678283225,-1.65189783,1.6396899677682102
1142,1.8567817125656376,0.7452689202347598,-1.65189039,1.63969709962107
1143,1.8557818648704807,0.745286372641197,-1.65188294,1.63970421668551
1144,1.8547820171753249,0.7453038250476343,-1.65187548,1.63971137828664
1145,1.853782169480168,0.7453212774540715,-1.65186800,1.63971858498431
1146,1.852782321785012,0.7453387298605088,-1.65186051,1.6397257251430402
1147,1.8517824740898552,0.745356182266946,-1.65185300,1.63973307748988
1148,1.8507826263946987,0.7453736346733832,-1.65184548,1.63974046518912
1149,1.8497827786995424,0.7453910870798205,-1.65183795,1.6397478573492799
1150,1.8487829310043853,0.7454085394862577,-1.65183041,1.6397552904100101
1151,1.8477830833092288,0.745425991892695,-1.65182285,1.63976276847265
1152,1.8467832356140728,0.7454434442991322,-1.65181528,1.63977029158838
1153,1.8457833879189165,0.7454608967055695,-1.65180769,1.63977786001298
1154,1.84478354022376,0.7454783491120067,-1.65180009,1.6397854745709601
1155,1.8437836925286035,0.745495801518444,-1.65179248,1.63979313448781
1156,1.8427838448334468,0.7455132539248812,-1.65178486,1.6398008403911
1157,1.8417839971382903,0.7455307063313185,-1.65177722,1.63980859199332
1158,1.8407841494431336,0.7455481587377557,-1.65176956,1.63981639031943
1159,1.8397843017479767,0.745565611144193,-1.65176190,1.6398242353616
1160,1.8387844540528209,0.7455830635506302,-1.65175422,1.63983212692407
1161,1.8377846063576644,0.7456005159570674,-1.65174652,1.63984006570632
1162,1.836784758662508,0.7456179683635047,-1.65173882,1.63984805337366
1163,1.835784910967352,0.7456354207699419,-1.65173110,1.63985591878196
1164,1.834785063272195,0.7456528731763792,-1.65172336,1.6398640847643
1165,1.8337852155770384,0.7456703255828164,-1.65171561,1.6398720206809698
1166,1.832785367881882,0.7456877779892537,-1.65170785,1.63988043809312
1167,1.8317855201867248,0.7457052303956909,-1.65170008,1.63988871003693
1168,1.830785672491569,0.7457226828021282,-1.65169229,1.63989703795547
1169,1.8297858247964125,0.7457401352085654,-1.65168449,1.63990537581713
1170,1.828785977101256,0.7457575876150027,-1.65167667,1.6399134198135599
1171,1.8277861294060995,0.7457750400214399,-1.65166884,1.6399220147808
1172,1.826786281710943,0.7457924924278772,-1.65166100,1.63993047035202
1173,1.8257864340157863,0.7458099448343144,-1.65165314,1.63993848417622
1174,1.82478658632063,0.7458273972407516,-1.65164527,1.6399473048951299
1175,1.8237867386254736,0.7458448496471889,-1.65163739,1.6399559967813802
1176,1.822786890930317,0.7458623020536261,-1.65162949,1.63996478023388
1177,1.8217870432351608,0.7458797544600634,-1.65162158,1.63997346455544
1178,1.820787195540004,0.7458972068665006,-1.65161365,1.6399822110876299
1179,1.819787347844848,0.7459146592729379,-1.65160571,1.63999100707646
1180,1.8187875001496911,0.7459321116793751,-1.65159776,1.6399998525845298
1181,1.8177876524545349,0.7459495640858124,-1.65158979,1.64000874666694
1182,1.8167878047593784,0.7459670164922496,-1.65158181,1.64001768977199
1183,1.8157879570642217,0.7459844688986869,-1.65157382,1.6400266825215701
1184,1.8147881093690648,0.7460019213051241,-1.65156581,1.6400357571748199
1185,1.8137882616739087,0.7460193737115614,-1.65155779,1.64004481620834
1186,1.812788413978752,0.7460368261179986,-1.65154975,1.64005396247244
1187,1.811789023151733,0.7460717256147011,-1.65154170,1.64004603637988
1188,1.8107891754565768,0.7460891780211384,-1.65153364,1.64005524904828
1189,1.80978932776142,0.7461066304275756,-1.65152556,1.64006455106532
1190,1.808789480066264,0.7461240828340129,-1.65151747,1.64007389293331
1191,1.8077896323711071,0.7461415352404501,-1.65150937,1.64008328408334
1192,1.8067897846759504,0.7461589876468874,-1.65150125,1.6400927254059199
1193,1.8057899369807944,0.7461764400533246,-1.65149311,1.64010206328782
1194,1.8047900892856377,0.7461938924597619,-1.65148494,1.6401117063213
1195,1.8037902415904807,0.7462113448661991,-1.65147681,1.64012136246096
1196,1.8027903938953247,0.7462287972726364,-1.65146863,1.6401310096162
1197,1.801790546200168,0.7462462496790736,-1.65146044,1.64014067971698
1198,1.8007906985050115,0.7462637020855108,-1.65145224,1.6401503397065
1199,1.7997908508098552,0.7462811544919481,-1.65144402,1.6401602443361498
1200,1.798791459982836,0.7463160539886506,-1.65143579,1.64015282297387
1201,1.7977916122876796,0.7463335063950879,-1.65142755,1.6401628844802398
1202,1.796791764592523,0.7463509588015251,-1.65141929,1.64017281042719
1203,1.7957919168973666,0.7463684112079624,-1.65141102,1.64018283806833
1204,1.79479206920221,0.7463858636143996,-1.65140273,1.6401929145932699
1205,1.7937922215070536,0.7464033160208369,-1.65139443,1.64020302879857
1206,1.7927923738118972,0.7464207684272741,-1.65138611,1.6402131965959899
1207,1.791792526116741,0.7464382208337114,-1.65137778,1.64022341744166
1208,1.7907931352897215,0.7464731203304139,-1.65136944,1.64021655548904
1209,1.789793287594565,0.7464905727368512,-1.65136108,1.6402268806192
1210,1.7887934398994083,0.7465080251432884,-1.65135271,1.64023725988882
1211,1.787793592204252,0.7465254775497256,-1.65134432,1.6402476920135198
1212,1.7867937445090956,0.7465429299561629,-1.65133592,1.64025817876903
1213,1.785793896813939,0.7465603823626001,-1.65132751,1.6402687209270999
1214,1.78479450598692,0.7465952818593027,-1.65131908,1.6402619432174401
1215,1.7837946582917634,0.7466127342657399,-1.65131064,1.64027285861231
1216,1.782794810596607,0.7466301866721772,-1.65130218,1.64028353250885
1217,1.7817949629014505,0.7466476390786144,-1.65129371,1.64029430825641
1218,1.780795115206294,0.7466650914850517,-1.65128523,1.64030483570178
1219,1.7797952675111377,0.7466825438914889,-1.65127673,1.6403159094665098
1220,1.7787958766841183,0.7467174433881915,-1.65126821,1.6403095600857398
1221,1.7777960289889618,0.7467348957946287,-1.65125968,1.6403206926938199
1222,1.7767961812938051,0.746752348201066,-1.65125114,1.64033022804868
1223,1.7757963335986489,0.7467698006075032,-1.65124258,1.64034226808238
1224,1.7747964859034924,0.7467872530139404,-1.65123401,1.64035383624516
1225,1.773796638208336,0.7468047054203777,-1.65122543,1.6403651073250702
1226,1.7727972473813167,0.7468396049170802,-1.65121683,1.6403593179404399
1227,1.7717973996861602,0.7468570573235175,-1.65120821,1.64037055039908
1228,1.7707975519910035,0.7468745097299547,-1.65119958,1.6403818942901598
1229,1.7697977042958473,0.746891962136392,-1.65119094,1.64039326917207
1230,1.7687978566006908,0.7469094145428292,-1.65118228,1.64040473223355
1231,1.7677984657736716,0.7469443140395318,-1.65117361,1.64039911173783
1232,1.7667986180785151,0.746961766445969,-1.65116492,1.6404106841211998
1233,1.7657987703833586,0.7469792188524063,-1.65115622,1.64042231361826
1234,1.7647989226882022,0.7469966712588435,-1.65114751,1.64043399827684
1235,1.763799531861183,0.747031570755546,-1.65113878,1.64042859766732
1236,1.7627996841660265,0.7470490231619833,-1.65113003,1.64044039207392
1237,1.76179983647087,0.7470664755684205,-1.65112127,1.6404522431553201
1238,1.7607999887757135,0.7470839279748578,-1.65111250,1.64046415022845
1239,1.7598005979486944,0.7471188274715603,-1.65110371,1.6404589713199802
1240,1.758800750253538,0.7471362798779976,-1.65109491,1.64047098912744
1241,1.7578009025583814,0.7471537322844348,-1.65108609,1.64048306257587
1242,1.756801054863225,0.7471711846908721,-1.65107726,1.64049519288207
1243,1.7558016640362055,0.7472060841875746,-1.65106841,1.6404902378410497
1244,1.7548018163410493,0.7472235365940119,-1.65105955,1.64050248018798
1245,1.7538019686458928,0.7472409890004491,-1.65105067,1.64051477872282
1246,1.7528025778188736,0.7472758884971517,-1.65104178,1.64050999100915
1247,1.7518027301237171,0.7472933409035889,-1.65103287,1.6405224023334
1248,1.7508028824285606,0.7473107933100261,-1.65102395,1.64053487031467
1249,1.7498034916015417,0.7473456928067287,-1.65101502,1.6405302523135101
1250,1.748803643906385,0.7473631452131659,-1.65100607,1.6405428332715402
1251,1.7478037962112285,0.7473805976196032,-1.65099710,1.6405554713883501
1252,1.7468044053842091,0.7474154971163057,-1.65098812,1.64055102187435
1253,1.7458045576890528,0.747432949522743,-1.65097913,1.64056377326831
1254,1.7448047099938964,0.7474504019291802,-1.65097012,1.6405765812591198
1255,1.74380486229874,0.7474678543356175,-1.65096110,1.6405894465098498
1256,1.7428054714717207,0.74750275383232,-1.65095206,1.64058522473968
1257,1.7418056237765642,0.7475202062387573,-1.65094300,1.64059820401831
1258,1.740806232949545,0.7475551057354598,-1.65093393,1.64059409621807
1259,1.7398063852543886,0.747572558141897,-1.65092485,1.64060718986586
1260,1.738806537559232,0.7475900105483343,-1.65091575,1.6406203410597
1261,1.737807146732213,0.7476249100450368,-1.65090664,1.6406164047346001
1262,1.7368072990370564,0.7476423624514741,-1.65089751,1.64062967090497
1263,1.7358074513419,0.7476598148579113,-1.65088837,1.64064299477409
1264,1.7348080605148808,0.7476947143546139,-1.65087921,1.6406392310170301
1265,1.7338082128197243,0.7477121667610511,-1.65087003,1.6406526706376199
1266,1.7328088219927051,0.7477470662577537,-1.65086085,1.64064902233403
1267,1.7318089742975489,0.7477645186641909,-1.65085164,1.6406625777523898
1268,1.7308091266023922,0.7477819710706282,-1.65084242,1.64067619152046
1269,1.729809735775373,0.7478168705673307,-1.65083319,1.64067271710125
1270,1.7288098880802163,0.747834322973768,-1.65082394,1.64068644689762
1271,1.7278104972531974,0.7478692224704705,-1.65081468,1.6406830889005097
1272,1.7268106495580409,0.7478866748769077,-1.65080540,1.64069693611691
1273,1.7258112587310217,0.7479215743736103,-1.65079611,1.64069369513102
1274,1.7248114110358652,0.7479390267800475,-1.65078680,1.64070765967809
1275,1.7238115633407087,0.7479564791864848,-1.65077747,1.64072168316138
1276,1.7228121725136896,0.7479913786831873,-1.65076814,1.64071861776188
1277,1.721812324818533,0.7480088310896246,-1.65075878,1.6407327585949198
1278,1.7208124771233766,0.7480262834960618,-1.65074941,1.64074695911686
1279,1.7198130862963574,0.7480611829927644,-1.65074003,1.6407440706046201
1280,1.7188136954693385,0.7480960824894669,-1.65073063,1.64074124109212
1281,1.7178138477741818,0.7481135348959042,-1.65072121,1.64075561995859
1282,1.7168140000790253,0.7481309873023414,-1.65071178,1.6407700577347901
1283,1.715814609252006,0.7481658867990439,-1.65070234,1.64076740644293
1284,1.7148147615568496,0.7481833392054812,-1.65069288,1.6407819643111101
1285,1.7138153707298305,0.7482182387021837,-1.65068340,1.64077943291565
1286,1.712815523034674,0.748235691108621,-1.65067391,1.64079411022012
1287,1.7118161322076548,0.7482705906053235,-1.65066441,1.64079169928029
1288,1.7108167413806357,0.7483054901020261,-1.65065488,1.64078934896683
1289,1.7098168936854792,0.7483229425084633,-1.65064535,1.64080420885316
1290,1.7088170459903227,0.7483403949149006,-1.65063580,1.6408191249619901
1291,1.7078176551633035,0.7483752944116031,-1.65062623,1.64081695658611
1292,1.706817807468147,0.7483927468180404,-1.65061665,1.64083199706609
1293,1.705818416641128,0.7484276463147429,-1.65060705,1.64082995065921
1294,1.7048185689459714,0.7484450987211801,-1.65059744,1.64084511400518
1295,1.7038191781189522,0.7484799982178827,-1.65058781,1.64084318869316
1296,1.702819787291933,0.7485148977145852,-1.65057817,1.6408413257398702
1297,1.7018199395967766,0.7485323501210225,-1.65056851,1.64085667394264
1298,1.7008205487697574,0.748567249617725,-1.65055883,1.64085493320309
1299,1.699820701074601,0.7485847020241623,-1.65054914,1.64087040506567
1300,1.6988213102475818,0.7486196015208648,-1.65053944,1.64086878980872
1301,1.6978214625524253,0.7486370539273021,-1.65052972,1.64088438710625
1302,1.696822071725406,0.7486719534240046,-1.65051998,1.64088289617199
1303,1.695822680898387,0.7487068529207072,-1.65051023,1.64088146782123
1304,1.6948228332032305,0.7487243053271444,-1.65050047,1.64089725313639
1305,1.6938234423762113,0.748759204823847,-1.65049069,1.6408959502237601
1306,1.6928235946810548,0.7487766572302842,-1.65048089,1.64091186291743
1307,1.6918242038540356,0.7488115567269867,-1.65047108,1.6409106874727
1308,1.6908248130270165,0.7488464562236893,-1.65046125,1.64090957561752
1309,1.68982496533186,0.7488639086301265,-1.65045141,1.6409256792268798
1310,1.6888255745048408,0.7488988081268291,-1.65044155,1.64092469581185
1311,1.6878257268096843,0.7489162605332663,-1.65043168,1.64094092863359
1312,1.6868263359826652,0.7489511600299689,-1.65042179,1.64094007392591
1313,1.685826945155646,0.7489860595266714,-1.65041189,1.64093928409457
1314,1.6848270974604895,0.7490035119331087,-1.65040197,1.6409557104454202
1315,1.6838277066334704,0.7490384114298112,-1.65039203,1.64095505096238
1316,1.6828283158064512,0.7490733109265137,-1.65038208,1.64095445699111
1317,1.681828924979432,0.7491082104232163,-1.65037212,1.64095392873823
1318,1.6808290772842756,0.7491256628296535,-1.65036214,1.6409706175421799
1319,1.6798296864572564,0.7491605623263561,-1.65035214,1.64097022143621
1320,1.6788302956302372,0.7491954618230586,-1.65034213,1.64096989190696
1321,1.677830904803218,0.7492303613197612,-1.65033210,1.64096962872495
1322,1.676831513976199,0.7492652608164637,-1.65032206,1.64096943261012
1323,1.6758321231491795,0.7493001603131663,-1.65031200,1.64096930221259
1324,1.6748327323221606,0.7493350598098688,-1.65030193,1.6409692420054598
1325,1.6738333414951414,0.7493699593065714,-1.65029184,1.64096924853328
1326,1.6728339506681222,0.7494048588032739,-1.65028174,1.64096932265852
1327,1.671834559841103,0.7494397582999764,-1.65027162,1.64096946408722
1328,1.670835169014084,0.749474657796679,-1.65026148,1.64096967587891
1329,1.6698357781870647,0.7495095572933815,-1.65025133,1.64096995193323
1330,1.6688363873600456,0.7495444567900841,-1.65024117,1.64097029953822
1331,1.6678369965330264,0.7495793562867866,-1.65023099,1.64097071471613
1332,1.6668376057060073,0.7496142557834892,-1.65022079,1.64097120050161
1333,1.665838214878988,0.7496491552801917,-1.65021058,1.6409717544822398
1334,1.664838824051969,0.7496840547768943,-1.65020035,1.64097237884424
1335,1.6638394332249498,0.7497189542735968,-1.65019011,1.6409730730514998
1336,1.6628400423979306,0.7497538537702993,-1.65017985,1.64097383755376
1337,1.6618406515709114,0.7497887532670019,-1.65016958,1.64097467295967
1338,1.6608412607438925,0.7498236527637044,-1.65015929,1.6409755789835998
1339,1.659841869916873,0.749858552260407,-1.65014899,1.64097655619371
1340,1.658842479089854,0.7498934517571095,-1.65013867,1.64097760424115
1341,1.6578430882628348,0.7499283512538121,-1.65012833,1.64097872154804
1342,1.6568436974358156,0.7499632507505146,-1.65011798,1.64097991263665
1343,1.6558443066087964,0.7499981502472172,-1.65010762,1.6409811756852601
1344,1.6548449157817773,0.7500330497439197,-1.65009724,1.6409825108649598
1345,1.653845524954758,0.7500679492406223,-1.65008684,1.64098391835944
1346,1.652846134127739,0.7501028487373248,-1.65007643,1.64098539889158
1347,1.6518467433007198,0.7501377482340273,-1.65006600,1.6409869522756702
1348,1.6508473524737006,0.7501726477307299,-1.65005556,1.64098857914091
1349,1.6498479616466817,0.7502075472274324,-1.65004510,1.64099027914109
1350,1.6488485708196623,0.750242446724135,-1.65003463,1.64099205342134
1351,1.6478491799926431,0.7502773462208375,-1.65002414,1.6409939037909798
1352,1.646849789165624,0.7503122457175401,-1.65001364,1.64099582493056
1353,1.6458503983386048,0.7503471452142426,-1.65000312,1.64099781936356
1354,1.6448510075115856,0.7503820447109452,-1.64999259,1.64099988699488
1355,1.6438516166845665,0.7504169442076477,-1.64998204,1.64100203711042
1356,1.6428522258575473,0.7504518437043503,-1.64997147,1.6410042589638199
1357,1.641852835030528,0.7504867432010528,-1.64996089,1.6410065563667198
1358,1.640853444203509,0.7505216426977553,-1.64995030,1.64100893028152
1359,1.6398540533764898,0.7505565421944579,-1.64993969,1.64101138104087
1360,1.6388546625494709,0.7505914416911604,-1.64992906,1.64101390692649
1361,1.6378552717224517,0.750626341187863,-1.64991842,1.64101650975992
1362,1.6368558808954323,0.7506612406845655,-1.64990776,1.6410191897494801
1363,1.6358572513606775,0.7507135766408085,-1.64989709,1.6410047993881398
1364,1.6348578605336586,0.7507484761375111,-1.64988641,1.64100763390588
1365,1.6338584697066394,0.7507833756342136,-1.64987570,1.64101054628645
1366,1.6328590788796202,0.7508182751309161,-1.64986499,1.64101353757391
1367,1.631859688052601,0.7508531746276187,-1.64985425,1.6410166045308
1368,1.630860297225582,0.7508880741243212,-1.64984350,1.6410197520516698
1369,1.6298609063985627,0.7509229736210238,-1.64983274,1.64102297880382
1370,1.6288615155715436,0.7509578731177263,-1.64982196,1.64102628471672
1371,1.6278621247445244,0.7509927726144289,-1.64981117,1.6410296701629399
1372,1.6268627339175052,0.7510276721111314,-1.64980036,1.6410331352507
1373,1.625863343090486,0.751062571607834,-1.64978954,1.64103668087566
1374,1.624863952263467,0.7510974711045365,-1.64977870,1.64104030561885
1375,1.6238645614364478,0.751132370601239,-1.64976784,1.64104401241817
1376,1.6228651706094286,0.7511672700979416,-1.64975697,1.64104779967766
1377,1.6218657797824094,0.7512021695946441,-1.64974609,1.6410516683594998
1378,1.6208663889553905,0.7512370690913467,-1.64973518,1.64105561765328
1379,1.619866998128371,0.7512719685880492,-1.64972427,1.6410596498065502
1380,1.618867607301352,0.7513068680847518,-1.64971334,1.64106376406816
1381,1.6178682164743328,0.7513417675814543,-1.64970239,1.6410679600917302
1382,1.6168695869395782,0.7513941035376973,-1.64969143,1.64105509321854
1383,1.615870196112559,0.7514290030343999,-1.64968045,1.64105945498472
1384,1.6148708052855398,0.7514639025311024,-1.64966946,1.6410639006780101
1385,1.613871414458521,0.751498802027805,-1.64965845,1.64106842943506
1386,1.6128720236315015,0.7515337015245075,-1.64964743,1.64107304203037
1387,1.611873394096747,0.7515860374807505,-1.64963639,1.64106059391573
1388,1.6108740032697275,0.751620936977453,-1.64962534,1.6410653753606401
1389,1.6098746124427086,0.7516558364741556,-1.64961427,1.6410702403724802
1390,1.6088752216156894,0.7516907359708581,-1.64960319,1.64107519069398
1391,1.6078758307886702,0.7517256354675607,-1.64959209,1.64108022658001
1392,1.606876439961651,0.7517605349642632,-1.64958098,1.64108534744466
1393,1.6058778104268965,0.7518128709205062,-1.64956985,1.6410734105564
1394,1.604878419599877,0.7518477704172087,-1.64955871,1.64107870431627
1395,1.6038790287728582,0.7518826699139113,-1.64954755,1.64108408466378
1396,1.602879637945839,0.7519175694106138,-1.64953638,1.6410895512944301
1397,1.6018810084110844,0.7519699053668568,-1.64952519,1.64107796093993
1398,1.6008816175840652,0.7520048048635594,-1.64951398,1.6410836015212
1399,1.599882226757046,0.7520397043602619,-1.64950276,1.6410893297373499
1400,1.598882835930027,0.7520746038569645,-1.64949153,1.64109514601857
1401,1.5978842063952725,0.7521269398132074,-1.64948028,1.64108390703913
1402,1.5968848155682531,0.75216183930991,-1.64946902,1.64108989898154
1403,1.595885424741234,0.7521967388066125,-1.64945774,1.6410959806247898
1404,1.5948867952064794,0.7522490747628555,-1.64944644,1.64108500941647
1405,1.5938874043794602,0.7522839742595581,-1.64943513,1.6410912691354
1406,1.592888013552441,0.7523188737562606,-1.64942381,1.64109761870933
1407,1.5918893840176864,0.7523712097125036,-1.64941247,1.6410869166053301
1408,1.5908899931906673,0.7524061092092061,-1.64940111,1.64109344618343
1409,1.589890602363648,0.7524410087059087,-1.64938975,1.641100067184
1410,1.5888919728288935,0.7524933446621517,-1.64937836,1.6410896386651799
1411,1.5878925820018743,0.7525282441588542,-1.64936696,1.64109644874754
1412,1.5868931911748552,0.7525631436555568,-1.64935555,1.64110334310387
1413,1.5858945616401006,0.7526154796117998,-1.64934412,1.6410931887254399
1414,1.5848951708130814,0.7526503791085023,-1.64933267,1.6411002667143402
1415,1.5838957799860622,0.7526852786052048,-1.64932121,1.6411074367996301
1416,1.5828971504513076,0.7527376145614478,-1.64930974,1.64109755975189
1417,1.5818977596242885,0.7527725140581504,-1.64929825,1.6411049149822499
1418,1.580899130089534,0.7528248500143934,-1.64928675,1.6410952255634
1419,1.5798997392625147,0.7528597495110959,-1.64927523,1.64110276887893
1420,1.57890110972776,0.7529120854673389,-1.64926369,1.6410932676866399
1421,1.577901718900741,0.7529469849640414,-1.64925214,1.64110099911414
1422,1.5769023280737218,0.752981884460744,-1.64924058,1.64110882501232
1423,1.5759036985389672,0.753034220416987,-1.64922900,1.64109960806887
1424,1.5749050690042126,0.75308655637323,-1.64921741,1.6410904893476301
1425,1.5739056781771934,0.7531214558699325,-1.64920580,1.64109860284903
1426,1.5729070486424388,0.7531737918261755,-1.64919418,1.641089675396
1427,1.5719076578154196,0.753208691322878,-1.64918254,1.6410979789777
1428,1.570909028280665,0.753261027279121,-1.64917089,1.64108924698292
1429,1.569909637453646,0.7532959267758236,-1.64915922,1.64109774697208
1430,1.5689110079188913,0.7533482627320666,-1.64914754,1.64108920703851
1431,1.567911617091872,0.7533831622287691,-1.64913584,1.64109790174574
1432,1.5669129875571175,0.7534354981850121,-1.64912413,1.6410895640563299
1433,1.565914358022363,0.7534878341412551,-1.64911240,1.64108132343536
1434,1.5649157284876083,0.7535401700974981,-1.64910066,1.6410731818457598
1435,1.5639170989528537,0.7535925060537411,-1.64908891,1.64106514043077
1436,1.562918469418099,0.753644842009984,-1.64907714,1.64105719972249
1437,1.5619198398833445,0.753697177966227,-1.64906535,1.64104935995582
1438,1.56092121034859,0.75374951392247,-1.64905355,1.64104162292417
1439,1.5599225808138353,0.753801849878713,-1.64904174,1.64103398887524
1440,1.558923951279081,0.753854185834956,-1.64902991,1.64102645463781
1441,1.557925321744326,0.753906521791199,-1.64901807,1.64101902188826
1442,1.5569266922095717,0.753958857747442,-1.64900621,1.64101169018884
1443,1.5559280626748169,0.754011193703685,-1.64899433,1.6410044630566598
1444,1.5549294331400625,0.754063529659928,-1.64898245,1.64099734136225
1445,1.5539308036053077,0.7541158656161709,-1.64897054,1.6409903236194898
1446,1.552932174070553,0.7541682015724139,-1.64895863,1.6409834107784702
1447,1.5519335445357985,0.7542205375286569,-1.64894670,1.64097660283718
1448,1.550934915001044,0.7542728734848999,-1.64893475,1.64096990077035
1449,1.5499362854662893,0.7543252094411429,-1.64892279,1.64096330498456
1450,1.5489376559315349,0.7543775453973859,-1.64891082,1.64095681505354
1451,1.54793902639678,0.7544298813536289,-1.64889883,1.6409504325204
1452,1.5469403968620254,0.7544822173098719,-1.64888683,1.6409441573858001
1453,1.5459417673272708,0.7545345532661148,-1.64887481,1.64093798987785
1454,1.5449431377925162,0.7545868892223578,-1.64886278,1.64093193094746
1455,1.5439445082577616,0.7546392251786008,-1.64885073,1.64092598138269
1456,1.542945878723007,0.7546915611348438,-1.64883867,1.64092014072409
1457,1.5419472491882524,0.7547438970910868,-1.64882660,1.6409144093797798
1458,1.5409486196534978,0.7547962330473298,-1.64881451,1.64090878939058
1459,1.5399499901187432,0.7548485690035728,-1.64880241,1.64090327957969
1460,1.5389513605839886,0.7549009049598158,-1.64879029,1.64089788163068
1461,1.537952731049234,0.7549532409160588,-1.64877816,1.6408925956131202
1462,1.5369541015144794,0.7550055768723017,-1.64876601,1.6408874216741798
1463,1.5359554719797248,0.7550579128285447,-1.64875385,1.64088236065234
1464,1.5349568424449702,0.7551102487847877,-1.64874168,1.6408774134236799
1465,1.5339582129102156,0.7551625847410307,-1.64872949,1.64087258032044
1466,1.532959583375461,0.7552149206972737,-1.64871729,1.6408678612715
1467,1.5319609538407064,0.7552672566535167,-1.64870507,1.64086325717371
1468,1.5309623243059518,0.7553195926097597,-1.64869284,1.64085876879455
1469,1.5299636947711972,0.7553719285660027,-1.64868060,1.6408543962880198
1470,1.5289650652364426,0.7554242645222456,-1.64866834,1.64085014056627
1471,1.527966435701688,0.7554766004784886,-1.64865607,1.64084600213452
1472,1.5269688716514285,0.7555463569522327,-1.64864379,1.6408248744184002
1473,1.5259702421166736,0.7555986929084757,-1.64863149,1.64082097323044
1474,1.524971612581919,0.7556510288647187,-1.64861917,1.64081718971517
1475,1.5239729830471644,0.7557033648209617,-1.64860685,1.64081352641651
1476,1.5229743535124098,0.7557557007772047,-1.64859451,1.64080998294157
1477,1.5219757239776552,0.7558080367334477,-1.64858215,1.64080655981989
1478,1.5209770944429006,0.7558603726896906,-1.64856978,1.64080325825871
1479,1.519978464908146,0.7559127086459336,-1.64855740,1.64080007792468
1480,1.5189798353733914,0.7559650446021766,-1.64854501,1.64079701943084
1481,1.5179812058386368,0.7560173805584196,-1.64853260,1.6407940842
1482,1.5169825763038822,0.7560697165146626,-1.64852017,1.64079127235809
1483,1.5159839467691276,0.7561220524709056,-1.64850774,1.64078858434793
1484,1.514985317234373,0.7561743884271486,-1.64849529,1.64078602061359
1485,1.5139866876996184,0.7562267243833916,-1.64848282,1.64078358205506
1486,1.512989123649359,0.7562964808571356,-1.64847035,1.6407641705663298
1487,1.511990494114604,0.7563488168133786,-1.64845785,1.6407619844558001
1488,1.5109918645798497,0.7564011527696216,-1.64844535,1.64075992494252
1489,1.5099932350450949,0.7564534887258646,-1.64843283,1.6407579923849998
1490,1.5089946055103405,0.7565058246821076,-1.64842030,1.64075618805575
1491,1.5079959759755857,0.7565581606383506,-1.64840776,1.64075451275604
1492,1.506998411925326,0.7566279171120947,-1.64839520,1.6407358719478102
1493,1.5059997823905713,0.7566802530683376,-1.64838263,1.6407344556202301
1494,1.5050011528558167,0.7567325890245806,-1.64837004,1.64073316969907
1495,1.504002523321062,0.7567849249808236,-1.64835745,1.6407320148642102
1496,1.5030049592708024,0.7568546814545677,-1.64834483,1.64071390020191
1497,1.5020063297360478,0.7569070174108107,-1.64833221,1.6407130097781502
1498,1.5010077002012931,0.7569593533670537,-1.64831957,1.6407122520646
1499,1.5000101361510334,0.7570291098407977,-1.64830692,1.64069453868626
1500,1.4990115066162788,0.7570814457970407,-1.64829426,1.6406937653390599
1501,1.4980128770815242,0.7571337817532837,-1.64828158,1.64069369349582
1502,1.4970153130312644,0.7572035382270278,-1.64826889,1.64067638674309
1503,1.4960166834965098,0.7572558741832708,-1.64825619,1.64067630291204
1504,1.49501911944625,0.7573256306570149,-1.64824347,1.64065927116179
1505,1.4940204899114955,0.7573779666132578,-1.64823074,1.64065946130438
1506,1.493021860376741,0.7574303025695008,-1.64821800,1.64065978866448
1507,1.4920242963264811,0.7575000590432449,-1.64820525,1.64064317303629
1508,1.4910256667917263,0.7575523949994879,-1.64819248,1.6406437784664099
1509,1.4900281027414668,0.757622151473232,-1.64817970,1.6406274434028898
1510,1.489030538691207,0.757691907946976,-1.64816691,1.64061125010983
1511,1.4880329746409473,0.7577616644207201,-1.64815410,1.64059519962838
1512,1.4870354105906876,0.7578314208944642,-1.64814128,1.64057929207616
1513,1.4860378465404278,0.7579011773682083,-1.64812845,1.64056352889295
1514,1.485040282490168,0.7579709338419524,-1.64811560,1.64054791015068
1515,1.4840427184399083,0.7580406903156964,-1.64810275,1.6405324366068
1516,1.4830451543896486,0.7581104467894405,-1.64808988,1.6405171089684
1517,1.4820475903393888,0.7581802032631846,-1.64807699,1.6405019279373798
1518,1.481050026289129,0.7582499597369287,-1.64806410,1.64048689544597
1519,1.480052462238869,0.7583197162106727,-1.64805119,1.64047200844255
1520,1.4790548981886096,0.7583894726844168,-1.64803827,1.64045727097208
1521,1.4780573341383498,0.7584592291581609,-1.64802534,1.64044268295528
1522,1.47705977008809,0.758528985631905,-1.64801240,1.64042824463916
1523,1.4760622060378303,0.758598742105649,-1.64799944,1.6404139572338101
1524,1.4750646419875706,0.7586684985793931,-1.64798647,1.64039982079563
1525,1.4740670779373108,0.7587382550531372,-1.64797349,1.6403858364436799
1526,1.473069513887051,0.7588080115268813,-1.64796050,1.64037200451319
1527,1.4720719498367911,0.7588777680006253,-1.64794749,1.6403583257856802
1528,1.4710743857865316,0.7589475244743694,-1.64793447,1.6403448014815498
1529,1.470076821736272,0.7590172809481135,-1.64792145,1.64033143180531
1530,1.469079257686012,0.7590870374218576,-1.64790840,1.64031821758005
1531,1.4680816936357524,0.7591567938956016,-1.64789535,1.64030515934672
1532,1.4670841295854926,0.7592265503693457,-1.64788229,1.64029225815681
1533,1.4660865655352329,0.7592963068430898,-1.64786921,1.6402795144911302
1534,1.4650890014849731,0.7593660633168339,-1.64785612,1.64026692945206
1535,1.4640914374347134,0.759435819790578,-1.64784302,1.6402545034659402
1536,1.4630938733844536,0.759505576264322,-1.64782991,1.64024223705934
1537,1.462096309334194,0.7595753327380661,-1.64781678,1.6402301311318
1538,1.461098745283934,0.7596450892118102,-1.64780365,1.6402181864031502
1539,1.4601011812336744,0.7597148456855543,-1.64779050,1.6402064039456699
1540,1.4591036171834146,0.7597846021592983,-1.64777734,1.64019478402844
1541,1.458106053133155,0.7598543586330424,-1.64776417,1.64018332795253
1542,1.4571084890828951,0.7599241151067865,-1.64775099,1.64017203594442
1543,1.4561109250326354,0.7599938715805306,-1.64773780,1.6401609091067102
1544,1.4551133609823756,0.7600636280542746,-1.64772460,1.6401499479280701
1545,1.454115796932116,0.7601333845280187,-1.64771138,1.64013915346029
1546,1.4531182328818562,0.7602031410017628,-1.64769816,1.64012852639134
1547,1.4521206688315964,0.7602728974755069,-1.64768492,1.64011806723623
1548,1.4511231047813369,0.7603426539492509,-1.64767167,1.64010777750997
1549,1.450125540731077,0.760412410422995,-1.64765841,1.64009765700871
1550,1.4491279766808172,0.7604821668967391,-1.64764514,1.64008770750495
1551,1.4481304126305574,0.7605519233704832,-1.64763186,1.64007792945965
1552,1.4471328485802977,0.7606216798442272,-1.64761857,1.6400683235112599
1553,1.446135284530038,0.7606914363179713,-1.64760527,1.64005889033993
1554,1.4451377204797782,0.7607611927917154,-1.64759195,1.64004963095119
1555,1.4441401564295184,0.7608309492654595,-1.64757863,1.6400405462342
1556,1.4431439617314268,0.7609181050082071,-1.64756529,1.64001461919983
1557,1.442146397681167,0.7609878614819512,-1.64755195,1.64000588759298
1558,1.4411488336309073,0.7610576179556953,-1.64753859,1.6399973326618298
1559,1.4401512695806475,0.7611273744294393,-1.64752522,1.63998895593548
1560,1.4391537055303878,0.7611971309031834,-1.64751185,1.63998075820426
1561,1.438156141480128,0.7612668873769275,-1.64749846,1.6399727399928299
1562,1.4371599467820364,0.7613540431196751,-1.64748506,1.63994789294698
1563,1.4361623827317769,0.7614237995934192,-1.64747165,1.63994023779472
1564,1.435164818681517,0.7614935560671633,-1.64745823,1.63993276460706
1565,1.4341686239834253,0.7615807118099109,-1.64744481,1.63990847017362
1566,1.4331710599331655,0.761650468283655,-1.64743137,1.63990136572224
1567,1.4321734958829058,0.7617202247573991,-1.64741792,1.6398944457567999
1568,1.431177301184814,0.7618073805001467,-1.64740446,1.6398707112537299
1569,1.4301811064867225,0.7618945362428944,-1.64739099,1.6398471667074799
1570,1.4291849117886308,0.761981691985642,-1.64737751,1.6398238127898
1571,1.4281887170905392,0.7620688477283897,-1.64736402,1.63980065032945
1572,1.4271925223924475,0.7621560034711373,-1.64735052,1.63977768060187
1573,1.426196327694356,0.762243159213885,-1.64733701,1.63975490369209
1574,1.4252001329962642,0.7623303149566326,-1.64732349,1.63973232169352
1575,1.4242039382981726,0.7624174706993803,-1.64730996,1.6397099348306
1576,1.423207743600081,0.7625046264421279,-1.64729642,1.6396877441064799
1577,1.4222115489019893,0.7625917821848756,-1.64728288,1.6396657503485301
1578,1.4212153542038977,0.7626789379276232,-1.64726932,1.63964395478133
1579,1.420219159505806,0.7627660936703708,-1.64725575,1.639622358174
1580,1.4192229648077144,0.7628532494131185,-1.64724217,1.63960096197223
1581,1.4182267701096227,0.7629404051558661,-1.64722859,1.63957976579546
1582,1.417230575411531,0.7630275608986138,-1.64721499,1.63955877235494
1583,1.4162343807134394,0.7631147166413614,-1.64720139,1.63953798305988
1584,1.4152381860153478,0.7632018723841091,-1.64718777,1.63951739431684
1585,1.414241991317256,0.7632890281268567,-1.64717415,1.6394970122824502
1586,1.4132457966191645,0.7633761838696044,-1.64716052,1.63947683585563
1587,1.4122496019210729,0.763463339612352,-1.64714688,1.6394568659625801
1588,1.4112534072229812,0.7635504953550997,-1.64713323,1.63943710352707
1589,1.4102572125248896,0.7636376510978473,-1.64711957,1.63941755038287
1590,1.409261017826798,0.763724806840595,-1.64710590,1.63939820661865
1591,1.4082648231287065,0.7638119625833426,-1.64709223,1.63937907354558
1592,1.4072686284306146,0.7638991183260903,-1.64707854,1.63936015245157
1593,1.406272433732523,0.7639862740688379,-1.64706485,1.63934144415179
1594,1.405276239034431,0.7640734298115855,-1.64705115,1.6393229498064699
1595,1.4042800443363397,0.7641605855543332,-1.64703744,1.6393046701921699
1596,1.403283849638248,0.7642477412970808,-1.64702372,1.6392866067595
1597,1.4022876549401564,0.7643348970398285,-1.64700999,1.6392687600868099
1598,1.4012914602420647,0.7644220527825761,-1.64699626,1.63925113176925
1599,1.400295265543973,0.7645092085253238,-1.64698251,1.63923372186671
1600,1.3992990708458817,0.7645963642680714,-1.64696876,1.63921653267138
1601,1.3983028761477898,0.7646835200108191,-1.64695500,1.6391995645911699
1602,1.3973066814496982,0.7647706757535667,-1.64694124,1.63918281954768
1603,1.3963104867516063,0.7648578314963144,-1.64692746,1.6391662967381002
1604,1.3953142920535149,0.764944987239062,-1.64691368,1.63914999925378
1605,1.3943180973554232,0.7650321429818097,-1.64689989,1.6391339274431198
1606,1.3933219026573316,0.7651192987245573,-1.64688609,1.6391180824769198
1607,1.39232570795924,0.765206454467305,-1.64687229,1.63910246581798
1608,1.3913295132611485,0.7652936102100526,-1.64685847,1.63908707802837
1609,1.3903333185630566,0.7653807659528002,-1.64684465,1.63907192051088
1610,1.389337123864965,0.7654679216955479,-1.64683082,1.63905699412259
1611,1.3883426019695968,0.7655724501588156,-1.64681699,1.63902539026557
1612,1.3873464072715052,0.7656596059015632,-1.64680315,1.63901093159013
1613,1.3863502125734135,0.7657467616443109,-1.64678930,1.6389967083820198
1614,1.385354017875322,0.7658339173870585,-1.64677544,1.6389827217238202
1615,1.3843594959799537,0.7659384458503262,-1.64676158,1.6389520701133398
1616,1.3833649740845857,0.7660429743135939,-1.64674771,1.63892166148238
1617,1.3823704521892173,0.7661475027768616,-1.64673383,1.6388914974136901
1618,1.381375930293849,0.7662520312401293,-1.64671995,1.63886157823522
1619,1.380381408398481,0.766356559703397,-1.64670605,1.63883190615099
1620,1.3793868865031127,0.7664610881666647,-1.64669216,1.63880248224536
1621,1.3783923646077445,0.7665656166299324,-1.64667825,1.63877330823096
1622,1.3773978427123763,0.7666701450932001,-1.64666434,1.6387443828876598
1623,1.376403320817008,0.7667746735564678,-1.64665042,1.63871571092012
1624,1.37540879892164,0.7668792020197355,-1.64663650,1.63868729050014
1625,1.3744142770262715,0.7669837304830032,-1.64662257,1.6386591238947399
1626,1.3734197551309035,0.7670882589462709,-1.64660864,1.63863121568016
1627,1.3724252332355351,0.7671927874095386,-1.64659469,1.63860356240299
1628,1.3714307113401671,0.7672973158728063,-1.64658075,1.63857616743416
1629,1.370436189444799,0.767401844336074,-1.64656679,1.63854903091541
1630,1.3694416675494308,0.7675063727993416,-1.64655283,1.63852215672866
1631,1.3684471456540626,0.7676109012626093,-1.64653887,1.63849554281642
1632,1.3674526237586944,0.767715429725877,-1.64652490,1.6384691944008698
1633,1.3664581018633262,0.7678199581891447,-1.64651092,1.63844310959333
1634,1.365463579967958,0.7679244866524124,-1.64649694,1.63841729157867
1635,1.3644690580725898,0.7680290151156801,-1.64648295,1.6383917409135602
1636,1.3634745361772216,0.7681335435789478,-1.64646896,1.6383664576671602
1637,1.3624800142818534,0.7682380720422155,-1.64645497,1.63834144557979
1638,1.3614854923864852,0.7683426005054832,-1.64644096,1.63831670558196
1639,1.360490970491117,0.7684471289687509,-1.64642696,1.63829223778378
1640,1.3594964485957488,0.7685516574320186,-1.64641295,1.6382680443896902
1641,1.3585019267003806,0.7686561858952863,-1.64639893,1.6382441272160801
1642,1.3575074048050124,0.768760714358554,-1.64638491,1.6382204862434002
1643,1.3565128829096442,0.7688652428218217,-1.64637088,1.63819712505571
1644,1.355518361014276,0.7689697712850894,-1.64635686,1.63817404427126
1645,1.3545238391189078,0.7690742997483571,-1.64634282,1.63815124234535
1646,1.3535293172235396,0.7691788282116248,-1.64632878,1.6381287245164402
1647,1.3525347953281714,0.7692833566748924,-1.64631474,1.6381064907368201
1648,1.3515402734328033,0.7693878851381601,-1.64630070,1.63808454253001
1649,1.350545751537435,0.7694924136014278,-1.64628665,1.6380628815840699
1650,1.3495512296420669,0.7695969420646955,-1.64627259,1.63804150922608
1651,1.348556707746699,0.7697014705279632,-1.64625854,1.63802042644639
1652,1.3475621858513305,0.7698059989912309,-1.64624447,1.63799963565946
1653,1.3465676639559625,0.7699105274544986,-1.64623041,1.63797913793032
1654,1.345575117804321,0.7700323967979038,-1.64621634,1.637942145138
1655,1.3445825716526796,0.770154266141309,-1.64620227,1.6379054546946599
1656,1.3435900255010382,0.7702761354847142,-1.64618820,1.6378690680306
1657,1.3425974793493969,0.7703980048281194,-1.64617412,1.63783298636526
1658,1.3416049331977555,0.7705198741715246,-1.64616004,1.6377972107508598
1659,1.3406123870461142,0.7706417435149298,-1.64614595,1.63776174391216
1660,1.3396198408944728,0.770763612858335,-1.64613187,1.6377265865967598
1661,1.3386272947428317,0.7708854822017401,-1.64611778,1.6376917453591497
1662,1.33763474859119,0.7710073515451453,-1.64610368,1.63765721214533
1663,1.3366422024395488,0.7711292208885505,-1.64608959,1.6376229937154698
1664,1.3356496562879074,0.7712510902319557,-1.64607549,1.6375890910381798
1665,1.334657110136266,0.7713729595753609,-1.64606139,1.6375555060035198
1666,1.3336645639846247,0.7714948289187661,-1.64604729,1.63752224026365
1667,1.3326720178329834,0.7716166982621713,-1.64603318,1.63748929527089
1668,1.331679471681342,0.7717385676055765,-1.64601908,1.63745667270165
1669,1.3306869255297007,0.7718604369489817,-1.64600497,1.63742437437842
1670,1.3296943793780591,0.7719823062923868,-1.64599086,1.63739240179192
1671,1.328701833226418,0.772104175635792,-1.64597675,1.63736075669766
1672,1.3277092870747766,0.7722260449791972,-1.64596264,1.6373294389257098
1673,1.3267167409231353,0.7723479143226024,-1.64594852,1.63729845304155
1674,1.325724194771494,0.7724697836660076,-1.64593441,1.63726780291549
1675,1.3247316486198526,0.7725916530094128,-1.64592029,1.6372374829667802
1676,1.3237391024682112,0.772713522352818,-1.64590617,1.6372074980663602
1677,1.32274655631657,0.7728353916962232,-1.64589205,1.6371778515644901
1678,1.3217540101649283,0.7729572610396284,-1.64587793,1.6371485456586399
1679,1.3207614640132872,0.7730791303830336,-1.64586382,1.63711957967522
1680,1.319768917861646,0.7732009997264387,-1.64584969,1.6370909557320301
1681,1.3187763717100045,0.7733228690698439,-1.64583557,1.63706267691198
1682,1.3177838255583632,0.7734447384132491,-1.64582145,1.6370347433441998
1683,1.3167912794067218,0.7735666077566543,-1.64580733,1.63700715841541
1684,1.3157987332550805,0.7736884771000595,-1.64579321,1.63697992234462
1685,1.314806187103439,0.7738103464434647,-1.64577909,1.63695306034153
1686,1.3138136409517978,0.7739322157868699,-1.64576497,1.63692652829079
1687,1.3128210948001564,0.7740540851302751,-1.64575085,1.63690035360493
1688,1.311830826731415,0.7741932582312351,-1.64573673,1.63685787033103
1689,1.3108405586626737,0.7743324313321951,-1.64572261,1.63681575516175
1690,1.309850290593932,0.7744716044331551,-1.64570849,1.63677400723244
1691,1.3088600225251903,0.7746107775341151,-1.64569437,1.63673262886392
1692,1.307869754456449,0.7747499506350751,-1.64568025,1.63669162147858
1693,1.3068794863877076,0.7748891237360351,-1.64566613,1.63665098914741
1694,1.305889218318966,0.7750282968369951,-1.64565201,1.6366107325980999
1695,1.3048989502502246,0.7751674699379552,-1.64563790,1.6365708536168802
1696,1.3039086821814831,0.7753066430389152,-1.64562378,1.63653135521455
1697,1.3029184141127417,0.7754458161398752,-1.64560967,1.63649223643115
1698,1.3019281460440002,0.7755849892408352,-1.64559556,1.6364535030459
1699,1.3009378779752587,0.7757241623417952,-1.64558145,1.63641515464515
1700,1.2999476099065173,0.7758633354427552,-1.64556735,1.63637719300608
1701,1.2989573418377758,0.7760025085437152,-1.64555324,1.63633962147544
1702,1.2979670737690343,0.7761416816446752,-1.64553914,1.6363024404448199
1703,1.2969768057002928,0.7762808547456352,-1.64552504,1.6362656536681999
1704,1.2959865376315514,0.7764200278465953,-1.64551094,1.6362292621856098
1705,1.29499626956281,0.7765592009475553,-1.64549684,1.63619326817463
1706,1.2940060014940684,0.7766983740485153,-1.64548275,1.6361576738933001
1707,1.293015733425327,0.7768375471494753,-1.64546866,1.6361224813739
1708,1.2920254653565857,0.7769767202504353,-1.64545457,1.6360876922510998
1709,1.291035197287844,0.7771158933513953,-1.64544049,1.63605330894935
1710,1.2900449292191023,0.7772550664523553,-1.64542641,1.63601933425061
1711,1.289054661150361,0.7773942395533153,-1.64541233,1.63598577001795
1712,1.2880643930816196,0.7775334126542753,-1.64539826,1.63595261814769
1713,1.287074125012878,0.7776725857552353,-1.64538419,1.6359198811228102
1714,1.2860838569441366,0.7778117588561954,-1.64537012,1.6358875603907599
1715,1.2850935888753952,0.7779509319571554,-1.64535606,1.6358556577989702
1716,1.2841033208066537,0.7780901050581154,-1.64534200,1.63582417611291
1717,1.2831156324660586,0.7782465395231556,-1.64532795,1.63577660729782
1718,1.2821279441254636,0.7784029739881958,-1.64531390,1.6357294512744303
1719,1.2811402557848686,0.778559408453236,-1.64529986,1.6356827327705699
1720,1.2801525674442735,0.7787158429182762,-1.64528582,1.63563645275415
1721,1.2791648791036785,0.7788722773833164,-1.64527178,1.63559061399895
1722,1.2781771907630834,0.7790287118483566,-1.64525775,1.63554521922084
1723,1.2771895024224884,0.7791851463133969,-1.64524372,1.63550027039755
1724,1.2762018140818934,0.7793415807784371,-1.64522970,1.6354557698105698
1725,1.2752141257412983,0.7794980152434773,-1.64521569,1.63541171925517
1726,1.2742264374007033,0.7796544497085175,-1.64520168,1.6353681219110099
1727,1.2732387490601085,0.7798108841735577,-1.64518768,1.6353249793610098
1728,1.2722510607195132,0.7799673186385979,-1.64517368,1.63528229422569
1729,1.2712633723789182,0.7801237531036381,-1.64515969,1.6352400698060199
1730,1.2702756840383231,0.7802801875686783,-1.64514570,1.63519830753815
1731,1.269287995697728,0.7804366220337186,-1.64513172,1.6351570098618202
1732,1.268300307357133,0.7805930564987588,-1.64511775,1.6351161785084
1733,1.267312619016538,0.780749490963799,-1.64510378,1.63507581845369
1734,1.266324930675943,0.7809059254288392,-1.64508982,1.63503592967693
1735,1.265337242335348,0.7810623598938794,-1.64507587,1.6349965184144
1736,1.264349553994753,0.7812187943589196,-1.64506192,1.63495758140443
1737,1.263361865654158,0.7813752288239598,-1.64504799,1.6349191237354201
1738,1.2623741773135628,0.781531663289,-1.64503406,1.6348811482020102
1739,1.2613864889729678,0.7816880977540402,-1.64502013,1.63484365683669
1740,1.2603988006323728,0.7818445322190805,-1.64500622,1.6348066527450298
1741,1.2594111122917775,0.7820009666841207,-1.64499231,1.63477013796266
1742,1.258423423951183,0.7821574011491609,-1.64497841,1.63473411555193
1743,1.2574386161981703,0.7823310493268278,-1.64496452,1.63468219564942
1744,1.2564538084451584,0.7825046975044948,-1.64495064,1.63463078427083
1745,1.2554690006921465,0.7826783456821618,-1.64493677,1.63457988285005
1746,1.2544841929391342,0.7828519938598287,-1.64492290,1.6345294941536102
1747,1.253499385186122,0.7830256420374957,-1.64490904,1.63447962078676
1748,1.25251457743311,0.7831992902151627,-1.64489519,1.63443026653956
1749,1.2515297696800978,0.7833729383928296,-1.64488136,1.63438143296362
1750,1.2505449619270856,0.7835465865704966,-1.64486753,1.6343331225190498
1751,1.2495601541740735,0.7837202347481635,-1.64485371,1.63428533821398
1752,1.2485753464210614,0.7838938829258305,-1.64483990,1.6342380838339299
1753,1.2475905386680493,0.7840675311034975,-1.64482609,1.63419136098336
1754,1.2466057309150371,0.7842411792811644,-1.64481230,1.63414517312158
1755,1.245620923162025,0.7844148274588314,-1.64479852,1.63409952250728
1756,1.2446361154090129,0.7845884756364984,-1.64478475,1.6340544114753301
1757,1.2436513076560007,0.7847621238141653,-1.64477099,1.63400984383007
1758,1.2426664999029886,0.7849357719918323,-1.64475724,1.63396582205035
1759,1.2416816921499765,0.7851094201694993,-1.64474351,1.63392234847825
1760,1.2406968843969644,0.7852830683471662,-1.64472978,1.6338794269256898
1761,1.2397120766439522,0.7854567165248332,-1.64471606,1.63383705902431
1762,1.23872726889094,0.7856303647025001,-1.64470236,1.63379524833549
1763,1.237742461137928,0.7858040128801671,-1.64468867,1.6337539490250799
1764,1.2367576533849158,0.7859776610578341,-1.64467499,1.63371330906271
1765,1.235776026201468,0.7861684700532106,-1.64466132,1.63365693188229
1766,1.2347943990180203,0.786359279048587,-1.64464766,1.63360113547323
1767,1.2338127718345726,0.7865500880439635,-1.64463402,1.6335459220099202
1768,1.2328311446511249,0.78674089703934,-1.64462038,1.63349129568003
1769,1.2318495174676771,0.7869317060347165,-1.64460676,1.6334372586449
1770,1.2308678902842294,0.787122515030093,-1.64459316,1.63338381456001
1771,1.2298862631007816,0.7873133240254695,-1.64457956,1.63333096576461
1772,1.228904635917334,0.787504133020846,-1.64456598,1.63327871496364
1773,1.2279230087338862,0.7876949420162225,-1.64455241,1.6332270667258402
1774,1.2269413815504384,0.787885751011599,-1.64453886,1.63317602313887
1775,1.225959754366991,0.7880765600069755,-1.64452531,1.63312558722191
1776,1.224978127183543,0.788267369002352,-1.64451179,1.63307576283874
1777,1.2239965000000952,0.7884581779977284,-1.64449827,1.63302655132272
1778,1.2230148728166474,0.7886489869931049,-1.64448477,1.63297795907202
1779,1.2220332456331997,0.7888397959884814,-1.64447129,1.63292998622539
1780,1.221051618449752,0.7890306049838579,-1.64445782,1.63288263661375
1781,1.2200699912663042,0.7892214139792344,-1.64444436,1.6328359147056002
1782,1.2190883640828565,0.7894122229746109,-1.64443092,1.6327898228620201
1783,1.2181067368994087,0.7896030319699874,-1.64441750,1.6327443393377101
1784,1.217125109715961,0.7897938409653639,-1.64440409,1.6326995168265102
1785,1.2161469621152272,0.7900017526561817,-1.64439070,1.63263922057115
1786,1.2151688145144934,0.7902096643469995,-1.64437732,1.6325795802287
1787,1.2141906669137597,0.7904175760378173,-1.64436395,1.63252059962827
1788,1.213212519313026,0.7906254877286351,-1.64435061,1.63246228225916
1789,1.212234371712292,0.7908333994194529,-1.64433728,1.63240463004542
1790,1.2112562241115583,0.7910413111102707,-1.64432396,1.63234764833123
1791,1.2102780765108243,0.7912492228010884,-1.64431066,1.6322913398302
1792,1.2092999289100907,0.7914571344919062,-1.64429738,1.6322357079260799
1793,1.208321781309357,0.791665046182724,-1.64428412,1.63218075611933
1794,1.2073436337086232,0.7918729578735418,-1.64427087,1.63212648768689
1795,1.2063654861078894,0.7920808695643596,-1.64425764,1.6320729076139
1796,1.2053873385071556,0.7922887812551774,-1.64424443,1.6320200161192497
1797,1.2044091909064218,0.7924966929459952,-1.64423123,1.63196781897906
1798,1.203431043305688,0.792704604636813,-1.64421805,1.63191631953585
1799,1.2024528957049545,0.7929125163276308,-1.64420490,1.63186552109851
1800,1.2014747481042205,0.7931204280184486,-1.64419176,1.63181542740358
1801,1.2004966005034867,0.7933283397092664,-1.64417863,1.63176604163969
1802,1.199518452902753,0.7935362514000842,-1.64416553,1.6317173678002201
1803,1.1985403053020192,0.793744163090902,-1.64415245,1.6316694094408
1804,1.1975621577012854,0.7939520747817198,-1.64413938,1.6316221700194502
1805,1.1965877876365,0.7941770258360636,-1.64412634,1.6315596935459302
1806,1.1956134175717148,0.7944019768904075,-1.64411331,1.63149795739719
1807,1.1946390475069295,0.7946269279447513,-1.64410031,1.6314369654772598
1808,1.1936646774421442,0.7948518789990952,-1.64408732,1.6313767221117301
1809,1.192690307377359,0.795076830053439,-1.64407435,1.63131723006151
1810,1.1917159373125736,0.7953017811077828,-1.64406141,1.63125849345983
1811,1.1907415672477883,0.7955267321621267,-1.64404848,1.63120051668121
1812,1.189767197183003,0.7957516832164705,-1.64403558,1.6311433033644
1813,1.1887928271182178,0.7959766342708143,-1.64402269,1.63108685683076
1814,1.1878184570534325,0.7962015853251582,-1.64400983,1.631031181029
1815,1.1868440869886472,0.796426536379502,-1.64399699,1.63097627988653
1816,1.185869716923862,0.7966514874338458,-1.64398416,1.63092215724742
1817,1.1848953468590766,0.7968764384881897,-1.64397137,1.6308688168274599
1818,1.183920976794291,0.7971013895425335,-1.64395859,1.63081626308731
1819,1.182946606729506,0.7973263405968773,-1.64394583,1.6307644992888
1820,1.1819722366647207,0.7975512916512212,-1.64393310,1.63071352965148
1821,1.1809978665999354,0.797776242705565,-1.64392039,1.63066335800619
1822,1.1800275708736594,0.7980181646011647,-1.64390770,1.6305981729854602
1823,1.1790572751473831,0.7982600864967644,-1.64389504,1.63053380948498
1824,1.1780869794211073,0.7985020083923641,-1.64388240,1.63047027121238
1825,1.1771166836948312,0.7987439302879638,-1.64386978,1.63040756267568
1826,1.1761463879685552,0.7989858521835634,-1.64385718,1.63034568767732
1827,1.1751760922422791,0.7992277740791631,-1.64384461,1.63028465027462
1828,1.174205796516003,0.7994696959747628,-1.64383206,1.63022445462573
1829,1.173235500789727,0.7997116178703625,-1.64381954,1.63016510465058
1830,1.172265205063451,0.7999535397659622,-1.64380704,1.6301066050499902
1831,1.171294909337175,0.8001954616615619,-1.64379456,1.63004895960373
1832,1.170324613610899,0.8004373835571615,-1.64378211,1.62999217238716
1833,1.1693543178846229,0.8006793054527612,-1.64376969,1.62993624681893
1834,1.1683840221583468,0.8009212273483609,-1.64375728,1.6298811888422602
1835,1.1674137264320708,0.8011631492439606,-1.64374491,1.62982700150776
1836,1.1664434307057947,0.8014050711395603,-1.64373256,1.6297736884650802
1837,1.1654731349795189,0.80164699303516,-1.64372023,1.62972125634662
1838,1.1645072091532296,0.8019058120802625,-1.64370794,1.6296540375341602
1839,1.1635412833269403,0.802164631125365,-1.64369566,1.62958772376129
1840,1.1625753575006514,0.8024234501704675,-1.64368342,1.6295223186230299
1841,1.1616094316743624,0.80268226921557,-1.64367120,1.6294578259199501
1842,1.1606435058480733,0.8029410882606725,-1.64365900,1.62939425079372
1843,1.1596775800217842,0.803199907305775,-1.64364683,1.6293315973981801
1844,1.1587116541954952,0.8034587263508775,-1.64363469,1.62926991518572
1845,1.157745728369206,0.80371754539598,-1.64362258,1.62920911826943
1846,1.156779802542917,0.8039763644410824,-1.64361049,1.6291492561229601
1847,1.155813876716628,0.804235183486185,-1.64359843,1.62909033321753
1848,1.1548479508903389,0.8044940025312874,-1.64358640,1.62903235400582
1849,1.1538820250640498,0.8047528215763899,-1.64357440,1.62897532306475
1850,1.1529160992377607,0.8050116406214924,-1.64356243,1.6289192448997798
1851,1.1519501734114717,0.8052704596665949,-1.64355048,1.62886412411719
1852,1.1509842475851826,0.8055292787116974,-1.64353857,1.6288099646788399
1853,1.1500183217588935,0.8057880977567999,-1.64352668,1.62875677214
1854,1.1490570600629553,0.806063735112617,-1.64351482,1.6286890360718
1855,1.148095798367017,0.806339372468434,-1.64350299,1.62862229163901
1856,1.1471345366710788,0.806615009824251,-1.64349119,1.62855654519748
1857,1.1461732749751403,0.8068906471800681,-1.64347942,1.6284918001441202
1858,1.1452120132792023,0.8071662845358851,-1.64346768,1.62842806251096
1859,1.144250751583264,0.8074419218917022,-1.64345597,1.6283653355641299
1860,1.1432894898873258,0.8077175592475192,-1.64344429,1.62830362539483
1861,1.1423282281913876,0.8079931966033362,-1.64343264,1.62824293480058
1862,1.141366966495449,0.8082688339591533,-1.64342102,1.62818326939277
1863,1.140405704799511,0.8085444713149703,-1.64340943,1.6281246344870899
1864,1.1394444431035728,0.8088201086707874,-1.64339787,1.62806703382019
1865,1.1384831814076346,0.8090957460266044,-1.64338634,1.6280104728263702
1866,1.1375219197116964,0.8093713833824214,-1.64337485,1.62795495455795
1867,1.1365656149557333,0.8096637550871442,-1.64336338,1.62788510774932
1868,1.1356093101997702,0.8099561267918669,-1.64335195,1.62781633221093
1869,1.134653005443807,0.8102484984965896,-1.64334055,1.62774863361066
1870,1.133696700687844,0.8105408702013124,-1.64332918,1.62768201650112
1871,1.132740395931881,0.8108332419060351,-1.64331784,1.62761648583869
1872,1.1317840911759178,0.8111256136107579,-1.64330654,1.62755204637945
1873,1.1308277864199547,0.8114179853154806,-1.64329527,1.62748870316538
1874,1.1298714816639917,0.8117103570202033,-1.64328403,1.62742646100285
1875,1.1289151769080286,0.8120027287249261,-1.64327283,1.62736532428063
1876,1.1279588721520657,0.8122951004296488,-1.64326166,1.62730529842543
1877,1.1270025673961024,0.8125874721343715,-1.64325052,1.62724638840091
1878,1.1260462626401393,0.8128798438390943,-1.64323941,1.62718859887059
1879,1.1250899578841762,0.813172215543817,-1.64322834,1.6271319347383
1880,1.1241336531282131,0.8134645872485398,-1.64321731,1.62707640099194
1881,1.123182596611918,0.8137736042429147,-1.64320631,1.6270067741007002
1882,1.1222315400956229,0.8140826212372896,-1.64319534,1.6269383065012
1883,1.1212804835793275,0.8143916382316645,-1.64318440,1.62687100274149
1884,1.1203294270630326,0.8147006552260394,-1.64317351,1.6268048693991402
1885,1.1193783705467375,0.8150096722204143,-1.64316264,1.62673990897799
1886,1.1184273140304424,0.8153186892147892,-1.64315181,1.62667612918683
1887,1.1174762575141473,0.8156277062091641,-1.64314102,1.62661353405347
1888,1.116525200997852,0.815936723203539,-1.64313026,1.62655212842877
1889,1.115574144481557,0.816245740197914,-1.64311954,1.6264919174914798
1890,1.114623087965262,0.8165547571922889,-1.64310886,1.62643290638039
1891,1.1136720314489668,0.8168637741866638,-1.64309821,1.6263751002464
1892,1.1127209749326716,0.8171727911810387,-1.64308760,1.62631850379426
1893,1.1117754563570723,0.8174983593354959,-1.64307702,1.62624802930351
1894,1.110829937781473,0.817823927489953,-1.64306648,1.62617879464908
1895,1.1098844192058737,0.8181494956444102,-1.64305598,1.62611080132843
1896,1.1089389006302743,0.8184750637988674,-1.64304551,1.6260440618265002
1897,1.107993382054675,0.8188006319533245,-1.64303508,1.62597857731634
1898,1.1070478634790757,0.8191262001077817,-1.64302469,1.62591435366865
1899,1.1061023449034764,0.8194517682622389,-1.64301434,1.62585139557449
1900,1.105156826327877,0.819777336416696,-1.64300402,1.6257897091349798
1901,1.1042113077522775,0.8201029045711532,-1.64299374,1.62572929810132
1902,1.1032657891766784,0.8204284727256104,-1.64298350,1.62567016907824
1903,1.102320270601079,0.8207540408800675,-1.64297330,1.6256123269928198
1904,1.1013747520254795,0.8210796090345247,-1.64296314,1.62555577580491
1905,1.100435059404694,0.8214216291778503,-1.64295301,1.6254855680285702
1906,1.099495366783908,0.821763649321176,-1.64294293,1.62541668095353
1907,1.0985556741631222,0.8221056694645016,-1.64293288,1.6253491226937098
1908,1.0976159815423363,0.8224476896078272,-1.64292287,1.62528289808782
1909,1.0966762889215504,0.8227897097511528,-1.64291290,1.6252180118981
1910,1.0957365963007646,0.8231317298944785,-1.64290297,1.62515446742874
1911,1.0947969036799787,0.8234737500378041,-1.64289308,1.6250922732278
1912,1.0938572110591929,0.8238157701811297,-1.64288323,1.6250314337113
1913,1.092917518438407,0.8241577903244554,-1.64287342,1.62497195375135
1914,1.0919778258176212,0.824499810467781,-1.64286365,1.6249138387319602
1915,1.0910381331968353,0.8248418306111066,-1.64285392,1.62485709412635
1916,1.0900984405760494,0.8251838507544322,-1.64284424,1.62480172516849
1917,1.0891648601495525,0.8255422187039775,-1.64283459,1.62473292275901
1918,1.0882312797230551,0.8259005866535227,-1.64282498,1.62466552785421
1919,1.087297699296558,0.826258954603068,-1.64281541,1.62459954465809
1920,1.0863641188700608,0.8266173225526132,-1.64280589,1.6245349791118002
1921,1.0854305384435636,0.8269756905021585,-1.64279641,1.62447183670334
1922,1.0844969580170665,0.8273340584517037,-1.64278696,1.62441012280765
1923,1.0835633775905693,0.827692426401249,-1.64277756,1.6243498434056098
1924,1.082629797164072,0.8280507943507942,-1.64276820,1.62429100285778
1925,1.081696216737575,0.8284091623003395,-1.64275889,1.62423360629878
1926,1.0807626363110778,0.8287675302498847,-1.64274961,1.62417766046587
1927,1.079835452456511,0.8291421368433006,-1.64274038,1.62410847598646
1928,1.0789082686019442,0.8295167434367166,-1.64273119,1.62404077515232
1929,1.0779810847473774,0.8298913500301325,-1.64272204,1.6239745604267601
1930,1.0770539008928106,0.8302659566235484,-1.64271294,1.6239098384628798
1931,1.0761267170382438,0.8306405632169643,-1.64270387,1.62384661445775
1932,1.075199533183677,0.8310151698103803,-1.64269485,1.62378489387266
1933,1.0742723493291102,0.8313897764037962,-1.64268588,1.6237246816011
1934,1.0733451654745434,0.8317643829972121,-1.64267695,1.62366598324513
1935,1.0724179816199766,0.832138989590628,-1.64266806,1.62360880710846
1936,1.0714907977654098,0.832513596184044,-1.64265921,1.62355315494508
1937,1.070563613910843,0.8328882027774599,-1.64265041,1.62349903303086
1938,1.0696431090573906,0.8332789339059492,-1.64264165,1.6234318868535298
1939,1.0687226042039382,0.8336696650344385,-1.64263294,1.62336630157241
1940,1.0678020993504858,0.8340603961629278,-1.64262427,1.62330228539007
1941,1.0668815944970331,0.8344511272914171,-1.64261564,1.62323984257172
1942,1.065961089643581,0.8348418584199064,-1.64260706,1.62317897898896
1943,1.0650405847901283,0.8352325895483957,-1.64259853,1.62311969960282
1944,1.064120079936676,0.835623320676885,-1.64259003,1.6230620092810102
1945,1.0631995750832235,0.8360140518053744,-1.64258159,1.62300591390353
1946,1.0622790702297713,0.8364047829338637,-1.64257319,1.62295142086465
1947,1.061358565376319,0.836795514062353,-1.64256483,1.62289853342876
1948,1.0604450199186763,0.8372022507054288,-1.64255652,1.62283281841524
1949,1.0595314744610338,0.8376089873485045,-1.64254825,1.62276874091973
1950,1.0586179290033912,0.8380157239915803,-1.64254003,1.6227063069609198
1951,1.0577043835457487,0.8384224606346561,-1.64253186,1.6226455214143498
1952,1.056790838088106,0.8388291972777319,-1.64252373,1.6225863906423699
1953,1.0558772926304636,0.8392359339208076,-1.64251565,1.62252891867009
1954,1.054963747172821,0.8396426705638834,-1.64250761,1.62247311266845
1955,1.0540502017151785,0.8400494072069592,-1.64249962,1.62241897611317
1956,1.053136656257536,0.840456143850035,-1.64249167,1.62236651722461
1957,1.0522303484704991,0.8408787621117757,-1.64248378,1.62230141014545
1958,1.0513240406834627,0.8413013803735164,-1.64247592,1.62223801080787
1959,1.050417732896426,0.8417239986352572,-1.64246812,1.62217632451119
1960,1.0495114251093896,0.8421466168969979,-1.64246036,1.62211635607192
1961,1.048605117322353,0.8425692351587386,-1.64245265,1.62205811197029
1962,1.0476988095353164,0.8429918534204793,-1.64244499,1.6220015963342
1963,1.0467925017482798,0.8434144716822201,-1.64243737,1.62194681478778
1964,1.0458861939612432,0.8438370899439608,-1.64242980,1.62189377500171
1965,1.0449798861742066,0.8442597082057015,-1.64242228,1.6218424795796698
1966,1.04407357838717,0.8446823264674422,-1.64241480,1.62179293479013
1967,1.0431747843408707,0.8451206976142314,-1.64240738,1.62173093671798
1968,1.0422759902945715,0.8455590687610205,-1.64240000,1.62167072087139
1969,1.0413771962482723,0.8459974399078096,-1.64239267,1.6216122918481
1970,1.040478402201973,0.8464358110545988,-1.64238538,1.62155565526618
1971,1.039579608155674,0.8468741822013879,-1.64237815,1.62150081666603
1972,1.0386808141093746,0.847312553348177,-1.64237096,1.62144778124336
1973,1.0377820200630754,0.8477509244949661,-1.64236382,1.62139655401886
1974,1.0368832260167762,0.8481892956417553,-1.64235673,1.62134714127115
1975,1.035984431970477,0.8486276667885444,-1.64234968,1.62129956508688
1976,1.035093425446289,0.849081657288284,-1.64234269,1.62123969272149
1977,1.0342024189221004,0.8495356477880236,-1.64233575,1.62118167027888
1978,1.033311412397912,0.8499896382877632,-1.64232885,1.62112550278772
1979,1.032420405873724,0.8504436287875028,-1.64232200,1.62107119258707
1980,1.0315293993495356,0.8508976192872424,-1.64231520,1.62101875032746
1981,1.0306383928253473,0.851351609786982,-1.64230845,1.6209681787327899
1982,1.029747386301159,0.8518056002867216,-1.64230175,1.62091948157728
1983,1.0288563797769708,0.8522595907864612,-1.64229510,1.62087266644212
1984,1.0279653732527825,0.8527135812862008,-1.64228850,1.62082773786069
1985,1.0270824256599236,0.8531830528489867,-1.64228195,1.6207706999502598
1986,1.026199478067065,0.8536525244117725,-1.64227545,1.62071553643227
1987,1.0253165304742058,0.8541219959745584,-1.64226899,1.62066233817865
1988,1.024433582881347,0.8545914675373443,-1.64226259,1.62061106550004
1989,1.023550635288488,0.8550609391001301,-1.64225623,1.62056172462619
1990,1.022667687695629,0.855530410662916,-1.64224993,1.62051432019467
1991,1.0217847401027702,0.8559998822257019,-1.64224367,1.6204688571666899
1992,1.0209017925099113,0.8564693537884878,-1.64223747,1.6204253406998301
1993,1.020027172802772,0.8569541634087341,-1.64223131,1.62036986945472
1994,1.0191525530956325,0.8574389730289804,-1.64222521,1.62031637346318
1995,1.018277933388493,0.8579237826492268,-1.64221916,1.62026485345881
1996,1.0174033136813536,0.8584085922694731,-1.64221315,1.6202153233538499
1997,1.0165286939742142,0.8588934018897194,-1.64220720,1.62016778348042
1998,1.0156540742670748,0.8593782115099657,-1.64220129,1.6201222390566699
1999,1.0147794545599351,0.8598630211302121,-1.64219544,1.62007869493489
2000,1.013904834852796,0.8603478307504584,-1.64218964,1.6200371559387199
2001,1.0130388094490117,0.8608478307504583,-1.64218389,1.61998380911185
2002,1.012172784045227,0.8613478307504583,-1.64217819,1.6199324952563499
2003,1.0113067586414426,0.8618478307504582,-1.64217254,1.6198832192150499
2004,1.0104407332376582,0.8623478307504582,-1.64216694,1.6198359858481601
2005,1.0095747078338737,0.8628478307504581,-1.64216139,1.61979080009512
2006,1.0087086824300893,0.8633478307504581,-1.64215589,1.61974766636112
2007,1.0078426570263048,0.863847830750458,-1.64215044,1.6197065897198901
2008,1.0069766316225204,0.8643478307504581,-1.64214505,1.61966757478284
2009,1.0061194643218183,0.8648628688253681,-1.64213970,1.61961689313054
2010,1.0052622970211162,0.8653779069002782,-1.64213441,1.61956830012948
2011,1.0044051297204142,0.8658929449751882,-1.64212917,1.61952180230928
2012,1.003547962419712,0.8664079830500983,-1.64212398,1.61947739553943
2013,1.00269079511901,0.8669230211250083,-1.64211884,1.61943509551309
2014,1.001833627818308,0.8674380591999183,-1.64211375,1.6193949020748901
2015,1.000976460517606,0.8679530972748284,-1.64210871,1.61935681999201
2016,1.0001192932169038,0.8684681353497384,-1.64210373,1.6193208536471202
2017,0.9992712451207476,0.8689980546139716,-1.64209880,1.61927335573844
2018,0.998423197024591,0.8695279738782048,-1.64209391,1.61922799886965
2019,0.9975751489284346,0.870057893142438,-1.64208908,1.61918478790572
2020,0.996727100832278,0.8705878124066712,-1.64208431,1.6191437266926498
2021,0.9958790527361217,0.8711177316709043,-1.64207958,1.6191048202557101
2022,0.9950310046399652,0.8716476509351375,-1.64207490,1.61906807221904
2023,0.9941829565438088,0.8721775701993707,-1.64207028,1.61903348717472
2024,0.9933442859758632,0.8727222092343857,-1.64206571,1.6189874860787798
2025,0.992505615407918,0.8732668482694007,-1.64206119,1.61894367233743
2026,0.9916669448399724,0.8738114873044157,-1.64205672,1.6189020497128799
2027,0.9908282742720272,0.8743561263394307,-1.64205231,1.61886262256107
2028,0.9899896037040816,0.8749007653744457,-1.64204795,1.61882539463056
2029,0.9891509331361364,0.8754454044094607,-1.64204363,1.61879037035598
2030,0.9883122625681908,0.8759900434444757,-1.64203938,1.61875755334555
2031,0.9874735920002456,0.8765346824794907,-1.64203517,1.6187269480898498
2032,0.9866445544276904,0.8770938753829615,-1.64203101,1.6186850479866501
2033,0.9858155168551356,0.8776530682864322,-1.64202691,1.61864538216523
2034,0.9849864792825804,0.8782122611899029,-1.64202286,1.6186079541666398
2035,0.9841574417100254,0.8787714540933736,-1.64201886,1.61857276793319
2036,0.9833284041374704,0.8793306469968444,-1.64201492,1.61853982728046
2037,0.9824993665649152,0.8798898399003151,-1.64201103,1.6185091364484199
2038,0.9816703289923604,0.8804490328037858,-1.64200719,1.6184806986906302
2039,0.9808412914198053,0.8810082257072566,-1.64200340,1.61845451777398
2040,0.9800221393755164,0.8815818021436076,-1.64199966,1.61841715373661
2041,0.9792029873312272,0.8821553785799586,-1.64199598,1.61838206742145
2042,0.9783838352869384,0.8827289550163097,-1.64199235,1.61834926210808
2043,0.9775646832426494,0.8833025314526607,-1.64198877,1.6183187418297602
2044,0.9767455311983604,0.8838761078890117,-1.64198525,1.61829051018045
2045,0.9759263791540717,0.8844496843253628,-1.64198177,1.61826457032884
2046,0.9751173621596966,0.8850374695776553,-1.64197835,1.6182275300180202
2047,0.9743083451653216,0.8856252548299478,-1.64197498,1.61819280110496
2048,0.9734993281709466,0.8862130400822403,-1.64197167,1.61816038682975
2049,0.9726903111765716,0.8868008253345329,-1.64196841,1.61813029028382
2050,0.9718812941821968,0.8873886105868254,-1.64196520,1.61810251468111
2051,0.9710722771878216,0.8879763958391179,-1.64196204,1.61807706377761
2052,0.9702632601934468,0.8885641810914104,-1.64195894,1.61805394011233
2053,0.9694646246833994,0.8891659961145625,-1.64195589,1.61801980198217
2054,0.968665989173352,0.8897678111377145,-1.64195289,1.61798800957681
2055,0.9678673536633048,0.8903696261608666,-1.64194994,1.61795856439567
2056,0.9670687181532576,0.8909714411840186,-1.64194705,1.61793147041919
2057,0.96627008264321,0.8915732562071707,-1.64194421,1.6179067303621602
2058,0.9654714471331628,0.8921750712303227,-1.64194142,1.6178843475276699
2059,0.9646728116231156,0.8927768862534747,-1.64193869,1.61786432295295
2060,0.963874176113068,0.8933787012766268,-1.64193601,1.61784666151959
2061,0.9630861653594616,0.8939943627519524,-1.64193338,1.6178180702507299
2062,0.9622981546058548,0.8946100242272781,-1.64193080,1.61779185799343
2063,0.961510143852248,0.8952256857026037,-1.64192828,1.6177680254809998
2064,0.9607221330986414,0.8958413471779294,-1.64192581,1.61774657675837
2065,0.9599341223450348,0.8964570086532551,-1.64192339,1.6177275130695101
2066,0.959146111591428,0.8970726701285807,-1.64192103,1.6177108384868402
2067,0.9583581008378214,0.8976883316039064,-1.64191872,1.61769655358931
2068,0.9575809548763644,0.8983176519949562,-1.64191646,1.61767140680428
2069,0.9568038089149076,0.898946972386006,-1.64191426,1.6176486649053499
2070,0.9560266629534504,0.8995762927770558,-1.64191211,1.61762832908391
2071,0.9552495169919936,0.9002056131681055,-1.64191001,1.6176104026616902
2072,0.9544723710305366,0.9008349335591552,-1.64190796,1.61759488705761
2073,0.9536952250690796,0.9014642539502052,-1.64190597,1.61758178518174
2074,0.9529291806259608,0.9021070415598916,-1.64190403,1.6175578731714
2075,0.9521631361828417,0.902749829169578,-1.64190214,1.61753638571227
2076,0.9513970917397226,0.9033926167792646,-1.64190031,1.6175173236734002
2077,0.9506310472966036,0.9040354043889512,-1.64189853,1.61750067068232
2078,0.9498650028534846,0.9046781919986376,-1.64189680,1.61748647030246
2079,0.9490989584103656,0.905320979608324,-1.64189513,1.61747470227295
2080,0.9483329139672466,0.9059637672180106,-1.64189351,1.61746536816961
2081,0.947578204387024,0.9066198262470012,-1.64189194,1.61744527340718
2082,0.9468234948068012,0.9072758852759916,-1.64189043,1.61742762274119
2083,0.9460687852265784,0.907931944304982,-1.64188897,1.61741241854224
2084,0.9453140756463556,0.9085880033339724,-1.64188756,1.6173996605410998
2085,0.944559366066133,0.909244062362963,-1.64188620,1.61738935155106
2086,0.9438046564859104,0.9099001213919534,-1.64188490,1.6173814926290602
2087,0.9430499469056876,0.910556180420944,-1.64188365,1.61737608558136
2088,0.94230680208021,0.9112253110273028,-1.64188245,1.61735995654232
2089,0.9415636572547328,0.9118944416336616,-1.64188131,1.61734628647769
2090,0.9408205124292552,0.9125635722400204,-1.64188022,1.61733507695654
2091,0.9400773676037778,0.9132327028463794,-1.64187919,1.61732632775909
2092,0.9393342227783004,0.9139018334527382,-1.64187820,1.61732004308189
2093,0.9386028690766812,0.9145838318128008,-1.64187727,1.6173030613469601
2094,0.9378597242512038,0.9152529624191597,-1.64187640,1.61730170546316
2095,0.9371283705495846,0.9159349607792222,-1.64187557,1.6172896569061899
2096,0.9363970168479656,0.9166169591392848,-1.64187480,1.6172800552740398
2097,0.9356656631463464,0.9172989574993472,-1.64187409,1.61727294972073
2098,0.9349343094447272,0.91798095585941,-1.64187342,1.6172683142889899
2099,0.934202955743108,0.9186629542194724,-1.64187281,1.61726615431245
2100,0.9334716020414888,0.919344952579535,-1.64187225,1.6172664672038701
2101,0.9327522622411504,0.920039610949994,-1.64187175,1.61725598389878
2102,0.9320329224408116,0.920734269320453,-1.64187130,1.6172481470456601
2103,0.9313135826404728,0.921428927690912,-1.64187090,1.61724278806362
2104,0.9305942428401344,0.922123586061371,-1.64187055,1.61723990625895
2105,0.9298749030397956,0.92281824443183,-1.64187026,1.6172394998269
2106,0.9291555632394568,0.923512902802289,-1.64187002,1.61724156839341
2107,0.9284362234391182,0.924207561172748,-1.64186984,1.61724610870452
2108,0.9277291166579316,0.9249146679539346,-1.64186970,1.61723997476385
2109,0.9270344582874728,0.9256340077542732,-1.64186962,1.61722316421552
2111,0.9264326432643206,0.9264326432643206,-1.64186959,1.61711716736776
2112,0.9256340077542732,0.9270344582874728,-1.64186962,1.6172231642155799
2113,0.9249146679539346,0.9277291166579316,-1.64186970,1.61723997476384
2114,0.9242200095834756,0.9284484564582705,-1.64186984,1.6172329657737101
2115,0.923512902802289,0.9291555632394568,-1.64187002,1.61724156839342
2116,0.92281824443183,0.9298749030397956,-1.64187026,1.61723949982687
2117,0.922123586061371,0.9305942428401344,-1.64187055,1.61723990625899
2118,0.921428927690912,0.9313135826404728,-1.64187090,1.61724278806364
2119,0.920734269320453,0.9320329224408116,-1.64187130,1.61724814704562
2120,0.920039610949994,0.9327522622411504,-1.64187175,1.61725598389879
2121,0.919344952579535,0.9334716020414888,-1.64187225,1.61726646720381
2122,0.9186629542194724,0.934202955743108,-1.64187281,1.61726615431247
2123,0.91798095585941,0.9349343094447272,-1.64187342,1.61726831428896
2124,0.9172989574993472,0.9356656631463464,-1.64187409,1.61727294972075
2125,0.9166169591392848,0.9363970168479656,-1.64187480,1.6172800552740298
2126,0.9159349607792222,0.9371283705495846,-1.64187557,1.6172896569061899
2127,0.9152529624191597,0.9378597242512038,-1.64187640,1.61730170546318
2128,0.9145709640590972,0.9385910779528228,-1.64187727,1.6173162222309299
2129,0.9139018334527382,0.9393342227783004,-1.64187820,1.61732004308186
2130,0.9132327028463794,0.9400773676037778,-1.64187919,1.61732632775903
2131,0.9125635722400204,0.9408205124292552,-1.64188022,1.61733507695655
2132,0.9118944416336616,0.9415636572547328,-1.64188131,1.61734628647772
2133,0.9112253110273028,0.94230680208021,-1.64188245,1.61735995654233
2134,0.910556180420944,0.9430499469056876,-1.64188365,1.6173760855814
2135,0.9099001213919534,0.9438046564859104,-1.64188490,1.6173814926290702
2136,0.909244062362963,0.944559366066133,-1.64188620,1.61738935155097
2137,0.9085880033339724,0.9453140756463556,-1.64188756,1.61739966054111
2138,0.907931944304982,0.9460687852265784,-1.64188897,1.61741241854227
2139,0.9072758852759916,0.9468234948068012,-1.64189043,1.6174276227411801
2140,0.9066198262470012,0.947578204387024,-1.64189194,1.61744527340723
2141,0.9059637672180106,0.9483329139672466,-1.64189351,1.6174653681696198
2142,0.905320979608324,0.9490989584103656,-1.64189513,1.6174747022729399
2143,0.9046781919986376,0.9498650028534846,-1.64189680,1.61748647030247
2144,0.9040354043889512,0.9506310472966036,-1.64189853,1.61750067068234
2145,0.9033926167792646,0.9513970917397226,-1.64190031,1.61751732367335
2146,0.902749829169578,0.9521631361828417,-1.64190214,1.61753638571231
2147,0.9021070415598916,0.9529291806259608,-1.64190403,1.61755787317141
2148,0.9014777211688418,0.9537063265874176,-1.64190597,1.61756855590685
2149,0.900848400777792,0.9544834725488746,-1.64190796,1.6175816541315702
2150,0.9002190803867423,0.9552606185103316,-1.64191001,1.61759716607069
2151,0.8995897599956925,0.9560377644717885,-1.64191211,1.6176150887334
2152,0.8989604396046427,0.9568149104332454,-1.64191426,1.61763542077625
2153,0.8983311192135929,0.9575920563947024,-1.64191646,1.61765815885388
2154,0.8977017988225431,0.9583692023561592,-1.64191872,1.61768330177325
2155,0.8970724784314933,0.9591463483176162,-1.64192103,1.61771084724284
2156,0.8964568169561676,0.9599343590712228,-1.64192339,1.61772752255462
2157,0.895841155480842,0.9607223698248296,-1.64192581,1.61774658697181
2158,0.8952254940055163,0.9615103805784364,-1.64192828,1.61776803642231
2159,0.8946098325301907,0.962298391332043,-1.64193080,1.61779186966172
2160,0.893994171054865,0.9630864020856496,-1.64193338,1.61781808264494
2161,0.8933785095795393,0.9638744128392563,-1.64193601,1.6178466746397602
2162,0.8927766945563873,0.9646730483493036,-1.64193869,1.61786433679547
2163,0.8921748795332353,0.965471683859351,-1.64194142,1.61788436209217
2164,0.8915730645100832,0.9662703193693984,-1.64194421,1.61790674564979
2165,0.8909712494869312,0.9670689548794456,-1.64194705,1.617931486425
2166,0.8903694344637791,0.967867590389493,-1.64194994,1.61795858112098
2167,0.8897676194406271,0.9686662258995404,-1.64195289,1.61798802702061
2168,0.8891658044174751,0.9694648614095877,-1.64195589,1.6180198201437
2169,0.888563989394323,0.970263496919635,-1.64195894,1.6180539589906302
2170,0.8879762041420305,0.97107251391401,-1.64196204,1.6180770833698301
2171,0.887388418889738,0.9718815309083848,-1.64196520,1.6181025349862301
2172,0.8868006336374454,0.97269054790276,-1.64196841,1.618130311301
2173,0.8862128483851529,0.9734995648971349,-1.64197167,1.61816040855786
2174,0.8856250631328604,0.9743085818915098,-1.64197499,1.61819282354327
2175,0.8850372778805679,0.9751175988858848,-1.64197835,1.6182275531640902
2176,0.8844637014442168,0.9759367509301736,-1.64198177,1.61825119223816
2177,0.8838901250078658,0.9767559029744628,-1.64198525,1.6182771267313898
2178,0.8833165485715148,0.9775750550187516,-1.64198877,1.61830535283449
2179,0.8827429721351637,0.9783942070630406,-1.64199235,1.61833586765127
2180,0.8821693956988127,0.9792133591073297,-1.64199598,1.61836866743457
2181,0.8815958192624617,0.9800325111516184,-1.64199966,1.61840374818307
2182,0.8810222428261106,0.9808516631959074,-1.64200340,1.61844110662113
2183,0.8804486663897596,0.9816708152401964,-1.64200719,1.61848073987464
2184,0.8798894734862889,0.9824998528127514,-1.64201103,1.6185091790164101
2185,0.8793302805828181,0.9833288903853064,-1.64201492,1.61853987123016
2186,0.8787710876793474,0.9841579279578616,-1.64201887,1.61857281326247
2187,0.8782118947758767,0.9849869655304164,-1.64202286,1.61860800087295
2188,0.877652701872406,0.9858160031029716,-1.64202691,1.61864543024745
2189,0.8770935089689352,0.9866450406755266,-1.64203102,1.61868509744528
2190,0.8765343160654645,0.9874740782480816,-1.64203517,1.6187269989145
2191,0.8759896770304495,0.988312748816027,-1.64203938,1.6187576055329
2192,0.8754450379954345,0.9891514193839724,-1.64204364,1.61879042390377
2193,0.8749003989604195,0.9899900899519178,-1.64204795,1.6188254495364
2194,0.8743557599254045,0.9908287605198632,-1.64205231,1.61886267882243
2195,0.8738111208903895,0.9916674310878086,-1.64205673,1.61890210732752
2196,0.8732664818553745,0.992506101655754,-1.64206119,1.61894373130275
2197,0.8727218428203595,0.9933447722236994,-1.64206571,1.61898754639251
2198,0.8721772037853445,0.9941834427916448,-1.64207028,1.6190335488343401
2199,0.8716472845211113,0.9950314908878012,-1.64207491,1.6190681352162701
2200,0.8711173652568781,0.9958795389839578,-1.64207958,1.61910488458801
2201,0.8705874459926449,0.9967275870801142,-1.64208431,1.6191437923574699
2202,0.8700575267284117,0.9975756351762708,-1.64208909,1.61918485490061
2203,0.8695276074641786,0.9984236832724273,-1.64209392,1.61922806719191
2204,0.8689976881999454,0.9992717313685836,-1.64209880,1.6192734253855199
2205,0.8684677689357122,1.00011977946474,-1.64210373,1.61932092461645
2206,0.8679527308608022,1.000976946765442,-1.64210872,1.6193568922748098
2207,0.8674376927858921,1.0018341140661442,-1.64211375,1.61939497566827
2208,0.8669226547109821,1.0026912813668465,-1.64211884,1.61943517041442
2209,0.866407616636072,1.0035484486675483,-1.64212398,1.6194774717462
2210,0.865892578561162,1.0044056159682504,-1.64212917,1.61952187767456
2211,0.8653775404862519,1.0052627832689525,-1.64213441,1.61956837893779
2212,0.8648625024113419,1.0061199505696543,-1.64213971,1.6196169732372099
2213,0.8643625024113419,1.006985975973439,-1.64214505,1.61965391484705
2214,0.863862502411342,1.0078520013772234,-1.64215045,1.61969292253827
2215,0.863362502411342,1.008718026781008,-1.64215589,1.61973399190499
2216,0.8628625024113421,1.0095840521847923,-1.64216139,1.6197771183404
2217,0.8623625024113422,1.0104500775885767,-1.64216694,1.61982229676557
2218,0.8618625024113422,1.0113161029923612,-1.64217254,1.61986952278056
2219,0.8613625024113423,1.0121821283961456,-1.64217819,1.6199187914441402
2220,0.8608625024113423,1.01304815379993,-1.64218389,1.61997009789622
2221,0.8603625024113424,1.0139141792037143,-1.64218964,1.62002343729499
2222,0.859877692791096,1.014788798910854,-1.64219545,1.62006496925732
2223,0.8593928831708497,1.0156634186179934,-1.64220130,1.6201085062957599
2224,0.8589080735506034,1.0165380383251328,-1.64220720,1.62015404366437
2225,0.8584232639303571,1.0174126580322722,-1.64221316,1.6202015764351199
2226,0.8579384543101107,1.0182872777394116,-1.64221916,1.6202510994055
2227,0.8574536446898644,1.019161897446551,-1.64222522,1.62030261225588
2228,0.8569688350696181,1.0200365171536905,-1.64223132,1.6203561010624101
2229,0.8564840254493717,1.02091113686083,-1.64223748,1.6204115651629
2230,0.8560145538865859,1.0217940844536888,-1.64224368,1.62045507477219
2231,0.8555450823238,1.0226770320465477,-1.64224994,1.62050053097505
2232,0.8550756107610141,1.0235599796394066,-1.64225624,1.6205479285592999
2233,0.8546061391982283,1.0244429272322657,-1.64226260,1.6205972625598701
2234,0.8541366676354424,1.0253258748251244,-1.64226900,1.62064852834285
2235,0.8536671960726565,1.0262088224179833,-1.64227545,1.6207017196778402
2236,0.8531977245098706,1.0270917700108422,-1.64228196,1.6207568762596698
2237,0.8527282529470848,1.027974717603701,-1.64228851,1.62081390718565
2238,0.8522587813842989,1.02885766519656,-1.64229511,1.62087284642351
2239,0.8518047908845593,1.0297486717207482,-1.64230176,1.62091966448657
2240,0.8513508003848197,1.0306396782449363,-1.64230846,1.6209683645594302
2241,0.8508968098850801,1.0315306847691248,-1.64231521,1.62101893906538
2242,0.8504428193853405,1.032421691293313,-1.64232201,1.62107138422838
2243,0.8499888288856009,1.0333126978175011,-1.64232886,1.6211256973246102
2244,0.8495348383858613,1.0342037043416896,-1.64233576,1.62118186770349
2245,0.8490808478861217,1.035094710865878,-1.64234270,1.6212398930259302
2246,0.8486268573863821,1.0359857173900662,-1.64234970,1.62129976826334
2247,0.848188486239593,1.0368845114363654,-1.64235674,1.62134734729289
2248,0.8477501150928038,1.0377833054826646,-1.64236383,1.6213967628779
2249,0.8473117439460147,1.0386820995289638,-1.64237097,1.62144799293169
2250,0.8468733727992256,1.039580893575263,-1.64237816,1.62150103117543
2251,0.8464350016524365,1.0404796876215625,-1.64238539,1.62155587258907
2252,0.8459966305056473,1.0413784816678615,-1.64239268,1.62161251197656
2253,0.8455582593588582,1.0422772757141607,-1.64240001,1.62167094379713
2254,0.8451198882120691,1.04317606976046,-1.64240739,1.62173116243313
2255,0.8446815170652799,1.0440748638067592,-1.64241481,1.62179316328673
2256,0.8442588988035392,1.0449811715937958,-1.64242229,1.6218427108295699
2257,0.8438362805417985,1.0458874793808324,-1.64242981,1.6218940089970502
2258,0.8434136622800578,1.046793787167869,-1.64243738,1.62194705153666
2259,0.842991044018317,1.0477000949549056,-1.64244500,1.62200183579578
2260,0.8425684257565763,1.0486064027419422,-1.64245266,1.6220583541532498
2261,0.8421458074948356,1.0495127105289788,-1.64246037,1.62211660096789
2262,0.8417231892330949,1.0504190183160154,-1.64246813,1.62217657211495
2263,0.8413005709713541,1.051325326103052,-1.64247594,1.6222382611058501
2264,0.8408779527096134,1.0522316338900886,-1.64248379,1.6223016631324
2265,0.8404553344478727,1.0531379416771252,-1.64249169,1.62236677289198
2266,0.8400485978047969,1.0540514871347677,-1.64249963,1.62241923443242
2267,0.8396418611617211,1.0549650325924105,-1.64250762,1.62247337362876
2268,0.8392351245186453,1.0558785780500528,-1.64251566,1.6225291822677899
2269,0.8388283878755696,1.0567921235076954,-1.64252374,1.62258665686725
2270,0.8384216512324938,1.057705668965338,-1.64253187,1.62264579025822
2271,0.838014914589418,1.0586192144229805,-1.64254004,1.6227065784066101
2272,0.8376081779463422,1.059532759880623,-1.64254826,1.62276901497704
2273,0.8372014413032665,1.0604463053382656,-1.64255653,1.62283309506704
2274,0.8367947046601907,1.061359850795908,-1.64256484,1.6228988126712198
2275,0.8364039735317014,1.0622803556493603,-1.64257320,1.62295170265909
2276,0.8360132424032121,1.063200860502813,-1.64258160,1.6230061981121902
2277,0.8356225112747228,1.0641213653562651,-1.64259005,1.623062296164
2278,0.8352317801462334,1.0650418702097175,-1.64259854,1.6231199890170402
2279,0.8348410490177441,1.0659623750631702,-1.64260707,1.6231792709265
2280,0.8344503178892548,1.0668828799166226,-1.64261566,1.6232401370246299
2281,0.8340595867607655,1.067803384770075,-1.64262428,1.62330258235016
2282,0.8336688556322762,1.0687238896235274,-1.64263295,1.62336660103146
2283,0.8332781245037869,1.0696443944769798,-1.64264167,1.62343218880345
2284,0.8328873933752976,1.0705648993304322,-1.64265042,1.62349933746329
2285,0.8325127867818817,1.071492083184999,-1.64265922,1.62355346182915
2286,0.8321381801884657,1.0724192670395658,-1.64266807,1.6236091164243898
2287,0.8317635735950498,1.0733464508941326,-1.64267696,1.62366629500798
2288,0.8313889670016339,1.0742736347486994,-1.64268589,1.62372499579104
2289,0.831014360408218,1.0752008186032662,-1.64269487,1.6237852104815
2290,0.830639753814802,1.076128002457833,-1.64270389,1.62384693347726
2291,0.8302651472213861,1.0770551863123998,-1.64271295,1.62391015988521
2292,0.8298905406279702,1.0779823701669666,-1.64272206,1.62397488424334
2293,0.8295159340345543,1.0789095540215334,-1.64273120,1.6240411013550902
2294,0.8291413274411383,1.0798367378761002,-1.64274039,1.6241088045674101
2295,0.8287667208477224,1.080763921730667,-1.64274963,1.62417799141682
2296,0.8284083528981772,1.0816975021571642,-1.64275890,1.6242339395878798
2297,0.8280499849486319,1.0826310825836614,-1.64276822,1.62429133847699
2298,0.8276916169990867,1.0835646630101583,-1.64277758,1.62435018134684
2299,0.8273332490495414,1.0844982434366557,-1.64278698,1.6244104630627998
2300,0.8269748810999962,1.0854318238631528,-1.64279642,1.62447217926423
2301,0.8266165131504509,1.08636540428965,-1.64280590,1.62453532397037
2302,0.8262581452009057,1.0872989847161472,-1.64281543,1.6245998918060498
2303,0.8258997772513604,1.0882325651426443,-1.64282500,1.62466587728355
2304,0.8255414093018152,1.0891661455691417,-1.64283460,1.62473327446175
2305,0.8251830413522699,1.0900997259956386,-1.64284425,1.6248020791364
2306,0.8248410212089443,1.0910394186164245,-1.64285394,1.6248574503271498
2307,0.8244990010656187,1.0919791112372104,-1.64286367,1.6249141971577001
2308,0.8241569809222931,1.0929188038579962,-1.64287344,1.62497231439387
2309,0.8238149607789674,1.093858496478782,-1.64288325,1.6250317965548
2310,0.8234729406356418,1.094798189099568,-1.64289310,1.62509263827985
2311,0.8231309204923162,1.0957378817203538,-1.64290299,1.62515483467346
2312,0.8227889003489905,1.0966775743411397,-1.64291292,1.62521838132784
2313,0.8224468802056649,1.0976172669619255,-1.64292289,1.62528326969451
2314,0.8221048600623393,1.0985569595827114,-1.64293289,1.6253494964686999
2315,0.8217628399190137,1.0994966522034972,-1.64294294,1.6254170568892299
2316,0.821420819775688,1.100436344824283,-1.64295303,1.6254859461169402
2317,0.8210787996323624,1.101376037445069,-1.64296315,1.62555615603817
2318,0.8207532314779052,1.1023215560206685,-1.64297331,1.62561270933813
2319,0.8204276633234481,1.1032670745962676,-1.64298352,1.62567055352809
2320,0.8201020951689909,1.104212593171867,-1.64299376,1.62572968464732
2321,0.8197765270145337,1.1051581117474665,-1.64300403,1.6257900977695
2322,0.8194509588600766,1.1061036303230656,-1.64301435,1.62585178628943
2323,0.8191253907056194,1.107049148898665,-1.64302471,1.62591474645603
2324,0.8187998225511622,1.1079946674742642,-1.64303510,1.6259789721686
2325,0.8184742543967051,1.1089401860498636,-1.64304553,1.6260444587357
2326,0.8181486862422479,1.1098857046254629,-1.64305599,1.62611120028675
2327,0.8178231180877907,1.1108312232010622,-1.64306650,1.62617919564862
2328,0.8174975499333336,1.1117767417766615,-1.64307703,1.6262484323367699
2329,0.8171885329389587,1.1127277982929566,-1.64308761,1.62630380576404
2330,0.8168795159445837,1.1136788548092518,-1.64309822,1.6263603946757499
2331,0.8165704989502088,1.114629911325547,-1.64310887,1.62641819329569
2332,0.8162614819558339,1.115580967841842,-1.64311956,1.62647719689337
2333,0.815952464961459,1.1165320243581371,-1.64313028,1.62653740022716
2334,0.8156434479670841,1.1174830808744325,-1.64314104,1.62659879837416
2335,0.8153344309727092,1.1184341373907274,-1.64315183,1.62666138595515
2336,0.8150254139783343,1.1193851939070223,-1.64316266,1.62672515824227
2337,0.8147163969839594,1.1203362504233176,-1.64317352,1.6267901112364
2338,0.8144073799895845,1.1212873069396128,-1.64318442,1.6268562376964
2339,0.8140983629952095,1.122238363455908,-1.64319536,1.6269235333274699
2340,0.8137893460008346,1.123189419972203,-1.64320632,1.6269919934198698
2341,0.8134803290064597,1.124140476488498,-1.64321733,1.62706161280409
2342,0.8131713120120848,1.1250915330047933,-1.64322836,1.6271323868102598
2343,0.8128789403073621,1.1260478377607563,-1.64323943,1.6271890531564002
2344,0.8125865686026393,1.1270041425167194,-1.64325054,1.6272468448917201
2345,0.8122941968979166,1.1279604472726823,-1.64326167,1.62730575711192
2346,0.8120018251931939,1.1289167520286456,-1.64327285,1.62736578515331
2347,0.8117094534884711,1.1298730567846087,-1.64328405,1.6274269240534398
2348,0.8114170817837484,1.1308293615405718,-1.64329529,1.62748916837822
2349,0.8111247100790256,1.1317856662965349,-1.64330656,1.6275525137592899
2350,0.8108323383743029,1.132741971052498,-1.64331786,1.6276169553699398
2351,0.8105399666695802,1.133698275808461,-1.64332920,1.6276824881757699
2352,0.8102475949648574,1.134654580564424,-1.64334057,1.62774910741899
2353,0.8099552232601347,1.1356108853203872,-1.64335197,1.62781680814423
2354,0.809662851555412,1.1365671900763503,-1.64336340,1.6278855857987202
2355,0.8093704798506892,1.1375234948323134,-1.64337487,1.62795543471482
2356,0.8090948424948722,1.1384847565282517,-1.64338636,1.62801095505158
2357,0.8088192051390551,1.13944601822419,-1.64339789,1.62806751810697
2358,0.8085435677832381,1.140407279920128,-1.64340945,1.62812512082585
2359,0.8082679304274211,1.1413685416160664,-1.64342104,1.62818375777415
2360,0.807992293071604,1.1423298033120046,-1.64343266,1.6282434252176499
2361,0.807716655715787,1.1432910650079429,-1.64344431,1.6283041178382303
2362,0.80744101835997,1.144252326703881,-1.64345599,1.62836583002534
2363,0.8071653810041529,1.1452135883998191,-1.64346770,1.6284285589813399
2364,0.8068897436483359,1.1461748500957576,-1.64347944,1.6284922984813301
2365,0.8066141062925188,1.1471361117916958,-1.64349121,1.62855704566093
2366,0.8063384689367018,1.148097373487634,-1.64350301,1.62862279408618
2367,0.8060628315808848,1.1490586351835723,-1.64351484,1.6286895404945199
2368,0.8057871942250677,1.1500198968795106,-1.64352670,1.6287572785298599
2369,0.8055283751799652,1.1509858227057996,-1.64353859,1.6288104729976802
2370,0.8052695561348627,1.1519517485320887,-1.64355050,1.62886463435678
2371,0.8050107370897602,1.1529176743583778,-1.64356245,1.62891975705193
2372,0.8047519180446577,1.1538836001846668,-1.64357442,1.62897583712109
2373,0.8044930989995552,1.154849526010956,-1.64358642,1.62903286995812
2374,0.8042342799544527,1.155815451837245,-1.64359846,1.6290908510576099
2375,0.8039754609093502,1.156781377663534,-1.64361051,1.6291497758426798
2376,0.8037166418642477,1.1577473034898231,-1.64362260,1.62920963986083
2377,0.8034578228191452,1.1587132293161122,-1.64363472,1.6292704386406
2378,0.8031990037740427,1.1596791551424013,-1.64364686,1.6293321227075999
2379,0.8029401847289402,1.1606450809686903,-1.64365902,1.6293947779498699
2380,0.8026813656838377,1.1616110067949794,-1.64367122,1.62945835491682
2381,0.8024225466387352,1.1625769326212685,-1.64368344,1.62952284945147
2382,0.8021637275936327,1.1635428584475576,-1.64369568,1.6295882564132
2383,0.8019049085485302,1.1645087842738466,-1.64370796,1.62965457200188
2384,0.8016460895034278,1.1654747101001357,-1.64372026,1.6297217926220298
2385,0.8014041676078281,1.1664450058264118,-1.64373258,1.6297742265103499
2386,0.8011622457122284,1.1674153015526878,-1.64374493,1.62982754131492
2387,0.8009203238166287,1.1683855972789638,-1.64375731,1.62988173040364
2388,0.800678401921029,1.16935589300524,-1.64376971,1.62993679012679
2389,0.8004364800254293,1.170326188731516,-1.64378213,1.6299927174339102
2390,0.8001945581298296,1.171296484457792,-1.64379458,1.63004950638152
2391,0.79995263623423,1.172266780184068,-1.64380706,1.63010715355133
2392,0.7997107143386303,1.173237075910344,-1.64381956,1.63016565486789
2393,0.7994687924430306,1.17420737163662,-1.64383208,1.6302250065513402
2394,0.7992268705474309,1.1751776673628962,-1.64384463,1.63028520390104
2395,0.7989849486518312,1.1761479630891722,-1.64385720,1.63034624299708
2396,0.7987430267562315,1.1771182588154483,-1.64386980,1.6304081196812699
2397,0.7985011048606319,1.1780885545417243,-1.64388242,1.63047082989676
2398,0.7982591829650322,1.1790588502680004,-1.64389506,1.63053436984109
2399,0.7980172610694325,1.1800291459942764,-1.64390773,1.63059873500365
2400,0.7977753391738328,1.1809994417205525,-1.64392041,1.6306639216805898
2401,0.797550388119489,1.1819738117853378,-1.64393312,1.6307140949442802
2402,0.7973254370651451,1.182948181850123,-1.64394586,1.63076506619287
2403,0.7971004860108013,1.1839225519149084,-1.64395861,1.6308168315953
2404,0.7968755349564575,1.1848969219796937,-1.64397139,1.63086938693221
2405,0.7966505839021136,1.185871292044479,-1.64398419,1.6309227289416999
2406,0.7964256328477698,1.1868456621092642,-1.64399701,1.6309768531632702
2407,0.796200681793426,1.1878200321740495,-1.64400985,1.63103175588102
2408,0.7959757307390821,1.1887944022388348,-1.64402271,1.6310874332510799
2409,0.7957507796847383,1.18976877230362,-1.64403560,1.6311438813458499
2410,0.7955258286303944,1.1907431423684054,-1.64404850,1.63120109621693
2411,0.7953008775760506,1.191717512433191,-1.64406143,1.63125907454268
2412,0.7950759265217068,1.192691882497976,-1.64407438,1.63131781268445
2413,0.7948509754673629,1.1936662525627613,-1.64408734,1.63137730626804
2414,0.7946260244130191,1.1946406226275466,-1.64410033,1.63143755115986
2415,0.7944010733586753,1.1956149926923318,-1.64411334,1.6314985445994798
2416,0.7941761223043314,1.1965893627571171,-1.64412636,1.6315602822608999
2417,0.7939511712499876,1.1975637328219024,-1.64413941,1.63162276024035
2418,0.7937432595591698,1.1985418804226362,-1.64415247,1.63167000113012
2419,0.793535347868352,1.19952002802337,-1.64416555,1.63171796095157
2420,0.7933274361775342,1.2004981756241038,-1.64417866,1.63176663624614
2421,0.7931195244867164,1.2014763232248376,-1.64419178,1.6318160234585801
2422,0.7929116127958986,1.202454470825571,-1.64420492,1.6318661185954801
2423,0.7927037011050808,1.2034326184263051,-1.64421808,1.6319169184680602
2424,0.792495789414263,1.204410766027039,-1.64423125,1.6319684193401298
2425,0.7922878777234452,1.205388913627773,-1.64424445,1.6320206179026298
2426,0.7920799660326274,1.2063670612285065,-1.64425766,1.63207351081306
2427,0.7918720543418096,1.2073452088292402,-1.64427089,1.63212709229547
2428,0.7916641426509918,1.208323356429974,-1.64428414,1.6321813621309
2429,0.791456230960174,1.2093015040307078,-1.64429740,1.63223631533431
2430,0.7912483192693562,1.2102796516314416,-1.64431068,1.6322919486283198
2431,0.7910404075785384,1.2112577992321754,-1.64432398,1.6323482585132398
2432,0.7908324958877206,1.2122359468329091,-1.64433730,1.6324052416049901
2433,0.7906245841969028,1.213214094433643,-1.64435063,1.6324628951898799
2434,0.790416672506085,1.2141922420343767,-1.64436398,1.6325212139274101
2435,0.7902087608152673,1.2151703896351105,-1.64437734,1.63258019588323
2436,0.7900008491244495,1.2161485372358445,-1.64439072,1.63263983757865
2437,0.7897929374336317,1.217126684836578,-1.64440411,1.63270013518048
2438,0.7896021284382552,1.2181083120200258,-1.64441752,1.6327449590015601
2439,0.7894113194428787,1.2190899392034735,-1.64443095,1.63279044382978
2440,0.7892205104475022,1.2200715663869213,-1.64444439,1.63283653697121
2441,0.7890297014521257,1.221053193570369,-1.64445784,1.6328832601709902
2442,0.7888388924567492,1.2220348207538168,-1.64447131,1.6329306110687098
2443,0.7886480834613727,1.2230164479372645,-1.64448480,1.63297858519511
2444,0.7884572744659962,1.2239980751207122,-1.64449830,1.63302717871996
2445,0.7882664654706197,1.22497970230416,-1.64451181,1.6330763915042699
2446,0.7880756564752432,1.2259613294876075,-1.64452534,1.63312621714972
2447,0.7878848474798668,1.2269429566710557,-1.64453888,1.63317665432333
2448,0.7876940384844903,1.2279245838545032,-1.64455243,1.63322769916132
2449,0.7875032294891138,1.228906211037951,-1.64456600,1.6332793486441601
2450,0.7873124204937373,1.229887838221399,-1.64457958,1.63333160068465
2451,0.7871216114983608,1.2308694654048464,-1.64459318,1.63338445071381
2452,0.7869308025029843,1.2318510925882942,-1.64460679,1.63343789602688
2453,0.7867399935076078,1.232832719771742,-1.64462041,1.63349193428449
2454,0.7865491845122313,1.2338143469551897,-1.64463404,1.63354656183132
2455,0.7863583755168548,1.2347959741386374,-1.64464768,1.6336017765061799
2456,0.7861675665214783,1.2357776013220851,-1.64466134,1.63365757412138
2457,0.7859767575261019,1.2367592285055329,-1.64467501,1.63371395250234
2458,0.7858031093484349,1.237744036258545,-1.64468869,1.6337545936294502
2459,0.7856294611707679,1.2387288440115571,-1.64470238,1.6337958940983501
2460,0.785455812993101,1.2397136517645693,-1.64471609,1.6338377059407803
2461,0.785282164815434,1.2406984595175814,-1.64472980,1.6338800749905
2462,0.785108516637767,1.2416832672705935,-1.64474353,1.63392299768606
2463,0.7849348684601001,1.2426680750236057,-1.64475727,1.6339664723959202
2464,0.7847612202824331,1.2436528827766178,-1.64477102,1.6340104953080299
2465,0.7845875721047662,1.24463769052963,-1.64478478,1.63405506408077
2466,0.7844139239270992,1.245622498282642,-1.64479855,1.6341001762349299
2467,0.7842402757494322,1.2466073060356542,-1.64481233,1.63414582796602
2468,0.7840666275717653,1.2475921137886663,-1.64482612,1.6341920169396702
2469,0.7838929793940983,1.2485769215416784,-1.64483992,1.6342387408968002
2470,0.7837193312164313,1.2495617292946906,-1.64485373,1.63428599637886
2471,0.7835456830387644,1.250546537047703,-1.64486755,1.63433378178058
2472,0.7833720348610974,1.2515313448007148,-1.64488138,1.6343820933170399
2473,0.7831983866834304,1.252516152553727,-1.64489522,1.63443092797942
2474,0.7830247385057635,1.253500960306739,-1.64490907,1.63448028330757
2475,0.7828510903280965,1.2544857680597512,-1.64492292,1.63453015775185
2476,0.7826774421504296,1.2554705758127631,-1.64493679,1.63458054751983
2477,0.7825037939727626,1.2564553835657757,-1.64495066,1.6346314500081398
2478,0.7823301457950956,1.2574401913187876,-1.64496455,1.6346828624488299
2479,0.7821564976174287,1.2584249990717995,-1.64497844,1.63473478340986
2480,0.7820000631523885,1.2594126874123948,-1.64499234,1.63477080684128
2481,0.7818436286873482,1.2604003757529898,-1.64500624,1.63480732264072
2482,0.781687194222308,1.2613880640935848,-1.64502016,1.63484432774471
2483,0.7815307597572678,1.26237575243418,-1.64503408,1.6348818201176099
2484,0.7813743252922276,1.263363440774775,-1.64504801,1.63491979666081
2485,0.7812178908271874,1.26435112911537,-1.64506195,1.63495825532136
2486,0.7810614563621472,1.265338817455965,-1.64507589,1.63499719332512
2487,0.780905021897107,1.26632650579656,-1.64508985,1.6350366055768202
2488,0.7807485874320668,1.267314194137155,-1.64510381,1.63507649533809
2489,0.7805921529670266,1.26830188247775,-1.64511777,1.6351168563729699
2490,0.7804357185019863,1.2692895708183451,-1.64513174,1.63515768870203
2491,0.7802792840369461,1.2702772591589402,-1.64514572,1.63519898734931
2492,0.7801228495719059,1.2712649474995352,-1.64515971,1.63524075058384
2493,0.7799664151068657,1.2722526358401305,-1.64517370,1.63528297596567
2494,0.7798099806418255,1.2732403241807253,-1.64518770,1.63532566205877
2495,0.7796535461767853,1.2742280125213203,-1.64520170,1.6353688055621198
2496,0.7794971117117451,1.2752157008619154,-1.64521571,1.63541240385538
2497,0.7793406772467049,1.2762033892025104,-1.64522973,1.63545645535525
2498,0.7791842427816646,1.2771910775431057,-1.64524375,1.63550095688091
2499,0.7790278083166244,1.2781787658837005,-1.64525777,1.63554590664187
2500,0.7788713738515842,1.2791664542242955,-1.64527180,1.63559130235224
2501,0.778714939386544,1.2801541425648906,-1.64528584,1.6356371420348799
2502,0.7785585049215038,1.2811418309054856,-1.64529988,1.63568342297462
2503,0.7784020704564636,1.2821295192460809,-1.64531392,1.63573014239772
2504,0.7782456359914234,1.2831172075866757,-1.64532797,1.63577729933624
2505,0.7780892015263832,1.2841048959272707,-1.64534203,1.63582486906224
2506,0.7779500284254232,1.2850951639960122,-1.64535609,1.63585635162436
2507,0.7778108553244631,1.2860854320647537,-1.64537015,1.6358882550879001
2508,0.7776716822235031,1.2870757001334951,-1.64538421,1.63592057668785
2509,0.7775325091225431,1.2880659682022366,-1.64539828,1.63595331458082
2510,0.7773933360215831,1.289056236270978,-1.64541236,1.6359864673068198
2511,0.7772541629206231,1.2900465043397196,-1.64542643,1.63602003239564
2512,0.7771149898196631,1.291036772408461,-1.64544051,1.6360540079464
2513,0.7769758167187031,1.2920270404772023,-1.64545460,1.6360883920958198
2514,0.7768366436177431,1.293017308545944,-1.64546868,1.63612318206291
2515,0.7766974705167831,1.2940075766146857,-1.64548277,1.63615837542527
2516,0.776558297415823,1.294997844683427,-1.64549687,1.63619397054085
2517,0.776419124314863,1.2959881127521684,-1.64551096,1.63622996538441
2518,0.776279951213903,1.29697838082091,-1.64552506,1.6362663576960799
2519,0.776140778112943,1.2979686488896514,-1.64553916,1.63630314529777
2520,0.776001605011983,1.2989589169583928,-1.64555326,1.6363403271498602
2521,0.775862431911023,1.2999491850271343,-1.64556737,1.6363778994981102
2522,0.775723258810063,1.3009394530958758,-1.64558148,1.63641586195107
2523,0.775584085709103,1.3019297211646172,-1.64559559,1.63645421116248
2524,0.775444912608143,1.3029199892333587,-1.64560970,1.6364929453542398
2525,0.775305739507183,1.3039102573021002,-1.64562381,1.63653206484812
2526,0.775166566406223,1.3049005253708417,-1.64563792,1.63657156414116
2527,0.7750273933052629,1.3058907934395831,-1.64565204,1.6366114439194899
2528,0.7748882202043029,1.3068810615083246,-1.64566615,1.63665170126081
2529,0.7747490471033429,1.307871329577066,-1.64568027,1.63669233438126
2530,0.7746098740023829,1.3088615976458076,-1.64569439,1.6367333425519601
2531,0.7744707009014229,1.309851865714549,-1.64570851,1.63677472170335
2532,0.7743315278004629,1.3108421337832905,-1.64572263,1.63681647041003
2533,0.7741923546995029,1.311832401852032,-1.64573675,1.6368585863541298
2534,0.7740531815985429,1.3128226699207737,-1.64575087,1.63690107039981
2535,0.7739313122551377,1.3138152160724148,-1.64576499,1.6369272458211
2536,0.7738094429117325,1.3148077622240562,-1.64577911,1.6369537786123698
2537,0.7736875735683273,1.3158003083756975,-1.64579323,1.6369806413429
2538,0.7735657042249221,1.3167928545273389,-1.64580736,1.63700787813975
2539,0.7734438348815169,1.3177854006789802,-1.64582148,1.6370354637972602
2540,0.7733219655381117,1.3187779468306216,-1.64583560,1.6370633980814
2541,0.7732000961947065,1.319770492982263,-1.64584972,1.6370916776193298
2542,0.7730782268513013,1.3207630391339042,-1.64586384,1.63712030227693
2543,0.7729563575078962,1.3217555852855456,-1.64587796,1.63714926897162
2544,0.772834488164491,1.322748131437187,-1.64589208,1.637178575577
2545,0.7727126188210858,1.3237406775888283,-1.64590620,1.6372082227923102
2546,0.7725907494776806,1.3247332237404696,-1.64592031,1.63723820839442
2547,0.7724688801342754,1.325725769892111,-1.64593443,1.63726852904183
2548,0.7723470107908702,1.3267183160437523,-1.64594855,1.6372991798635
2549,0.772225141447465,1.3277108621953937,-1.64596266,1.63733016644006
2550,0.7721032721040598,1.328703408347035,-1.64597677,1.6373614849014202
2551,0.7719814027606546,1.3296959544986764,-1.64599088,1.63739313068238
2552,0.7718595334172494,1.3306885006503175,-1.64600499,1.63742510395231
2553,0.7717376640738443,1.331681046801959,-1.64601910,1.63745740297171
2554,0.7716157947304391,1.3326735929536004,-1.64603321,1.6374900261962098
2555,0.7714939253870339,1.3336661391052418,-1.64604731,1.63752297186981
2556,0.7713720560436287,1.3346586852568831,-1.64606141,1.6375562382809599
2557,0.7712501867002235,1.3356512314085245,-1.64607551,1.6375898239809699
2558,0.7711283173568183,1.3366437775601658,-1.64608961,1.63762372732783
2559,0.7710064480134131,1.3376363237118072,-1.64610371,1.63765794641998
2560,0.7708845786700079,1.3386288698634483,-1.64611780,1.63769248029367
2561,0.7707627093266027,1.33962141601509,-1.64613189,1.6377273221883
2562,0.7706408399831975,1.3406139621667312,-1.64614598,1.63776248015799
2563,0.7705189706397924,1.3416065083183726,-1.64616006,1.63779794764817
2564,0.7703971012963872,1.342599054470014,-1.64617414,1.63783372391336
2565,0.770275231952982,1.3435916006216553,-1.64618822,1.63786980622222
2566,0.7701533626095768,1.3445841467732966,-1.64620229,1.63790619352919
2567,0.7700314932661716,1.345576692924938,-1.64621637,1.6379428846128001
2568,0.7699096239227664,1.346569239076579,-1.64623043,1.63797987804264
2569,0.7698050954594987,1.3475637609719475,-1.64624450,1.63800037637568
2570,0.769700566996231,1.3485582828673155,-1.64625856,1.6380211677633598
2571,0.7695960385329633,1.349552804762684,-1.64627262,1.638042251142
2572,0.7694915100696956,1.350547326658052,-1.64628667,1.6380636240967101
2573,0.7693869816064279,1.3515418485534203,-1.64630072,1.63808528563495
2574,0.7692824531431602,1.3525363704487885,-1.64631477,1.6381072344323901
2575,0.7691779246798925,1.353530892344157,-1.64632881,1.6381294687999
2576,0.7690733962166248,1.3545254142395249,-1.64634285,1.6381519872222698
2577,0.7689688677533572,1.355519936134893,-1.64635688,1.6381747897254701
2578,0.7688643392900895,1.3565144580302613,-1.64637091,1.63819787108416
2579,0.7687598108268218,1.3575089799256297,-1.64638493,1.63822123284963
2580,0.7686552823635541,1.3585035018209977,-1.64639895,1.63824487439974
2581,0.7685507539002864,1.359498023716366,-1.64641297,1.6382687921458
2582,0.7684462254370187,1.360492545611734,-1.64642698,1.63829298610972
2583,0.768341696973751,1.3614870675071022,-1.64644099,1.6383174544755001
2584,0.7682371685104833,1.3624815894024704,-1.64645499,1.63834219503773
2585,0.7681326400472156,1.3634761112978386,-1.64646899,1.63836720768727
2586,0.7680281115839479,1.3644706331932068,-1.64648298,1.6383924914941002
2587,0.7679235831206802,1.365465155088575,-1.64649696,1.63841804271588
2588,0.7678190546574125,1.3664596769839432,-1.64651095,1.63844386128584
2589,0.7677145261941448,1.3674541988793114,-1.64652492,1.63846994664596
2590,0.7676099977308771,1.3684487207746796,-1.64653889,1.6384962956116298
2591,0.7675054692676094,1.3694432426700478,-1.64655286,1.63852291005631
2592,0.7674009408043417,1.370437764565416,-1.64656682,1.63854978480277
2593,0.767296412341074,1.3714322864607842,-1.64658077,1.63857692186336
2594,0.7671918838778063,1.3724268083561524,-1.64659472,1.6386043173748002
2595,0.7670873554145387,1.3734213302515206,-1.64660866,1.63863197118997
2596,0.766982826951271,1.3744158521468888,-1.64662259,1.6386598799403203
2597,0.7668782984880033,1.375410374042257,-1.64663652,1.63868804707898
2598,0.7667737700247356,1.3764048959376252,-1.64665045,1.63871646803082
2599,0.7666692415614679,1.3773994178329934,-1.64666437,1.63874514056047
2600,0.7665647130982002,1.3783939397283616,-1.64667828,1.63877406639562
2601,0.7664601846349325,1.3793884616237295,-1.64669218,1.6388032409358302
2602,0.7663556561716648,1.380382983519098,-1.64670608,1.63883266536422
2603,0.7662511277083971,1.381377505414466,-1.64671997,1.63886233796907
2604,0.7661465992451294,1.3823720273098343,-1.64673385,1.63889225766455
2605,0.7660420707818617,1.3833665492052023,-1.64674773,1.63892242224897
2606,0.765937542318594,1.3843610711005707,-1.64676160,1.6389528313933601
2607,0.7658330138553263,1.385355592995939,-1.64677546,1.63898348351531
2608,0.7657458581125787,1.3863517876940306,-1.64678932,1.63899747065188
2609,0.765658702369831,1.3873479823921222,-1.64680317,1.63901169433606
2610,0.7655715466270834,1.3883441770902138,-1.64681701,1.63902615348544
2611,0.7654843908843357,1.3893403717883055,-1.64683085,1.6390408455532701
2612,0.765379862421068,1.3903348936836737,-1.64684467,1.63907268470347
2613,0.7652927066783204,1.3913310883817651,-1.64685850,1.63908784268864
2614,0.7652055509355727,1.392327283079857,-1.64687231,1.63910323094392
2615,0.7651183951928251,1.3933234777779486,-1.64688611,1.6391188480647
2616,0.7650312394500774,1.3943196724760405,-1.64689991,1.6391346935052202
2617,0.7649440837073298,1.395315867174132,-1.64691370,1.63915076576464
2618,0.7648569279645822,1.3963120618722236,-1.64692748,1.63916706370666
2619,0.7647697722218345,1.3973082565703152,-1.64694126,1.63918358697416
2620,0.7646826164790869,1.3983044512684069,-1.64695503,1.63920033246912
2621,0.7645954607363392,1.3993006459664985,-1.64696879,1.6392173010131899
2622,0.7645083049935916,1.40029684066459,-1.64698254,1.63923449064642
2623,0.7644211492508439,1.4012930353626818,-1.64699628,1.6392519009967899
2624,0.7643339935080963,1.4022892300607734,-1.64701001,1.63926952976031
2625,0.7642468377653486,1.403285424758865,-1.64702374,1.63928737687541
2626,0.764159682022601,1.4042816194569567,-1.64703746,1.6393054407518899
2627,0.7640725262798533,1.4052778141550484,-1.64705117,1.63932372080665
2628,0.7639853705371057,1.40627400885314,-1.64706487,1.63934221559055
2629,0.763898214794358,1.4072702035512317,-1.64707856,1.63936092432705
2630,0.7638110590516104,1.408266398249323,-1.64709225,1.6393798458557698
2631,0.7637239033088628,1.409262592947415,-1.64710592,1.63939897936149
2632,0.7636367475661151,1.4102587876455066,-1.64711959,1.6394183235574
2633,0.7635495918233675,1.4112549823435985,-1.64713325,1.63943787712899
2634,0.7634624360806198,1.41225117704169,-1.64714690,1.6394576399940899
2635,0.7633752803378722,1.4132473717397815,-1.64716054,1.63947761031306
2636,0.7632881245951245,1.4142435664378732,-1.64717417,1.63949778716318
2637,0.7632009688523769,1.4152397611359648,-1.64718780,1.6395181695882401
2638,0.7631138131096292,1.4162359558340565,-1.64720141,1.63953875881881
2639,0.7630266573668816,1.417232150532148,-1.64721501,1.6395595484982102
2640,0.7629395016241339,1.4182283452302398,-1.64722861,1.6395805423561498
2641,0.7628523458813863,1.4192245399283314,-1.64724220,1.6396017389484698
2642,0.7627651901386386,1.420220734626423,-1.64725577,1.6396231355631898
2643,0.762678034395891,1.4212169293245147,-1.64726934,1.6396447325837902
2644,0.7625908786531433,1.4222131240226064,-1.64728290,1.6396665285610998
2645,0.7625037229103957,1.423209318720698,-1.64729645,1.6396885227277402
2646,0.762416567167648,1.4242055134187896,-1.64730998,1.6397107138158
2647,0.7623294114249004,1.4252017081168813,-1.64732351,1.6397331011278
2648,0.7622422556821528,1.426197902814973,-1.64733703,1.63975568358953
2649,0.7621550999394051,1.4271940975130646,-1.64735054,1.6397784608423898
2650,0.7620679441966575,1.4281902922111562,-1.64736404,1.63980143097094
2651,0.7619807884539098,1.429186486909248,-1.64737753,1.63982459383082
2652,0.7618936327111622,1.4301826816073395,-1.64739101,1.6398479481452202
2653,0.7618064769684145,1.4311788763054312,-1.64740448,1.6398714930877
2654,0.7617193212256669,1.4321750710035228,-1.64741794,1.63989522798523
2655,0.7616495647519228,1.4331726350537826,-1.64743139,1.63990214831243
2656,0.7615798082781787,1.4341701991040423,-1.64744483,1.6399092531240198
2657,0.7614926525354311,1.435166393802134,-1.64745826,1.63993354794733
2658,0.761422896061687,1.4361639578523937,-1.64747168,1.63994102149219
2659,0.7613531395879429,1.4371615219026534,-1.64748508,1.63994867700091
2660,0.7612833831141989,1.4381590859529132,-1.64749848,1.63995651400314
2661,0.7611962273714512,1.4391552806510048,-1.64751187,1.6399815429954
2662,0.7611264708977071,1.4401528447012646,-1.64752525,1.63998974107782
2663,0.761056714423963,1.4411504087515243,-1.64753861,1.6399981181538998
2664,0.760986957950219,1.442147972801784,-1.64755197,1.64000667343337
2665,0.7609172014764749,1.4431455368520438,-1.64756532,1.64001540538698
2666,0.7608300457337273,1.4441417315501357,-1.64757865,1.64004133279757
2667,0.7607602892599832,1.4451392956003952,-1.64759198,1.64005041785849
2668,0.7606905327862391,1.446136859650655,-1.64760529,1.6400596775897602
2669,0.760620776312495,1.4471344237009147,-1.64761859,1.6400691111020902
2670,0.760551019838751,1.4481319877511745,-1.64763188,1.64007871739017
2671,0.7604812633650069,1.4491295518014342,-1.64764516,1.6400884957736
2672,0.7604115068912628,1.450127115851694,-1.64765843,1.64009844561422
2673,0.7603417504175187,1.4511246799019537,-1.64767169,1.640108566451
2674,0.7602719939437746,1.4521222439522137,-1.64768494,1.64011885651114
2675,0.7602022374700306,1.4531198080024732,-1.64769818,1.64012931599903
2676,0.7601324809962865,1.454117372052733,-1.64771140,1.6401399433999
2677,0.7600627245225424,1.4551149361029927,-1.64772462,1.6401507381970402
2678,0.7599929680487983,1.4561125001532524,-1.64773782,1.64016169970429
2679,0.7599232115750543,1.4571100642035122,-1.64775102,1.64017282686926
2680,0.7598534551013102,1.458107628253772,-1.64776420,1.64018411920327
2681,0.7597836986275661,1.4591051923040317,-1.64777737,1.6401955756042401
2682,0.759713942153822,1.4601027563542914,-1.64779052,1.64020719584457
2683,0.759644185680078,1.4611003204045512,-1.64780367,1.64021897862388
2684,0.7595744292063339,1.462097884454811,-1.64781681,1.6402309236731902
2685,0.7595046727325898,1.463095448505071,-1.64782993,1.64024302992022
2686,0.7594349162588457,1.4640930125553304,-1.64784304,1.6402552966332
2687,0.7593651597851017,1.4650905766055902,-1.64785614,1.6402677229483302
2688,0.7592954033113576,1.46608814065585,-1.64786923,1.64028030830303
2689,0.7592256468376135,1.4670857047061097,-1.64788231,1.64029305228186
2690,0.7591558903638694,1.4680832687563694,-1.64789537,1.64030595378627
2691,0.7590861338901254,1.4690808328066292,-1.64790843,1.64031901233142
2692,0.7590163774163813,1.470078396856889,-1.64792147,1.6403322268673
2693,0.7589466209426372,1.4710759609071486,-1.64793450,1.64034559685327
2694,0.7588768644688931,1.4720735249574084,-1.64794751,1.6403591214659299
2695,0.758807107995149,1.473071089007668,-1.64796052,1.64037280050049
2696,0.758737351521405,1.474068653057928,-1.64797351,1.6403866327369
2697,0.7586675950476609,1.4750662171081876,-1.64798649,1.6404006173936
2698,0.7585978385739168,1.4760637811584474,-1.64799946,1.64041475409566
2699,0.7585280821001728,1.4770613452087071,-1.64801242,1.64042904184326
2700,0.7584583256264287,1.4780589092589669,-1.64802536,1.6404434804606498
2701,0.7583885691526846,1.4790564733092266,-1.64803829,1.64045806877771
2702,0.7583188126789405,1.4800540373594864,-1.64805121,1.64047280654723
2703,0.7582490562051964,1.481051601409746,-1.64806412,1.6404876938483302
2704,0.7581792997314524,1.482049165460006,-1.64807702,1.6405027271732
2705,0.7581095432577083,1.4830467295102656,-1.64808990,1.6405179079633199
2706,0.7580397867839642,1.4840442935605254,-1.64810277,1.6405332358962799
2707,0.7579700303102201,1.485041857610785,-1.64811562,1.6405487097335998
2708,0.7579002738364761,1.4860394216610449,-1.64812847,1.6405643287683
2709,0.757830517362732,1.4870369857113046,-1.64814130,1.64058009224265
2710,0.7577607608889879,1.4880345497615644,-1.64815412,1.6405960000849702
2711,0.7576910044152438,1.489032113811824,-1.64816693,1.64061205085581
2712,0.7576212479414998,1.4900296778620838,-1.64817972,1.64062824443679
2713,0.7575514914677557,1.4910272419123436,-1.64819250,1.6406445797873301
2714,0.7574991555115127,1.4920258714470982,-1.64820527,1.64064397461186
2715,0.7574293990377686,1.493023435497358,-1.64821802,1.64066059052488
2716,0.7573770630815256,1.4940220650321123,-1.64823076,1.64066026341723
2717,0.7573073066077816,1.4950196290823723,-1.64824349,1.64067715806348
2718,0.7572549706515386,1.496018258617127,-1.64825621,1.64067710556423
2719,0.7572026346952956,1.4970168881518815,-1.64826891,1.64067718960169
2720,0.7571328782215515,1.4980144522021412,-1.64828160,1.64069449667101
2721,0.7570805422653085,1.4990130817368958,-1.64829428,1.6406945687628398
2722,0.7570282063090655,1.5000117112716504,-1.64830694,1.64069534235494
2723,0.7569584498353215,1.5010092753219102,-1.64831959,1.64071305601016
2724,0.7569061138790785,1.5020079048566648,-1.64833223,1.64071381396805
2725,0.7568537779228355,1.5030065343914194,-1.64834485,1.64071470463513
2726,0.7568014419665925,1.504005163926174,-1.64835747,1.64071572773172
2727,0.7567316854928484,1.5050027279764338,-1.64837006,1.6407339746471998
2728,0.7566793495366054,1.5060013575111884,-1.64838265,1.64073526080875
2729,0.7566270135803624,1.506999987045943,-1.64839522,1.64073667737572
2730,0.7565746776241195,1.5079986165806976,-1.64840778,1.64073822360711
2731,0.7565049211503754,1.5089961806309573,-1.64842032,1.64075699399106
2732,0.7564525851941324,1.509994810165712,-1.64843285,1.6407587985564498
2733,0.7564002492378894,1.5109934397004663,-1.64844537,1.6407607313493902
2734,0.7563479132816464,1.5119920692352211,-1.64845788,1.64076279109709
2735,0.7562955773254034,1.5129906987699755,-1.64847037,1.6407649774413402
2736,0.7562432413691604,1.5139893283047303,-1.64848284,1.64076729016129
2737,0.7561909054129174,1.514987957839485,-1.64849531,1.6407697283651201
2738,0.7561211489391734,1.515985521889745,-1.64850776,1.6407893919492
2739,0.7560688129829304,1.5169841514244993,-1.64852019,1.64079208018916
2740,0.7560164770266874,1.517982780959254,-1.64853262,1.64079489225964
2741,0.7559641410704444,1.5189814104940085,-1.64854503,1.6407978277186999
2742,0.7559118051142014,1.519980040028763,-1.64855742,1.64080088643952
2743,0.7558594691579584,1.5209786695635177,-1.64856980,1.64080406699961
2744,0.7558071332017154,1.5219772990982725,-1.64858217,1.6408073687857399
2745,0.7557547972454725,1.5229759286330269,-1.64859453,1.6408107921319801
2746,0.7557024612892295,1.5239745581677815,-1.64860687,1.6408143358301301
2747,0.7556501253329865,1.524973187702536,-1.64861919,1.64081799935112
2748,0.7555977893767435,1.5259718172372907,-1.64863151,1.64082178308788
2749,0.7555280329029994,1.5269693812875504,-1.64864381,1.64084279183152
2750,0.7554756969467564,1.527968010822305,-1.64865609,1.64084681246376
2751,0.7554233609905134,1.5289666403570596,-1.64866836,1.64085095111457
2752,0.7553710250342704,1.5299652698918145,-1.64868062,1.64085520705394
2753,0.7553186890780275,1.5309638994265689,-1.64869286,1.6408595797777599
2754,0.7552663531217845,1.5319625289613237,-1.64870509,1.6408640683730802
2755,0.7552140171655415,1.532961158496078,-1.64871731,1.64086867268623
2756,0.7551616812092985,1.5339597880308329,-1.64872951,1.64087339194978
2757,0.7551093452530555,1.5349584175655873,-1.64874170,1.64087822526655
2758,0.7550570092968125,1.535957047100342,-1.64875387,1.64088317270802
2759,0.7550046733405695,1.5369556766350965,-1.64876603,1.64088823394172
2760,0.7549523373843265,1.537954306169851,-1.64877818,1.6408934080918298
2761,0.7549000014280836,1.5389529357046057,-1.64879031,1.64089869431933
2762,0.7548476654718406,1.5399515652393605,-1.64880243,1.6409040924783
2763,0.7547953295155976,1.5409501947741149,-1.64881453,1.6409096024976801
2764,0.7547429935593546,1.5419488243088697,-1.64882662,1.6409152226949701
2765,0.7546906576031116,1.542947453843624,-1.64883869,1.64092095424623
2766,0.7546383216468686,1.543946083378379,-1.64885075,1.6409267951113402
2767,0.7545859856906256,1.5449447129131333,-1.64886280,1.6409327448816602
2768,0.7545336497343826,1.545943342447888,-1.64887483,1.64093880401657
2769,0.7544813137781397,1.5469419719826425,-1.64888685,1.64094497172859
2770,0.7544289778218967,1.547940601517397,-1.64889885,1.64095124706646
2771,0.7543766418656537,1.5489392310521517,-1.64891084,1.64095762980207
2772,0.7543243059094107,1.5499378605869063,-1.64892281,1.64096411993448
2773,0.7542719699531677,1.550936490121661,-1.64893477,1.64097071592164
2774,0.7542196339969247,1.5519351196564155,-1.64894672,1.64097741825491
2775,0.7541672980406817,1.55293374919117,-1.64895865,1.64098422632939
2776,0.7541149620844387,1.5539323787259247,-1.64897056,1.64099113936619
2777,0.7540626261281957,1.554931008260679,-1.64898247,1.64099815731068
2778,0.7540102901719528,1.555929637795434,-1.64899435,1.64100527920124
2779,0.7539579542157098,1.5569282673301883,-1.64900623,1.64101250653159
2780,0.7539056182594668,1.5579268968649431,-1.64901808,1.6410198384271801
2781,0.7538532823032238,1.5589255263996975,-1.64902993,1.6410272713722698
2782,0.7538009463469808,1.5599241559344523,-1.64904176,1.64103480580477
2783,0.7537486103907378,1.560922785469207,-1.64905357,1.6410424400478698
2784,0.7536962744344948,1.5619214150039615,-1.64906537,1.6410501772732
2785,0.7536439384782518,1.562920044538716,-1.64907716,1.64105801723293
2786,0.7535916025220089,1.5639186740734707,-1.64908893,1.64106595813321
2787,0.7535392665657659,1.5649173036082251,-1.64910068,1.64107399974027
2788,0.7534869306095229,1.56591593314298,-1.64911242,1.64108214152105
2789,0.7534345946532799,1.5669145626777343,-1.64912415,1.64109038233273
2790,0.7533822586970369,1.5679131922124891,-1.64913586,1.64109872021753
2791,0.7533473592003344,1.5689125830395083,-1.64914756,1.6410900256638299
2792,0.7532950232440914,1.569911212574263,-1.64915924,1.64109856578513
2793,0.7532601237473888,1.570910603401282,-1.64917091,1.6410900659432701
2794,0.7532077877911458,1.571909232936037,-1.64918256,1.64109879813627
2795,0.7531728882944433,1.5729086237630558,-1.64919420,1.64109049470883
2796,0.7531205523382003,1.5739072532978104,-1.64920582,1.64109942234861
2797,0.7530856528414978,1.5749066441248296,-1.64921743,1.6410913090016201
2798,0.7530333168852548,1.5759052736595842,-1.64922902,1.6411004279095298
2799,0.7529984173885522,1.5769046644866034,-1.64924060,1.6410925074968101
2800,0.7529460814323092,1.577903294021358,-1.64925216,1.6411018192915
2801,0.7529111819356067,1.5789026848483771,-1.64926371,1.64109408801568
2802,0.7528588459793637,1.5799013143831315,-1.64927525,1.64110358939302
2803,0.7528239464826612,1.580900705210151,-1.64928676,1.64109604622822
2804,0.7527716105264182,1.5818993347449055,-1.64929827,1.64110573582958
2805,0.7527367110297156,1.582898725571925,-1.64930976,1.64109838074855
2806,0.7527018115330131,1.5838981163989438,-1.64932123,1.64109111850922
2807,0.7526494755767701,1.5848967459336984,-1.64933269,1.6411010880427999
2808,0.7526145760800675,1.5858961367607176,-1.64934414,1.6410940102027198
2809,0.7525622401238246,1.5868947662954722,-1.64935556,1.6411041647623
2810,0.752527340627122,1.5878941571224914,-1.64936698,1.6410972705526898
2811,0.7524924411304195,1.5888935479495103,-1.64937838,1.64109046061811
2812,0.7524401051741765,1.5898921774842651,-1.64938976,1.6411008893197199
2813,0.7524052056774739,1.5908915683112843,-1.64940113,1.64109426846173
2814,0.7523703061807714,1.5918909591383037,-1.64941249,1.64108773900547
2815,0.7523179702245284,1.592889588673058,-1.64942383,1.6410984413109002
2816,0.7522830707278259,1.5938889795000772,-1.64943515,1.64109209188041
2817,0.7522307347715829,1.5948876090348318,-1.64944646,1.64110297404002
2818,0.7521958352748803,1.595886999861851,-1.64945775,1.64109680369263
2819,0.7521609357781778,1.5968863906888702,-1.64946903,1.64109072219338
2820,0.7521260362814752,1.5978857815158891,-1.64948030,1.6410847303952902
2821,0.7520737003252322,1.598884411050644,-1.64949155,1.64109596954868
2822,0.7520388008285297,1.599883801877663,-1.64950278,1.6410901534104902
2823,0.7520039013318272,1.6008831927046825,-1.64951400,1.64108442533586
2824,0.7519690018351246,1.6018825835317014,-1.64952520,1.64107878489644
2825,0.7519166658788816,1.602881213066456,-1.64953639,1.6410903754241102
2826,0.7518817663821791,1.6038806038934752,-1.64954757,1.64108490893434
2827,0.7518468668854765,1.6048799947204944,-1.64955873,1.64107952872449
2828,0.751811967388774,1.6058793855475135,-1.64956987,1.6410742351075198
2829,0.751759631432531,1.606878015082268,-1.64958100,1.6410861722990902
2830,0.7517247319358284,1.6078774059092873,-1.64959211,1.64108105144188
2831,0.7516898324391259,1.6088767967363065,-1.64960321,1.6410760156966102
2832,0.7516549329424234,1.6098761875633256,-1.64961429,1.64107106551165
2833,0.7516200334457208,1.6108755783903448,-1.64962536,1.6410662006378498
2834,0.7515851339490183,1.611874969217364,-1.64963641,1.64106141933001
2835,0.7515327979927753,1.6128735987521186,-1.64964745,1.6410738676143501
2836,0.7514978984960727,1.6138729895791375,-1.64965847,1.6410692551558501
2837,0.7514629989993702,1.6148723804061569,-1.64966948,1.64106472653539
2838,0.7514280995026676,1.615871771233176,-1.64968047,1.64106028097795
2839,0.7513932000059651,1.6168711620601952,-1.64969145,1.6410559193475298
2840,0.7513583005092626,1.6178705528872144,-1.64970241,1.64105164053967
2841,0.75132340101256,1.6188699437142335,-1.64971336,1.64104744461091
2842,0.751271065056317,1.619868573248988,-1.64972429,1.6410604763715901
2843,0.7512361655596145,1.6208679640760073,-1.64973520,1.64105644435225
2844,0.7512012660629119,1.6218673549030265,-1.64974610,1.64105249519213
2845,0.7511663665662094,1.6228667457300456,-1.64975699,1.6410486266415
2846,0.7511314670695068,1.6238661365570648,-1.64976786,1.64104483951673
2847,0.7510965675728043,1.624865527384084,-1.64977871,1.64104113354104
2848,0.7510616680761018,1.6258649182111031,-1.64978955,1.6410375082385902
2849,0.7510267685793992,1.6268643090381223,-1.64980038,1.6410339627453001
2850,0.7509918690826967,1.6278636998651417,-1.64981119,1.6410304977888601
2851,0.7509569695859941,1.6288630906921606,-1.64982198,1.6410271124731999
2852,0.7509220700892916,1.6298624815191798,-1.64983276,1.6410238066909901
2853,0.750887170592589,1.630861872346199,-1.64984352,1.64102058006817
2854,0.7508522710958865,1.631861263173218,-1.64985427,1.64101743267693
2855,0.7508173715991839,1.6328606540002373,-1.64986500,1.64101436584986
2856,0.7507824721024814,1.6338600448272564,-1.64987572,1.6410113746911401
2857,0.7507475726057788,1.6348594356542756,-1.64988642,1.6410084624392
2858,0.7507126731090763,1.6358588264812948,-1.64989711,1.64100562804955
2859,0.7506777736123738,1.636858217308314,-1.64990778,1.6410028711632
2860,0.7506428741156712,1.637857608135333,-1.64991844,1.64100019123725
2861,0.7506079746189687,1.6388569989623525,-1.64992908,1.6409975884561099
2862,0.7505730751222661,1.6398563897893714,-1.64993971,1.6409950626417897
2863,0.7505381756255636,1.6408557806163906,-1.64995032,1.64099261195085
2864,0.750503276128861,1.6418551714434098,-1.64996091,1.6409902381211001
2865,0.7504683766321585,1.642854562270429,-1.64997149,1.6409879407538701
2866,0.7504334771354559,1.643853953097448,-1.64998206,1.64098571895811
2867,0.7503985776387534,1.6448533439244672,-1.64999260,1.6409835688962
2868,0.7503636781420508,1.6458527347514864,-1.65000314,1.64098150131591
2869,0.7503287786453483,1.6468521255785056,-1.65001366,1.64097950692589
2870,0.7502938791486458,1.6478515164055247,-1.65002416,1.64097758582361
2871,0.7502589796519432,1.648850907232544,-1.65003465,1.64097573552896
2872,0.7502240801552407,1.649850298059563,-1.65004512,1.64097396128608
2873,0.7501891806585381,1.6508496888865822,-1.65005558,1.64097226132326
2874,0.7501542811618356,1.6518490797136014,-1.65006602,1.64097063448211
2875,0.750119381665133,1.6528484705406206,-1.65007645,1.64096908115958
2876,0.7500844821684305,1.6538478613676395,-1.65008686,1.64096760066399
2877,0.7500495826717279,1.654847252194659,-1.65009725,1.64096619330059
2878,0.7500146831750254,1.655846643021678,-1.65010764,1.6409648579985099
2879,0.7499797836783229,1.6568460338486972,-1.65011800,1.64096359502438
2880,0.7499448841816203,1.6578454246757164,-1.65012835,1.6409624039803798
2881,0.7499099846849178,1.6588448155027355,-1.65013869,1.64096128669889
2882,0.7498750851882152,1.6598442063297547,-1.65014900,1.6409602386803699
2883,0.7498401856915127,1.660843597156774,-1.65015931,1.6409592614138702
2884,0.7498052861948101,1.661842987983793,-1.65016960,1.6409583554876899
2885,0.7497703866981076,1.6628423788108122,-1.65017987,1.64095752010097
2886,0.749735487201405,1.6638417696378314,-1.65019013,1.6409567556135598
2887,0.7497005877047025,1.6648411604648503,-1.65020037,1.6409560614231702
2888,0.749665688208,1.6658405512918697,-1.65021060,1.6409554370740098
2889,0.7496307887112974,1.6668399421188889,-1.65022081,1.64095488309402
2890,0.7495958892145949,1.667839332945908,-1.65023101,1.64095439732305
2891,0.7495609897178923,1.6688387237729272,-1.65024119,1.64095398214764
2892,0.7495260902211898,1.6698381145999464,-1.65025135,1.64095363452717
2893,0.7494911907244872,1.6708375054269655,-1.65026150,1.64095335890139
2894,0.7494562912277847,1.671836896253985,-1.65027164,1.64095314671196
2895,0.7494213917310821,1.6728362870810038,-1.65028176,1.6409530052796901
2896,0.7493864922343796,1.673835677908023,-1.65029186,1.6409529311721598
2897,0.749351592737677,1.6748350687350422,-1.65030195,1.64095292461263
2898,0.7493166932409745,1.6758344595620611,-1.65031202,1.6409529847868
2899,0.749281793744272,1.6768338503890805,-1.65032208,1.64095311517151
2900,0.7492468942475694,1.6778332412160997,-1.65033212,1.6409533113089099
2901,0.7492119947508669,1.6788326320431188,-1.65034215,1.6409535744763102
2902,0.7491770952541643,1.679832022870138,-1.65035216,1.64095390399353
2903,0.7491421957574618,1.6808314136971572,-1.65036216,1.64095430010561
2904,0.7491072962607592,1.6818308045241763,-1.65037214,1.64095476306868
2905,0.7490723967640567,1.6828301953511955,-1.65038210,1.6409552914562302
2906,0.7490374972673541,1.6838295861782149,-1.65039205,1.64095588555994
2907,0.7490200448609169,1.6848294338733711,-1.65040199,1.64093939351698
2908,0.7489851453642143,1.6858288247003903,-1.65041191,1.6409401189237
2909,0.7489502458675118,1.6868282155274097,-1.65042181,1.64094090888645
2910,0.7489153463708093,1.6878276063544286,-1.65043170,1.64094176372528
2911,0.748897893964372,1.6888274540495851,-1.65044157,1.64092553100196
2912,0.7488629944676695,1.6898268448766045,-1.65045143,1.64092651454763
2913,0.7488455420612322,1.6908266925717608,-1.65046127,1.6409104110358101
2914,0.7488106425645297,1.69182608339878,-1.65047110,1.64091152302105
2915,0.7487757430678271,1.692825474225799,-1.65048091,1.64091269859536
2916,0.7487582906613899,1.6938253219209556,-1.65049071,1.64089678599843
2917,0.7487233911646873,1.6948247127479747,-1.65050049,1.64089808904022
2918,0.7487059387582501,1.6958245604431312,-1.65051025,1.64088230382117
2919,0.7486710392615475,1.6968239512701504,-1.65052000,1.64088373230034
2920,0.748636139764845,1.6978233420971696,-1.65052974,1.6408852233627198
2921,0.7486186873584078,1.698823189792326,-1.65053946,1.6408696261610598
2922,0.7485837878617052,1.6998225806193452,-1.65054916,1.6408712415450801
2923,0.748566335455268,1.7008224283145017,-1.65055885,1.64085576977731
2924,0.7485314359585654,1.7018218191415209,-1.65056853,1.640857510644
2925,0.7485139835521282,1.7028216668366774,-1.65057818,1.64084216253551
2926,0.7484790840554256,1.7038210576636963,-1.65058783,1.6408440256154302
2927,0.7484616316489884,1.704820905358853,-1.65059746,1.64082880120625
2928,0.7484267321522858,1.7058202961858722,-1.65060707,1.6408307878014001
2929,0.7484092797458486,1.7068201438810289,-1.65061667,1.64081568470081
2930,0.748374380249146,1.7078195347080478,-1.65062625,1.64081779394753
2931,0.7483394807524435,1.708818925535067,-1.65063581,1.6408199623713502
2932,0.7483220283460063,1.7098187732302237,-1.65064537,1.64080504643282
2933,0.7482871288493037,1.7108181640572426,-1.65065490,1.6408073357421102
2934,0.7482696764428665,1.7118180117523991,-1.65066442,1.64079253708061
2935,0.7482347769461639,1.7128174025794185,-1.65067393,1.640794948149
2936,0.7482173245397267,1.7138172502745748,-1.65068342,1.64078027092972
2937,0.7481824250430241,1.714816641101594,-1.65069290,1.64078280244947
2938,0.7481649726365869,1.7158164887967504,-1.65070236,1.6407682446729601
2939,0.7481300731398843,1.7168158796237696,-1.65071180,1.64077089608901
2940,0.7481126207334471,1.717815727318926,-1.65072123,1.64075645840409
2941,0.7480951683270098,1.7188155750140826,-1.65073065,1.6407420796287
2942,0.7480602688303073,1.7198149658411015,-1.65074005,1.6407449092650999
2943,0.74804281642387,1.7208148135362582,-1.65074943,1.64073064997568
2944,0.7480079169271675,1.7218142043632774,-1.65075880,1.64073359746984
2945,0.7479904645207303,1.722814052058434,-1.65076815,1.6407194567274699
2946,0.7479555650240277,1.723813442885453,-1.65077749,1.6407225222501198
2947,0.7479381126175905,1.7248132905806095,-1.65078682,1.6407084988571898
2948,0.7479032131208879,1.725812681407629,-1.65079612,1.6407116814422
2949,0.7478857607144507,1.7268125291027852,-1.65080542,1.64069777550919
2950,0.7478683083080134,1.7278123767979416,-1.65081470,1.6406839283829
2951,0.7478334088113109,1.7288117676249608,-1.65082396,1.64068728650314
2952,0.7478159564048736,1.7298116153201173,-1.65083321,1.64067355679625
2953,0.7477810569081711,1.7308110061471365,-1.65084244,1.64067703133793
2954,0.7477636045017338,1.731810853842293,-1.65085166,1.6406634176595398
2955,0.7477461520952966,1.7328107015374494,-1.65086086,1.64064986229382
2956,0.7477112525985941,1.7338100923644686,-1.65087005,1.64065351075674
2957,0.7476938001921568,1.734809940059625,-1.65087923,1.64064007122552
2958,0.7476589006954543,1.7358093308866442,-1.65088838,1.6406438351047399
2959,0.747641448289017,1.7368091785818007,-1.65089753,1.6406305113251598
2960,0.7476239958825798,1.7378090262769572,-1.65090666,1.6406172452257302
2961,0.7475890963858772,1.7388084171039764,-1.65091577,1.6406211816909
2962,0.74757164397944,1.7398082647991329,-1.65092487,1.64060803058559
2963,0.7475541915730027,1.7408081124942894,-1.65093395,1.64059493702699
2964,0.7475192920763002,1.7418075033213083,-1.65094302,1.6405990449474
2965,0.7475018396698629,1.742807351016465,-1.65095207,1.64058606575892
2966,0.7474843872634257,1.7438071987116217,-1.65096111,1.6405731434150699
2967,0.7474494877667232,1.7448065895386409,-1.65097014,1.64057742248853
2968,0.7474320353602859,1.7458064372337971,-1.65097915,1.64056461458618
2969,0.7474145829538487,1.7468062849289536,-1.65098814,1.64055186328089
2970,0.7473796834571461,1.7478056757559728,-1.65099712,1.64055631291594
2971,0.7473622310507089,1.7488055234511293,-1.65100609,1.6405436748877702
2972,0.7473447786442716,1.7498053711462858,-1.65101504,1.64053109399108
2973,0.7473098791475691,1.750804761973305,-1.65102397,1.64053571214037
2974,0.7472924267411318,1.7518046096684614,-1.65103289,1.64052324424765
2975,0.7472749743346946,1.752804457363618,-1.65104180,1.6405108330114402
2976,0.747240074837992,1.753803848190637,-1.65105069,1.6405156208461902
2977,0.7472226224315548,1.7548036958857935,-1.65105956,1.64050332239943
2978,0.7472051700251175,1.75580354358095,-1.65106843,1.6404910801404
2979,0.7471877176186803,1.7568033912761063,-1.65107727,1.6404788934635
2980,0.7471528181219778,1.7578027821031257,-1.65108611,1.64048390504102
2981,0.7471353657155405,1.7588026297982822,-1.65109492,1.64047183172374
2982,0.7471179133091033,1.7598024774934389,-1.65110373,1.64045981400403
2983,0.747100460902666,1.7608023251885951,-1.65111252,1.6404478519908698
2984,0.7470655614059635,1.7618017160156143,-1.65112129,1.64045308604392
2985,0.7470481089995262,1.7628015637107708,-1.65113005,1.64044123505409
2986,0.747030656593089,1.7638014114059273,-1.65113879,1.64042944073507
2987,0.7469957570963864,1.7648008022329464,-1.65114752,1.64043484146526
2988,0.7469783046899492,1.765800649928103,-1.65115624,1.64042315689421
2989,0.746960852283512,1.7668004976232594,-1.65116494,1.64041152748465
2990,0.7469433998770747,1.767800345318416,-1.65117363,1.64039995519906
2991,0.7469085003803722,1.768799736145435,-1.65118230,1.6404055757964402
2992,0.7468910479739349,1.7697995838405916,-1.65119096,1.64039411272147
2993,0.7468735955674977,1.770799431535748,-1.65119960,1.64038273568354
2994,0.7468561431610604,1.7717992792309043,-1.65120823,1.6403713944647298
2995,0.7468386907546232,1.772799126926061,-1.65121684,1.6403601605271603
2996,0.7468037912579206,1.7737985177530802,-1.65122544,1.64036595193076
2997,0.7467863388514834,1.7747983654482369,-1.65123403,1.64035467768498
2998,0.7467688864450461,1.7757982131433931,-1.65124260,1.64034364795411
2999,0.7467514340386089,1.7767980608385496,-1.65125116,1.64033113291126
3000,0.7467339816321716,1.777797908533706,-1.65125970,1.64032153708242
3001,0.7467165292257344,1.7787977562288626,-1.65126823,1.6403104047408301
3002,0.7466816297290318,1.7797971470558818,-1.65127674,1.64031675327868
3003,0.7466641773225946,1.7807969947510385,-1.65128524,1.6403052837696
3004,0.7466467249161574,1.7817968424461947,-1.65129373,1.6402951536280401
3005,0.7466292725097201,1.7827966901413512,-1.65130220,1.64028437734731
3006,0.7466118201032829,1.7837965378365075,-1.65131066,1.64027370343973
3007,0.7465943676968456,1.7847963855316642,-1.65131910,1.64026278812679
3008,0.7465594682001431,1.7857957763586834,-1.65132753,1.64026956606522
3009,0.7465420157937058,1.7867956240538398,-1.65133594,1.64025902399273
3010,0.7465245633872686,1.7877954717489963,-1.65134434,1.6402485373278899
3011,0.7465071109808313,1.7887953194441528,-1.65135273,1.6402381052893
3012,0.7464896585743941,1.7897951671393093,-1.65136110,1.64022772610466
3013,0.7464722061679568,1.7907950148344658,-1.65136946,1.64021740106078
3014,0.7464547537615196,1.7917948625296225,-1.65137780,1.6402071285667001
3015,0.746419854264817,1.7927942533566414,-1.65138613,1.64021404237101
3016,0.7464024018583798,1.793794101051798,-1.65139444,1.64020387465809
3017,0.7463849494519426,1.7947939487469544,-1.65140274,1.64019376004453
3018,0.7463674970455053,1.795793796442111,-1.65141103,1.64018368431244
3019,0.7463500446390681,1.7967936441372674,-1.65141930,1.6401736565249698
3020,0.7463325922326308,1.797793491832424,-1.65142756,1.64016373067665
3021,0.7463151398261936,1.7987933395275804,-1.65143581,1.64015367030856
3022,0.7462976874197563,1.7997931872227368,-1.65144404,1.64014395783026
3023,0.7462627879230538,1.800792578049756,-1.65145226,1.64015118781096
3024,0.7462453355166165,1.8017924257449125,-1.65146046,1.64014152636077
3025,0.7462278831101793,1.802792273440069,-1.65146865,1.6401318562656302
3026,0.746210430703742,1.8037921211352248,-1.65147682,1.6401222091932501
3027,0.7461929782973048,1.804791968830382,-1.65148498,1.64011255318569
3028,0.7461755258908676,1.8057918165255384,-1.65149313,1.64010291162578
3029,0.7461580734844303,1.806791664220695,-1.65150126,1.64009357239404
3030,0.7461406210779931,1.807791511915852,-1.65150938,1.64008413119043
3031,0.7461231686715558,1.808791359611008,-1.65151749,1.6400747400816602
3032,0.7461057162651186,1.8097912073061644,-1.65152558,1.64006539830255
3033,0.7460882638586813,1.8107910550013209,-1.65153365,1.6400560962901198
3034,0.7460708114522441,1.8117909026964767,-1.65154172,1.6400468843745202
3035,0.7460533590458068,1.8127907503916336,-1.65154977,1.6400376800829901
3036,0.7460359066393696,1.8137905980867903,-1.65155780,1.64002853424504
3037,0.746001007142667,1.8147899889138093,-1.65156583,1.64003638133783
3038,0.7459835547362298,1.815789836608966,-1.65157383,1.64002753027025
3039,0.7459661023297925,1.8167896843041225,-1.65158183,1.64001853761409
3040,0.7459486499233553,1.817789531999279,-1.65158981,1.64000959457648
3041,0.745931197516918,1.818789379694436,-1.65159778,1.64000070057404
3042,0.7459137451104808,1.819789227389592,-1.65160573,1.6399918551442902
3043,0.7458962927040436,1.8207890750847484,-1.65161367,1.6399830592732298
3044,0.7458788402976063,1.821788922779905,-1.65162159,1.63997431272871
3045,0.7458613878911691,1.8227887704750607,-1.65162950,1.6399656281775998
3046,0.7458439354847318,1.8237886181702176,-1.65163740,1.6399568457187
3047,0.7458264830782946,1.8247884658653744,-1.65164529,1.63994815470261
3048,0.7458090306718573,1.8257883135605308,-1.65165316,1.6399393314000101
3049,0.7457915782654201,1.8267881612556875,-1.65166101,1.63993131897224
3050,0.7457741258589828,1.827788008950844,-1.65166886,1.63992286348639
3051,0.7457566734525456,1.8287878566460003,-1.65167669,1.6399142662471702
3052,0.7457392210461083,1.8297877043411568,-1.65168450,1.63990589370115
3053,0.7457217686396711,1.8307875520363133,-1.65169230,1.6398978862011302
3054,0.7457043162332339,1.831787399731469,-1.65170009,1.63988955833447
3055,0.7456868638267966,1.8327872474266265,-1.65170787,1.63988128784704
3056,0.7456694114203594,1.8337870951217827,-1.65171563,1.6398732890802301
3057,0.7456519590139221,1.8347869428169392,-1.65172338,1.63986496166351
3058,0.7456345066074849,1.835786790512096,-1.65173111,1.6398567680115699
3059,0.7456170542010476,1.836786638207252,-1.65173883,1.6398489027769299
3060,0.7455996017946104,1.837786485902409,-1.65174654,1.6398409151884001
3061,0.7455821493881731,1.8387863335975647,-1.65175423,1.6398329764852702
3062,0.7455646969817359,1.8397861812927216,-1.65176191,1.63982508500079
3063,0.7455472445752986,1.840786028987878,-1.65176958,1.63981724003607
3064,0.7455297921688614,1.8417858766830344,-1.65177723,1.6398094417866798
3065,0.7455123397624241,1.842785724378191,-1.65178487,1.6398016902622201
3066,0.7454948873559869,1.843785572073348,-1.65179250,1.63979398443471
3067,0.7454774349495497,1.844785419768504,-1.65180011,1.63978632459402
3068,0.7454599825431124,1.8457852674636608,-1.65180771,1.6397787101126
3069,0.7454425301366752,1.846785115158817,-1.65181529,1.6397711417646699
3070,0.7454250777302379,1.847784962853973,-1.65182286,1.63976361872396
3071,0.7454076253238007,1.84878481054913,-1.65183042,1.6397561407366799
3072,0.7453901729173634,1.8497846582442865,-1.65183797,1.63974870774929
3073,0.7453727205109262,1.850784505939443,-1.65184550,1.63974131565708
3074,0.7453552681044889,1.8517843536346,-1.65185302,1.63973392775549
3075,0.7453378156980517,1.852784201329756,-1.65186052,1.63972657651664
3076,0.7453203632916144,1.8537840490249125,-1.65186801,1.63971943569038
3077,0.7453029108851772,1.854783896720069,-1.65187549,1.63971222906805
3078,0.74528545847874,1.8557837444152248,-1.65188296,1.6397050675429798
3079,0.7452680060723027,1.856783592110382,-1.65189041,1.6396979505530798
3080,0.7452505536658655,1.8577834398055384,-1.65189785,1.63969081861674
3081,0.7452331012594282,1.8587832875006949,-1.65190527,1.63968370535891
3082,0.745215648852991,1.859783135195852,-1.65191268,1.63967686125716
3083,0.7451981964465537,1.860782982891008,-1.65192008,1.6396699266013501
3084,0.7451807440401165,1.8617828305861643,-1.65192747,1.6396630333087399
3085,0.7451632916336792,1.8627826782813208,-1.65193484,1.63965618281652
3086,0.745145839227242,1.863782525976477,-1.65194220,1.63964937695321
3087,0.7451283868208047,1.8647823736716336,-1.65194954,1.63964261543329
3088,0.7451109344143675,1.8657822213667905,-1.65195687,1.6396358978663699
3089,0.7450934820079302,1.8667820690619468,-1.65196419,1.6396292242010002
3090,0.745076029601493,1.867781916757104,-1.65197150,1.63962259481413
3091,0.7450585771950557,1.86878176445226,-1.65197879,1.6396160093148202
3092,0.7450411247886185,1.869781612147416,-1.65198607,1.63960946803539
3093,0.7450236723821813,1.8707814598425727,-1.65199334,1.63960296976599
3094,0.745006219975744,1.8717813075377288,-1.65200059,1.6395965152489502
3095,0.7449887675693068,1.8727811552328857,-1.65200783,1.6395901049600599
3096,0.7449713151628695,1.8737810029280424,-1.65201506,1.63958373875279
3097,0.7449538627564323,1.8747808506231989,-1.65202228,1.63957741649786
3098,0.744936410349995,1.8757806983183551,-1.65202948,1.6395711377931799
3099,0.7449189579435578,1.876780546013512,-1.65203667,1.63956490302239
3100,0.7449015055371205,1.877780393708668,-1.65204384,1.63955871165202
3101,0.7448840531306833,1.8787802414038248,-1.65205101,1.63955256328255
3102,0.744866600724246,1.879780089098981,-1.65205816,1.63954645929662
3103,0.7448491483178088,1.8807799367941376,-1.65206530,1.63954039875622
3104,0.7448316959113715,1.881779784489294,-1.65207242,1.6395343819968602
3105,0.7448142435049343,1.8827796321844503,-1.65207953,1.63952840886766
3106,0.7447967910984971,1.883779479879607,-1.65208663,1.6395224789954401
3107,0.7447793386920598,1.8847793275747635,-1.65209372,1.63951659266505
3108,0.7447618862856226,1.88577917526992,-1.65210079,1.6395107497459
3109,0.7447444338791853,1.8867790229650765,-1.65210785,1.63950495124577
3110,0.7447269814727481,1.887778870660233,-1.65211490,1.63949919592457
3111,0.7447269814727481,1.8887788706602329,-1.65212193,1.6394763715193301
3112,0.7447095290663108,1.889778718355389,-1.65212896,1.6394707035363099
3113,0.7446920766598736,1.8907785660505456,-1.65213597,1.63946507864856
3114,0.7446746242534363,1.8917784137457023,-1.65214296,1.6394594970066199
3115,0.7446746242534363,1.8927784137457024,-1.65214995,1.6394368478666501
3116,0.7446571718469991,1.8937782614408587,-1.65215692,1.6394313536883898
3117,0.7446397194405618,1.8947781091360152,-1.65216388,1.6394259027087998
3118,0.7446222670341246,1.895777956831172,-1.65217083,1.6394204958518301
3119,0.7446048146276874,1.896777804526328,-1.65217776,1.6394151322817798
3120,0.7446048146276874,1.897777804526328,-1.65218469,1.63939270238386
3121,0.7445873622212501,1.8987776522214843,-1.65219160,1.63938742539534
3122,0.7445699098148129,1.899777499916641,-1.65219850,1.63938219179604
3123,0.7445524574083756,1.9007773476117973,-1.65220538,1.6393770021086498
3124,0.7445524574083756,1.9017773476117967,-1.65221226,1.6393547461188902
3125,0.7445350050019384,1.9027771953069537,-1.65221912,1.6393496427657699
3126,0.7445175525955011,1.9037770430021104,-1.65222597,1.6393445827039501
3127,0.7445001001890639,1.9047768906972669,-1.65223280,1.63933956571337
3128,0.7445001001890639,1.9057768906972667,-1.65223963,1.6393174848019298
3129,0.7444826477826266,1.9067767383924232,-1.65224644,1.63931214745167
3130,0.7444651953761894,1.90777658608758,-1.65225324,1.6393076715802302
3131,0.7444477429697521,1.908776433782736,-1.65226003,1.63930281084031
3132,0.7444477429697521,1.909776433782736,-1.65226680,1.6392809141453
3133,0.7444302905633149,1.9107762814778928,-1.65227357,1.6392761564471598
3134,0.7444128381568776,1.911776129173049,-1.65228032,1.63927143285662
3135,0.7443953857504404,1.9127759768682056,-1.65228706,1.63926676601192
3136,0.7443953857504404,1.9137759768682048,-1.65229379,1.63924484972262
3137,0.7443779333440032,1.914775824563362,-1.65230050,1.6392404603977497
3138,0.7443604809375659,1.9157756722585184,-1.65230721,1.63923588847282
3139,0.7443430285311287,1.916775519953675,-1.65231390,1.63923140682947
3140,0.7443430285311287,1.9177755199536748,-1.65232058,1.6392098443421599
3141,0.7443255761246914,1.9187753676488315,-1.65232725,1.6392054297708298
3142,0.7443081237182542,1.919775215343988,-1.65233390,1.63920105744119
3143,0.7443081237182542,1.920775215343988,-1.65234055,1.6391796241966101
3144,0.7442906713118169,1.921775063039144,-1.65234718,1.6391753364105401
3145,0.7442732189053797,1.9227749107343008,-1.65235380,1.63917109332787
3146,0.7442557664989424,1.923774758429457,-1.65236041,1.6391668921762301
3147,0.7442557664989424,1.924774758429457,-1.65236701,1.63914563000863
3148,0.7442383140925052,1.9257746061246133,-1.65237360,1.63914151384945
3149,0.7442208616860679,1.92677445381977,-1.65238017,1.63913744025705
3150,0.7442208616860679,1.9277744538197696,-1.65238673,1.6391163069264199
3151,0.7442034092796307,1.9287743015149263,-1.65239329,1.63911231768883
3152,0.7441859568731934,1.9297741492100828,-1.65239983,1.63910837100433
3153,0.7441685044667562,1.9307739969052395,-1.65240635,1.63910446577278
3154,0.7441685044667562,1.9317739969052392,-1.65241287,1.63908348268459
3155,0.744151052060319,1.932773844600396,-1.65241938,1.6390796584909701
3156,0.7441335996538817,1.933773692295552,-1.65242587,1.6390758791940199
3157,0.7441335996538817,1.934773692295552,-1.65243235,1.6390550415742098
3158,0.7441161472474445,1.9357735399907088,-1.65243882,1.6390513457049098
3159,0.7440986948410072,1.936773387685865,-1.65244528,1.6390476915552
3160,0.7440986948410072,1.937773387685865,-1.65245173,1.63902696767784
3161,0.74408124243457,1.9387732353810208,-1.65245817,1.63902339367176
3162,0.7440637900281327,1.939773083076178,-1.65246459,1.63901987050632
3163,0.7440637900281327,1.9407730830761776,-1.65247101,1.63899953347001
3164,0.7440463376216955,1.9417729307713345,-1.65247741,1.63899581772607
3165,0.7440288852152582,1.9427727784664908,-1.65248380,1.63899316323879
3166,0.7440288852152582,1.9437727784664909,-1.65249018,1.6389720102082999
3167,0.744011432808821,1.9447726261616471,-1.65249655,1.63896865337057
3168,0.7439939804023837,1.945772473856804,-1.65250291,1.63896536641812
3169,0.7439939804023837,1.9467724738568035,-1.65250925,1.6389450300504298
3170,0.7439765279959465,1.94777232155196,-1.65251559,1.63894182907383
3171,0.7439590755895092,1.9487721692471165,-1.65252191,1.6389386687763499
3172,0.7439590755895092,1.9497721692471164,-1.65252822,1.6389184531560401
3173,0.743941623183072,1.9507720169422729,-1.65253453,1.63891537476493
3174,0.7439241707766348,1.951771864637429,-1.65254082,1.6389123369723
3175,0.7439241707766348,1.9527718646374288,-1.65254710,1.63889224369973
3176,0.7439067183701975,1.9537717123325853,-1.65255336,1.63888928684278
3177,0.7438892659637603,1.9547715600277424,-1.65255962,1.63888637199129
3178,0.7438892659637603,1.955771560027742,-1.65256587,1.63886638766447
3179,0.743871813557323,1.9567714077228984,-1.65257210,1.63886356118908
3180,0.743871813557323,1.9577714077228985,-1.65257833,1.6388436472891499
3181,0.7438543611508858,1.958771255418055,-1.65258454,1.63884091613677
3182,0.7438369087444485,1.959771103113212,-1.65259074,1.638838195235
3183,0.7438369087444485,1.960771103113212,-1.65259693,1.6388184232537202
3184,0.7438194563380113,1.961770950808368,-1.65260311,1.63881578545606
3185,0.743802003931574,1.9627707985035243,-1.65260928,1.63881318678772
3186,0.743802003931574,1.963770798503524,-1.65261544,1.6387935348522
3187,0.7437845515251368,1.9647706461986807,-1.65262159,1.63879101394855
3188,0.7437670991186995,1.9657704938938367,-1.65262772,1.63878843045554
3189,0.7437670991186995,1.966770493893837,-1.65263385,1.6387690053146398
3190,0.7437496467122623,1.9677703415889936,-1.65263997,1.63876659596395
3191,0.7437496467122623,1.9687703415889928,-1.65264607,1.63874713634101
3192,0.743732194305825,1.96977018928415,-1.65265216,1.63874480601516
3193,0.7437147418993878,1.9707700369793064,-1.65265824,1.63874252257625
3194,0.7437147418993878,1.9717700369793063,-1.65266432,1.6387231805236
3195,0.7436972894929506,1.9727698846744628,-1.65267038,1.6387209737994701
3196,0.7436972894929506,1.973769884674463,-1.65267643,1.63870171857308
3197,0.7436798370865133,1.9747697323696192,-1.65268247,1.6386986119281701
3198,0.7436623846800761,1.975769580064776,-1.65268850,1.63869746328363
3199,0.7436623846800761,1.9767695800647755,-1.65269451,1.6386783312526298
3200,0.7436449322736388,1.977769427759932,-1.65270052,1.63867631061161
3201,0.7436274798672016,1.9787692754550883,-1.65270652,1.63867432573321
3202,0.7436274798672016,1.9797692754550884,-1.65271250,1.63865529113885
3203,0.7436100274607643,1.980769123150245,-1.65271848,1.63865338263736
3204,0.7436100274607643,1.9817691231502448,-1.65272444,1.6386344228454401
3205,0.7435925750543271,1.9827689708454013,-1.65273040,1.63863258881763
3206,0.7435925750543271,1.9837689708454007,-1.65273634,1.6386137040816302
3207,0.7435751226478898,1.9847688185405576,-1.65274227,1.6386119441605698
3208,0.7435751226478898,1.985768818540557,-1.65274819,1.63859313394193
3209,0.7435576702414526,1.986768666235714,-1.65275410,1.63859144789929
3210,0.7435402178350153,1.9877685139308705,-1.65276000,1.63858979789255
3211,0.7435402178350153,1.9887685139308704,-1.65276589,1.63857109839958
3212,0.7435227654285781,1.9897683616260269,-1.65277177,1.63856952140418
3213,0.7435227654285781,1.9907683616260268,-1.65277764,1.63855089469903
3214,0.7435053130221408,1.991768209321184,-1.65278350,1.63854939004233
3215,0.7435053130221408,1.9927682093211831,-1.65278935,1.638530836293
3216,0.7434878606157036,1.99376805701634,-1.65279519,1.63852940402163
3217,0.7434704082092664,1.994767904711496,-1.65280101,1.63852800691711
3218,0.7434704082092664,1.995767904711496,-1.65280683,1.63850956142103
3219,0.7434529558028291,1.9967677524066525,-1.65281263,1.63850823640785
3220,0.7434529558028291,1.9977677524066524,-1.65281843,1.63848986264302
3221,0.7434355033963919,1.9987676001018089,-1.65282421,1.63848860848464
3222,0.7434355033963919,1.9997676001018088,-1.65282999,1.63847030640065
3223,0.7434180509899546,2.000767447796965,-1.65283575,1.63846912307559
3224,0.7434005985835174,2.001767295492121,-1.65284150,1.6384679749098998
3225,0.7434005985835174,2.0027672954921214,-1.65284725,1.63844977864211
3226,0.7433831461770801,2.003767143187278,-1.65285298,1.63844870052883
3227,0.7433831461770801,2.004767143187278,-1.65285870,1.63843057494734
3228,0.7433656937706429,2.0057669908824343,-1.65286441,1.6384295666511501
3229,0.7433656937706429,2.006766990882434,-1.65287011,1.6384115115213702
3230,0.7433482413642056,2.00776683857759,-1.65287581,1.63841057275758
3231,0.7433482413642056,2.0087668385775905,-1.65288149,1.63839258746558
3232,0.7433307889577684,2.009766686272747,-1.65288716,1.6383917176943
3233,0.7433307889577684,2.010766686272747,-1.65289282,1.63837380229675
3234,0.7433133365513311,2.0117665339679034,-1.65289847,1.6383730014078601
3235,0.7433133365513311,2.012766533967904,-1.65290410,1.6383551549066402
3236,0.7432958841448939,2.01376638166306,-1.65290973,1.6383544214422798
3237,0.7432958841448939,2.01476638166306,-1.65291535,1.63833664467979
3238,0.7432784317384566,2.015766229358216,-1.65292096,1.63833598102223
3239,0.7432784317384566,2.016766229358216,-1.65292656,1.6383182720812801
3240,0.7432609793320194,2.0177660770533725,-1.65293215,1.63831767674934
3241,0.7432435269255822,2.018765924748529,-1.65293772,1.63831711486333
3242,0.7432435269255822,2.019765924748529,-1.65294329,1.6382995095519601
3243,0.7432260745191449,2.0207657724436854,-1.65294885,1.63829901825914
3244,0.7432260745191449,2.0217657724436853,-1.65295440,1.6382814863522102
3245,0.7432086221127077,2.0227656201388418,-1.65295993,1.63828107325512
3246,0.7432086221127077,2.0237656201388416,-1.65296546,1.63826362679588
3247,0.7431911697062704,2.024765467833998,-1.65297098,1.63826329713098
3248,0.7431911697062704,2.025765467833998,-1.65297648,1.6382458865298
3249,0.7431737172998332,2.0267653155291545,-1.65298198,1.63824551827627
3250,0.7431737172998332,2.0277653155291544,-1.65298747,1.63822836830876
3251,0.7431562648933959,2.028765163224311,-1.65299294,1.6382279195797902
3252,0.7431562648933959,2.0297651632243108,-1.65299841,1.63821077147397
3253,0.7431388124869587,2.030765010919468,-1.65300387,1.63821060843112
3254,0.7431388124869587,2.031765010919467,-1.65300931,1.6381932121109801
3255,0.7431213600805214,2.032764858614624,-1.65301475,1.6381927878551799
3256,0.7431213600805214,2.0337648586146235,-1.65302018,1.63817611631667
3257,0.7431039076740842,2.03476470630978,-1.65302559,1.63817608938162
3258,0.7431039076740842,2.03576470630978,-1.65303100,1.6381590217924802
3259,0.7430864552676469,2.0367645540049364,-1.65303640,1.6381590609131402
3260,0.7430864552676469,2.0377645540049363,-1.65304179,1.63814205926808
3261,0.7430864552676469,2.038764554004936,-1.65304716,1.63812509063582
3262,0.7430690028612097,2.0397644017000927,-1.65305253,1.6381252272706
3263,0.7430515504547724,2.040764249395249,-1.65305789,1.63812539620634
3264,0.7430515504547724,2.041764249395249,-1.65306323,1.63810851746084
3265,0.7430340980483352,2.042764097090405,-1.65306857,1.63810861359348
3266,0.7430340980483352,2.0437640970904054,-1.65307390,1.6380919758601702
3267,0.743016645641898,2.044763944785562,-1.65307922,1.6380924103397199
3268,0.743016645641898,2.045763944785562,-1.65308453,1.6380756144613002
3269,0.743016645641898,2.0467639447855617,-1.65308983,1.63805890559015
3270,0.7429991932354607,2.047763792480718,-1.65309512,1.6380596925398998
3271,0.7429991932354607,2.048763792480718,-1.65310040,1.6380426967200101
3272,0.7429817408290235,2.0497636401758745,-1.65310567,1.6380430593550501
3273,0.7429817408290235,2.0507636401758744,-1.65311093,1.63802647252195
3274,0.7429642884225862,2.051763487871031,-1.65311618,1.638027001881
3275,0.7429642884225862,2.052763487871031,-1.65312142,1.6380105085071301
3276,0.742946836016149,2.053763335566188,-1.65312665,1.63801096235541
3277,0.742946836016149,2.054763335566187,-1.65313188,1.63799463498986
3278,0.742946836016149,2.055763335566187,-1.65313709,1.63797823065478
3279,0.7429293836097117,2.056763183261344,-1.65314229,1.6379789199005401
3280,0.7429293836097117,2.0577631832613434,-1.65314749,1.63796257269803
3281,0.7429119312032745,2.0587630309565,-1.65315267,1.63796332514692
3282,0.7429119312032745,2.0597630309565,-1.65315785,1.63794704216809
3283,0.7428944787968372,2.0607628786516563,-1.65316301,1.6379478584168998
3284,0.7428944787968372,2.061762878651656,-1.65316817,1.63793111995454
3285,0.7428770263904,2.0627627263468127,-1.65317332,1.63793245692296
3286,0.7428770263904,2.063762726346813,-1.65317846,1.63791636607578
3287,0.7428595739839627,2.064762574041969,-1.65318359,1.6379173091975399
3288,0.7428595739839627,2.065762574041969,-1.65318871,1.63790122548437
3289,0.7428421215775255,2.066762421737125,-1.65319382,1.63790113874159
3290,0.7428421215775255,2.0677624217371253,-1.65319892,1.637886195852
3291,0.7428421215775255,2.068762421737125,-1.65320401,1.6378702100570801
3292,0.7428246691710882,2.0697622694322817,-1.65320909,1.63787131418399
3293,0.7428246691710882,2.0707622694322816,-1.65321417,1.63785538345809
3294,0.742807216764651,2.071762117127438,-1.65321923,1.63785654956141
3295,0.742807216764651,2.072762117127438,-1.65322429,1.63784068268799
3296,0.7427897643582138,2.0737619648225945,-1.65322934,1.63784191196862
3297,0.7427897643582138,2.0747619648225943,-1.65323438,1.63782610819303
3298,0.7427897643582138,2.0757619648225942,-1.65323940,1.6378103360490899
3299,0.7427723119517765,2.0767618125177507,-1.65324442,1.6378116584839701
3300,0.7427723119517765,2.0777618125177506,-1.65324944,1.63779594887544
3301,0.7427548595453393,2.078761660212907,-1.65325444,1.6377973334681601
3302,0.7427548595453393,2.079761660212907,-1.65325943,1.6377816860449799
3303,0.7427548595453393,2.080761660212907,-1.65326442,1.6377660701926198
3304,0.742737407138902,2.081761507908064,-1.65326939,1.63776754777087
3305,0.742737407138902,2.0827615079080632,-1.65327436,1.63775199365825
3306,0.7427199547324648,2.08376135560322,-1.65327932,1.63775353253694
3307,0.7427199547324648,2.08476135560322,-1.65328427,1.6377380404905801
3308,0.7427025023260275,2.085761203298376,-1.65328921,1.6377396409307599
3309,0.7427025023260275,2.086761203298376,-1.65329414,1.63772421067656
3310,0.7427025023260275,2.087761203298376,-1.65329906,1.63770881097575
3311,0.7426850499195903,2.0887610509935324,-1.65330398,1.63771050256184
3312,0.7426850499195903,2.0897610509935323,-1.65330889,1.63769516426558
3313,0.742667597513153,2.0907608986886888,-1.65331378,1.63769691722846
3314,0.742667597513153,2.0917608986886886,-1.65331867,1.63768141496852
3315,0.742667597513153,2.0927608986886885,-1.65332355,1.63766634354911
3316,0.7426501451067158,2.093760746383845,-1.65332842,1.6376682257314399
3317,0.7426501451067158,2.094760746383845,-1.65333329,1.63765304742157
3318,0.7426326927002785,2.0957605940790014,-1.65333814,1.63765495184076
3319,0.7426326927002785,2.0967605940790013,-1.65334299,1.63763982649172
3320,0.7426326927002785,2.097760594079001,-1.65334783,1.63762473182326
3321,0.7426152402938413,2.0987604417741577,-1.65335266,1.6376267247900897
3322,0.7426152402938413,2.099760441774157,-1.65335748,1.6376116889474202
3323,0.742597787887404,2.100760289469314,-1.65336229,1.63761374032385
3324,0.742597787887404,2.101760289469314,-1.65336709,1.6375987649353498
3325,0.7425803354809668,2.1027601371644704,-1.65337189,1.6376008753888502
3326,0.7425803354809668,2.1037601371644703,-1.65337668,1.63758595873615
3327,0.7425803354809668,2.10476013716447,-1.65338146,1.63757107195022
3328,0.7425628830745296,2.1057599848596267,-1.65338623,1.63757325743972
3329,0.7425628830745296,2.1067599848596266,-1.65339099,1.6375584293057202
3330,0.7425628830745296,2.1077599848596265,-1.65339575,1.63754363048885
3331,0.7425454306680923,2.108759832554783,-1.65340049,1.6375459163037398
3332,0.7425454306680923,2.109759832554783,-1.65340523,1.6375311761212201
3333,0.7425454306680923,2.1107598325547827,-1.65340996,1.63751646515917
3334,0.7425279782616551,2.111759680249939,-1.65341468,1.63751883729502
3335,0.7425279782616551,2.112759680249939,-1.65341939,1.6375041843495
3336,0.7425105258552178,2.113759527945096,-1.65342410,1.63750661418774
3337,0.7425105258552178,2.1147595279450955,-1.65342880,1.63749201871499
3338,0.7425105258552178,2.115759527945096,-1.65343349,1.63747745185232
3339,0.7424930734487806,2.116759375640252,-1.65343817,1.63747996661265
3340,0.7424930734487806,2.117759375640252,-1.65344284,1.63746545827823
3341,0.7424756210423433,2.118759223335408,-1.65344750,1.6374680292762598
3342,0.7424756210423433,2.119759223335408,-1.65345216,1.63745357579845
3343,0.7424756210423433,2.120759223335408,-1.65345681,1.6374391508978903
3344,0.7424581686359061,2.1217590710305645,-1.65346145,1.63744180628791
3345,0.7424581686359061,2.1227590710305644,-1.65346608,1.63742743718838
3346,0.7424581686359061,2.1237590710305643,-1.65347070,1.6374130964173301
3347,0.7424407162294688,2.1247589187257208,-1.65347532,1.63741582676302
3348,0.7424407162294688,2.1257589187257206,-1.65347993,1.6374015488919902
3349,0.7424232638230316,2.126758766420877,-1.65348453,1.63740434031717
3350,0.7424232638230316,2.127758766420877,-1.65348912,1.63739010430781
3351,0.7424232638230316,2.128758766420877,-1.65349370,1.63737587645274
3352,0.7424058114165943,2.1297586141160334,-1.65349828,1.63737844804381
3353,0.7424058114165943,2.1307586141160333,-1.65350285,1.6373644634104498
3354,0.7424058114165943,2.131758614116033,-1.65350741,1.63735052410295
3355,0.7423883590101571,2.1327584618111897,-1.65351196,1.63735347019429
3356,0.7423883590101571,2.1337584618111896,-1.65351651,1.6373394048760002
3357,0.7423883590101571,2.134758461811189,-1.65352104,1.63732537005481
3358,0.7423709066037198,2.135758309506346,-1.65352557,1.63732840624213
3359,0.7423709066037198,2.136758309506346,-1.65353009,1.63731442080498
3360,0.7423709066037198,2.1377583095063457,-1.65353461,1.63730046164782
3361,0.7423534541972826,2.138758157201502,-1.65353911,1.6373035767910298
3362,0.7423534541972826,2.139758157201502,-1.65354361,1.6372896708230398
3363,0.7423534541972826,2.140758157201502,-1.65354810,1.63727579141572
3364,0.7423360017908454,2.1417580048966585,-1.65355258,1.6372789851040102
3365,0.7423360017908454,2.1427580048966584,-1.65355705,1.6372651576697401
3366,0.7423185493844081,2.143757852591815,-1.65356152,1.6372684085152498
3367,0.7423185493844081,2.1447578525918147,-1.65356598,1.6372546252016802
3368,0.7423185493844081,2.1457578525918146,-1.65357043,1.6372408814128998
3369,0.7423185493844081,2.1467578525918145,-1.65357487,1.63722715716581
3370,0.7423010969779709,2.147757700286971,-1.65357931,1.6372295179851
3371,0.7423010969779709,2.148757700286971,-1.65358373,1.6372167329153298
3372,0.7422836445715336,2.149757547982128,-1.65358815,1.6372201920047398
3373,0.7422836445715336,2.150757547982128,-1.65359257,1.63720658031019
3374,0.7422836445715336,2.151757547982127,-1.65359697,1.63719298753378
3375,0.7422661921650964,2.152757395677284,-1.65360137,1.63719646327638
3376,0.7422661921650964,2.1537573956772835,-1.65360575,1.63718291889505
3377,0.7422661921650964,2.1547573956772834,-1.65361014,1.63716939939639
3378,0.7422487397586591,2.15575724337244,-1.65361451,1.6371729482052602
3379,0.7422487397586591,2.15675724337244,-1.65361887,1.63715947814118
3380,0.7422487397586591,2.15775724337244,-1.65362323,1.63714603189068
3381,0.7422487397586591,2.15875724337244,-1.65362758,1.6371326115179001
3382,0.7422312873522219,2.159757091067596,-1.65363192,1.63713625805058
3383,0.7422312873522219,2.160757091067596,-1.65363626,1.6371228864643501
3384,0.7422312873522219,2.161757091067596,-1.65364058,1.63710953938525
3385,0.7422138349457846,2.1627569387627523,-1.65364490,1.6371132583824899
3386,0.7422138349457846,2.163756938762752,-1.65364921,1.63709995949882
3387,0.7422138349457846,2.164756938762752,-1.65365352,1.6370866852393302
3388,0.7421963825393474,2.1657567864579086,-1.65365781,1.63709047585342
3389,0.7421963825393474,2.1667567864579085,-1.65366210,1.63707724926583
3390,0.7421963825393474,2.1677567864579084,-1.65366638,1.6370640464085
3391,0.7421789301329101,2.168756634153065,-1.65367066,1.6370679079652999
3392,0.7421789301329101,2.1697566341530647,-1.65367492,1.6370547519897998
3393,0.7421789301329101,2.1707566341530646,-1.65367918,1.63704161016675
3394,0.7421614777264729,2.171756481848221,-1.65368343,1.63704555295946
3395,0.7421614777264729,2.172756481848221,-1.65368767,1.6370324681689699
3396,0.7421614777264729,2.173756481848221,-1.65369191,1.63701835533077
3397,0.7421440253200356,2.1747563295433774,-1.65369614,1.63702340559464
3398,0.7421440253200356,2.1757563295433773,-1.65370036,1.63701039310099
3399,0.7421440253200356,2.176756329543377,-1.65370457,1.63699740146908
3400,0.7421440253200356,2.177756329543377,-1.65370877,1.6369844334574801
3401,0.7421265729135984,2.178756177238533,-1.65371297,1.63698852592684
3402,0.7421265729135984,2.179756177238533,-1.65371716,1.63697560304876
3403,0.7421265729135984,2.1807561772385333,-1.65372134,1.63696270657656
3404,0.7421091205071612,2.18175602493369,-1.65372552,1.63696685266397
3405,0.7421091205071612,2.1827560249336897,-1.65372968,1.63695399759861
3406,0.7421091205071612,2.1837560249336896,-1.65373384,1.6369411667884701
3407,0.7420916681007239,2.184755872628846,-1.65373799,1.63694539447244
3408,0.7420916681007239,2.185755872628846,-1.65374214,1.6369326077881698
3409,0.7420916681007239,2.186755872628846,-1.65374628,1.6369198446810498
3410,0.7420916681007239,2.1877558726288457,-1.65375040,1.6369070926006999
3411,0.7420742156942867,2.1887557203240022,-1.65375453,1.63691140671767
3412,0.7420742156942867,2.189755720324002,-1.65375864,1.63689870986887
3413,0.7420742156942867,2.190755720324002,-1.65376275,1.63688603554517
3414,0.7420567632878494,2.1917555680191585,-1.65376685,1.63689041767722
3415,0.7420567632878494,2.1927555680191584,-1.65377094,1.63687778394796
3416,0.7420567632878494,2.1937555680191583,-1.65377502,1.6368651760477202
3417,0.7420393108814122,2.1947554157143148,-1.65377910,1.63686962403797
3418,0.7420393108814122,2.1957554157143147,-1.65378317,1.63685705941681
3419,0.7420393108814122,2.1967554157143145,-1.65378723,1.6368445173326
3420,0.7420393108814122,2.1977554157143144,-1.65379129,1.63683199583441
3421,0.7420218584749749,2.198755263409471,-1.65379534,1.6368365299938898
3422,0.7420218584749749,2.199755263409471,-1.65379938,1.6368240528050602
3423,0.7420218584749749,2.2007552634094707,-1.65380341,1.6368115975293303
3424,0.7420044060685377,2.201755111104627,-1.65380743,1.63681619605671
3425,0.7420044060685377,2.202755111104627,-1.65381145,1.63680378336349
3426,0.7420044060685377,2.203755111104627,-1.65381546,1.6367913921253
3427,0.7420044060685377,2.204755111104627,-1.65381947,1.6367790230502899
3428,0.7419869536621004,2.205754958799784,-1.65382346,1.63678370637045
3429,0.7419869536621004,2.2067549587997832,-1.65382745,1.6367713790267602
3430,0.7419869536621004,2.207754958799783,-1.65383143,1.63675907344679
3431,0.7419695012556632,2.20875480649494,-1.65383541,1.63676382055267
3432,0.7419695012556632,2.2097548064949395,-1.65383937,1.6367515571984799
3433,0.7419695012556632,2.2107548064949394,-1.65384333,1.63673931530593
3434,0.7419695012556632,2.21175480649494,-1.65384729,1.63672709444604
3435,0.7419520488492259,2.212754654190096,-1.65385123,1.6367319250884398
3436,0.7419520488492259,2.213754654190096,-1.65385517,1.63671974585427
3437,0.7419520488492259,2.2147546541900955,-1.65385910,1.6367075881506499
3438,0.7419520488492259,2.2157546541900954,-1.65386302,1.6366954516238899
3439,0.7419345964427887,2.216754501885252,-1.65386694,1.63670036405087
3440,0.7419345964427887,2.217754501885252,-1.65387085,1.6366882689606999
3441,0.7419345964427887,2.218754501885252,-1.65387475,1.6366761940282202
3442,0.7419171440363515,2.219754349580408,-1.65387865,1.6366811683634501
3443,0.7419171440363515,2.220754349580408,-1.65388254,1.6366691356373
3444,0.7419171440363515,2.221754349580408,-1.65388642,1.63665712313257
3445,0.7419171440363515,2.222754349580408,-1.65389029,1.63664513110349
3446,0.7418996916299142,2.2237541972755643,-1.65389416,1.63665018713819
3447,0.7418996916299142,2.224754197275564,-1.65389802,1.63663823615201
3448,0.7418996916299142,2.225754197275564,-1.65390187,1.63662630601879
3449,0.7418996916299142,2.226754197275564,-1.65390572,1.63661439632564
3450,0.7418996916299142,2.227754197275564,-1.65390956,1.6366025074503998
3451,0.741882239223477,2.2287540449707204,-1.65391339,1.6366076638562999
3452,0.741882239223477,2.2297540449707203,-1.65391721,1.63659581446462
3453,0.741882239223477,2.23075404497072,-1.65392103,1.6365839857783202
3454,0.7418647868170397,2.2317538926658766,-1.65392484,1.63658920189268
3455,0.7418647868170397,2.2327538926658765,-1.65392865,1.6365774129265498
3456,0.7418647868170397,2.2337538926658764,-1.65393245,1.6365656442063499
3457,0.7418647868170397,2.2347538926658763,-1.65393624,1.63655389557966
3458,0.7418473344106025,2.235753740361033,-1.65394002,1.63655919065455
3459,0.7418473344106025,2.2367537403610327,-1.65394380,1.636547481235
3460,0.7418473344106025,2.2377537403610326,-1.65394757,1.63653579189711
3461,0.7418473344106025,2.2387537403610325,-1.65395133,1.63652412238618
3462,0.7418298820041652,2.239753588056189,-1.65395509,1.63652949535501
3463,0.7418298820041652,2.240753588056189,-1.65395884,1.63651786478099
3464,0.7418298820041652,2.2417535880561887,-1.65396258,1.63650625436734
3465,0.741812429597728,2.242753435751345,-1.65396632,1.63651168498463
3466,0.741812429597728,2.243753435751345,-1.65397005,1.63650011268177
3467,0.741812429597728,2.244753435751345,-1.65397377,1.6364885599276802
3468,0.741812429597728,2.245753435751345,-1.65397749,1.6364770265159998
3469,0.741812429597728,2.246753435751345,-1.65398120,1.63646551256026
3470,0.7417949771912907,2.2477532834465013,-1.65398490,1.63647103877022
3471,0.7417949771912907,2.248753283446501,-1.65398860,1.6364595626937701
3472,0.7417949771912907,2.249753283446501,-1.65399229,1.6364481064812901
3473,0.7417949771912907,2.250753283446501,-1.65399598,1.63643666893198
3474,0.7417949771912907,2.251753283446501,-1.65399965,1.63642525010779
3475,0.7417775247848535,2.2527531311416573,-1.65400332,1.63643087005809
3476,0.7417775247848535,2.253753131141657,-1.65400699,1.63641948854292
3477,0.7417775247848535,2.254753131141657,-1.65401065,1.63640812577922
3478,0.7417775247848535,2.255753131141657,-1.65401430,1.63639678179588
3479,0.7417600723784162,2.256752978836813,-1.65401794,1.63640247572344
3480,0.7417600723784162,2.2577529788368134,-1.65402158,1.6363911686617802
3481,0.7417600723784162,2.2587529788368133,-1.65402521,1.63637988036841
3482,0.741742619971979,2.2597528265319697,-1.65402884,1.63638562867098
3483,0.741742619971979,2.2607528265319696,-1.65403246,1.6363743770117
3484,0.741742619971979,2.261752826531969,-1.65403607,1.63636314332981
3485,0.741742619971979,2.2627528265319694,-1.65403968,1.6363519280585201
3486,0.741742619971979,2.2637528265319693,-1.65404328,1.6363407314486
3487,0.7417251675655417,2.264752674227126,-1.65404687,1.63634656946021
3488,0.7417251675655417,2.2657526742271257,-1.65405046,1.63633540870299
3489,0.7417251675655417,2.2667526742271256,-1.65405404,1.63632426553585
3490,0.7417251675655417,2.267752674227125,-1.65405762,1.63631313983858
3491,0.7417077151591045,2.268752521922282,-1.65406119,1.6363190487425001
3492,0.7417077151591045,2.269752521922282,-1.65406475,1.6363079591381702
3493,0.7417077151591045,2.2707525219222817,-1.65406831,1.63629688737355
3494,0.7417077151591045,2.2717525219222816,-1.65407186,1.63628583324701
3495,0.7417077151591045,2.272752521922281,-1.65407540,1.6362747969954898
3496,0.7416902627526673,2.273752369617438,-1.65407894,1.63628079269322
3497,0.7416902627526673,2.274752369617438,-1.65408248,1.63626979063787
3498,0.7416902627526673,2.2757523696174378,-1.65408600,1.63625880626732
3499,0.7416902627526673,2.2767523696174377,-1.65408952,1.6362478388549802
3500,0.74167281034623,2.277752217312594,-1.65409304,1.63625390289286
3501,0.74167281034623,2.278752217312594,-1.65409654,1.63624296965699
3502,0.74167281034623,2.279752217312594,-1.65410005,1.63623205341153
3503,0.74167281034623,2.280752217312594,-1.65410354,1.6362211544457599
3504,0.74167281034623,2.2817522173125937,-1.65410703,1.63621027222099
3505,0.7416553579397928,2.28275206500775,-1.65411052,1.63621641960168
3506,0.7416553579397928,2.28375206500775,-1.65411399,1.6362055703531602
3507,0.7416553579397928,2.28475206500775,-1.65411747,1.63619473766297
3508,0.7416553579397928,2.28575206500775,-1.65412093,1.63618392215048
3509,0.7416379055333555,2.2867519127029063,-1.65412439,1.6361901349635901
3510,0.7416379055333555,2.2877519127029062,-1.65412785,1.6361793520386199
3511,0.7416379055333555,2.288751912702906,-1.65413129,1.6361685855289099
3512,0.7416379055333555,2.289751912702906,-1.65413474,1.6361578354558501
3513,0.7416379055333555,2.290751912702906,-1.65413817,1.6361471016836
3514,0.7416204531269183,2.2917517603980624,-1.65414160,1.63615339510795
3515,0.7416204531269183,2.2927517603980623,-1.65414503,1.6361426937074
3516,0.7416204531269183,2.293751760398062,-1.65414845,1.63613200852414
3517,0.7416204531269183,2.294751760398062,-1.65415186,1.63612134009515
3518,0.7416204531269183,2.295751760398062,-1.65415526,1.63611068716159
3519,0.741603000720481,2.2967516080932184,-1.65415867,1.63611706029871
3520,0.741603000720481,2.2977516080932183,-1.65416206,1.6361064404153902
3521,0.741603000720481,2.298751608093218,-1.65416545,1.63609583632973
3522,0.741603000720481,2.299751608093218,-1.65416883,1.63608524809421
3523,0.741603000720481,2.300751608093218,-1.65417221,1.6360746765614
3524,0.7415855483140438,2.3017514557883745,-1.65417558,1.63608112881684
3525,0.7415855483140438,2.3027514557883744,-1.65417895,1.63607058864644
3526,0.7415855483140438,2.3037514557883743,-1.65418231,1.6360600642802998
3527,0.7415855483140438,2.304751455788374,-1.65418567,1.63604955572143
3528,0.7415680959076065,2.30575130348353,-1.65418902,1.63605607016355
3529,0.7415680959076065,2.3067513034835305,-1.65419236,1.63604559254721
3530,0.7415680959076065,2.3077513034835304,-1.65419570,1.6360351309560799
3531,0.7415680959076065,2.3087513034835303,-1.65419903,1.6360246849790199
3532,0.7415680959076065,2.30975130348353,-1.65420236,1.63601425498948
3533,0.7415680959076065,2.31075130348353,-1.65420568,1.63600383919716
3534,0.7415680959076065,2.31175130348353,-1.65420899,1.6359934396106501
3535,0.7415506435011693,2.3127511511786865,-1.65421230,1.63600006115349
3536,0.7415506435011693,2.3137511511786863,-1.65421560,1.6359896916360301
3537,0.7415506435011693,2.3147511511786862,-1.65421890,1.63597933772499
3538,0.7415506435011693,2.315751151178686,-1.65422219,1.63596899912937
3539,0.7415506435011693,2.316751151178686,-1.65422548,1.63595867474898
3540,0.741533191094732,2.3177509988738425,-1.65422876,1.6359653701022099
3541,0.741533191094732,2.3187509988738424,-1.65423204,1.6359550757041401
3542,0.741533191094732,2.3197509988738423,-1.65423531,1.63594479580391
3543,0.741533191094732,2.320750998873842,-1.65423857,1.63593453012016
3544,0.741533191094732,2.321750998873842,-1.65424183,1.6359242790573099
3545,0.7415157386882948,2.3227508465689986,-1.65424508,1.6359310464746102
3546,0.7415157386882948,2.3237508465689984,-1.65424833,1.6359208249964499
3547,0.7415157386882948,2.3247508465689983,-1.65425157,1.63591061743966
3548,0.7415157386882948,2.325750846568998,-1.65425481,1.63590042420253
3549,0.7415157386882948,2.326750846568998,-1.65425804,1.63589024533782
3550,0.7414982862818575,2.3277506942641546,-1.65426126,1.6358970834042401
3551,0.7414982862818575,2.3287506942641545,-1.65426448,1.6358869324800898
3552,0.7414982862818575,2.3297506942641544,-1.65426770,1.63587679576122
3553,0.7414982862818575,2.3307506942641543,-1.65427091,1.63586667329852
3554,0.7414982862818575,2.331750694264154,-1.65427411,1.63585656464571
3555,0.7414982862818575,2.332750694264154,-1.65427731,1.635846469942
3556,0.7414808338754203,2.3337505419593105,-1.65428050,1.63585338998432
3557,0.7414808338754203,2.3347505419593104,-1.65428369,1.6358433223581101
3558,0.7414808338754203,2.3357505419593103,-1.65428687,1.63583326839328
3559,0.7414808338754203,2.33675054195931,-1.65429004,1.6358232281288
3560,0.7414808338754203,2.33775054195931,-1.65429321,1.6358132017716
3561,0.7414808338754203,2.33875054195931,-1.65429638,1.6358031886706201
3562,0.741463381468983,2.3397503896544665,-1.65429953,1.63581018875387
3563,0.741463381468983,2.3407503896544664,-1.65430269,1.6358002023264002
3564,0.741463381468983,2.3417503896544662,-1.65430584,1.63579022921249
3565,0.741463381468983,2.342750389654466,-1.65430898,1.63578026936207
3566,0.741463381468983,2.343750389654466,-1.65431211,1.63577032244312
3567,0.741463381468983,2.344750389654466,-1.65431525,1.63576038893698
3568,0.7414459290625458,2.3457502373496224,-1.65431837,1.63576746664831
3569,0.7414459290625458,2.3467502373496223,-1.65432149,1.6357575589295998
3570,0.7414459290625458,2.347750237349622,-1.65432461,1.63574766464677
3571,0.7414459290625458,2.348750237349622,-1.65432771,1.6357377833092501
3572,0.7414284766561086,2.3497500850447786,-1.65433082,1.63574491217351
3573,0.7414284766561086,2.3507500850447784,-1.65433392,1.63573505611812
3574,0.7414284766561086,2.3517500850447783,-1.65433701,1.63572521271206
3575,0.7414284766561086,2.3527500850447782,-1.65434010,1.63571538189837
3576,0.7414284766561086,2.353750085044778,-1.65434318,1.6357055640920102
3577,0.7414284766561086,2.354750085044778,-1.65434625,1.63569575907433
3578,0.7414284766561086,2.355750085044778,-1.65434933,1.63568596665157
3579,0.7414110242496713,2.3567499327399344,-1.65435239,1.63569318229271
3580,0.7414110242496713,2.3577499327399343,-1.65435545,1.63568341425492
3581,0.7414110242496713,2.358749932739934,-1.65435851,1.6356736589067
3582,0.7414110242496713,2.359749932739934,-1.65436155,1.63566391602736
3583,0.7414110242496713,2.360749932739934,-1.65436460,1.63565418537276
3584,0.7414110242496713,2.361749932739934,-1.65436764,1.63564446706639
3585,0.7413935718432341,2.3627497804350903,-1.65437067,1.63565175547275
3586,0.7413935718432341,2.36374978043509,-1.65437370,1.63564206163131
3587,0.7413935718432341,2.36474978043509,-1.65437672,1.6356323794329102
3588,0.7413935718432341,2.36574978043509,-1.65437973,1.6356227094696298
3589,0.7413935718432341,2.36674978043509,-1.65438274,1.6356130516521499
3590,0.7413935718432341,2.3677497804350898,-1.65438575,1.6356034062494502
3591,0.7413761194367968,2.3687496281302463,-1.65438875,1.63561076536956
3592,0.7413761194367968,2.369749628130246,-1.65439174,1.63560114348881
3593,0.7413761194367968,2.370749628130246,-1.65439473,1.6355915337214402
3594,0.7413761194367968,2.371749628130246,-1.65439772,1.6355819354405101
3595,0.7413761194367968,2.372749628130246,-1.65440069,1.6355723496222199
3596,0.7413761194367968,2.3737496281302457,-1.65440367,1.6355627757161701
3597,0.7413761194367968,2.3747496281302456,-1.65440663,1.63555321357961
3598,0.7413586670303596,2.375749475825402,-1.65440960,1.63556065523508
3599,0.7413586670303596,2.376749475825402,-1.65441255,1.63555111663937
3600,0.7413586670303596,2.377749475825402,-1.65441550,1.6355415898129801
3601,0.7413586670303596,2.3787494758254017,-1.65441845,1.63553207418652
3602,0.7413586670303596,2.3797494758254016,-1.65442139,1.63552257121342
3603,0.7413586670303596,2.380749475825401,-1.65442432,1.63551307924699
3604,0.7413412146239223,2.381749323520558,-1.65442725,1.63552058949212
3605,0.7413412146239223,2.382749323520558,-1.65443018,1.6355111206376298
3606,0.7413412146239223,2.383749323520558,-1.65443310,1.6355016631490802
3607,0.7413412146239223,2.3847493235205577,-1.65443601,1.6354922180183
3608,0.7413412146239223,2.3857493235205576,-1.65443892,1.6354827839909998
3609,0.7413412146239223,2.386749323520557,-1.65444182,1.63547336137579
3610,0.7413412146239223,2.3877493235205574,-1.65444472,1.63546395036259
3611,0.7413237622174851,2.388749171215714,-1.65444761,1.63547153873979
3612,0.7413237622174851,2.3897491712157137,-1.65445050,1.63546215150041
3613,0.7413237622174851,2.3907491712157136,-1.65445338,1.6354527738833
3614,0.7413237622174851,2.391749171215713,-1.65445626,1.63544340831362
3615,0.7413237622174851,2.3927491712157134,-1.65445913,1.6354340539894001
3616,0.7413237622174851,2.3937491712157133,-1.65446199,1.63542471101542
3617,0.7413063098110478,2.3947490189108698,-1.65446485,1.63543236685704
3618,0.7413063098110478,2.3957490189108697,-1.65446771,1.6354230461777202
3619,0.7413063098110478,2.3967490189108696,-1.65447056,1.63541373666739
3620,0.7413063098110478,2.397749018910869,-1.65447340,1.63540443822572
3621,0.7413063098110478,2.3987490189108693,-1.65447624,1.6353951515586598
3622,0.7413063098110478,2.399749018910869,-1.65447908,1.63538587559342
3623,0.7413063098110478,2.400749018910869,-1.65448190,1.6353766102539398
3624,0.7412888574046106,2.4017488666060256,-1.65448473,1.6353843422365002
3625,0.7412888574046106,2.402748866606025,-1.65448755,1.63537509859948
3626,0.7412888574046106,2.4037488666060254,-1.65449036,1.63536586656355
3627,0.7412888574046106,2.4047488666060253,-1.65449317,1.63535664559847
3628,0.7412888574046106,2.405748866606025,-1.65449597,1.63534743533779
3629,0.7412888574046106,2.406748866606025,-1.65449877,1.63533823594821
3630,0.7412888574046106,2.407748866606025,-1.65450156,1.63532904742939
3631,0.7412888574046106,2.408748866606025,-1.65450435,1.63531986992108
3632,0.7412888574046106,2.4097488666060247,-1.65450713,1.63531070279338
3633,0.7412714049981733,2.410748714301181,-1.65450991,1.63531853022817
3634,0.7412714049981733,2.411748714301181,-1.65451268,1.63530938433663
3635,0.7412714049981733,2.412748714301181,-1.65451545,1.63530024984025
3636,0.7412714049981733,2.413748714301181,-1.65451821,1.63529112579245
3637,0.7412714049981733,2.4147487143011808,-1.65452096,1.6352820121276501
3638,0.7412714049981733,2.4157487143011807,-1.65452371,1.6352729092552298
3639,0.7412714049981733,2.4167487143011805,-1.65452646,1.6352638170879699
3640,0.7412539525917361,2.417748561996337,-1.65452920,1.63527171703076
3641,0.7412539525917361,2.418748561996337,-1.65453194,1.63526264594264
3642,0.7412539525917361,2.419748561996337,-1.65453467,1.63525358499315
3643,0.7412539525917361,2.4207485619963367,-1.65453740,1.63524453446177
3644,0.7412539525917361,2.4217485619963366,-1.65454012,1.63523549396854
3645,0.7412539525917361,2.4227485619963365,-1.65454283,1.63522646389609
3646,0.7412365001852989,2.423748409691493,-1.65454555,1.63523442600073
3647,0.7412365001852989,2.424748409691493,-1.65454825,1.63522541613737
3648,0.7412365001852989,2.4257484096914927,-1.65455095,1.63521641858336
3649,0.7412365001852989,2.4267484096914926,-1.65455365,1.6352074288012002
3650,0.7412365001852989,2.4277484096914925,-1.65455634,1.6351984506588702
3651,0.7412365001852989,2.4287484096914924,-1.65455903,1.63518948108206
3652,0.7412365001852989,2.4297484096914923,-1.65456171,1.6351805232557601
3653,0.7412365001852989,2.430748409691492,-1.65456439,1.6351715763232
3654,0.7412365001852989,2.431748409691492,-1.65456706,1.6351626358625602
3655,0.7412190477788616,2.432748257386649,-1.65456972,1.6351706865811702
3656,0.7412190477788616,2.4337482573866485,-1.65457239,1.63516176812726
3657,0.7412190477788616,2.4347482573866484,-1.65457504,1.63515285996063
3658,0.7412190477788616,2.435748257386648,-1.65457770,1.6351439609688398
3659,0.7412190477788616,2.436748257386648,-1.65458034,1.63513507056154
3660,0.7412190477788616,2.437748257386648,-1.65458299,1.6351261925596998
3661,0.7412190477788616,2.438748257386648,-1.65458562,1.6351173238866599
3662,0.7412015953724244,2.4397481050818044,-1.65458826,1.6351254423659
3663,0.7412015953724244,2.4407481050818043,-1.65459088,1.63511659272852
3664,0.7412015953724244,2.441748105081804,-1.65459351,1.6351077520558701
3665,0.7412015953724244,2.442748105081804,-1.65459613,1.6350989210153601
3666,0.7412015953724244,2.443748105081804,-1.65459874,1.63509009987051
3667,0.7412015953724244,2.444748105081804,-1.65460135,1.6350812880795798
3668,0.7412015953724244,2.445748105081804,-1.65460396,1.6350724864985002
3669,0.7412015953724244,2.446748105081804,-1.65460656,1.63506369414351
3670,0.7412015953724244,2.4477481050818035,-1.65460915,1.63505491205628
3671,0.7411841429659871,2.44874795277696,-1.65461174,1.6350631152198498
3672,0.7411841429659871,2.44974795277696,-1.65461433,1.6350543517790899
3673,0.7411841429659871,2.45074795277696,-1.65461691,1.6350455979948402
3674,0.7411841429659871,2.45174795277696,-1.65461949,1.6350368532722501
3675,0.7411841429659871,2.45274795277696,-1.65462206,1.63502811778402
3676,0.7411841429659871,2.4537479527769595,-1.65462463,1.6350193917809301
3677,0.7411841429659871,2.45474795277696,-1.65462719,1.6350106754085199
3678,0.7411841429659871,2.4557479527769592,-1.65462975,1.6350019679341101
3679,0.7411841429659871,2.456747952776959,-1.65463230,1.6349932701054901
3680,0.7411666905595499,2.457747800472116,-1.65463485,1.63500155522064
3681,0.7411666905595499,2.4587478004721155,-1.65463739,1.63499287526643
3682,0.7411666905595499,2.4597478004721154,-1.65463993,1.63498420593684
3683,0.7411666905595499,2.460747800472116,-1.65464247,1.63497554386101
3684,0.7411666905595499,2.461747800472115,-1.65464500,1.6349668921738
3685,0.7411666905595499,2.462747800472115,-1.65464753,1.6349582486893501
3686,0.7411666905595499,2.463747800472115,-1.65465005,1.6349496151196101
3687,0.7411666905595499,2.464747800472115,-1.65465257,1.63494099078819
3688,0.7411666905595499,2.4657478004721147,-1.65465508,1.6349323756921101
3689,0.7411666905595499,2.4667478004721146,-1.65465759,1.6349237695608698
3690,0.7411492381531126,2.467747648167271,-1.65466009,1.63493214424692
3691,0.7411492381531126,2.468747648167271,-1.65466259,1.63492355599185
3692,0.7411492381531126,2.469747648167271,-1.65466509,1.6349149768962201
3693,0.7411492381531126,2.4707476481672708,-1.65466758,1.6349064066842698
3694,0.7411492381531126,2.4717476481672707,-1.65467007,1.63489784567496
3695,0.7411492381531126,2.4727476481672706,-1.65467255,1.63488929360795
3696,0.7411492381531126,2.4737476481672704,-1.65467503,1.63488075057264
3697,0.7411492381531126,2.4747476481672703,-1.65467750,1.63487221624523
3698,0.7411492381531126,2.47574764816727,-1.65467997,1.63486369075995
3699,0.7411317857466754,2.4767474958624267,-1.65468243,1.6348721442889502
3700,0.7411317857466754,2.4777474958624266,-1.65468489,1.63486363642745
3701,0.7411317857466754,2.4787474958624265,-1.65468735,1.63485513724707
3702,0.7411317857466754,2.4797474958624264,-1.65468980,1.63484664714281
3703,0.7411317857466754,2.4807474958624263,-1.65469225,1.6348381660000402
3704,0.7411317857466754,2.481747495862426,-1.65469469,1.6348296940935199
3705,0.7411317857466754,2.482747495862426,-1.65469713,1.6348212300918499
3706,0.7411317857466754,2.483747495862426,-1.65469956,1.6348127750229002
3707,0.7411317857466754,2.484747495862426,-1.65470199,1.63480432853201
3708,0.7411143333402381,2.4857473435575823,-1.65470442,1.6348128588589101
3709,0.7411143333402381,2.486747343557582,-1.65470684,1.63480442912526
3710,0.7411143333402381,2.487747343557582,-1.65470926,1.63479600803406
3711,0.7411143333402381,2.488747343557582,-1.65471167,1.63478759546393
3712,0.7411143333402381,2.489747343557582,-1.65471408,1.63477919121525
3713,0.7411143333402381,2.4907473435575818,-1.65471648,1.6347707960817601
3714,0.7411143333402381,2.4917473435575817,-1.65471888,1.63476240878735
3715,0.7411143333402381,2.492747343557581,-1.65472128,1.63475402986872
3716,0.7411143333402381,2.493747343557581,-1.65472367,1.63474565903242
3717,0.7411143333402381,2.4947473435575813,-1.65472606,1.6347372970832201
3718,0.7410968809338009,2.495747191252738,-1.65472844,1.63474590959837
3719,0.7410968809338009,2.4967471912527377,-1.65473082,1.6347375639433899
3720,0.7410968809338009,2.4977471912527376,-1.65473320,1.63472922644194
3721,0.7410968809338009,2.498747191252737,-1.65473557,1.63472089761034
3722,0.7410968809338009,2.4997471912527374,-1.65473793,1.63471257650829
3723,0.7410968809338009,2.5007471912527373,-1.65474030,1.63470426421984
3724,0.7410968809338009,2.501747191252737,-1.65474265,1.63469595988042
3725,0.7410968809338009,2.502747191252737,-1.65474501,1.6346876639399701
3726,0.7410968809338009,2.503747191252737,-1.65474736,1.63467937632736
3727,0.7410968809338009,2.504747191252737,-1.65474970,1.6346710971591
3728,0.7410968809338009,2.5057471912527367,-1.65475205,1.63466282609353
3729,0.7410794285273636,2.506747038947893,-1.65475438,1.6346715272149401
3730,0.7410794285273636,2.507747038947893,-1.65475672,1.63466327225132
3731,0.7410794285273636,2.508747038947893,-1.65475905,1.6346550253684802
3732,0.7410794285273636,2.509747038947893,-1.65476137,1.63464678750696
3733,0.7410794285273636,2.5107470389478928,-1.65476369,1.63463855714049
3734,0.7410794285273636,2.5117470389478926,-1.65476601,1.63463033542698
3735,0.7410794285273636,2.5127470389478925,-1.65476832,1.6346221217410801
3736,0.7410794285273636,2.5137470389478924,-1.65477063,1.63461391641779
3737,0.7410794285273636,2.5147470389478923,-1.65477294,1.63460571922587
3738,0.7410619761209264,2.515746886643049,-1.65477524,1.63461372623923
3739,0.7410619761209264,2.5167468866430487,-1.65477753,1.63460554750303
3740,0.7410619761209264,2.517746886643049,-1.65477983,1.63459737767404
3741,0.7410619761209264,2.5187468866430485,-1.65478212,1.63458921535703
3742,0.7410619761209264,2.5197468866430484,-1.65478440,1.63458106095764
3743,0.7410619761209264,2.520746886643048,-1.65478668,1.63457291472234
3744,0.7410619761209264,2.521746886643048,-1.65478896,1.63456477659519
3745,0.7410619761209264,2.522746886643048,-1.65479123,1.6345566464097399
3746,0.7410619761209264,2.523746886643048,-1.65479350,1.6345485240992899
3747,0.7410619761209264,2.524746886643048,-1.65479576,1.6345404104109997
3748,0.7410619761209264,2.525746886643048,-1.65479802,1.63453230359285
3749,0.7410619761209264,2.526746886643048,-1.65480028,1.63452420618934
3750,0.7410445237144891,2.527746734338204,-1.65480253,1.63453307633565
3751,0.7410445237144891,2.528746734338204,-1.65480478,1.63452499378406
3752,0.7410445237144891,2.529746734338204,-1.65480702,1.63451691915941
3753,0.7410445237144891,2.530746734338204,-1.65480926,1.63450885273206
3754,0.7410445237144891,2.531746734338204,-1.65481150,1.63450079361523
3755,0.7410445237144891,2.5327467343382035,-1.65481373,1.63449274325747
3756,0.7410445237144891,2.5337467343382034,-1.65481596,1.63448470006766
3757,0.7410445237144891,2.534746734338204,-1.65481819,1.63447666484975
3758,0.7410445237144891,2.535746734338203,-1.65482041,1.63446863759776
3759,0.7410445237144891,2.536746734338203,-1.65482262,1.63446061730224
3760,0.7410445237144891,2.537746734338203,-1.65482483,1.6344526048661199
3761,0.7410445237144891,2.538746734338203,-1.65482704,1.63444459980831
3762,0.7410445237144891,2.5397467343382027,-1.65482925,1.63443660278596
3763,0.7410270713080519,2.5407465820333592,-1.65483145,1.63444557044048
3764,0.7410270713080519,2.541746582033359,-1.65483364,1.6344375874537702
3765,0.7410270713080519,2.542746582033359,-1.65483584,1.63442961214749
3766,0.7410270713080519,2.543746582033359,-1.65483802,1.63442164322935
3767,0.7410270713080519,2.544746582033359,-1.65484021,1.6344136817976902
3768,0.7410270713080519,2.5457465820333587,-1.65484239,1.63440572738191
3769,0.7410270713080519,2.5467465820333586,-1.65484456,1.63439778010132
3770,0.7410270713080519,2.5477465820333585,-1.65484674,1.6343898404680401
3771,0.7410270713080519,2.5487465820333584,-1.65484890,1.6343819072730599
3772,0.7410270713080519,2.5497465820333582,-1.65485107,1.6343739819479501
3773,0.7410270713080519,2.550746582033358,-1.65485323,1.63436606307895
3774,0.7410270713080519,2.551746582033358,-1.65485538,1.6343581514109498
3775,0.7410270713080519,2.552746582033358,-1.65485754,1.63435024767101
3776,0.7410096189016147,2.5537464297285144,-1.65485968,1.6343593071061702
3777,0.7410096189016147,2.5547464297285143,-1.65486183,1.63435141762593
3778,0.7410096189016147,2.555746429728514,-1.65486397,1.634343536183
3779,0.7410096189016147,2.556746429728514,-1.65486610,1.63433566074402
3780,0.7410096189016147,2.557746429728514,-1.65486824,1.63432779302576
3781,0.7410096189016147,2.558746429728514,-1.65487036,1.6343199334087002
3782,0.7410096189016147,2.5597464297285137,-1.65487249,1.6343120818839099
3783,0.7410096189016147,2.5607464297285136,-1.65487461,1.63430423650665
3784,0.7410096189016147,2.561746429728513,-1.65487672,1.63429639901462
3785,0.7410096189016147,2.5627464297285134,-1.65487884,1.63428856842435
3786,0.7410096189016147,2.5637464297285133,-1.65488094,1.63428074486572
3787,0.7409921664951774,2.56474627742367,-1.65488305,1.6342898827894299
3788,0.7409921664951774,2.5657462774236697,-1.65488515,1.63428207476217
3789,0.7409921664951774,2.5667462774236696,-1.65488724,1.6342742726214001
3790,0.7409921664951774,2.567746277423669,-1.65488933,1.63426647741173
3791,0.7409921664951774,2.5687462774236693,-1.65489142,1.63425868953807
3792,0.7409921664951774,2.569746277423669,-1.65489351,1.63425090908452
3793,0.7409921664951774,2.570746277423669,-1.65489559,1.6342431355054199
3794,0.7409921664951774,2.571746277423669,-1.65489766,1.63423536892956
3795,0.7409921664951774,2.572746277423669,-1.65489973,1.63422761011794
3796,0.7409921664951774,2.573746277423669,-1.65490180,1.6342198583535898
3797,0.7409921664951774,2.5747462774236687,-1.65490386,1.63421211370477
3798,0.7409921664951774,2.575746277423669,-1.65490592,1.63420437594226
3799,0.7409921664951774,2.5767462774236685,-1.65490798,1.63419664522091
3800,0.7409921664951774,2.5777462774236684,-1.65491003,1.63418892153634
3801,0.7409921664951774,2.578746277423668,-1.65491208,1.63418120436231
3802,0.7409921664951774,2.579746277423668,-1.65491412,1.63417349446536
3803,0.7409921664951774,2.580746277423668,-1.65491616,1.6341657911685301
3804,0.7409921664951774,2.581746277423668,-1.65491820,1.6341580952005499
3805,0.7409747140887402,2.5827461251188244,-1.65492023,1.6341673570580402
3806,0.7409747140887402,2.5837461251188243,-1.65492226,1.63415967444614
3807,0.7409747140887402,2.584746125118824,-1.65492428,1.6341519988826598
3808,0.7409747140887402,2.585746125118824,-1.65492630,1.63414433025872
3809,0.7409747140887402,2.586746125118824,-1.65492831,1.63413666859898
3810,0.7409747140887402,2.587746125118824,-1.65493033,1.63412901389579
3811,0.7409747140887402,2.588746125118824,-1.65493233,1.6341213662044498
3812,0.7409747140887402,2.589746125118824,-1.65493434,1.63411372510121
3813,0.7409747140887402,2.5907461251188235,-1.65493634,1.63410609065502
3814,0.7409747140887402,2.5917461251188234,-1.65493833,1.63409846364811
3815,0.7409747140887402,2.592746125118824,-1.65494032,1.63409084324423
3816,0.7409747140887402,2.593746125118823,-1.65494231,1.63408323027801
3817,0.7409747140887402,2.594746125118823,-1.65494429,1.6340756238938798
3818,0.7409572616823029,2.59574597281398,-1.65494627,1.63408497273447
3819,0.7409572616823029,2.5967459728139795,-1.65494825,1.63407737956118
3820,0.7409572616823029,2.59774597281398,-1.65495022,1.63406979409246
3821,0.7409572616823029,2.5987459728139792,-1.65495219,1.6340622158846099
3822,0.7409572616823029,2.599745972813979,-1.65495415,1.63405464529747
3823,0.7409572616823029,2.600745972813979,-1.65495611,1.6340470812716101
3824,0.7409572616823029,2.601745972813979,-1.65495807,1.63403952454857
3825,0.7409572616823029,2.602745972813979,-1.65496002,1.63403197497479
3826,0.7409572616823029,2.6037459728139787,-1.65496196,1.63402443282081
3827,0.7409572616823029,2.6047459728139786,-1.65496391,1.6340168976873999
3828,0.7409572616823029,2.6057459728139785,-1.65496585,1.63400936985093
3829,0.7409572616823029,2.6067459728139784,-1.65496778,1.63400184928828
3830,0.7409572616823029,2.6077459728139782,-1.65496972,1.633994335559
3831,0.7409572616823029,2.608745972813978,-1.65497164,1.63398682834479
3832,0.7409572616823029,2.609745972813978,-1.65497357,1.63397933093694
3833,0.7409572616823029,2.610745972813978,-1.65497549,1.63397183723507
3834,0.7409572616823029,2.611745972813978,-1.65497740,1.63396435211517
3835,0.7409398092758657,2.6127458205091343,-1.65497932,1.63397381951919
3836,0.7409398092758657,2.613745820509134,-1.65498122,1.63396634814172
3837,0.7409398092758657,2.614745820509134,-1.65498313,1.63395888326306
3838,0.7409398092758657,2.615745820509134,-1.65498503,1.63395142589406
3839,0.7409398092758657,2.616745820509134,-1.65498693,1.6339439754369902
3840,0.7409398092758657,2.6177458205091337,-1.65498882,1.63393653174432
3841,0.7409398092758657,2.6187458205091336,-1.65499071,1.63392909564977
3842,0.7409398092758657,2.619745820509133,-1.65499259,1.63392166497511
3843,0.7409398092758657,2.6207458205091334,-1.65499447,1.63391424215269
3844,0.7409398092758657,2.6217458205091333,-1.65499635,1.63390682654477
3845,0.7409398092758657,2.622745820509133,-1.65499823,1.6338994180587
3846,0.7409398092758657,2.623745820509133,-1.65500009,1.63389201700214
3847,0.7409398092758657,2.624745820509133,-1.65500196,1.63388462300161
3848,0.7409398092758657,2.625745820509133,-1.65500382,1.6338772362862901
3849,0.7409398092758657,2.6267458205091327,-1.65500568,1.63386985657427
3850,0.7409398092758657,2.6277458205091326,-1.65500754,1.63386248441311
3851,0.7409398092758657,2.6287458205091325,-1.65500939,1.6338551197224898
3852,0.7409398092758657,2.6297458205091324,-1.65501123,1.6338477621363101
3853,0.7409223568694284,2.630745668204289,-1.65501308,1.63385735441251
3854,0.7409223568694284,2.631745668204289,-1.65501491,1.63385001098519
3855,0.7409223568694284,2.6327456682042887,-1.65501675,1.63384267425714
3856,0.7409223568694284,2.633745668204289,-1.65501858,1.6338353446862
3857,0.7409223568694284,2.6347456682042885,-1.65502041,1.63382802217279
3858,0.7409223568694284,2.6357456682042884,-1.65502223,1.6338207057832501
3859,0.7409223568694284,2.636745668204288,-1.65502405,1.63381339655316
3860,0.7409223568694284,2.637745668204288,-1.65502587,1.63380609391575
3861,0.7409223568694284,2.638745668204288,-1.65502768,1.6337987981267201
3862,0.7409223568694284,2.639745668204288,-1.65502949,1.63379150958895
3863,0.7409223568694284,2.640745668204288,-1.65503130,1.6337842276088899
3864,0.7409223568694284,2.641745668204288,-1.65503310,1.63377695207267
3865,0.7409223568694284,2.642745668204288,-1.65503490,1.63376968358652
3866,0.7409223568694284,2.6437456682042875,-1.65503669,1.63376242200136
3867,0.7409223568694284,2.644745668204288,-1.65503848,1.63375516703861
3868,0.7409223568694284,2.6457456682042872,-1.65504027,1.63374791937952
3869,0.7409223568694284,2.646745668204287,-1.65504205,1.63374067913576
3870,0.7409223568694284,2.647745668204287,-1.65504383,1.63373344539526
3871,0.7409223568694284,2.648745668204287,-1.65504560,1.6337262181830101
3872,0.7409049044629912,2.6497455158994434,-1.65504738,1.6337359381590502
3873,0.7409049044629912,2.650745515899444,-1.65504915,1.6337287246849899
3874,0.7409049044629912,2.651745515899443,-1.65505091,1.63372151678451
3875,0.7409049044629912,2.652745515899443,-1.65505267,1.63371431559192
3876,0.7409049044629912,2.653745515899443,-1.65505443,1.63370702155109
3877,0.7409049044629912,2.654745515899443,-1.65505618,1.6336999331262598
3878,0.7409049044629912,2.6557455158994427,-1.65505793,1.63369275279959
3879,0.7409049044629912,2.656745515899442,-1.65505968,1.6336855792785698
3880,0.7409049044629912,2.6577455158994425,-1.65506142,1.63367841283506
3881,0.7409049044629912,2.6587455158994424,-1.65506316,1.63367125262595
3882,0.7409049044629912,2.6597455158994423,-1.65506490,1.63366410068633
3883,0.7409049044629912,2.660745515899442,-1.65506663,1.63365695676723
3884,0.7409049044629912,2.661745515899442,-1.65506836,1.6336498190129802
3885,0.7409049044629912,2.662745515899442,-1.65507008,1.63364268666971
3886,0.7409049044629912,2.663745515899442,-1.65507181,1.63363556262889
3887,0.7409049044629912,2.6647455158994418,-1.65507352,1.6336284446444402
3888,0.7409049044629912,2.6657455158994416,-1.65507524,1.6336213333954501
3889,0.7409049044629912,2.666745515899441,-1.65507695,1.63361422821158
3890,0.7409049044629912,2.6677455158994414,-1.65507866,1.63360712982541
3891,0.7408874520565539,2.668745363594598,-1.65508036,1.63361697555833
3892,0.7408874520565539,2.669745363594598,-1.65508206,1.6336098901754
3893,0.7408874520565539,2.6707453635945977,-1.65508376,1.6336028119253099
3894,0.7408874520565539,2.6717453635945976,-1.65508545,1.6335957407419701
3895,0.7408874520565539,2.672745363594597,-1.65508714,1.6335886767555001
3896,0.7408874520565539,2.6737453635945974,-1.65508883,1.63358161989154
3897,0.7408874520565539,2.674745363594597,-1.65509052,1.63357457053546
3898,0.7408874520565539,2.675745363594597,-1.65509220,1.6335675286141598
3899,0.7408874520565539,2.676745363594597,-1.65509387,1.63356049449555
3900,0.7408874520565539,2.677745363594597,-1.65509555,1.6335534680178299
3901,0.7408874520565539,2.678745363594597,-1.65509722,1.63354644917899
3902,0.7408874520565539,2.6797453635945967,-1.65509888,1.63353943815154
3903,0.7408874520565539,2.6807453635945966,-1.65510055,1.6335324348575702
3904,0.7408874520565539,2.6817453635945965,-1.65510220,1.63352543891068
3905,0.7408874520565539,2.6827453635945964,-1.65510386,1.6335184511543699
3906,0.7408874520565539,2.6837453635945963,-1.65510551,1.6335114703381
3907,0.7408874520565539,2.684745363594596,-1.65510716,1.63350449723907
3908,0.7408874520565539,2.685745363594596,-1.65510881,1.6334975315492102
3909,0.7408874520565539,2.686745363594596,-1.65511045,1.63349057251362
3910,0.7408874520565539,2.687745363594596,-1.65511209,1.6334836212778
3911,0.7408874520565539,2.688745363594596,-1.65511373,1.63347667798398
3912,0.7408874520565539,2.689745363594596,-1.65511536,1.63346973996146
3913,0.7408699996501167,2.690745211289752,-1.65511699,1.6334797441997702
3914,0.7408699996501167,2.691745211289752,-1.65511862,1.6334728208249398
3915,0.7408699996501167,2.692745211289752,-1.65512024,1.63346590440745
3916,0.7408699996501167,2.693745211289752,-1.65512186,1.63345899545666
3917,0.7408699996501167,2.694745211289752,-1.65512348,1.6334520932592902
3918,0.7408699996501167,2.6957452112897515,-1.65512509,1.6334451977799698
3919,0.7408699996501167,2.6967452112897514,-1.65512670,1.63343830945249
3920,0.7408699996501167,2.697745211289752,-1.65512831,1.63343142900092
3921,0.7408699996501167,2.698745211289751,-1.65512991,1.6334245552328999
3922,0.7408699996501167,2.699745211289751,-1.65513151,1.63341768955781
3923,0.7408699996501167,2.700745211289751,-1.65513311,1.6334108310209898
3924,0.7408699996501167,2.701745211289751,-1.65513470,1.63340397977483
3925,0.7408699996501167,2.7027452112897508,-1.65513629,1.63339713594201
3926,0.7408699996501167,2.70374521128975,-1.65513788,1.63339030015185
3927,0.7408699996501167,2.7047452112897505,-1.65513947,1.6333834732780401
3928,0.7408699996501167,2.7057452112897504,-1.65514105,1.6333766520179398
3929,0.7408699996501167,2.7067452112897503,-1.65514263,1.6333698384995399
3930,0.7408699996501167,2.70774521128975,-1.65514420,1.63336303216698
3931,0.7408699996501167,2.70874521128975,-1.65514577,1.63335623324609
3932,0.7408699996501167,2.70974521128975,-1.65514734,1.63334944258704
3933,0.7408699996501167,2.71074521128975,-1.65514890,1.6333426577849401
3934,0.7408699996501167,2.7117452112897498,-1.65515047,1.63333588122843
3935,0.7408699996501167,2.7127452112897497,-1.65515202,1.6333291125475902
3936,0.7408699996501167,2.713745211289749,-1.65515358,1.63332235113579
3937,0.7408699996501167,2.714745211289749,-1.65515513,1.6333155975195899
3938,0.7408699996501167,2.7157452112897493,-1.65515668,1.6333088486924399
3939,0.7408699996501167,2.716745211289749,-1.65515823,1.63330211032275
3940,0.7408699996501167,2.717745211289749,-1.65515977,1.6332953784448498
3941,0.7408699996501167,2.718745211289749,-1.65516131,1.6332886533610398
3942,0.7408525472436794,2.719745058984905,-1.65516285,1.6332988676100402
3943,0.7408525472436794,2.7207450589849054,-1.65516438,1.63329215759506
3944,0.7408525472436794,2.7217450589849053,-1.65516591,1.6332854539448998
3945,0.7408525472436794,2.722745058984905,-1.65516744,1.6332787578443
3946,0.7408525472436794,2.723745058984905,-1.65516896,1.6332720682397799
3947,0.7408525472436794,2.724745058984905,-1.65517048,1.63326538619806
3948,0.7408525472436794,2.725745058984905,-1.65517200,1.63325871052639
3949,0.7408525472436794,2.7267450589849047,-1.65517351,1.63325204296202
3950,0.7408525472436794,2.7277450589849046,-1.65517502,1.63324538317845
3951,0.7408525472436794,2.7287450589849045,-1.65517653,1.63323872809955
3952,0.7408525472436794,2.7297450589849044,-1.65517804,1.63323208285044
3953,0.7408525472436794,2.7307450589849043,-1.65517954,1.63322544293261
3954,0.7408525472436794,2.731745058984904,-1.65518104,1.6332188073835998
3955,0.7408525472436794,2.732745058984904,-1.65518254,1.6332121811387
3956,0.7408525472436794,2.733745058984904,-1.65518403,1.6332055610424
3957,0.7408525472436794,2.734745058984904,-1.65518552,1.6331989495282202
3958,0.7408525472436794,2.735745058984904,-1.65518701,1.6331923429805202
3959,0.7408525472436794,2.736745058984904,-1.65518849,1.63318574522687
3960,0.7408525472436794,2.7377450589849035,-1.65518997,1.6331791530522102
3961,0.7408525472436794,2.7387450589849034,-1.65519145,1.63317256708303
3962,0.7408525472436794,2.739745058984904,-1.65519292,1.6331659895547799
3963,0.7408525472436794,2.740745058984903,-1.65519439,1.6331594156495202
3964,0.7408525472436794,2.741745058984903,-1.65519586,1.63315284818786
3965,0.7408525472436794,2.742745058984903,-1.65519733,1.63314628818126
3966,0.7408525472436794,2.743745058984903,-1.65519879,1.63313973135994
3967,0.7408525472436794,2.7447450589849027,-1.65520025,1.63313318585613
3968,0.7408525472436794,2.7457450589849026,-1.65520171,1.63312664579438
3969,0.7408525472436794,2.7467450589849025,-1.65520316,1.6331201137651399
3970,0.7408525472436794,2.7477450589849024,-1.65520461,1.6331135886059402
3971,0.7408525472436794,2.7487450589849023,-1.65520606,1.63310707309932
3972,0.7408525472436794,2.749745058984902,-1.65520750,1.63310056750028
3973,0.7408525472436794,2.750745058984902,-1.65520895,1.63309406993448
3974,0.7408525472436794,2.751745058984902,-1.65521038,1.63308758324957
3975,0.7408350948372422,2.7527449066800584,-1.65521182,1.63309803342088
3976,0.7408350948372422,2.7537449066800583,-1.65521325,1.6330915655945801
3977,0.7408350948372422,2.7547449066800582,-1.65521468,1.6330851066346899
3978,0.7408350948372422,2.755744906680058,-1.65521611,1.6330786576151999
3979,0.7408350948372422,2.756744906680058,-1.65521753,1.63307221647671
3980,0.7408350948372422,2.757744906680058,-1.65521895,1.6330657857255302
3981,0.7408350948372422,2.758744906680058,-1.65522037,1.6330593615025801
3982,0.7408350948372422,2.7597449066800577,-1.65522179,1.63305294434777
3983,0.7408350948372422,2.7607449066800576,-1.65522320,1.63304653609597
3984,0.7408350948372422,2.761744906680057,-1.65522461,1.63304013484321
3985,0.7408350948372422,2.7627449066800573,-1.65522601,1.6330337411293798
3986,0.7408350948372422,2.763744906680057,-1.65522742,1.63302764235347
3987,0.7408350948372422,2.764744906680057,-1.65522882,1.6330209725948601
3988,0.7408350948372422,2.765744906680057,-1.65523021,1.6330145998984302
3989,0.7408350948372422,2.766744906680057,-1.65523161,1.63300823264056
3990,0.7408350948372422,2.767744906680057,-1.65523300,1.63300187337939
3991,0.7408350948372422,2.7687449066800567,-1.65523439,1.63299552243751
3992,0.7408350948372422,2.769744906680057,-1.65523577,1.63298917950272
3993,0.7408350948372422,2.7707449066800565,-1.65523715,1.63298284481075
3994,0.7408350948372422,2.7717449066800564,-1.65523853,1.6329765182780798
3995,0.7408350948372422,2.772744906680056,-1.65523991,1.63297020075134
3996,0.7408350948372422,2.773744906680056,-1.65524128,1.6329638902943802
3997,0.7408350948372422,2.774744906680056,-1.65524265,1.63295758712489
3998,0.7408350948372422,2.775744906680056,-1.65524402,1.63295129100917
3999,0.7408350948372422,2.776744906680056,-1.65524538,1.6329450002287
4000,0.7408350948372422,2.777744906680056,-1.65524674,1.63293871680261
4001,0.7408350948372422,2.778744906680056,-1.65524810,1.6329324385697
4002,0.7408350948372422,2.7797449066800555,-1.65524946,1.6329261671997202
4003,0.7408350948372422,2.780744906680056,-1.65525081,1.63291990461273
4004,0.7408350948372422,2.781744906680056,-1.65525216,1.6329136485148599
4005,0.7408350948372422,2.782744906680055,-1.65525350,1.6329074000601
4006,0.7408350948372422,2.783744906680055,-1.65525485,1.63290116022945
4007,0.7408350948372422,2.784744906680055,-1.65525619,1.63289492769356
4008,0.740817642430805,2.7857447543752114,-1.65525752,1.63290562676163
4009,0.740817642430805,2.786744754375212,-1.65525886,1.6328994114032
4010,0.740817642430805,2.787744754375211,-1.65526019,1.63289320461841
4011,0.740817642430805,2.788744754375211,-1.65526152,1.632887004923
4012,0.740817642430805,2.789744754375211,-1.65526284,1.63288081112394
4013,0.740817642430805,2.790744754375211,-1.65526416,1.63287462714186
4014,0.740817642430805,2.7917447543752107,-1.65526548,1.6328684502256001
4015,0.740817642430805,2.79274475437521,-1.65526680,1.6328622795863499
4016,0.740817642430805,2.7937447543752105,-1.65526811,1.63285611615093
4017,0.740817642430805,2.7947447543752104,-1.65526942,1.63284995876575
4018,0.740817642430805,2.7957447543752103,-1.65527073,1.63284380942734
4019,0.740817642430805,2.79674475437521,-1.65527203,1.63283766616021
4020,0.740817642430805,2.79774475437521,-1.65527333,1.63283152944348
4021,0.740817642430805,2.79874475437521,-1.65527463,1.6328253994335
4022,0.740817642430805,2.79974475437521,-1.65527592,1.63281927698358
4023,0.740817642430805,2.8007447543752098,-1.65527721,1.63281316190523
4024,0.740817642430805,2.8017447543752096,-1.65527850,1.6328070526911
4025,0.740817642430805,2.802744754375209,-1.65527979,1.63280095088524
4026,0.740817642430805,2.803744754375209,-1.65528107,1.63279485742297
4027,0.740817642430805,2.8047447543752093,-1.65528235,1.63278877036989
4028,0.740817642430805,2.805744754375209,-1.65528363,1.63278269038784
4029,0.740817642430805,2.806744754375209,-1.65528490,1.6327766173223202
4030,0.740817642430805,2.807744754375209,-1.65528617,1.63277054967668
4031,0.740817642430805,2.808744754375209,-1.65528744,1.6327644886830601
4032,0.740817642430805,2.8097447543752088,-1.65528870,1.63275843398108
4033,0.740817642430805,2.8107447543752087,-1.65528996,1.63275238452043
4034,0.740817642430805,2.8117447543752085,-1.65529122,1.6327463415341699
4035,0.740817642430805,2.8127447543752084,-1.65529248,1.63274030558838
4036,0.740817642430805,2.8137447543752083,-1.65529373,1.6327342744710198
4037,0.740817642430805,2.814744754375208,-1.65529498,1.63272825147114
4038,0.740817642430805,2.815744754375208,-1.65529623,1.63272223865742
4039,0.740817642430805,2.816744754375208,-1.65529747,1.6327162375799302
4040,0.740817642430805,2.817744754375208,-1.65529871,1.63271024477521
4041,0.740817642430805,2.818744754375208,-1.65529995,1.63270426649582
4042,0.740817642430805,2.819744754375208,-1.65530118,1.6326982992537702
4043,0.740817642430805,2.820744754375208,-1.65530241,1.63269234066611
4044,0.740817642430805,2.8217447543752074,-1.65530364,1.63268638750284
4045,0.740817642430805,2.822744754375208,-1.65530487,1.63268043962935
4046,0.740817642430805,2.8237447543752072,-1.65530609,1.63267449386808
4047,0.740817642430805,2.824744754375207,-1.65530731,1.6326685460198398
4048,0.740817642430805,2.825744754375207,-1.65530853,1.6326625971677702
4049,0.740817642430805,2.826744754375207,-1.65530974,1.6326566467938002
4050,0.740817642430805,2.827744754375207,-1.65531095,1.6326507012296299
4051,0.740817642430805,2.8287447543752067,-1.65531216,1.63264476009676
4052,0.740817642430805,2.8297447543752066,-1.65531336,1.6326388284299203
4053,0.7408001900243677,2.830744602070363,-1.65531457,1.6326498259985498
4054,0.7408001900243677,2.831744602070363,-1.65531577,1.6326439173004599
4055,0.7408001900243677,2.832744602070363,-1.65531696,1.6326380192758703
4056,0.7408001900243677,2.8337446020703627,-1.65531815,1.6326321297669901
4057,0.7408001900243677,2.8347446020703626,-1.65531935,1.6326262490481
4058,0.7408001900243677,2.8357446020703625,-1.65532053,1.63262037551447
4059,0.7408001900243677,2.8367446020703624,-1.65532172,1.63261450835535
4060,0.7408001900243677,2.8377446020703623,-1.65532290,1.63260864450187
4061,0.7408001900243677,2.838744602070362,-1.65532408,1.6326027964780598
4062,0.7408001900243677,2.839744602070362,-1.65532525,1.63259695123728
4063,0.7408001900243677,2.840744602070362,-1.65532643,1.63259111128635
4064,0.7408001900243677,2.841744602070362,-1.65532760,1.63258527737844
4065,0.7408001900243677,2.8427446020703617,-1.65532876,1.63257944959248
4066,0.7408001900243677,2.8437446020703616,-1.65532993,1.63257362765007
4067,0.7408001900243677,2.844744602070361,-1.65533109,1.632567813606
4068,0.7408001900243677,2.8457446020703614,-1.65533225,1.6325620063233202
4069,0.7408001900243677,2.8467446020703613,-1.65533340,1.63255620634418
4070,0.7408001900243677,2.847744602070361,-1.65533455,1.6325504123243801
4071,0.7408001900243677,2.848744602070361,-1.65533570,1.6325446272591901
4072,0.7408001900243677,2.849744602070361,-1.65533685,1.63253884778737
4073,0.7408001900243677,2.850744602070361,-1.65533799,1.63253307549549
4074,0.7408001900243677,2.8517446020703607,-1.65533914,1.63252731056597
4075,0.7408001900243677,2.8527446020703606,-1.65534027,1.63252155296484
4076,0.7408001900243677,2.8537446020703605,-1.65534141,1.63251580248272
4077,0.7408001900243677,2.8547446020703604,-1.65534254,1.63251005799727
4078,0.7408001900243677,2.8557446020703603,-1.65534367,1.63250432211042
4079,0.7408001900243677,2.85674460207036,-1.65534480,1.63249859235445
4080,0.7408001900243677,2.85774460207036,-1.65534592,1.63249287013734
4081,0.7408001900243677,2.85874460207036,-1.65534704,1.6324871547258402
4082,0.7408001900243677,2.85974460207036,-1.65534816,1.63248144573654
4083,0.7408001900243677,2.86074460207036,-1.65534928,1.63247344921045
4084,0.7408001900243677,2.86174460207036,-1.65535039,1.6324677539966501
4085,0.7408001900243677,2.8627446020703595,-1.65535150,1.6324620641686
4086,0.7408001900243677,2.8637446020703594,-1.65535261,1.6324563820257998
4087,0.7408001900243677,2.86474460207036,-1.65535371,1.6324507077670498
4088,0.7408001900243677,2.865744602070359,-1.65535481,1.6324450406416
4089,0.7408001900243677,2.866744602070359,-1.65535591,1.63243938094274
4090,0.7408001900243677,2.867744602070359,-1.65535701,1.6324337277421899
4091,0.7408001900243677,2.868744602070359,-1.65535810,1.63242808091902
4092,0.7408001900243677,2.8697446020703588,-1.65535919,1.6324224406981398
4093,0.7408001900243677,2.870744602070358,-1.65536028,1.63241680603804
4094,0.7408001900243677,2.8717446020703585,-1.65536137,1.63241117672454
4095,0.7408001900243677,2.8727446020703584,-1.65536245,1.63240786339298
4096,0.7408001900243677,2.8737446020703583,-1.65536353,1.6324022485758998
4097,0.7408001900243677,2.874744602070358,-1.65536461,1.63239663924078
4098,0.7408001900243677,2.875744602070358,-1.65536568,1.63239103582181
4099,0.7408001900243677,2.876744602070358,-1.65536675,1.63238543943688
4100,0.7408001900243677,2.877744602070358,-1.65536782,1.63237985206576
4101,0.7408001900243677,2.8787446020703578,-1.65536889,1.63237427301274
4102,0.7408001900243677,2.8797446020703577,-1.65536995,1.63236870049219
4103,0.7408001900243677,2.880744602070357,-1.65537101,1.63236313325598
4104,0.7408001900243677,2.881744602070357,-1.65537207,1.63235757021229
4105,0.7408001900243677,2.8827446020703573,-1.65537313,1.63235201316853
4106,0.7408001900243677,2.883744602070357,-1.65537418,1.63234646234408
4107,0.7408001900243677,2.884744602070357,-1.65537523,1.6323409196591498
4108,0.7407827376179305,2.8857444497655136,-1.65537628,1.63235230069324
4109,0.7407827376179305,2.886744449765513,-1.65537732,1.6323467795055002
4110,0.7407827376179305,2.8877444497655134,-1.65537836,1.63234126603735
4111,0.7407827376179305,2.8887444497655133,-1.65537940,1.6323357610657498
4112,0.7407827376179305,2.889744449765513,-1.65538044,1.63233026570829
4113,0.7407827376179305,2.890744449765513,-1.65538148,1.63232477591622
4114,0.7407827376179305,2.891744449765513,-1.65538251,1.63231929377173
4115,0.7407827376179305,2.892744449765513,-1.65538354,1.63231381881707
4116,0.7407827376179305,2.8937444497655127,-1.65538456,1.63230834875613
4117,0.7407827376179305,2.8947444497655126,-1.65538559,1.6323028846959602
4118,0.7407827376179305,2.8957444497655125,-1.65538661,1.6322974248545399
4119,0.7407827376179305,2.8967444497655124,-1.65538763,1.63229197184595
4120,0.7407827376179305,2.8977444497655123,-1.65538865,1.63228652357733
4121,0.7407827376179305,2.898744449765512,-1.65538966,1.63228108195336
4122,0.7407827376179305,2.899744449765512,-1.65539067,1.63227564945204
4123,0.7407827376179305,2.900744449765512,-1.65539168,1.6322702231237
4124,0.7407827376179305,2.901744449765512,-1.65539269,1.63226480718172
4125,0.7407827376179305,2.902744449765512,-1.65539369,1.63225940239551
4126,0.7407827376179305,2.903744449765512,-1.65539470,1.63225400504199
4127,0.7407827376179305,2.9047444497655115,-1.65539569,1.6322486182569
4128,0.7407827376179305,2.9057444497655114,-1.65539669,1.6322432398459
4129,0.7407827376179305,2.906744449765512,-1.65539769,1.63223786738802
4130,0.7407827376179305,2.907744449765511,-1.65539868,1.63223250365112
4131,0.7407827376179305,2.908744449765511,-1.65539967,1.63222714680113
4132,0.7407827376179305,2.909744449765511,-1.65540066,1.63222179906318
4133,0.7407827376179305,2.910744449765511,-1.65540164,1.6322164600693
4134,0.7407827376179305,2.9117444497655107,-1.65540262,1.6322111242106598
4135,0.7407827376179305,2.9127444497655106,-1.65540360,1.6322057982822198
4136,0.7407827376179305,2.9137444497655105,-1.65540458,1.6322004785782598
4137,0.7407827376179305,2.9147444497655104,-1.65540556,1.63219516869943
4138,0.7407827376179305,2.9157444497655103,-1.65540653,1.6321898658783
4139,0.7407827376179305,2.91674444976551,-1.65540750,1.63218457021662
4140,0.7407827376179305,2.91774444976551,-1.65540847,1.63217928379892
4141,0.7407827376179305,2.91874444976551,-1.65540943,1.6321740051860298
4142,0.7407827376179305,2.91974444976551,-1.65541040,1.6321687343771298
4143,0.7407827376179305,2.9207444497655097,-1.65541136,1.63216347161804
4144,0.7407827376179305,2.9217444497655096,-1.65541232,1.6321582146801599
4145,0.7407827376179305,2.922744449765509,-1.65541327,1.63215296922154
4146,0.7407827376179305,2.9237444497655094,-1.65541423,1.63214772993961
4147,0.7407827376179305,2.9247444497655093,-1.65541518,1.63214249781042
4148,0.7407827376179305,2.925744449765509,-1.65541613,1.6321372738915798
4149,0.7407827376179305,2.926744449765509,-1.65541708,1.6321320580896401
4150,0.7407827376179305,2.927744449765509,-1.65541802,1.6321268493951098
4151,0.7407827376179305,2.928744449765509,-1.65541897,1.63212164871769
4152,0.7407827376179305,2.9297444497655087,-1.65541991,1.6321164558901597
4153,0.7407827376179305,2.9307444497655086,-1.65542084,1.63211127026822
4154,0.7407827376179305,2.9317444497655085,-1.65542178,1.63210609295524
4155,0.7407827376179305,2.9327444497655084,-1.65542271,1.63210092418164
4156,0.7407827376179305,2.9337444497655083,-1.65542365,1.6320957639670401
4157,0.7407827376179305,2.934744449765508,-1.65542458,1.63209061254977
4158,0.7407827376179305,2.935744449765508,-1.65542550,1.6320854696449199
4159,0.7407827376179305,2.936744449765508,-1.65542643,1.6320803355566702
4160,0.7407827376179305,2.937744449765508,-1.65542735,1.63207521018448
4161,0.7407827376179305,2.938744449765508,-1.65542827,1.63207009349918
4162,0.7407827376179305,2.939744449765508,-1.65542919,1.6320649864304602
4163,0.7407827376179305,2.9407444497655075,-1.65543011,1.6320598884421402
4164,0.7407827376179305,2.9417444497655074,-1.65543102,1.6320548004967699
4165,0.7407827376179305,2.942744449765508,-1.65543193,1.63204972237488
4166,0.7407827376179305,2.943744449765507,-1.65543284,1.6320446533072501
4167,0.7407827376179305,2.944744449765507,-1.65543375,1.63203959479601
4168,0.7407827376179305,2.945744449765507,-1.65543466,1.63203454673978
4169,0.7407827376179305,2.946744449765507,-1.65543556,1.63202950940565
4170,0.7407827376179305,2.9477444497655068,-1.65543646,1.63202448325816
4171,0.7407827376179305,2.948744449765506,-1.65543736,1.6320194699058699
4172,0.7407827376179305,2.9497444497655065,-1.65543826,1.63201446841134
4173,0.7407827376179305,2.9507444497655064,-1.65543915,1.63200948204346
4174,0.7407827376179305,2.9517444497655063,-1.65544004,1.63200450980748
4175,0.7407827376179305,2.952744449765506,-1.65544093,1.63199955289506
4176,0.7407827376179305,2.953744449765506,-1.65544182,1.63199460658425
4177,0.7407827376179305,2.954744449765506,-1.65544271,1.6319896604711301
4178,0.7407827376179305,2.955744449765506,-1.65544359,1.6319847064204498
4179,0.7407827376179305,2.9567444497655058,-1.65544448,1.63197973092544
4180,0.7407827376179305,2.9577444497655057,-1.65544536,1.63197475913468
4181,0.7407827376179305,2.958744449765505,-1.65544623,1.63196981183081
4182,0.7407827376179305,2.959744449765505,-1.65544711,1.63196270455963
4183,0.7407827376179305,2.9607444497655053,-1.65544798,1.63195778051285
4184,0.7407827376179305,2.961744449765505,-1.65544885,1.63195292982188
4185,0.7407827376179305,2.962744449765505,-1.65544972,1.63194812707874
4186,0.7407827376179305,2.963744449765505,-1.65545059,1.63194332402477
4187,0.7407827376179305,2.964744449765505,-1.65545145,1.63193867755857
4188,0.7407827376179305,2.9657444497655048,-1.65545232,1.63193358287266
4189,0.7407827376179305,2.9667444497655047,-1.65545318,1.6319286167588598
4190,0.7407827376179305,2.967744449765505,-1.65545404,1.63192357339113
4191,0.7407652852114932,2.968744297460661,-1.65545489,1.6319353736974098
4192,0.7407652852114932,2.969744297460661,-1.65545575,1.63193025340095
4193,0.7407652852114932,2.970744297460661,-1.65545660,1.63192517949686
4194,0.7407652852114932,2.9717442974606607,-1.65545745,1.63192018629428
4195,0.7407652852114932,2.9727442974606606,-1.65545830,1.6319153202279
4196,0.7407652852114932,2.9737442974606605,-1.65545914,1.63191061341481
4197,0.7407652852114932,2.9747442974606604,-1.65545999,1.6319060108072099
4198,0.7407652852114932,2.9757442974606603,-1.65546083,1.6319034086224802
4199,0.7407652852114932,2.97674429746066,-1.65546167,1.63189856615318
4200,0.7407652852114932,2.97774429746066,-1.65546251,1.6318937181513502
4201,0.7407652852114932,2.97874429746066,-1.65546334,1.63188884365671
4202,0.7407652852114932,2.97974429746066,-1.65546418,1.63188267937281
4203,0.7407652852114932,2.98074429746066,-1.65546501,1.63187910684174
4204,0.7407652852114932,2.98174429746066,-1.65546584,1.6318742565988602
4205,0.7407652852114932,2.9827442974606595,-1.65546666,1.6318694212127198
4206,0.7407652852114932,2.9837442974606594,-1.65546749,1.63186460139615
4207,0.7407827376179305,2.984744145155816,-1.65546831,1.63184288937736
4208,0.7407827376179305,2.985744145155816,-1.65546914,1.63183809775626
4209,0.7407827376179305,2.986744145155816,-1.65546995,1.63183332068433
4210,0.7407652852114932,2.987743992850972,-1.65547077,1.6318454648744898
4211,0.7407652852114932,2.988743992850972,-1.65547159,1.6318407111394602
4212,0.7407652852114932,2.989743992850972,-1.65547240,1.63183597148754
4213,0.7407652852114932,2.990743992850972,-1.65547321,1.63183123730051
4214,0.7407652852114932,2.991743992850972,-1.65547402,1.63182651127888
4215,0.7407827376179305,2.992743840546128,-1.65547483,1.6318048852715399
4216,0.7408001900243677,2.9937436882412847,-1.65547563,1.6317832658984202
4217,0.740817642430805,2.994743535936441,-1.65547644,1.63176165420645
4218,0.740817642430805,2.995743535936441,-1.65547724,1.6317569551365
4219,0.7408001900243677,2.996743383631597,-1.65547804,1.6317691679473
4220,0.7407827376179305,2.997743231326754,-1.65547884,1.63178138988032
4221,0.7407478381212279,2.998742622153773,-1.65547963,1.63181052470368
