,x,y,total energy,kinetic energy
0,0.7552087201092559,2.4959842047537606,-1.6507580784,1.6530970
1,0.7551912677028186,2.494984357058604,-1.6507560029,1.6531246
2,0.7552087201092559,2.493984509363448,-1.6507539216,1.6531203
3,0.7552087201092559,2.492984509363448,-1.6507518337,1.6531320
4,0.7552261725156931,2.4919846616682912,-1.6507497396,1.6531278
5,0.7552261725156931,2.490984661668292,-1.6507476393,1.6531396
6,0.7552261725156931,2.4899846616682915,-1.6507455327,1.6531514
7,0.7552087201092559,2.488984813973135,-1.6507434203,1.6531791
8,0.7552087201092559,2.487984813973135,-1.6507413012,1.6531910
9,0.7552087201092559,2.486984813973135,-1.6507391758,1.6532028
10,0.7552087201092559,2.485984813973136,-1.6507370441,1.6532147
11,0.7552087201092559,2.4849848139731354,-1.6507349061,1.6532267
12,0.7552261725156931,2.483984966277979,-1.6507327620,1.6532227
13,0.7552261725156931,2.482984966277979,-1.6507306113,1.6532347
14,0.7552261725156931,2.481984966277979,-1.6507284542,1.6532467
15,0.7552261725156931,2.48098496627798,-1.6507262909,1.6532617
16,0.7552261725156931,2.47998496627798,-1.6507241210,1.6532737
17,0.7552261725156931,2.4789849662779795,-1.6507219447,1.6532858
18,0.7552261725156931,2.47798496627798,-1.6507197620,1.6532979
19,0.7552261725156931,2.47698496627798,-1.6507175728,1.6533101
20,0.7552261725156931,2.47598496627798,-1.6507153772,1.6533223
21,0.7552261725156931,2.47498496627798,-1.6507131750,1.6533345
22,0.7552261725156931,2.47398496627798,-1.6507109663,1.6533467
23,0.7552261725156931,2.47298496627798,-1.6507087511,1.6533589
24,0.7552261725156931,2.4719849662779803,-1.6507065294,1.6533712
25,0.7552261725156931,2.4709849662779804,-1.6507043010,1.6533835
26,0.7552261725156931,2.4699849662779805,-1.6507020661,1.6533959
27,0.7552261725156931,2.4689849662779806,-1.6506998246,1.6534083
28,0.7552436249221304,2.467985118582824,-1.6506975764,1.6534047
29,0.7552436249221304,2.466985118582824,-1.6506953217,1.6534171
30,0.7552436249221304,2.4659851185828243,-1.6506930602,1.6534296
31,0.7552436249221304,2.4649851185828244,-1.6506907921,1.6534421
32,0.7552436249221304,2.4639851185828245,-1.6506885173,1.6534546
33,0.7552436249221304,2.4629851185828247,-1.6506862358,1.6534671
34,0.7552436249221304,2.4619851185828248,-1.6506839475,1.6534797
35,0.7552436249221304,2.460985118582825,-1.6506816525,1.6534923
36,0.7552436249221304,2.459985118582825,-1.6506793507,1.6535049
37,0.7552436249221304,2.458985118582825,-1.6506770421,1.6535176
38,0.7552436249221304,2.457985118582825,-1.6506747267,1.6535303
39,0.7552436249221304,2.4569851185828253,-1.6506724045,1.6535430
40,0.7552436249221304,2.4559851185828254,-1.6506700754,1.6535557
41,0.7552436249221304,2.454985118582825,-1.6506677395,1.6535685
42,0.7552436249221304,2.4539851185828256,-1.6506653966,1.6535813
43,0.7552436249221304,2.4529851185828258,-1.6506630469,1.6535941
44,0.7552436249221304,2.451985118582826,-1.6506606902,1.6536070
45,0.7552436249221304,2.450985118582826,-1.6506583266,1.6536199
46,0.7552436249221304,2.449985118582826,-1.6506559561,1.6536328
47,0.7552436249221304,2.448985118582826,-1.6506535785,1.6536457
48,0.7552436249221304,2.4479851185828263,-1.6506511940,1.6536587
49,0.7552436249221304,2.4469851185828264,-1.6506488024,1.6536717
50,0.7552436249221304,2.4459851185828265,-1.6506464038,1.6536847
51,0.7552436249221304,2.444985118582826,-1.6506439981,1.6536978
52,0.7552436249221304,2.4439851185828267,-1.6506415854,1.6537109
53,0.7552436249221304,2.442985118582827,-1.6506391655,1.6537240
54,0.7552436249221304,2.441985118582827,-1.6506367386,1.6537372
55,0.7552436249221304,2.440985118582827,-1.6506343045,1.6537503
56,0.7552436249221304,2.439985118582827,-1.6506318632,1.6537635
57,0.7552436249221304,2.438985118582828,-1.6506294148,1.6537768
58,0.7552436249221304,2.4379851185828274,-1.6506269591,1.6537901
59,0.7552610773285676,2.436985270887671,-1.6506244963,1.6537874
60,0.7552610773285676,2.435985270887671,-1.6506220262,1.6538007
61,0.7552610773285676,2.434985270887671,-1.6506195489,1.6538141
62,0.7552610773285676,2.4339852708876712,-1.6506170642,1.6538275
63,0.7552610773285676,2.432985270887672,-1.6506145723,1.6538409
64,0.7552610773285676,2.4319852708876715,-1.6506120731,1.6538544
65,0.7552610773285676,2.430985270887672,-1.6506095665,1.6538678
66,0.7552610773285676,2.429985270887672,-1.6506070526,1.6538813
67,0.7552610773285676,2.428985270887672,-1.6506045313,1.6538949
68,0.7552610773285676,2.427985270887672,-1.6506020026,1.6539085
69,0.7552610773285676,2.426985270887672,-1.6505994665,1.6539221
70,0.7552610773285676,2.425985270887672,-1.6505969229,1.6539357
71,0.7552610773285676,2.424985270887672,-1.6505943719,1.6539494
72,0.7552610773285676,2.4239852708876723,-1.6505918134,1.6539631
73,0.7552610773285676,2.4229852708876725,-1.6505892474,1.6539768
74,0.7552610773285676,2.421985270887673,-1.6505866738,1.6539905
75,0.7552610773285676,2.4209852708876727,-1.6505840928,1.6540043
76,0.7552610773285676,2.419985270887673,-1.6505815041,1.6540181
77,0.7552610773285676,2.418985270887673,-1.6505789079,1.6540320
78,0.7552610773285676,2.417985270887673,-1.6505763041,1.6540459
79,0.7552610773285676,2.416985270887673,-1.6505736927,1.6540598
80,0.7552610773285676,2.415985270887673,-1.6505710736,1.6540737
81,0.7552610773285676,2.4149852708876733,-1.6505684468,1.6540877
82,0.7552610773285676,2.413985270887673,-1.6505658124,1.6541017
83,0.7552610773285676,2.4129852708876736,-1.6505631702,1.6541157
84,0.7552785297350049,2.411985423192517,-1.6505605203,1.6541138
85,0.7552785297350049,2.410985423192517,-1.6505578627,1.6541279
86,0.7552785297350049,2.4099854231925173,-1.6505551973,1.6541421
87,0.7552785297350049,2.4089854231925174,-1.6505525241,1.6541562
88,0.7552785297350049,2.407985423192517,-1.6505498430,1.6541704
89,0.7552785297350049,2.4069854231925176,-1.6505471542,1.6541846
90,0.7552785297350049,2.4059854231925177,-1.6505444575,1.6541989
91,0.7552785297350049,2.404985423192518,-1.6505417529,1.6542132
92,0.7552785297350049,2.403985423192518,-1.6505390404,1.6542275
93,0.7552785297350049,2.402985423192518,-1.6505363200,1.6542419
94,0.7552785297350049,2.401985423192518,-1.6505335916,1.6542562
95,0.7552785297350049,2.4009854231925183,-1.6505308553,1.6542707
96,0.7552785297350049,2.3999854231925184,-1.6505281110,1.6542851
97,0.7552785297350049,2.3989854231925185,-1.6505253587,1.6542996
98,0.7552785297350049,2.3979854231925186,-1.6505225983,1.6543141
99,0.7552785297350049,2.3969854231925187,-1.6505198299,1.6543286
100,0.7552785297350049,2.395985423192519,-1.6505170534,1.6543432
101,0.7552785297350049,2.394985423192519,-1.6505142689,1.6543578
102,0.7552785297350049,2.393985423192519,-1.6505114762,1.6543725
103,0.7552785297350049,2.392985423192519,-1.6505086753,1.6543872
104,0.7552785297350049,2.39198542319252,-1.6505058663,1.6544019
105,0.7552785297350049,2.3909854231925194,-1.6505030491,1.6544166
106,0.7552785297350049,2.3899854231925195,-1.6505002237,1.6544314
107,0.7552959821414421,2.388985575497363,-1.6504973901,1.6544302
108,0.7552959821414421,2.387985575497363,-1.6504945482,1.6544450
109,0.7552959821414421,2.3869855754973632,-1.6504916980,1.6544599
110,0.7552959821414421,2.385985575497364,-1.6504888396,1.6544748
111,0.7552959821414421,2.3849855754973635,-1.6504859728,1.6544898
112,0.7552959821414421,2.383985575497364,-1.6504830977,1.6545047
113,0.7552959821414421,2.382985575497364,-1.6504802142,1.6545197
114,0.7552959821414421,2.381985575497364,-1.6504773223,1.6545348
115,0.7552959821414421,2.380985575497364,-1.6504744221,1.6545498
116,0.7552959821414421,2.379985575497364,-1.6504715133,1.6545649
117,0.7552959821414421,2.378985575497364,-1.6504685962,1.6545801
118,0.7552959821414421,2.377985575497364,-1.6504656705,1.6545952
119,0.7552959821414421,2.3769855754973643,-1.6504627363,1.6546104
120,0.7552959821414421,2.3759855754973644,-1.6504597937,1.6546257
121,0.7552959821414421,2.374985575497365,-1.6504568424,1.6546409
122,0.7552959821414421,2.3739855754973647,-1.6504538826,1.6546562
123,0.7552959821414421,2.3729855754973648,-1.6504509142,1.6546716
124,0.7552959821414421,2.371985575497365,-1.6504479372,1.6546869
125,0.7552959821414421,2.370985575497365,-1.6504449515,1.6547023
126,0.7552959821414421,2.369985575497365,-1.6504419571,1.6547178
127,0.7553134345478794,2.3689857278022086,-1.6504389541,1.6547173
128,0.7553134345478794,2.3679857278022087,-1.6504359424,1.6547328
129,0.7553134345478794,2.366985727802209,-1.6504329219,1.6547483
130,0.7553134345478794,2.365985727802209,-1.6504298927,1.6547639
131,0.7553134345478794,2.364985727802209,-1.6504268547,1.6547795
132,0.7553134345478794,2.363985727802209,-1.6504238079,1.6547951
133,0.7553134345478794,2.3629857278022093,-1.6504207522,1.6548108
134,0.7553134345478794,2.3619857278022094,-1.6504176877,1.6548265
135,0.7553134345478794,2.360985727802209,-1.6504146143,1.6548423
136,0.7553134345478794,2.3599857278022096,-1.6504115320,1.6548580
137,0.7553134345478794,2.3589857278022097,-1.6504084408,1.6548738
138,0.7553134345478794,2.35798572780221,-1.6504053406,1.6548897
139,0.7553134345478794,2.35698572780221,-1.6504022315,1.6549056
140,0.7553134345478794,2.35598572780221,-1.6503991133,1.6549215
141,0.7553134345478794,2.35498572780221,-1.6503959862,1.6549374
142,0.7553134345478794,2.3539857278022103,-1.6503928499,1.6549534
143,0.7553134345478794,2.3529857278022104,-1.6503897046,1.6549694
144,0.7553134345478794,2.3519857278022105,-1.6503865502,1.6549855
145,0.7553134345478794,2.3509857278022106,-1.6503833867,1.6550016
146,0.7553308869543166,2.349985880107054,-1.6503802141,1.6549996
147,0.7553308869543166,2.3489858801070542,-1.6503770322,1.6550157
148,0.7553308869543166,2.3479858801070543,-1.6503738411,1.6550319
149,0.7553308869543166,2.3469858801070544,-1.6503706409,1.6550481
150,0.7553308869543166,2.3459858801070546,-1.6503674314,1.6550644
151,0.7553308869543166,2.3449858801070547,-1.6503642127,1.6550807
152,0.7553308869543166,2.3439858801070548,-1.6503609846,1.6550970
153,0.7553308869543166,2.342985880107055,-1.6503577473,1.6551134
154,0.7553308869543166,2.341985880107055,-1.6503545006,1.6551298
155,0.7553308869543166,2.340985880107055,-1.6503512445,1.6551462
156,0.7553308869543166,2.339985880107055,-1.6503479790,1.6551627
157,0.7553308869543166,2.338985880107056,-1.6503447041,1.6551792
158,0.7553308869543166,2.3379858801070554,-1.6503414197,1.6551957
159,0.7553308869543166,2.3369858801070555,-1.6503381259,1.6552123
160,0.7553308869543166,2.335985880107056,-1.6503348226,1.6552289
161,0.7553308869543166,2.334985880107056,-1.6503315098,1.6552456
162,0.7553483393607539,2.3339860324119,-1.6503281874,1.6552463
163,0.7553483393607539,2.3329860324118994,-1.6503248555,1.6552630
164,0.7553483393607539,2.3319860324118995,-1.6503215139,1.6552797
165,0.7553483393607539,2.3309860324119,-1.6503181628,1.6552965
166,0.7553483393607539,2.3299860324119,-1.6503148020,1.6553134
167,0.7553483393607539,2.3289860324119,-1.6503114315,1.6553302
168,0.7553483393607539,2.3279860324119,-1.6503080513,1.6553471
169,0.7553483393607539,2.3269860324119,-1.6503046614,1.6553641
170,0.7553483393607539,2.3259860324119,-1.6503012617,1.6553810
171,0.7553483393607539,2.3249860324119003,-1.6502978523,1.6553980
172,0.7553483393607539,2.3239860324119004,-1.6502944330,1.6554151
173,0.7553483393607539,2.3229860324119005,-1.6502910039,1.6554322
174,0.7553483393607539,2.3219860324119006,-1.6502875650,1.6554493
175,0.7553483393607539,2.3209860324119007,-1.6502841161,1.6554664
176,0.7553483393607539,2.319986032411901,-1.6502806574,1.6554836
177,0.7553483393607539,2.318986032411901,-1.6502771887,1.6555009
178,0.7553657917671911,2.3179861847167444,-1.6502737101,1.6555022
179,0.7553657917671911,2.316986184716745,-1.6502702215,1.6555195
180,0.7553657917671911,2.3159861847167447,-1.6502667228,1.6555368
181,0.7553657917671911,2.3149861847167448,-1.6502632142,1.6555542
182,0.7553657917671911,2.313986184716745,-1.6502596954,1.6555716
183,0.7553657917671911,2.312986184716745,-1.6502561666,1.6555890
184,0.7553657917671911,2.311986184716745,-1.6502526276,1.6556065
185,0.7553657917671911,2.310986184716745,-1.6502490785,1.6556241
186,0.7553657917671911,2.3099861847167453,-1.6502455192,1.6556416
187,0.7553657917671911,2.308986184716745,-1.6502419497,1.6556592
188,0.7553657917671911,2.307986184716745,-1.6502383700,1.6556769
189,0.7553657917671911,2.3069861847167457,-1.6502347800,1.6556945
190,0.7553657917671911,2.3059861847167458,-1.6502311798,1.6557122
191,0.7553657917671911,2.304986184716746,-1.6502275692,1.6557300
192,0.7553832441736283,2.3039863370215894,-1.6502239483,1.6557318
193,0.7553832441736283,2.302986337021589,-1.6502203170,1.6557496
194,0.7553832441736283,2.3019863370215896,-1.6502166753,1.6557675
195,0.7553832441736283,2.3009863370215897,-1.6502130232,1.6557854
196,0.7553832441736283,2.29998633702159,-1.6502093607,1.6558033
197,0.7553832441736283,2.29898633702159,-1.6502056877,1.6558213
198,0.7553832441736283,2.29798633702159,-1.6502020042,1.6558393
199,0.7553832441736283,2.29698633702159,-1.6501983101,1.6558574
200,0.7553832441736283,2.2959863370215903,-1.6501946067,1.6558866
201,0.7553832441736283,2.2949863370215904,-1.6501908915,1.6559044
202,0.7553832441736283,2.2939863370215905,-1.6501871657,1.6559222
203,0.7553832441736283,2.2929863370215906,-1.6501834293,1.6559400
204,0.7553832441736283,2.2919863370215907,-1.6501796821,1.6559579
205,0.7553832441736283,2.290986337021591,-1.6501759243,1.6559758
206,0.7554006965800656,2.2899864893264343,-1.6501721556,1.6559767
207,0.7554006965800656,2.2889864893264344,-1.6501683764,1.6559947
208,0.7554006965800656,2.2879864893264346,-1.6501645863,1.6560128
209,0.7554006965800656,2.2869864893264347,-1.6501607854,1.6560310
210,0.7554006965800656,2.285986489326435,-1.6501569737,1.6560491
211,0.7554006965800656,2.284986489326435,-1.6501531511,1.6560674
212,0.7554006965800656,2.283986489326435,-1.6501493175,1.6560857
213,0.7554006965800656,2.282986489326435,-1.6501454731,1.6561040
214,0.7554006965800656,2.281986489326435,-1.6501416177,1.6561224
215,0.7554006965800656,2.280986489326436,-1.6501377513,1.6561408
216,0.7554006965800656,2.2799864893264354,-1.6501338739,1.6561592
217,0.7554006965800656,2.2789864893264355,-1.6501299855,1.6561777
218,0.7554181489865028,2.277986641631279,-1.6501260860,1.6561804
219,0.7554181489865028,2.276986641631279,-1.6501221754,1.6561990
220,0.7554181489865028,2.27598664163128,-1.6501182537,1.6562176
221,0.7554181489865028,2.2749866416312794,-1.6501143208,1.6562363
222,0.7554181489865028,2.2739866416312795,-1.6501103768,1.6562550
223,0.7554181489865028,2.27298664163128,-1.6501064215,1.6562738
224,0.7554181489865028,2.27198664163128,-1.6501024508,1.6562938
225,0.7554181489865028,2.27098664163128,-1.6500984728,1.6563105
226,0.7554181489865028,2.26998664163128,-1.6500944887,1.6563335
227,0.7554181489865028,2.26898664163128,-1.6500904882,1.6563520
228,0.7554181489865028,2.26798664163128,-1.6500864763,1.6563705
229,0.7554181489865028,2.2669866416312803,-1.6500824531,1.6563890
230,0.7554356013929401,2.265986793936124,-1.6500784184,1.6563915
231,0.7554356013929401,2.264986793936124,-1.6500743723,1.6564103
232,0.7554356013929401,2.263986793936124,-1.6500703147,1.6564290
233,0.7554356013929401,2.262986793936124,-1.6500662455,1.6564478
234,0.7554356013929401,2.261986793936124,-1.6500621649,1.6564668
235,0.7554356013929401,2.2609867939361243,-1.6500580727,1.6564859
236,0.7554356013929401,2.2599867939361244,-1.6500539688,1.6565080
237,0.7554356013929401,2.258986793936125,-1.6500498534,1.6565273
238,0.7554356013929401,2.2579867939361247,-1.6500457262,1.6565467
239,0.7554356013929401,2.256986793936125,-1.6500415874,1.6565661
240,0.7554356013929401,2.255986793936125,-1.6500374370,1.6565868
241,0.7554530537993773,2.2549869462409684,-1.6500332747,1.6565904
242,0.7554530537993773,2.2539869462409685,-1.6500291007,1.6566100
243,0.7554530537993773,2.2529869462409686,-1.6500249148,1.6566296
244,0.7554530537993773,2.2519869462409687,-1.6500207171,1.6566493
245,0.7554530537993773,2.250986946240969,-1.6500165075,1.6566690
246,0.7554530537993773,2.249986946240969,-1.6500122861,1.6566866
247,0.7554530537993773,2.248986946240969,-1.6500080526,1.6567064
248,0.7554530537993773,2.247986946240969,-1.6500038072,1.6567261
249,0.7554530537993773,2.2469869462409693,-1.6499995498,1.6567459
250,0.7554530537993773,2.2459869462409694,-1.6499952804,1.6567658
251,0.7554530537993773,2.244986946240969,-1.6499909988,1.6567847
252,0.7554705062058146,2.243987098545813,-1.6499867052,1.6567886
253,0.7554705062058146,2.242987098545813,-1.6499823995,1.6568086
254,0.7554705062058146,2.241987098545813,-1.6499780816,1.6568285
255,0.7554705062058146,2.2409870985458133,-1.6499737515,1.6568484
256,0.7554705062058146,2.239987098545813,-1.6499694092,1.6568684
257,0.7554705062058146,2.2389870985458136,-1.6499650547,1.6568884
258,0.7554705062058146,2.2379870985458137,-1.6499606879,1.6569085
259,0.7554705062058146,2.236987098545814,-1.6499563087,1.6569286
260,0.7554705062058146,2.235987098545814,-1.6499519172,1.6569487
261,0.7554705062058146,2.234987098545814,-1.6499475133,1.6569689
262,0.7554879586122518,2.233987250850657,-1.6499430970,1.6569732
263,0.7554879586122518,2.2329872508506576,-1.6499386683,1.6569935
264,0.7554879586122518,2.2319872508506577,-1.6499342272,1.6570138
265,0.7554879586122518,2.230987250850658,-1.6499297735,1.6570343
266,0.7554879586122518,2.229987250850658,-1.6499253072,1.6570547
267,0.7554879586122518,2.228987250850658,-1.6499208284,1.6570753
268,0.7554879586122518,2.227987250850658,-1.6499163370,1.6570959
269,0.7554879586122518,2.2269872508506583,-1.6499118329,1.6571165
270,0.7554879586122518,2.2259872508506584,-1.6499073162,1.6571372
271,0.7554879586122518,2.2249872508506585,-1.6499027867,1.6571580
272,0.7555054110186891,2.223987403155502,-1.6498982446,1.6571629
273,0.7555054110186891,2.222987403155502,-1.6498936896,1.6571837
274,0.7555054110186891,2.2219874031555022,-1.6498891219,1.6572047
275,0.7555054110186891,2.2209874031555024,-1.6498845415,1.6572264
276,0.7555054110186891,2.2199874031555025,-1.6498799480,1.6572474
277,0.7555054110186891,2.2189874031555026,-1.6498753417,1.6572685
278,0.7555054110186891,2.2179874031555027,-1.6498707225,1.6572897
279,0.7555054110186891,2.216987403155503,-1.6498660902,1.6573109
280,0.7555054110186891,2.215987403155503,-1.6498614450,1.6573322
281,0.7555228634251263,2.2149875554603464,-1.6498567868,1.6573376
282,0.7555228634251263,2.2139875554603465,-1.6498521155,1.6573590
283,0.7555228634251263,2.212987555460346,-1.6498474312,1.6573804
284,0.7555228634251263,2.2119875554603468,-1.6498427336,1.6574019
285,0.7555228634251263,2.210987555460347,-1.6498380230,1.6574234
286,0.7555228634251263,2.209987555460347,-1.6498332991,1.6574450
287,0.7555228634251263,2.208987555460347,-1.6498285620,1.6574666
288,0.7555228634251263,2.207987555460347,-1.6498238116,1.6574881
289,0.7555228634251263,2.206987555460348,-1.6498190479,1.6575098
290,0.7555403158315636,2.205987707765191,-1.6498142709,1.6575156
291,0.7555403158315636,2.204987707765191,-1.6498094806,1.6575374
292,0.7555403158315636,2.203987707765191,-1.6498046768,1.6575592
293,0.7555403158315636,2.202987707765191,-1.6497998596,1.6575811
294,0.7555403158315636,2.201987707765192,-1.6497950289,1.6576031
295,0.7555403158315636,2.200987707765192,-1.6497901848,1.6576252
296,0.7555403158315636,2.1999877077651915,-1.6497853271,1.6576472
297,0.7555403158315636,2.198987707765192,-1.6497804558,1.6576694
298,0.7555577682380008,2.197987860070035,-1.6497755709,1.6576756
299,0.7555577682380008,2.196987860070035,-1.6497706724,1.6576978
300,0.7555577682380008,2.195987860070036,-1.6497657602,1.6577202
301,0.7555577682380008,2.1949878600700354,-1.6497608344,1.6577433
302,0.7555577682380008,2.1939878600700355,-1.6497558947,1.6577659
303,0.7555577682380008,2.192987860070036,-1.6497509413,1.6577885
304,0.7555577682380008,2.191987860070036,-1.6497459741,1.6578111
305,0.7555577682380008,2.190987860070036,-1.6497409930,1.6578339
306,0.755575220644438,2.1899880123748794,-1.6497359980,1.6578406
307,0.755575220644438,2.1889880123748795,-1.6497309891,1.6578634
308,0.755575220644438,2.18798801237488,-1.6497259663,1.6578864
309,0.755575220644438,2.18698801237488,-1.6497209295,1.6579093
310,0.755575220644438,2.18598801237488,-1.6497158787,1.6579323
311,0.755575220644438,2.18498801237488,-1.6497108137,1.6579554
312,0.755575220644438,2.18398801237488,-1.6497057347,1.6579786
313,0.755575220644438,2.18298801237488,-1.6497006416,1.6580018
314,0.7555926730508753,2.181988164679724,-1.6496955343,1.6580089
315,0.7555926730508753,2.180988164679724,-1.6496904128,1.6580322
316,0.7555926730508753,2.179988164679724,-1.6496852771,1.6580556
317,0.7555926730508753,2.178988164679724,-1.6496801271,1.6580790
318,0.7555926730508753,2.177988164679724,-1.6496749628,1.6581024
319,0.7555926730508753,2.176988164679724,-1.6496697841,1.6581259
320,0.7555926730508753,2.1759881646797243,-1.6496645911,1.6581495
321,0.7555926730508753,2.1749881646797244,-1.6496593836,1.6581731
322,0.7556101254573125,2.173988316984568,-1.6496541617,1.6581806
323,0.7556101254573125,2.172988316984568,-1.6496489254,1.6582043
324,0.7556101254573125,2.171988316984568,-1.6496436790,1.6582147
325,0.7556101254573125,2.1709883169845683,-1.6496384136,1.6582377
326,0.7556101254573125,2.1699883169845684,-1.6496331335,1.6582608
327,0.7556101254573125,2.1689883169845685,-1.6496278388,1.6582839
328,0.7556101254573125,2.1679883169845686,-1.6496225295,1.6583071
329,0.7556275778637498,2.166988469289412,-1.6496172054,1.6583144
330,0.7556275778637498,2.165988469289412,-1.6496118667,1.6583378
331,0.7556275778637498,2.1649884692894124,-1.6496065131,1.6583612
332,0.7556275778637498,2.1639884692894125,-1.6496011447,1.6583846
333,0.7556275778637498,2.162988469289413,-1.6495957615,1.6584081
334,0.7556275778637498,2.1619884692894127,-1.6495903634,1.6584317
335,0.7556275778637498,2.160988469289413,-1.6495849503,1.6584554
336,0.755645030270187,2.1599886215942563,-1.6495795223,1.6584631
337,0.755645030270187,2.1589886215942564,-1.6495740793,1.6584868
338,0.755645030270187,2.1579886215942565,-1.6495686212,1.6585106
339,0.755645030270187,2.1569886215942566,-1.6495631481,1.6585345
340,0.755645030270187,2.1559886215942567,-1.6495576599,1.6585585
341,0.755645030270187,2.154988621594257,-1.6495521565,1.6585825
342,0.755645030270187,2.153988621594257,-1.6495466379,1.6586066
343,0.7556624826766243,2.1529887738991005,-1.6495411040,1.6586147
344,0.7556624826766243,2.1519887738991006,-1.6495355550,1.6586389
345,0.7556624826766243,2.1509887738991007,-1.6495299906,1.6586631
346,0.7556624826766243,2.149988773899101,-1.6495244109,1.6586875
347,0.7556624826766243,2.148988773899101,-1.6495188158,1.6587118
348,0.7556624826766243,2.147988773899101,-1.6495132053,1.6587363
349,0.7556799350830615,2.1469889262039445,-1.6495075761,1.6587497
350,0.7556799350830615,2.1459889262039447,-1.6495019345,1.6587743
351,0.7556799350830615,2.1449889262039448,-1.6494962775,1.6587989
352,0.7556799350830615,2.143988926203945,-1.6494906048,1.6588235
353,0.7556799350830615,2.142988926203945,-1.6494849165,1.6588482
354,0.7556799350830615,2.141988926203945,-1.6494792126,1.6588730
355,0.7556799350830615,2.140988926203945,-1.6494734930,1.6588978
356,0.7556973874894988,2.1399890785087887,-1.6494677577,1.6589066
357,0.7556973874894988,2.138989078508789,-1.6494620068,1.6589320
358,0.7556973874894988,2.137989078508789,-1.6494562399,1.6589570
359,0.7556973874894988,2.136989078508789,-1.6494504572,1.6589819
360,0.7556973874894988,2.135989078508789,-1.6494446586,1.6590069
361,0.7556973874894988,2.1349890785087893,-1.6494388441,1.6590320
362,0.755714839895936,2.133989230813633,-1.6494330136,1.6590410
363,0.755714839895936,2.132989230813633,-1.6494271672,1.6590661
364,0.755714839895936,2.131989230813633,-1.6494213047,1.6590912
365,0.755714839895936,2.130989230813633,-1.6494154262,1.6591164
366,0.755714839895936,2.129989230813633,-1.6494095315,1.6591416
367,0.755714839895936,2.1289892308136333,-1.6494036207,1.6591668
368,0.755714839895936,2.127989230813633,-1.6493976936,1.6591920
369,0.7557322923023733,2.126989383118477,-1.6493917504,1.6592013
370,0.7557322923023733,2.125989383118477,-1.6493857909,1.6592266
371,0.7557322923023733,2.124989383118477,-1.6493798151,1.6592520
372,0.7557322923023733,2.1239893831184773,-1.6493738229,1.6592774
373,0.7557322923023733,2.1229893831184774,-1.6493678143,1.6593028
374,0.7557322923023733,2.121989383118477,-1.6493617893,1.6593282
375,0.7557497447088105,2.120989535423321,-1.6493557479,1.6593378
376,0.7557497447088105,2.119989535423321,-1.6493496899,1.6593633
377,0.7557497447088105,2.118989535423321,-1.6493436154,1.6593890
378,0.7557497447088105,2.1179895354233214,-1.6493375242,1.6594146
379,0.7557497447088105,2.116989535423321,-1.6493314164,1.6594404
380,0.7557671971152478,2.115989687728165,-1.6493252920,1.6594502
381,0.7557671971152478,2.114989687728165,-1.6493191509,1.6594761
382,0.7557671971152478,2.113989687728165,-1.6493129930,1.6595021
383,0.7557671971152478,2.1129896877281653,-1.6493068182,1.6595281
384,0.7557671971152478,2.1119896877281654,-1.6493006314,1.6595485
385,0.7557671971152478,2.110989687728165,-1.6492944229,1.6595748
386,0.755784649521685,2.109989840033009,-1.6492881976,1.6595851
387,0.755784649521685,2.108989840033009,-1.6492819553,1.6596115
388,0.755784649521685,2.1079898400330093,-1.6492756960,1.6596380
389,0.755784649521685,2.1069898400330094,-1.6492694197,1.6596645
390,0.755784649521685,2.105989840033009,-1.6492631262,1.6596909
391,0.755784649521685,2.1049898400330096,-1.6492568156,1.6597174
392,0.7558021019281222,2.103989992337853,-1.6492504879,1.6597279
393,0.7558021019281222,2.102989992337853,-1.6492441430,1.6597542
394,0.7558021019281222,2.1019899923378533,-1.6492377808,1.6597805
395,0.7558021019281222,2.100989992337853,-1.6492314014,1.6598053
396,0.7558021019281222,2.0999899923378536,-1.6492250046,1.6598304
397,0.7558195543345595,2.098990144642697,-1.6492185904,1.6598392
398,0.7558195543345595,2.097990144642697,-1.6492121588,1.6598639
399,0.7558195543345595,2.0969901446426973,-1.6492057098,1.6598897
400,0.7558195543345595,2.0959901446426974,-1.6491992434,1.6599192
401,0.7558195543345595,2.094990144642697,-1.6491927593,1.6599535
402,0.7558370067409967,2.093990296947541,-1.6491862575,1.6599715
403,0.7558370067409967,2.092990296947541,-1.6491797381,1.6600010
404,0.7558370067409967,2.091990296947541,-1.6491732010,1.6600264
405,0.7558370067409967,2.0909902969475413,-1.6491666462,1.6600509
406,0.7558370067409967,2.089990296947541,-1.6491600737,1.6600759
407,0.755854459147434,2.088990449252385,-1.6491534833,1.6600860
408,0.755854459147434,2.087990449252385,-1.6491468752,1.6601128
409,0.755854459147434,2.086990449252385,-1.6491402491,1.6601401
410,0.755854459147434,2.0859904492523853,-1.6491336051,1.6601678
411,0.755854459147434,2.0849904492523854,-1.6491269432,1.6601958
412,0.7558719115538712,2.083990601557229,-1.6491202631,1.6602078
413,0.7558719115538712,2.082990601557229,-1.6491135651,1.6602360
414,0.7558719115538712,2.081990601557229,-1.6491068489,1.6602666
415,0.7558719115538712,2.0809906015572293,-1.6491001145,1.6602947
416,0.7558719115538712,2.0799906015572294,-1.6490933620,1.6603230
417,0.7558893639603085,2.078990753862073,-1.6490865912,1.6603352
418,0.7558893639603085,2.077990753862073,-1.6490798022,1.6603615
419,0.7558893639603085,2.076990753862073,-1.6490729949,1.6603901
420,0.7558893639603085,2.075990753862073,-1.6490661692,1.6604184
421,0.7558893639603085,2.0749907538620733,-1.6490593250,1.6604468
422,0.7559068163667457,2.073990906166917,-1.6490524625,1.6604591
423,0.7559068163667457,2.072990906166917,-1.6490455814,1.6604876
424,0.7559068163667457,2.071990906166917,-1.6490386818,1.6605160
425,0.7559068163667457,2.070990906166917,-1.6490317636,1.6605444
426,0.7559068163667457,2.0699909061669173,-1.6490248268,1.6605729
427,0.755924268773183,2.068991058471761,-1.6490178714,1.6605853
428,0.755924268773183,2.067991058471761,-1.6490108972,1.6606137
429,0.755924268773183,2.066991058471761,-1.6490039042,1.6606422
430,0.755924268773183,2.065991058471761,-1.6489968925,1.6606706
431,0.7559417211796202,2.0649912107766046,-1.6489898618,1.6606831
432,0.7559417211796202,2.0639912107766047,-1.6489828124,1.6607117
433,0.7559417211796202,2.062991210776605,-1.6489757439,1.6607402
434,0.7559417211796202,2.061991210776605,-1.6489686565,1.6607688
435,0.7559417211796202,2.060991210776605,-1.6489615500,1.6607973
436,0.7559591735860575,2.0599913630814486,-1.6489544245,1.6608099
437,0.7559591735860575,2.0589913630814487,-1.6489472799,1.6608386
438,0.7559591735860575,2.057991363081449,-1.6489401161,1.6608673
439,0.7559591735860575,2.056991363081449,-1.6489329331,1.6608962
440,0.7559766259924947,2.0559915153862924,-1.6489257308,1.6609090
441,0.7559766259924947,2.0549915153862925,-1.6489185092,1.6609380
442,0.7559766259924947,2.0539915153862927,-1.6489112683,1.6609674
443,0.7559766259924947,2.0529915153862928,-1.6489040080,1.6609953
444,0.7559766259924947,2.051991515386293,-1.6488967282,1.6610244
445,0.755994078398932,2.0509916676911364,-1.6488894290,1.6610376
446,0.755994078398932,2.0499916676911365,-1.6488821103,1.6610670
447,0.755994078398932,2.0489916676911366,-1.6488747719,1.6610964
448,0.755994078398932,2.0479916676911367,-1.6488674139,1.6611258
449,0.7560115308053692,2.04699181999598,-1.6488600363,1.6611393
450,0.7560115308053692,2.0459918199959803,-1.6488526390,1.6611688
451,0.7560115308053692,2.0449918199959805,-1.6488452219,1.6611982
452,0.7560115308053692,2.043991819995981,-1.6488377849,1.6612279
453,0.7560289832118064,2.042991972300824,-1.6488303282,1.6612423
454,0.7560289832118064,2.041991972300824,-1.6488228546,1.6612604
455,0.7560289832118064,2.0409919723008243,-1.6488153576,1.6612991
456,0.7560289832118064,2.0399919723008244,-1.6488078410,1.6613292
457,0.7560464356182437,2.038992124605668,-1.6488003044,1.6613432
458,0.7560464356182437,2.037992124605668,-1.6487927477,1.6613731
459,0.7560464356182437,2.036992124605668,-1.6487851709,1.6614009
460,0.7560464356182437,2.0359921246056683,-1.6487775739,1.6614310
461,0.7560638880246809,2.034992276910512,-1.6487699566,1.6614451
462,0.7560638880246809,2.033992276910512,-1.6487623192,1.6614751
463,0.7560638880246809,2.032992276910512,-1.6487546614,1.6615050
464,0.7560638880246809,2.031992276910512,-1.6487469832,1.6615348
465,0.7560813404311182,2.030992429215356,-1.6487392846,1.6615484
466,0.7560813404311182,2.029992429215356,-1.6487315656,1.6615779
467,0.7560813404311182,2.028992429215356,-1.6487238261,1.6616073
468,0.7560813404311182,2.027992429215356,-1.6487160659,1.6616368
469,0.7560987928375554,2.0269925815201995,-1.6487082852,1.6616504
470,0.7560987928375554,2.0259925815202,-1.6487004839,1.6616800
471,0.7560987928375554,2.0249925815202,-1.6486926618,1.6617096
472,0.7560987928375554,2.0239925815202,-1.6486848190,1.6617392
473,0.7561162452439927,2.022992733825044,-1.6486769555,1.6617553
474,0.7561162452439927,2.0219927338250434,-1.6486690711,1.6617855
475,0.7561162452439927,2.0209927338250435,-1.6486611657,1.6618164
476,0.7561336976504299,2.019992886129887,-1.6486532393,1.6618326
477,0.7561336976504299,2.018992886129887,-1.6486452919,1.6618663
478,0.7561336976504299,2.017992886129888,-1.6486373233,1.6618985
479,0.7561336976504299,2.016992886129888,-1.6486293338,1.6619301
480,0.7561511500568672,2.015993038434731,-1.6486213233,1.6619414
481,0.7561511500568672,2.014993038434731,-1.6486132916,1.6619672
482,0.7561511500568672,2.013993038434731,-1.6486052386,1.6619981
483,0.7561511500568672,2.012993038434731,-1.6485971639,1.6620306
484,0.7561686024633044,2.0119931907395747,-1.6485890680,1.6620464
485,0.7561686024633044,2.010993190739575,-1.6485809508,1.6620789
486,0.7561686024633044,2.009993190739575,-1.6485728125,1.6621084
487,0.7561860548697417,2.0089933430444185,-1.6485646526,1.6621257
488,0.7561860548697417,2.0079933430444186,-1.6485564714,1.6621572
489,0.7561860548697417,2.0069933430444187,-1.6485482687,1.6621857
490,0.7561860548697417,2.005993343044419,-1.6485400444,1.6622128
491,0.7562035072761789,2.0049934953492623,-1.6485317968,1.6622368
492,0.7562035072761789,2.0039934953492624,-1.6485235287,1.6622707
493,0.7562035072761789,2.0029934953492625,-1.6485152403,1.6622980
494,0.7562209596826162,2.001993647654106,-1.6485069281,1.6623099
495,0.7562209596826162,2.000993647654106,-1.6484985943,1.6623428
496,0.7562209596826162,1.999993647654106,-1.6484902387,1.6623749
497,0.7562209596826162,1.998993647654106,-1.6484818611,1.6624085
498,0.7562384120890534,1.9979937999589497,-1.6484734617,1.6624234
499,0.7562384120890534,1.996993799958949,-1.6484650403,1.6624547
500,0.7562384120890534,1.9959937999589497,-1.6484565967,1.6624865
501,0.7562558644954906,1.9949939522637927,-1.6484481310,1.6625025
502,0.7562558644954906,1.9939939522637933,-1.6484396439,1.6625467
503,0.7562558644954906,1.9929939522637936,-1.6484311336,1.6625792
504,0.7562558644954906,1.9919939522637933,-1.6484226009,1.6626101
505,0.7562733169019279,1.9909941045686368,-1.6484140459,1.6626251
506,0.7562733169019279,1.989994104568637,-1.6484054685,1.6626564
507,0.7562733169019279,1.9889941045686368,-1.6483968685,1.6626882
508,0.7562907693083651,1.987994256873481,-1.6483882461,1.6627043
509,0.7562907693083651,1.986994256873481,-1.6483796011,1.6627366
510,0.7562907693083651,1.9859942568734807,-1.6483709335,1.6627692
511,0.7563082217148024,1.9849944091783247,-1.6483622432,1.6627858
512,0.7563082217148024,1.9839944091783248,-1.6483535302,1.6628187
513,0.7563082217148024,1.982994409178325,-1.6483447944,1.6628516
514,0.7563256741212396,1.9819945614831684,-1.6483360357,1.6628685
515,0.7563256741212396,1.9809945614831683,-1.6483272542,1.6629016
516,0.7563256741212396,1.9799945614831689,-1.6483184497,1.6629347
517,0.7563431265276769,1.978994713788012,-1.6483096223,1.6629518
518,0.7563431265276769,1.9779947137880125,-1.6483007718,1.6629845
519,0.7563431265276769,1.9769947137880124,-1.6482918993,1.6630166
520,0.7563605789341141,1.975994866092856,-1.6482830025,1.6630349
521,0.7563605789341141,1.974994866092856,-1.6482740824,1.6630679
522,0.7563605789341141,1.973994866092856,-1.6482651391,1.6631028
523,0.7563605789341141,1.972994866092856,-1.6482561723,1.6631382
524,0.7563780313405514,1.9719950183977,-1.6482471824,1.6631563
525,0.7563780313405514,1.9709950183977,-1.6482381691,1.6631902
526,0.7563780313405514,1.9699950183977,-1.6482291339,1.6632107
527,0.7563954837469886,1.968995170702544,-1.6482200737,1.6632279
528,0.7563954837469886,1.967995170702544,-1.6482109901,1.6632602
529,0.7564129361534259,1.966995323007387,-1.6482018814,1.6632869
530,0.7564129361534259,1.9659953230073872,-1.6481927517,1.6633125
531,0.7564129361534259,1.964995323007388,-1.6481835969,1.6633482
532,0.7564303885598631,1.9639954753122308,-1.6481744184,1.6633624
533,0.7564303885598631,1.962995475312231,-1.6481652161,1.6633959
534,0.7564303885598631,1.961995475312231,-1.6481559898,1.6634312
535,0.7564478409663004,1.9609956276170744,-1.6481467397,1.6634494
536,0.7564478409663004,1.959995627617075,-1.6481374655,1.6634838
537,0.7564478409663004,1.9589956276170748,-1.6481281674,1.6635184
538,0.7564652933727376,1.9579957799219183,-1.6481188451,1.6635360
539,0.7564652933727376,1.9569957799219184,-1.6481094987,1.6635710
540,0.7564652933727376,1.9559957799219183,-1.6481001280,1.6636060
541,0.7564827457791748,1.954995932226762,-1.6480907332,1.6636249
542,0.7564827457791748,1.9539959322267624,-1.6480813142,1.6636572
543,0.7564827457791748,1.9529959322267625,-1.6480718706,1.6636920
544,0.7565001981856121,1.9519960845316056,-1.6480624028,1.6637113
545,0.7565001981856121,1.950996084531606,-1.6480529103,1.6637498
546,0.7565001981856121,1.949996084531606,-1.6480433934,1.6637851
547,0.7565176505920493,1.9489962368364493,-1.6480338519,1.6638036
548,0.7565176505920493,1.9479962368364496,-1.6480242858,1.6638372
549,0.7565351029984866,1.9469963891412927,-1.6480146950,1.6638537
550,0.7565351029984866,1.9459963891412928,-1.6480050796,1.6638857
551,0.7565351029984866,1.9449963891412927,-1.6479954394,1.6639176
552,0.7565525554049238,1.9439965414461369,-1.6479857743,1.6639344
553,0.7565525554049238,1.942996541446137,-1.6479760844,1.6639666
554,0.7565525554049238,1.941996541446137,-1.6479663695,1.6640019
555,0.7565700078113611,1.9409966937509808,-1.6479566295,1.6640230
556,0.7565700078113611,1.9399966937509807,-1.6479468643,1.6640640
557,0.7565874602177983,1.938996846055824,-1.6479370741,1.6640872
558,0.7565874602177983,1.9379968460558243,-1.6479272589,1.6641249
559,0.7565874602177983,1.9369968460558245,-1.6479174185,1.6641583
560,0.7566049126242356,1.935996998360668,-1.6479075528,1.6641761
561,0.7566049126242356,1.934996998360668,-1.6478976616,1.6642104
562,0.7566223650306728,1.933997150665512,-1.6478877450,1.6642299
563,0.7566223650306728,1.932997150665512,-1.6478778032,1.6642655
564,0.7566223650306728,1.931997150665512,-1.6478678359,1.6643000
565,0.7566398174371101,1.9309973029703555,-1.6478578431,1.6643181
566,0.7566398174371101,1.929997302970356,-1.6478478246,1.6643527
567,0.7566398174371101,1.9289973029703555,-1.6478377804,1.6643901
568,0.7566572698435473,1.927997455275199,-1.6478277105,1.6644078
569,0.7566572698435473,1.9269974552751992,-1.6478176149,1.6644428
570,0.7566747222499846,1.925997607580043,-1.6478074935,1.6644674
571,0.7566747222499846,1.9249976075800428,-1.6477973452,1.6645044
572,0.7566747222499846,1.923997607580043,-1.6477871725,1.6645281
573,0.7566921746564218,1.9229977598848864,-1.6477769721,1.6645592
574,0.7566921746564218,1.9219977598848863,-1.6477667480,1.6645911
575,0.756709627062859,1.92099791218973,-1.6477564956,1.6646124
576,0.756709627062859,1.91999791218973,-1.6477462179,1.6646567
577,0.7567270794692963,1.9189980644945737,-1.6477359136,1.6646731
578,0.7567270794692963,1.9179980644945736,-1.6477255850,1.6647029
579,0.7567270794692963,1.9169980644945737,-1.6477152285,1.6647385
580,0.7567445318757335,1.9159982167994167,-1.6477048441,1.6647604
581,0.7567445318757335,1.9149982167994173,-1.6476944362,1.6647974
582,0.7567619842821708,1.913998369104261,-1.6476839991,1.6648161
583,0.7567619842821708,1.912998369104261,-1.6476735373,1.6648621
584,0.756779436688608,1.9119985214091049,-1.6476630489,1.6648750
585,0.756779436688608,1.9109985214091048,-1.6476525333,1.6649118
586,0.756779436688608,1.9099985214091049,-1.6476419908,1.6649486
587,0.7567968890950453,1.9089986737139484,-1.6476314219,1.6649698
588,0.7567968890950453,1.9079986737139485,-1.6476208260,1.6650052
589,0.7568143415014825,1.906998826018792,-1.6476102026,1.6650265
590,0.7568143415014825,1.905998826018792,-1.6475995529,1.6650646
591,0.7568317939079198,1.904998978323636,-1.6475888758,1.6650856
592,0.7568317939079198,1.903998978323636,-1.6475781718,1.6651235
593,0.7568317939079198,1.902998978323636,-1.6475674414,1.6651645
594,0.756849246314357,1.90199913062848,-1.6475566832,1.6651824
595,0.756849246314357,1.90099913062848,-1.6475458977,1.6652206
596,0.7568666987207943,1.899999282933323,-1.6475350849,1.6652455
597,0.7568666987207943,1.898999282933323,-1.6475242441,1.6652813
598,0.7568841511272315,1.8979994352381664,-1.6475133765,1.6653014
599,0.7568841511272315,1.8969994352381667,-1.6475024808,1.6653501
600,0.7569016035336688,1.8959995875430105,-1.6474915592,1.6653604
601,0.7569016035336688,1.8949995875430103,-1.6474806087,1.6654011
602,0.756919055940106,1.8939997398478536,-1.6474696302,1.6654356
603,0.756919055940106,1.892999739847854,-1.6474586249,1.6654728
604,0.756919055940106,1.891999739847854,-1.6474475917,1.6655099
605,0.7569365083465432,1.8909998921526976,-1.6474365308,1.6655313
606,0.7569365083465432,1.8899998921526977,-1.6474254419,1.6655705
607,0.7569539607529805,1.8890000444575408,-1.6474143254,1.6655882
608,0.7569539607529805,1.888000044457541,-1.6474031810,1.6656295
609,0.7569714131594177,1.8870001967623848,-1.6473920080,1.6656465
610,0.7569714131594177,1.886000196762385,-1.6473808065,1.6656853
611,0.756988865565855,1.8850003490672285,-1.6473695794,1.6656936
612,0.756988865565855,1.8840003490672288,-1.6473583213,1.6657377
613,0.7570063179722922,1.883000501372072,-1.6473470349,1.6657695
614,0.7570063179722922,1.882000501372072,-1.6473357205,1.6658104
615,0.7570237703787295,1.881000653676916,-1.6473243784,1.6658238
616,0.7570237703787295,1.880000653676916,-1.6473130100,1.6658521
617,0.7570412227851667,1.87900080598176,-1.6473016106,1.6658821
618,0.7570412227851667,1.87800080598176,-1.6472901831,1.6659184
619,0.757058675191604,1.877000958286603,-1.6472787265,1.6659380
620,0.757058675191604,1.876000958286603,-1.6472672413,1.6659821
621,0.7570761275980412,1.8750011105914464,-1.6472557275,1.6660020
622,0.7570761275980412,1.8740011105914467,-1.6472441845,1.6660313
623,0.7570935800044785,1.8730012628962904,-1.6472326128,1.6660628
624,0.7570935800044785,1.8720012628962903,-1.6472210127,1.6661165
625,0.7571110324109157,1.8710014152011336,-1.6472093827,1.6661273
626,0.7571110324109157,1.870001415201134,-1.6471977241,1.6661676
627,0.757128484817353,1.8690015675059768,-1.6471860362,1.6661892
628,0.757128484817353,1.8680015675059776,-1.6471743193,1.6662287
629,0.7571459372237902,1.867001719810821,-1.6471625733,1.6662608
630,0.7571459372237902,1.8660017198108207,-1.6471508003,1.6662917
631,0.7571633896302274,1.8650018721156647,-1.6471389958,1.6663061
632,0.7571633896302274,1.8640018721156648,-1.6471271616,1.6663603
633,0.7571808420366647,1.8630020244205083,-1.6471152979,1.6663788
634,0.7571808420366647,1.8620020244205084,-1.6471034046,1.6664221
635,0.7571982944431019,1.861002176725352,-1.6470914819,1.6664519
636,0.7572157468495392,1.860002329030196,-1.6470795297,1.6664729
637,0.7572157468495392,1.859002329030196,-1.6470675483,1.6665122
638,0.7572331992559764,1.858002481335039,-1.6470555368,1.6665438
639,0.7572331992559764,1.8570024813350392,-1.6470434956,1.6665835
640,0.7572506516624137,1.8560026336398827,-1.6470314244,1.6666048
641,0.7572506516624137,1.8550026336398828,-1.6470193248,1.6666289
642,0.7572681040688509,1.8540027859447263,-1.6470071938,1.6666528
643,0.7572681040688509,1.8530027859447264,-1.6469950327,1.6666955
644,0.7572855564752882,1.85200293824957,-1.6469828416,1.6667196
645,0.7572855564752882,1.85100293824957,-1.6469706203,1.6667600
646,0.7573030088817254,1.8500030905544136,-1.6469583687,1.6667857
647,0.7573204612881627,1.849003242859257,-1.6469460868,1.6668103
648,0.7573204612881627,1.8480032428592568,-1.6469337746,1.6668510
649,0.7573379136945999,1.8470033951641007,-1.6469214320,1.6668756
650,0.7573379136945999,1.8460033951641008,-1.6469090590,1.6669163
651,0.7573553661010372,1.8450035474689443,-1.6468966548,1.6669420
652,0.7573553661010372,1.8440035474689445,-1.6468842205,1.6669821
653,0.7573728185074744,1.843003699773788,-1.6468717556,1.6670062
654,0.7573902709139116,1.842003852078632,-1.6468592600,1.6670304
655,0.7573902709139116,1.841003852078632,-1.6468467335,1.6670694
656,0.7574077233203489,1.8400040043834751,-1.6468341762,1.6670941
657,0.7574077233203489,1.8390040043834752,-1.6468215880,1.6671353
658,0.7574251757267861,1.8380041566883187,-1.6468089678,1.6671696
659,0.7574426281332234,1.8370043089931625,-1.6467963179,1.6671945
660,0.7574426281332234,1.8360043089931624,-1.6467836368,1.6672344
661,0.7574600805396606,1.8350044612980057,-1.6467709260,1.6672550
662,0.7574600805396606,1.834004461298006,-1.6467581828,1.6672975
663,0.7574775329460979,1.8330046136028493,-1.6467454083,1.6673238
664,0.7574949853525351,1.832004765907693,-1.6467326025,1.6673498
665,0.7574949853525351,1.831004765907693,-1.6467197652,1.6673916
666,0.7575124377589724,1.8300049182125369,-1.6467068964,1.6674170
667,0.7575124377589724,1.8290049182125367,-1.6466939961,1.6674586
668,0.7575298901654096,1.8280050705173805,-1.6466810669,1.6674767
669,0.7575473425718469,1.827005222822224,-1.6466681007,1.6675090
670,0.7575473425718469,1.826005222822224,-1.6466551086,1.6675426
671,0.7575647949782841,1.825005375127068,-1.6466420820,1.6675684
672,0.7575822473847214,1.824005527431911,-1.6466290234,1.6675945
673,0.7575822473847214,1.823005527431911,-1.6466159330,1.6676367
674,0.7575996997911586,1.8220056797367543,-1.6466028108,1.6676585
675,0.7575996997911586,1.8210056797367544,-1.6465896562,1.6676969
676,0.7576171521975958,1.8200058320415984,-1.6465764700,1.6677291
677,0.7576346046040331,1.8190059843464417,-1.6465632515,1.6677518
678,0.7576346046040331,1.8180059843464416,-1.6465500011,1.6678059
679,0.7576520570104703,1.8170061366512853,-1.6465367187,1.6678281
680,0.7576695094169076,1.8160062889561288,-1.6465234036,1.6678491
681,0.7576695094169076,1.815006288956129,-1.6465100562,1.6679007
682,0.7576869618233448,1.8140064412609724,-1.6464966763,1.6679348
683,0.7577044142297821,1.813006593565816,-1.6464832625,1.6679683
684,0.7577044142297821,1.812006593565816,-1.6464698193,1.6680020
685,0.7577218666362193,1.81100674587066,-1.6464563396,1.6680317
686,0.7577393190426566,1.810006898175503,-1.6464428310,1.6680559
687,0.7577393190426566,1.8090068981755032,-1.6464292890,1.6680985
688,0.7577567714490938,1.8080070504803467,-1.6464157121,1.6681236
689,0.7577742238555311,1.8070072027851904,-1.6464021052,1.6681540
690,0.7577742238555311,1.8060072027851903,-1.6463884635,1.6681920
691,0.7577916762619683,1.8050073550900336,-1.6463747905,1.6682171
692,0.7578091286684056,1.8040075073948767,-1.6463610832,1.6682448
693,0.7578091286684056,1.8030075073948773,-1.6463473444,1.6682731
694,0.7578265810748428,1.802007659699721,-1.6463335688,1.6683278
695,0.75784403348128,1.8010078120045645,-1.6463197639,1.6683408
696,0.7578614858877173,1.800007964309408,-1.6463059225,1.6683795
697,0.7578789382941545,1.7990081166142515,-1.6462920504,1.6684032
698,0.7578963907005918,1.798008268919095,-1.6462781449,1.6684104
699,0.757913843107029,1.7970084212239386,-1.6462642039,1.6684509
700,0.7579312955134663,1.796008573528782,-1.6462502287,1.6685056
701,0.7579487479199035,1.7950087258336256,-1.6462362231,1.6684969
702,0.7579662003263408,1.794008878138469,-1.6462221837,1.6685436
703,0.757983652732778,1.7930090304433126,-1.6462081088,1.6685732
704,0.7580011051392153,1.792009182748156,-1.6461939991,1.6686081
705,0.7580185575456525,1.7910093350529996,-1.6461798589,1.6686277
706,0.7580360099520898,1.7900094873578432,-1.6461656804,1.6686795
707,0.758053462358527,1.789009639662687,-1.6461514713,1.6686969
708,0.7580709147649642,1.7880097919675302,-1.6461372302,1.6686937
709,0.7580883671714015,1.7870099442723737,-1.6461229481,1.6687553
710,0.7581058195778387,1.7860100965772172,-1.6461086387,1.6687402
711,0.758123271984276,1.7850102488820607,-1.6460942933,1.6687794
712,0.7581407243907132,1.7840104011869042,-1.6460799109,1.6688217
713,0.7581581767971505,1.7830105534917478,-1.6460654970,1.6688265
714,0.7581756292035877,1.7820107057965913,-1.6460510481,1.6688656
715,0.758193081610025,1.7810108581014348,-1.6460365646,1.6688911
716,0.7582105340164622,1.7800110104062783,-1.6460220448,1.6689490
717,0.7582279864228995,1.7790111627111218,-1.6460074937,1.6689474
718,0.7582454388293367,1.778011315015965,-1.6459929050,1.6690003
719,0.758262891235774,1.7770114673208088,-1.6459782849,1.6689992
720,0.7582803436422112,1.7760116196256523,-1.6459636271,1.6690171
721,0.7582977960486484,1.775011771930496,-1.6459489371,1.6690696
722,0.7583152484550857,1.7740119242353394,-1.6459342083,1.6690925
723,0.7583327008615229,1.773012076540183,-1.6459194491,1.6691258
724,0.7583501532679602,1.7720122288450264,-1.6459046531,1.6691543
725,0.7583676056743974,1.77101238114987,-1.6458898219,1.6691823
726,0.7583850580808347,1.7700125334547134,-1.6458749535,1.6691986
727,0.7584025104872719,1.769012685759557,-1.6458600530,1.6692320
728,0.7584199628937092,1.7680128380644005,-1.6458451144,1.6692841
729,0.7584374153001464,1.767012990369244,-1.6458301443,1.6692851
730,0.7584548677065837,1.7660131426740877,-1.6458151389,1.6693008
731,0.7584723201130209,1.765013294978931,-1.6458000947,1.6693541
732,0.7584897725194581,1.7640134472837743,-1.6457850155,1.6693824
733,0.7585072249258954,1.763013599588618,-1.6457699012,1.6694283
734,0.7585246773323326,1.7620137518934615,-1.6457547546,1.6694274
735,0.7585421297387699,1.761013904198305,-1.6457395698,1.6694450
736,0.7585595821452071,1.7600140565031486,-1.6457243489,1.6695114
737,0.7585770345516444,1.759014208807992,-1.6457090904,1.6695352
738,0.7585944869580816,1.7580143611128356,-1.6456937991,1.6695511
739,0.7586119393645189,1.7570145134176791,-1.6456784723,1.6695795
740,0.7586293917709561,1.7560146657225226,-1.6456631084,1.6696095
741,0.7586468441773934,1.755014818027366,-1.6456477085,1.6696392
742,0.7586642965838306,1.7540149703322097,-1.6456322726,1.6696659
743,0.7586817489902679,1.7530151226370532,-1.6456168006,1.6696940
744,0.7586992013967051,1.752015274941897,-1.6456012930,1.6697269
745,0.7587166538031423,1.7510154272467402,-1.6455857475,1.6697660
746,0.7587341062095796,1.7500155795515837,-1.6455701665,1.6697886
747,0.7587515586160168,1.7490157318564272,-1.6455545478,1.6698289
748,0.7587690110224541,1.7480158841612707,-1.6455388959,1.6698375
749,0.7587864634288913,1.7470160364661145,-1.6455232058,1.6698734
750,0.7588039158353286,1.7460161887709578,-1.6455074798,1.6699077
751,0.7588213682417658,1.7450163410758013,-1.6454917153,1.6699586
752,0.7588388206482031,1.7440164933806448,-1.6454759149,1.6700003
753,0.7588562730546403,1.7430166456854883,-1.6454600794,1.6699863
754,0.7588737254610776,1.7420167979903318,-1.6454442073,1.6700482
755,0.7588911778675148,1.7410169502951751,-1.6454282953,1.6700958
756,0.7589086302739521,1.7400171026000189,-1.6454123481,1.6700998
757,0.7589260826803893,1.7390172549048624,-1.6453963651,1.6701219
758,0.7589435350868265,1.738017407209706,-1.6453803450,1.6701525
759,0.7589609874932638,1.7370175595145494,-1.6453642871,1.6701844
760,0.758978439899701,1.736017711819393,-1.6453481889,1.6702249
761,0.7589958923061383,1.7350178641242364,-1.6453320596,1.6702420
762,0.7590133447125755,1.73401801642908,-1.6453158885,1.6702727
763,0.75904824952545,1.732018321038767,-1.6452834387,1.6703112
764,0.7590657019318873,1.7310184733436105,-1.6452671516,1.6704058
765,0.7590831543383245,1.730018625648454,-1.6452508351,1.6703769
766,0.7591006067447618,1.7290187779532975,-1.6452344787,1.6704253
767,0.759118059151199,1.728018930258141,-1.6452180852,1.6704330
768,0.7591355115576363,1.7270190825629843,-1.6452016508,1.6704694
769,0.7591529639640735,1.726019234867828,-1.6451851850,1.6705249
770,0.7591704163705107,1.7250193871726716,-1.6451686772,1.6705310
771,0.759187868776948,1.724019539477515,-1.6451521300,1.6705715
772,0.7592053211833852,1.7230196917823586,-1.6451355442,1.6706581
773,0.7592227735898225,1.722019844087202,-1.6451189252,1.6706557
774,0.7592402259962597,1.7210199963920456,-1.6451022673,1.6706510
775,0.759257678402697,1.7200201486968891,-1.6450855680,1.6706852
776,0.7592751308091342,1.7190203010017326,-1.6450688324,1.6707262
777,0.7592925832155715,1.7180204533065762,-1.6450520601,1.6707605
778,0.7593100356220087,1.7170206056114197,-1.6450352504,1.6708161
779,0.759327488028446,1.7160207579162632,-1.6450183988,1.6708270
780,0.7593449404348832,1.7150209102211067,-1.6450015051,1.6708554
781,0.7593798399315858,1.7140215193940875,-1.6449845840,1.6708762
782,0.759397292338023,1.713021671698931,-1.6449676162,1.6709343
783,0.7594147447444602,1.7120218240037746,-1.6449506138,1.6709929
784,0.7594321971508975,1.711021976308618,-1.6449335706,1.6709846
785,0.7594496495573347,1.7100221286134616,-1.6449164893,1.6710256
786,0.759467101963772,1.709022280918305,-1.6448993699,1.6710331
787,0.7594845543702092,1.7080224332231486,-1.6448822072,1.6710925
788,0.7595020067766465,1.707022585527992,-1.6448650145,1.6710974
789,0.7595194591830837,1.7060227378328356,-1.6448477781,1.6711612
790,0.759536911589521,1.7050228901376792,-1.6448305024,1.6711577
791,0.7595543639959582,1.704023042442523,-1.6448131844,1.6712513
792,0.7595718164023955,1.7030231947473662,-1.6447958320,1.6712406
793,0.7595892688088327,1.7020233470522097,-1.6447784406,1.6712541
794,0.7596241683055353,1.7010239562251903,-1.6447610076,1.6712694
795,0.7596416207119725,1.700024108530034,-1.6447435373,1.6713057
796,0.7596590731184097,1.6990242608348776,-1.6447260249,1.6713690
797,0.759676525524847,1.698024413139721,-1.6447084752,1.6714030
798,0.7596939779312842,1.6970245654445646,-1.6446908890,1.6714202
799,0.7597114303377215,1.696024717749408,-1.6446732605,1.6714479
800,0.7597288827441587,1.6950248700542516,-1.6446555921,1.6714774
801,0.759746335150596,1.6940250223590951,-1.6446378856,1.6715129
802,0.7597812346472985,1.693025631532076,-1.6446201384,1.6715530
803,0.7597986870537358,1.6920257838369197,-1.6446023472,1.6715974
804,0.759816139460173,1.691025936141763,-1.6445845231,1.6716583
805,0.7598335918666103,1.6900260884466063,-1.6445666560,1.6716370
806,0.7598510442730475,1.68902624075145,-1.6445487522,1.6716774
807,0.7598684966794848,1.6880263930562935,-1.6445308045,1.6717040
808,0.7599033961761873,1.6870270022292744,-1.6445128186,1.6717273
809,0.7599208485826245,1.686027154534118,-1.6444947907,1.6717579
810,0.7599383009890618,1.6850273068389614,-1.6444767267,1.6718123
811,0.759955753395499,1.684027459143805,-1.6444586207,1.6718381
812,0.7599732058019363,1.6830276114486484,-1.6444404725,1.6718547
813,0.7600081052986388,1.6820282206216293,-1.6444222838,1.6718953
814,0.7600255577050761,1.6810283729264728,-1.6444040576,1.6719264
815,0.7600430101115133,1.6800285252313163,-1.6443857887,1.6719489
816,0.7600604625179506,1.6790286775361598,-1.6443674811,1.6719902
817,0.7600779149243878,1.678028829841003,-1.6443491361,1.6720088
818,0.7601128144210904,1.6770294390139842,-1.6443307433,1.6720501
819,0.7601302668275276,1.6760295913188277,-1.6443123146,1.6720830
820,0.7601477192339648,1.6750297436236712,-1.6442938445,1.6721087
821,0.7601651716404021,1.6740298959285147,-1.6442753316,1.6721769
822,0.7602000711371046,1.6730305051014955,-1.6442567859,1.6721538
823,0.7602175235435419,1.672030657406339,-1.6442381918,1.6721830
824,0.7602349759499791,1.6710308097111826,-1.6442195608,1.6722088
825,0.7602524283564164,1.670030962016026,-1.6442008834,1.6722600
826,0.7602873278531189,1.669031571189007,-1.6441821710,1.6722709
827,0.7603047802595562,1.6680317234938504,-1.6441634094,1.6723459
828,0.7603222326659934,1.667031875798694,-1.6441446180,1.6723517
829,0.760357132162696,1.6660324849716748,-1.6441257796,1.6723741
830,0.7603745845691332,1.6650326372765183,-1.6441069007,1.6724091
831,0.7603920369755705,1.6640327895813618,-1.6440879782,1.6724355
832,0.7604094893820077,1.663032941886205,-1.6440690182,1.6724711
833,0.7604443888787102,1.6620335510591862,-1.6440500153,1.6724894
834,0.7604618412851475,1.6610337033640297,-1.6440309722,1.6725223
835,0.7604792936915847,1.6600338556688732,-1.6440118862,1.6725612
836,0.7605141931882873,1.659034464841854,-1.6439927550,1.6725858
837,0.7605316455947245,1.6580346171466975,-1.6439735887,1.6726170
838,0.7605490980011618,1.657034769451541,-1.6439543792,1.6726479
839,0.7605839974978643,1.656035378624522,-1.6439351269,1.6726604
840,0.7606014499043016,1.6550355309293654,-1.6439158330,1.6726865
841,0.7606189023107388,1.654035683234209,-1.6438964982,1.6727246
842,0.7606538018074414,1.6530362924071895,-1.6438771197,1.6727620
843,0.7606712542138786,1.6520364447120333,-1.6438577000,1.6727917
844,0.7607061537105811,1.651037053885014,-1.6438382410,1.6727927
845,0.7607236061170184,1.6500372061898576,-1.6438187360,1.6728622
846,0.7607410585234556,1.6490373584947011,-1.6437991937,1.6728907
847,0.7607759580201582,1.648037967667682,-1.6437796046,1.6729485
848,0.7607934104265954,1.6470381199725257,-1.6437599753,1.6729541
849,0.760828309923298,1.6460387291455063,-1.6437403075,1.6729497
850,0.7608457623297352,1.6450388814503498,-1.6437205945,1.6729765
851,0.7608632147361725,1.6440390337551931,-1.6437008395,1.6730332
852,0.760898114232875,1.6430396429281742,-1.6436810403,1.6730467
853,0.7609155666393123,1.6420397952330177,-1.6436612011,1.6730927
854,0.7609504661360148,1.6410404044059983,-1.6436413192,1.6731110
855,0.760967918542452,1.640040556710842,-1.6436213933,1.6731533
856,0.7610028180391546,1.6390411658838229,-1.6436014238,1.6731907
857,0.7610202704455918,1.6380413181886664,-1.6435814173,1.6731804
858,0.7610551699422944,1.6370419273616472,-1.6435613644,1.6732253
859,0.7610900694389969,1.636042536534628,-1.6435412701,1.6732458
860,0.7611249689356995,1.635043145707609,-1.6435211320,1.6732918
861,0.761159868432402,1.6340437548805895,-1.6435009501,1.6733191
862,0.7611947679291046,1.6330443640535706,-1.6434807302,1.6733084
863,0.7612296674258071,1.6320449732265514,-1.6434604600,1.6733611
864,0.7612645669225097,1.6310455823995322,-1.6434401531,1.6733401
865,0.7612994664192122,1.630046191572513,-1.6434197995,1.6733882
866,0.7613343659159147,1.629046800745494,-1.6433994040,1.6733937
867,0.7613692654126173,1.6280474099184747,-1.6433789659,1.6734186
868,0.7614041649093198,1.6270480190914556,-1.6433584865,1.6734289
869,0.7614390644060224,1.6260486282644364,-1.6433379634,1.6734350
870,0.7614739639027249,1.6250492374374172,-1.6433173948,1.6735064
871,0.7615088633994275,1.624049846610398,-1.6432967835,1.6735274
872,0.76154376289613,1.623050455783379,-1.6432761303,1.6735261
873,0.7615786623928326,1.6220510649563598,-1.6432554337,1.6735141
874,0.7616135618895351,1.6210516741293406,-1.6432346908,1.6735607
875,0.7616484613862377,1.6200522833023214,-1.6432139070,1.6735843
876,0.7616833608829402,1.6190528924753025,-1.6431930810,1.6735759
877,0.7617182603796427,1.618053501648283,-1.6431722099,1.6736421
878,0.7617531598763453,1.617054110821264,-1.6431512934,1.6736594
879,0.7617880593730478,1.6160547199942448,-1.6431303387,1.6736551
880,0.7618229588697504,1.6150553291672256,-1.6431093350,1.6736931
881,0.7618578583664529,1.6140559383402064,-1.6430882888,1.6737308
882,0.7618927578631555,1.6130565475131873,-1.6430672001,1.6737320
883,0.761927657359858,1.612057156686168,-1.6430460674,1.6737563
884,0.7619625568565606,1.611057765859149,-1.6430248928,1.6737750
885,0.7619974563532631,1.6100583750321298,-1.6430036730,1.6738047
886,0.7620323558499656,1.6090589842051106,-1.6429824051,1.6738296
887,0.7620672553466682,1.6080595933780917,-1.6429611013,1.6738465
888,0.7621021548433707,1.6070602025510723,-1.6429397499,1.6738682
889,0.7621370543400733,1.6060608117240531,-1.6429183545,1.6738906
890,0.7621719538367758,1.605061420897034,-1.6428969152,1.6739108
891,0.7622068533334784,1.6040620300700148,-1.6428754307,1.6739392
892,0.7622417528301809,1.6030626392429956,-1.6428539027,1.6739735
893,0.7622766523268835,1.6020632484159765,-1.6428323315,1.6739915
894,0.762311551823586,1.6010638575889573,-1.6428107134,1.6740298
895,0.7623464513202886,1.600064466761938,-1.6427890503,1.6740563
896,0.7623813508169911,1.599065075934919,-1.6427673506,1.6740688
897,0.7624162503136936,1.5980656851078998,-1.6427456073,1.6740688
898,0.7624511498103962,1.5970662942808806,-1.6427238134,1.6740968
899,0.7624860493070987,1.5960669034538617,-1.6427019768,1.6740906
900,0.7625209488038013,1.5950675126268423,-1.6426800966,1.6741379
901,0.7625558483005038,1.5940681217998232,-1.6426581658,1.6741814
902,0.7625907477972064,1.593068730972804,-1.6426361998,1.6741776
903,0.7626256472939089,1.5920693401457848,-1.6426141850,1.6742055
904,0.7626605467906115,1.5910699493187657,-1.6425921250,1.6742417
905,0.762695446287314,1.5900705584917465,-1.6425700228,1.6742567
906,0.7627303457840166,1.5890711676647271,-1.6425478771,1.6742402
907,0.7627652452807191,1.5880717768377082,-1.6425256847,1.6742471
908,0.7628001447774216,1.587072386010689,-1.6425034481,1.6742822
909,0.7628350442741242,1.5860729951836698,-1.6424811678,1.6743207
910,0.7628699437708267,1.585073604356651,-1.6424588414,1.6743220
911,0.7629048432675293,1.5840742135296315,-1.6424364679,1.6743745
912,0.7629397427642318,1.5830748227026123,-1.6424140530,1.6743928
913,0.7629746422609344,1.5820754318755932,-1.6423915935,1.6744324
914,0.7630095417576369,1.581076041048574,-1.6423690881,1.6744386
915,0.7630444412543395,1.5800766502215549,-1.6423465378,1.6744628
916,0.763079340751042,1.5790772593945357,-1.6423239428,1.6744865
917,0.7631142402477445,1.5780778685675163,-1.6423013019,1.6745461
918,0.7631491397444471,1.5770784777404974,-1.6422786199,1.6745449
919,0.7631840392411496,1.5760790869134782,-1.6422558876,1.6745554
920,0.7632189387378522,1.575079696086459,-1.6422331146,1.6745928
921,0.7632538382345547,1.57408030525944,-1.6422102943,1.6746199
922,0.7632887377312573,1.5730809144324207,-1.6421874315,1.6746275
923,0.7633236372279598,1.5720815236054015,-1.6421645190,1.6746907
924,0.7633585367246624,1.5710821327783824,-1.6421415634,1.6746937
925,0.7633934362213649,1.5700827419513632,-1.6421185665,1.6747098
926,0.7634283357180675,1.569083351124344,-1.6420955220,1.6747405
927,0.76346323521477,1.5680839602973249,-1.6420724274,1.6747957
928,0.7634981347114725,1.5670845694703055,-1.6420492950,1.6747851
929,0.7635330342081751,1.5660851786432866,-1.6420261150,1.6748080
930,0.7635679337048776,1.5650857878162674,-1.6420028881,1.6748342
931,0.7636028332015802,1.5640863969892482,-1.6419796182,1.6748634
932,0.7636377326982827,1.563087006162229,-1.6419563014,1.6748809
933,0.7636726321949853,1.56208761533521,-1.6419329369,1.6749235
934,0.7637249681512283,1.5610889858004553,-1.6419095329,1.6748411
935,0.7637598676479308,1.560089594973436,-1.6418860797,1.6749462
936,0.7637947671446333,1.559090204146417,-1.6418625807,1.6749787
937,0.7638296666413359,1.5580908133193978,-1.6418390355,1.6749902
938,0.7638645661380384,1.5570914224923786,-1.6418154495,1.6750244
939,0.763899465634741,1.5560920316653597,-1.6417918157,1.6750426
940,0.7639343651314435,1.5550926408383403,-1.6417681320,1.6750639
941,0.7639692646281461,1.5540932500113211,-1.6417444105,1.6750983
942,0.7640216005843891,1.5530946204765663,-1.6417206419,1.6750961
943,0.7640565000810916,1.5520952296495474,-1.6416968256,1.6751153
944,0.7640913995777942,1.5510958388225282,-1.6416729624,1.6751519
945,0.7641262990744967,1.550096447995509,-1.6416490566,1.6751556
946,0.7641611985711992,1.54909705716849,-1.6416251018,1.6752033
947,0.7642135345274422,1.5480984276337353,-1.6416011030,1.6752139
948,0.7642484340241448,1.547099036806716,-1.6415770582,1.6752365
949,0.7642833335208473,1.546099645979697,-1.6415529698,1.6752576
950,0.7643182330175499,1.5451002551526778,-1.6415288319,1.6752459
951,0.7643705689737929,1.5441016256179232,-1.6415046512,1.6752901
952,0.7644229049300358,1.5431029960831686,-1.6414804230,1.6753008
953,0.7644752408862788,1.542104366548414,-1.6414561476,1.6753163
954,0.7645275768425218,1.5411057370136594,-1.6414318321,1.6753121
955,0.7645799127987648,1.5401071074789048,-1.6414074670,1.6753220
956,0.7646322487550078,1.5391084779441502,-1.6413830546,1.6753330
957,0.7646845847112508,1.5381098484093956,-1.6413585974,1.6753466
958,0.7647369206674938,1.537111218874641,-1.6413340904,1.6753483
959,0.7647892566237368,1.5361125893398864,-1.6413095454,1.6753646
960,0.7648415925799797,1.5351139598051318,-1.6412849510,1.6753678
961,0.7648939285362227,1.5341153302703772,-1.6412603078,1.6754040
962,0.7649462644924657,1.5331167007356226,-1.6412356205,1.6753747
963,0.7649986004487087,1.532118071200868,-1.6412108894,1.6753485
964,0.7650509364049517,1.5311194416661134,-1.6411861082,1.6754323
965,0.7651032723611947,1.5301208121313588,-1.6411612827,1.6754377
966,0.7651556083174377,1.5291221825966042,-1.6411364116,1.6754470
967,0.7652079442736807,1.5281235530618495,-1.6411114947,1.6754378
968,0.7652602802299237,1.527124923527095,-1.6410865308,1.6754786
969,0.7653126161861666,1.5261262939923403,-1.6410615245,1.6754698
970,0.7653649521424096,1.5251276644575855,-1.6410364687,1.6754725
971,0.7654172880986526,1.5241290349228311,-1.6410113650,1.6754237
972,0.7654696240548956,1.5231304053880763,-1.6409862208,1.6754812
973,0.7655219600111386,1.522131775853322,-1.6409610289,1.6755042
974,0.7655742959673816,1.521133146318567,-1.6409357894,1.6755148
975,0.7656266319236246,1.5201345167838127,-1.6409105029,1.6754652
976,0.7656789678798676,1.519135887249058,-1.6408851700,1.6755497
977,0.7657313038361105,1.5181372577143035,-1.6408597941,1.6755397
978,0.7657836397923535,1.517138628179549,-1.6408343716,1.6755619
979,0.7658359757485965,1.5161399986447943,-1.6408089010,1.6755746
980,0.7658883117048395,1.5151413691100395,-1.6407833868,1.6755827
981,0.7659406476610825,1.5141427395752851,-1.6407578233,1.6755996
982,0.7659929836173255,1.5131441100405305,-1.6407322148,1.6756140
983,0.7660453195735685,1.512145480505776,-1.6407065626,1.6756148
984,0.7660976555298115,1.5111468509710213,-1.6406808621,1.6756146
985,0.7661499914860544,1.5101482214362667,-1.6406551190,1.6756232
986,0.7662023274422974,1.509149591901512,-1.6406293278,1.6756355
987,0.7662546633985404,1.5081509623667575,-1.6406034888,1.6756507
988,0.7663069993547834,1.507152332832003,-1.6405776053,1.6756753
989,0.7663593353110264,1.5061537032972483,-1.6405516769,1.6756790
990,0.7664116712672694,1.5051550737624937,-1.6405257013,1.6756915
991,0.7664640072235124,1.504156444227739,-1.6404996792,1.6757097
992,0.7665163431797554,1.5031578146929845,-1.6404736104,1.6757255
993,0.7665686791359984,1.50215918515823,-1.6404474995,1.6757193
994,0.7666210150922413,1.5011605556234753,-1.6404213396,1.6756797
995,0.7666733510484843,1.500161926088721,-1.6403951337,1.6756857
996,0.7667256870047273,1.499163296553966,-1.6403688838,1.6757479
997,0.7667780229609703,1.4981646670192117,-1.6403425865,1.6757622
998,0.7668303589172133,1.4971660374844569,-1.6403162413,1.6757895
999,0.7668826948734563,1.4961674079497025,-1.6402898534,1.6757787
1000,0.7669350308296993,1.4951687784149477,-1.6402634179,1.6758016
1001,0.7669873667859423,1.494170148880193,-1.6402369372,1.6758094
1002,0.7670397027421852,1.4931715193454385,-1.6402104104,1.6758271
1003,0.7670920386984282,1.492172889810684,-1.6401838366,1.6758434
1004,0.7671443746546712,1.4911742602759293,-1.6401572213,1.6758355
1005,0.7671967106109142,1.4901756307411749,-1.6401305567,1.6758475
1006,0.7672490465671572,1.48917700120642,-1.6401038459,1.6758602
1007,0.7673013825234002,1.4881783716716654,-1.6400770875,1.6758722
1008,0.7673537184796432,1.4871797421369108,-1.6400502872,1.6758966
1009,0.7674060544358862,1.4861811126021562,-1.6400234406,1.6759054
1010,0.7674583903921292,1.4851824830674016,-1.6399965464,1.6759442
1011,0.7675107263483721,1.484183853532647,-1.6399696085,1.6759354
1012,0.7675630623046151,1.4831852239978924,-1.6399426246,1.6759446
1013,0.7676153982608581,1.4821865944631378,-1.6399155953,1.6759428
1014,0.7676677342171011,1.4811879649283832,-1.6398885170,1.6759868
1015,0.7677374906908452,1.4801904008781237,-1.6398613958,1.6759731
1016,0.7678072471645893,1.4791928368278635,-1.6398342281,1.6759406
1017,0.7678770036383333,1.478195272777604,-1.6398070131,1.6759648
1018,0.7679467601120774,1.4771977087273442,-1.6397797503,1.6759602
1019,0.7680165165858215,1.4762001446770845,-1.6397524495,1.6759353
1020,0.7680862730595656,1.4752025806268247,-1.6397250946,1.6759477
1021,0.7681560295333096,1.474205016576565,-1.6396976985,1.6759436
1022,0.7682257860070537,1.4732074525263053,-1.6396702588,1.6759480
1023,0.7682955424807978,1.4722098884760455,-1.6396427666,1.6758865
1024,0.7683652989545419,1.4712123244257858,-1.6396152360,1.6759235
1025,0.7684350554282859,1.470214760375526,-1.6395876551,1.6759282
1026,0.76850481190203,1.4692171963252665,-1.6395600305,1.6759137
1027,0.7685745683757741,1.4682196322750063,-1.6395323587,1.6758977
1028,0.7686443248495182,1.4672220682247468,-1.6395046420,1.6759295
1029,0.7687140813232622,1.466224504174487,-1.6394768804,1.6759100
1030,0.7687838377970063,1.4652269401242273,-1.6394490741,1.6759117
1031,0.7688535942707504,1.4642293760739675,-1.6394212216,1.6759075
1032,0.7689233507444945,1.4632318120237078,-1.6393933236,1.6759074
1033,0.7689931072182385,1.462234247973448,-1.6393653804,1.6759032
1034,0.7690628636919826,1.4612366839231885,-1.6393373919,1.6758997
1035,0.7691326201657267,1.4602391198729283,-1.6393093582,1.6758968
1036,0.7692023766394708,1.4592415558226688,-1.6392812793,1.6758943
1037,0.7692721331132149,1.458243991772409,-1.6392531552,1.6758919
1038,0.7693418895869589,1.4572464277221493,-1.6392249860,1.6758898
1039,0.769411646060703,1.4562488636718895,-1.6391967718,1.6758878
1040,0.7694814025344471,1.4552512996216298,-1.6391685127,1.6758859
1041,0.7695511590081912,1.45425373557137,-1.6391402085,1.6758841
1042,0.7696209154819352,1.4532561715211103,-1.6391118595,1.6758824
1043,0.7696906719556793,1.4522586074708506,-1.6390834656,1.6758809
1044,0.7697604284294234,1.4512610434205908,-1.6390550253,1.6758802
1045,0.7698301849031675,1.450263479370331,-1.6390265439,1.6758724
1046,0.7698999413769115,1.449265915320071,-1.6389980154,1.6758774
1047,0.7699696978506556,1.4482683512698116,-1.6389694419,1.6758849
1048,0.7700394543243997,1.4472707872195518,-1.6389408252,1.6758794
1049,0.7701092107981438,1.446273223169292,-1.6389121634,1.6758700
1050,0.7701789672718878,1.4452756591190323,-1.6388834555,1.6758689
1051,0.7702487237456319,1.4442780950687726,-1.6388547052,1.6758820
1052,0.770318480219376,1.4432805310185128,-1.6388259075,1.6758802
1053,0.7703882366931201,1.442282966968253,-1.6387970668,1.6758701
1054,0.7704579931668641,1.4412854029179931,-1.6387681836,1.6758732
1055,0.7705277496406082,1.4402878388677336,-1.6387392587,1.6758626
1056,0.7705975061143523,1.4392902748174738,-1.6387102869,1.6758658
1057,0.7706672625880964,1.438292710767214,-1.6386812701,1.6758795
1058,0.7707370190618404,1.4372951467169544,-1.6386522069,1.6758692
1059,0.7708067755355845,1.4362975826666946,-1.6386231042,1.6758757
1060,0.7708765320093286,1.4353000186164349,-1.6385939542,1.6758676
1061,0.7709462884830727,1.4343024545661751,-1.6385647625,1.6758684
1062,0.7710334442258203,1.4333062598680837,-1.6385355278,1.6758042
1063,0.771120599968568,1.4323100651699918,-1.6385062463,1.6758644
1064,0.7712077557113156,1.4313138704719002,-1.6384769230,1.6758020
1065,0.7712949114540633,1.4303176757738083,-1.6384475513,1.6758463
1066,0.7713820671968109,1.4293214810757169,-1.6384181416,1.6758091
1067,0.7714692229395586,1.4283252863776252,-1.6383886826,1.6757733
1068,0.7715563786823062,1.4273290916795336,-1.6383591864,1.6757510
1069,0.7716435344250538,1.426332896981442,-1.6383296424,1.6757323
1070,0.7717306901678015,1.4253367022833503,-1.6383000519,1.6757119
1071,0.7718178459105491,1.4243405075852589,-1.6382704237,1.6757162
1072,0.7719050016532968,1.423344312887167,-1.6382407499,1.6756839
1073,0.7719921573960444,1.4223481181890754,-1.6382110285,1.6756654
1074,0.7720793131387921,1.4213519234909835,-1.6381812711,1.6756535
1075,0.7721664688815397,1.420355728792892,-1.6381514641,1.6756303
1076,0.7722536246242874,1.4193595340948004,-1.6381216197,1.6756440
1077,0.772340780367035,1.4183633393967088,-1.6380917293,1.6756296
1078,0.7724279361097827,1.4173671446986171,-1.6380617958,1.6756115
1079,0.7725150918525303,1.4163709500005257,-1.6380318149,1.6755530
1080,0.772602247595278,1.4153747553024338,-1.6380018008,1.6755663
1081,0.7726894033380256,1.4143785606043422,-1.6379717391,1.6755433
1082,0.7727765590807733,1.4133823659062503,-1.6379416351,1.6755373
1083,0.7728637148235209,1.412386171208159,-1.6379114897,1.6755356
1084,0.7729508705662685,1.4113899765100673,-1.6378813001,1.6755020
1085,0.7730380263090162,1.4103937818119756,-1.6378510689,1.6755112
1086,0.7731251820517638,1.409397587113884,-1.6378207963,1.6754891
1087,0.7732123377945115,1.4084013924157923,-1.6377904816,1.6754730
1088,0.7732994935372591,1.407405197717701,-1.6377601208,1.6754714
1089,0.7733866492800068,1.406409003019609,-1.6377297246,1.6754404
1090,0.7734738050227544,1.4054128083215174,-1.6376992853,1.6754329
1091,0.7735609607655021,1.4044166136234255,-1.6376688031,1.6754216
1092,0.7736481165082497,1.403420418925334,-1.6376382790,1.6754033
1093,0.7737352722509974,1.4024242242272424,-1.6376077112,1.6753989
1094,0.773822427993745,1.4014280295291508,-1.6375771038,1.6753832
1095,0.7739095837364927,1.4004318348310592,-1.6375464552,1.6753687
1096,0.7739967394792403,1.3994356401329675,-1.6375157680,1.6753463
1097,0.774083895221988,1.398439445434876,-1.6374850369,1.6753354
1098,0.7741710509647356,1.3974432507367842,-1.6374542647,1.6753350
1099,0.7742755794280033,1.396448728841416,-1.6374234528,1.6753021
1100,0.774380107891271,1.3954542069460478,-1.6373925987,1.6752602
1101,0.7744846363545387,1.3944596850506796,-1.6373617031,1.6752456
1102,0.7745891648178064,1.3934651631553114,-1.6373307680,1.6751832
1103,0.7746936932810741,1.3924706412599432,-1.6372997909,1.6751573
1104,0.7747982217443418,1.391476119364575,-1.6372687691,1.6751008
1105,0.7749027502076095,1.3904815974692069,-1.6372377064,1.6750836
1106,0.7750072786708772,1.3894870755738389,-1.6372066108,1.6750516
1107,0.7751118071341448,1.3884925536784705,-1.6371754692,1.6750390
1108,0.7752163355974125,1.3874980317831025,-1.6371442934,1.6750173
1109,0.7753208640606802,1.386503509887734,-1.6371130742,1.6749849
1110,0.7754253925239479,1.385508987992366,-1.6370818057,1.6749111
1111,0.7755299209872156,1.3845144660969977,-1.6370505127,1.6749622
1112,0.7756344494504833,1.3835199442016295,-1.6370191733,1.6749373
1113,0.775738977913751,1.3825254223062613,-1.6369877876,1.6748356
1114,0.7758435063770187,1.381530900410893,-1.6369563718,1.6748223
1115,0.7759480348402864,1.380536378515525,-1.6369249137,1.6748601
1116,0.7760525633035541,1.3795418566201567,-1.6368934191,1.6748191
1117,0.7761570917668218,1.3785473347247883,-1.6368618830,1.6747669
1118,0.7762616202300895,1.3775528128294203,-1.6368303079,1.6747454
1119,0.7763661486933572,1.376558290934052,-1.6367986937,1.6747221
1120,0.7764706771566249,1.375563769038684,-1.6367670406,1.6746932
1121,0.7765752056198926,1.3745692471433155,-1.6367353495,1.6746801
1122,0.7766797340831603,1.3735747252479475,-1.6367036184,1.6746168
1123,0.776784262546428,1.3725802033525794,-1.6366718487,1.6745795
1124,0.7768887910096957,1.3715856814572112,-1.6366400450,1.6745884
1125,0.7769933194729634,1.370591159561843,-1.6366082034,1.6745633
1126,0.777097847936231,1.3695966376664748,-1.6365763219,1.6745390
1127,0.7772023763994987,1.3686021157711066,-1.6365444026,1.6745126
1128,0.7773242457429039,1.3676095696194652,-1.6365124459,1.6744697
1129,0.7774461150863091,1.366617023467824,-1.6364804487,1.6744412
1130,0.7775679844297143,1.3656244773161823,-1.6364484166,1.6743986
1131,0.7776898537731195,1.3646319311645412,-1.6364163465,1.6743480
1132,0.7778117231165247,1.3636393850128998,-1.6363842383,1.6742906
1133,0.7779335924599299,1.3626468388612585,-1.6363520933,1.6742500
1134,0.7780554618033351,1.3616542927096171,-1.6363199106,1.6742199
1135,0.7781773311467403,1.3606617465579758,-1.6362876914,1.6741822
1136,0.7782992004901454,1.3596692004063344,-1.6362554354,1.6741434
1137,0.7784210698335506,1.358676654254693,-1.6362231428,1.6741030
1138,0.7785429391769558,1.3576841081030515,-1.6361908136,1.6740669
1139,0.778664808520361,1.3566915619514104,-1.6361584485,1.6740260
1140,0.7787866778637662,1.355699015799769,-1.6361260473,1.6739858
1141,0.7789085472071714,1.3547064696481277,-1.6360936107,1.6739279
1142,0.7790304165505766,1.3537139234964863,-1.6360611378,1.6738902
1143,0.7791522858939818,1.352721377344845,-1.6360286294,1.6738521
1144,0.779274155237387,1.3517288311932036,-1.6359960856,1.6738119
1145,0.7793960245807922,1.3507362850415623,-1.6359635068,1.6737719
1146,0.7795178939241973,1.349743738889921,-1.6359308932,1.6737333
1147,0.7796397632676025,1.3487511927382796,-1.6358982449,1.6736935
1148,0.7797616326110077,1.3477586465866382,-1.6358655619,1.6736538
1149,0.7798835019544129,1.346766100434997,-1.6358328443,1.6736157
1150,0.7800053712978181,1.3457735542833555,-1.6358000964,1.6735858
1151,0.7801272406412233,1.3447810081317142,-1.6357673074,1.6735412
1152,0.7802491099846285,1.3437884619800728,-1.6357344892,1.6735042
1153,0.7803709793280337,1.3427959158284315,-1.6357016363,1.6734589
1154,0.7805101524289937,1.34180564775969,-1.6356687505,1.6734101
1155,0.7806493255299537,1.3408153796909486,-1.6356358293,1.6733597
1156,0.7807884986309137,1.339825111622207,-1.6356028746,1.6733067
1157,0.7809276717318737,1.3388348435534656,-1.6355698888,1.6732438
1158,0.7810668448328337,1.337844575484724,-1.6355368674,1.6731897
1159,0.7812060179337937,1.3368543074159829,-1.6355038128,1.6731336
1160,0.7813451910347537,1.3358640393472412,-1.6354707255,1.6730798
1161,0.7814843641357138,1.3348737712784997,-1.6354376055,1.6730261
1162,0.7816235372366738,1.3338835032097582,-1.6354044510,1.6729858
1163,0.7817627103376338,1.3328932351410168,-1.6353712664,1.6729325
1164,0.7819018834385938,1.3319029670722753,-1.6353380499,1.6728793
1165,0.7820410565395538,1.3309126990035338,-1.6353048017,1.6728262
1166,0.7821802296405138,1.3299224309347923,-1.6352715221,1.6727733
1167,0.7823194027414738,1.3289321628660509,-1.6352382112,1.6727207
1168,0.7824585758424338,1.3279418947973094,-1.6352048692,1.6726685
1169,0.7825977489433938,1.326951626728568,-1.6351714965,1.6726165
1170,0.7827369220443539,1.3259613586598265,-1.6351380932,1.6725646
1171,0.7828760951453139,1.324971090591085,-1.6351046596,1.6725130
1172,0.7830152682462739,1.3239808225223435,-1.6350711960,1.6724615
1173,0.7831544413472339,1.322990554453602,-1.6350377061,1.6723968
1174,0.7832936144481939,1.3220002863848606,-1.6350041831,1.6723457
1175,0.7834500489132341,1.3210125980442655,-1.6349706303,1.6722784
1176,0.7836064833782743,1.3200249097036705,-1.6349370475,1.6722113
1177,0.7837629178433145,1.3190372213630754,-1.6349034348,1.6721446
1178,0.7839193523083547,1.3180495330224804,-1.6348697927,1.6720781
1179,0.784075786773395,1.3170618446818854,-1.6348361213,1.6720120
1180,0.7842322212384352,1.3160741563412903,-1.6348024209,1.6719466
1181,0.7843886557034754,1.3150864680006953,-1.6347686912,1.6718961
1182,0.7845450901685156,1.3140987796601002,-1.6347349339,1.6718302
1183,0.7847015246335558,1.3131110913195052,-1.6347011484,1.6717618
1184,0.784857959098596,1.3121234029789102,-1.6346673351,1.6716955
1185,0.7850143935636362,1.3111357146383151,-1.6346334942,1.6716311
1186,0.7851708280286764,1.31014802629772,-1.6345996260,1.6715672
1187,0.7853272624937166,1.309160337957125,-1.6345657307,1.6715035
1188,0.7854836969587569,1.30817264961653,-1.6345318088,1.6714401
1189,0.7856401314237971,1.307184961275935,-1.6344978604,1.6713782
1190,0.7857965658888373,1.30619727293534,-1.6344638859,1.6713152
1191,0.7859530003538775,1.305209584594745,-1.6344298856,1.6712536
1192,0.7861094348189177,1.30422189625415,-1.6343958597,1.6711910
1193,0.7862658692839579,1.3032342079135548,-1.6343618085,1.6711285
1194,0.7864223037489981,1.3022465195729598,-1.6343277323,1.6710663
1195,0.7865959519266651,1.3012617118199477,-1.6342936304,1.6709884
1196,0.7867696001043321,1.3002769040669355,-1.6342595031,1.6709108
1197,0.786943248281999,1.2992920963139234,-1.6342253506,1.6708333
1198,0.787116896459666,1.2983072885609113,-1.6341911732,1.6707561
1199,0.787290544637333,1.2973224808078991,-1.6341569713,1.6706791
1200,0.7874641928149999,1.296337673054887,-1.6341227453,1.6706014
1201,0.7876378409926669,1.2953528653018749,-1.6340884953,1.6705249
1202,0.7878114891703338,1.2943680575488627,-1.6340542219,1.6704486
1203,0.7879851373480008,1.2933832497958506,-1.6340199252,1.6703726
1204,0.7881587855256678,1.2923984420428385,-1.6339856057,1.6702968
1205,0.7883324337033347,1.2914136342898264,-1.6339512636,1.6702212
1206,0.7885060818810017,1.2904288265368142,-1.6339168993,1.6701451
1207,0.7886797300586686,1.289444018783802,-1.6338825132,1.6700699
1208,0.7888533782363356,1.28845921103079,-1.6338481055,1.6699949
1209,0.7890270264140026,1.2874744032777778,-1.6338136767,1.6699201
1210,0.7892006745916695,1.2864895955247655,-1.6337792270,1.6698455
1211,0.7893743227693365,1.2855047877717536,-1.6337447567,1.6697711
1212,0.7895479709470035,1.2845199800187417,-1.6337102664,1.6696981
1213,0.78973877994238,1.2835383528352935,-1.6336757549,1.6696087
1214,0.7899295889377564,1.282556725651846,-1.6336412226,1.6695197
1215,0.7901203979331329,1.2815750984683982,-1.6336066711,1.6694182
1216,0.7903112069285094,1.2805934712849505,-1.6335720987,1.6693263
1217,0.7905020159238859,1.2796118441015027,-1.6335375068,1.6692397
1218,0.7906928249192624,1.278630216918055,-1.6335028957,1.6691549
1219,0.7908836339146389,1.2776485897346073,-1.6334682657,1.6690714
1220,0.7910744429100154,1.2766669625511595,-1.6334336173,1.6689874
1221,0.7912652519053919,1.2756853353677118,-1.6333989509,1.6689043
1222,0.7914560609007684,1.274703708184264,-1.6333642625,1.6688215
1223,0.7916468698961449,1.2737220810008163,-1.6333295612,1.6687355
1224,0.7918376788915213,1.2727404538173686,-1.6332948430,1.6686502
1225,0.7920284878868978,1.2717588266339208,-1.6332601085,1.6685655
1226,0.7922192968822743,1.270777199450473,-1.6332253581,1.6684809
1227,0.7924101058776508,1.269795572267025,-1.6331905933,1.6683813
1228,0.7926180175684686,1.2688174246662915,-1.6331558109,1.6682819
1229,0.7928259292592864,1.2678392770655578,-1.6331210122,1.6681860
1230,0.7930338409501042,1.266861129464824,-1.6330861973,1.6680918
1231,0.793241752640922,1.2658829818640902,-1.6330513671,1.6679945
1232,0.7934496643317398,1.2649048342633564,-1.6330165219,1.6678925
1233,0.7936575760225576,1.2639266866626226,-1.6329816606,1.6678007
1234,0.7938654877133754,1.2629485390618889,-1.6329467864,1.6677134
1235,0.7940733994041932,1.261970391461155,-1.6329118988,1.6676159
1236,0.794281311095011,1.2609922438604213,-1.6328769976,1.6675224
1237,0.7944892227858288,1.2600140962596875,-1.6328420831,1.6674307
1238,0.7946971344766466,1.2590359486589535,-1.6328071574,1.6673328
1239,0.7949050461674644,1.25805780105822,-1.6327722183,1.6672275
1240,0.7951129578582822,1.2570796534574862,-1.6327372721,1.6671181
1241,0.7953208695491,1.2561015058567524,-1.6327023113,1.6670194
1242,0.7955287812399178,1.2551233582560186,-1.6326673399,1.6669243
1243,0.7957537322942616,1.254148988191233,-1.6326323574,1.6668145
1244,0.7959786833486054,1.253174618126448,-1.6325973638,1.6667032
1245,0.7962036344029493,1.2522002480616627,-1.6325623589,1.6665903
1246,0.7964285854572931,1.2512258779968777,-1.6325273438,1.6664820
1247,0.796653536511637,1.2502515079320922,-1.6324923186,1.6663717
1248,0.7968784875659808,1.2492771378673069,-1.6324572843,1.6662627
1249,0.7971034386203246,1.2483027678025216,-1.6324222441,1.6661608
1250,0.7973283896746685,1.2473283977377363,-1.6323871930,1.6660535
1251,0.7975533407290123,1.246354027672951,-1.6323521339,1.6659465
1252,0.7977782917833561,1.2453796576081655,-1.6323170655,1.6658304
1253,0.7980032428377,1.2444052875433804,-1.6322819927,1.6657253
1254,0.7982281938920438,1.2434309174785951,-1.6322469132,1.6656174
1255,0.7984531449463876,1.2424565474138098,-1.6322118278,1.6655069
1256,0.7986780960007315,1.2414821773490246,-1.6321767348,1.6653872
1257,0.7989200178963312,1.2405118816227485,-1.6321416332,1.6653066
1258,0.7991619397919308,1.2395415858964725,-1.6321065384,1.6651695
1259,0.7994038616875305,1.2385712901701964,-1.6320714297,1.6650574
1260,0.7996457835831302,1.2376009944439204,-1.6320363165,1.6649437
1261,0.7998877054787299,1.2366306987176443,-1.6320011995,1.6648297
1262,0.8001296273743296,1.2356604029913685,-1.6319660767,1.6646897
1263,0.8003715492699293,1.2346901072650922,-1.6319309529,1.6645774
1264,0.800613471165529,1.2337198115388162,-1.6318958258,1.6644564
1265,0.8008553930611286,1.23274951581254,-1.6318606966,1.6643398
1266,0.8010973149567283,1.231779220086264,-1.6318255656,1.6642223
1267,0.801339236852328,1.230808924359988,-1.6317904327,1.6641048
1268,0.8015811587479277,1.229838628633712,-1.6317552992,1.6639735
1269,0.8018230806435274,1.228868332907436,-1.6317201660,1.6638458
1270,0.8020818996886299,1.2279024070811468,-1.6316850317,1.6637501
1271,0.8023407187337324,1.2269364812548578,-1.6316498985,1.6636315
1272,0.8025995377788349,1.2259705554285687,-1.6316147653,1.6634813
1273,0.8028583568239374,1.2250046296022796,-1.6315796310,1.6633676
1274,0.8031171758690399,1.2240387037759906,-1.6315444986,1.6632464
1275,0.8033759949141424,1.2230727779497017,-1.6315093660,1.6631181
1276,0.8036348139592449,1.2221068521234124,-1.6314742341,1.6629260
1277,0.8038936330043474,1.2211409262971231,-1.6314391094,1.6628010
1278,0.8041524520494499,1.2201750004708345,-1.6314039914,1.6627317
1279,0.8044112710945523,1.2192090746445452,-1.6313688745,1.6626215
1280,0.8046700901396548,1.218243148818256,-1.6313337550,1.6624565
1281,0.8049289091847573,1.217277222991967,-1.6312986533,1.6623305
1282,0.8052045465405744,1.2163159612960288,-1.6312635465,1.6621904
1283,0.8054801838963914,1.2153546996000906,-1.6312284502,1.6620907
1284,0.8057558212522085,1.2143934379041523,-1.6311933575,1.6619922
1285,0.8060314586080255,1.213432176208214,-1.6311582708,1.6617754
1286,0.8063070959638425,1.2124709145122758,-1.6311231930,1.6616908
1287,0.8065827333196596,1.2115096528163376,-1.6310881193,1.6615658
1288,0.8068583706754766,1.2105483911203994,-1.6310530527,1.6614280
1289,0.8071340080312936,1.2095871294244611,-1.6310179991,1.6612868
1290,0.8074096453871107,1.2086258677285229,-1.6309829528,1.6611331
1291,0.8076852827429277,1.2076646060325846,-1.6309479151,1.6610136
1292,0.8079609200987448,1.2067033443366464,-1.6309128884,1.6608815
1293,0.8082365574545618,1.205742082640708,-1.6308778729,1.6606980
1294,0.8085289291592845,1.204785777884745,-1.6308428689,1.6605917
1295,0.8088213008640073,1.203829473128782,-1.6308078745,1.6604152
1296,0.80911367256873,1.2028731683728189,-1.6307728917,1.6603195
1297,0.8094060442734528,1.2019168636168558,-1.6307379187,1.6601142
1298,0.8096984159781755,1.2009605588608927,-1.6307029650,1.6600142
1299,0.8099907876828982,1.2000042541049296,-1.6306680210,1.6598443
1300,0.810283159387621,1.1990479493489663,-1.6306330897,1.6597454
1301,0.8105755310923437,1.1980916445930034,-1.6305981742,1.6595913
1302,0.8108679027970664,1.1971353398370403,-1.6305632720,1.6594158
1303,0.8111602745017892,1.1961790350810773,-1.6305283880,1.6592505
1304,0.8114526462065119,1.1952227303251142,-1.6304935257,1.6591723
1305,0.8117450179112347,1.194266425569151,-1.6304586754,1.6589905
1306,0.8120540349056096,1.193315369052856,-1.6304238382,1.6588965
1307,0.8123630518999845,1.1923643125365608,-1.6303890285,1.6587476
1308,0.8126720688943594,1.1914132560202657,-1.6303542310,1.6585871
1309,0.8129810858887343,1.1904621995039706,-1.6303194529,1.6584195
1310,0.8132901028831092,1.1895111429876757,-1.6302846914,1.6582618
1311,0.8135991198774841,1.1885600864713803,-1.6302499549,1.6581226
1312,0.813908136871859,1.1876090299550852,-1.6302152365,1.6579733
1313,0.814217153866234,1.18665797343879,-1.6301805397,1.6578228
1314,0.8145261708606089,1.185706916922495,-1.6301458647,1.6576858
1315,0.8148351878549838,1.1847558604061998,-1.6301112123,1.6575224
1316,0.8151607560094409,1.1838103418306003,-1.6300765828,1.6573656
1317,0.8154863241638981,1.1828648232550012,-1.6300419773,1.6571544
1318,0.8158118923183553,1.181919304679402,-1.6300073956,1.6570455
1319,0.8161374604728124,1.1809737861038023,-1.6299728394,1.6568912
1320,0.8164630286272696,1.1800282675282032,-1.6299383092,1.6567382
1321,0.8167885967817268,1.179082748952604,-1.6299038013,1.6565886
1322,0.8171141649361839,1.1781372303770046,-1.6298693211,1.6564331
1323,0.8174397330906411,1.1771917118014052,-1.6298348682,1.6562750
1324,0.8177653012450983,1.176246193225806,-1.6298004438,1.6561159
1325,0.8180908693995554,1.1753006746502066,-1.6297660494,1.6559600
1326,0.8184164375540126,1.1743551560746073,-1.6297316827,1.6557902
1327,0.8187584576973382,1.1734154634538214,-1.6296973463,1.6556112
1328,0.8191004778406639,1.1724757708330356,-1.6296630398,1.6554359
1329,0.8194424979839895,1.1715360782122497,-1.6296287647,1.6552900
1330,0.8197845181273151,1.1705963855914638,-1.6295945219,1.6551311
1331,0.8201265382706407,1.169656692970678,-1.6295603092,1.6549669
1332,0.8204685584139664,1.168717000349892,-1.6295261299,1.6548092
1333,0.820810578557292,1.1677773077291065,-1.6294919826,1.6546389
1334,0.8211525987006176,1.1668376151083204,-1.6294578713,1.6544723
1335,0.8214946188439433,1.1658979224875343,-1.6294237943,1.6542958
1336,0.8218366389872689,1.164958229866749,-1.6293897540,1.6541408
1337,0.8221950069368141,1.1640246494402515,-1.6293557508,1.6539735
1338,0.8225533748863594,1.1630910690137544,-1.6293217832,1.6538184
1339,0.8229117428359046,1.1621574885872572,-1.6292878527,1.6536504
1340,0.8232701107854499,1.16122390816076,-1.6292539596,1.6534741
1341,0.8236284787349951,1.1602903277342629,-1.6292201036,1.6533015
1342,0.8239868466845404,1.1593567473077655,-1.6291862818,1.6531065
1343,0.8243452146340856,1.1584231668812686,-1.6291525143,1.6529620
1344,0.8247035825836309,1.1574895864547714,-1.6291187781,1.6527846
1345,0.8250619505331761,1.1565560060282742,-1.6290850843,1.6526083
1346,0.8254203184827213,1.155622425601777,-1.6290514384,1.6524576
1347,0.8257786864322666,1.15468884517528,-1.6290178309,1.6522923
1348,0.8261532930256825,1.1537616613207131,-1.6289842721,1.6521142
1349,0.8265278996190984,1.1528344774661463,-1.6289507527,1.6519787
1350,0.8269025062125144,1.1519072936115795,-1.6289172835,1.6518069
1351,0.8272771128059303,1.1509801097570127,-1.6288838547,1.6516466
1352,0.8276517193993462,1.150052925902446,-1.6288504739,1.6514711
1353,0.8280263259927622,1.149125742047879,-1.6288171401,1.6513020
1354,0.8284009325861781,1.1481985581933123,-1.6287838510,1.6510895
1355,0.828775539179594,1.1472713743387457,-1.6287506181,1.6509649
1356,0.8291501457730099,1.146344190484179,-1.6287174341,1.6507459
1357,0.8295247523664259,1.145417006629612,-1.6286843023,1.6506313
1358,0.8299154834949152,1.1444965017761597,-1.6286512154,1.6504127
1359,0.8303062146234045,1.143575996922707,-1.6286181842,1.6502432
1360,0.8306969457518938,1.1426554920692549,-1.6285852030,1.6500792
1361,0.8310876768803831,1.1417349872158022,-1.6285522705,1.6499009
1362,0.8314784080088724,1.1408144823623498,-1.6285194017,1.6497071
1363,0.8318691391373617,1.1398939775088974,-1.6284865809,1.6495346
1364,0.832259870265851,1.138973472655445,-1.6284538195,1.6493629
1365,0.8326506013943403,1.1380529678019926,-1.6284211150,1.6492030
1366,0.8330413325228296,1.1371324629485402,-1.6283884639,1.6490677
1367,0.8334320636513189,1.1362119580950878,-1.6283558737,1.6488520
1368,0.8338388002943947,1.1352984126374452,-1.6283233454,1.6487080
1369,0.8342455369374705,1.1343848671798027,-1.6282908680,1.6485619
1370,0.8346522735805463,1.13347132172216,-1.6282584549,1.6482957
1371,0.8350590102236221,1.1325577762645176,-1.6282261067,1.6481604
1372,0.8354657468666978,1.131644230806875,-1.6281938157,1.6479701
1373,0.8358724835097736,1.1307306853492325,-1.6281615889,1.6477459
1374,0.8362792201528494,1.12981713989159,-1.6281294252,1.6476163
1375,0.8366859567959252,1.1289035944339474,-1.6280973248,1.6474728
1376,0.837092693439001,1.1279900489763048,-1.6280652947,1.6472708
1377,0.8374994300820767,1.1270765035186625,-1.6280333294,1.6470946
1378,0.8379220483438174,1.1261701957316257,-1.6280014301,1.6469479
1379,0.8383446666055582,1.125263887944589,-1.6279695951,1.6467650
1380,0.8387672848672989,1.1243575801575525,-1.6279378312,1.6465886
1381,0.8391899031290396,1.123451272370516,-1.6279061341,1.6463794
1382,0.8396125213907804,1.1225449645834793,-1.6278745079,1.6462231
1383,0.8400351396525211,1.1216386567964427,-1.6278429521,1.6460617
1384,0.8404577579142618,1.120732349009406,-1.6278114683,1.6458614
1385,0.8408803761760025,1.1198260412223695,-1.6277800586,1.6456974
1386,0.8413029944377433,1.118919733435333,-1.6277487232,1.6455084
1387,0.8417413655845324,1.1180209393890337,-1.6277174583,1.6453139
1388,0.8421797367313215,1.1171221453427345,-1.6276862753,1.6451246
1389,0.8426181078781106,1.1162233512964352,-1.6276551624,1.6449469
1390,0.8430564790248998,1.115324557250136,-1.6276241256,1.6447568
1391,0.8434948501716889,1.1144257632038368,-1.6275931670,1.6445766
1392,0.843933221318478,1.1135269691575376,-1.6275622879,1.6443874
1393,0.8443715924652672,1.1126281751112383,-1.6275314859,1.6442198
1394,0.8448099636120563,1.1117293810649391,-1.6275007669,1.6440412
1395,0.8452483347588454,1.11083058701864,-1.6274701281,1.6438659
1396,0.8456867059056346,1.109931792972341,-1.6274395760,1.6436815
1397,0.8461406964053741,1.1090407864481524,-1.6274091030,1.6435020
1398,0.8465946869051137,1.108149779923964,-1.6273787137,1.6433165
1399,0.8470486774048533,1.107258773399776,-1.6273484052,1.6431346
1400,0.8475026679045929,1.1063677668755876,-1.6273181871,1.6429502
1401,0.8479566584043325,1.1054767603513993,-1.6272880505,1.6427742
1402,0.8484106489040721,1.104585753827211,-1.6272580071,1.6425911
1403,0.8488646394038117,1.1036947473030227,-1.6272280453,1.6424126
1404,0.8493186299035513,1.1028037407788345,-1.6271981781,1.6422328
1405,0.8497726204032909,1.1019127342546462,-1.6271683972,1.6420679
1406,0.8502266109030305,1.101021727730458,-1.6271387093,1.6418713
1407,0.8506960824658164,1.100138780137599,-1.6271091112,1.6417055
1408,0.8511655540286023,1.09925583254474,-1.6270796144,1.6415120
1409,0.8516350255913882,1.0983728849518812,-1.6270502024,1.6413445
1410,0.852104497154174,1.0974899373590223,-1.6270208849,1.6411343
1411,0.8525739687169599,1.0966069897661634,-1.6269916657,1.6409740
1412,0.8530434402797458,1.0957240421733043,-1.6269625424,1.6407905
1413,0.8535129118425316,1.0948410945804457,-1.6269335164,1.6406293
1414,0.8539823834053175,1.0939581469875868,-1.6269045861,1.6404455
1415,0.8544518549681034,1.093075199394728,-1.6268757587,1.6402782
1416,0.8549366645883497,1.0922005796875884,-1.6268470307,1.6400707
1417,0.855421474208596,1.091325959980449,-1.6268183942,1.6399142
1418,0.8559062838288424,1.0904513402733096,-1.6267898720,1.6397190
1419,0.8563910934490887,1.0895767205661702,-1.6267614390,1.6395273
1420,0.856875903069335,1.0887021008590307,-1.6267331161,1.6393594
1421,0.8573607126895814,1.087827481151891,-1.6267049007,1.6391920
1422,0.8578455223098277,1.086952861444752,-1.6266767926,1.6390059
1423,0.858330331930074,1.0860782417376125,-1.6266487889,1.6388253
1424,0.8588151415503203,1.085203622030473,-1.6266208929,1.6386397
1425,0.8592999511705667,1.0843290023233336,-1.6265931036,1.6384964
1426,0.8597999511705666,1.0834629769195492,-1.6265654235,1.6383029
1427,0.8602999511705666,1.0825969515157647,-1.6265378553,1.6381247
1428,0.8607999511705665,1.0817309261119803,-1.6265103918,1.6379331
1429,0.8612999511705665,1.080864900708196,-1.6264830466,1.6377665
1430,0.8617999511705664,1.0799988753044114,-1.6264558123,1.6375952
1431,0.8622999511705663,1.079132849900627,-1.6264286889,1.6374047
1432,0.8627999511705663,1.0782668244968423,-1.6264016787,1.6372686
1433,0.8632999511705662,1.077400799093058,-1.6263747921,1.6370768
1434,0.8637999511705662,1.0765347736892736,-1.6263480182,1.6369000
1435,0.8642999511705661,1.0756687482854892,-1.6263213623,1.6367228
1436,0.8648149892454762,1.0748115809847871,-1.6262948248,1.6365490
1437,0.8653300273203862,1.073954413684085,-1.6262684059,1.6363768
1438,0.8658450653952963,1.073097246383383,-1.6262421030,1.6361914
1439,0.8663601034702063,1.072240079082681,-1.6262159246,1.6360197
1440,0.8668751415451164,1.0713829117819789,-1.6261898677,1.6358391
1441,0.8673901796200264,1.0705257444812768,-1.6261639348,1.6356691
1442,0.8679052176949364,1.0696685771805747,-1.6261381306,1.6355223
1443,0.8684202557698465,1.0688114098798729,-1.6261124472,1.6353587
1444,0.8689352938447565,1.0679542425791706,-1.6260868858,1.6351803
1445,0.8694503319196666,1.0670970752784683,-1.6260614589,1.6350650
1446,0.8699802511838998,1.0662490271823122,-1.6260361584,1.6348634
1447,0.870510170448133,1.0654009790861558,-1.6260109841,1.6346947
1448,0.8710400897123661,1.0645529309899997,-1.6259859392,1.6345323
1449,0.8715700089765993,1.0637048828938431,-1.6259610239,1.6343816
1450,0.8720999282408325,1.0628568347976868,-1.6259362368,1.6341784
1451,0.8726298475050657,1.0620087867015304,-1.6259115863,1.6340197
1452,0.8731597667692989,1.061160738605374,-1.6258870692,1.6338625
1453,0.873689686033532,1.0603126905092175,-1.6258626863,1.6337057
1454,0.8742196052977652,1.0594646424130614,-1.6258384390,1.6335511
1455,0.8747495245619984,1.058616594316905,-1.6258143284,1.6333984
1456,0.8752941635970134,1.0577779237489595,-1.6257903541,1.6332355
1457,0.8758388026320284,1.056939253181014,-1.6257665170,1.6330734
1458,0.8763834416670434,1.0561005826130685,-1.6257428183,1.6329139
1459,0.8769280807020584,1.055261912045123,-1.6257192590,1.6327565
1460,0.8774727197370734,1.0544232414771777,-1.6256958402,1.6326010
1461,0.8780173587720884,1.053584570909232,-1.6256725630,1.6324469
1462,0.8785619978071034,1.0527459003412865,-1.6256494274,1.6322824
1463,0.8791066368421184,1.051907229773341,-1.6256264333,1.6321544
1464,0.8796512758771334,1.0510685592053954,-1.6256035899,1.6319834
1465,0.8801959149121484,1.05022988863745,-1.6255808887,1.6318472
1466,0.8807551078156192,1.049400851064895,-1.6255583329,1.6316817
1467,0.8813143007190899,1.04857181349234,-1.6255359246,1.6315296
1468,0.8818734936225606,1.0477427759197848,-1.6255136624,1.6313677
1469,0.8824326865260314,1.0469137383472298,-1.6254915493,1.6312176
1470,0.8829918794295021,1.0460847007746747,-1.6254695857,1.6310755
1471,0.8835510723329728,1.0452556632021195,-1.6254477728,1.6309312
1472,0.8841102652364435,1.044426625629565,-1.6254261101,1.6307751
1473,0.8846694581399143,1.0435975880570096,-1.6254046003,1.6306297
1474,0.885228651043385,1.0427685504844546,-1.6253832450,1.6305003
1475,0.8857878439468557,1.0419395129118996,-1.6253620431,1.6303606
1476,0.8863614203832068,1.0411203608676105,-1.6253409957,1.6302112
1477,0.8869349968195578,1.0403012088233214,-1.6253201035,1.6300644
1478,0.8875085732559088,1.0394820567790324,-1.6252993663,1.6299059
1479,0.8880821496922598,1.038662904734743,-1.6252787875,1.6297650
1480,0.8886557261286109,1.0378437526904545,-1.6252583667,1.6296257
1481,0.8892293025649619,1.0370246006461652,-1.6252381049,1.6294894
1482,0.8898028790013129,1.036205448601876,-1.6252180026,1.6293569
1483,0.890376455437664,1.035386296557587,-1.6251980618,1.6292238
1484,0.890950031874015,1.034567144513298,-1.6251782829,1.6290931
1485,0.891523608310366,1.033747992469009,-1.6251586655,1.6289500
1486,0.8921113935626586,1.032938975474634,-1.6251392125,1.6288151
1487,0.8926991788149511,1.0321299584802592,-1.6251199233,1.6286892
1488,0.8932869640672436,1.0313209414858844,-1.6251007925,1.6285228
1489,0.8938747493195361,1.0305119244915095,-1.6250818373,1.6284176
1490,0.8944625345718287,1.029702907497135,-1.6250630434,1.6282902
1491,0.8950503198241212,1.0288938905027598,-1.6250444153,1.6281476
1492,0.8956381050764137,1.028084873508385,-1.6250259570,1.6280234
1493,0.8962258903287063,1.02727585651401,-1.6250076642,1.6279420
1494,0.8968136755809988,1.0264668395196352,-1.6249895469,1.6277696
1495,0.8974014608332913,1.0256578225252604,-1.6249715975,1.6276478
1496,0.8980032758564434,1.024859187015213,-1.6249538204,1.6275304
1497,0.8986050908795954,1.0240605515051655,-1.6249362135,1.6274024
1498,0.8992069059027474,1.0232619159951184,-1.6249187790,1.6272769
1499,0.8998087209258995,1.022463280485071,-1.6249015176,1.6271530
1500,0.9004105359490515,1.0216646449750235,-1.6248844302,1.6270317
1501,0.9010123509722036,1.0208660094649764,-1.6248675177,1.6269127
1502,0.9016141659953556,1.020067373954929,-1.6248507819,1.6268073
1503,0.9022159810185076,1.0192687384448818,-1.6248342214,1.6266783
1504,0.9028177960416596,1.0184701029348344,-1.6248178385,1.6265638
1505,0.9034196110648116,1.017671467424787,-1.6248016338,1.6264534
1506,0.9040352725401374,1.0168834566711804,-1.6247856076,1.6263340
1507,0.904650934015463,1.0160954459175735,-1.6247697602,1.6262162
1508,0.9052665954907888,1.015307435163967,-1.6247540924,1.6261015
1509,0.9058822569661144,1.0145194244103604,-1.6247386004,1.6259741
1510,0.90649791844144,1.0137314136567537,-1.6247232956,1.6258711
1511,0.9071135799167656,1.012943402903147,-1.6247081716,1.6257668
1512,0.9077292413920912,1.0121553921495403,-1.6246932301,1.6256608
1513,0.908344902867417,1.0113673813959336,-1.6246784729,1.6255641
1514,0.9089605643427426,1.010579370642327,-1.6246638997,1.6254629
1515,0.9095762258180684,1.0097913598887205,-1.6246495115,1.6253661
1516,0.910191887293394,1.0090033491351136,-1.6246353084,1.6252721
1517,0.9108212076844436,1.0082262031736566,-1.6246212912,1.6251672
1518,0.9114505280754936,1.0074490572121997,-1.6246074602,1.6250642
1519,0.9120798484665432,1.0066719112507427,-1.6245938158,1.6249602
1520,0.9127091688575932,1.0058947652892858,-1.6245803599,1.6248613
1521,0.9133384892486428,1.0051176193278288,-1.6245670921,1.6247664
1522,0.9139678096396928,1.004340473366372,-1.6245540122,1.6246662
1523,0.9145971300307424,1.003563327404915,-1.6245411227,1.6245724
1524,0.9152264504217924,1.002786181443458,-1.6245284241,1.6244826
1525,0.915855770812842,1.002009035482001,-1.6245159213,1.6244129
1526,0.916485091203892,1.001231889520544,-1.6245036041,1.6243270
1527,0.9171144115949416,1.0004547435590871,-1.6244914820,1.6242485
1528,0.9177571992046282,0.9996886991159682,-1.6244795509,1.6241612
1529,0.9183999868143148,0.9989226546728492,-1.6244678124,1.6240751
1530,0.9190427744240012,0.9981566102297302,-1.6244562613,1.6239570
1531,0.9196855620336876,0.9973905657866112,-1.6244449160,1.6239124
1532,0.9203283496433742,0.9966245213434922,-1.6244337590,1.6238381
1533,0.9209711372530608,0.9958584769003732,-1.6244227990,1.6237539
1534,0.9216139248627472,0.9950924324572542,-1.6244120339,1.6236786
1535,0.9222567124724336,0.9943263880141352,-1.6244014651,1.6236058
1536,0.9228995000821202,0.9935603435710162,-1.6243910932,1.6235351
1537,0.9235422876918068,0.9927942991278972,-1.6243809187,1.6234667
1538,0.9241983467207971,0.9920395895476743,-1.6243709406,1.6233784
1539,0.9248544057497876,0.9912848799674516,-1.6243611579,1.6232805
1540,0.925510464778778,0.990530170387229,-1.6243515766,1.6232124
1541,0.9261665238077684,0.9897754608070064,-1.6243421953,1.6231406
1542,0.926822582836759,0.9890207512267836,-1.6243330134,1.6231315
1543,0.9274786418657496,0.9882660416465608,-1.6243240322,1.6230099
1544,0.92813470089474,0.987511332066338,-1.6243152541,1.6229647
1545,0.9287907599237304,0.9867566224861154,-1.6243066729,1.6229029
1546,0.9294468189527209,0.9860019129058928,-1.6242982912,1.6228586
1547,0.9301028779817112,0.98524720332567,-1.6242901139,1.6227989
1548,0.9307589370107018,0.9844924937454472,-1.6242821355,1.6227269
1549,0.9314280676170608,0.9837493489199698,-1.6242743620,1.6226661
1550,0.9320971982234196,0.9830062040944924,-1.6242667910,1.6226078
1551,0.9327663288297784,0.9822630592690148,-1.6242594230,1.6225521
1552,0.9334354594361371,0.9815199144435376,-1.6242522584,1.6224990
1553,0.934104590042496,0.98077676961806,-1.6242453004,1.6224636
1554,0.934773720648855,0.9800336247925826,-1.6242385426,1.6224110
1555,0.935442851255214,0.9792904799671052,-1.6242319875,1.6223433
1556,0.9361119818615729,0.9785473351416276,-1.6242256404,1.6223129
1557,0.9367811124679316,0.9778041903161504,-1.6242194980,1.6222725
1558,0.9374502430742904,0.9770610454906729,-1.6242135611,1.6222346
1559,0.9381193736806492,0.9763179006651954,-1.6242078299,1.6221992
1560,0.938801372040712,0.9755865469635764,-1.6242023044,1.6221546
1561,0.9394833704007745,0.9748551932619572,-1.6241969850,1.6221126
1562,0.940165368760837,0.974123839560338,-1.6241918719,1.6220731
1563,0.9408473671208996,0.9733924858587188,-1.6241869655,1.6220362
1564,0.941529365480962,0.9726611321570996,-1.6241822659,1.6220019
1565,0.9422113638410248,0.9719297784554806,-1.6241777736,1.6219703
1566,0.9428933622010872,0.9711984247538614,-1.6241734821,1.6219290
1567,0.9435753605611498,0.9704670710522424,-1.6241694050,1.6219034
1568,0.9442573589212124,0.9697357173506232,-1.6241655357,1.6218810
1569,0.9449393572812748,0.969004363649004,-1.6241618744,1.6218606
1570,0.9456213556413374,0.9682730099473849,-1.6241584213,1.6218429
1571,0.9463160140117964,0.9675536701470462,-1.6241551757,1.6218245
1572,0.9470106723822554,0.9668343303467076,-1.6241521391,1.6217980
1573,0.9477053307527143,0.9661149905463688,-1.6241493108,1.6217741
1574,0.9483999891231736,0.9653956507460302,-1.6241466944,1.6217774
1575,0.9490946474936324,0.9646763109456916,-1.6241442794,1.6217474
1576,0.9497893058640916,0.9639569711453528,-1.6241420790,1.6217533
1577,0.9504839642345504,0.9632376313450142,-1.6241400819,1.6217117
1578,0.9511786226050096,0.9625182915446756,-1.6241382981,1.6216955
1579,0.9518732809754684,0.9617989517443368,-1.6241367278,1.6216876
1580,0.9525679393459277,0.9610796119439982,-1.6241353626,1.6216828
1581,0.9532625977163866,0.9603602721436596,-1.6241342068,1.6216804
1582,0.9539697044975732,0.9596531653624728,-1.6241332604,1.6216690
1583,0.954664362868032,0.9589338255621342,-1.6241325233,1.6216718
1584,0.9553590212384911,0.9582144857617956,-1.6241319955,1.6216786
1585,0.9560536796089502,0.9574951459614568,-1.6241316771,1.6216860
1587,0.956683,0.956718,-1.6241315639,1.6217547
1588,0.9574601459614568,0.9560886796089502,-1.6241316668,1.6216859
1589,0.9581794857617956,0.9553940212384912,-1.6241319748,1.6216783
1590,0.9588988255621342,0.954699362868032,-1.6241324922,1.6216714
1591,0.9596181653624728,0.9540047044975732,-1.6241332189,1.6216685
1592,0.9603252721436596,0.9532975977163866,-1.6241341550,1.6216798
1593,0.9610446119439982,0.9526029393459275,-1.6241353005,1.6216820
1594,0.9617639517443368,0.9519082809754684,-1.6241366553,1.6216867
1595,0.9624832915446756,0.9512136226050096,-1.6241382153,1.6216942
1596,0.9632026313450142,0.9505189642345504,-1.6241399887,1.6217102
1597,0.9639219711453528,0.9498243058640916,-1.6241419739,1.6217556
1598,0.9646413109456916,0.9491296474936324,-1.6241441630,1.6217326
1599,0.9653606507460302,0.9484349891231736,-1.6241465707,1.6217813
1600,0.9660799905463688,0.9477403307527144,-1.6241491763,1.6217724
1601,0.9667993303467076,0.9470456723822556,-1.6241519942,1.6217962
1602,0.9675186701470462,0.9463510140117964,-1.6241550205,1.6218226
1603,0.9682380099473848,0.9456563556413374,-1.6241582558,1.6218409
1604,0.968969363649004,0.9449743572812748,-1.6241616986,1.6218585
1605,0.9697007173506232,0.9442923589212124,-1.6241653497,1.6218787
1606,0.9704320710522424,0.9436103605611498,-1.6241692087,1.6219011
1607,0.9711634247538614,0.9429283622010872,-1.6241732754,1.6219265
1608,0.9718947784554806,0.9422463638410248,-1.6241775567,1.6219676
1609,0.9726261321570996,0.941564365480962,-1.6241820388,1.6219991
1610,0.9733574858587188,0.9408823671208996,-1.6241867281,1.6220333
1611,0.974088839560338,0.940200368760837,-1.6241916244,1.6220701
1612,0.9748201932619572,0.9395183704007743,-1.6241967273,1.6221094
1613,0.9755515469635764,0.938836372040712,-1.6242020365,1.6221513
1614,0.9762829006651954,0.9381543736806494,-1.6242075518,1.6221958
1615,0.9770260454906728,0.9374852430742904,-1.6242132728,1.6222310
1616,0.9777691903161504,0.9368161124679316,-1.6242191996,1.6222688
1617,0.9785123351416276,0.9361469818615727,-1.6242253318,1.6223091
1618,0.9792554799671052,0.935477851255214,-1.6242316686,1.6223391
1619,0.9799986247925826,0.934808720648855,-1.6242382146,1.6224073
1620,0.98074176961806,0.934139590042496,-1.6242449626,1.6224665
1621,0.9814849144435376,0.9334704594361372,-1.6242519095,1.6224947
1622,0.9822280592690148,0.9328013288297784,-1.6242590641,1.6225477
1623,0.9829712040944923,0.9321321982234196,-1.6242664221,1.6226032
1624,0.9837143489199698,0.9314630676170608,-1.6242739831,1.6226614
1625,0.9844574937454472,0.9307939370107018,-1.6242817466,1.6227221
1626,0.98521220332567,0.9301378779817112,-1.6242897124,1.6227736
1627,0.9859669129058928,0.9294818189527208,-1.6242978801,1.6228330
1628,0.9867216224861154,0.9288257599237304,-1.6243062539,1.6228959
1629,0.987476332066338,0.92816970089474,-1.6243148194,1.6229472
1630,0.9882310416465608,0.9275136418657496,-1.6243235942,1.6230076
1631,0.9889857512267836,0.926857582836759,-1.6243325662,1.6230726
1632,0.9897404608070064,0.9262015238077684,-1.6243417374,1.6231350
1633,0.990495170387229,0.925545464778778,-1.6243511087,1.6232064
1634,0.9912498799674516,0.9248894057497876,-1.6243606803,1.6232748
1635,0.9920045895476745,0.9242333467207972,-1.6243704526,1.6233701
1636,0.9927592991278972,0.9235772876918068,-1.6243804217,1.6234605
1637,0.9935253435710162,0.9229345000821202,-1.6243905865,1.6235288
1638,0.9942913880141352,0.9222917124724336,-1.6244009488,1.6235993
1639,0.9950574324572542,0.9216489248627472,-1.6244115079,1.6236720
1640,0.9958234769003732,0.9210061372530608,-1.6244222634,1.6237472
1641,0.9965895213434922,0.9203633496433742,-1.6244332112,1.6238389
1642,0.9973555657866112,0.9197205620336876,-1.6244443613,1.6239044
1643,0.9981216102297302,0.9190777744240012,-1.6244556971,1.6239501
1644,0.9988876546728492,0.9184349868143148,-1.6244672388,1.6240680
1645,0.9996536991159682,0.9177921992046282,-1.6244789678,1.6241539
1646,1.0004197435590871,0.9171494115949416,-1.6244908896,1.6242430
1647,1.001185788002206,0.9165066239852552,-1.6245030036,1.6243342
1648,1.001962933963663,0.9158773035942054,-1.6245153098,1.6244172
1649,1.00274007992512,0.9152479832031556,-1.6245278033,1.6244882
1650,1.003517225886577,0.9146186628121058,-1.6245404919,1.6245763
1651,1.004294371848034,0.913989342421056,-1.6245533667,1.6246522
1652,1.0050715178094909,0.9133600220300062,-1.6245664414,1.6247679
1653,1.0058486637709478,0.9127307016389564,-1.6245797002,1.6248672
1654,1.0066258097324048,0.9121013812479066,-1.6245931466,1.6249641
1655,1.0074029556938615,0.9114720608568568,-1.6246067814,1.6250673
1656,1.008180101655319,0.910842740465807,-1.6246205984,1.6251658
1657,1.0089572476167756,0.9102134200747573,-1.6246346105,1.6252754
1658,1.0097452583703823,0.9095977585994316,-1.6246488040,1.6253699
1659,1.010533269123989,0.908982097124106,-1.6246631830,1.6254670
1660,1.0113212798775957,0.9083664356487804,-1.6246777469,1.6255646
1661,1.0121092906312024,0.9077507741734546,-1.6246924950,1.6256651
1662,1.012897301384809,0.907135112698129,-1.6247074268,1.6257692
1663,1.0136853121384155,0.9065194512228032,-1.6247225415,1.6258749
1664,1.0144733228920224,0.9059037897474777,-1.6247378381,1.6259817
1665,1.015261333645629,0.905288128272152,-1.6247533196,1.6261038
1666,1.0160493443992358,0.9046724667968264,-1.6247689781,1.6262184
1667,1.0168373551528425,0.9040568053215008,-1.6247848163,1.6263360
1668,1.0176359906628898,0.9034549902983486,-1.6248008333,1.6264433
1669,1.0184346261729371,0.9028531752751966,-1.6248170293,1.6265533
1670,1.0192332616829844,0.9022513602520446,-1.6248334036,1.6266677
1671,1.0200318971930318,0.9016495452288924,-1.6248499473,1.6267725
1672,1.020830532703079,0.9010477302057404,-1.6248666827,1.6269021
1673,1.0216291682131264,0.9004459151825884,-1.6248835867,1.6270209
1674,1.0224278037231738,0.8998441001594364,-1.6249006656,1.6271422
1675,1.023226439233221,0.8992422851362843,-1.6249179186,1.6272659
1676,1.0240250747432684,0.8986404701131323,-1.6249353448,1.6273913
1677,1.0248237102533158,0.8980386550899803,-1.6249529434,1.6275191
1678,1.025622345763363,0.8974368400668282,-1.6249707123,1.6276364
1679,1.026431362757738,0.8968490548145357,-1.6249886534,1.6277581
1680,1.0272403797521128,0.8962612695622432,-1.6250067626,1.6279069
1681,1.0280493967464877,0.8956734843099506,-1.6250250471,1.6280115
1682,1.0288584137408625,0.8950856990576581,-1.6250434972,1.6281352
1683,1.0296674307352374,0.8944979138053656,-1.6250621173,1.6282780
1684,1.0304764477296122,0.8939101285530731,-1.6250809032,1.6284052
1685,1.031285464723987,0.8933223433007805,-1.6250998503,1.6285096
1686,1.032094481718362,0.892734558048488,-1.6251189735,1.6286781
1687,1.0329034987127368,0.8921467727961955,-1.6251382547,1.6288032
1688,1.0337125157071116,0.891558987543903,-1.6251577000,1.6289377
1689,1.0345316677514007,0.8909854111075519,-1.6251773095,1.6290805
1690,1.0353508197956898,0.8904118346712009,-1.6251970807,1.6292112
1691,1.0361699718399788,0.8898382582348499,-1.6252170143,1.6293529
1692,1.036989123884268,0.8892646817984988,-1.6252371095,1.6294896
1693,1.037808275928557,0.8886911053621478,-1.6252573626,1.6296128
1694,1.038627427972846,0.8881175289257968,-1.6252777759,1.6297520
1695,1.039446580017135,0.8875439524894457,-1.6252983473,1.6298928
1696,1.040265732061424,0.8869703760530947,-1.6253190771,1.6300510
1697,1.0410848841057132,0.8863967996167437,-1.6253399619,1.6301977
1698,1.0419040361500025,0.8858232231803926,-1.6253610021,1.6303469
1699,1.0427330737225573,0.8852640302769219,-1.6253821965,1.6304858
1700,1.0435621112951123,0.8847048373734512,-1.6254035446,1.6306158
1701,1.0443911488676674,0.8841456444699805,-1.6254250472,1.6307611
1702,1.0452201864402224,0.8835864515665097,-1.6254466982,1.6309320
1703,1.0460492240127774,0.883027258663039,-1.6254685088,1.6310623
1704,1.0468782615853325,0.8824680657595683,-1.6254904653,1.6312035
1705,1.0477072991578875,0.8819088728560975,-1.6255125715,1.6313584
1706,1.0485363367304426,0.8813496799526268,-1.6255348267,1.6315152
1707,1.0493653743029976,0.8807904870491561,-1.6255572282,1.6316677
1708,1.0501944118755526,0.8802312941456854,-1.6255797775,1.6318337
1709,1.0510234494481077,0.8796721012422146,-1.6256024716,1.6319813
1710,1.0518621200160532,0.8791274622071996,-1.6256253056,1.6321519
1711,1.052700790583999,0.8785828231721846,-1.6256482943,1.6322801
1712,1.0535394611519442,0.8780381841371696,-1.6256714226,1.6324444
1713,1.0543781317198897,0.8774935451021546,-1.6256946926,1.6325985
1714,1.0552168022878352,0.8769489060671396,-1.6257181042,1.6327541
1715,1.0560554728557807,0.8764042670321246,-1.6257416562,1.6329112
1716,1.0568941434237262,0.8758596279971096,-1.6257653478,1.6330707
1717,1.0577328139916715,0.8753149889620946,-1.6257891778,1.6332325
1718,1.0585714845596172,0.8747703499270796,-1.6258131451,1.6333955
1719,1.0594195326557736,0.8742404306628464,-1.6258372487,1.6335481
1720,1.06026758075193,0.8737105113986132,-1.6258614890,1.6337026
1721,1.0611156288480863,0.87318059213438,-1.6258858650,1.6338593
1722,1.0619636769442429,0.8726506728701469,-1.6259103753,1.6340166
1723,1.062811725040399,0.8721207536059137,-1.6259350190,1.6341751
1724,1.0636597731365554,0.8715908343416805,-1.6259597993,1.6343784
1725,1.0645078212327117,0.8710609150774473,-1.6259847078,1.6345290
1726,1.065355869328868,0.8705309958132141,-1.6260097465,1.6346959
1727,1.0662039174250244,0.870001076548981,-1.6260349138,1.6348599
1728,1.0670519655211808,0.8694711572847478,-1.6260602104,1.6350700
1729,1.0679091328218828,0.8689561192098377,-1.6260856273,1.6351768
1730,1.068766300122585,0.8684410811349277,-1.6261111814,1.6353412
1731,1.069623467423287,0.8679260430600176,-1.6261368597,1.6355172
1732,1.070480634723989,0.8674110049851076,-1.6261626580,1.6356651
1733,1.071337802024691,0.8668959669101975,-1.6261885844,1.6358378
1734,1.0721949693253932,0.8663809288352875,-1.6262146346,1.6360142
1735,1.0730521366260952,0.8658658907603775,-1.6262408069,1.6361867
1736,1.0739093039267973,0.8653508526854674,-1.6262671036,1.6363725
1737,1.0747664712274994,0.8648358146105574,-1.6262935163,1.6365444
1738,1.0756236385282014,0.8643207765356473,-1.6263200478,1.6367181
1739,1.076489663931986,0.8638207765356474,-1.6263466972,1.6368931
1740,1.0773556893357703,0.8633207765356474,-1.6263734654,1.6370724
1741,1.0782217147395547,0.8628207765356475,-1.6264003510,1.6372437
1742,1.0790877401433392,0.8623207765356475,-1.6264273509,1.6374045
1743,1.0799537655471236,0.8618207765356476,-1.6264544608,1.6375590
1744,1.080819790950908,0.8613207765356476,-1.6264816963,1.6377578
1745,1.0816858163546923,0.8608207765356477,-1.6265090366,1.6379309
1746,1.082551841758477,0.8603207765356478,-1.6265364927,1.6381207
1747,1.0834178671622614,0.8598207765356478,-1.6265640555,1.6382958
1748,1.0842838925660458,0.8593207765356479,-1.6265917328,1.6384801
1749,1.0851585122731853,0.8588359669154015,-1.6266195139,1.6386777
1750,1.0860331319803247,0.8583511572951552,-1.6266474044,1.6388191
1751,1.086907751687464,0.8578663476749089,-1.6266754035,1.6390031
1752,1.0877823713946035,0.8573815380546626,-1.6267035057,1.6391856
1753,1.088656991101743,0.8568967284344162,-1.6267317260,1.6393549
1754,1.0895316108088824,0.8564119188141699,-1.6267600322,1.6395238
1755,1.0904062305160218,0.8559271091939236,-1.6267884628,1.6397206
1756,1.0912808502231612,0.8554422995736772,-1.6268169784,1.6399054
1757,1.0921554699303009,0.8549574899534309,-1.6268456094,1.6400707
1758,1.09303008963744,0.8544726803331846,-1.6268743328,1.6402692
1759,1.093913037230299,0.8540032087703987,-1.6269031553,1.6404558
1760,1.094795984823158,0.8535337372076128,-1.6269320790,1.6406212
1761,1.0956789324160168,0.853064265644827,-1.6269611013,1.6407896
1762,1.0965618800088757,0.8525947940820411,-1.6269902177,1.6409606
1763,1.0974448276017346,0.8521253225192552,-1.6270194362,1.6411434
1764,1.0983277751945937,0.8516558509564693,-1.6270487454,1.6413448
1765,1.0992107227874524,0.8511863793936835,-1.6270781544,1.6415079
1766,1.1000936703803113,0.8507169078308976,-1.6271076445,1.6416986
1767,1.10097661797317,0.8502474362681117,-1.6271372378,1.6418894
1768,1.1018676244973584,0.8497934457683721,-1.6271669189,1.6420558
1769,1.1027586310215467,0.8493394552686325,-1.6271966957,1.6422059
1770,1.103649637545735,0.8488854647688929,-1.6272265565,1.6423867
1771,1.1045406440699232,0.8484314742691533,-1.6272565179,1.6425828
1772,1.1054316505941115,0.8479774837694137,-1.6272865554,1.6427709
1773,1.1063226571182998,0.8475234932696741,-1.6273166871,1.6429467
1774,1.107213663642488,0.8470695027699345,-1.6273469031,1.6431156
1775,1.1081046701666764,0.8466155122701949,-1.6273772068,1.6433105
1776,1.1089956766908646,0.8461615217704553,-1.6274075920,1.6434938
1777,1.109886683215053,0.8457075312707157,-1.6274380609,1.6436714
1778,1.110785477261352,0.8452691601239266,-1.6274686089,1.6438567
1779,1.1116842713076514,0.8448307889771375,-1.6274992435,1.6440331
1780,1.1125830653539506,0.8443924178303484,-1.6275299566,1.6442182
1781,1.1134818594002498,0.8439540466835592,-1.6275607557,1.6443823
1782,1.114380653446549,0.8435156755367701,-1.6275916319,1.6445688
1783,1.1152794474928482,0.843077304389981,-1.6276225860,1.6447435
1784,1.1161782415391477,0.8426389332431918,-1.6276536190,1.6449324
1785,1.117077035585447,0.8422005620964027,-1.6276847274,1.6450858
1786,1.117975829631746,0.8417621909496136,-1.6277159099,1.6452928
1787,1.1188746236780451,0.8413238198028244,-1.6277471686,1.6454998
1788,1.1197809314650815,0.8409012015410837,-1.6277785013,1.6456739
1789,1.1206872392521183,0.840478583279343,-1.6278099069,1.6458553
1790,1.121593547039155,0.8400559650176023,-1.6278413861,1.6460511
1791,1.1224998548261915,0.8396333467558615,-1.6278729384,1.6462074
1792,1.123406162613228,0.8392107284941208,-1.6279045624,1.6463744
1793,1.1243124704002647,0.8387881102323801,-1.6279362536,1.6465744
1794,1.125218778187301,0.8383654919706394,-1.6279680154,1.6467635
1795,1.126125085974338,0.8379428737088986,-1.6279998475,1.6469133
1796,1.1270313937613743,0.8375202554471579,-1.6280317410,1.6470961
1797,1.127937701548411,0.8370976371854172,-1.6280637054,1.6472696
1798,1.1288512470060537,0.8366909005423414,-1.6280957309,1.6474784
1799,1.1297647924636962,0.8362841638992656,-1.6281278257,1.6476279
1800,1.1306783379213388,0.8358774272561899,-1.6281599879,1.6477928
1801,1.131591883378981,0.8354706906131141,-1.6281922088,1.6479651
1802,1.132505428836624,0.8350639539700383,-1.6282244956,1.6481645
1803,1.1334189742942664,0.8346572173269625,-1.6282568440,1.6483051
1804,1.134332519751909,0.8342504806838867,-1.6282892556,1.6485263
1805,1.1352460652095515,0.833843744040811,-1.6283217230,1.6487123
1806,1.136159610667194,0.8334370073977352,-1.6283542477,1.6488646
1807,1.1370801155206465,0.8330462762692459,-1.6283868266,1.6490276
1808,1.1380006203740989,0.8326555451407566,-1.6284194773,1.6492230
1809,1.1389211252275513,0.8322648140122673,-1.6284521813,1.6493684
1810,1.1398416300810037,0.831874082883778,-1.6284849400,1.6495419
1811,1.140762134934456,0.8314833517552886,-1.6285177564,1.6497344
1812,1.1416826397879083,0.8310926206267993,-1.6285506271,1.6499383
1813,1.142603144641361,0.83070188949831,-1.6285835508,1.6501100
1814,1.143523649494813,0.8303111583698207,-1.6286165299,1.6502667
1815,1.1444441543482655,0.8299204272413314,-1.6286495544,1.6503960
1816,1.145364659201718,0.8295296961128421,-1.6286826387,1.6506312
1817,1.146291843056285,0.8291550895194262,-1.6287157675,1.6507636
1818,1.1472190269108518,0.8287804829260103,-1.6287489517,1.6509681
1819,1.1481462107654186,0.8284058763325943,-1.6287821833,1.6511409
1820,1.1490733946199854,0.8280312697391784,-1.6288154642,1.6513234
1821,1.1500005784745522,0.8276566631457625,-1.6288487936,1.6514708
1822,1.150927762329119,0.8272820565523465,-1.6288821717,1.6516507
1823,1.1518549461836858,0.8269074499589306,-1.6289155958,1.6518102
1824,1.1527821300382526,0.8265328433655147,-1.6289490626,1.6519969
1825,1.1537093138928194,0.8261582367720988,-1.6289825738,1.6521462
1826,1.1546364977473862,0.8257836301786828,-1.6290161373,1.6522904
1827,1.1555700781738834,0.8254252622291376,-1.6290497397,1.6524589
1828,1.1565036586003803,0.8250668942795923,-1.6290833830,1.6526148
1829,1.1574372390268777,0.8247085263300471,-1.6291170711,1.6528057
1830,1.1583708194533748,0.8243501583805019,-1.6291508067,1.6529647
1831,1.159304399879872,0.8239917904309566,-1.6291845714,1.6531096
1832,1.1602379803063692,0.8236334224814114,-1.6292183901,1.6533037
1833,1.1611715607328663,0.8232750545318661,-1.6292522435,1.6534771
1834,1.1621051411593637,0.8229166865823209,-1.6292861339,1.6536534
1835,1.1630387215858606,0.8225583186327756,-1.6293200616,1.6538202
1836,1.1639723020123578,0.8221999506832304,-1.6293540266,1.6539775
1837,1.164905882438855,0.8218415827336851,-1.6293880270,1.6541441
1838,1.1658455750596408,0.8214995625903595,-1.6294220624,1.6542804
1839,1.166785267680427,0.8211575424470339,-1.6294561391,1.6544757
1840,1.1677249603012123,0.8208155223037082,-1.6294902478,1.6546417
1841,1.1686646529219984,0.8204735021603826,-1.6295243928,1.6548127
1842,1.1696043455427845,0.820131482017057,-1.6295585697,1.6549698
1843,1.17054403816357,0.8197894618737314,-1.6295927799,1.6551338
1844,1.171483730784356,0.8194474417304057,-1.6296270223,1.6553001
1845,1.1724234234051418,0.8191054215870801,-1.6296612930,1.6554389
1846,1.1733631160259277,0.8187634014437545,-1.6296955971,1.6556134
1847,1.1743028086467135,0.8184213813004289,-1.6297299312,1.6557924
1848,1.1752483272223129,0.8180958131459717,-1.6297642958,1.6559623
1849,1.1761938457979122,0.8177702449915145,-1.6297986880,1.6561181
1850,1.1771393643735115,0.8174446768370573,-1.6298331103,1.6562773
1851,1.1780848829491108,0.8171191086826002,-1.6298675610,1.6564356
1852,1.1790304015247102,0.816793540528143,-1.6299020392,1.6565911
1853,1.1799759201003095,0.8164679723736858,-1.6299365451,1.6567410
1854,1.1809214386759088,0.8161424042192287,-1.6299710733,1.6568934
1855,1.181866957251508,0.8158168360647715,-1.6300056247,1.6570435
1856,1.1828124758271077,0.8154912679103143,-1.6300402100,1.6572138
1857,1.1837579944027068,0.8151656997558572,-1.6300748135,1.6573744
1858,1.184709050919002,0.8148566827614823,-1.6301094373,1.6574942
1859,1.185660107435297,0.8145476657671074,-1.6301440891,1.6576676
1860,1.1866111639515922,0.8142386487727324,-1.6301787586,1.6577980
1861,1.1875622204678873,0.8139296317783575,-1.6302134600,1.6579606
1862,1.1885132769841824,0.8136206147839826,-1.6302481776,1.6581098
1863,1.1894643335004775,0.8133115977896077,-1.6302829143,1.6582471
1864,1.1904153900167729,0.8130025807952328,-1.6303176742,1.6584138
1865,1.1913664465330678,0.8126935638008579,-1.6303524495,1.6585745
1866,1.192317503049363,0.812384546806483,-1.6303872478,1.6587161
1867,1.193268559565658,0.8120755298121081,-1.6304220591,1.6588841
1868,1.1942196160819532,0.8117665128177332,-1.6304568908,1.6590062
1869,1.1951706725982485,0.8114574958233582,-1.6304917419,1.6591383
1870,1.1961269773542114,0.8111651241186355,-1.6305266038,1.6592789
1871,1.1970832821101745,0.8108727524139128,-1.6305614896,1.6594524
1872,1.1980395868661375,0.81058038070919,-1.6305963886,1.6595932
1873,1.1989958916221006,0.8102880090044673,-1.6306313028,1.6597467
1874,1.1999521963780635,0.8099956372997446,-1.6306662330,1.6598456
1875,1.2009085011340268,0.8097032655950218,-1.6307011755,1.6600207
1876,1.20186480588999,0.8094108938902991,-1.6307361286,1.6601276
1877,1.202821110645953,0.8091185221855763,-1.6307711002,1.6603118
1878,1.203777415401916,0.8088261504808536,-1.6308060824,1.6604282
1879,1.2047337201578792,0.8085337787761309,-1.6308410747,1.6605946
1880,1.2056900249138425,0.8082414070714081,-1.6308760752,1.6607408
1881,1.2066512866097805,0.8079657697155911,-1.6309110914,1.6608861
1882,1.2076125483057187,0.807690132359774,-1.6309461176,1.6610083
1883,1.208573810001657,0.807414495003957,-1.6309811542,1.6611342
1884,1.2095350716975952,0.80713885764814,-1.6310161992,1.6612930
1885,1.2104963333935337,0.8068632202923229,-1.6310512520,1.6614321
1886,1.2114575950894717,0.8065875829365059,-1.6310863177,1.6615656
1887,1.21241885678541,0.8063119455806889,-1.6311213909,1.6616566
1888,1.2133801184813482,0.8060363082248718,-1.6311564674,1.6618090
1889,1.2143413801772864,0.8057606708690548,-1.6311915534,1.6619925
1890,1.215302641873225,0.8054850335132377,-1.6312266448,1.6621327
1891,1.216263903569163,0.8052093961574207,-1.6312617437,1.6621873
1892,1.2172251652651012,0.8049337588016037,-1.6312968469,1.6623340
1893,1.2181910910913902,0.8046749397565012,-1.6313319476,1.6624578
1894,1.2191570169176793,0.8044161207113987,-1.6313670660,1.6625864
1895,1.2201229427439684,0.8041573016662962,-1.6314021823,1.6627069
1896,1.2210888685702574,0.8038984826211937,-1.6314373002,1.6628020
1897,1.2220547943965463,0.8036396635760912,-1.6314724243,1.6629283
1898,1.2230207202228356,0.8033808445309887,-1.6315075566,1.6630804
1899,1.2239866460491249,0.8031220254858862,-1.6315426843,1.6632478
1900,1.2249525718754135,0.8028632064407837,-1.6315778195,1.6633710
1901,1.2259184977017028,0.8026043873956812,-1.6316129532,1.6634807
1902,1.226884423527992,0.8023455683505787,-1.6316480862,1.6636328
1903,1.227850349354281,0.8020867493054762,-1.6316832201,1.6637483
1904,1.22881627518057,0.8018279302603737,-1.6317183528,1.6638466
1905,1.229786570906846,0.801586008364774,-1.6317534856,1.6639740
1906,1.230756866633122,0.8013440864691743,-1.6317886187,1.6641046
1907,1.2317271623593982,0.8011021645735746,-1.6318237514,1.6642239
1908,1.2326974580856742,0.800860242677975,-1.6318588821,1.6643408
1909,1.2336677538119505,0.8006183207823753,-1.6318940111,1.6644573
1910,1.2346380495382263,0.8003763988867756,-1.6319291379,1.6645780
1911,1.2356083452645024,0.8001344769911759,-1.6319642616,1.6646920
1912,1.2365786409907784,0.7998925550955762,-1.6319993841,1.6648305
1913,1.2375489367170545,0.7996506331999765,-1.6320345010,1.6649447
1914,1.2385192324433305,0.7994087113043769,-1.6320696139,1.6650585
1915,1.2394895281696066,0.7991667894087772,-1.6321047225,1.6651705
1916,1.2404598238958826,0.7989248675131775,-1.6321398224,1.6653002
1917,1.2414301196221589,0.7986829456175778,-1.6321749182,1.6653628
1918,1.242404489686944,0.798457994563234,-1.6322100098,1.6655450
1919,1.2433788597517292,0.7982330435088901,-1.6322450972,1.6656180
1920,1.2443532298165143,0.7980080924545463,-1.6322801767,1.6657260
1921,1.2453275998812998,0.7977831414002025,-1.6323152496,1.6658322
1922,1.246301969946085,0.7975581903458586,-1.6323503180,1.6659472
1923,1.2472763400108704,0.7973332392915148,-1.6323853772,1.6660542
1924,1.2482507100756557,0.797108288237171,-1.6324204284,1.6661614
1925,1.249225080140441,0.7968833371828271,-1.6324554687,1.6662632
1926,1.2501994502052265,0.7966583861284833,-1.6324905032,1.6663723
1927,1.2511738202700116,0.7964334350741394,-1.6325255285,1.6664827
1928,1.2521481903347969,0.7962084840197956,-1.6325605438,1.6665910
1929,1.253122560399582,0.7959835329654518,-1.6325955489,1.6667039
1930,1.2540969304643674,0.7957585819111079,-1.6326305427,1.6668151
1931,1.2550713005291527,0.7955336308567641,-1.6326655255,1.6669248
1932,1.2560494481298865,0.7953257191659463,-1.6327004972,1.6670197
1933,1.2570275957306205,0.7951178074751285,-1.6327354584,1.6671183
1934,1.258005743331354,0.7949098957843107,-1.6327704048,1.6672269
1935,1.2589838909320878,0.7947019840934929,-1.6328053444,1.6673332
1936,1.2599620385328216,0.7944940724026751,-1.6328402705,1.6674310
1937,1.2609401861335554,0.7942861607118573,-1.6328751853,1.6675240
1938,1.2619183337342892,0.7940782490210395,-1.6329100872,1.6676195
1939,1.262896481335023,0.7938703373302217,-1.6329449751,1.6677138
1940,1.2638746289357567,0.7936624256394039,-1.6329798498,1.6678021
1941,1.2648527765364903,0.7934545139485861,-1.6330147115,1.6678927
1942,1.2658309241372243,0.7932466022577683,-1.6330495573,1.6679948
1943,1.266809071737958,0.7930386905669505,-1.6330843880,1.6680924
1944,1.267787219338692,0.7928307788761327,-1.6331192034,1.6681867
1945,1.2687653669394257,0.7926228671853149,-1.6331540027,1.6682824
1946,1.2697435145401594,0.7924149554944971,-1.6331887857,1.6683815
1947,1.2707251417236072,0.7922241464991207,-1.6332235511,1.6684811
1948,1.271706768907055,0.7920333375037442,-1.6332583021,1.6685658
1949,1.2726883960905029,0.7918425285083677,-1.6332930373,1.6686505
1950,1.2736700232739504,0.7916517195129912,-1.6333277562,1.6687357
1951,1.274651650457398,0.7914609105176147,-1.6333624582,1.6688217
1952,1.275633277640846,0.7912701015222382,-1.6333971473,1.6689048
1953,1.2766149048242936,0.7910792925268617,-1.6334318145,1.6689879
1954,1.2775965320077414,0.7908884835314852,-1.6334664636,1.6690719
1955,1.2785781591911891,0.7906976745361087,-1.6335010943,1.6691553
1956,1.2795597863746369,0.7905068655407322,-1.6335357063,1.6692400
1957,1.2805414135580846,0.7903160565453557,-1.6335702990,1.6693264
1958,1.2815230407415323,0.7901252475499793,-1.6336048722,1.6694176
1959,1.28250466792498,0.7899344385546028,-1.6336394245,1.6695201
1960,1.2834862951084278,0.7897436295592263,-1.6336739577,1.6696087
1961,1.2844679222918756,0.7895528205638498,-1.6337084700,1.6696981
1962,1.2854527300448877,0.7893791723861828,-1.6337429613,1.6697711
1963,1.2864375377978998,0.7892055242085159,-1.6337774324,1.6698454
1964,1.287422345550912,0.7890318760308489,-1.6338118831,1.6699200
1965,1.288407153303924,0.7888582278531819,-1.6338463129,1.6699948
1966,1.2893919610569362,0.788684579675515,-1.6338807216,1.6700698
1967,1.2903767688099483,0.788510931497848,-1.6339151087,1.6701450
1968,1.2913615765629605,0.788337283320181,-1.6339494740,1.6702211
1969,1.2923463843159726,0.7881636351425141,-1.6339838171,1.6702967
1970,1.2933311920689847,0.7879899869648471,-1.6340181377,1.6703725
1971,1.2943159998219969,0.7878163387871802,-1.6340524354,1.6704485
1972,1.295300807575009,0.7876426906095132,-1.6340867099,1.6705248
1973,1.2962856153280211,0.7874690424318462,-1.6341209609,1.6706013
1974,1.2972704230810332,0.7872953942541793,-1.6341551881,1.6706790
1975,1.2982552308340454,0.7871217460765123,-1.6341893911,1.6707560
1976,1.2992400385870575,0.7869480978988453,-1.6342235696,1.6708332
1977,1.3002248463400696,0.7867744497211784,-1.6342577232,1.6709106
1978,1.3012096540930818,0.7866008015435114,-1.6342918517,1.6709882
1979,1.302194461846094,0.7864271533658445,-1.6343259547,1.6710661
1980,1.303182150186689,0.7862707189008042,-1.6343600321,1.6711283
1981,1.304169838527284,0.786114284435764,-1.6343940846,1.6711908
1982,1.305157526867879,0.7859578499707238,-1.6344281118,1.6712534
1983,1.306145215208474,0.7858014155056836,-1.6344621133,1.6713150
1984,1.307132903549069,0.7856449810406434,-1.6344960891,1.6713779
1985,1.308120591889664,0.7854885465756032,-1.6345300387,1.6714398
1986,1.3091082802302592,0.785332112110563,-1.6345639620,1.6715032
1987,1.3100959685708542,0.7851756776455228,-1.6345978585,1.6715668
1988,1.3110836569114492,0.7850192431804826,-1.6346317280,1.6716308
1989,1.3120713452520445,0.7848628087154423,-1.6346655703,1.6716951
1990,1.313059033592639,0.7847063742504021,-1.6346993849,1.6717615
1991,1.3140467219332344,0.7845499397853619,-1.6347331718,1.6718298
1992,1.3150344102738294,0.7843935053203217,-1.6347669304,1.6718958
1993,1.3160220986144244,0.7842370708552815,-1.6348006615,1.6719463
1994,1.3170097869550197,0.7840806363902413,-1.6348343633,1.6720117
1995,1.3179974752956145,0.7839242019252011,-1.6348680361,1.6720777
1996,1.3189851636362095,0.7837677674601609,-1.6349016796,1.6721442
1997,1.3199728519768046,0.7836113329951206,-1.6349352937,1.6722109
1998,1.3209605403173996,0.7834548985300804,-1.6349688780,1.6722780
1999,1.3219482286579949,0.7832984640650402,-1.6350024323,1.6723453
2000,1.322938496726736,0.7831592909640802,-1.6350359567,1.6723964
2001,1.3239287647954776,0.7830201178631202,-1.6350694481,1.6724610
2002,1.324919032864219,0.7828809447621602,-1.6351029132,1.6725125
2003,1.3259093009329606,0.7827417716612002,-1.6351363483,1.6725642
2004,1.326899569001702,0.7826025985602402,-1.6351697532,1.6726160
2005,1.3278898370704435,0.7824634254592802,-1.6352031275,1.6726680
2006,1.328880105139185,0.7823242523583201,-1.6352364709,1.6727202
2007,1.3298703732079264,0.7821850792573601,-1.6352697834,1.6727728
2008,1.330860641276668,0.7820459061564001,-1.6353030647,1.6728257
2009,1.3318509093454094,0.7819067330554401,-1.6353363144,1.6728788
2010,1.3328411774141509,0.7817675599544801,-1.6353695325,1.6729320
2011,1.3338314454828923,0.7816283868535201,-1.6354027187,1.6729852
2012,1.3348217135516338,0.7814892137525601,-1.6354358748,1.6730255
2013,1.3358119816203753,0.7813500406516001,-1.6354689964,1.6730793
2014,1.3368022496891168,0.7812108675506401,-1.6355020854,1.6731331
2015,1.3377925177578582,0.78107169444968,-1.6355351416,1.6731891
2016,1.3387827858265997,0.78093252134872,-1.6355681647,1.6732432
2017,1.3397730538953412,0.78079334824776,-1.6356011522,1.6733061
2018,1.3407633219640829,0.7806541751468,-1.6356341085,1.6733592
2019,1.341753590032824,0.78051500204584,-1.6356670314,1.6734096
2020,1.3427438581015656,0.78037582894488,-1.6356999191,1.6734589
2021,1.343736404253207,0.7802539596014748,-1.6357327736,1.6735035
2022,1.3447289504048483,0.7801320902580696,-1.6357655935,1.6735406
2023,1.3457214965564896,0.7800102209146644,-1.6357983842,1.6735852
2024,1.346714042708131,0.7798883515712592,-1.6358311339,1.6736152
2025,1.3477065888597723,0.779766482227854,-1.6358638533,1.6736531
2026,1.3486991350114137,0.7796446128844489,-1.6358965380,1.6736928
2027,1.349691681163055,0.7795227435410437,-1.6359291882,1.6737326
2028,1.3506842273146964,0.7794008741976385,-1.6359618035,1.6737712
2029,1.3516767734663375,0.7792790048542333,-1.6359943841,1.6738112
2030,1.352669319617979,0.7791571355108281,-1.6360269297,1.6738514
2031,1.3536618657696204,0.7790352661674229,-1.6360594399,1.6738896
2032,1.3546544119212618,0.7789133968240177,-1.6360919146,1.6739273
2033,1.3556469580729031,0.7787915274806125,-1.6361243531,1.6739851
2034,1.3566395042245445,0.7786696581372073,-1.6361567561,1.6740253
2035,1.3576320503761858,0.7785477887938022,-1.6361891231,1.6740662
2036,1.3586245965278272,0.778425919450397,-1.6362214541,1.6741023
2037,1.3596171426794683,0.7783040501069918,-1.6362537486,1.6741427
2038,1.36060968883111,0.7781821807635866,-1.6362860065,1.6741816
2039,1.3616022349827512,0.7780603114201814,-1.6363182276,1.6742193
2040,1.3625947811343926,0.7779384420767762,-1.6363504122,1.6742493
2041,1.363587327286034,0.777816572733371,-1.6363825591,1.6742898
2042,1.3645798734376753,0.7776947033899658,-1.6364146692,1.6743467
2043,1.3655724195893166,0.7775728340465606,-1.6364467412,1.6743952
2044,1.366564965740958,0.7774509647031554,-1.6364787753,1.6744406
2045,1.367557511892599,0.7773290953597503,-1.6365107744,1.6744688
2046,1.368550058044241,0.7772072260163451,-1.6365427331,1.6745118
2047,1.3695445799396089,0.7771026975530774,-1.6365746542,1.6745382
2048,1.370539101834977,0.7769981690898097,-1.6366065378,1.6745627
2049,1.3715336237303453,0.776893640626542,-1.6366383834,1.6745875
2050,1.3725281456257137,0.7767891121632743,-1.6366701864,1.6745825
2051,1.3735226675210817,0.7766845837000066,-1.6367019579,1.6746651
2052,1.3745171894164498,0.7765800552367389,-1.6367336918,1.6746779
2053,1.375511711311818,0.7764755267734712,-1.6367653851,1.6746875
2054,1.3765062332071862,0.7763709983102035,-1.6367970400,1.6747207
2055,1.3775007551025544,0.7762664698469358,-1.6368286561,1.6747448
2056,1.3784952769979226,0.7761619413836681,-1.6368602335,1.6747718
2057,1.3794897988932908,0.7760574129204004,-1.6368917718,1.6748135
2058,1.380484320788659,0.7759528844571327,-1.6369232697,1.6748048
2059,1.3814788426840272,0.775848355993865,-1.6369547305,1.6748382
2060,1.3824733645793954,0.7757438275305973,-1.6369861510,1.6749228
2061,1.3834678864747636,0.7756392990673296,-1.6370175334,1.6749139
2062,1.3844624083701318,0.775534770604062,-1.6370488719,1.6749423
2063,1.3854569302655,0.7754302421407943,-1.6370801773,1.6749679
2064,1.3864514521608682,0.7753257136775266,-1.6371114370,1.6749798
2065,1.3874459740562364,0.7752211852142589,-1.6371426630,1.6750312
2066,1.3884404959516046,0.7751166567509912,-1.6371738401,1.6750416
2067,1.3894350178469728,0.7750121282877235,-1.6372049865,1.6750614
2068,1.390429539742341,0.7749075998244558,-1.6372360813,1.6750832
2069,1.3914240616377092,0.7748030713611881,-1.6372671449,1.6751467
2070,1.3924185835330771,0.7746985428979204,-1.6372981696,1.6751507
2071,1.3934131054284455,0.7745940144346527,-1.6373291484,1.6751696
2072,1.3944076273238135,0.774489485971385,-1.6373600864,1.6752433
2073,1.395402149219182,0.7743849575081173,-1.6373909844,1.6752595
2074,1.39639667111455,0.7742804290448496,-1.6374218407,1.6753012
2075,1.3973911930099183,0.7741759005815819,-1.6374526530,1.6752471
2076,1.39838738770801,0.7740887448388343,-1.6374834290,1.6753343
2077,1.3993835824061016,0.7740015890960866,-1.6375141613,1.6753527
2078,1.4003797771041933,0.773914433353339,-1.6375448514,1.6753686
2079,1.401375971802285,0.7738272776105913,-1.6375755029,1.6753643
2080,1.4023721665003763,0.7737401218678437,-1.6376061118,1.6753988
2081,1.4033683611984682,0.773652966125096,-1.6376366817,1.6753969
2082,1.4043645558965598,0.7735658103823484,-1.6376672038,1.6754309
2083,1.4053607505946517,0.7734786546396007,-1.6376976896,1.6754457
2084,1.4063569452927431,0.7733914988968531,-1.6377281334,1.6754479
2085,1.4073531399908348,0.7733043431541055,-1.6377585321,1.6754680
2086,1.4083493346889264,0.7732171874113578,-1.6377888949,1.6754772
2087,1.409345529387018,0.7731300316686102,-1.6378192122,1.6754837
2088,1.4103417240851095,0.7730428759258625,-1.6378494877,1.6755021
2089,1.4113379187832014,0.7729557201831149,-1.6378797205,1.6754991
2090,1.412334113481293,0.7728685644403672,-1.6379099115,1.6755199
2091,1.4133303081793849,0.7727814086976196,-1.6379400594,1.6755420
2092,1.4143265028774763,0.7726942529548719,-1.6379701661,1.6755424
2093,1.415322697575568,0.7726070972121243,-1.6380002293,1.6756058
2094,1.4163188922736596,0.7725199414693766,-1.6380302519,1.6756007
2095,1.4173150869717512,0.772432785726629,-1.6380602275,1.6755752
2096,1.4183112816698429,0.7723456299838813,-1.6380901643,1.6755971
2097,1.4193074763679343,0.7722584742411337,-1.6381200533,1.6756279
2098,1.4203036710660262,0.772171318498386,-1.6381499047,1.6756290
2099,1.4212998657641178,0.7720841627556384,-1.6381797140,1.6756523
2100,1.4222960604622097,0.7719970070128908,-1.6382094737,1.6756637
2101,1.4232922551603011,0.7719098512701431,-1.6382391930,1.6756928
2102,1.4242884498583928,0.7718226955273955,-1.6382688734,1.6757145
2103,1.4252846445564844,0.7717355397846478,-1.6382985072,1.6757222
2104,1.426280839254576,0.7716483840419002,-1.6383280966,1.6757314
2105,1.4272770339526677,0.7715612282991525,-1.6383576429,1.6757498
2106,1.4282732286507591,0.7714740725564049,-1.6383871438,1.6757853
2107,1.429269423348851,0.7713869168136572,-1.6384166037,1.6758020
2108,1.4302656180469426,0.7712997610709096,-1.6384460160,1.6757568
2109,1.4312618127450345,0.7712126053281619,-1.6384753887,1.6758011
2110,1.432258007443126,0.7711254495854143,-1.6385047166,1.6758267
2111,1.4332542021412176,0.7710382938426666,-1.6385339996,1.6758338
2112,1.4342503968393092,0.770951138099919,-1.6385632354,1.6758643
2113,1.435247960889569,0.7708813816261749,-1.6385924325,1.6758512
2114,1.4362455249398287,0.7708116251524308,-1.6386215829,1.6758680
2115,1.4372430889900885,0.7707418686786868,-1.6386506865,1.6758677
2116,1.4382406530403482,0.7706721122049427,-1.6386797516,1.6758725
2117,1.439238217090608,0.7706023557311986,-1.6387087697,1.6758876
2118,1.4402357811408677,0.7705325992574545,-1.6387377451,1.6758617
2119,1.4412333451911274,0.7704628427837105,-1.6387666723,1.6758720
2120,1.4422309092413872,0.7703930863099664,-1.6387955577,1.6758677
2121,1.443228473291647,0.7703233298362223,-1.6388244010,1.6758785
2122,1.444226037341907,0.7702535733624782,-1.6388532010,1.6758807
2123,1.4452236013921664,0.7701838168887342,-1.6388819540,1.6758693
2124,1.4462211654424262,0.7701140604149901,-1.6389106634,1.6758678
2125,1.447218729492686,0.770044303941246,-1.6389393236,1.6758742
2126,1.4482162935429457,0.7699745474675019,-1.6389679470,1.6758841
2127,1.4492138575932054,0.7699047909937579,-1.6389965228,1.6758768
2128,1.4502114216434652,0.7698350345200138,-1.6390250537,1.6758708
2129,1.451208985693725,0.7697652780462697,-1.6390535374,1.6758840
2130,1.4522065497439849,0.7696955215725256,-1.6390819801,1.6758797
2131,1.4532041137942444,0.7696257650987816,-1.6391103763,1.6758812
2132,1.4542016778445042,0.7695560086250375,-1.6391387277,1.6758829
2133,1.455199241894764,0.7694862521512934,-1.6391670342,1.6758847
2134,1.4561968059450237,0.7694164956775493,-1.6391952957,1.6758866
2135,1.4571943699952834,0.7693467392038053,-1.6392235123,1.6758886
2136,1.4581919340455431,0.7692769827300612,-1.6392516838,1.6758907
2137,1.459189498095803,0.7692072262563171,-1.6392798103,1.6758930
2138,1.4601870621460626,0.769137469782573,-1.6393078916,1.6758955
2139,1.4611846261963224,0.769067713308829,-1.6393359277,1.6758984
2140,1.462182190246582,0.7689979568350849,-1.6393639185,1.6759018
2141,1.463179754296842,0.7689282003613408,-1.6393918641,1.6759061
2142,1.4641773183471016,0.7688584438875967,-1.6394197645,1.6759056
2143,1.4651748823973614,0.7687886874138526,-1.6394476201,1.6759064
2144,1.4661724464476211,0.7687189309401086,-1.6394754283,1.6759096
2145,1.4671700104978809,0.7686491744663645,-1.6395031921,1.6759279
2146,1.4681675745481406,0.7685794179926204,-1.6395309103,1.6758849
2147,1.4691651385984004,0.7685096615188763,-1.6395585830,1.6759286
2148,1.47016270264866,0.7684399050451323,-1.6395862123,1.6759270
2149,1.47116026669892,0.7683701485713882,-1.6396137952,1.6759352
2150,1.4721578307491796,0.7683003920976441,-1.6396413314,1.6759262
2151,1.4731553947994394,0.7682306356239,-1.6396688214,1.6759385
2152,1.474152958849699,0.768160879150156,-1.6396962672,1.6759344
2153,1.4751505228999588,0.7680911226764119,-1.6397236675,1.6759360
2154,1.4761480869502186,0.7680213662026678,-1.6397510178,1.6759545
2155,1.4771456510004783,0.7679516097289237,-1.6397783248,1.6759580
2156,1.478143215050738,0.7678818532551797,-1.6398055896,1.6759638
2157,1.4791407791009978,0.7678120967814356,-1.6398328066,1.6759636
2158,1.4801383431512576,0.7677423403076915,-1.6398599749,1.6759903
2159,1.481135907201517,0.7676725838339474,-1.6398871007,1.6759874
2160,1.482134536736272,0.7676202478777044,-1.6399141812,1.6759613
2161,1.4831331662710263,0.7675679119214615,-1.6399412137,1.6759367
2162,1.4841317958057811,0.7675155759652185,-1.6399682002,1.6759270
2163,1.4851304253405355,0.7674632400089755,-1.6399951407,1.6759379
2164,1.4861290548752903,0.7674109040527325,-1.6400220351,1.6759306
2165,1.487127684410045,0.7673585680964895,-1.6400488852,1.6758972
2166,1.4881263139447996,0.7673062321402465,-1.6400756917,1.6758783
2167,1.4891249434795542,0.7672538961840035,-1.6401024488,1.6758590
2168,1.4901235730143088,0.7672015602277605,-1.6401291619,1.6758460
2169,1.4911222025490634,0.7671492242715175,-1.6401558290,1.6758343
2170,1.492120832083818,0.7670968883152746,-1.6401824494,1.6758370
2171,1.4931194616185726,0.7670445523590316,-1.6402090227,1.6758280
2172,1.4941180911533272,0.7669922164027886,-1.6402355527,1.6758145
2173,1.4951167206880818,0.7669398804465456,-1.6402620356,1.6757905
2174,1.4961153502228364,0.7668875444903026,-1.6402884727,1.6757854
2175,1.497113979757591,0.7668352085340596,-1.6403148637,1.6757031
2176,1.4981126092923456,0.7667828725778166,-1.6403412109,1.6757613
2177,1.4991112388271002,0.7667305366215736,-1.6403675107,1.6757466
2178,1.5001098683618548,0.7666782006653307,-1.6403937633,1.6757423
2179,1.5011084978966094,0.7666258647090877,-1.6404199716,1.6756787
2180,1.502107127431364,0.7665735287528447,-1.6404461336,1.6757182
2181,1.5031057569661186,0.7665211927966017,-1.6404722462,1.6757326
2182,1.5041043865008732,0.7664688568403587,-1.6404983182,1.6757068
2183,1.5051030160356278,0.7664165208841157,-1.6405243427,1.6756907
2184,1.5061016455703824,0.7663641849278727,-1.6405503207,1.6756770
2185,1.507100275105137,0.7663118489716297,-1.6405762528,1.6756614
2186,1.5080989046398916,0.7662595130153868,-1.6406021385,1.6756605
2187,1.5090975341746462,0.7662071770591438,-1.6406279790,1.6756396
2188,1.5100961637094008,0.7661548411029008,-1.6406537726,1.6756277
2189,1.5110947932441554,0.7661025051466578,-1.6406795210,1.6756170
2190,1.51209342277891,0.7660501691904148,-1.6407052210,1.6756127
2191,1.5130920523136646,0.7659978332341718,-1.6407308755,1.6756127
2192,1.5140906818484192,0.7659454972779288,-1.6407564864,1.6755981
2193,1.5150893113831738,0.7658931613216858,-1.6407820521,1.6755674
2194,1.5160879409179284,0.7658408253654428,-1.6408075689,1.6755735
2195,1.517086570452683,0.7657884894091999,-1.6408330420,1.6755600
2196,1.5180851999874376,0.7657361534529569,-1.6408584669,1.6755384
2197,1.5190838295221922,0.7656838174967139,-1.6408838444,1.6755590
2198,1.5200824590569468,0.7656314815404709,-1.6409091819,1.6754833
2199,1.5210810885917014,0.7655791455842279,-1.6409344695,1.6755129
2200,1.522079718126456,0.7655268096279849,-1.6409597114,1.6755017
2201,1.5230783476612106,0.7654744736717419,-1.6409849053,1.6754833
2202,1.5240769771959652,0.7654221377154989,-1.6410100537,1.6754771
2203,1.5250756067307198,0.765369801759256,-1.6410351589,1.6754671
2204,1.5260742362654744,0.765317465803013,-1.6410602167,1.6754686
2205,1.527072865800229,0.76526512984677,-1.6410852251,1.6754791
2206,1.5280714953349837,0.765212793890527,-1.6411101918,1.6754359
2207,1.5290701248697385,0.765160457934284,-1.6411351109,1.6754472
2208,1.5300687544044929,0.765108121978041,-1.6411599847,1.6754359
2209,1.5310673839392477,0.765055786021798,-1.6411848125,1.6754310
2210,1.532066013474002,0.765003450065555,-1.6412095935,1.6753382
2211,1.5330646430087569,0.764951114109312,-1.6412343321,1.6753683
2212,1.5340632725435113,0.7648987781530691,-1.6412590195,1.6754019
2213,1.535061902078266,0.7648464421968261,-1.6412836610,1.6753603
2214,1.5360605316130205,0.7647941062405831,-1.6413082621,1.6753622
2215,1.537059161147775,0.7647417702843401,-1.6413328089,1.6753422
2216,1.5380577906825297,0.7646894343280971,-1.6413573187,1.6753464
2217,1.5390564202172845,0.7646370983718541,-1.6413817783,1.6753315
2218,1.5400550497520389,0.7645847624156111,-1.6414061931,1.6753229
2219,1.5410536792867937,0.7645324264593681,-1.6414305586,1.6753231
2220,1.542052308821548,0.7644800905031252,-1.6414548781,1.6753357
2221,1.5430509383563027,0.7644277545468822,-1.6414791559,1.6753048
2222,1.5440495678910573,0.7643754185906392,-1.6415033871,1.6752891
2223,1.545048197425812,0.7643230826343962,-1.6415275709,1.6752974
2224,1.546047588252831,0.7642881831376936,-1.6415517105,1.6752557
2225,1.5470469790798502,0.7642532836409911,-1.6415758008,1.6752353
2226,1.5480463699068694,0.7642183841442886,-1.6415998493,1.6751863
2227,1.549044999441624,0.7641660481880456,-1.6416238497,1.6752018
2228,1.5500443902686432,0.764131148691343,-1.6416478056,1.6751042
2229,1.5510437810956623,0.7640962491946405,-1.6416717126,1.6751650
2230,1.5520431719226817,0.7640613496979379,-1.6416955777,1.6751208
2231,1.5530425627497009,0.7640264502012354,-1.6417193992,1.6750957
2232,1.5540411922844553,0.7639741142449924,-1.6417431715,1.6750892
2233,1.5550405831114744,0.7639392147482899,-1.6417668943,1.6750652
2234,1.5560399739384936,0.7639043152515873,-1.6417905800,1.6750403
2235,1.5570393647655127,0.7638694157548848,-1.6418142164,1.6750237
2236,1.558038755592532,0.7638345162581822,-1.6418378061,1.6749773
2237,1.559038146419551,0.7637996167614797,-1.6418613537,1.6749766
2238,1.5600367759543057,0.7637472808052367,-1.6418848492,1.6749606
2239,1.5610361667813248,0.7637123813085341,-1.6419083105,1.6748758
2240,1.562035557608344,0.7636774818118316,-1.6419317187,1.6749154
2241,1.5630349484353632,0.763642582315129,-1.6419550833,1.6748791
2242,1.5640343392623823,0.7636076828184265,-1.6419784025,1.6748555
2243,1.5650337300894015,0.763572783321724,-1.6420016722,1.6748325
2244,1.5660331209164209,0.7635378838250214,-1.6420249000,1.6748201
2245,1.5670325117434398,0.7635029843283189,-1.6420480809,1.6747971
2246,1.568031902570459,0.7634680848316163,-1.6420712220,1.6747680
2247,1.5690312933974782,0.7634331853349138,-1.6420943175,1.6747401
2248,1.570030684224497,0.7633982858382112,-1.6421173618,1.6747239
2249,1.5710300750515165,0.7633633863415087,-1.6421403641,1.6746976
2250,1.5720294658785356,0.7633284868448061,-1.6421633218,1.6746456
2251,1.5730288567055548,0.7632935873481036,-1.6421862318,1.6746689
2252,1.574028247532574,0.763258687851401,-1.6422090994,1.6746190
2253,1.5750276383595931,0.7632237883546985,-1.6422319239,1.6745934
2254,1.5760270291866123,0.763188888857996,-1.6422547021,1.6745683
2255,1.5770264200136317,0.7631539893612934,-1.6422774302,1.6745708
2256,1.5780258108406506,0.7631190898645909,-1.6423001211,1.6745196
2257,1.5790252016676698,0.7630841903678883,-1.6423227611,1.6744867
2258,1.580024592494689,0.7630492908711858,-1.6423453576,1.6744734
2259,1.581023983321708,0.7630143913744832,-1.6423679101,1.6744677
2260,1.5820233741487273,0.7629794918777807,-1.6423904192,1.6744357
2261,1.5830227649757465,0.7629445923810781,-1.6424128818,1.6743803
2262,1.5840221558027656,0.7629096928843756,-1.6424353006,1.6743627
2263,1.5850215466297848,0.7628747933876731,-1.6424576736,1.6743356
2264,1.586020937456804,0.7628398938909705,-1.6424800021,1.6743008
2265,1.5870203282838231,0.762804994394268,-1.6425022858,1.6742878
2266,1.5880197191108425,0.7627700948975654,-1.6425245209,1.6742662
2267,1.5890191099378614,0.7627351954008629,-1.6425467201,1.6742358
2268,1.5900185007648806,0.7627002959041603,-1.6425688676,1.6742551
2269,1.5910178915918998,0.7626653964074578,-1.6425909728,1.6742410
2270,1.592017282418919,0.7626304969107552,-1.6426130341,1.6742095
2271,1.593016673245938,0.7625955974140527,-1.6426350518,1.6741761
2272,1.5940160640729573,0.7625606979173501,-1.6426570229,1.6741331
2273,1.5950154548999764,0.7625257984206476,-1.6426789525,1.6741338
2274,1.5960148457269956,0.7624908989239451,-1.6427008327,1.6741408
2275,1.5970142365540148,0.7624559994272425,-1.6427226758,1.6740858
2276,1.598013627381034,0.76242109993054,-1.6427444675,1.6740204
2277,1.599013018208053,0.7623862004338374,-1.6427662163,1.6740651
2278,1.6000124090350722,0.7623513009371349,-1.6427879194,1.6740463
2279,1.6010117998620914,0.7623164014404323,-1.6428095836,1.6740283
2280,1.6020111906891106,0.7622815019437298,-1.6428312040,1.6739881
2281,1.6030105815161295,0.7622466024470272,-1.6428527773,1.6739706
2282,1.604009972343149,0.7622117029503247,-1.6428743078,1.6739377
2283,1.605009363170168,0.7621768034536222,-1.6428957947,1.6739093
2284,1.6060087539971872,0.7621419039569196,-1.6429172363,1.6738890
2285,1.6070081448242064,0.7621070044602171,-1.6429386340,1.6738665
2286,1.6080075356512256,0.7620721049635145,-1.6429599877,1.6738448
2287,1.6090069264782447,0.762037205466812,-1.6429812979,1.6738215
2288,1.610006317305264,0.7620023059701094,-1.6430025641,1.6738027
2289,1.611005708132283,0.7619674064734069,-1.6430237859,1.6737764
2290,1.6120050989593022,0.7619325069767043,-1.6430449630,1.6737546
2291,1.6130044897863214,0.7618976074800018,-1.6430660982,1.6737292
2292,1.6140038806133403,0.7618627079832992,-1.6430871891,1.6737300
2293,1.6150032714403595,0.7618278084865967,-1.6431082375,1.6736909
2294,1.6160026622673789,0.7617929089898942,-1.6431292434,1.6736568
2295,1.617002053094398,0.7617580094931916,-1.6431502013,1.6736559
2296,1.6180014439214172,0.7617231099964891,-1.6431711195,1.6736394
2297,1.6190008347484364,0.7616882104997865,-1.6431919905,1.6736186
2298,1.6200002255754555,0.761653311003084,-1.6432128209,1.6735845
2299,1.6209996164024747,0.7616184115063814,-1.6432336083,1.6735573
2300,1.621999007229494,0.7615835120096789,-1.6432543523,1.6735091
2301,1.622998398056513,0.7615486125129763,-1.6432750523,1.6735091
2302,1.6239977888835322,0.7615137130162738,-1.6432957072,1.6735173
2303,1.6249971797105514,0.7614788135195713,-1.6433163183,1.6735112
2304,1.6259965705375703,0.7614439140228687,-1.6433368912,1.6734374
2305,1.6269959613645897,0.7614090145261662,-1.6433574164,1.6734390
2306,1.6279953521916088,0.7613741150294636,-1.6433778983,1.6734173
2307,1.628994743018628,0.7613392155327611,-1.6433983385,1.6733916
2308,1.6299941338456472,0.7613043160360585,-1.6434187369,1.6733796
2309,1.6309935246726663,0.761269416539356,-1.6434390919,1.6733443
2310,1.6319929154996855,0.7612345170426534,-1.6434594002,1.6733759
2311,1.632992306326705,0.7611996175459509,-1.6434796732,1.6733071
2312,1.6339916971537238,0.7611647180492483,-1.6434998955,1.6733250
2313,1.634991087980743,0.7611298185525458,-1.6435200787,1.6732909
2314,1.6359904788077622,0.7610949190558433,-1.6435402202,1.6732560
2315,1.636989869634781,0.7610600195591407,-1.6435603196,1.6732099
2316,1.6379892604618005,0.7610251200624382,-1.6435803726,1.6731824
2317,1.6389886512888197,0.7609902205657356,-1.6436003808,1.6732052
2318,1.639988498983976,0.7609727681592984,-1.6436203526,1.6731519
2319,1.6409878898109953,0.7609378686625958,-1.6436402808,1.6731252
2320,1.6419877375061518,0.7609204162561586,-1.6436601649,1.6730913
2321,1.6429875852013085,0.7609029638497213,-1.6436800063,1.6730479
2322,1.6439869760283274,0.7608680643530188,-1.6436998069,1.6730111
2323,1.644986823723484,0.7608506119465815,-1.6437195646,1.6729912
2324,1.645986214550503,0.760815712449879,-1.6437392799,1.6729813
2325,1.6469860622456596,0.7607982600434418,-1.6437589536,1.6729417
2326,1.647985909940816,0.7607808076370045,-1.6437785812,1.6729383
2327,1.6489853007678352,0.760745908140302,-1.6437981728,1.6728872
2328,1.6499851484629915,0.7607284557338647,-1.6438177199,1.6728520
2329,1.6509845392900109,0.7606935562371622,-1.6438372246,1.6728077
2330,1.6519843869851674,0.7606761038307249,-1.6438566858,1.6727897
2331,1.6529842346803238,0.7606586514242877,-1.6438761077,1.6727606
2332,1.653983625507343,0.7606237519275851,-1.6438954884,1.6727231
2333,1.6549834732024995,0.7606062995211479,-1.6439148253,1.6726864
2334,1.655983320897656,0.7605888471147106,-1.6439341213,1.6726577
2335,1.6569827117246752,0.7605539476180081,-1.6439533760,1.6726479
2336,1.6579825594198316,0.7605364952115709,-1.6439725876,1.6726155
2337,1.658982407114988,0.7605190428051336,-1.6439917560,1.6725861
2338,1.6599817979420073,0.7604841433084311,-1.6440108894,1.6725594
2339,1.6609816456371638,0.7604666909019938,-1.6440299776,1.6725191
2340,1.6619814933323205,0.7604492384955566,-1.6440490228,1.6724876
2341,1.6629808841593394,0.760414338998854,-1.6440680268,1.6724662
2342,1.663980731854496,0.7603968865924168,-1.6440869903,1.6724332
2343,1.6649805795496524,0.7603794341859795,-1.6441059147,1.6724063
2344,1.6659799703766716,0.760344534689277,-1.6441247957,1.6723888
2345,1.666979818071828,0.7603270822828397,-1.6441436358,1.6723434
2346,1.6679796657669843,0.7603096298764025,-1.6441624358,1.6723071
2347,1.6689790565940037,0.7602747303797,-1.6441811931,1.6722906
2348,1.6699789042891602,0.7602572779732627,-1.6441999084,1.6722711
2349,1.670978751984317,0.7602398255668255,-1.6442185863,1.6722028
2350,1.6719785996794732,0.7602223731603882,-1.6442372174,1.6722367
2351,1.6729779905064923,0.7601874736636857,-1.6442558170,1.6721680
2352,1.6739778382016488,0.7601700212572484,-1.6442743684,1.6721541
2353,1.6749776858968053,0.7601525688508112,-1.6442928799,1.6721066
2354,1.6759775335919618,0.7601351164443739,-1.6443113520,1.6720802
2355,1.676976924418981,0.7601002169476714,-1.6443297827,1.6720663
2356,1.6779767721141374,0.7600827645412341,-1.6443481779,1.6720087
2357,1.678976619809294,0.7600653121347969,-1.6443665251,1.6719835
2358,1.6799764675044504,0.7600478597283596,-1.6443848367,1.6719339
2359,1.6809763151996069,0.7600304073219224,-1.6444031061,1.6719218
2360,1.681975706026626,0.7599955078252199,-1.6444213373,1.6718832
2361,1.6829755537217823,0.7599780554187826,-1.6444395257,1.6718620
2362,1.683975401416939,0.7599606030123454,-1.6444576754,1.6718248
2363,1.6849752491120955,0.7599431506059081,-1.6444757829,1.6718230
2364,1.685975096807252,0.7599256981994709,-1.6444938511,1.6717606
2365,1.6869744876342712,0.7598907987027683,-1.6445118792,1.6717416
2366,1.6879743353294276,0.7598733462963311,-1.6445298673,1.6717021
2367,1.688974183024584,0.7598558938898938,-1.6445478126,1.6716914
2368,1.6899740307197406,0.7598384414834566,-1.6445657230,1.6716354
2369,1.690973878414897,0.7598209890770193,-1.6445835925,1.6715963
2370,1.6919737261100536,0.7598035366705821,-1.6446014195,1.6715825
2371,1.6929731169370728,0.7597686371738795,-1.6446192083,1.6715939
2372,1.6939729646322292,0.7597511847674423,-1.6446369556,1.6715668
2373,1.6949728123273855,0.759733732361005,-1.6446546680,1.6714800
2374,1.6959726600225422,0.7597162799545678,-1.6446723403,1.6714503
2375,1.6969725077176987,0.7596988275481306,-1.6446899695,1.6714255
2376,1.6979723554128552,0.7596813751416933,-1.6447075586,1.6714008
2377,1.6989722031080117,0.7596639227352561,-1.6447251117,1.6713470
2378,1.6999715939350308,0.7596290232385535,-1.6447426249,1.6713227
2379,1.700971441630187,0.7596115708321163,-1.6447600971,1.6712841
2380,1.7019712893253438,0.759594118425679,-1.6447775326,1.6712595
2381,1.7029711370205003,0.7595766660192418,-1.6447949261,1.6712317
2382,1.7039709847156568,0.7595592136128045,-1.6448122830,1.6711972
2383,1.7049708324108133,0.7595417612063673,-1.6448295995,1.6711692
2384,1.7059706801059698,0.75952430879993,-1.6448468772,1.6711453
2385,1.7069705278011262,0.7595068563934928,-1.6448641140,1.6711389
2386,1.7079703754962827,0.7594894039870556,-1.6448813138,1.6710586
2387,1.7089702231914392,0.7594719515806183,-1.6448984756,1.6710303
2388,1.7099700708865957,0.7594544991741811,-1.6449155977,1.6710261
2389,1.7109694617136149,0.7594195996774785,-1.6449326808,1.6709989
2390,1.7119693094087711,0.7594021472710413,-1.6449497264,1.6709852
2391,1.7129691571039278,0.759384694864604,-1.6449667308,1.6709287
2392,1.7139690047990843,0.7593672424581668,-1.6449836994,1.6708923
2393,1.7149688524942408,0.7593497900517295,-1.6450006261,1.6708581
2394,1.7159687001893973,0.7593323376452923,-1.6450175178,1.6709088
2395,1.7169685478845538,0.759314885238855,-1.6450343706,1.6707801
2396,1.7179683955797105,0.7592974328324178,-1.6450511844,1.6708161
2397,1.7189682432748667,0.7592799804259805,-1.6450679575,1.6708050
2398,1.7199680909700232,0.7592625280195433,-1.6450846970,1.6706922
2399,1.7209679386651795,0.7592450756131061,-1.6451013969,1.6707167
2400,1.7219677863603362,0.7592276232066688,-1.6451180581,1.6706287
2401,1.7229676340554927,0.7592101708002316,-1.6451346785,1.6706123
2402,1.7239674817506492,0.7591927183937943,-1.6451512674,1.6706162
2403,1.7249673294458057,0.7591752659873571,-1.6451678141,1.6705286
2404,1.725967177140962,0.7591578135809198,-1.6451843233,1.6704969
2405,1.7269670248361186,0.7591403611744826,-1.6452007918,1.6705400
2406,1.7279668725312751,0.7591229087680453,-1.6452172264,1.6704482
2407,1.7289667202264316,0.7591054563616081,-1.6452336237,1.6704469
2408,1.729966567921588,0.7590880039551708,-1.6452499838,1.6703888
2409,1.7309664156167446,0.7590705515487336,-1.6452663057,1.6703619
2410,1.731966263311901,0.7590530991422964,-1.6452825901,1.6703385
2411,1.733965958702214,0.7590181943294219,-1.6453150439,1.6702729
2412,1.7349658063973703,0.7590007419229846,-1.6453312171,1.6702396
2413,1.735965654092527,0.7589832895165474,-1.6453473513,1.6702106
2414,1.7369655017876835,0.7589658371101101,-1.6453634485,1.6701796
2415,1.73796534948284,0.7589483847036729,-1.6453795083,1.6701535
2416,1.7389651971779965,0.7589309322972356,-1.6453955303,1.6701198
2417,1.739965044873153,0.7589134798907984,-1.6454115153,1.6700911
2418,1.7409648925683094,0.7588960274843611,-1.6454274660,1.6700718
2419,1.741964740263466,0.7588785750779239,-1.6454433778,1.6700546
2420,1.7429645879586224,0.7588611226714866,-1.6454592525,1.6700305
2421,1.743964435653779,0.7588436702650494,-1.6454750908,1.6699770
2422,1.7449642833489354,0.7588262178586122,-1.6454908931,1.6699634
2423,1.745964131044092,0.7588087654521749,-1.6455066585,1.6699099
2424,1.7469639787392484,0.7587913130457377,-1.6455223860,1.6698732
2425,1.7479638264344048,0.7587738606393004,-1.6455380788,1.6698668
2426,1.748963674129561,0.7587564082328632,-1.6455537344,1.6698243
2427,1.7499635218247178,0.7587389558264259,-1.6455693525,1.6698069
2428,1.7509633695198743,0.7587215034199887,-1.6455849356,1.6697641
2429,1.7519632172150308,0.7587040510135514,-1.6456004796,1.6697371
2430,1.7529630649101873,0.7586865986071142,-1.6456159926,1.6696919
2431,1.7539629126053438,0.7586691462006769,-1.6456314665,1.6696637
2432,1.7549627603005002,0.7586516937942397,-1.6456469043,1.6696371
2433,1.7559626079956567,0.7586342413878024,-1.6456623060,1.6696074
2434,1.7569624556908132,0.7586167889813652,-1.6456776719,1.6695775
2435,1.7579623033859697,0.758599336574928,-1.6456930018,1.6695473
2436,1.7589621510811262,0.7585818841684907,-1.6457082927,1.6695372
2437,1.759961998776283,0.7585644317620535,-1.6457235535,1.6694853
2438,1.7609618464714392,0.7585469793556162,-1.6457387768,1.6694432
2439,1.7619616941665956,0.758529526949179,-1.6457539635,1.6694250
2440,1.762961541861752,0.7585120745427417,-1.6457691152,1.6694026
2441,1.7639613895569086,0.7584946221363045,-1.6457842281,1.6693817
2442,1.764961237252065,0.7584771697298672,-1.6457993094,1.6693503
2443,1.7659610849472216,0.75845971732343,-1.6458143513,1.6693372
2444,1.766960932642378,0.7584422649169927,-1.6458293626,1.6692827
2445,1.7679607803375346,0.7584248125105555,-1.6458443352,1.6692781
2446,1.768960628032691,0.7584073601041182,-1.6458592731,1.6692158
2447,1.7699604757278475,0.758389907697681,-1.6458741795,1.6692095
2448,1.770960323423004,0.7583724552912438,-1.6458890475,1.6691797
2449,1.7719601711181605,0.7583550028848065,-1.6459038806,1.6691522
2450,1.772960018813317,0.7583375504783693,-1.6459186785,1.6691237
2451,1.7739598665084737,0.758320098071932,-1.6459334395,1.6690903
2452,1.77495971420363,0.7583026456654948,-1.6459481701,1.6690676
2453,1.7759595618987865,0.7582851932590575,-1.6459628621,1.6690225
2454,1.776959409593943,0.7582677408526203,-1.6459775221,1.6689874
2455,1.7779592572890994,0.758250288446183,-1.6459921437,1.6689942
2456,1.778959104984256,0.7582328360397458,-1.6460067340,1.6689498
2457,1.7799589526794124,0.7582153836333085,-1.6460212875,1.6689409
2458,1.7809588003745689,0.7581979312268713,-1.6460358086,1.6688884
2459,1.7819586480697254,0.758180478820434,-1.6460502939,1.6688638
2460,1.782958495764882,0.7581630264139968,-1.6460647446,1.6688235
2461,1.7839583434600383,0.7581455740075596,-1.6460791615,1.6688039
2462,1.7849581911551948,0.7581281216011223,-1.6460935446,1.6687769
2463,1.785958038850351,0.7581106691946851,-1.6461078925,1.6687454
2464,1.7869578865455078,0.7580932167882478,-1.6461222038,1.6687290
2465,1.7879577342406645,0.7580757643818106,-1.6461364839,1.6687314
2466,1.7889575819358208,0.7580583119753733,-1.6461507293,1.6686856
2467,1.7899574296309773,0.7580408595689361,-1.6461649404,1.6686802
2468,1.7909572773261335,0.7580234071624988,-1.6461791211,1.6686252
2469,1.7919571250212902,0.7580059547560616,-1.6461932626,1.6686033
2470,1.7929569727164467,0.7579885023496243,-1.6462073728,1.6685880
2471,1.7939568204116032,0.7579710499431871,-1.6462214509,1.6685444
2472,1.7949566681067597,0.7579535975367498,-1.6462354940,1.6685011
2473,1.7959565158019162,0.7579361451303126,-1.6462495025,1.6684763
2474,1.7969563634970729,0.7579186927238754,-1.6462634763,1.6684613
2475,1.7979562111922291,0.7579012403174381,-1.6462774194,1.6684082
2476,1.7989560588873856,0.7578837879110009,-1.6462913271,1.6683932
2477,1.799955906582542,0.7578663355045636,-1.6463052027,1.6683606
2478,1.8009557542776986,0.7578488830981264,-1.6463190428,1.6683500
2479,1.801955601972855,0.7578314306916891,-1.6463328522,1.6683055
2480,1.802955449668012,0.7578139782852519,-1.6463466277,1.6682711
2481,1.803955297363168,0.7577965258788146,-1.6463603681,1.6682585
2482,1.804955297363168,0.7577965258788146,-1.6463740773,1.6682138
2483,1.8059551450583244,0.7577790734723774,-1.6463877519,1.6681899
2484,1.806954992753481,0.7577616210659401,-1.6464013952,1.6681666
2485,1.8079549927534808,0.7577616210659401,-1.6464150035,1.6681295
2486,1.8089548404486373,0.7577441686595029,-1.6464285826,1.6680953
2487,1.8099546881437936,0.7577267162530656,-1.6464421267,1.6680591
2488,1.8109546881437937,0.7577267162530656,-1.6464556368,1.6680311
2489,1.8119545358389504,0.7577092638466284,-1.6464691179,1.6679995
2490,1.8129543835341069,0.7576918114401912,-1.6464825629,1.6679825
2491,1.8139543835341063,0.7576918114401912,-1.6464959783,1.6679324
2492,1.814954231229263,0.7576743590337539,-1.6465093599,1.6678984
2493,1.8159540789244195,0.7576569066273167,-1.6465227090,1.6678626
2494,1.81695407892442,0.7576569066273167,-1.6465360258,1.6678258
2495,1.817953926619576,0.7576394542208794,-1.6465493097,1.6678023
2496,1.8189537743147324,0.7576220018144422,-1.6465625619,1.6677652
2497,1.8199537743147325,0.7576220018144422,-1.6465757821,1.6677242
2498,1.8209536220098888,0.7576045494080049,-1.6465889700,1.6676948
2499,1.8219536220098889,0.7576045494080049,-1.6466021262,1.6676555
2500,1.822953469705045,0.7575870970015677,-1.6466152501,1.6676345
2501,1.8239533174002016,0.7575696445951304,-1.6466283422,1.6676083
2502,1.8249533174002013,0.7575696445951304,-1.6466414024,1.6675661
2503,1.825953165095358,0.7575521921886932,-1.6466544307,1.6675403
2504,1.8269530127905145,0.7575347397822559,-1.6466674245,1.6675229
2505,1.8279530127905144,0.7575347397822559,-1.6466803923,1.6674744
2506,1.8289528604856709,0.7575172873758187,-1.6466933231,1.6674563
2507,1.8299528604856707,0.7575172873758187,-1.6467062251,1.6674147
2508,1.8309527081808272,0.7574998349693814,-1.6467190955,1.6673893
2509,1.831952555875984,0.7574823825629442,-1.6467319344,1.6673637
2510,1.832952555875984,0.7574823825629442,-1.6467447419,1.6673215
2511,1.83395240357114,0.757464930156507,-1.6467575180,1.6672953
2512,1.8349522512662968,0.7574474777500697,-1.6467702629,1.6672689
2513,1.8359522512662965,0.7574474777500697,-1.6467829752,1.6672320
2514,1.836952098961453,0.7574300253436325,-1.6467956580,1.6672082
2515,1.8379520989614528,0.7574300253436325,-1.6468083095,1.6671673
2516,1.838951946656609,0.7574125729371952,-1.6468209313,1.6671330
2517,1.8399519466566088,0.7574125729371952,-1.6468335211,1.6670918
2518,1.8409517943517657,0.757395120530758,-1.6468460800,1.6670670
2519,1.8419516420469224,0.7573776681243207,-1.6468586081,1.6670442
2520,1.842951642046922,0.7573776681243207,-1.6468711054,1.6670038
2521,1.8439514897420783,0.7573602157178835,-1.6468835719,1.6669797
2522,1.8449514897420785,0.7573602157178835,-1.6468960077,1.6669396
2523,1.845951337437235,0.7573427633114462,-1.6469084135,1.6669139
2524,1.8469513374372348,0.7573427633114462,-1.6469207881,1.6668732
2525,1.8479511851323915,0.757325310905009,-1.6469331324,1.6668487
2526,1.848951032827548,0.7573078584985717,-1.6469454461,1.6668241
2527,1.849951032827548,0.7573078584985717,-1.6469577296,1.6667834
2528,1.850950880522704,0.7572904060921345,-1.6469699827,1.6667576
2529,1.851950880522704,0.7572904060921345,-1.6469822056,1.6667172
2530,1.8529507282178608,0.7572729536856972,-1.6469943983,1.6666931
2531,1.8539507282178604,0.7572729536856972,-1.6470065609,1.6666504
2532,1.854950575913017,0.75725550127926,-1.6470186935,1.6666261
2533,1.8559504236081728,0.7572380488728228,-1.6470307946,1.6666181
2534,1.8569504236081733,0.7572380488728228,-1.6470428674,1.6665811
2535,1.8579502713033296,0.7572205964663855,-1.6470549102,1.6665576
2536,1.8589502713033297,0.7572205964663855,-1.6470669232,1.6665105
2537,1.8599501189984864,0.7572031440599483,-1.6470789062,1.6664860
2538,1.860950118998486,0.7572031440599483,-1.6470908593,1.6664499
2539,1.8619499666936423,0.757185691653511,-1.6471027844,1.6664141
2540,1.8629499666936424,0.757185691653511,-1.6471146792,1.6663782
2541,1.863949814388799,0.7571682392470738,-1.6471265440,1.6663568
2542,1.8649498143887988,0.7571682392470738,-1.6471383799,1.6663034
2543,1.8659496620839555,0.7571507868406365,-1.6471501860,1.6662922
2544,1.8669496620839552,0.7571507868406365,-1.6471619609,1.6662462
2545,1.867949509779112,0.7571333344341993,-1.6471737082,1.6662258
2546,1.868949509779112,0.7571333344341993,-1.6471854265,1.6661870
2547,1.869949357474268,0.757115882027762,-1.6471971159,1.6661645
2548,1.870949357474268,0.757115882027762,-1.6472087760,1.6661254
2549,1.8719492051694244,0.7570984296213248,-1.6472204074,1.6661132
2550,1.8729492051694243,0.7570984296213248,-1.6472320091,1.6660604
2551,1.8739490528645808,0.7570809772148875,-1.6472435824,1.6660291
2552,1.8749490528645807,0.7570809772148875,-1.6472551268,1.6660000
2553,1.8759489005597367,0.7570635248084503,-1.6472666421,1.6659797
2554,1.8769487482548937,0.757046072402013,-1.6472781287,1.6659516
2555,1.8779487482548936,0.757046072402013,-1.6472895870,1.6659155
2556,1.87894859595005,0.7570286199955758,-1.6473010159,1.6658962
2557,1.87994859595005,0.7570286199955758,-1.6473124169,1.6658493
2558,1.8809485959500496,0.7570286199955758,-1.6473237890,1.6658137
2559,1.8819484436452063,0.7570111675891386,-1.6473351303,1.6658079
2560,1.8829484436452064,0.7570111675891386,-1.6473464461,1.6657670
2561,1.883948291340363,0.7569937151827013,-1.6473577339,1.6657343
2562,1.8849482913403623,0.7569937151827013,-1.6473689935,1.6656913
2563,1.885948139035519,0.7569762627762641,-1.6473802221,1.6656825
2564,1.886948139035519,0.7569762627762641,-1.6473914250,1.6656452
2565,1.887947986730676,0.7569588103698268,-1.6474025997,1.6656275
2566,1.8889479867306755,0.7569588103698268,-1.6474137455,1.6655855
2567,1.889947834425832,0.7569413579633896,-1.6474248636,1.6655663
2568,1.890947834425832,0.7569413579633896,-1.6474359536,1.6655307
2569,1.891947682120988,0.7569239055569523,-1.6474470161,1.6655074
2570,1.892947682120988,0.7569239055569523,-1.6474580507,1.6654702
2571,1.8939475298161448,0.7569064531505151,-1.6474690576,1.6654492
2572,1.8949475298161444,0.7569064531505151,-1.6474800376,1.6654023
2573,1.895947377511301,0.7568890007440778,-1.6474909889,1.6653762
2574,1.8969473775113008,0.7568890007440778,-1.6475019126,1.6653394
2575,1.897947225206457,0.7568715483376406,-1.6475128096,1.6653161
2576,1.8989472252064568,0.7568715483376406,-1.6475236789,1.6652809
2577,1.899947225206457,0.7568715483376406,-1.6475345207,1.6652434
2578,1.9009470729016136,0.7568540959312033,-1.6475453350,1.6652199
2579,1.9019470729016128,0.7568540959312033,-1.6475561218,1.6651794
2580,1.90294692059677,0.7568366435247661,-1.6475668816,1.6651568
2581,1.9039469205967696,0.7568366435247661,-1.6475776135,1.6651213
2582,1.9049467682919263,0.7568191911183288,-1.6475883188,1.6650980
2583,1.9059467682919264,0.7568191911183288,-1.6475989973,1.6650620
2584,1.9069466159870827,0.7568017387118916,-1.6476096484,1.6650407
2585,1.9079466159870824,0.7568017387118916,-1.6476202715,1.6650058
2586,1.9089466159870825,0.7568017387118916,-1.6476308705,1.6649673
2587,1.909946463682239,0.7567842863054544,-1.6476414409,1.6649461
2588,1.9109464636822389,0.7567842863054544,-1.6476519847,1.6649092
2589,1.911946311377396,0.7567668338990171,-1.6476625017,1.6648885
2590,1.9129463113773952,0.7567668338990171,-1.6476729915,1.6648601
2591,1.913946159072552,0.7567493814925799,-1.6476834547,1.6648295
2592,1.914946159072552,0.7567493814925799,-1.6476938931,1.6647948
2593,1.9159461590725515,0.7567493814925799,-1.6477043024,1.6647603
2594,1.916946006767708,0.7567319290861426,-1.6477146882,1.6647358
2595,1.917946006767708,0.7567319290861426,-1.6477250461,1.6647003
2596,1.9189458544628644,0.7567144766797054,-1.6477353760,1.6646864
2597,1.9199458544628645,0.7567144766797054,-1.6477456818,1.6646497
2598,1.9209457021580207,0.7566970242732681,-1.6477559606,1.6646262
2599,1.9219457021580209,0.7566970242732681,-1.6477662146,1.6645885
2600,1.9229457021580203,0.7566970242732681,-1.6477764399,1.6645568
2601,1.923945549853177,0.7566795718668309,-1.6477866418,1.6645258
2602,1.924945549853177,0.7566795718668309,-1.6477968156,1.6645025
2603,1.9259453975483327,0.7566621194603936,-1.6478069655,1.6644820
2604,1.9269453975483333,0.7566621194603936,-1.6478170882,1.6644404
2605,1.9279453975483327,0.7566621194603936,-1.6478271851,1.6644042
2606,1.9289452452434896,0.7566446670539564,-1.6478372565,1.6643876
2607,1.929945245243489,0.7566446670539564,-1.6478473019,1.6643501
2608,1.930945092938646,0.7566272146475191,-1.6478573217,1.6643315
2609,1.931945092938646,0.7566272146475191,-1.6478673159,1.6642974
2610,1.9329450929386456,0.7566272146475191,-1.6478772845,1.6642629
2611,1.9339449406338023,0.7566097622410819,-1.6478872277,1.6642434
2612,1.9349449406338024,0.7566097622410819,-1.6478971456,1.6642078
2613,1.9359447883289589,0.7565923098346446,-1.6479070380,1.6641895
2614,1.9369447883289583,0.7565923098346446,-1.6479169052,1.6641556
2615,1.9379447883289584,0.7565923098346446,-1.6479267468,1.6641224
2616,1.938944636024115,0.7565748574282074,-1.6479365634,1.6641008
2617,1.9399446360241148,0.7565748574282074,-1.6479463549,1.6640616
2618,1.9409446360241147,0.7565748574282074,-1.6479561213,1.6640206
2619,1.9419444837192712,0.7565574050217702,-1.6479658627,1.6639994
2620,1.942944483719271,0.7565574050217702,-1.6479755789,1.6639639
2621,1.943944331414428,0.7565399526153329,-1.6479852700,1.6639477
2622,1.944944331414428,0.7565399526153329,-1.6479949364,1.6639149
2623,1.945944331414428,0.7565399526153329,-1.6480045780,1.6638829
2624,1.946944179109584,0.7565225002088957,-1.6480141947,1.6638670
2625,1.947944179109584,0.7565225002088957,-1.6480237867,1.6638345
2626,1.948944179109584,0.7565225002088957,-1.6480333541,1.6638009
2627,1.94994402680474,0.7565050478024584,-1.6480428969,1.6637824
2628,1.95094402680474,0.7565050478024584,-1.6480524151,1.6637472
2629,1.9519438744998965,0.7564875953960212,-1.6480619088,1.6637248
2630,1.9529438744998964,0.7564875953960212,-1.6480713780,1.6636894
2631,1.9539438744998965,0.7564875953960212,-1.6480808227,1.6636545
2632,1.9549437221950527,0.7564701429895839,-1.6480902430,1.6636384
2633,1.9559437221950529,0.7564701429895839,-1.6480996392,1.6636034
2634,1.9569437221950523,0.7564701429895839,-1.6481090111,1.6635683
2635,1.957943569890209,0.7564526905831467,-1.6481183587,1.6635494
2636,1.958943569890209,0.7564526905831467,-1.6481276823,1.6635157
2637,1.9599435698902088,0.7564526905831467,-1.6481369817,1.6634811
2638,1.9609434175853653,0.7564352381767094,-1.6481462571,1.6634628
2639,1.9619434175853647,0.7564352381767094,-1.6481555085,1.6634285
2640,1.962943417585365,0.7564352381767094,-1.6481647359,1.6633932
2641,1.963943265280521,0.7564177857702722,-1.6481739395,1.6633758
2642,1.9649432652805208,0.7564177857702722,-1.6481831193,1.6633455
2643,1.965943265280521,0.7564177857702722,-1.6481922753,1.6633098
2644,1.9669431129756776,0.7564003333638349,-1.6482014063,1.6632998
2645,1.9679431129756777,0.7564003333638349,-1.6482105162,1.6632574
2646,1.9689431129756776,0.7564003333638349,-1.6482196010,1.6632251
2647,1.969942960670834,0.7563828809573977,-1.6482286625,1.6632079
2648,1.970942960670834,0.7563828809573977,-1.6482376988,1.6631875
2649,1.9719429606708336,0.7563828809573977,-1.6482467134,1.6631536
2650,1.9729428083659903,0.7563654285509605,-1.6482557046,1.6631355
2651,1.9739428083659905,0.7563654285509605,-1.6482646725,1.6631001
2652,1.97494280836599,0.7563654285509605,-1.6482736170,1.6630652
2653,1.9759426560611464,0.7563479761445232,-1.6482825384,1.6630483
2654,1.9769426560611465,0.7563479761445232,-1.6482914364,1.6630139
2655,1.9779426560611464,0.7563479761445232,-1.6483003112,1.6629798
2656,1.9789425037563029,0.756330523738086,-1.6483091618,1.6629651
2657,1.9799425037563028,0.756330523738086,-1.6483179904,1.6629320
2658,1.9809425037563029,0.756330523738086,-1.6483267960,1.6628989
2659,1.9819423514514591,0.7563130713316487,-1.6483355788,1.6628819
2660,1.982942351451459,0.7563130713316487,-1.6483443386,1.6628489
2661,1.983942351451459,0.7563130713316487,-1.6483530756,1.6628159
2662,1.984942199146616,0.7562956189252115,-1.6483617898,1.6627991
2663,1.9859421991466155,0.7562956189252115,-1.6483704813,1.6627664
2664,1.9869421991466152,0.7562956189252115,-1.6483791501,1.6627338
2665,1.987942046841772,0.7562781665187742,-1.6483877962,1.6627175
2666,1.988942046841772,0.7562781665187742,-1.6483964199,1.6626854
2667,1.989942046841772,0.7562781665187742,-1.6484050210,1.6626536
2668,1.990942046841772,0.7562781665187742,-1.6484135995,1.6626223
2669,1.991941894536928,0.756260714112337,-1.6484221558,1.6626073
2670,1.992941894536928,0.756260714112337,-1.6484306896,1.6625764
2671,1.993941894536928,0.756260714112337,-1.6484392011,1.6625440
2672,1.994941742232084,0.7562432617058997,-1.6484476894,1.6625158
2673,1.995941742232084,0.7562432617058997,-1.6484561562,1.6624837
2674,1.996941742232084,0.7562432617058997,-1.6484646009,1.6624519
2675,1.9979415899272404,0.7562258092994625,-1.6484730235,1.6624366
2676,1.99894158992724,0.7562258092994625,-1.6484814241,1.6624057
2677,1.99994158992724,0.7562258092994625,-1.6484898028,1.6623721
2678,2.00094158992724,0.7562258092994625,-1.6484981595,1.6623400
2679,2.0019414376223965,0.7562083568930252,-1.6485064945,1.6623232
2680,2.0029414376223964,0.7562083568930252,-1.6485148078,1.6622950
2681,2.0039414376223963,0.7562083568930252,-1.6485230973,1.6622680
2682,2.004941285317553,0.756190904486588,-1.6485313669,1.6622450
2683,2.0059412853175527,0.756190904486588,-1.6485396154,1.6622099
2684,2.006941285317553,0.756190904486588,-1.6485478408,1.6621827
2685,2.0079412853175524,0.756190904486588,-1.6485560445,1.6621544
2686,2.008941133012709,0.7561734520801507,-1.6485642269,1.6621390
2687,2.009941133012709,0.7561734520801507,-1.6485723879,1.6621056
2688,2.0109411330127087,0.7561734520801507,-1.6485805273,1.6620761
2689,2.011940980707865,0.7561559996737135,-1.6485886456,1.6620597
2690,2.012940980707865,0.7561559996737135,-1.6485967426,1.6620278
2691,2.013940980707865,0.7561559996737135,-1.6486048184,1.6619953
2692,2.014940980707865,0.7561559996737135,-1.6486128726,1.6619646
2693,2.0159408284030214,0.7561385472672763,-1.6486209054,1.6619543
2694,2.016940828403021,0.7561385472672763,-1.6486289170,1.6619272
2695,2.017940828403021,0.7561385472672763,-1.6486369076,1.6618958
2696,2.018940828403021,0.7561385472672763,-1.6486448772,1.6618636
2697,2.019940676098177,0.756121094860839,-1.6486528258,1.6618459
2698,2.0209406760981774,0.756121094860839,-1.6486607533,1.6618136
2699,2.0219406760981773,0.756121094860839,-1.6486686597,1.6617826
2700,2.022940523793334,0.7561036424544018,-1.6486765452,1.6617684
2701,2.0239405237933337,0.7561036424544018,-1.6486844098,1.6617363
2702,2.0249405237933336,0.7561036424544018,-1.6486922537,1.6617067
2703,2.025940523793333,0.7561036424544018,-1.6487000769,1.6616771
2704,2.02694037148849,0.7560861900479645,-1.6487078793,1.6616635
2705,2.02794037148849,0.7560861900479645,-1.6487156611,1.6616339
2706,2.0289403714884897,0.7560861900479645,-1.6487234223,1.6616044
2707,2.0299403714884896,0.7560861900479645,-1.6487311629,1.6615750
2708,2.030940219183646,0.7560687376415273,-1.6487388830,1.6615615
2709,2.031940219183646,0.7560687376415273,-1.6487465827,1.6615319
2710,2.032940219183646,0.7560687376415273,-1.6487542619,1.6615021
2711,2.0339402191836458,0.7560687376415273,-1.6487619207,1.6614722
2712,2.0349400668788022,0.75605128523509,-1.6487695592,1.6614582
2713,2.035940066878802,0.75605128523509,-1.6487771775,1.6614281
2714,2.036940066878802,0.75605128523509,-1.6487847755,1.6613980
2715,2.037940066878802,0.75605128523509,-1.6487923535,1.6613702
2716,2.0389399145739584,0.7560338328286528,-1.6487999112,1.6613563
2717,2.0399399145739583,0.7560338328286528,-1.6488074489,1.6613263
2718,2.040939914573958,0.7560338328286528,-1.6488149665,1.6612962
2719,2.041939914573958,0.7560338328286528,-1.6488224645,1.6612575
2720,2.0429397622691146,0.7560163804222155,-1.6488299391,1.6612554
2721,2.0439397622691144,0.7560163804222155,-1.6488373969,1.6612250
2722,2.0449397622691143,0.7560163804222155,-1.6488448349,1.6611953
2723,2.0459397622691142,0.7560163804222155,-1.6488522530,1.6611659
2724,2.0469396099642707,0.7559989280157783,-1.6488596514,1.6611524
2725,2.0479396099642706,0.7559989280157783,-1.6488670301,1.6611229
2726,2.0489396099642705,0.7559989280157783,-1.6488743891,1.6610935
2727,2.0499396099642704,0.7559989280157783,-1.6488817284,1.6610641
2728,2.050939457659427,0.755981475609341,-1.6488890482,1.6610507
2729,2.0519394576594268,0.755981475609341,-1.6488963485,1.6610215
2730,2.052939457659426,0.755981475609341,-1.6489036292,1.6609923
2731,2.0539394576594265,0.755981475609341,-1.6489108905,1.6609645
2732,2.0549394576594264,0.755981475609341,-1.6489181324,1.6609350
2733,2.055939305354583,0.7559640232029038,-1.6489253550,1.6609221
2734,2.056939305354583,0.7559640232029038,-1.6489325583,1.6608932
2735,2.0579393053545827,0.7559640232029038,-1.6489397423,1.6608644
2736,2.0589393053545826,0.7559640232029038,-1.6489469071,1.6608356
2737,2.059939153049739,0.7559465707964665,-1.6489540528,1.6608230
2738,2.060939153049739,0.7559465707964665,-1.6489611793,1.6607944
2739,2.061939153049739,0.7559465707964665,-1.6489682867,1.6607658
2740,2.0629391530497387,0.7559465707964665,-1.6489753751,1.6607373
2741,2.063939153049738,0.7559465707964665,-1.6489824445,1.6607088
2742,2.064939000744895,0.7559291183900293,-1.6489894951,1.6606961
2743,2.065939000744895,0.7559291183900293,-1.6489965267,1.6606677
2744,2.066939000744895,0.7559291183900293,-1.6490035394,1.6606392
2745,2.067939000744895,0.7559291183900293,-1.6490105333,1.6606107
2746,2.068938848440052,0.755911665983592,-1.6490175085,1.6605983
2747,2.069938848440051,0.755911665983592,-1.6490244649,1.6605699
2748,2.070938848440051,0.755911665983592,-1.6490314027,1.6605415
2749,2.071938848440051,0.755911665983592,-1.6490383219,1.6605130
2750,2.072938848440051,0.755911665983592,-1.6490452224,1.6604846
2751,2.073938696135208,0.7558942135771548,-1.6490521044,1.6604722
2752,2.074938696135207,0.7558942135771548,-1.6490589680,1.6604438
2753,2.075938696135207,0.7558942135771548,-1.6490658131,1.6604154
2754,2.076938696135207,0.7558942135771548,-1.6490726397,1.6603871
2755,2.077938696135207,0.7558942135771548,-1.6490794480,1.6603585
2756,2.078938543830364,0.7558767611707176,-1.6490862380,1.6603463
2757,2.079938543830364,0.7558767611707176,-1.6490930097,1.6603200
2758,2.080938543830363,0.7558767611707176,-1.6490997632,1.6602917
2759,2.081938543830363,0.7558767611707176,-1.6491064984,1.6602636
2760,2.0829383915255195,0.7558593087642803,-1.6491132156,1.6602491
2761,2.0839383915255194,0.7558593087642803,-1.6491199146,1.6602209
2762,2.08493839152552,0.7558593087642803,-1.6491265956,1.6601928
2763,2.085938391525519,0.7558593087642803,-1.6491332585,1.6601648
2764,2.086938391525519,0.7558593087642803,-1.6491399034,1.6601371
2765,2.087938239220676,0.7558418563578431,-1.6491465304,1.6601257
2766,2.0889382392206755,0.7558418563578431,-1.6491531395,1.6600989
2767,2.089938239220676,0.7558418563578431,-1.6491597308,1.6600728
2768,2.0909382392206752,0.7558418563578431,-1.6491663042,1.6600477
2769,2.091938239220675,0.7558418563578431,-1.6491728599,1.6600233
2770,2.092938086915832,0.7558244039514058,-1.6491793979,1.6600140
2771,2.0939380869158315,0.7558244039514058,-1.6491859183,1.6599849
2772,2.0949380869158314,0.7558244039514058,-1.6491924210,1.6599507
2773,2.095938086915832,0.7558244039514058,-1.6491989060,1.6599164
2774,2.096938086915831,0.7558244039514058,-1.6492053733,1.6598867
2775,2.097938086915831,0.7558244039514058,-1.6492118232,1.6598607
2776,2.0989379346109875,0.7558069515449686,-1.6492182557,1.6598520
2777,2.0999379346109874,0.7558069515449686,-1.6492246708,1.6598273
2778,2.100937934610988,0.7558069515449686,-1.6492310686,1.6598022
2779,2.101937934610987,0.7558069515449686,-1.6492374489,1.6597774
2780,2.102937934610987,0.7558069515449686,-1.6492438120,1.6597512
2781,2.103937782306144,0.7557894991385313,-1.6492501578,1.6597408
2782,2.1049377823061435,0.7557894991385313,-1.6492564864,1.6597144
2783,2.105937782306144,0.7557894991385313,-1.6492627979,1.6596879
2784,2.106937782306144,0.7557894991385313,-1.6492690922,1.6596614
2785,2.107937782306143,0.7557894991385313,-1.6492753694,1.6596349
2786,2.1089376300013,0.7557720467320941,-1.6492816296,1.6596245
2787,2.1099376300012995,0.7557720467320941,-1.6492878728,1.6595980
2788,2.1109376300012994,0.7557720467320941,-1.6492940990,1.6595717
2789,2.1119376300013,0.7557720467320941,-1.6493003083,1.6595454
2790,2.112937630001299,0.7557720467320941,-1.6493064961,1.6595250
2791,2.113937630001299,0.7557720467320941,-1.6493126716,1.6594990
2792,2.114937477696456,0.7557545943256568,-1.6493188304,1.6594890
2793,2.1159374776964555,0.7557545943256568,-1.6493249725,1.6594631
2794,2.116937477696456,0.7557545943256568,-1.6493310978,1.6594373
2795,2.1179374776964552,0.7557545943256568,-1.6493372064,1.6594115
2796,2.118937477696455,0.7557545943256568,-1.6493432984,1.6593858
2797,2.119937477696455,0.7557545943256568,-1.6493493738,1.6593602
2798,2.1209373253916115,0.7557371419192196,-1.6493554326,1.6593507
2799,2.1219373253916114,0.7557371419192196,-1.6493614750,1.6593251
2800,2.122937325391612,0.7557371419192196,-1.6493675009,1.6592997
2801,2.123937325391611,0.7557371419192196,-1.6493735103,1.6592742
2802,2.124937325391611,0.7557371419192196,-1.6493795033,1.6592488
2803,2.125937325391611,0.7557371419192196,-1.6493854799,1.6592235
2804,2.1269371730867674,0.7557196895127823,-1.6493914403,1.6592142
2805,2.127937173086768,0.7557196895127823,-1.6493973844,1.6591889
2806,2.128937173086767,0.7557196895127823,-1.6494033123,1.6591637
2807,2.129937173086767,0.7557196895127823,-1.6494092239,1.6591384
2808,2.130937173086767,0.7557196895127823,-1.6494151194,1.6591133
2809,2.131937173086767,0.7557196895127823,-1.6494209988,1.6590881
2810,2.132937020781924,0.7557022371063451,-1.6494268621,1.6590790
2811,2.133937020781924,0.7557022371063451,-1.6494327094,1.6590539
2812,2.134937020781923,0.7557022371063451,-1.6494385407,1.6590288
2813,2.135937020781923,0.7557022371063451,-1.6494443561,1.6590038
2814,2.136937020781923,0.7557022371063451,-1.6494501555,1.6589788
2815,2.137937020781923,0.7557022371063451,-1.6494559390,1.6589538
2816,2.13893686847708,0.7556847846999079,-1.6494617067,1.6589449
2817,2.139936868477079,0.7556847846999079,-1.6494674584,1.6589194
2818,2.140936868477079,0.7556847846999079,-1.6494731946,1.6588946
2819,2.141936868477079,0.7556847846999079,-1.6494789150,1.6588698
2820,2.142936868477079,0.7556847846999079,-1.6494846197,1.6588451
2821,2.1439368684770788,0.7556847846999079,-1.6494903088,1.6588203
2822,2.1449368684770787,0.7556847846999079,-1.6494959823,1.6587957
2823,2.145936716172235,0.7556673322934706,-1.6495016402,1.6587871
2824,2.146936716172235,0.7556673322934706,-1.6495072826,1.6587626
2825,2.147936716172235,0.7556673322934706,-1.6495129126,1.6587331
2826,2.148936716172235,0.7556673322934706,-1.6495185239,1.6587086
2827,2.1499367161722347,0.7556673322934706,-1.6495241198,1.6586843
2828,2.1509367161722346,0.7556673322934706,-1.6495297003,1.6586600
2829,2.151936563867391,0.7556498798870334,-1.6495352654,1.6586517
2830,2.152936563867391,0.7556498798870334,-1.6495408153,1.6586275
2831,2.153936563867391,0.7556498798870334,-1.6495463500,1.6586034
2832,2.1549365638673907,0.7556498798870334,-1.6495518693,1.6585793
2833,2.15593656386739,0.7556498798870334,-1.6495573735,1.6585553
2834,2.1569365638673905,0.7556498798870334,-1.6495628625,1.6585313
2835,2.1579365638673904,0.7556498798870334,-1.6495683364,1.6585074
2836,2.158936411562547,0.7556324274805961,-1.6495737953,1.6584996
2837,2.159936411562547,0.7556324274805961,-1.6495792391,1.6584758
2838,2.1609364115625467,0.7556324274805961,-1.6495846679,1.6584521
2839,2.1619364115625466,0.7556324274805961,-1.6495900817,1.6584285
2840,2.1629364115625465,0.7556324274805961,-1.6495954806,1.6584049
2841,2.1639364115625463,0.7556324274805961,-1.6496008646,1.6583814
2842,2.1649364115625462,0.7556324274805961,-1.6496062338,1.6583579
2843,2.1659362592577027,0.7556149750741589,-1.6496115881,1.6583505
2844,2.1669362592577026,0.7556149750741589,-1.6496169277,1.6583272
2845,2.1679362592577025,0.7556149750741589,-1.6496222525,1.6583039
2846,2.1689362592577024,0.7556149750741589,-1.6496275626,1.6582807
2847,2.1699362592577023,0.7556149750741589,-1.6496328580,1.6582576
2848,2.170936259257702,0.7556149750741589,-1.6496381388,1.6582345
2849,2.171936259257702,0.7556149750741589,-1.6496434050,1.6582115
2850,2.1729361069528585,0.7555975226677216,-1.6496486521,1.6582171
2851,2.1739361069528584,0.7555975226677216,-1.6496538893,1.6581935
2852,2.1749361069528583,0.7555975226677216,-1.6496591120,1.6581698
2853,2.175936106952858,0.7555975226677216,-1.6496643202,1.6581462
2854,2.176936106952858,0.7555975226677216,-1.6496695139,1.6581227
2855,2.177936106952858,0.7555975226677216,-1.6496746933,1.6580992
2856,2.178936106952858,0.7555975226677216,-1.6496798584,1.6580758
2857,2.1799361069528578,0.7555975226677216,-1.6496850091,1.6580524
2858,2.1809359546480143,0.7555800702612844,-1.6496901456,1.6580451
2859,2.181935954648014,0.7555800702612844,-1.6496952678,1.6580218
2860,2.182935954648014,0.7555800702612844,-1.6497003759,1.6579985
2861,2.183935954648014,0.7555800702612844,-1.6497054698,1.6579753
2862,2.184935954648014,0.7555800702612844,-1.6497105495,1.6579522
2863,2.1859359546480137,0.7555800702612844,-1.6497156151,1.6579291
2864,2.1869359546480136,0.7555800702612844,-1.6497206667,1.6579061
2865,2.18793580234317,0.7555626178548471,-1.6497257042,1.6578991
2866,2.18893580234317,0.7555626178548471,-1.6497307278,1.6578762
2867,2.18993580234317,0.7555626178548471,-1.6497357374,1.6578534
2868,2.1909358023431698,0.7555626178548471,-1.6497407331,1.6578306
2869,2.1919358023431696,0.7555626178548471,-1.6497457149,1.6578079
2870,2.192935802343169,0.7555626178548471,-1.6497506828,1.6577852
2871,2.193935802343169,0.7555626178548471,-1.6497556370,1.6577626
2872,2.1949358023431693,0.7555626178548471,-1.6497605773,1.6577401
2873,2.195935802343169,0.7555626178548471,-1.6497655039,1.6577169
2874,2.1969356500383257,0.7555451654484099,-1.6497704168,1.6577106
2875,2.1979356500383256,0.7555451654484099,-1.6497753160,1.6576883
2876,2.198935650038325,0.7555451654484099,-1.6497802016,1.6576661
2877,2.1999356500383254,0.7555451654484099,-1.6497850736,1.6576439
2878,2.2009356500383253,0.7555451654484099,-1.6497899320,1.6576219
2879,2.201935650038325,0.7555451654484099,-1.6497947769,1.6575998
2880,2.202935650038325,0.7555451654484099,-1.6497996083,1.6575778
2881,2.203935650038325,0.7555451654484099,-1.6498044261,1.6575559
2882,2.2049354977334814,0.7555277130419726,-1.6498092306,1.6575501
2883,2.2059354977334813,0.7555277130419726,-1.6498140217,1.6575283
2884,2.206935497733481,0.7555277130419726,-1.6498187994,1.6575065
2885,2.207935497733481,0.7555277130419726,-1.6498235638,1.6574848
2886,2.208935497733481,0.7555277130419726,-1.6498283148,1.6574633
2887,2.209935497733481,0.7555277130419726,-1.6498330526,1.6574417
2888,2.2109354977334807,0.7555277130419726,-1.6498377772,1.6574201
2889,2.2119354977334806,0.7555277130419726,-1.6498424885,1.6573986
2890,2.2129354977334805,0.7555277130419726,-1.6498471867,1.6573771
2891,2.213935345428637,0.7555102606355354,-1.6498518718,1.6573716
2892,2.214935345428637,0.7555102606355354,-1.6498565438,1.6573502
2893,2.215935345428637,0.7555102606355354,-1.6498612027,1.6573289
2894,2.2169353454286367,0.7555102606355354,-1.6498658486,1.6573076
2895,2.217935345428637,0.7555102606355354,-1.6498704815,1.6572864
2896,2.2189353454286365,0.7555102606355354,-1.6498751014,1.6572652
2897,2.2199353454286364,0.7555102606355354,-1.6498797084,1.6572441
2898,2.220935345428636,0.7555102606355354,-1.6498843024,1.6572230
2899,2.221935345428636,0.7555102606355354,-1.6498888836,1.6572013
2900,2.2229351931237926,0.7554928082290981,-1.6498934520,1.6571964
2901,2.2239351931237925,0.7554928082290981,-1.6498980076,1.6571755
2902,2.2249351931237924,0.7554928082290981,-1.6499025504,1.6571546
2903,2.2259351931237923,0.7554928082290981,-1.6499070805,1.6571339
2904,2.226935193123792,0.7554928082290981,-1.6499115979,1.6571132
2905,2.227935193123792,0.7554928082290981,-1.6499161026,1.6570925
2906,2.228935193123792,0.7554928082290981,-1.6499205947,1.6570719
2907,2.229935193123792,0.7554928082290981,-1.6499250742,1.6570514
2908,2.230935193123792,0.7554928082290981,-1.6499295410,1.6570309
2909,2.231935040818948,0.7554753558226609,-1.6499339954,1.6570264
2910,2.232935040818948,0.7554753558226609,-1.6499384373,1.6570061
2911,2.233935040818948,0.7554753558226609,-1.6499428666,1.6569858
2912,2.234935040818948,0.7554753558226609,-1.6499472836,1.6569655
2913,2.235935040818948,0.7554753558226609,-1.6499516881,1.6569453
2914,2.236935040818948,0.7554753558226609,-1.6499560802,1.6569252
2915,2.237935040818948,0.7554753558226609,-1.6499604600,1.6569051
2916,2.2389350408189475,0.7554753558226609,-1.6499648275,1.6568850
2917,2.239935040818948,0.7554753558226609,-1.6499691827,1.6568650
2918,2.2409350408189472,0.7554753558226609,-1.6499735256,1.6568450
2919,2.241934888514104,0.7554579034162237,-1.6499778563,1.6568410
2920,2.242934888514104,0.7554579034162237,-1.6499821748,1.6568211
2921,2.2439348885141035,0.7554579034162237,-1.6499864812,1.6568012
2922,2.2449348885141034,0.7554579034162237,-1.6499907754,1.6567813
2923,2.245934888514104,0.7554579034162237,-1.6499950576,1.6567624
2924,2.246934888514103,0.7554579034162237,-1.6499993277,1.6567425
2925,2.247934888514103,0.7554579034162237,-1.6500035857,1.6567227
2926,2.248934888514103,0.7554579034162237,-1.6500078318,1.6567030
2927,2.249934888514103,0.7554579034162237,-1.6500120658,1.6566832
2928,2.2509348885141027,0.7554579034162237,-1.6500162878,1.6566656
2929,2.2519348885141026,0.7554579034162237,-1.6500204980,1.6566459
2930,2.252934736209259,0.7554404510097864,-1.6500246964,1.6566422
2931,2.253934736209259,0.7554404510097864,-1.6500288829,1.6566225
2932,2.254934736209259,0.7554404510097864,-1.6500330576,1.6566029
2933,2.2559347362092588,0.7554404510097864,-1.6500372205,1.6565834
2934,2.2569347362092587,0.7554404510097864,-1.6500413715,1.6565627
2935,2.2579347362092586,0.7554404510097864,-1.6500455109,1.6565432
2936,2.2589347362092584,0.7554404510097864,-1.6500496386,1.6565238
2937,2.2599347362092583,0.7554404510097864,-1.6500537547,1.6565045
2938,2.2609347362092582,0.7554404510097864,-1.6500578591,1.6564824
2939,2.261934736209258,0.7554404510097864,-1.6500619519,1.6564634
2940,2.262934736209258,0.7554404510097864,-1.6500660332,1.6564444
2941,2.2639345839044145,0.7554229986033492,-1.6500701029,1.6564415
2942,2.2649345839044144,0.7554229986033492,-1.6500741611,1.6564227
2943,2.2659345839044143,0.7554229986033492,-1.6500782079,1.6564039
2944,2.266934583904414,0.7554229986033492,-1.6500822432,1.6563856
2945,2.267934583904414,0.7554229986033492,-1.6500862670,1.6563670
2946,2.268934583904414,0.7554229986033492,-1.6500902795,1.6563486
2947,2.269934583904414,0.7554229986033492,-1.6500942806,1.6563301
2948,2.2709345839044137,0.7554229986033492,-1.6500982653,1.6563071
2949,2.2719345839044136,0.7554229986033492,-1.6501022438,1.6562904
2950,2.272934583904413,0.7554229986033492,-1.6501062151,1.6562703
2951,2.2739345839044134,0.7554229986033492,-1.6501101709,1.6562516
2952,2.2749345839044133,0.7554229986033492,-1.6501141156,1.6562328
2953,2.2759344315995698,0.7554055461969119,-1.6501180491,1.6562301
2954,2.2769344315995697,0.7554055461969119,-1.6501219714,1.6562114
2955,2.277934431599569,0.7554055461969119,-1.6501258826,1.6561928
2956,2.278934431599569,0.7554055461969119,-1.6501297826,1.6561743
2957,2.2799344315995693,0.7554055461969119,-1.6501336717,1.6561558
2958,2.280934431599569,0.7554055461969119,-1.6501375496,1.6561373
2959,2.281934431599569,0.7554055461969119,-1.6501414166,1.6561189
2960,2.282934431599569,0.7554055461969119,-1.6501452725,1.6561005
2961,2.283934431599569,0.7554055461969119,-1.6501491175,1.6560822
2962,2.2849344315995688,0.7554055461969119,-1.6501529516,1.6560639
2963,2.2859344315995687,0.7554055461969119,-1.6501567747,1.6560457
2964,2.286934431599569,0.7554055461969119,-1.6501605870,1.6560275
2965,2.287934279294725,0.7553880937904747,-1.6501643885,1.6560253
2966,2.288934279294725,0.7553880937904747,-1.6501681792,1.6560072
2967,2.289934279294725,0.7553880937904747,-1.6501719590,1.6559891
2968,2.2909342792947247,0.7553880937904747,-1.6501757282,1.6559723
2969,2.2919342792947246,0.7553880937904747,-1.6501794866,1.6559544
2970,2.2929342792947245,0.7553880937904747,-1.6501832343,1.6559365
2971,2.2939342792947244,0.7553880937904747,-1.6501869713,1.6559187
2972,2.2949342792947243,0.7553880937904747,-1.6501906976,1.6559009
2973,2.295934279294724,0.7553880937904747,-1.6501944134,1.6558831
2974,2.296934279294724,0.7553880937904747,-1.6501981174,1.6558539
2975,2.297934279294724,0.7553880937904747,-1.6502018120,1.6558358
2976,2.298934279294724,0.7553880937904747,-1.6502054960,1.6558178
2977,2.299934279294724,0.7553880937904747,-1.6502091696,1.6557998
2978,2.30093412698988,0.7553706413840374,-1.6502128327,1.6557979
2979,2.30193412698988,0.7553706413840374,-1.6502164853,1.6557800
2980,2.30293412698988,0.7553706413840374,-1.6502201275,1.6557621
2981,2.30393412698988,0.7553706413840374,-1.6502237594,1.6557443
2982,2.30493412698988,0.7553706413840374,-1.6502273808,1.6557265
2983,2.30593412698988,0.7553706413840374,-1.6502309919,1.6557087
2984,2.3069341269898795,0.7553706413840374,-1.6502345927,1.6556910
2985,2.3079341269898794,0.7553706413840374,-1.6502381832,1.6556733
2986,2.30893412698988,0.7553706413840374,-1.6502417635,1.6556557
2987,2.309934126989879,0.7553706413840374,-1.6502453335,1.6556381
2988,2.310934126989879,0.7553706413840374,-1.6502488933,1.6556205
2989,2.311934126989879,0.7553706413840374,-1.6502524430,1.6556030
2990,2.312934126989879,0.7553706413840374,-1.6502559824,1.6555855
2991,2.3139341269898788,0.7553706413840374,-1.6502595118,1.6555681
2992,2.314933974685036,0.7553531889776002,-1.6502630311,1.6555666
2993,2.315933974685035,0.7553531889776002,-1.6502665403,1.6555493
2994,2.316933974685035,0.7553531889776002,-1.6502700394,1.6555319
2995,2.317933974685035,0.7553531889776002,-1.6502735286,1.6555146
2996,2.318933974685035,0.7553531889776002,-1.6502770078,1.6554973
2997,2.3199339746850347,0.7553531889776002,-1.6502804769,1.6554801
2998,2.3209339746850346,0.7553531889776002,-1.6502839362,1.6554629
2999,2.3219339746850345,0.7553531889776002,-1.6502873855,1.6554457
3000,2.3229339746850344,0.7553531889776002,-1.6502908250,1.6554286
3001,2.3239339746850343,0.7553531889776002,-1.6502942546,1.6554115
3002,2.324933974685034,0.7553531889776002,-1.6502976743,1.6553945
3003,2.325933974685034,0.7553531889776002,-1.6503010843,1.6553775
3004,2.326933974685034,0.7553531889776002,-1.6503044845,1.6553605
3005,2.327933974685034,0.7553531889776002,-1.6503078749,1.6553436
3006,2.3289339746850337,0.7553531889776002,-1.6503112556,1.6553267
3007,2.32993382238019,0.7553357365711629,-1.6503146266,1.6553258
3008,2.33093382238019,0.7553357365711629,-1.6503179879,1.6553089
3009,2.33193382238019,0.7553357365711629,-1.6503213396,1.6552922
3010,2.33293382238019,0.7553357365711629,-1.6503246816,1.6552754
3011,2.3339338223801898,0.7553357365711629,-1.6503280141,1.6552587
3012,2.3349338223801896,0.7553357365711629,-1.6503313369,1.6552420
3013,2.335933822380189,0.7553357365711629,-1.6503346503,1.6552253
3014,2.336933822380189,0.7553357365711629,-1.6503379541,1.6552087
3015,2.3379338223801893,0.7553357365711629,-1.6503412484,1.6551921
3016,2.338933822380189,0.7553357365711629,-1.6503445332,1.6551756
3017,2.339933822380189,0.7553357365711629,-1.6503478086,1.6551591
3018,2.340933822380189,0.7553357365711629,-1.6503510746,1.6551426
3019,2.341933822380189,0.7553357365711629,-1.6503543311,1.6551262
3020,2.3429338223801888,0.7553357365711629,-1.6503575783,1.6551098
3021,2.3439338223801887,0.7553357365711629,-1.6503608162,1.6550934
3022,2.3449338223801885,0.7553357365711629,-1.6503640447,1.6550771
3023,2.3459338223801884,0.7553357365711629,-1.6503672639,1.6550608
3024,2.346933670075345,0.7553182841647257,-1.6503704739,1.6550605
3025,2.347933670075345,0.7553182841647257,-1.6503736746,1.6550443
3026,2.3489336700753447,0.7553182841647257,-1.6503768661,1.6550281
3027,2.3499336700753446,0.7553182841647257,-1.6503800486,1.6550119
3028,2.3509336700753445,0.7553182841647257,-1.6503832217,1.6549980
3029,2.3519336700753444,0.7553182841647257,-1.6503863857,1.6549819
3030,2.3529336700753443,0.7553182841647257,-1.6503895405,1.6549658
3031,2.353933670075344,0.7553182841647257,-1.6503926863,1.6549498
3032,2.354933670075344,0.7553182841647257,-1.6503958230,1.6549338
3033,2.355933670075344,0.7553182841647257,-1.6503989506,1.6549179
3034,2.356933670075344,0.7553182841647257,-1.6504020692,1.6549020
3035,2.357933670075344,0.7553182841647257,-1.6504051789,1.6548861
3036,2.358933670075344,0.7553182841647257,-1.6504082795,1.6548702
3037,2.3599336700753435,0.7553182841647257,-1.6504113712,1.6548544
3038,2.3609336700753434,0.7553182841647257,-1.6504144539,1.6548386
3039,2.361933670075344,0.7553182841647257,-1.6504175278,1.6548229
3040,2.362933670075343,0.7553182841647257,-1.6504205927,1.6548072
3041,2.3639335177705,0.7553008317582884,-1.6504236488,1.6548075
3042,2.3649335177704995,0.7553008317582884,-1.6504266961,1.6547918
3043,2.3659335177704994,0.7553008317582884,-1.6504297346,1.6547762
3044,2.3669335177705,0.7553008317582884,-1.6504327643,1.6547607
3045,2.367933517770499,0.7553008317582884,-1.6504357852,1.6547451
3046,2.368933517770499,0.7553008317582884,-1.6504387974,1.6547296
3047,2.369933517770499,0.7553008317582884,-1.6504418009,1.6547141
3048,2.370933517770499,0.7553008317582884,-1.6504447957,1.6546987
3049,2.3719335177704988,0.7553008317582884,-1.6504477818,1.6546833
3050,2.3729335177704987,0.7553008317582884,-1.6504507593,1.6546679
3051,2.3739335177704985,0.7553008317582884,-1.6504537282,1.6546526
3052,2.3749335177704984,0.7553008317582884,-1.6504566884,1.6546373
3053,2.3759335177704983,0.7553008317582884,-1.6504596401,1.6546220
3054,2.376933517770498,0.7553008317582884,-1.6504625832,1.6546068
3055,2.377933517770498,0.7553008317582884,-1.6504655178,1.6545916
3056,2.378933517770498,0.7553008317582884,-1.6504684439,1.6545764
3057,2.379933517770498,0.7553008317582884,-1.6504713616,1.6545613
3058,2.3809335177704978,0.7553008317582884,-1.6504742707,1.6545462
3059,2.3819335177704977,0.7553008317582884,-1.6504771714,1.6545311
3060,2.3829335177704976,0.7553008317582884,-1.6504800637,1.6545161
3061,2.383933365465654,0.7552833793518512,-1.6504829476,1.6545170
3062,2.384933365465654,0.7552833793518512,-1.6504858232,1.6545021
3063,2.385933365465654,0.7552833793518512,-1.6504886904,1.6544871
3064,2.3869333654656537,0.7552833793518512,-1.6504915493,1.6544722
3065,2.3879333654656536,0.7552833793518512,-1.6504943999,1.6544573
3066,2.388933365465653,0.7552833793518512,-1.6504972422,1.6544425
3067,2.3899333654656534,0.7552833793518512,-1.6505000763,1.6544277
3068,2.3909333654656533,0.7552833793518512,-1.6505029021,1.6544129
3069,2.391933365465653,0.7552833793518512,-1.6505057198,1.6543982
3070,2.392933365465653,0.7552833793518512,-1.6505085292,1.6543835
3071,2.393933365465653,0.7552833793518512,-1.6505113304,1.6543688
3072,2.394933365465653,0.7552833793518512,-1.6505141236,1.6543542
3073,2.3959333654656527,0.7552833793518512,-1.6505169086,1.6543396
3074,2.3969333654656526,0.7552833793518512,-1.6505196855,1.6543250
3075,2.3979333654656525,0.7552833793518512,-1.6505224543,1.6543104
3076,2.3989333654656524,0.7552833793518512,-1.6505252151,1.6542959
3077,2.3999333654656523,0.7552833793518512,-1.6505279678,1.6542814
3078,2.400933365465652,0.7552833793518512,-1.6505307125,1.6542670
3079,2.401933365465652,0.7552833793518512,-1.6505334493,1.6542526
3080,2.402933365465652,0.7552833793518512,-1.6505361780,1.6542382
3081,2.403933365465652,0.7552833793518512,-1.6505388988,1.6542238
3082,2.404933365465652,0.7552833793518512,-1.6505416117,1.6542095
3083,2.405933213160808,0.755265926945414,-1.6505443167,1.6542112
3084,2.406933213160808,0.755265926945414,-1.6505470139,1.6541969
3085,2.407933213160808,0.755265926945414,-1.6505497031,1.6541827
3086,2.408933213160808,0.755265926945414,-1.6505523846,1.6541685
3087,2.409933213160808,0.755265926945414,-1.6505550582,1.6541543
3088,2.410933213160808,0.755265926945414,-1.6505577240,1.6541402
3089,2.411933213160808,0.755265926945414,-1.6505603821,1.6541261
3090,2.4129332131608074,0.755265926945414,-1.6505630324,1.6541120
3091,2.413933213160808,0.755265926945414,-1.6505656749,1.6540980
3092,2.4149332131608072,0.755265926945414,-1.6505683098,1.6540840
3093,2.415933213160807,0.755265926945414,-1.6505709369,1.6540700
3094,2.416933213160807,0.755265926945414,-1.6505735564,1.6540561
3095,2.417933213160807,0.755265926945414,-1.6505761682,1.6540422
3096,2.418933213160807,0.755265926945414,-1.6505787725,1.6540283
3097,2.4199332131608067,0.755265926945414,-1.6505813691,1.6540144
3098,2.4209332131608066,0.755265926945414,-1.6505839581,1.6540006
3099,2.4219332131608065,0.755265926945414,-1.6505865395,1.6539868
3100,2.4229332131608063,0.755265926945414,-1.6505891135,1.6539731
3101,2.4239332131608062,0.755265926945414,-1.6505916799,1.6539593
3102,2.424933213160806,0.755265926945414,-1.6505942387,1.6539456
3103,2.425933213160806,0.755265926945414,-1.6505967902,1.6539320
3104,2.426933213160806,0.755265926945414,-1.6505993341,1.6539183
3105,2.427933213160806,0.755265926945414,-1.6506018706,1.6539047
3106,2.4289332131608057,0.755265926945414,-1.6506043997,1.6538912
3107,2.4299332131608056,0.755265926945414,-1.6506069214,1.6538776
3108,2.430933060855962,0.7552484745389767,-1.6506094357,1.6538801
3109,2.431933060855962,0.7552484745389767,-1.6506119427,1.6538666
3110,2.432933060855962,0.7552484745389767,-1.6506144423,1.6538531
3111,2.4339330608559617,0.7552484745389767,-1.6506169346,1.6538397
3112,2.4349330608559616,0.7552484745389767,-1.6506194196,1.6538263
3113,2.435933060855961,0.7552484745389767,-1.6506218973,1.6538129
3114,2.4369330608559614,0.7552484745389767,-1.6506243678,1.6537996
3115,2.4379330608559613,0.7552484745389767,-1.6506268310,1.6537863
3116,2.438933060855961,0.7552484745389767,-1.6506292870,1.6537730
3117,2.439933060855961,0.7552484745389767,-1.6506317358,1.6537598
3118,2.440933060855961,0.7552484745389767,-1.6506341775,1.6537466
3119,2.441933060855961,0.7552484745389767,-1.6506366120,1.6537334
3120,2.4429330608559607,0.7552484745389767,-1.6506390393,1.6537202
3121,2.4439330608559606,0.7552484745389767,-1.6506414595,1.6537071
3122,2.4449330608559605,0.7552484745389767,-1.6506438726,1.6536940
3123,2.4459330608559604,0.7552484745389767,-1.6506462787,1.6536810
3124,2.4469330608559603,0.7552484745389767,-1.6506486776,1.6536679
3125,2.44793306085596,0.7552484745389767,-1.6506510696,1.6536549
3126,2.44893306085596,0.7552484745389767,-1.6506534545,1.6536420
3127,2.44993306085596,0.7552484745389767,-1.6506558324,1.6536290
3128,2.45093306085596,0.7552484745389767,-1.6506582033,1.6536161
3129,2.45193306085596,0.7552484745389767,-1.6506605673,1.6536032
3130,2.45293306085596,0.7552484745389767,-1.6506629243,1.6535903
3131,2.4539330608559595,0.7552484745389767,-1.6506652744,1.6535775
3132,2.4549330608559594,0.7552484745389767,-1.6506676176,1.6535647
3133,2.45593306085596,0.7552484745389767,-1.6506699538,1.6535519
3134,2.456933060855959,0.7552484745389767,-1.6506722833,1.6535392
3135,2.457933060855959,0.7552484745389767,-1.6506746059,1.6535265
3136,2.458933060855959,0.7552484745389767,-1.6506769216,1.6535138
3137,2.4599329085511155,0.7552310221325395,-1.6506792306,1.6535171
3138,2.460932908551116,0.7552310221325395,-1.6506815327,1.6535045
3139,2.4619329085511152,0.7552310221325395,-1.6506838281,1.6534919
3140,2.462932908551115,0.7552310221325395,-1.6506861167,1.6534793
3141,2.463932908551115,0.7552310221325395,-1.6506883986,1.6534668
3142,2.464932908551115,0.7552310221325395,-1.6506906738,1.6534542
3143,2.465932908551115,0.7552310221325395,-1.6506929423,1.6534418
3144,2.4669329085511147,0.7552310221325395,-1.6506952040,1.6534293
3145,2.4679329085511146,0.7552310221325395,-1.6506974592,1.6534169
3146,2.4689329085511145,0.7552310221325395,-1.6506997077,1.6534045
3147,2.4699329085511144,0.7552310221325395,-1.6507019495,1.6533921
3148,2.4709329085511142,0.7552310221325395,-1.6507041848,1.6533798
3149,2.471932908551114,0.7552310221325395,-1.6507064134,1.6533674
3150,2.472932908551114,0.7552310221325395,-1.6507086355,1.6533552
3151,2.473932908551114,0.7552310221325395,-1.6507108511,1.6533429
3152,2.474932908551114,0.7552310221325395,-1.6507130601,1.6533307
3153,2.4759329085511137,0.7552310221325395,-1.6507152626,1.6533185
3154,2.4769329085511136,0.7552310221325395,-1.6507174586,1.6533063
3155,2.477932908551113,0.7552310221325395,-1.6507196481,1.6532941
3156,2.4789329085511134,0.7552310221325395,-1.6507218312,1.6532820
3157,2.4799329085511133,0.7552310221325395,-1.6507240078,1.6532699
3158,2.480932908551113,0.7552310221325395,-1.6507261780,1.6532579
3159,2.481932908551113,0.7552310221325395,-1.6507283417,1.6532429
3160,2.482932908551113,0.7552310221325395,-1.6507304991,1.6532308
3161,2.483932908551113,0.7552310221325395,-1.6507326501,1.6532189
3162,2.4849329085511127,0.7552310221325395,-1.6507347947,1.6532069
3163,2.4859329085511126,0.7552310221325395,-1.6507369331,1.6531950
3164,2.4869329085511125,0.7552310221325395,-1.6507390651,1.6531831
3165,2.4879329085511124,0.7552310221325395,-1.6507411908,1.6531712
3166,2.488932756246269,0.7552135697261022,-1.6507433102,1.6531753
3167,2.4899327562462688,0.7552135697261022,-1.6507454233,1.6531635
3168,2.4909327562462686,0.7552135697261022,-1.6507475302,1.6531517
3169,2.4919327562462685,0.7552135697261022,-1.6507496309,1.6531399
3170,2.4929327562462684,0.7552135697261022,-1.6507517254,1.6531282
3171,2.4939327562462683,0.7552135697261022,-1.6507538137,1.6531165
3172,2.494932603941425,0.7552310221325395,-1.6507558951,1.6530888
3173,2.4959326039414247,0.7552310221325395,-1.6507579711,1.6530772
3174,2.496932603941425,0.7552310221325395,-1.6507600408,1.6530655
3175,2.497932451636581,0.7552135697261022,-1.6507621045,1.6530699
3176,2.498932299331737,0.755196117319665,-1.6507641618,1.6530743
3177,2.499932147026894,0.7551786649132277,-1.6507662126,1.6530787
3178,2.500931537853913,0.7552135644099303,-1.6507682571,1.6530353
