,x,y,total energy,kinetic energy
0,0.7552087201092559,2.4959842047537606,-1.0446099089,1.0672239
1,0.7551912677028186,2.494984357058604,-1.0446049805,1.0672439
2,0.7552087201092559,2.493984509363448,-1.0446098070,1.0672472
3,0.7552087201092559,2.492984509363448,-1.0446097942,1.0672590
4,0.7552261725156931,2.4919846616682912,-1.0446146167,1.0672623
5,0.7552261725156931,2.490984661668292,-1.0446145589,1.0672740
6,0.7552261725156931,2.4899846616682915,-1.0446144982,1.0672858
7,0.7552087201092559,2.488984813973135,-1.0446095575,1.0673060
8,0.7552087201092559,2.487984813973135,-1.0446094931,1.0673178
9,0.7552087201092559,2.486984813973135,-1.0446094266,1.0673297
10,0.7552087201092559,2.485984813973136,-1.0446093580,1.0673416
11,0.7552087201092559,2.4849848139731354,-1.0446092872,1.0673535
12,0.7552261725156931,2.483984966277979,-1.0446140935,1.0673571
13,0.7552261725156931,2.482984966277979,-1.0446140184,1.0673691
14,0.7552261725156931,2.481984966277979,-1.0446139411,1.0673811
15,0.7552261725156931,2.48098496627798,-1.0446141382,1.0673938
16,0.7552261725156931,2.47998496627798,-1.0446140562,1.0674059
17,0.7552261725156931,2.4789849662779795,-1.0446139720,1.0674180
18,0.7552261725156931,2.47798496627798,-1.0446138855,1.0674301
19,0.7552261725156931,2.47698496627798,-1.0446137968,1.0674423
20,0.7552261725156931,2.47598496627798,-1.0446148486,1.0674543
21,0.7552261725156931,2.47498496627798,-1.0446147616,1.0674665
22,0.7552261725156931,2.47398496627798,-1.0446146722,1.0674788
23,0.7552261725156931,2.47298496627798,-1.0446145806,1.0674911
24,0.7552261725156931,2.4719849662779803,-1.0446144866,1.0675034
25,0.7552261725156931,2.4709849662779804,-1.0446143903,1.0675158
26,0.7552261725156931,2.4699849662779805,-1.0446142917,1.0675282
27,0.7552261725156931,2.4689849662779806,-1.0446141907,1.0675406
28,0.7552436249221304,2.467985118582824,-1.0446189682,1.0675447
29,0.7552436249221304,2.466985118582824,-1.0446188625,1.0675571
30,0.7552436249221304,2.4659851185828243,-1.0446187544,1.0675697
31,0.7552436249221304,2.4649851185828244,-1.0446186439,1.0675822
32,0.7552436249221304,2.4639851185828245,-1.0446185311,1.0675948
33,0.7552436249221304,2.4629851185828247,-1.0446184158,1.0676074
34,0.7552436249221304,2.4619851185828248,-1.0446182980,1.0676201
35,0.7552436249221304,2.460985118582825,-1.0446181778,1.0676328
36,0.7552436249221304,2.459985118582825,-1.0446180551,1.0676455
37,0.7552436249221304,2.458985118582825,-1.0446179300,1.0676582
38,0.7552436249221304,2.457985118582825,-1.0446178023,1.0676710
39,0.7552436249221304,2.4569851185828253,-1.0446176723,1.0676838
40,0.7552436249221304,2.4559851185828254,-1.0446175396,1.0676967
41,0.7552436249221304,2.454985118582825,-1.0446174044,1.0677096
42,0.7552436249221304,2.4539851185828256,-1.0446172667,1.0677225
43,0.7552436249221304,2.4529851185828258,-1.0446171264,1.0677354
44,0.7552436249221304,2.451985118582826,-1.0446169836,1.0677484
45,0.7552436249221304,2.450985118582826,-1.0446168382,1.0677614
46,0.7552436249221304,2.449985118582826,-1.0446166903,1.0677745
47,0.7552436249221304,2.448985118582826,-1.0446165396,1.0677876
48,0.7552436249221304,2.4479851185828263,-1.0446163865,1.0678007
49,0.7552436249221304,2.4469851185828264,-1.0446162306,1.0678138
50,0.7552436249221304,2.4459851185828265,-1.0446160721,1.0678270
51,0.7552436249221304,2.444985118582826,-1.0446159081,1.0678402
52,0.7552436249221304,2.4439851185828267,-1.0446157442,1.0678535
53,0.7552436249221304,2.442985118582827,-1.0446155775,1.0678668
54,0.7552436249221304,2.441985118582827,-1.0446154082,1.0678801
55,0.7552436249221304,2.440985118582827,-1.0446152362,1.0678934
56,0.7552436249221304,2.439985118582827,-1.0446150615,1.0679068
57,0.7552436249221304,2.438985118582828,-1.0446148840,1.0679202
58,0.7552436249221304,2.4379851185828274,-1.0446147037,1.0679337
59,0.7552610773285676,2.436985270887671,-1.0446194049,1.0679388
60,0.7552610773285676,2.435985270887671,-1.0446188108,1.0679541
61,0.7552610773285676,2.434985270887671,-1.0446186189,1.0679677
62,0.7552610773285676,2.4339852708876712,-1.0446184242,1.0679813
63,0.7552610773285676,2.432985270887672,-1.0446182268,1.0679950
64,0.7552610773285676,2.4319852708876715,-1.0446180264,1.0680086
65,0.7552610773285676,2.430985270887672,-1.0446178232,1.0680223
66,0.7552610773285676,2.429985270887672,-1.0446176169,1.0680361
67,0.7552610773285676,2.428985270887672,-1.0446174079,1.0680499
68,0.7552610773285676,2.427985270887672,-1.0446171959,1.0680637
69,0.7552610773285676,2.426985270887672,-1.0446169810,1.0680776
70,0.7552610773285676,2.425985270887672,-1.0446167630,1.0680915
71,0.7552610773285676,2.424985270887672,-1.0446165421,1.0681054
72,0.7552610773285676,2.4239852708876723,-1.0446163182,1.0681193
73,0.7552610773285676,2.4229852708876725,-1.0446160913,1.0681333
74,0.7552610773285676,2.421985270887673,-1.0446158613,1.0681474
75,0.7552610773285676,2.4209852708876727,-1.0446156283,1.0681615
76,0.7552610773285676,2.419985270887673,-1.0446153923,1.0681756
77,0.7552610773285676,2.418985270887673,-1.0446151532,1.0681897
78,0.7552610773285676,2.417985270887673,-1.0446149109,1.0682039
79,0.7552610773285676,2.416985270887673,-1.0446146657,1.0682181
80,0.7552610773285676,2.415985270887673,-1.0446144173,1.0682324
81,0.7552610773285676,2.4149852708876733,-1.0446141657,1.0682466
82,0.7552610773285676,2.413985270887673,-1.0446139108,1.0682610
83,0.7552610773285676,2.4129852708876736,-1.0446136526,1.0682753
84,0.7552785297350049,2.411985423192517,-1.0446182786,1.0682813
85,0.7552785297350049,2.410985423192517,-1.0446180142,1.0682957
86,0.7552785297350049,2.4099854231925173,-1.0446177467,1.0683102
87,0.7552785297350049,2.4089854231925174,-1.0446174759,1.0683247
88,0.7552785297350049,2.407985423192517,-1.0446172016,1.0683393
89,0.7552785297350049,2.4069854231925176,-1.0446169244,1.0683538
90,0.7552785297350049,2.4059854231925177,-1.0446166438,1.0683685
91,0.7552785297350049,2.404985423192518,-1.0446163599,1.0683831
92,0.7552785297350049,2.403985423192518,-1.0446160727,1.0683978
93,0.7552785297350049,2.402985423192518,-1.0446157822,1.0684125
94,0.7552785297350049,2.401985423192518,-1.0446154884,1.0684273
95,0.7552785297350049,2.4009854231925183,-1.0446151912,1.0684421
96,0.7552785297350049,2.3999854231925184,-1.0446148906,1.0684570
97,0.7552785297350049,2.3989854231925185,-1.0446145865,1.0684718
98,0.7552785297350049,2.3979854231925186,-1.0446142790,1.0684868
99,0.7552785297350049,2.3969854231925187,-1.0446139679,1.0685017
100,0.7552785297350049,2.395985423192519,-1.0446136534,1.0685167
101,0.7552785297350049,2.394985423192519,-1.0446133355,1.0685318
102,0.7552785297350049,2.393985423192519,-1.0446152912,1.0685219
103,0.7552785297350049,2.392985423192519,-1.0446149822,1.0685368
104,0.7552785297350049,2.39198542319252,-1.0446146697,1.0685518
105,0.7552785297350049,2.3909854231925194,-1.0446143537,1.0685668
106,0.7552785297350049,2.3899854231925195,-1.0446140343,1.0685819
107,0.7552959821414421,2.388985575497363,-1.0446186007,1.0685885
108,0.7552959821414421,2.387985575497363,-1.0446182744,1.0686037
109,0.7552959821414421,2.3869855754973632,-1.0446179446,1.0686188
110,0.7552959821414421,2.385985575497364,-1.0446176113,1.0686340
111,0.7552959821414421,2.3849855754973635,-1.0446172743,1.0686493
112,0.7552959821414421,2.383985575497364,-1.0446169339,1.0686645
113,0.7552959821414421,2.382985575497364,-1.0446165898,1.0686798
114,0.7552959821414421,2.381985575497364,-1.0446162420,1.0686952
115,0.7552959821414421,2.380985575497364,-1.0446158905,1.0687106
116,0.7552959821414421,2.379985575497364,-1.0446155354,1.0687260
117,0.7552959821414421,2.378985575497364,-1.0446151766,1.0687415
118,0.7552959821414421,2.377985575497364,-1.0446148141,1.0687570
119,0.7552959821414421,2.3769855754973643,-1.0446144480,1.0687725
120,0.7552959821414421,2.3759855754973644,-1.0446140780,1.0687881
121,0.7552959821414421,2.374985575497365,-1.0446137043,1.0688037
122,0.7552959821414421,2.3739855754973647,-1.0446133269,1.0688194
123,0.7552959821414421,2.3729855754973648,-1.0446129456,1.0688351
124,0.7552959821414421,2.371985575497365,-1.0446125605,1.0688509
125,0.7552959821414421,2.370985575497365,-1.0446121716,1.0688666
126,0.7552959821414421,2.369985575497365,-1.0446117789,1.0688825
127,0.7553134345478794,2.3689857278022086,-1.0446162740,1.0688899
128,0.7553134345478794,2.3679857278022087,-1.0446158735,1.0689058
129,0.7553134345478794,2.366985727802209,-1.0446154692,1.0689217
130,0.7553134345478794,2.365985727802209,-1.0446150609,1.0689377
131,0.7553134345478794,2.364985727802209,-1.0446146487,1.0689537
132,0.7553134345478794,2.363985727802209,-1.0446142325,1.0689698
133,0.7553134345478794,2.3629857278022093,-1.0446138123,1.0689859
134,0.7553134345478794,2.3619857278022094,-1.0446133881,1.0690020
135,0.7553134345478794,2.360985727802209,-1.0446129599,1.0690182
136,0.7553134345478794,2.3599857278022096,-1.0446125277,1.0690344
137,0.7553134345478794,2.3589857278022097,-1.0446120913,1.0690507
138,0.7553134345478794,2.35798572780221,-1.0446116509,1.0690670
139,0.7553134345478794,2.35698572780221,-1.0446112062,1.0690833
140,0.7553134345478794,2.35598572780221,-1.0446107575,1.0690997
141,0.7553134345478794,2.35498572780221,-1.0446103046,1.0691161
142,0.7553134345478794,2.3539857278022103,-1.0446098476,1.0691326
143,0.7553134345478794,2.3529857278022104,-1.0446093863,1.0691491
144,0.7553134345478794,2.3519857278022105,-1.0446089210,1.0691656
145,0.7553134345478794,2.3509857278022106,-1.0446084513,1.0691822
146,0.7553308869543166,2.349985880107054,-1.0446128717,1.0691904
147,0.7553308869543166,2.3489858801070542,-1.0446123936,1.0692070
148,0.7553308869543166,2.3479858801070543,-1.0446119112,1.0692237
149,0.7553308869543166,2.3469858801070544,-1.0446114244,1.0692405
150,0.7553308869543166,2.3459858801070546,-1.0446109334,1.0692573
151,0.7553308869543166,2.3449858801070547,-1.0446104381,1.0692741
152,0.7553308869543166,2.3439858801070548,-1.0446099382,1.0692910
153,0.7553308869543166,2.342985880107055,-1.0446094340,1.0693079
154,0.7553308869543166,2.341985880107055,-1.0446089253,1.0693249
155,0.7553308869543166,2.340985880107055,-1.0446084122,1.0693419
156,0.7553308869543166,2.339985880107055,-1.0446078946,1.0693589
157,0.7553308869543166,2.338985880107056,-1.0446073725,1.0693760
158,0.7553308869543166,2.3379858801070554,-1.0446068458,1.0693931
159,0.7553308869543166,2.3369858801070555,-1.0446063151,1.0694103
160,0.7553308869543166,2.335985880107056,-1.0446057792,1.0694275
161,0.7553308869543166,2.334985880107056,-1.0446052390,1.0694448
162,0.7553483393607539,2.3339860324119,-1.0446095907,1.0694536
163,0.7553483393607539,2.3329860324118994,-1.0446090413,1.0694710
164,0.7553483393607539,2.3319860324118995,-1.0446084872,1.0694884
165,0.7553483393607539,2.3309860324119,-1.0446079283,1.0695058
166,0.7553483393607539,2.3299860324119,-1.0446073646,1.0695233
167,0.7553483393607539,2.3289860324119,-1.0446067964,1.0695408
168,0.7553483393607539,2.3279860324119,-1.0446062233,1.0695583
169,0.7553483393607539,2.3269860324119,-1.0446056457,1.0695759
170,0.7553483393607539,2.3259860324119,-1.0446050631,1.0695936
171,0.7553483393607539,2.3249860324119003,-1.0446044757,1.0696113
172,0.7553483393607539,2.3239860324119004,-1.0446038836,1.0696290
173,0.7553483393607539,2.3229860324119005,-1.0446032865,1.0696468
174,0.7553483393607539,2.3219860324119006,-1.0446026846,1.0696646
175,0.7553483393607539,2.3209860324119007,-1.0446020775,1.0696824
176,0.7553483393607539,2.319986032411901,-1.0446014658,1.0697003
177,0.7553483393607539,2.318986032411901,-1.0446008489,1.0697183
178,0.7553657917671911,2.3179861847167444,-1.0446051268,1.0697278
179,0.7553657917671911,2.316986184716745,-1.0446045000,1.0697459
180,0.7553657917671911,2.3159861847167447,-1.0446038683,1.0697640
181,0.7553657917671911,2.3149861847167448,-1.0446032316,1.0697821
182,0.7553657917671911,2.313986184716745,-1.0446025897,1.0698003
183,0.7553657917671911,2.312986184716745,-1.0446019426,1.0698185
184,0.7553657917671911,2.311986184716745,-1.0446012905,1.0698367
185,0.7553657917671911,2.310986184716745,-1.0446006332,1.0698550
186,0.7553657917671911,2.3099861847167453,-1.0445999707,1.0698734
187,0.7553657917671911,2.308986184716745,-1.0445993030,1.0698918
188,0.7553657917671911,2.307986184716745,-1.0445986301,1.0699102
189,0.7553657917671911,2.3069861847167457,-1.0445979520,1.0699287
190,0.7553657917671911,2.3059861847167458,-1.0445972684,1.0699473
191,0.7553657917671911,2.304986184716746,-1.0445965796,1.0699658
192,0.7553832441736283,2.3039863370215894,-1.0446009220,1.0699760
193,0.7553832441736283,2.302986337021589,-1.0446002233,1.0699947
194,0.7553832441736283,2.3019863370215896,-1.0445995192,1.0700134
195,0.7553832441736283,2.3009863370215897,-1.0445988096,1.0700321
196,0.7553832441736283,2.29998633702159,-1.0445980946,1.0700510
197,0.7553832441736283,2.29898633702159,-1.0445973741,1.0700698
198,0.7553832441736283,2.29798633702159,-1.0445966482,1.0700887
199,0.7553832441736283,2.29698633702159,-1.0445959166,1.0701077
200,0.7553832441736283,2.2959863370215903,-1.0445966530,1.0701306
201,0.7553832441736283,2.2949863370215904,-1.0445958653,1.0701494
202,0.7553832441736283,2.2939863370215905,-1.0445950721,1.0701683
203,0.7553832441736283,2.2929863370215906,-1.0445942737,1.0701873
204,0.7553832441736283,2.2919863370215907,-1.0445934701,1.0702062
205,0.7553832441736283,2.290986337021591,-1.0445926615,1.0702253
206,0.7554006965800656,2.2899864893264343,-1.0445973137,1.0702351
207,0.7554006965800656,2.2889864893264344,-1.0445965009,1.0702542
208,0.7554006965800656,2.2879864893264346,-1.0445956832,1.0702734
209,0.7554006965800656,2.2869864893264347,-1.0445948608,1.0702926
210,0.7554006965800656,2.285986489326435,-1.0445940333,1.0703119
211,0.7554006965800656,2.284986489326435,-1.0445932009,1.0703313
212,0.7554006965800656,2.283986489326435,-1.0445923635,1.0703506
213,0.7554006965800656,2.282986489326435,-1.0445915212,1.0703701
214,0.7554006965800656,2.281986489326435,-1.0445906736,1.0703896
215,0.7554006965800656,2.280986489326436,-1.0445898178,1.0704092
216,0.7554006965800656,2.2799864893264354,-1.0445889599,1.0704288
217,0.7554006965800656,2.2789864893264355,-1.0445880967,1.0704484
218,0.7554181489865028,2.277986641631279,-1.0445921395,1.0704597
219,0.7554181489865028,2.276986641631279,-1.0445921252,1.0704799
220,0.7554181489865028,2.27598664163128,-1.0445912549,1.0704998
221,0.7554181489865028,2.2749866416312794,-1.0445903789,1.0705196
222,0.7554181489865028,2.2739866416312795,-1.0445894975,1.0705395
223,0.7554181489865028,2.27298664163128,-1.0445886106,1.0705595
224,0.7554181489865028,2.27198664163128,-1.0445866725,1.0705815
225,0.7554181489865028,2.27098664163128,-1.0445855438,1.0706001
226,0.7554181489865028,2.26998664163128,-1.0445867579,1.0706192
227,0.7554181489865028,2.26898664163128,-1.0445858492,1.0706393
228,0.7554181489865028,2.26798664163128,-1.0445849222,1.0706593
229,0.7554181489865028,2.2669866416312803,-1.0445839796,1.0706794
230,0.7554356013929401,2.265986793936124,-1.0445879423,1.0706910
231,0.7554356013929401,2.264986793936124,-1.0445869782,1.0707113
232,0.7554356013929401,2.263986793936124,-1.0445860208,1.0707316
233,0.7554356013929401,2.262986793936124,-1.0445850644,1.0707519
234,0.7554356013929401,2.261986793936124,-1.0445841074,1.0707724
235,0.7554356013929401,2.2609867939361243,-1.0445831490,1.0707929
236,0.7554356013929401,2.2599867939361244,-1.0445819655,1.0708140
237,0.7554356013929401,2.258986793936125,-1.0445809954,1.0708347
238,0.7554356013929401,2.2579867939361247,-1.0445800223,1.0708555
239,0.7554356013929401,2.256986793936125,-1.0445790458,1.0708763
240,0.7554356013929401,2.255986793936125,-1.0445782652,1.0708976
241,0.7554530537993773,2.2549869462409684,-1.0445821922,1.0709101
242,0.7554530537993773,2.2539869462409685,-1.0445811993,1.0709310
243,0.7554530537993773,2.2529869462409686,-1.0445801990,1.0709520
244,0.7554530537993773,2.2519869462409687,-1.0445791911,1.0709731
245,0.7554530537993773,2.250986946240969,-1.0445781754,1.0709941
246,0.7554530537993773,2.249986946240969,-1.0445771518,1.0710153
247,0.7554530537993773,2.248986946240969,-1.0445761203,1.0710364
248,0.7554530537993773,2.247986946240969,-1.0445750772,1.0710576
249,0.7554530537993773,2.2469869462409693,-1.0445740314,1.0710789
250,0.7554530537993773,2.2459869462409694,-1.0445729770,1.0711002
251,0.7554530537993773,2.244986946240969,-1.0445721415,1.0711209
252,0.7554705062058146,2.243987098545813,-1.0445759723,1.0711339
253,0.7554705062058146,2.242987098545813,-1.0445748799,1.0711553
254,0.7554705062058146,2.241987098545813,-1.0445737789,1.0711768
255,0.7554705062058146,2.2409870985458133,-1.0445726696,1.0711984
256,0.7554705062058146,2.239987098545813,-1.0445715525,1.0712199
257,0.7554705062058146,2.2389870985458136,-1.0445704282,1.0712416
258,0.7554705062058146,2.2379870985458137,-1.0445692969,1.0712633
259,0.7554705062058146,2.236987098545814,-1.0445681592,1.0712850
260,0.7554705062058146,2.235987098545814,-1.0445670155,1.0713069
261,0.7554705062058146,2.234987098545814,-1.0445658661,1.0713287
262,0.7554879586122518,2.233987250850657,-1.0445696311,1.0713422
263,0.7554879586122518,2.2329872508506576,-1.0445684713,1.0713642
264,0.7554879586122518,2.2319872508506577,-1.0445673067,1.0713863
265,0.7554879586122518,2.230987250850658,-1.0445661376,1.0714085
266,0.7554879586122518,2.229987250850658,-1.0445649638,1.0714307
267,0.7554879586122518,2.228987250850658,-1.0445637856,1.0714529
268,0.7554879586122518,2.227987250850658,-1.0445626027,1.0714753
269,0.7554879586122518,2.2269872508506583,-1.0445614150,1.0714977
270,0.7554879586122518,2.2259872508506584,-1.0445602223,1.0715201
271,0.7554879586122518,2.2249872508506585,-1.0445590245,1.0715427
272,0.7555054110186891,2.223987403155502,-1.0445627392,1.0715568
273,0.7555054110186891,2.222987403155502,-1.0445615304,1.0715794
274,0.7555054110186891,2.2219874031555022,-1.0445603158,1.0716021
275,0.7555054110186891,2.2209874031555024,-1.0445588481,1.0716255
276,0.7555054110186891,2.2199874031555025,-1.0445576201,1.0716483
277,0.7555054110186891,2.2189874031555026,-1.0445563860,1.0716712
278,0.7555054110186891,2.2179874031555027,-1.0445551455,1.0716942
279,0.7555054110186891,2.216987403155503,-1.0445538987,1.0717172
280,0.7555054110186891,2.215987403155503,-1.0445526452,1.0717403
281,0.7555228634251263,2.2149875554603464,-1.0445563030,1.0717549
282,0.7555228634251263,2.2139875554603465,-1.0445550361,1.0717781
283,0.7555228634251263,2.212987555460346,-1.0445537621,1.0718014
284,0.7555228634251263,2.2119875554603468,-1.0445524808,1.0718247
285,0.7555228634251263,2.210987555460347,-1.0445511921,1.0718480
286,0.7555228634251263,2.209987555460347,-1.0445498958,1.0718715
287,0.7555228634251263,2.208987555460347,-1.0445485928,1.0718949
288,0.7555228634251263,2.207987555460347,-1.0445472711,1.0719184
289,0.7555228634251263,2.206987555460348,-1.0445459513,1.0719420
290,0.7555403158315636,2.205987707765191,-1.0445495437,1.0719571
291,0.7555403158315636,2.204987707765191,-1.0445482101,1.0719808
292,0.7555403158315636,2.203987707765191,-1.0445468696,1.0720046
293,0.7555403158315636,2.202987707765191,-1.0445455225,1.0720284
294,0.7555403158315636,2.201987707765192,-1.0445441599,1.0720523
295,0.7555403158315636,2.200987707765192,-1.0445427998,1.0720763
296,0.7555403158315636,2.1999877077651915,-1.0445392494,1.0721014
297,0.7555403158315636,2.198987707765192,-1.0445378610,1.0721255
298,0.7555577682380008,2.197987860070035,-1.0445413858,1.0721411
299,0.7555577682380008,2.196987860070035,-1.0445399856,1.0721654
300,0.7555577682380008,2.195987860070036,-1.0445385797,1.0721897
301,0.7555577682380008,2.1949878600700354,-1.0445372213,1.0722145
302,0.7555577682380008,2.1939878600700355,-1.0445358085,1.0722390
303,0.7555577682380008,2.192987860070036,-1.0445343902,1.0722636
304,0.7555577682380008,2.191987860070036,-1.0445329663,1.0722882
305,0.7555577682380008,2.190987860070036,-1.0445315369,1.0723129
306,0.755575220644438,2.1899880123748794,-1.0445350195,1.0723291
307,0.755575220644438,2.1889880123748795,-1.0445335786,1.0723540
308,0.755575220644438,2.18798801237488,-1.0445321318,1.0723789
309,0.755575220644438,2.18698801237488,-1.0445306790,1.0724038
310,0.755575220644438,2.18598801237488,-1.0445292200,1.0724289
311,0.755575220644438,2.18498801237488,-1.0445277548,1.0724540
312,0.755575220644438,2.18398801237488,-1.0445262831,1.0724791
313,0.755575220644438,2.18298801237488,-1.0445248048,1.0725043
314,0.7555926730508753,2.181988164679724,-1.0445282373,1.0725211
315,0.7555926730508753,2.180988164679724,-1.0445267452,1.0725464
316,0.7555926730508753,2.179988164679724,-1.0445252458,1.0725718
317,0.7555926730508753,2.178988164679724,-1.0445237390,1.0725973
318,0.7555926730508753,2.177988164679724,-1.0445222242,1.0726228
319,0.7555926730508753,2.176988164679724,-1.0445207011,1.0726484
320,0.7555926730508753,2.1759881646797243,-1.0445191696,1.0726740
321,0.7555926730508753,2.1749881646797244,-1.0445176291,1.0726997
322,0.7556101254573125,2.173988316984568,-1.0445209981,1.0727169
323,0.7556101254573125,2.172988316984568,-1.0445194387,1.0727427
324,0.7556101254573125,2.171988316984568,-1.0445174720,1.0727538
325,0.7556101254573125,2.1709883169845683,-1.0445157638,1.0727794
326,0.7556101254573125,2.1699883169845684,-1.0445140494,1.0728051
327,0.7556101254573125,2.1689883169845685,-1.0445123288,1.0728308
328,0.7556101254573125,2.1679883169845686,-1.0445106020,1.0728566
329,0.7556275778637498,2.166988469289412,-1.0445138014,1.0728740
330,0.7556275778637498,2.165988469289412,-1.0445120618,1.0728999
331,0.7556275778637498,2.1649884692894124,-1.0445103157,1.0729259
332,0.7556275778637498,2.1639884692894125,-1.0445085629,1.0729519
333,0.7556275778637498,2.162988469289413,-1.0445068032,1.0729780
334,0.7556275778637498,2.1619884692894127,-1.0445050364,1.0730042
335,0.7556275778637498,2.160988469289413,-1.0445032624,1.0730304
336,0.755645030270187,2.1599886215942563,-1.0445064132,1.0730483
337,0.755645030270187,2.1589886215942564,-1.0445046244,1.0730746
338,0.755645030270187,2.1579886215942565,-1.0445028281,1.0731011
339,0.755645030270187,2.1569886215942566,-1.0445010240,1.0731276
340,0.755645030270187,2.1559886215942567,-1.0444992120,1.0731541
341,0.755645030270187,2.154988621594257,-1.0444973921,1.0731808
342,0.755645030270187,2.153988621594257,-1.0444955641,1.0732075
343,0.7556624826766243,2.1529887738991005,-1.0444986598,1.0732258
344,0.7556624826766243,2.1519887738991006,-1.0444968151,1.0732526
345,0.7556624826766243,2.1509887738991007,-1.0444949617,1.0732795
346,0.7556624826766243,2.149988773899101,-1.0444931000,1.0733065
347,0.7556624826766243,2.148988773899101,-1.0444912278,1.0733336
348,0.7556624826766243,2.147988773899101,-1.0444893467,1.0733607
349,0.7556799350830615,2.1469889262039445,-1.0444921566,1.0733864
350,0.7556799350830615,2.1459889262039447,-1.0444902677,1.0734137
351,0.7556799350830615,2.1449889262039448,-1.0444883690,1.0734412
352,0.7556799350830615,2.143988926203945,-1.0444864600,1.0734687
353,0.7556799350830615,2.142988926203945,-1.0444845401,1.0734963
354,0.7556799350830615,2.141988926203945,-1.0444826089,1.0735239
355,0.7556799350830615,2.140988926203945,-1.0444806662,1.0735516
356,0.7556973874894988,2.1399890785087887,-1.0444836472,1.0735708
357,0.7556973874894988,2.138989078508789,-1.0444813280,1.0735992
358,0.7556973874894988,2.137989078508789,-1.0444793454,1.0736271
359,0.7556973874894988,2.136989078508789,-1.0444773499,1.0736550
360,0.7556973874894988,2.135989078508789,-1.0444753414,1.0736830
361,0.7556973874894988,2.1349890785087893,-1.0444733194,1.0737111
362,0.755714839895936,2.133989230813633,-1.0444762208,1.0737306
363,0.755714839895936,2.132989230813633,-1.0444741723,1.0737588
364,0.755714839895936,2.131989230813633,-1.0444721102,1.0737870
365,0.755714839895936,2.130989230813633,-1.0444700343,1.0738152
366,0.755714839895936,2.129989230813633,-1.0444679447,1.0738435
367,0.755714839895936,2.1289892308136333,-1.0444658415,1.0738718
368,0.755714839895936,2.127989230813633,-1.0444637247,1.0739002
369,0.7557322923023733,2.126989383118477,-1.0444665341,1.0739201
370,0.7557322923023733,2.125989383118477,-1.0444643910,1.0739486
371,0.7557322923023733,2.124989383118477,-1.0444622348,1.0739772
372,0.7557322923023733,2.1239893831184773,-1.0444600657,1.0740058
373,0.7557322923023733,2.1229893831184774,-1.0444578840,1.0740344
374,0.7557322923023733,2.121989383118477,-1.0444556898,1.0740631
375,0.7557497447088105,2.120989535423321,-1.0444584251,1.0740834
376,0.7557497447088105,2.119989535423321,-1.0444562074,1.0741122
377,0.7557497447088105,2.118989535423321,-1.0444539783,1.0741411
378,0.7557497447088105,2.1179895354233214,-1.0444517381,1.0741701
379,0.7557497447088105,2.116989535423321,-1.0444494874,1.0741991
380,0.7557671971152478,2.115989687728165,-1.0444521690,1.0742197
381,0.7557671971152478,2.114989687728165,-1.0444498982,1.0742489
382,0.7557671971152478,2.113989687728165,-1.0444476200,1.0742781
383,0.7557671971152478,2.1129896877281653,-1.0444453344,1.0743075
384,0.7557671971152478,2.1119896877281654,-1.0444437424,1.0743265
385,0.7557671971152478,2.110989687728165,-1.0444414603,1.0743560
386,0.755784649521685,2.109989840033009,-1.0444441073,1.0743771
387,0.755784649521685,2.108989840033009,-1.0444418024,1.0744067
388,0.755784649521685,2.1079898400330093,-1.0444394846,1.0744364
389,0.755784649521685,2.1069898400330094,-1.0444371528,1.0744661
390,0.755784649521685,2.105989840033009,-1.0444348055,1.0744959
391,0.755784649521685,2.1049898400330096,-1.0444324409,1.0745256
392,0.7558021019281222,2.103989992337853,-1.0444350006,1.0745470
393,0.7558021019281222,2.102989992337853,-1.0444325946,1.0745768
394,0.7558021019281222,2.1019899923378533,-1.0444301610,1.0746065
395,0.7558021019281222,2.100989992337853,-1.0444275809,1.0746353
396,0.7558021019281222,2.0999899923378536,-1.0444250091,1.0746645
397,0.7558195543345595,2.098990144642697,-1.0444273369,1.0746850
398,0.7558195543345595,2.097990144642697,-1.0444246916,1.0747139
399,0.7558195543345595,2.0969901446426973,-1.0444221651,1.0747435
400,0.7558195543345595,2.0959901446426974,-1.0444200181,1.0747754
401,0.7558195543345595,2.094990144642697,-1.0444183591,1.0748099
402,0.7558370067409967,2.093990296947541,-1.0444215892,1.0748357
403,0.7558370067409967,2.092990296947541,-1.0444193366,1.0748676
404,0.7558370067409967,2.091990296947541,-1.0444165697,1.0748973
405,0.7558370067409967,2.0909902969475413,-1.0444136651,1.0749267
406,0.7558370067409967,2.089990296947541,-1.0444108148,1.0749564
407,0.755854459147434,2.088990449252385,-1.0444130201,1.0749782
408,0.755854459147434,2.087990449252385,-1.0444103445,1.0750089
409,0.755854459147434,2.086990449252385,-1.0444077201,1.0750399
410,0.755854459147434,2.0859904492523853,-1.0444051202,1.0750712
411,0.755854459147434,2.0849904492523854,-1.0444025259,1.0751027
412,0.7558719115538712,2.083990601557229,-1.0444048693,1.0751259
413,0.7558719115538712,2.082990601557229,-1.0444022535,1.0751577
414,0.7558719115538712,2.081990601557229,-1.0443996216,1.0751896
415,0.7558719115538712,2.0809906015572293,-1.0443969726,1.0752216
416,0.7558719115538712,2.0799906015572294,-1.0443943071,1.0752537
417,0.7558893639603085,2.078990753862073,-1.0443965740,1.0752773
418,0.7558893639603085,2.077990753862073,-1.0443938762,1.0753083
419,0.7558893639603085,2.076990753862073,-1.0443911604,1.0753407
420,0.7558893639603085,2.075990753862073,-1.0443884181,1.0753730
421,0.7558893639603085,2.0749907538620733,-1.0443856603,1.0754054
422,0.7559068163667457,2.073990906166917,-1.0443878395,1.0754292
423,0.7559068163667457,2.072990906166917,-1.0443850546,1.0754616
424,0.7559068163667457,2.071990906166917,-1.0443822567,1.0754941
425,0.7559068163667457,2.070990906166917,-1.0443794449,1.0755265
426,0.7559068163667457,2.0699909061669173,-1.0443766188,1.0755590
427,0.755924268773183,2.068991058471761,-1.0443787301,1.0755830
428,0.755924268773183,2.067991058471761,-1.0443758738,1.0756156
429,0.755924268773183,2.066991058471761,-1.0443730015,1.0756482
430,0.755924268773183,2.065991058471761,-1.0443701130,1.0756809
431,0.7559417211796202,2.0649912107766046,-1.0443721620,1.0757052
432,0.7559417211796202,2.0639912107766047,-1.0443693162,1.0757379
433,0.7559417211796202,2.062991210776605,-1.0443663648,1.0757708
434,0.7559417211796202,2.061991210776605,-1.0443633993,1.0758038
435,0.7559417211796202,2.060991210776605,-1.0443604207,1.0758368
436,0.7559591735860575,2.0599913630814486,-1.0443623857,1.0758614
437,0.7559591735860575,2.0589913630814487,-1.0443593834,1.0758946
438,0.7559591735860575,2.057991363081449,-1.0443563697,1.0759279
439,0.7559591735860575,2.056991363081449,-1.0443533447,1.0759612
440,0.7559766259924947,2.0559915153862924,-1.0443552647,1.0759861
441,0.7559766259924947,2.0549915153862925,-1.0443522175,1.0760196
442,0.7559766259924947,2.0539915153862927,-1.0443492075,1.0760533
443,0.7559766259924947,2.0529915153862928,-1.0443459932,1.0760867
444,0.7559766259924947,2.051991515386293,-1.0443429050,1.0761205
445,0.755994078398932,2.0509916676911364,-1.0443447610,1.0761458
446,0.755994078398932,2.0499916676911365,-1.0443416471,1.0761798
447,0.755994078398932,2.0489916676911366,-1.0443385198,1.0762139
448,0.755994078398932,2.0479916676911367,-1.0443354017,1.0762480
449,0.7560115308053692,2.04699181999598,-1.0443372037,1.0762737
450,0.7560115308053692,2.0459918199959803,-1.0443340332,1.0763080
451,0.7560115308053692,2.0449918199959805,-1.0443308478,1.0763422
452,0.7560115308053692,2.043991819995981,-1.0443276467,1.0763767
453,0.7560289832118064,2.042991972300824,-1.0443293620,1.0764031
454,0.7560289832118064,2.041991972300824,-1.0443271678,1.0764252
455,0.7560289832118064,2.0409919723008243,-1.0443239734,1.0764662
456,0.7560289832118064,2.0399919723008244,-1.0443206788,1.0765010
457,0.7560464356182437,2.038992124605668,-1.0443223244,1.0765272
458,0.7560464356182437,2.037992124605668,-1.0443189928,1.0765619
459,0.7560464356182437,2.036992124605668,-1.0443156477,1.0765966
460,0.7560464356182437,2.0359921246056683,-1.0443122897,1.0766313
461,0.7560638880246809,2.034992276910512,-1.0443138792,1.0766576
462,0.7560638880246809,2.033992276910512,-1.0443104888,1.0766923
463,0.7560638880246809,2.032992276910512,-1.0443068109,1.0767272
464,0.7560638880246809,2.031992276910512,-1.0443033687,1.0767620
465,0.7560813404311182,2.030992429215356,-1.0443048634,1.0767884
466,0.7560813404311182,2.029992429215356,-1.0443013704,1.0768232
467,0.7560813404311182,2.028992429215356,-1.0442978592,1.0768581
468,0.7560813404311182,2.027992429215356,-1.0442943350,1.0768930
469,0.7560987928375554,2.0269925815201995,-1.0442957678,1.0769196
470,0.7560987928375554,2.0259925815202,-1.0442922282,1.0769548
471,0.7560987928375554,2.0249925815202,-1.0442886782,1.0769901
472,0.7560987928375554,2.0239925815202,-1.0442851137,1.0770254
473,0.7561162452439927,2.022992733825044,-1.0442865030,1.0770523
474,0.7561162452439927,2.0219927338250434,-1.0442829313,1.0770880
475,0.7561162452439927,2.0209927338250435,-1.0442794057,1.0771241
476,0.7561336976504299,2.019992886129887,-1.0442809450,1.0771525
477,0.7561336976504299,2.018992886129887,-1.0442776036,1.0771905
478,0.7561336976504299,2.017992886129888,-1.0442741175,1.0772282
479,0.7561336976504299,2.016992886129888,-1.0442710132,1.0772642
480,0.7561511500568672,2.015993038434731,-1.0442717097,1.0772894
481,0.7561511500568672,2.014993038434731,-1.0442669911,1.0773236
482,0.7561511500568672,2.013993038434731,-1.0442630328,1.0773606
483,0.7561511500568672,2.012993038434731,-1.0442590753,1.0773993
484,0.7561686024633044,2.0119931907395747,-1.0442603255,1.0774291
485,0.7561686024633044,2.010993190739575,-1.0442566173,1.0774667
486,0.7561686024633044,2.009993190739575,-1.0442529788,1.0775038
487,0.7561860548697417,2.0089933430444185,-1.0442542769,1.0775333
488,0.7561860548697417,2.0079933430444186,-1.0442505818,1.0775699
489,0.7561860548697417,2.0069933430444187,-1.0442466398,1.0776047
490,0.7561860548697417,2.005993343044419,-1.0442427713,1.0776379
491,0.7562035072761789,2.0049934953492623,-1.0442437393,1.0776746
492,0.7562035072761789,2.0039934953492624,-1.0442399231,1.0777132
493,0.7562035072761789,2.0029934953492625,-1.0442368714,1.0777447
494,0.7562209596826162,2.001993647654106,-1.0442367377,1.0777736
495,0.7562209596826162,2.000993647654106,-1.0442326802,1.0778128
496,0.7562209596826162,1.999993647654106,-1.0442285649,1.0778513
497,0.7562209596826162,1.998993647654106,-1.0442243862,1.0778891
498,0.7562384120890534,1.9979937999589497,-1.0442251773,1.0779182
499,0.7562384120890534,1.996993799958949,-1.0442210135,1.0779558
500,0.7562384120890534,1.9959937999589497,-1.0442168737,1.0779934
501,0.7562558644954906,1.9949939522637927,-1.0442177360,1.0780226
502,0.7562558644954906,1.9939939522637933,-1.0442158025,1.0780664
503,0.7562558644954906,1.9929939522637936,-1.0442111595,1.0781050
504,0.7562558644954906,1.9919939522637933,-1.0442066806,1.0781430
505,0.7562733169019279,1.9909941045686368,-1.0442072021,1.0781726
506,0.7562733169019279,1.989994104568637,-1.0442027864,1.0782109
507,0.7562733169019279,1.9889941045686368,-1.0441984176,1.0782494
508,0.7562907693083651,1.987994256873481,-1.0441990617,1.0782795
509,0.7562907693083651,1.986994256873481,-1.0441947419,1.0783183
510,0.7562907693083651,1.9859942568734807,-1.0441904292,1.0783573
511,0.7563082217148024,1.9849944091783247,-1.0441910946,1.0783878
512,0.7563082217148024,1.9839944091783248,-1.0441867740,1.0784269
513,0.7563082217148024,1.982994409178325,-1.0441824423,1.0784662
514,0.7563256741212396,1.9819945614831684,-1.0441830757,1.0784970
515,0.7563256741212396,1.9809945614831683,-1.0441787140,1.0785365
516,0.7563256741212396,1.9799945614831689,-1.0441743346,1.0785761
517,0.7563431265276769,1.978994713788012,-1.0441749054,1.0786072
518,0.7563431265276769,1.9779947137880125,-1.0441704263,1.0786467
519,0.7563431265276769,1.9769947137880124,-1.0441674030,1.0786820
520,0.7563605789341141,1.975994866092856,-1.0441679724,1.0787145
521,0.7563605789341141,1.974994866092856,-1.0441635332,1.0787559
522,0.7563605789341141,1.973994866092856,-1.0441590848,1.0787973
523,0.7563605789341141,1.972994866092856,-1.0441546718,1.0788389
524,0.7563780313405514,1.9719950183977,-1.0441550688,1.0788713
525,0.7563780313405514,1.9709950183977,-1.0441504280,1.0789121
526,0.7563780313405514,1.9699950183977,-1.0441448523,1.0789429
527,0.7563954837469886,1.968995170702544,-1.0441451354,1.0789747
528,0.7563954837469886,1.967995170702544,-1.0441403424,1.0790144
529,0.7564129361534259,1.966995323007387,-1.0441416113,1.0790532
530,0.7564129361534259,1.9659953230073872,-1.0441361557,1.0790883
531,0.7564129361534259,1.964995323007388,-1.0441312924,1.0791303
532,0.7564303885598631,1.9639954753122308,-1.0441314593,1.0791585
533,0.7564303885598631,1.962995475312231,-1.0441267606,1.0791992
534,0.7564303885598631,1.961995475312231,-1.0441219740,1.0792407
535,0.7564478409663004,1.9609956276170744,-1.0441221983,1.0792735
536,0.7564478409663004,1.959995627617075,-1.0441174079,1.0793149
537,0.7564478409663004,1.9589956276170748,-1.0441125783,1.0793565
538,0.7564652933727376,1.9579957799219183,-1.0441127355,1.0793894
539,0.7564652933727376,1.9569957799219184,-1.0441078136,1.0794312
540,0.7564652933727376,1.9559957799219183,-1.0441028416,1.0794730
541,0.7564827457791748,1.954995932226762,-1.0441028135,1.0795063
542,0.7564827457791748,1.9539959322267624,-1.0440977781,1.0795482
543,0.7564827457791748,1.9529959322267625,-1.0440927686,1.0795903
544,0.7565001981856121,1.9519960845316056,-1.0440927948,1.0796241
545,0.7565001981856121,1.950996084531606,-1.0440878521,1.0796669
546,0.7565001981856121,1.949996084531606,-1.0440828750,1.0797096
547,0.7565176505920493,1.9489962368364493,-1.0440828007,1.0797434
548,0.7565176505920493,1.9479962368364496,-1.0440776132,1.0797851
549,0.7565351029984866,1.9469963891412927,-1.0440772956,1.0798177
550,0.7565351029984866,1.9459963891412928,-1.0440718906,1.0798584
551,0.7565351029984866,1.9449963891412927,-1.0440664582,1.0798992
552,0.7565525554049238,1.9439965414461369,-1.0440660717,1.0799320
553,0.7565525554049238,1.942996541446137,-1.0440607134,1.0799740
554,0.7565525554049238,1.941996541446137,-1.0440555145,1.0800171
555,0.7565700078113611,1.9409966937509808,-1.0440554547,1.0800527
556,0.7565700078113611,1.9399966937509807,-1.0440506001,1.0800982
557,0.7565874602177983,1.938996846055824,-1.0440506691,1.0801353
558,0.7565874602177983,1.9379968460558243,-1.0440455646,1.0801800
559,0.7565874602177983,1.9369968460558245,-1.0440402288,1.0802232
560,0.7566049126242356,1.935996998360668,-1.0440397527,1.0802570
561,0.7566049126242356,1.934996998360668,-1.0440342868,1.0802998
562,0.7566223650306728,1.933997150665512,-1.0440339291,1.0803348
563,0.7566223650306728,1.932997150665512,-1.0440286310,1.0803783
564,0.7566223650306728,1.931997150665512,-1.0440232429,1.0804213
565,0.7566398174371101,1.9309973029703555,-1.0440222962,1.0804560
566,0.7566398174371101,1.929997302970356,-1.0440167762,1.0804992
567,0.7566398174371101,1.9289973029703555,-1.0440118463,1.0805440
568,0.7566572698435473,1.927997455275199,-1.0440101276,1.0805784
569,0.7566572698435473,1.9269974552751992,-1.0440048464,1.0806226
570,0.7566747222499846,1.925997607580043,-1.0440047431,1.0806600
571,0.7566747222499846,1.9249976075800428,-1.0439980023,1.0807073
572,0.7566747222499846,1.923997607580043,-1.0439916001,1.0807439
573,0.7566921746564218,1.9229977598848864,-1.0439928741,1.0807859
574,0.7566921746564218,1.9219977598848863,-1.0439873234,1.0808261
575,0.756709627062859,1.92099791218973,-1.0439858588,1.0808650
576,0.756709627062859,1.91999791218973,-1.0439803322,1.0809145
577,0.7567270794692963,1.9189980644945737,-1.0439789310,1.0809495
578,0.7567270794692963,1.9179980644945736,-1.0439729640,1.0809889
579,0.7567270794692963,1.9169980644945737,-1.0439669979,1.0810336
580,0.7567445318757335,1.9159982167994167,-1.0439657463,1.0810721
581,0.7567445318757335,1.9149982167994173,-1.0439602952,1.0811164
582,0.7567619842821708,1.913998369104261,-1.0439596737,1.0811540
583,0.7567619842821708,1.912998369104261,-1.0439550459,1.0812038
584,0.756779436688608,1.9119985214091049,-1.0439524090,1.0812355
585,0.756779436688608,1.9109985214091048,-1.0439464012,1.0812811
586,0.756779436688608,1.9099985214091049,-1.0439403322,1.0813270
587,0.7567968890950453,1.9089986737139484,-1.0439393179,1.0813642
588,0.7567968890950453,1.9079986737139485,-1.0439332657,1.0814095
589,0.7568143415014825,1.906998826018792,-1.0439318488,1.0814489
590,0.7568143415014825,1.905998826018792,-1.0439258401,1.0814944
591,0.7568317939079198,1.904998978323636,-1.0439245735,1.0815331
592,0.7568317939079198,1.903998978323636,-1.0439182861,1.0815798
593,0.7568317939079198,1.902998978323636,-1.0439121236,1.0816281
594,0.756849246314357,1.90199913062848,-1.0439110468,1.0816623
595,0.756849246314357,1.90099913062848,-1.0439049008,1.0817088
596,0.7568666987207943,1.899999282933323,-1.0439036176,1.0817505
597,0.7568666987207943,1.898999282933323,-1.0438968901,1.0817973
598,0.7568841511272315,1.8979994352381664,-1.0438955545,1.0818351
599,0.7568841511272315,1.8969994352381667,-1.0438909365,1.0818891
600,0.7569016035336688,1.8959995875430105,-1.0438875561,1.0819198
601,0.7569016035336688,1.8949995875430103,-1.0438815125,1.0819697
602,0.756919055940106,1.8939997398478536,-1.0438797264,1.0820168
603,0.756919055940106,1.892999739847854,-1.0438731269,1.0820639
604,0.756919055940106,1.891999739847854,-1.0438664989,1.0821110
605,0.7569365083465432,1.8909998921526976,-1.0438649337,1.0821498
606,0.7569365083465432,1.8899998921526977,-1.0438585932,1.0821973
607,0.7569539607529805,1.8890000444575408,-1.0438568214,1.0822342
608,0.7569539607529805,1.888000044457541,-1.0438508659,1.0822835
609,0.7569714131594177,1.8870001967623848,-1.0438482648,1.0823200
610,0.7569714131594177,1.886000196762385,-1.0438415613,1.0823705
611,0.756988865565855,1.8850003490672285,-1.0438394029,1.0823988
612,0.756988865565855,1.8840003490672288,-1.0438322160,1.0824510
613,0.7570063179722922,1.883000501372072,-1.0438321832,1.0824997
614,0.7570063179722922,1.882000501372072,-1.0438251802,1.0825497
615,0.7570237703787295,1.881000653676916,-1.0438221163,1.0825804
616,0.7570237703787295,1.880000653676916,-1.0438154478,1.0826239
617,0.7570412227851667,1.87900080598176,-1.0438143092,1.0826677
618,0.7570412227851667,1.87800080598176,-1.0438069238,1.0827155
619,0.757058675191604,1.877000958286603,-1.0438045438,1.0827542
620,0.757058675191604,1.876000958286603,-1.0437980344,1.0828072
621,0.7570761275980412,1.8750011105914464,-1.0437956615,1.0828453
622,0.7570761275980412,1.8740011105914467,-1.0437877367,1.0828886
623,0.7570935800044785,1.8730012628962904,-1.0437863665,1.0829340
624,0.7570935800044785,1.8720012628962903,-1.0437807840,1.0829937
625,0.7571110324109157,1.8710014152011336,-1.0437771516,1.0830259
626,0.7571110324109157,1.870001415201134,-1.0437702937,1.0830773
627,0.757128484817353,1.8690015675059768,-1.0437676903,1.0831163
628,0.757128484817353,1.8680015675059776,-1.0437605479,1.0831665
629,0.7571459372237902,1.867001719810821,-1.0437588920,1.0832155
630,0.7571459372237902,1.8660017198108207,-1.0437509148,1.0832579
631,0.7571633896302274,1.8650018721156647,-1.0437484450,1.0832944
632,0.7571633896302274,1.8640018721156648,-1.0437418014,1.0833530
633,0.7571808420366647,1.8630020244205083,-1.0437393068,1.0833914
634,0.7571808420366647,1.8620020244205084,-1.0437322655,1.0834433
635,0.7571982944431019,1.861002176725352,-1.0437303992,1.0834881
636,0.7572157468495392,1.860002329030196,-1.0437262881,1.0835320
637,0.7572157468495392,1.859002329030196,-1.0437193202,1.0835831
638,0.7572331992559764,1.858002481335039,-1.0437173811,1.0836312
639,0.7572331992559764,1.8570024813350392,-1.0437100490,1.0836818
640,0.7572506516624137,1.8560026336398827,-1.0437073607,1.0837230
641,0.7572506516624137,1.8550026336398828,-1.0436978286,1.0837638
642,0.7572681040688509,1.8540027859447263,-1.0436952707,1.0838067
643,0.7572681040688509,1.8530027859447264,-1.0436877297,1.0838585
644,0.7572855564752882,1.85200293824957,-1.0436850890,1.0839018
645,0.7572855564752882,1.85100293824957,-1.0436773684,1.0839536
646,0.7573030088817254,1.8500030905544136,-1.0436746514,1.0839969
647,0.7573204612881627,1.849003242859257,-1.0436718322,1.0840402
648,0.7573204612881627,1.8480032428592568,-1.0436639379,1.0840922
649,0.7573379136945999,1.8470033951641007,-1.0436610294,1.0841355
650,0.7573379136945999,1.8460033951641008,-1.0436530527,1.0841876
651,0.7573553661010372,1.8450035474689443,-1.0436504631,1.0842327
652,0.7573553661010372,1.8440035474689445,-1.0436423183,1.0842847
653,0.7573728185074744,1.843003699773788,-1.0436391833,1.0843283
654,0.7573902709139116,1.842003852078632,-1.0436360391,1.0843721
655,0.7573902709139116,1.841003852078632,-1.0436275909,1.0844253
656,0.7574077233203489,1.8400040043834751,-1.0436243916,1.0844698
657,0.7574077233203489,1.8390040043834752,-1.0436161527,1.0845233
658,0.7574251757267861,1.8380041566883187,-1.0436134537,1.0845732
659,0.7574426281332234,1.8370043089931625,-1.0436101968,1.0846180
660,0.7574426281332234,1.8360043089931624,-1.0436017736,1.0846706
661,0.7574600805396606,1.8350044612980057,-1.0435984436,1.0847110
662,0.7574600805396606,1.834004461298006,-1.0435902480,1.0847644
663,0.7574775329460979,1.8330046136028493,-1.0435869857,1.0848092
664,0.7574949853525351,1.832004765907693,-1.0435835973,1.0848543
665,0.7574949853525351,1.831004765907693,-1.0435751124,1.0849081
666,0.7575124377589724,1.8300049182125369,-1.0435715987,1.0849534
667,0.7575124377589724,1.8290049182125367,-1.0435629941,1.0850074
668,0.7575298901654096,1.8280050705173805,-1.0435587026,1.0850485
669,0.7575473425718469,1.827005222822224,-1.0435556885,1.0850991
670,0.7575473425718469,1.826005222822224,-1.0435466029,1.0851468
671,0.7575647949782841,1.825005375127068,-1.0435430172,1.0851924
672,0.7575822473847214,1.824005527431911,-1.0435394618,1.0852382
673,0.7575822473847214,1.823005527431911,-1.0435306764,1.0852932
674,0.7575996997911586,1.8220056797367543,-1.0435262193,1.0853366
675,0.7575996997911586,1.8210056797367544,-1.0435170777,1.0853884
676,0.7576171521975958,1.8200058320415984,-1.0435142823,1.0854368
677,0.7576346046040331,1.8190059843464417,-1.0435101654,1.0854817
678,0.7576346046040331,1.8180059843464416,-1.0435019652,1.0855462
679,0.7576520570104703,1.8170061366512853,-1.0434973707,1.0855906
680,0.7576695094169076,1.8160062889561288,-1.0434933774,1.0856339
681,0.7576695094169076,1.815006288956129,-1.0434847262,1.0856955
682,0.7576869618233448,1.8140064412609724,-1.0434812092,1.0857503
683,0.7577044142297821,1.813006593565816,-1.0434772399,1.0858007
684,0.7577044142297821,1.812006593565816,-1.0434678950,1.0858525
685,0.7577218666362193,1.81100674587066,-1.0434633137,1.0858986
686,0.7577393190426566,1.810006898175503,-1.0434589124,1.0859444
687,0.7577393190426566,1.8090068981755032,-1.0434500799,1.0860044
688,0.7577567714490938,1.8080070504803467,-1.0434457950,1.0860435
689,0.7577742238555311,1.8070072027851904,-1.0434409117,1.0860973
690,0.7577742238555311,1.8060072027851903,-1.0434309553,1.0861501
691,0.7577916762619683,1.8050073550900336,-1.0434269405,1.0861973
692,0.7578091286684056,1.8040075073948767,-1.0434223036,1.0862450
693,0.7578091286684056,1.8030075073948773,-1.0434121222,1.0862960
694,0.7578265810748428,1.802007659699721,-1.0434121466,1.0863578
695,0.75784403348128,1.8010078120045645,-1.0434074551,1.0864012
696,0.7578614858877173,1.800007964309408,-1.0434026633,1.0864564
697,0.7578789382941545,1.7990081166142515,-1.0433976325,1.0865006
698,0.7578963907005918,1.798008268919095,-1.0433889661,1.0865329
699,0.757913843107029,1.7970084212239386,-1.0433875304,1.0865938
700,0.7579312955134663,1.796008573528782,-1.0433856137,1.0866512
701,0.7579487479199035,1.7950087258336256,-1.0433788643,1.0866861
702,0.7579662003263408,1.794008878138469,-1.0433739747,1.0867444
703,0.757983652732778,1.7930090304433126,-1.0433692006,1.0868013
704,0.7580011051392153,1.792009182748156,-1.0433649497,1.0868558
705,0.7580185575456525,1.7910093350529996,-1.0433583696,1.0868938
706,0.7580360099520898,1.7900094873578432,-1.0433559724,1.0869543
707,0.758053462358527,1.789009639662687,-1.0433504526,1.0870028
708,0.7580709147649642,1.7880097919675302,-1.0433415205,1.0870321
709,0.7580883671714015,1.7870099442723737,-1.0433420151,1.0871053
710,0.7581058195778387,1.7860100965772172,-1.0433310414,1.0871204
711,0.758123271984276,1.7850102488820607,-1.0433261027,1.0871804
712,0.7581407243907132,1.7840104011869042,-1.0433212942,1.0872385
713,0.7581581767971505,1.7830105534917478,-1.0433146340,1.0872787
714,0.7581756292035877,1.7820107057965913,-1.0433107246,1.0873366
715,0.758193081610025,1.7810108581014348,-1.0433050050,1.0873850
716,0.7582105340164622,1.7800110104062783,-1.0433017191,1.0874603
717,0.7582279864228995,1.7790111627111218,-1.0432934822,1.0874881
718,0.7582454388293367,1.778011315015965,-1.0432905912,1.0875571
719,0.758262891235774,1.7770114673208088,-1.0432819458,1.0875824
720,0.7582803436422112,1.7760116196256523,-1.0432756680,1.0876298
721,0.7582977960486484,1.775011771930496,-1.0432726726,1.0876978
722,0.7583152484550857,1.7740119242353394,-1.0432651939,1.0877422
723,0.7583327008615229,1.773012076540183,-1.0432612203,1.0877999
724,0.7583501532679602,1.7720122288450264,-1.0432552502,1.0878512
725,0.7583676056743974,1.77101238114987,-1.0432490087,1.0879031
726,0.7583850580808347,1.7700125334547134,-1.0432426145,1.0879473
727,0.7584025104872719,1.769012685759557,-1.0432359966,1.0879989
728,0.7584199628937092,1.7680128380644005,-1.0432351041,1.0880704
729,0.7584374153001464,1.767012990369244,-1.0432234859,1.0880996
730,0.7584548677065837,1.7660131426740877,-1.0432161147,1.0881497
731,0.7584723201130209,1.765013294978931,-1.0432125593,1.0882163
732,0.7584897725194581,1.7640134472837743,-1.0432056654,1.0882685
733,0.7585072249258954,1.763013599588618,-1.0432012829,1.0883303
734,0.7585246773323326,1.7620137518934615,-1.0431927419,1.0883634
735,0.7585421297387699,1.761013904198305,-1.0431854718,1.0884060
736,0.7585595821452071,1.7600140565031486,-1.0431832954,1.0884783
737,0.7585770345516444,1.759014208807992,-1.0431752710,1.0885352
738,0.7585944869580816,1.7580143611128356,-1.0431692170,1.0885740
739,0.7586119393645189,1.7570145134176791,-1.0431609239,1.0886325
740,0.7586293917709561,1.7560146657225226,-1.0431544664,1.0886864
741,0.7586468441773934,1.755014818027366,-1.0431479996,1.0887401
742,0.7586642965838306,1.7540149703322097,-1.0431414573,1.0887929
743,0.7586817489902679,1.7530151226370532,-1.0431349224,1.0888452
744,0.7586992013967051,1.752015274941897,-1.0431289549,1.0889019
745,0.7587166538031423,1.7510154272467402,-1.0431243261,1.0889606
746,0.7587341062095796,1.7500155795515837,-1.0431171752,1.0890065
747,0.7587515586160168,1.7490157318564272,-1.0431099700,1.0890667
748,0.7587690110224541,1.7480158841612707,-1.0431015489,1.0891112
749,0.7587864634288913,1.7470160364661145,-1.0430956519,1.0891624
750,0.7588039158353286,1.7460161887709578,-1.0430888221,1.0892264
751,0.7588213682417658,1.7450163410758013,-1.0430834592,1.0892933
752,0.7588388206482031,1.7440164933806448,-1.0430790856,1.0893554
753,0.7588562730546403,1.7430166456854883,-1.0430661474,1.0893864
754,0.7588737254610776,1.7420167979903318,-1.0430637527,1.0894589
755,0.7588911778675148,1.7410169502951751,-1.0430574377,1.0895257
756,0.7589086302739521,1.7400171026000189,-1.0430495735,1.0895689
757,0.7589260826803893,1.7390172549048624,-1.0430385158,1.0896164
758,0.7589435350868265,1.738017407209706,-1.0430321371,1.0896707
759,0.7589609874932638,1.7370175595145494,-1.0430237487,1.0897274
760,0.758978439899701,1.736017711819393,-1.0430174552,1.0897906
761,0.7589958923061383,1.7350178641242364,-1.0430093717,1.0898364
762,0.7590133447125755,1.73401801642908,-1.0430007362,1.0898960
763,0.7590307971190128,1.7330181687339234,-1.0429902159,1.0899270
764,0.75904824952545,1.732018321038767,-1.0429841142,1.0899865
765,0.7590657019318873,1.7310184733436105,-1.0429816626,1.0900959
766,0.7590831543383245,1.730018625648454,-1.0429723050,1.0901139
767,0.7591006067447618,1.7290187779532975,-1.0429608600,1.0901736
768,0.759118059151199,1.728018930258141,-1.0429499515,1.0902159
769,0.7591355115576363,1.7270190825629843,-1.0429422224,1.0902803
770,0.7591529639640735,1.726019234867828,-1.0429395569,1.0903438
771,0.7591704163705107,1.7250193871726716,-1.0429284599,1.0903909
772,0.759187868776948,1.724019539477515,-1.0429231035,1.0904641
773,0.7592053211833852,1.7230196917823586,-1.0429167554,1.0905448
774,0.7592227735898225,1.722019844087202,-1.0429067985,1.0905878
775,0.7592402259962597,1.7210199963920456,-1.0428945582,1.0906165
776,0.759257678402697,1.7200201486968891,-1.0428853627,1.0906799
777,0.7592751308091342,1.7190203010017326,-1.0428776360,1.0907423
778,0.7592925832155715,1.7180204533065762,-1.0428696636,1.0907985
779,0.7593100356220087,1.7170206056114197,-1.0428734810,1.0908853
780,0.759327488028446,1.7160207579162632,-1.0428532734,1.0909152
781,0.7593449404348832,1.7150209102211067,-1.0428441740,1.0909719
782,0.7593798399315858,1.7140215193940875,-1.0428423213,1.0910273
783,0.759397292338023,1.713021671698931,-1.0428355217,1.0911138
784,0.7594147447444602,1.7120218240037746,-1.0428335402,1.0911686
785,0.7594321971508975,1.711021976308618,-1.0428179761,1.0912155
786,0.7594496495573347,1.7100221286134616,-1.0428115638,1.0912831
787,0.759467101963772,1.709022280918305,-1.0427989090,1.0913208
788,0.7594845543702092,1.7080224332231486,-1.0427942249,1.0914083
789,0.7595020067766465,1.707022585527992,-1.0427827384,1.0914329
790,0.7595194591830837,1.7060227378328356,-1.0427784800,1.0915080
791,0.759536911589521,1.7050228901376792,-1.0427631613,1.0915499
792,0.7595543639959582,1.704023042442523,-1.0427628060,1.0916528
793,0.7595718164023955,1.7030231947473662,-1.0427469852,1.0916865
794,0.7595892688088327,1.7020233470522097,-1.0427345167,1.0917284
795,0.7596241683055353,1.7010239562251903,-1.0427306251,1.0917820
796,0.7596416207119725,1.700024108530034,-1.0427218473,1.0918397
797,0.7596590731184097,1.6990242608348776,-1.0427167209,1.0919333
798,0.759676525524847,1.698024413139721,-1.0427076033,1.0919878
799,0.7596939779312842,1.6970245654445646,-1.0426947942,1.0920397
800,0.7597114303377215,1.696024717749408,-1.0426850166,1.0920984
801,0.7597288827441587,1.6950248700542516,-1.0426751763,1.0921516
802,0.759746335150596,1.6940250223590951,-1.0426674544,1.0922114
803,0.7597812346472985,1.693025631532076,-1.0426644373,1.0922813
804,0.7597986870537358,1.6920257838369197,-1.0426554910,1.0923569
805,0.759816139460173,1.691025936141763,-1.0426519056,1.0924298
806,0.7598335918666103,1.6900260884466063,-1.0426333735,1.0924609
807,0.7598510442730475,1.68902624075145,-1.0426253592,1.0925194
808,0.7598684966794848,1.6880263930562935,-1.0426131324,1.0925833
809,0.7599033961761873,1.6870270022292744,-1.0426086370,1.0926380
810,0.7599208485826245,1.686027154534118,-1.0425986285,1.0926982
811,0.7599383009890618,1.6850273068389614,-1.0425912097,1.0927705
812,0.759955753395499,1.684027459143805,-1.0425802430,1.0928175
813,0.7599732058019363,1.6830276114486484,-1.0425673507,1.0928793
814,0.7600081052986388,1.6820282206216293,-1.0425616801,1.0929378
815,0.7600255577050761,1.6810283729264728,-1.0425556614,1.0930104
816,0.7600430101115133,1.6800285252313163,-1.0425428856,1.0930731
817,0.7600604625179506,1.6790286775361598,-1.0425332249,1.0931377
818,0.7600779149243878,1.678028829841003,-1.0425199651,1.0931850
819,0.7601128144210904,1.6770294390139842,-1.0425198493,1.0932595
820,0.7601302668275276,1.6760295913188277,-1.0425092783,1.0933161
821,0.7601477192339648,1.6750297436236712,-1.0424975262,1.0933761
822,0.7601651716404021,1.6740298959285147,-1.0424911053,1.0934565
823,0.7602000711371046,1.6730305051014955,-1.0424793611,1.0934858
824,0.7602175235435419,1.672030657406339,-1.0424669398,1.0935474
825,0.7602349759499791,1.6710308097111826,-1.0424547579,1.0936032
826,0.7602524283564164,1.670030962016026,-1.0424476397,1.0936845
827,0.7602873278531189,1.669031571189007,-1.0424413170,1.0937303
828,0.7603047802595562,1.6680317234938504,-1.0424355515,1.0938289
829,0.7603222326659934,1.667031875798694,-1.0424195781,1.0938636
830,0.760357132162696,1.6660324849716748,-1.0424140061,1.0939217
831,0.7603745845691332,1.6650326372765183,-1.0424026103,1.0939904
832,0.7603920369755705,1.6640327895813618,-1.0423893012,1.0940534
833,0.7604094893820077,1.663032941886205,-1.0423784308,1.0941153
834,0.7604443888787102,1.6620335510591862,-1.0423719798,1.0941707
835,0.7604618412851475,1.6610337033640297,-1.0423591838,1.0942335
836,0.7604792936915847,1.6600338556688732,-1.0423481283,1.0943020
837,0.7605141931882873,1.659034464841854,-1.0423434157,1.0943705
838,0.7605316455947245,1.6580346171466975,-1.0423304645,1.0944253
839,0.7605490980011618,1.657034769451541,-1.0423181080,1.0944897
840,0.7605839974978643,1.656035378624522,-1.0423096906,1.0945393
841,0.7606014499043016,1.6550355309293654,-1.0422960649,1.0946005
842,0.7606189023107388,1.654035683234209,-1.0422845170,1.0946648
843,0.7606538018074414,1.6530362924071895,-1.0422806372,1.0947333
844,0.7606712542138786,1.6520364447120333,-1.0422673369,1.0947967
845,0.7607061537105811,1.651037053885014,-1.0422569895,1.0948460
846,0.7607236061170184,1.6500372061898576,-1.0422520036,1.0949351
847,0.7607410585234556,1.6490373584947011,-1.0422366921,1.0949953
848,0.7607759580201582,1.648037967667682,-1.0422353217,1.0950805
849,0.7607934104265954,1.6470381199725257,-1.0422194001,1.0951237
850,0.760828309923298,1.6460387291455063,-1.0422073275,1.0951676
851,0.7608457623297352,1.6450388814503498,-1.0421940135,1.0952262
852,0.7608632147361725,1.6440390337551931,-1.0421827364,1.0953073
853,0.760898114232875,1.6430396429281742,-1.0421750265,1.0953616
854,0.7609155666393123,1.6420397952330177,-1.0421629740,1.0954376
855,0.7609504661360148,1.6410404044059983,-1.0421555624,1.0954972
856,0.760967918542452,1.640040556710842,-1.0421441436,1.0955685
857,0.7610028180391546,1.6390411658838229,-1.0421385428,1.0956357
858,0.7610202704455918,1.6380413181886664,-1.0421172518,1.0956737
859,0.7610551699422944,1.6370419273616472,-1.0421139123,1.0957501
860,0.7610900694389969,1.636042536534628,-1.0421055316,1.0958122
861,0.7611249689356995,1.635043145707609,-1.0421008203,1.0958826
862,0.761159868432402,1.6340437548805895,-1.0420950606,1.0959501
863,0.7611947679291046,1.6330443640535706,-1.0420797684,1.0959862
864,0.7612296674258071,1.6320449732265514,-1.0420785131,1.0960736
865,0.7612645669225097,1.6310455823995322,-1.0420624179,1.0961052
866,0.7612994664192122,1.630046191572513,-1.0420589476,1.0961860
867,0.7613343659159147,1.629046800745494,-1.0420466782,1.0962389
868,0.7613692654126173,1.6280474099184747,-1.0420386433,1.0963011
869,0.7614041649093198,1.6270480190914556,-1.0420288097,1.0963556
870,0.7614390644060224,1.6260486282644364,-1.0420173854,1.0964024
871,0.7614739639027249,1.6250492374374172,-1.0420164486,1.0964952
872,0.7615088633994275,1.624049846610398,-1.0420064773,1.0965504
873,0.76154376289613,1.623050455783379,-1.0419954864,1.0966037
874,0.7615786623928326,1.6220510649563598,-1.0419804088,1.0966415
875,0.7616135618895351,1.6210516741293406,-1.0419752601,1.0967276
876,0.7616484613862377,1.6200522833023214,-1.0419663318,1.0967852
877,0.7616833608829402,1.6190528924753025,-1.0419529070,1.0968238
878,0.7617182603796427,1.618053501648283,-1.0419505058,1.0969173
879,0.7617531598763453,1.617054110821264,-1.0419404839,1.0969826
880,0.7617880593730478,1.6160547199942448,-1.0419254133,1.0970234
881,0.7618229588697504,1.6150553291672256,-1.0419190271,1.0971012
882,0.7618578583664529,1.6140559383402064,-1.0419128308,1.0971768
883,0.7618927578631555,1.6130565475131873,-1.0419002366,1.0972201
884,0.761927657359858,1.612057156686168,-1.0418922831,1.0972836
885,0.7619625568565606,1.611057765859149,-1.0418806234,1.0973495
886,0.7619974563532631,1.6100583750321298,-1.0418714871,1.0974137
887,0.7620323558499656,1.6090589842051106,-1.0418615840,1.0974887
888,0.7620672553466682,1.6080595933780917,-1.0418515607,1.0975434
889,0.7621021548433707,1.6070602025510723,-1.0418412053,1.0976065
890,0.7621370543400733,1.6060608117240531,-1.0418309539,1.0976700
891,0.7621719538367758,1.605061420897034,-1.0418190906,1.0977316
892,0.7622068533334784,1.6040620300700148,-1.0418093296,1.0977970
893,0.7622417528301809,1.6030626392429956,-1.0418010094,1.0978674
894,0.7622766523268835,1.6020632484159765,-1.0417897630,1.0979294
895,0.762311551823586,1.6010638575889573,-1.0417821083,1.0980058
896,0.7623464513202886,1.600064466761938,-1.0417707613,1.0980717
897,0.7623813508169911,1.599065075934919,-1.0417620245,1.0981264
898,0.7624162503136936,1.5980656851078998,-1.0417477713,1.0981702
899,0.7624511498103962,1.5970662942808806,-1.0417378808,1.0982421
900,0.7624860493070987,1.5960669034538617,-1.0417187009,1.0982885
901,0.7625209488038013,1.5950675126268423,-1.0417137137,1.0983734
902,0.7625558483005038,1.5940681217998232,-1.0417075117,1.0984550
903,0.7625907477972064,1.593068730972804,-1.0416909166,1.0984998
904,0.7626256472939089,1.5920693401457848,-1.0416780639,1.0985731
905,0.7626605467906115,1.5910699493187657,-1.0416669539,1.0986422
906,0.762695446287314,1.5900705584917465,-1.0416564104,1.0987128
907,0.7627303457840166,1.5890711676647271,-1.0416322111,1.0987395
908,0.7627652452807191,1.5880717768377082,-1.0416297836,1.0987733
909,0.7628001447774216,1.587072386010689,-1.0416194788,1.0988613
910,0.7628350442741242,1.5860729951836698,-1.0416106018,1.0989276
911,0.7628699437708267,1.585073604356651,-1.0415980734,1.0989903
912,0.7629048432675293,1.5840742135296315,-1.0415863464,1.0990803
913,0.7629397427642318,1.5830748227026123,-1.0415729952,1.0991396
914,0.7629746422609344,1.5820754318755932,-1.0415589671,1.0992279
915,0.7630095417576369,1.581076041048574,-1.0415468253,1.0992843
916,0.7630444412543395,1.5800766502215549,-1.0415350446,1.0993514
917,0.763079340751042,1.5790772593945357,-1.0415234263,1.0994165
918,0.7631142402477445,1.5780778685675163,-1.0415085902,1.0995118
919,0.7631491397444471,1.5770784777404974,-1.0414959044,1.0995603
920,0.7631840392411496,1.5760790869134782,-1.0414834540,1.0996207
921,0.7632189387378522,1.575079696086459,-1.0414711395,1.0996945
922,0.7632538382345547,1.57408030525944,-1.0414614262,1.0997692
923,0.7632887377312573,1.5730809144324207,-1.0414507371,1.0998512
924,0.7633236372279598,1.5720815236054015,-1.0414363090,1.0999224
925,0.7633585367246624,1.5710821327783824,-1.0414205097,1.0999764
926,0.7633934362213649,1.5700827419513632,-1.0414069474,1.1000408
927,0.7634283357180675,1.569083351124344,-1.0413923109,1.1001080
928,0.76346323521477,1.5680839602973249,-1.0413813867,1.1001997
929,0.7634981347114725,1.5670845694703055,-1.0413649623,1.1002472
930,0.7635330342081751,1.5660851786432866,-1.0413535487,1.1003156
931,0.7635679337048776,1.5650857878162674,-1.0413418737,1.1003836
932,0.7636028332015802,1.5640863969892482,-1.0413242404,1.1004558
933,0.7636377326982827,1.563087006162229,-1.0413115368,1.1005212
934,0.7636726321949853,1.56208761533521,-1.0412986452,1.1006019
935,0.7637249681512283,1.5610889858004553,-1.0412786078,1.1006035
936,0.7637598676479308,1.560089594973436,-1.0412734903,1.1007321
937,0.7637947671446333,1.559090204146417,-1.0412613669,1.1008041
938,0.7638296666413359,1.5580908133193978,-1.0412444593,1.1008688
939,0.7638645661380384,1.5570914224923786,-1.0412329698,1.1009363
940,0.763899465634741,1.5560920316653597,-1.0412176592,1.1010071
941,0.7639343651314435,1.5550926408383403,-1.0412021253,1.1010862
942,0.7639692646281461,1.5540932500113211,-1.0411883766,1.1011470
943,0.7640216005843891,1.5530946204765663,-1.0411761531,1.1012070
944,0.7640565000810916,1.5520952296495474,-1.0411606639,1.1012772
945,0.7640913995777942,1.5510958388225282,-1.0411474107,1.1013555
946,0.7641262990744967,1.550096447995509,-1.0411304486,1.1014156
947,0.7641611985711992,1.54909705716849,-1.0411171871,1.1014926
948,0.7642135345274422,1.5480984276337353,-1.0411074434,1.1015559
949,0.7642484340241448,1.547099036806716,-1.0410931999,1.1016304
950,0.7642833335208473,1.546099645979697,-1.0410760942,1.1016963
951,0.7643182330175499,1.5451002551526778,-1.0410554721,1.1017453
952,0.7643705689737929,1.5441016256179232,-1.0410496967,1.1018313
953,0.7644229049300358,1.5431029960831686,-1.0410392655,1.1018985
954,0.7644752408862788,1.542104366548414,-1.0410275875,1.1019679
955,0.7645275768425218,1.5411057370136594,-1.0410173971,1.1020161
956,0.7645799127987648,1.5401071074789048,-1.0410061161,1.1020814
957,0.7646322487550078,1.5391084779441502,-1.0409972486,1.1021513
958,0.7646845847112508,1.5381098484093956,-1.0409862056,1.1022184
959,0.7647369206674938,1.537111218874641,-1.0409739880,1.1022761
960,0.7647892566237368,1.5361125893398864,-1.0409636525,1.1023438
961,0.7648415925799797,1.5351139598051318,-1.0409492346,1.1024038
962,0.7648939285362227,1.5341153302703772,-1.0409439772,1.1024826
963,0.7649462644924657,1.5331167007356226,-1.0409233261,1.1025385
964,0.7649986004487087,1.532118071200868,-1.0409123252,1.1025564
965,0.7650509364049517,1.5311194416661134,-1.0409093412,1.1026761
966,0.7651032723611947,1.5301208121313588,-1.0408969301,1.1027387
967,0.7651556083174377,1.5291221825966042,-1.0408823565,1.1027973
968,0.7652079442736807,1.5281235530618495,-1.0408710171,1.1028588
969,0.7652602802299237,1.527124923527095,-1.0408622529,1.1029419
970,0.7653126161861666,1.5261262939923403,-1.0408467431,1.1029996
971,0.7653649521424096,1.5251276644575855,-1.0408337576,1.1030624
972,0.7654172880986526,1.5241290349228311,-1.0408156261,1.1030751
973,0.7654696240548956,1.5231304053880763,-1.0408070136,1.1031841
974,0.7655219600111386,1.522131775853322,-1.0407958460,1.1032541
975,0.7655742959673816,1.521133146318567,-1.0407823185,1.1033184
976,0.7656266319236246,1.5201345167838127,-1.0407623494,1.1033414
977,0.7656789678798676,1.519135887249058,-1.0407578750,1.1034621
978,0.7657313038361105,1.5181372577143035,-1.0407415708,1.1035197
979,0.7657836397923535,1.517138628179549,-1.0407310363,1.1035923
980,0.7658359757485965,1.5161399986447943,-1.0407191877,1.1036607
981,0.7658883117048395,1.5151413691100395,-1.0407016676,1.1037273
982,0.7659406476610825,1.5141427395752851,-1.0406917743,1.1037972
983,0.7659929836173255,1.5131441100405305,-1.0406791724,1.1038652
984,0.7660453195735685,1.512145480505776,-1.0406642056,1.1039286
985,0.7660976555298115,1.5111468509710213,-1.0406417016,1.1039850
986,0.7661499914860544,1.5101482214362667,-1.0406289060,1.1040510
987,0.7662023274422974,1.509149591901512,-1.0406152011,1.1041227
988,0.7662546633985404,1.5081509623667575,-1.0406003257,1.1041897
989,0.7663069993547834,1.507152332832003,-1.0405877292,1.1042614
990,0.7663593353110264,1.5061537032972483,-1.0405716856,1.1043276
991,0.7664116712672694,1.5051550737624937,-1.0405582652,1.1043997
992,0.7664640072235124,1.504156444227739,-1.0405444204,1.1044733
993,0.7665163431797554,1.5031578146929845,-1.0405313821,1.1045459
994,0.7665686791359984,1.50215918515823,-1.0405122308,1.1046012
995,0.7666210150922413,1.5011605556234753,-1.0404901851,1.1046392
996,0.7666733510484843,1.500161926088721,-1.0404732158,1.1046968
997,0.7667256870047273,1.499163296553966,-1.0404661630,1.1048056
998,0.7667780229609703,1.4981646670192117,-1.0404514265,1.1048768
999,0.7668303589172133,1.4971660374844569,-1.0404367560,1.1049628
1000,0.7668826948734563,1.4961674079497025,-1.0404186203,1.1050156
1001,0.7669350308296993,1.4951687784149477,-1.0404046499,1.1050880
1002,0.7669873667859423,1.494170148880193,-1.0403898890,1.1051610
1003,0.7670397027421852,1.4931715193454385,-1.0403726461,1.1052334
1004,0.7670920386984282,1.492172889810684,-1.0403585945,1.1053067
1005,0.7671443746546712,1.4911742602759293,-1.0403404523,1.1053632
1006,0.7671967106109142,1.4901756307411749,-1.0403241310,1.1054324
1007,0.7672490465671572,1.48917700120642,-1.0403081447,1.1055032
1008,0.7673013825234002,1.4881783716716654,-1.0402914617,1.1055788
1009,0.7673537184796432,1.4871797421369108,-1.0402767752,1.1056558
1010,0.7674060544358862,1.4861811126021562,-1.0402589879,1.1057217
1011,0.7674583903921292,1.4851824830674016,-1.0402461073,1.1058138
1012,0.7675107263483721,1.484183853532647,-1.0402244143,1.1058715
1013,0.7675630623046151,1.4831852239978924,-1.0402085069,1.1059397
1014,0.7676153982608581,1.4821865944631378,-1.0401891188,1.1060019
1015,0.7676677342171011,1.4811879649283832,-1.0401744984,1.1060956
1016,0.7677374906908452,1.4801904008781237,-1.0401627350,1.1061531
1017,0.7678072471645893,1.4791928368278635,-1.0401469714,1.1061916
1018,0.7678770036383333,1.478195272777604,-1.0401374542,1.1062775
1019,0.7679467601120774,1.4771977087273442,-1.0401269557,1.1063465
1020,0.7680165165858215,1.4762001446770845,-1.0401099543,1.1063895
1021,0.7680862730595656,1.4752025806268247,-1.0401004293,1.1064694
1022,0.7681560295333096,1.474205016576565,-1.0400890302,1.1065290
1023,0.7682257860070537,1.4732074525263053,-1.0400736009,1.1065977
1024,0.7682955424807978,1.4722098884760455,-1.0400496962,1.1066189
1025,0.7683652989545419,1.4712123244257858,-1.0400455950,1.1067145
1026,0.7684350554282859,1.470214760375526,-1.0400332219,1.1067819
1027,0.76850481190203,1.4692171963252665,-1.0400177047,1.1068387
1028,0.7685745683757741,1.4682196322750063,-1.0399985845,1.1068958
1029,0.7686443248495182,1.4672220682247468,-1.0399922785,1.1069777
1030,0.7687140813232622,1.466224504174487,-1.0399765549,1.1070359
1031,0.7687838377970063,1.4652269401242273,-1.0399612532,1.1071028
1032,0.7688535942707504,1.4642293760739675,-1.0399466649,1.1071669
1033,0.7689233507444945,1.4632318120237078,-1.0399327719,1.1072341
1034,0.7689931072182385,1.462234247973448,-1.0399180137,1.1072986
1035,0.7690628636919826,1.4612366839231885,-1.0399032155,1.1073636
1036,0.7691326201657267,1.4602391198729283,-1.0398883528,1.1074290
1037,0.7692023766394708,1.4592415558226688,-1.0398734057,1.1074948
1038,0.7692721331132149,1.458243991772409,-1.0398583281,1.1075609
1039,0.7693418895869589,1.4572464277221493,-1.0398431577,1.1076272
1040,0.769411646060703,1.4562488636718895,-1.0398278681,1.1076938
1041,0.7694814025344471,1.4552512996216298,-1.0398124665,1.1077606
1042,0.7695511590081912,1.45425373557137,-1.0397969469,1.1078275
1043,0.7696209154819352,1.4532561715211103,-1.0397813170,1.1078947
1044,0.7696906719556793,1.4522586074708506,-1.0397656122,1.1079621
1045,0.7697604284294234,1.4512610434205908,-1.0397491480,1.1080400
1046,0.7698301849031675,1.450263479370331,-1.0397321179,1.1080982
1047,0.7698999413769115,1.449265915320071,-1.0397157702,1.1081682
1048,0.7699696978506556,1.4482683512698116,-1.0397009111,1.1082428
1049,0.7700394543243997,1.4472707872195518,-1.0396852966,1.1083094
1050,0.7701092107981438,1.446273223169292,-1.0396681918,1.1083745
1051,0.7701789672718878,1.4452756591190323,-1.0396507870,1.1084338
1052,0.7702487237456319,1.4442780950687726,-1.0396362176,1.1085191
1053,0.770318480219376,1.4432805310185128,-1.0396180179,1.1085920
1054,0.7703882366931201,1.442282966968253,-1.0395987997,1.1086487
1055,0.7704579931668641,1.4412854029179931,-1.0395813285,1.1087226
1056,0.7705277496406082,1.4402878388677336,-1.0395639802,1.1087835
1057,0.7705975061143523,1.4392902748174738,-1.0395488801,1.1088576
1058,0.7706672625880964,1.438292710767214,-1.0395320914,1.1089295
1059,0.7707370190618404,1.4372951467169544,-1.0395110408,1.1090020
1060,0.7708067755355845,1.4362975826666946,-1.0394962219,1.1090738
1061,0.7708765320093286,1.4353000186164349,-1.0394751241,1.1091344
1062,0.7709462884830727,1.4343024545661751,-1.0394558822,1.1092068
1063,0.7710334442258203,1.4333062598680837,-1.0394394912,1.1092387
1064,0.771120599968568,1.4323100651699918,-1.0394330433,1.1093572
1065,0.7712077557113156,1.4313138704719002,-1.0394147009,1.1093756
1066,0.7712949114540633,1.4303176757738083,-1.0394074492,1.1094857
1067,0.7713820671968109,1.4293214810757169,-1.0393906350,1.1095339
1068,0.7714692229395586,1.4283252863776252,-1.0393788901,1.1095857
1069,0.7715563786823062,1.4273290916795336,-1.0393612159,1.1096300
1070,0.7716435344250538,1.426332896981442,-1.0393460249,1.1096914
1071,0.7717306901678015,1.4253367022833503,-1.0393300963,1.1097510
1072,0.7718178459105491,1.4243405075852589,-1.0393193529,1.1098236
1073,0.7719050016532968,1.423344312887167,-1.0393036419,1.1098778
1074,0.7719921573960444,1.4223481181890754,-1.0392865471,1.1099416
1075,0.7720793131387921,1.4213519234909835,-1.0392726767,1.1100037
1076,0.7721664688815397,1.420355728792892,-1.0392553926,1.1100615
1077,0.7722536246242874,1.4193595340948004,-1.0392447700,1.1101526
1078,0.772340780367035,1.4183633393967088,-1.0392312694,1.1102088
1079,0.7724279361097827,1.4173671446986171,-1.0392154566,1.1102725
1080,0.7725150918525303,1.4163709500005257,-1.0391963199,1.1103000
1081,0.772602247595278,1.4153747553024338,-1.0391819075,1.1103813
1082,0.7726894033380256,1.4143785606043422,-1.0391636218,1.1104492
1083,0.7727765590807733,1.4133823659062503,-1.0391479684,1.1105178
1084,0.7728637148235209,1.412386171208159,-1.0391347848,1.1105894
1085,0.7729508705662685,1.4113899765100673,-1.0391151132,1.1106427
1086,0.7730380263090162,1.4103937818119756,-1.0391038122,1.1107183
1087,0.7731251820517638,1.409397587113884,-1.0390852499,1.1107795
1088,0.7732123377945115,1.4084013924157923,-1.0390670889,1.1108409
1089,0.7732994935372591,1.407405197717701,-1.0390543219,1.1109117
1090,0.7733866492800068,1.406409003019609,-1.0390356544,1.1109788
1091,0.7734738050227544,1.4054128083215174,-1.0390159824,1.1110371
1092,0.7735609607655021,1.4044166136234255,-1.0389983137,1.1111033
1093,0.7736481165082497,1.403420418925334,-1.0389808436,1.1111700
1094,0.7737352722509974,1.4024242242272424,-1.0389647213,1.1112420
1095,0.773822427993745,1.4014280295291508,-1.0389455154,1.1113111
1096,0.7739095837364927,1.4004318348310592,-1.0389269881,1.1113762
1097,0.7739967394792403,1.3994356401329675,-1.0389039705,1.1114412
1098,0.774083895221988,1.398439445434876,-1.0388893306,1.1115031
1099,0.7741710509647356,1.3974432507367842,-1.0388673934,1.1115845
1100,0.7742755794280033,1.396448728841416,-1.0388575561,1.1116328
1101,0.774380107891271,1.3954542069460478,-1.0388429567,1.1116842
1102,0.7744846363545387,1.3944596850506796,-1.0388302460,1.1117446
1103,0.7745891648178064,1.3934651631553114,-1.0388081068,1.1117811
1104,0.7746936932810741,1.3924706412599432,-1.0387940060,1.1118391
1105,0.7747982217443418,1.391476119364575,-1.0387758637,1.1118764
1106,0.7749027502076095,1.3904815974692069,-1.0387602191,1.1119506
1107,0.7750072786708772,1.3894870755738389,-1.0387457021,1.1120027
1108,0.7751118071341448,1.3884925536784705,-1.0387329264,1.1120831
1109,0.7752163355974125,1.3874980317831025,-1.0387202378,1.1121366
1110,0.7753208640606802,1.386503509887734,-1.0387069499,1.1122019
1111,0.7754253925239479,1.385508987992366,-1.0386795406,1.1122238
1112,0.7755299209872156,1.3845144660969977,-1.0386772164,1.1123501
1113,0.7756344494504833,1.3835199442016295,-1.0386634813,1.1124135
1114,0.775738977913751,1.3825254223062613,-1.0386304004,1.1123911
1115,0.7758435063770187,1.381530900410893,-1.0386213993,1.1124795
1116,0.7759480348402864,1.380536378515525,-1.0386165204,1.1125894
1117,0.7760525633035541,1.3795418566201567,-1.0385986880,1.1126340
1118,0.7761570917668218,1.3785473347247883,-1.0385766821,1.1126776
1119,0.7762616202300895,1.3775528128294203,-1.0385602438,1.1127401
1120,0.7763661486933572,1.376558290934052,-1.0385433183,1.1128022
1121,0.7764706771566249,1.375563769038684,-1.0385270387,1.1128684
1122,0.7765752056198926,1.3745692471433155,-1.0385100468,1.1129326
1123,0.7766797340831603,1.3735747252479475,-1.0384880490,1.1129768
1124,0.776784262546428,1.3725802033525794,-1.0384693604,1.1130224
1125,0.7768887910096957,1.3715856814572112,-1.0384554770,1.1131143
1126,0.7769933194729634,1.370591159561843,-1.0384373160,1.1131731
1127,0.777097847936231,1.3695966376664748,-1.0384194011,1.1132336
1128,0.7772023763994987,1.3686021157711066,-1.0384006841,1.1132956
1129,0.7773242457429039,1.3676095696194652,-1.0383871861,1.1133490
1130,0.7774461150863091,1.366617023467824,-1.0383750484,1.1134130
1131,0.7775679844297143,1.3656244773161823,-1.0383604943,1.1134661
1132,0.7776898537731195,1.3646319311645412,-1.0383451526,1.1135161
1133,0.7778117231165247,1.3636393850128998,-1.0383312459,1.1135555
1134,0.7779335924599299,1.3626468388612585,-1.0383166371,1.1136109
1135,0.7780554618033351,1.3616542927096171,-1.0383020686,1.1136751
1136,0.7781773311467403,1.3606617465579758,-1.0382874629,1.1137311
1137,0.7782992004901454,1.3596692004063344,-1.0382725993,1.1137862
1138,0.7784210698335506,1.358676654254693,-1.0382574033,1.1138405
1139,0.7785429391769558,1.3576841081030515,-1.0382419289,1.1138964
1140,0.778664808520361,1.3566915619514104,-1.0382262555,1.1139499
1141,0.7787866778637662,1.355699015799769,-1.0382106006,1.1140030
1142,0.7789085472071714,1.3547064696481277,-1.0381939152,1.1140494
1143,0.7790304165505766,1.3537139234964863,-1.0381777156,1.1141056
1144,0.7791522858939818,1.352721377344845,-1.0381612029,1.1141618
1145,0.779274155237387,1.3517288311932036,-1.0381441500,1.1142188
1146,0.7793960245807922,1.3507362850415623,-1.0381272685,1.1142766
1147,0.7795178939241973,1.349743738889921,-1.0381104609,1.1143345
1148,0.7796397632676025,1.3487511927382796,-1.0380933227,1.1143912
1149,0.7797616326110077,1.3477586465866382,-1.0380760336,1.1144475
1150,0.7798835019544129,1.346766100434997,-1.0380586979,1.1145036
1151,0.7800053712978181,1.3457735542833555,-1.0380419426,1.1145592
1152,0.7801272406412233,1.3447810081317142,-1.0380234185,1.1146166
1153,0.7802491099846285,1.3437884619800728,-1.0380058008,1.1146728
1154,0.7803709793280337,1.3427959158284315,-1.0379858314,1.1147262
1155,0.7805101524289937,1.34180564775969,-1.0379739707,1.1147771
1156,0.7806493255299537,1.3408153796909486,-1.0379605417,1.1148273
1157,0.7807884986309137,1.339825111622207,-1.0379467488,1.1148766
1158,0.7809276717318737,1.3388348435534656,-1.0379305476,1.1149184
1159,0.7810668448328337,1.337844575484724,-1.0379161649,1.1149671
1160,0.7812060179337937,1.3368543074159829,-1.0379016352,1.1150147
1161,0.7813451910347537,1.3358640393472412,-1.0378868793,1.1150638
1162,0.7814843641357138,1.3348737712784997,-1.0378719578,1.1151129
1163,0.7816235372366738,1.3338835032097582,-1.0378592243,1.1151722
1164,0.7817627103376338,1.3328932351410168,-1.0378438218,1.1152219
1165,0.7819018834385938,1.3319029670722753,-1.0378282094,1.1152718
1166,0.7820410565395538,1.3309126990035338,-1.0378124003,1.1153216
1167,0.7821802296405138,1.3299224309347923,-1.0377963830,1.1153714
1168,0.7823194027414738,1.3289321628660509,-1.0377801527,1.1154212
1169,0.7824585758424338,1.3279418947973094,-1.0377636998,1.1154713
1170,0.7825977489433938,1.326951626728568,-1.0377468322,1.1155217
1171,0.7827369220443539,1.3259613586598265,-1.0377299668,1.1155719
1172,0.7828760951453139,1.324971090591085,-1.0377128259,1.1156223
1173,0.7830152682462739,1.3239808225223435,-1.0376954400,1.1156729
1174,0.7831544413472339,1.322990554453602,-1.0376763382,1.1157126
1175,0.7832936144481939,1.3220002863848606,-1.0376585589,1.1157639
1176,0.7834500489132341,1.3210125980442655,-1.0376456908,1.1158060
1177,0.7836064833782743,1.3200249097036705,-1.0376325928,1.1158482
1178,0.7837629178433145,1.3190372213630754,-1.0376193148,1.1158910
1179,0.7839193523083547,1.3180495330224804,-1.0376057622,1.1159338
1180,0.784075786773395,1.3170618446818854,-1.0375919944,1.1159769
1181,0.7842322212384352,1.3160741563412903,-1.0375780477,1.1160205
1182,0.7843886557034754,1.3150864680006953,-1.0375647633,1.1160742
1183,0.7845450901685156,1.3140987796601002,-1.0375502950,1.1161163
1184,0.7847015246335558,1.3131110913195052,-1.0375353180,1.1161578
1185,0.784857959098596,1.3121234029789102,-1.0375201117,1.1161998
1186,0.7850143935636362,1.3111357146383151,-1.0375050395,1.1162440
1187,0.7851708280286764,1.31014802629772,-1.0374897785,1.1162887
1188,0.7853272624937166,1.309160337957125,-1.0374742893,1.1163335
1189,0.7854836969587569,1.30817264961653,-1.0374585576,1.1163785
1190,0.7856401314237971,1.307184961275935,-1.0374427904,1.1164243
1191,0.7857965658888373,1.30619727293534,-1.0374265951,1.1164698
1192,0.7859530003538775,1.305209584594745,-1.0374101488,1.1165155
1193,0.7861094348189177,1.30422189625415,-1.0373934574,1.1165613
1194,0.7862658692839579,1.3032342079135548,-1.0373765211,1.1166073
1195,0.7864223037489981,1.3022465195729598,-1.0373593399,1.1166535
1196,0.7865959519266651,1.3012617118199477,-1.0373470824,1.1166908
1197,0.7867696001043321,1.3002769040669355,-1.0373345786,1.1167282
1198,0.786943248281999,1.2992920963139234,-1.0373218240,1.1167658
1199,0.787116896459666,1.2983072885609113,-1.0373088236,1.1168036
1200,0.787290544637333,1.2973224808078991,-1.0372955711,1.1168416
1201,0.7874641928149999,1.296337673054887,-1.0372817781,1.1168795
1202,0.7876378409926669,1.2953528653018749,-1.0372680379,1.1169179
1203,0.7878114891703338,1.2943680575488627,-1.0372540437,1.1169565
1204,0.7879851373480008,1.2933832497958506,-1.0372397944,1.1169953
1205,0.7881587855256678,1.2923984420428385,-1.0372252908,1.1170343
1206,0.7883324337033347,1.2914136342898264,-1.0372105337,1.1170734
1207,0.7885060818810017,1.2904288265368142,-1.0371955673,1.1171123
1208,0.7886797300586686,1.289444018783802,-1.0371803071,1.1171516
1209,0.7888533782363356,1.28845921103079,-1.0371647901,1.1171910
1210,0.7890270264140026,1.2874744032777778,-1.0371490348,1.1172305
1211,0.7892006745916695,1.2864895955247655,-1.0371330363,1.1172699
1212,0.7893743227693365,1.2855047877717536,-1.0371168027,1.1173095
1213,0.7895479709470035,1.2845199800187417,-1.0371003256,1.1173499
1214,0.78973877994238,1.2835383528352935,-1.0370887526,1.1173807
1215,0.7899295889377564,1.282556725651846,-1.0370769936,1.1174128
1216,0.7901203979331329,1.2815750984683982,-1.0370643204,1.1174333
1217,0.7903112069285094,1.2805934712849505,-1.0370517022,1.1174618
1218,0.7905020159238859,1.2796118441015027,-1.0370392157,1.1174944
1219,0.7906928249192624,1.278630216918055,-1.0370265515,1.1175281
1220,0.7908836339146389,1.2776485897346073,-1.0370136593,1.1175628
1221,0.7910744429100154,1.2766669625511595,-1.0370004380,1.1175974
1222,0.7912652519053919,1.2756853353677118,-1.0369869614,1.1176327
1223,0.7914560609007684,1.274703708184264,-1.0369740534,1.1176704
1224,0.7916468698961449,1.2737220810008163,-1.0369598108,1.1177040
1225,0.7918376788915213,1.2727404538173686,-1.0369453078,1.1177381
1226,0.7920284878868978,1.2717588266339208,-1.0369305824,1.1177725
1227,0.7922192968822743,1.270777199450473,-1.0369155934,1.1178065
1228,0.7924101058776508,1.269795572267025,-1.0368975071,1.1178282
1229,0.7926180175684686,1.2688174246662915,-1.0368868708,1.1178522
1230,0.7928259292592864,1.2678392770655578,-1.0368762440,1.1178791
1231,0.7930338409501042,1.266861129464824,-1.0368653224,1.1179069
1232,0.793241752640922,1.2658829818640902,-1.0368540857,1.1179334
1233,0.7934496643317398,1.2649048342633564,-1.0368426085,1.1179571
1234,0.7936575760225576,1.2639266866626226,-1.0368336673,1.1179927
1235,0.7938654877133754,1.2629485390618889,-1.0368216593,1.1180254
1236,0.7940733994041932,1.261970391461155,-1.0368090165,1.1180517
1237,0.794281311095011,1.2609922438604213,-1.0367950160,1.1180817
1238,0.7944892227858288,1.2600140962596875,-1.0367817162,1.1181155
1239,0.7946971344766466,1.2590359486589535,-1.0367679363,1.1181394
1240,0.7949050461674644,1.25805780105822,-1.0367530160,1.1181519
1241,0.7951129578582822,1.2570796534574862,-1.0367393479,1.1181689
1242,0.7953208695491,1.2561015058567524,-1.0367250187,1.1181958
1243,0.7955287812399178,1.2551233582560186,-1.0367098118,1.1182296
1244,0.7957537322942616,1.254148988191233,-1.0366999858,1.1182498
1245,0.7959786833486054,1.253174618126448,-1.0366899335,1.1182682
1246,0.7962036344029493,1.2522002480616627,-1.0366791813,1.1182862
1247,0.7964285854572931,1.2512258779968777,-1.0366683193,1.1183058
1248,0.796653536511637,1.2502515079320922,-1.0366568746,1.1183244
1249,0.7968784875659808,1.2492771378673069,-1.0366451602,1.1183441
1250,0.7971034386203246,1.2483027678025216,-1.0366347658,1.1183692
1251,0.7973283896746685,1.2473283977377363,-1.0366229710,1.1183901
1252,0.7975533407290123,1.246354027672951,-1.0366110090,1.1184118
1253,0.7977782917833561,1.2453796576081655,-1.0365970020,1.1184262
1254,0.7980032428377,1.2444052875433804,-1.0365848232,1.1184495
1255,0.7982281938920438,1.2434309174785951,-1.0365718756,1.1184711
1256,0.7984531449463876,1.2424565474138098,-1.0365578937,1.1184899
1257,0.7986780960007315,1.2414821773490246,-1.0365426821,1.1184916
1258,0.7989200178963312,1.2405118816227485,-1.0365343765,1.1185506
1259,0.7991619397919308,1.2395415858964725,-1.0365293080,1.1185449
1260,0.7994038616875305,1.2385712901701964,-1.0365201634,1.1185664
1261,0.7996457835831302,1.2376009944439204,-1.0365109743,1.1185845
1262,0.7998877054787299,1.2366306987176443,-1.0365016279,1.1186014
1263,0.8001296273743296,1.2356604029913685,-1.0364883096,1.1186023
1264,0.8003715492699293,1.2346901072650922,-1.0364770987,1.1186185
1265,0.800613471165529,1.2337198115388162,-1.0364655384,1.1186305
1266,0.8008553930611286,1.23274951581254,-1.0364540500,1.1186451
1267,0.8010973149567283,1.231779220086264,-1.0364426377,1.1186606
1268,0.801339236852328,1.230808924359988,-1.0364302415,1.1186784
1269,0.8015811587479277,1.229838628633712,-1.0364157504,1.1186870
1270,0.8018230806435274,1.228868332907436,-1.0364019301,1.1186959
1271,0.8020818996886299,1.2279024070811468,-1.0363984179,1.1187110
1272,0.8023407187337324,1.2269364812548578,-1.0363927716,1.1187323
1273,0.8025995377788349,1.2259705554285687,-1.0363797248,1.1187221
1274,0.8028583568239374,1.2250046296022796,-1.0363742600,1.1187408
1275,0.8031171758690399,1.2240387037759906,-1.0363658758,1.1187526
1276,0.8033759949141424,1.2230727779497017,-1.0363602042,1.1187634
1277,0.8036348139592449,1.2221068521234124,-1.0363361304,1.1187255
1278,0.8038936330043474,1.2211409262971231,-1.0363267020,1.1187399
1279,0.8041524520494499,1.2201750004708345,-1.0363247186,1.1187842
1280,0.8044112710945523,1.2192090746445452,-1.0363152786,1.1188043
1281,0.8046700901396548,1.218243148818256,-1.0362975883,1.1187831
1282,0.8049289091847573,1.217277222991967,-1.0362872247,1.1187942
1283,0.8052045465405744,1.2163159612960288,-1.0362779509,1.1187790
1284,0.8054801838963914,1.2153546996000906,-1.0362780206,1.1188213
1285,0.8057558212522085,1.2143934379041523,-1.0362741958,1.1188467
1286,0.8060314586080255,1.213432176208214,-1.0362569281,1.1187962
1287,0.8063070959638425,1.2124709145122758,-1.0362549128,1.1188319
1288,0.8065827333196596,1.2115096528163376,-1.0362476152,1.1188388
1289,0.8068583706754766,1.2105483911203994,-1.0362381368,1.1188390
1290,0.8071340080312936,1.2095871294244611,-1.0362283054,1.1188425
1291,0.8074096453871107,1.2086258677285229,-1.0362170457,1.1188338
1292,0.8076852827429277,1.2076646060325846,-1.0362091540,1.1188486
1293,0.8079609200987448,1.2067033443366464,-1.0361986737,1.1188552
1294,0.8082365574545618,1.205742082640708,-1.0361815223,1.1188227
1295,0.8085289291592845,1.204785777884745,-1.0361822489,1.1188459
1296,0.8088213008640073,1.203829473128782,-1.0361711413,1.1188219
1297,0.80911367256873,1.2028731683728189,-1.0361720483,1.1188575
1298,0.8094060442734528,1.2019168636168558,-1.0361562083,1.1188115
1299,0.8096984159781755,1.2009605588608927,-1.0361581392,1.1188428
1300,0.8099907876828982,1.2000042541049296,-1.0361428487,1.1188179
1301,0.810283159387621,1.1990479493489663,-1.0361410506,1.1188415
1302,0.8105755310923437,1.1980916445930034,-1.0361308856,1.1188304
1303,0.8108679027970664,1.1971353398370403,-1.0361169228,1.1187982
1304,0.8111602745017892,1.1961790350810773,-1.0361062514,1.1187829
1305,0.8114526462065119,1.1952227303251142,-1.0361048296,1.1188296
1306,0.8117450179112347,1.194266425569151,-1.0360892561,1.1187973
1307,0.8120540349056096,1.193315369052856,-1.0360940189,1.1188445
1308,0.8123630518999845,1.1923643125365608,-1.0360896204,1.1188324
1309,0.8126720688943594,1.1914132560202657,-1.0360834984,1.1188219
1310,0.8129810858887343,1.1904621995039706,-1.0360745207,1.1187972
1311,0.8132901028831092,1.1895111429876757,-1.0360652066,1.1187917
1312,0.8135991198774841,1.1885600864713803,-1.0360585945,1.1187800
1313,0.813908136871859,1.1876090299550852,-1.0360513193,1.1187732
1314,0.814217153866234,1.18665797343879,-1.0360430670,1.1187649
1315,0.8145261708606089,1.185706916922495,-1.0360370106,1.1187690
1316,0.8148351878549838,1.1847558604061998,-1.0360276329,1.1187549
1317,0.8151607560094409,1.1838103418306003,-1.0360222951,1.1187319
1318,0.8154863241638981,1.1828648232550012,-1.0360130351,1.1186821
1319,0.8158118923183553,1.181919304679402,-1.0360149924,1.1187101
1320,0.8161374604728124,1.1809737861038023,-1.0360101063,1.1186994
1321,0.8164630286272696,1.1800282675282032,-1.0360061019,1.1186852
1322,0.8167885967817268,1.179082748952604,-1.0359994991,1.1186789
1323,0.8171141649361839,1.1781372303770046,-1.0359935250,1.1186669
1324,0.8174397330906411,1.1771917118014052,-1.0359868097,1.1186534
1325,0.8177653012450983,1.176246193225806,-1.0359797721,1.1186424
1326,0.8180908693995554,1.1753006746502066,-1.0359723435,1.1186262
1327,0.8184164375540126,1.1743551560746073,-1.0359631859,1.1186095
1328,0.8187584576973382,1.1734154634538214,-1.0359588199,1.1185830
1329,0.8191004778406639,1.1724757708330356,-1.0359541023,1.1185581
1330,0.8194424979839895,1.1715360782122497,-1.0359516365,1.1185483
1331,0.8197845181273151,1.1705963855914638,-1.0359489200,1.1185344
1332,0.8201265382706407,1.169656692970678,-1.0359442082,1.1185157
1333,0.8204685584139664,1.168717000349892,-1.0359402046,1.1185004
1334,0.820810578557292,1.1677773077291065,-1.0359330589,1.1184800
1335,0.8211525987006176,1.1668376151083204,-1.0359263342,1.1184510
1336,0.8214946188439433,1.1658979224875343,-1.0359173292,1.1184166
1337,0.8218366389872689,1.164958229866749,-1.0359121710,1.1184069
1338,0.8221950069368141,1.1640246494402515,-1.0359107961,1.1183914
1339,0.8225533748863594,1.1630910690137544,-1.0359101530,1.1183758
1340,0.8229117428359046,1.1621574885872572,-1.0359078326,1.1183540
1341,0.8232701107854499,1.16122390816076,-1.0359046829,1.1183296
1342,0.8236284787349951,1.1602903277342629,-1.0358994046,1.1183006
1343,0.8239868466845404,1.1593567473077655,-1.0358920576,1.1182565
1344,0.8243452146340856,1.1584231668812686,-1.0358911647,1.1182547
1345,0.8247035825836309,1.1574895864547714,-1.0358852338,1.1182258
1346,0.8250619505331761,1.1565560060282742,-1.0358789432,1.1181969
1347,0.8254203184827213,1.155622425601777,-1.0358749761,1.1181947
1348,0.8257786864322666,1.15468884517528,-1.0358693883,1.1181717
1349,0.8261532930256825,1.1537616613207131,-1.0358672468,1.1181411
1350,0.8265278996190984,1.1528344774661463,-1.0358697359,1.1181422
1351,0.8269025062125144,1.1519072936115795,-1.0358691727,1.1181221
1352,0.8272771128059303,1.1509801097570127,-1.0358683437,1.1181025
1353,0.8276517193993462,1.150052925902446,-1.0358648396,1.1180791
1354,0.8280263259927622,1.149125742047879,-1.0358615963,1.1180321
1355,0.8284009325861781,1.1481985581933123,-1.0358504229,1.1179849
1356,0.828775539179594,1.1472713743387457,-1.0358507529,1.1179833
1357,0.8291501457730099,1.146344190484179,-1.0358408395,1.1179276
1358,0.8295247523664259,1.145417006629612,-1.0358435024,1.1179480
1359,0.8299154834949152,1.1444965017761597,-1.0358359901,1.1178966
1360,0.8303062146234045,1.143575996922707,-1.0358371137,1.1178744
1361,0.8306969457518938,1.1426554920692549,-1.0358362456,1.1178488
1362,0.8310876768803831,1.1417349872158022,-1.0358367906,1.1178177
1363,0.8314784080088724,1.1408144823623498,-1.0358328000,1.1177734
1364,0.8318691391373617,1.1398939775088974,-1.0358288557,1.1177440
1365,0.832259870265851,1.138973472655445,-1.0358273975,1.1177131
1366,0.8326506013943403,1.1380529678019926,-1.0358256169,1.1177045
1367,0.8330413325228296,1.1371324629485402,-1.0358236280,1.1176903
1368,0.8334320636513189,1.1362119580950878,-1.0358165634,1.1176334
1369,0.8338388002943947,1.1352984126374452,-1.0358186880,1.1176229
1370,0.8342455369374705,1.1343848671798027,-1.0358267800,1.1176265
1371,0.8346522735805463,1.13347132172216,-1.0358117860,1.1175076
1372,0.8350590102236221,1.1325577762645176,-1.0358191244,1.1175205
1373,0.8354657468666978,1.131644230806875,-1.0358153177,1.1174764
1374,0.8358724835097736,1.1307306853492325,-1.0358055887,1.1174099
1375,0.8362792201528494,1.12981713989159,-1.0358076640,1.1174092
1376,0.8366859567959252,1.1289035944339474,-1.0358090600,1.1173946
1377,0.837092693439001,1.1279900489763048,-1.0358048783,1.1173497
1378,0.8374994300820767,1.1270765035186625,-1.0357980858,1.1173134
1379,0.8379220483438174,1.1261701957316257,-1.0358046059,1.1173022
1380,0.8383446666055582,1.125263887944589,-1.0358060314,1.1172629
1381,0.8387672848672989,1.1243575801575525,-1.0358051170,1.1172268
1382,0.8391899031290396,1.123451272370516,-1.0358011503,1.1171675
1383,0.8396125213907804,1.1225449645834793,-1.0358035501,1.1171558
1384,0.8400351396525211,1.1216386567964427,-1.0358046309,1.1171318
1385,0.8404577579142618,1.120732349009406,-1.0357992266,1.1170781
1386,0.8408803761760025,1.1198260412223695,-1.0357992766,1.1170469
1387,0.8413029944377433,1.118919733435333,-1.0357932541,1.1170066
1388,0.8417413655845324,1.1180209393890337,-1.0357915100,1.1169523
1389,0.8421797367313215,1.1171221453427345,-1.0357948718,1.1169142
1390,0.8426181078781106,1.1162233512964352,-1.0357957373,1.1168746
1391,0.8430564790248998,1.115324557250136,-1.0357962088,1.1168329
1392,0.8434948501716889,1.1144257632038368,-1.0357944675,1.1167895
1393,0.843933221318478,1.1135269691575376,-1.0357931937,1.1167441
1394,0.8443715924652672,1.1126281751112383,-1.0357932218,1.1167148
1395,0.8448099636120563,1.1117293810649391,-1.0357899170,1.1166631
1396,0.8452483347588454,1.11083058701864,-1.0357882185,1.1166283
1397,0.8456867059056346,1.109931792972341,-1.0357855721,1.1165946
1398,0.8461406964053741,1.1090407864481524,-1.0357889239,1.1165581
1399,0.8465946869051137,1.108149779923964,-1.0357895220,1.1165112
1400,0.8470486774048533,1.107258773399776,-1.0357851214,1.1164594
1401,0.8475026679045929,1.1063677668755876,-1.0357896846,1.1164233
1402,0.8479566584043325,1.1054767603513993,-1.0357869404,1.1163738
1403,0.8484106489040721,1.104585753827211,-1.0357907595,1.1163457
1404,0.8488646394038117,1.1036947473030227,-1.0357882682,1.1162887
1405,0.8493186299035513,1.1028037407788345,-1.0357860610,1.1162553
1406,0.8497726204032909,1.1019127342546462,-1.0357867863,1.1162211
1407,0.8502266109030305,1.101021727730458,-1.0357823770,1.1161595
1408,0.8506960824658164,1.100138780137599,-1.0357860226,1.1161518
1409,0.8511655540286023,1.09925583254474,-1.0357867154,1.1160851
1410,0.8516350255913882,1.0983728849518812,-1.0357893828,1.1160464
1411,0.852104497154174,1.0974899373590223,-1.0357875440,1.1159771
1412,0.8525739687169599,1.0966069897661634,-1.0357899259,1.1159552
1413,0.8530434402797458,1.0957240421733043,-1.0357907542,1.1159107
1414,0.8535129118425316,1.0948410945804457,-1.0357937636,1.1158829
1415,0.8539823834053175,1.0939581469875868,-1.0357901647,1.1158328
1416,0.8544518549681034,1.093075199394728,-1.0357923115,1.1157978
1417,0.8549366645883497,1.0922005796875884,-1.0357925903,1.1157382
1418,0.855421474208596,1.091325959980449,-1.0357935868,1.1156957
1419,0.8559062838288424,1.0904513402733096,-1.0357950310,1.1156421
1420,0.8563910934490887,1.0895767205661702,-1.0357919543,1.1155782
1421,0.856875903069335,1.0887021008590307,-1.0357956503,1.1155416
1422,0.8573607126895814,1.087827481151891,-1.0357959668,1.1155054
1423,0.8578455223098277,1.086952861444752,-1.0357973511,1.1154610
1424,0.858330331930074,1.0860782417376125,-1.0357956082,1.1154097
1425,0.8588151415503203,1.085203622030473,-1.0357956273,1.1153723
1426,0.8592999511705667,1.0843290023233336,-1.0357967143,1.1153396
1427,0.8597999511705666,1.0834629769195492,-1.0357987065,1.1152861
1428,0.8602999511705666,1.0825969515157647,-1.0358025593,1.1152386
1429,0.8607999511705665,1.0817309261119803,-1.0358017158,1.1151725
1430,0.8612999511705665,1.080864900708196,-1.0358056426,1.1151410
1431,0.8617999511705664,1.0799988753044114,-1.0358093393,1.1151049
1432,0.8622999511705663,1.079132849900627,-1.0358057177,1.1150389
1433,0.8627999511705663,1.0782668244968423,-1.0358154789,1.1150309
1434,0.8632999511705662,1.077400799093058,-1.0358083475,1.1149624
1435,0.8637999511705662,1.0765347736892736,-1.0358069015,1.1149136
1436,0.8642999511705661,1.0756687482854892,-1.0358050276,1.1148671
1437,0.8648149892454762,1.0748115809847871,-1.0358088852,1.1148205
1438,0.8653300273203862,1.073954413684085,-1.0358122572,1.1147744
1439,0.8658450653952963,1.073097246383383,-1.0358126047,1.1147122
1440,0.8663601034702063,1.072240079082681,-1.0358143010,1.1146663
1441,0.8668751415451164,1.0713829117819789,-1.0358150309,1.1146106
1442,0.8673901796200264,1.0705257444812768,-1.0358171954,1.1145691
1443,0.8679052176949364,1.0696685771805747,-1.0358203726,1.1145404
1444,0.8684202557698465,1.0688114098798729,-1.0358208667,1.1144980
1445,0.8689352938447565,1.0679542425791706,-1.0358183859,1.1144433
1446,0.8694503319196666,1.0670970752784683,-1.0358239889,1.1144330
1447,0.8699802511838998,1.0662490271823122,-1.0358237121,1.1143661
1448,0.870510170448133,1.0654009790861558,-1.0358268999,1.1143184
1449,0.8710400897123661,1.0645529309899997,-1.0358300481,1.1142744
1450,0.8715700089765993,1.0637048828938431,-1.0358372513,1.1142463
1451,0.8720999282408325,1.0628568347976868,-1.0358312969,1.1141655
1452,0.8726298475050657,1.0620087867015304,-1.0358329649,1.1141229
1453,0.8731597667692989,1.061160738605374,-1.0358341488,1.1140813
1454,0.873689686033532,1.0603126905092175,-1.0358347435,1.1140399
1455,0.8742196052977652,1.0594646424130614,-1.0358349172,1.1139997
1456,0.8747495245619984,1.058616594316905,-1.0358346203,1.1139604
1457,0.8752941635970134,1.0577779237489595,-1.0358385068,1.1139131
1458,0.8758388026320284,1.056939253181014,-1.0358419212,1.1138669
1459,0.8763834416670434,1.0561005826130685,-1.0358448474,1.1138213
1460,0.8769280807020584,1.055261912045123,-1.0358473222,1.1137765
1461,0.8774727197370734,1.0544232414771777,-1.0358493366,1.1137327
1462,0.8780173587720884,1.053584570909232,-1.0358508386,1.1136896
1463,0.8785619978071034,1.0527459003412865,-1.0358508202,1.1136380
1464,0.8791066368421184,1.051907229773341,-1.0358565484,1.1136192
1465,0.8796512758771334,1.0510685592053954,-1.0358515203,1.1135566
1466,0.8801959149121484,1.05022988863745,-1.0358518081,1.1135236
1467,0.8807551078156192,1.049400851064895,-1.0358545064,1.1134698
1468,0.8813143007190899,1.04857181349234,-1.0358584934,1.1134260
1469,0.8818734936225606,1.0477427759197848,-1.0358608479,1.1133754
1470,0.8824326865260314,1.0469137383472298,-1.0358634467,1.1133320
1471,0.8829918794295021,1.0460847007746747,-1.0358685693,1.1132904
1472,0.8835510723329728,1.0452556632021195,-1.0358703670,1.1132503
1473,0.8841102652364435,1.044426625629565,-1.0358708136,1.1132016
1474,0.8846694581399143,1.0435975880570096,-1.0358711542,1.1131596
1475,0.885228651043385,1.0427685504844546,-1.0358721678,1.1131277
1476,0.8857878439468557,1.0419395129118996,-1.0358717287,1.1130885
1477,0.8863614203832068,1.0411203608676105,-1.0358755825,1.1130424
1478,0.8869349968195578,1.0403012088233214,-1.0358790893,1.1129978
1479,0.8875085732559088,1.0394820567790324,-1.0358809909,1.1129450
1480,0.8880821496922598,1.038662904734743,-1.0358837919,1.1129036
1481,0.8886557261286109,1.0378437526904545,-1.0358860825,1.1128628
1482,0.8892293025649619,1.0370246006461652,-1.0358879354,1.1128238
1483,0.8898028790013129,1.036205448601876,-1.0358888820,1.1127847
1484,0.890376455437664,1.035386296557587,-1.0358897394,1.1127468
1485,0.890950031874015,1.034567144513298,-1.0358901162,1.1127102
1486,0.891523608310366,1.033747992469009,-1.0358891061,1.1126659
1487,0.8921113935626586,1.032938975474634,-1.0358933633,1.1126248
1488,0.8926991788149511,1.0321299584802592,-1.0358983952,1.1125913
1489,0.8932869640672436,1.0313209414858844,-1.0358980779,1.1125253
1490,0.8938747493195361,1.0305119244915095,-1.0359035795,1.1125064
1491,0.8944625345718287,1.029702907497135,-1.0359062744,1.1124699
1492,0.8950503198241212,1.0288938905027598,-1.0359067679,1.1124191
1493,0.8956381050764137,1.028084873508385,-1.0359076210,1.1123843
1494,0.8962258903287063,1.02727585651401,-1.0359145725,1.1123832
1495,0.8968136755809988,1.0264668395196352,-1.0359082289,1.1123079
1496,0.8974014608332913,1.0256578225252604,-1.0359079855,1.1122727
1497,0.8980032758564434,1.024859187015213,-1.0359127216,1.1122387
1498,0.8986050908795954,1.0240605515051655,-1.0359161717,1.1121970
1499,0.8992069059027474,1.0232619159951184,-1.0359192551,1.1121571
1500,0.8998087209258995,1.022463280485071,-1.0359218058,1.1121179
1501,0.9004105359490515,1.0216646449750235,-1.0359239677,1.1120805
1502,0.9010123509722036,1.0208660094649764,-1.0359256487,1.1120444
1503,0.9016141659953556,1.020067373954929,-1.0359294423,1.1120243
1504,0.9022159810185076,1.0192687384448818,-1.0359276954,1.1119756
1505,0.9028177960416596,1.0184701029348344,-1.0359278258,1.1119403
1506,0.9034196110648116,1.017671467424787,-1.0359276891,1.1119076
1507,0.9040352725401374,1.0168834566711804,-1.0359317511,1.1118685
1508,0.904650934015463,1.0160954459175735,-1.0359351867,1.1118302
1509,0.9052665954907888,1.015307435163967,-1.0359382127,1.1117933
1510,0.9058822569661144,1.0145194244103604,-1.0359393189,1.1117467
1511,0.90649791844144,1.0137314136567537,-1.0359419317,1.1117158
1512,0.9071135799167656,1.012943402903147,-1.0359439576,1.1116852
1513,0.9077292413920912,1.0121553921495403,-1.0359459017,1.1116553
1514,0.908344902867417,1.0113673813959336,-1.0359469397,1.1116262
1515,0.9089605643427426,1.010579370642327,-1.0359474434,1.1115960
1516,0.9095762258180684,1.0097913598887205,-1.0359477795,1.1115687
1517,0.910191887293394,1.0090033491351136,-1.0359473307,1.1115419
1518,0.9108212076844436,1.0082262031736566,-1.0359510052,1.1115072
1519,0.9114505280754936,1.0074490572121997,-1.0359541246,1.1114732
1520,0.9120798484665432,1.0066719112507427,-1.0359567618,1.1114387
1521,0.9127091688575932,1.0058947652892858,-1.0359586352,1.1114048
1522,0.9133384892486428,1.0051176193278288,-1.0359602699,1.1113751
1523,0.9139678096396928,1.004340473366372,-1.0359613250,1.1113416
1524,0.9145971300307424,1.003563327404915,-1.0359620134,1.1113109
1525,0.9152264504217924,1.002786181443458,-1.0359623205,1.1112828
1526,0.915855770812842,1.002009035482001,-1.0359642370,1.1112701
1527,0.916485091203892,1.001231889520544,-1.0359634941,1.1112420
1528,0.9171144115949416,1.0004547435590871,-1.0359629396,1.1112225
1529,0.9177571992046282,0.9996886991159682,-1.0359667366,1.1111953
1530,0.9183999868143148,0.9989226546728492,-1.0359693941,1.1111666
1531,0.9190427744240012,0.9981566102297302,-1.0359686224,1.1111116
1532,0.9196855620336876,0.9973905657866112,-1.0359742177,1.1111122
1533,0.9203283496433742,0.9966245213434922,-1.0359777863,1.1111054
1534,0.9209711372530608,0.9958584769003732,-1.0359770358,1.1110627
1535,0.9216139248627472,0.9950924324572542,-1.0359776730,1.1110392
1536,0.9222567124724336,0.9943263880141352,-1.0359778010,1.1110167
1537,0.9228995000821202,0.9935603435710162,-1.0359774329,1.1109955
1538,0.9235422876918068,0.9927942991278972,-1.0359766653,1.1109760
1539,0.9241983467207971,0.9920395895476743,-1.0359794874,1.1109479
1540,0.9248544057497876,0.9912848799674516,-1.0359798223,1.1109015
1541,0.925510464778778,0.990530170387229,-1.0359847093,1.1108826
1542,0.9261665238077684,0.9897754608070064,-1.0359856842,1.1108550
1543,0.926822582836759,0.9890207512267836,-1.0359926014,1.1108885
1544,0.9274786418657496,0.9882660416465608,-1.0359868752,1.1108135
1545,0.92813470089474,0.987511332066338,-1.0359907201,1.1108085
1546,0.9287907599237304,0.9867566224861154,-1.0359897238,1.1107857
1547,0.9294468189527209,0.9860019129058928,-1.0359928579,1.1107947
1548,0.9301028779817112,0.98524720332567,-1.0359913594,1.1107715
1549,0.9307589370107018,0.9844924937454472,-1.0359886573,1.1107336
1550,0.9314280676170608,0.9837493489199698,-1.0359917651,1.1107126
1551,0.9320971982234196,0.9830062040944924,-1.0359944027,1.1106928
1552,0.9327663288297784,0.9822630592690148,-1.0359966133,1.1106737
1553,0.9334354594361371,0.9815199144435376,-1.0359983811,1.1106569
1554,0.934104590042496,0.98077676961806,-1.0360002958,1.1106588
1555,0.934773720648855,0.9800336247925826,-1.0360009656,1.1106458
1556,0.935442851255214,0.9792904799671052,-1.0359970549,1.1106031
1557,0.9361119818615729,0.9785473351416276,-1.0360011425,1.1106004
1558,0.9367811124679316,0.9778041903161504,-1.0360006392,1.1105890
1559,0.9374502430742904,0.9770610454906729,-1.0359996855,1.1105789
1560,0.9381193736806492,0.9763179006651954,-1.0359982815,1.1105700
1561,0.938801372040712,0.9755865469635764,-1.0360009581,1.1105540
1562,0.9394833704007745,0.9748551932619572,-1.0360031838,1.1105392
1563,0.940165368760837,0.974123839560338,-1.0360049575,1.1105257
1564,0.9408473671208996,0.9733924858587188,-1.0360062803,1.1105134
1565,0.941529365480962,0.9726611321570996,-1.0360071237,1.1105023
1566,0.9422113638410248,0.9719297784554806,-1.0360074606,1.1104925
1567,0.9428933622010872,0.9711984247538614,-1.0360099506,1.1104832
1568,0.9435753605611498,0.9704670710522424,-1.0360095943,1.1104764
1569,0.9442573589212124,0.9697357173506232,-1.0360088767,1.1104718
1570,0.9449393572812748,0.969004363649004,-1.0360076667,1.1104679
1571,0.9456213556413374,0.9682730099473849,-1.0360059997,1.1104653
1572,0.9463160140117964,0.9675536701470462,-1.0360103438,1.1104653
1573,0.9470106723822554,0.9668343303467076,-1.0360120095,1.1104550
1574,0.9477053307527143,0.9661149905463688,-1.0360134173,1.1104473
1575,0.9483999891231736,0.9653956507460302,-1.0360117343,1.1104469
1576,0.9490946474936324,0.9646763109456916,-1.0360086153,1.1104256
1577,0.9497893058640916,0.9639569711453528,-1.0360112863,1.1104414
1578,0.9504839642345504,0.9632376313450142,-1.0360087371,1.1104180
1579,0.9511786226050096,0.9625182915446756,-1.0360078175,1.1104137
1580,0.9518732809754684,0.9617989517443368,-1.0360118643,1.1104199
1581,0.9525679393459277,0.9610796119439982,-1.0360102025,1.1104206
1582,0.9532625977163866,0.9603602721436596,-1.0360080365,1.1104220
1583,0.9539697044975732,0.9596531653624728,-1.0360099659,1.1104163
1584,0.954664362868032,0.9589338255621342,-1.0360069606,1.1104203
1585,0.9553590212384911,0.9582144857617956,-1.0360035038,1.1104254
1586,0.9560536796089502,0.9574951459614568,-1.0359996206,1.1104318
1588,0.956683,0.956718,-1.0359727273,1.1104811
1589,0.9574601459614568,0.9560886796089502,-1.0359996413,1.1104317
1590,0.9581794857617956,0.9553940212384912,-1.0360035456,1.1104253
1591,0.9588988255621342,0.954699362868032,-1.0360070236,1.1104202
1592,0.9596181653624728,0.9540047044975732,-1.0360100503,1.1104160
1593,0.9603252721436596,0.9532975977163866,-1.0360081422,1.1104217
1594,0.9610446119439982,0.9526029393459275,-1.0360103294,1.1104202
1595,0.9617639517443368,0.9519082809754684,-1.0360120130,1.1104194
1596,0.9624832915446756,0.9512136226050096,-1.0360079959,1.1104131
1597,0.9632026313450142,0.9505189642345504,-1.0360089414,1.1104173
1598,0.9639219711453528,0.9498243058640916,-1.0360106942,1.1104401
1599,0.9646413109456916,0.9491296474936324,-1.0360114219,1.1104315
1600,0.9653606507460302,0.9484349891231736,-1.0360133047,1.1104522
1601,0.9660799905463688,0.9477403307527144,-1.0360136911,1.1104465
1602,0.9667993303467076,0.9470456723822556,-1.0360123050,1.1104541
1603,0.9675186701470462,0.9463510140117964,-1.0360106602,1.1104644
1604,0.9682380099473848,0.9456563556413374,-1.0360063538,1.1104644
1605,0.968969363649004,0.9449743572812748,-1.0360080436,1.1104670
1606,0.9697007173506232,0.9442923589212124,-1.0360092748,1.1104707
1607,0.9704320710522424,0.9436103605611498,-1.0360100117,1.1104753
1608,0.9711634247538614,0.9429283622010872,-1.0360103938,1.1104820
1609,0.9718947784554806,0.9422463638410248,-1.0360079143,1.1104912
1610,0.9726261321570996,0.941564365480962,-1.0360075995,1.1105010
1611,0.9733574858587188,0.9408823671208996,-1.0360067823,1.1105120
1612,0.974088839560338,0.940200368760837,-1.0360054819,1.1105242
1613,0.9748201932619572,0.9395183704007743,-1.0360037305,1.1105377
1614,0.9755515469635764,0.938836372040712,-1.0360015273,1.1105524
1615,0.9762829006651954,0.9381543736806494,-1.0359988730,1.1105683
1616,0.9770260454906728,0.9374852430742904,-1.0360002995,1.1105772
1617,0.9777691903161504,0.9368161124679316,-1.0360012755,1.1105872
1618,0.9785123351416276,0.9361469818615727,-1.0360018011,1.1105985
1619,0.9792554799671052,0.935477851255214,-1.0359976204,1.1106004
1620,0.9799986247925826,0.934808720648855,-1.0360014932,1.1106402
1621,0.98074176961806,0.934139590042496,-1.0360020108,1.1106599
1622,0.9814849144435376,0.9334704594361372,-1.0359991302,1.1106548
1623,0.9822280592690148,0.9328013288297784,-1.0359973844,1.1106714
1624,0.9829712040944923,0.9321321982234196,-1.0359951958,1.1106906
1625,0.9837143489199698,0.9314630676170608,-1.0359925803,1.1107104
1626,0.9844574937454472,0.9307939370107018,-1.0359894944,1.1107313
1627,0.98521220332567,0.9301378779817112,-1.0359905086,1.1107452
1628,0.9859669129058928,0.9294818189527208,-1.0359911400,1.1107802
1629,0.9867216224861154,0.9288257599237304,-1.0359905277,1.1107815
1630,0.987476332066338,0.92816970089474,-1.0359904583,1.1107910
1631,0.9882310416465608,0.9275136418657496,-1.0359876732,1.1108124
1632,0.9889857512267836,0.926857582836759,-1.0359884458,1.1108334
1633,0.9897404608070064,0.9262015238077684,-1.0359865793,1.1108522
1634,0.990495170387229,0.925545464778778,-1.0359857161,1.1108796
1635,0.9912498799674516,0.9248894057497876,-1.0359807184,1.1108982
1636,0.9920045895476745,0.9242333467207972,-1.0359803093,1.1109436
1637,0.9927592991278972,0.9235772876918068,-1.0359777411,1.1109730
1638,0.9935253435710162,0.9229345000821202,-1.0359785286,1.1109925
1639,0.9942913880141352,0.9222917124724336,-1.0359789128,1.1110136
1640,0.9950574324572542,0.9216489248627472,-1.0359788143,1.1110360
1641,0.9958234769003732,0.9210061372530608,-1.0359782041,1.1110594
1642,0.9965895213434922,0.9203633496433742,-1.0359816659,1.1111108
1643,0.9973555657866112,0.9197205620336876,-1.0359750350,1.1111081
1644,0.9981216102297302,0.9190777744240012,-1.0359698471,1.1111083
1645,0.9988876546728492,0.9184349868143148,-1.0359706603,1.1111633
1646,0.9996536991159682,0.9177921992046282,-1.0359679772,1.1111917
1647,1.0004197435590871,0.9171494115949416,-1.0359646326,1.1112214
1648,1.001185788002206,0.9165066239852552,-1.0359606589,1.1112506
1649,1.001962933963663,0.9158773035942054,-1.0359610743,1.1112750
1650,1.00274007992512,0.9152479832031556,-1.0359590748,1.1112881
1651,1.003517225886577,0.9146186628121058,-1.0359588332,1.1113154
1652,1.004294371848034,0.913989342421056,-1.0359572377,1.1113459
1653,1.0050715178094909,0.9133600220300062,-1.0359572092,1.1113780
1654,1.0058486637709478,0.9127307016389564,-1.0359555691,1.1114111
1655,1.0066258097324048,0.9121013812479066,-1.0359536846,1.1114432
1656,1.0074029556938615,0.9114720608568568,-1.0359510111,1.1114771
1657,1.008180101655319,0.910842740465807,-1.0359499016,1.1115171
1658,1.0089572476167756,0.9102134200747573,-1.0359443238,1.1115462
1659,1.0097452583703823,0.9095977585994316,-1.0359449686,1.1115746
1660,1.010533269123989,0.908982097124106,-1.0359448636,1.1116021
1661,1.0113212798775957,0.9083664356487804,-1.0359439279,1.1116287
1662,1.0121092906312024,0.9077507741734546,-1.0359426469,1.1116576
1663,1.012897301384809,0.907135112698129,-1.0359410450,1.1116890
1664,1.0136853121384155,0.9065194512228032,-1.0359390907,1.1117213
1665,1.0144733228920224,0.9059037897474777,-1.0359367151,1.1117529
1666,1.015261333645629,0.905288128272152,-1.0359354148,1.1117972
1667,1.0160493443992358,0.9046724667968264,-1.0359323545,1.1118339
1668,1.0168373551528425,0.9040568053215008,-1.0359289449,1.1118722
1669,1.0176359906628898,0.9034549902983486,-1.0359294925,1.1119027
1670,1.0184346261729371,0.9028531752751966,-1.0359296288,1.1119353
1671,1.0192332616829844,0.9022513602520446,-1.0359295196,1.1119704
1672,1.0200318971930318,0.9016495452288924,-1.0359289124,1.1120137
1673,1.020830532703079,0.9010477302057404,-1.0359275299,1.1120392
1674,1.0216291682131264,0.9004459151825884,-1.0359258752,1.1120754
1675,1.0224278037231738,0.8998441001594364,-1.0359237768,1.1121130
1676,1.023226439233221,0.8992422851362843,-1.0359212088,1.1121518
1677,1.0240250747432684,0.8986404701131323,-1.0359181461,1.1121916
1678,1.0248237102533158,0.8980386550899803,-1.0359147166,1.1122332
1679,1.025622345763363,0.8974368400668282,-1.0359100045,1.1122672
1680,1.026431362757738,0.8968490548145357,-1.0359102705,1.1123024
1681,1.0272403797521128,0.8962612695622432,-1.0359149365,1.1123659
1682,1.0280493967464877,0.8956734843099506,-1.0359096945,1.1123785
1683,1.0288584137408625,0.8950856990576581,-1.0359088456,1.1124127
1684,1.0296674307352374,0.8944979138053656,-1.0359083844,1.1124640
1685,1.0304764477296122,0.8939101285530731,-1.0359058598,1.1125012
1686,1.031285464723987,0.8933223433007805,-1.0359002574,1.1125190
1687,1.032094481718362,0.892734558048488,-1.0359007333,1.1125864
1688,1.0329034987127368,0.8921467727961955,-1.0358956327,1.1126192
1689,1.0337125157071116,0.891558987543903,-1.0358913679,1.1126599
1690,1.0345316677514007,0.8909854111075519,-1.0358924020,1.1127042
1691,1.0353508197956898,0.8904118346712009,-1.0358920477,1.1127407
1692,1.0361699718399788,0.8898382582348499,-1.0358935403,1.1127940
1693,1.036989123884268,0.8892646817984988,-1.0358935199,1.1128364
1694,1.037808275928557,0.8886911053621478,-1.0358884607,1.1128566
1695,1.038627427972846,0.8881175289257968,-1.0358862156,1.1128974
1696,1.039446580017135,0.8875439524894457,-1.0358834891,1.1129389
1697,1.040265732061424,0.8869703760530947,-1.0358815392,1.1129915
1698,1.0410848841057132,0.8863967996167437,-1.0358780464,1.1130359
1699,1.0419040361500025,0.8858232231803926,-1.0358742077,1.1130819
1700,1.0427330737225573,0.8852640302769219,-1.0358746511,1.1131209
1701,1.0435621112951123,0.8847048373734512,-1.0358736407,1.1131527
1702,1.0443911488676674,0.8841456444699805,-1.0358733580,1.1131948
1703,1.0452201864402224,0.8835864515665097,-1.0358787126,1.1132660
1704,1.0460492240127774,0.883027258663039,-1.0358713379,1.1132846
1705,1.0468782615853325,0.8824680657595683,-1.0358660817,1.1133253
1706,1.0477072991578875,0.8819088728560975,-1.0358639973,1.1133716
1707,1.0485363367304426,0.8813496799526268,-1.0358611982,1.1134193
1708,1.0493653743029976,0.8807904870491561,-1.0358572978,1.1134632
1709,1.0501944118755526,0.8802312941456854,-1.0358544933,1.1135175
1710,1.0510234494481077,0.8796721012422146,-1.0358496281,1.1135582
1711,1.0518621200160532,0.8791274622071996,-1.0358553883,1.1136221
1712,1.052700790583999,0.8785828231721846,-1.0358489694,1.1136395
1713,1.0535394611519442,0.8780381841371696,-1.0358489969,1.1136910
1714,1.0543781317198897,0.8774935451021546,-1.0358475343,1.1137341
1715,1.0552168022878352,0.8769489060671396,-1.0358455498,1.1137779
1716,1.0560554728557807,0.8764042670321246,-1.0358430872,1.1138226
1717,1.0568941434237262,0.8758596279971096,-1.0358401838,1.1138682
1718,1.0577328139916715,0.8753149889620946,-1.0358367925,1.1139144
1719,1.0585714845596172,0.8747703499270796,-1.0358329284,1.1139616
1720,1.0594195326557736,0.8742404306628464,-1.0358332479,1.1140009
1721,1.06026758075193,0.8737105113986132,-1.0358330965,1.1140410
1722,1.0611156288480863,0.87318059213438,-1.0358325308,1.1140824
1723,1.0619636769442429,0.8726506728701469,-1.0358313708,1.1141239
1724,1.062811725040399,0.8721207536059137,-1.0358297198,1.1141664
1725,1.0636597731365554,0.8715908343416805,-1.0358357277,1.1142471
1726,1.0645078212327117,0.8710609150774473,-1.0358285148,1.1142754
1727,1.065355869328868,0.8705309958132141,-1.0358276566,1.1143258
1728,1.0662039174250244,0.870001076548981,-1.0358222563,1.1143671
1729,1.0670519655211808,0.8694711572847478,-1.0358248504,1.1144454
1730,1.0679091328218828,0.8689561192098377,-1.0358168987,1.1144440
1731,1.068766300122585,0.8684410811349277,-1.0358181250,1.1144909
1732,1.069623467423287,0.8679260430600176,-1.0358187359,1.1145403
1733,1.070480634723989,0.8674110049851076,-1.0358159462,1.1145696
1734,1.071337802024691,0.8668959669101975,-1.0358135662,1.1146129
1735,1.0721949693253932,0.8663809288352875,-1.0358128953,1.1146661
1736,1.0730521366260952,0.8658658907603775,-1.0358112739,1.1147125
1737,1.0739093039267973,0.8653508526854674,-1.0358109697,1.1147749
1738,1.0747664712274994,0.8648358146105574,-1.0358076100,1.1148208
1739,1.0756236385282014,0.8643207765356473,-1.0358037783,1.1148674
1740,1.076489663931986,0.8638207765356474,-1.0358050920,1.1149124
1741,1.0773556893357703,0.8633207765356474,-1.0358069794,1.1149619
1742,1.0782217147395547,0.8628207765356475,-1.0358088563,1.1150140
1743,1.0790877401433392,0.8623207765356475,-1.0358054135,1.1150447
1744,1.0799537655471236,0.8618207765356476,-1.0358014685,1.1150660
1745,1.080819790950908,0.8613207765356476,-1.0358033897,1.1151349
1746,1.0816858163546923,0.8608207765356477,-1.0358010622,1.1151771
1747,1.082551841758477,0.8603207765356478,-1.0358007108,1.1152380
1748,1.0834178671622614,0.8598207765356478,-1.0357966185,1.1152803
1749,1.0842838925660458,0.8593207765356479,-1.0357953770,1.1153359
1750,1.0851585122731853,0.8588359669154015,-1.0358055892,1.1154275
1751,1.0860331319803247,0.8583511572951552,-1.0357945088,1.1154091
1752,1.086907751687464,0.8578663476749089,-1.0357963590,1.1154619
1753,1.0877823713946035,0.8573815380546626,-1.0357950026,1.1155052
1754,1.088656991101743,0.8568967284344162,-1.0357975338,1.1155548
1755,1.0895316108088824,0.8564119188141699,-1.0357907942,1.1155774
1756,1.0904062305160218,0.8559271091939236,-1.0357955872,1.1156492
1757,1.0912808502231612,0.8554422995736772,-1.0357925516,1.1156937
1758,1.0921554699303009,0.8549574899534309,-1.0357928869,1.1157553
1759,1.09303008963744,0.8544726803331846,-1.0357912982,1.1157996
1760,1.093913037230299,0.8540032087703987,-1.0357934986,1.1158387
1761,1.094795984823158,0.8535337372076128,-1.0357942058,1.1158840
1762,1.0956789324160168,0.853064265644827,-1.0357919420,1.1159181
1763,1.0965618800088757,0.8525947940820411,-1.0357861871,1.1159405
1764,1.0974448276017346,0.8521253225192552,-1.0357889004,1.1159965
1765,1.0983277751945937,0.8516558509564693,-1.0357863089,1.1160418
1766,1.0992107227874524,0.8511863793936835,-1.0357876783,1.1160902
1767,1.1000936703803113,0.8507169078308976,-1.0357853374,1.1161511
1768,1.10097661797317,0.8502474362681117,-1.0357826492,1.1161973
1769,1.1018676244973584,0.8497934457683721,-1.0357858002,1.1162145
1770,1.1027586310215467,0.8493394552686325,-1.0357841570,1.1162357
1771,1.103649637545735,0.8488854647688929,-1.0357864312,1.1162719
1772,1.1045406440699232,0.8484314742691533,-1.0357902399,1.1163443
1773,1.1054316505941115,0.8479774837694137,-1.0357883470,1.1163758
1774,1.1063226571182998,0.8475234932696741,-1.0357878788,1.1164166
1775,1.107213663642488,0.8470695027699345,-1.0357904342,1.1164627
1776,1.1081046701666764,0.8466155122701949,-1.0357890238,1.1165113
1777,1.1089956766908646,0.8461615217704553,-1.0357883889,1.1165565
1778,1.109886683215053,0.8457075312707157,-1.0357851497,1.1165953
1779,1.110785477261352,0.8452691601239266,-1.0357878384,1.1166273
1780,1.1116842713076514,0.8448307889771375,-1.0357898213,1.1166644
1781,1.1125830653539506,0.8443924178303484,-1.0357912619,1.1167050
1782,1.1134818594002498,0.8439540466835592,-1.0357936839,1.1167455
1783,1.114380653446549,0.8435156755367701,-1.0357946673,1.1167916
1784,1.1152794474928482,0.843077304389981,-1.0357951007,1.1168277
1785,1.1161782415391477,0.8426389332431918,-1.0357947750,1.1168684
1786,1.117077035585447,0.8422005620964027,-1.0357887118,1.1168852
1787,1.117975829631746,0.8417621909496136,-1.0357913721,1.1169447
1788,1.1188746236780451,0.8413238198028244,-1.0357930652,1.1170051
1789,1.1197809314650815,0.8409012015410837,-1.0357968781,1.1170370
1790,1.1206872392521183,0.840478583279343,-1.0358000045,1.1170791
1791,1.121593547039155,0.8400559650176023,-1.0358045993,1.1171294
1792,1.1224998548261915,0.8396333467558615,-1.0358013130,1.1171490
1793,1.123406162613228,0.8392107284941208,-1.0358025299,1.1171725
1794,1.1243124704002647,0.8387881102323801,-1.0358030119,1.1172194
1795,1.125218778187301,0.8383654919706394,-1.0358067690,1.1172701
1796,1.126125085974338,0.8379428737088986,-1.0358005636,1.1172775
1797,1.1270313937613743,0.8375202554471579,-1.0357984617,1.1173265
1798,1.127937701548411,0.8370976371854172,-1.0357980315,1.1173474
1799,1.1288512470060537,0.8366909005423414,-1.0358045554,1.1174037
1800,1.1297647924636962,0.8362841638992656,-1.0358060392,1.1174241
1801,1.1306783379213388,0.8358774272561899,-1.0358051495,1.1174425
1802,1.131591883378981,0.8354706906131141,-1.0358091449,1.1174754
1803,1.132505428836624,0.8350639539700383,-1.0358151960,1.1175295
1804,1.1334189742942664,0.8346572173269625,-1.0358059017,1.1175210
1805,1.134332519751909,0.8342504806838867,-1.0358138184,1.1175935
1806,1.1352460652095515,0.833843744040811,-1.0358140283,1.1176297
1807,1.136159610667194,0.8334370073977352,-1.0358123432,1.1176469
1808,1.1370801155206465,0.8330462762692459,-1.0358121622,1.1176615
1809,1.1380006203740989,0.8326555451407566,-1.0358220292,1.1177154
1810,1.1389211252275513,0.8322648140122673,-1.0358229697,1.1177194
1811,1.1398416300810037,0.831874082883778,-1.0358251121,1.1177528
1812,1.140762134934456,0.8314833517552886,-1.0358307739,1.1177947
1813,1.1416826397879083,0.8310926206267993,-1.0358386827,1.1178518
1814,1.142603144641361,0.83070188949831,-1.0358387408,1.1178696
1815,1.143523649494813,0.8303111583698207,-1.0358361986,1.1178893
1816,1.1444441543482655,0.8299204272413314,-1.0358280719,1.1178792
1817,1.145364659201718,0.8295296961128421,-1.0358382952,1.1179508
1818,1.146291843056285,0.8291550895194262,-1.0358379777,1.1179541
1819,1.1472190269108518,0.8287804829260103,-1.0358484330,1.1180009
1820,1.1481462107654186,0.8284058763325943,-1.0358533076,1.1180240
1821,1.1490733946199854,0.8280312697391784,-1.0358590337,1.1180566
1822,1.1500005784745522,0.8276566631457625,-1.0358608824,1.1180859
1823,1.150927762329119,0.8272820565523465,-1.0358640693,1.1181092
1824,1.1518549461836858,0.8269074499589306,-1.0358641648,1.1181295
1825,1.1527821300382526,0.8265328433655147,-1.0358680605,1.1181610
1826,1.1537093138928194,0.8261582367720988,-1.0358671317,1.1181720
1827,1.1546364977473862,0.8257836301786828,-1.0358660011,1.1181735
1828,1.1555700781738834,0.8254252622291376,-1.0358705470,1.1182001
1829,1.1565036586003803,0.8250668942795923,-1.0358753299,1.1182089
1830,1.1574372390268777,0.8247085263300471,-1.0358829582,1.1182424
1831,1.1583708194533748,0.8243501583805019,-1.0358869151,1.1182605
1832,1.159304399879872,0.8239917904309566,-1.0358878667,1.1182627
1833,1.1602379803063692,0.8236334224814114,-1.0358949484,1.1183056
1834,1.1611715607328663,0.8232750545318661,-1.0359005265,1.1183359
1835,1.1621051411593637,0.8229166865823209,-1.0359036971,1.1183602
1836,1.1630387215858606,0.8225583186327756,-1.0359059954,1.1183826
1837,1.1639723020123578,0.8221999506832304,-1.0359070202,1.1183988
1838,1.164905882438855,0.8218415827336851,-1.0359081500,1.1184135
1839,1.1658455750596408,0.8214995625903595,-1.0359113035,1.1184079
1840,1.166785267680427,0.8211575424470339,-1.0359222773,1.1184570
1841,1.1677249603012123,0.8208155223037082,-1.0359289114,1.1184859
1842,1.1686646529219984,0.8204735021603826,-1.0359362103,1.1185065
1843,1.1696043455427845,0.820131482017057,-1.0359402214,1.1185218
1844,1.17054403816357,0.8197894618737314,-1.0359449451,1.1185404
1845,1.171483730784356,0.8194474417304057,-1.0359494277,1.1185599
1846,1.1724234234051418,0.8191054215870801,-1.0359501678,1.1185642
1847,1.1733631160259277,0.8187634014437545,-1.0359548450,1.1185887
1848,1.1743028086467135,0.8184213813004289,-1.0359592463,1.1186152
1849,1.1752483272223129,0.8180958131459717,-1.0359684393,1.1186320
1850,1.1761938457979122,0.8177702449915145,-1.0359758850,1.1186482
1851,1.1771393643735115,0.8174446768370573,-1.0359829503,1.1186592
1852,1.1780848829491108,0.8171191086826002,-1.0359896955,1.1186727
1853,1.1790304015247102,0.816793540528143,-1.0359956848,1.1186847
1854,1.1799759201003095,0.8164679723736858,-1.0360023323,1.1186912
1855,1.1809214386759088,0.8161424042192287,-1.0360062820,1.1187050
1856,1.181866957251508,0.8158168360647715,-1.0360110962,1.1187123
1857,1.1828124758271077,0.8154912679103143,-1.0360161296,1.1187261
1858,1.1837579944027068,0.8151656997558572,-1.0360203523,1.1187408
1859,1.184709050919002,0.8148566827614823,-1.0360264498,1.1187397
1860,1.185660107435297,0.8145476657671074,-1.0360384519,1.1187629
1861,1.1866111639515922,0.8142386487727324,-1.0360400521,1.1187487
1862,1.1875622204678873,0.8139296317783575,-1.0360526431,1.1187697
1863,1.1885132769841824,0.8136206147839826,-1.0360599375,1.1187765
1864,1.1894643335004775,0.8133115977896077,-1.0360662909,1.1187835
1865,1.1904153900167729,0.8130025807952328,-1.0360775945,1.1187991
1866,1.1913664465330678,0.8126935638008579,-1.0360856642,1.1188193
1867,1.192317503049363,0.812384546806483,-1.0360901619,1.1188257
1868,1.193268559565658,0.8120755298121081,-1.0360951132,1.1188423
1869,1.1942196160819532,0.8117665128177332,-1.0360936372,1.1188069
1870,1.1951706725982485,0.8114574958233582,-1.0360947116,1.1188055
1871,1.1961269773542114,0.8111651241186355,-1.0361039704,1.1188077
1872,1.1970832821101745,0.8108727524139128,-1.0361188493,1.1188361
1873,1.1980395868661375,0.81058038070919,-1.0361274252,1.1188360
1874,1.1989958916221006,0.8102880090044673,-1.0361375583,1.1188467
1875,1.1999521963780635,0.8099956372997446,-1.0361395302,1.1188196
1876,1.2009085011340268,0.8097032655950218,-1.0361527580,1.1188457
1877,1.20186480588999,0.8094108938902991,-1.0361538358,1.1188209
1878,1.202821110645953,0.8091185221855763,-1.0361677188,1.1188563
1879,1.203777415401916,0.8088261504808536,-1.0361695922,1.1188386
1880,1.2047337201578792,0.8085337787761309,-1.0361789813,1.1188522
1881,1.2056900249138425,0.8082414070714081,-1.0361889236,1.1188678
1882,1.2066512866097805,0.8079657697155911,-1.0361957718,1.1188577
1883,1.2076125483057187,0.807690132359774,-1.0362051044,1.1188496
1884,1.208573810001657,0.807414495003957,-1.0362137166,1.1188389
1885,1.2095350716975952,0.80713885764814,-1.0362259642,1.1188462
1886,1.2104963333935337,0.8068632202923229,-1.0362351243,1.1188460
1887,1.2114575950894717,0.8065875829365059,-1.0362446440,1.1188479
1888,1.21241885678541,0.8063119455806889,-1.0362471581,1.1188163
1889,1.2133801184813482,0.8060363082248718,-1.0362573298,1.1188287
1890,1.2143413801772864,0.8057606708690548,-1.0362708858,1.1188509
1891,1.215302641873225,0.8054850335132377,-1.0362792408,1.1188540
1892,1.216263903569163,0.8052093961574207,-1.0362756712,1.1187920
1893,1.2172251652651012,0.8049337588016037,-1.0362844304,1.1188014
1894,1.2181910910913902,0.8046749397565012,-1.0362944788,1.1187883
1895,1.2191570169176793,0.8044161207113987,-1.0363062310,1.1187779
1896,1.2201229427439684,0.8041573016662962,-1.0363161015,1.1187672
1897,1.2210888685702574,0.8038984826211937,-1.0363236038,1.1187449
1898,1.2220547943965463,0.8036396635760912,-1.0363332209,1.1187314
1899,1.2230207202228356,0.8033808445309887,-1.0363456521,1.1187334
1900,1.2239866460491249,0.8031220254858862,-1.0363623277,1.1187628
1901,1.2249525718754135,0.8028632064407837,-1.0363713448,1.1187495
1902,1.2259184977017028,0.8026043873956812,-1.0363763961,1.1187240
1903,1.226884423527992,0.8023455683505787,-1.0363897709,1.1187375
1904,1.227850349354281,0.8020867493054762,-1.0363941108,1.1187169
1905,1.22881627518057,0.8018279302603737,-1.0363989621,1.1187007
1906,1.229786570906846,0.801586008364774,-1.0364127444,1.1186916
1907,1.230756866633122,0.8013440864691743,-1.0364271664,1.1186829
1908,1.2317271623593982,0.8011021645735746,-1.0364397992,1.1186659
1909,1.2326974580856742,0.800860242677975,-1.0364511703,1.1186501
1910,1.2336677538119505,0.8006183207823753,-1.0364626658,1.1186354
1911,1.2346380495382263,0.8003763988867756,-1.0364741926,1.1186231
1912,1.2356083452645024,0.8001344769911759,-1.0364855660,1.1186076
1913,1.2365786409907784,0.7998925550955762,-1.0364987616,1.1186061
1914,1.2375489367170545,0.7996506331999765,-1.0365082006,1.1185895
1915,1.2385192324433305,0.7994087113043769,-1.0365174082,1.1185715
1916,1.2394895281696066,0.7991667894087772,-1.0365265020,1.1185501
1917,1.2404598238958826,0.7989248675131775,-1.0365342663,1.1185474
1918,1.2414301196221589,0.7986829456175778,-1.0365332668,1.1184918
1919,1.242404489686944,0.798457994563234,-1.0365568602,1.1185239
1920,1.2433788597517292,0.7982330435088901,-1.0365691428,1.1184759
1921,1.2443532298165143,0.7980080924545463,-1.0365821454,1.1184544
1922,1.2453275998812998,0.7977831414002025,-1.0365943733,1.1184317
1923,1.246301969946085,0.7975581903458586,-1.0366083338,1.1184166
1924,1.2472763400108704,0.7973332392915148,-1.0366203212,1.1183949
1925,1.2482507100756557,0.797108288237171,-1.0366321255,1.1183740
1926,1.249225080140441,0.7968833371828271,-1.0366425040,1.1183488
1927,1.2501994502052265,0.7966583861284833,-1.0366542356,1.1183291
1928,1.2511738202700116,0.7964334350741394,-1.0366657060,1.1183105
1929,1.2521481903347969,0.7962084840197956,-1.0366765872,1.1182910
1930,1.253122560399582,0.7959835329654518,-1.0366873723,1.1182731
1931,1.2540969304643674,0.7957585819111079,-1.0366974323,1.1182546
1932,1.2550713005291527,0.7955336308567641,-1.0367072649,1.1182343
1933,1.2560494481298865,0.7953257191659463,-1.0367224852,1.1182005
1934,1.2570275957306205,0.7951178074751285,-1.0367368386,1.1181734
1935,1.258005743331354,0.7949098957843107,-1.0367504130,1.1181555
1936,1.2589838909320878,0.7947019840934929,-1.0367654134,1.1181436
1937,1.2599620385328216,0.7944940724026751,-1.0367792290,1.1181201
1938,1.2609401861335554,0.7942861607118573,-1.0367926144,1.1180876
1939,1.2619183337342892,0.7940782490210395,-1.0368064829,1.1180581
1940,1.262896481335023,0.7938703373302217,-1.0368192256,1.1180299
1941,1.2638746289357567,0.7936624256394039,-1.0368313331,1.1179980
1942,1.2648527765364903,0.7934545139485861,-1.0368402189,1.1179616
1943,1.2658309241372243,0.7932466022577683,-1.0368517090,1.1179379
1944,1.266809071737958,0.7930386905669505,-1.0368629819,1.1179116
1945,1.267787219338692,0.7928307788761327,-1.0368739202,1.1178838
1946,1.2687653669394257,0.7926228671853149,-1.0368845369,1.1178568
1947,1.2697435145401594,0.7924149554944971,-1.0368951713,1.1178326
1948,1.2707251417236072,0.7922241464991207,-1.0369132888,1.1178109
1949,1.271706768907055,0.7920333375037442,-1.0369282972,1.1177770
1950,1.2726883960905029,0.7918425285083677,-1.0369430324,1.1177427
1951,1.2736700232739504,0.7916517195129912,-1.0369575449,1.1177085
1952,1.274651650457398,0.7914609105176147,-1.0369718039,1.1176749
1953,1.275633277640846,0.7912701015222382,-1.0369847406,1.1176373
1954,1.2766149048242936,0.7910792925268617,-1.0369982355,1.1176020
1955,1.2775965320077414,0.7908884835314852,-1.0370114740,1.1175675
1956,1.2785781591911891,0.7906976745361087,-1.0370243794,1.1175327
1957,1.2795597863746369,0.7905068655407322,-1.0370370529,1.1174989
1958,1.2805414135580846,0.7903160565453557,-1.0370495411,1.1174662
1959,1.2815230407415323,0.7901252475499793,-1.0370621269,1.1174371
1960,1.28250466792498,0.7899344385546028,-1.0370748753,1.1174176
1961,1.2834862951084278,0.7897436295592263,-1.0370866249,1.1173850
1962,1.2844679222918756,0.7895528205638498,-1.0370982093,1.1173542
1963,1.2854527300448877,0.7893791723861828,-1.0371146971,1.1173138
1964,1.2864375377978998,0.7892055242085159,-1.0371309416,1.1172742
1965,1.287422345550912,0.7890318760308489,-1.0371469513,1.1172347
1966,1.288407153303924,0.7888582278531819,-1.0371627202,1.1171953
1967,1.2893919610569362,0.788684579675515,-1.0371782477,1.1171559
1968,1.2903767688099483,0.788510931497848,-1.0371935192,1.1171166
1969,1.2913615765629605,0.788337283320181,-1.0372084983,1.1170777
1970,1.2923463843159726,0.7881636351425141,-1.0372232681,1.1170385
1971,1.2933311920689847,0.7879899869648471,-1.0372377839,1.1169996
1972,1.2943159998219969,0.7878163387871802,-1.0372520459,1.1169608
1973,1.295300807575009,0.7876426906095132,-1.0372660528,1.1169222
1974,1.2962856153280211,0.7874690424318462,-1.0372798059,1.1168838
1975,1.2972704230810332,0.7872953942541793,-1.0372936120,1.1168458
1976,1.2982552308340454,0.7871217460765123,-1.0373068773,1.1168078
1977,1.2992400385870575,0.7869480978988453,-1.0373198900,1.1167700
1978,1.3002248463400696,0.7867744497211784,-1.0373326573,1.1167324
1979,1.3012096540930818,0.7866008015435114,-1.0373451736,1.1166949
1980,1.302194461846094,0.7864271533658445,-1.0373574436,1.1166577
1981,1.303182150186689,0.7862707189008042,-1.0373746387,1.1166115
1982,1.304169838527284,0.786114284435764,-1.0373915860,1.1165655
1983,1.305157526867879,0.7859578499707238,-1.0374082899,1.1165196
1984,1.306145215208474,0.7858014155056836,-1.0374247488,1.1164740
1985,1.307132903549069,0.7856449810406434,-1.0374409558,1.1164285
1986,1.308120591889664,0.7854885465756032,-1.0374567362,1.1163826
1987,1.3091082802302592,0.785332112110563,-1.0374724810,1.1163376
1988,1.3100959685708542,0.7851756776455228,-1.0374879892,1.1162927
1989,1.3110836569114492,0.7850192431804826,-1.0375032549,1.1162481
1990,1.3120713452520445,0.7848628087154423,-1.0375183381,1.1162039
1991,1.313059033592639,0.7847063742504021,-1.0375335515,1.1161619
1992,1.3140467219332344,0.7845499397853619,-1.0375485428,1.1161204
1993,1.3150344102738294,0.7843935053203217,-1.0375630241,1.1160782
1994,1.3160220986144244,0.7842370708552815,-1.0375763233,1.1160246
1995,1.3170097869550197,0.7840806363902413,-1.0375902810,1.1159809
1996,1.3179974752956145,0.7839242019252011,-1.0376040598,1.1159378
1997,1.3189851636362095,0.7837677674601609,-1.0376176256,1.1158950
1998,1.3199728519768046,0.7836113329951206,-1.0376309117,1.1158522
1999,1.3209605403173996,0.7834548985300804,-1.0376440222,1.1158099
2000,1.3219482286579949,0.7832984640650402,-1.0376569026,1.1157679
2001,1.322938496726736,0.7831592909640802,-1.0376746945,1.1157166
2002,1.3239287647954776,0.7830201178631202,-1.0376938063,1.1156768
2003,1.324919032864219,0.7828809447621602,-1.0377112019,1.1156262
2004,1.3259093009329606,0.7827417716612002,-1.0377283559,1.1155758
2005,1.326899569001702,0.7826025985602402,-1.0377452339,1.1155256
2006,1.3278898370704435,0.7824634254592802,-1.0377621115,1.1154752
2007,1.328880105139185,0.7823242523583201,-1.0377785758,1.1154251
2008,1.3298703732079264,0.7821850792573601,-1.0377948178,1.1153753
2009,1.330860641276668,0.7820459061564001,-1.0378108459,1.1153255
2010,1.3318509093454094,0.7819067330554401,-1.0378266659,1.1152756
2011,1.3328411774141509,0.7817675599544801,-1.0378422887,1.1152258
2012,1.3338314454828923,0.7816283868535201,-1.0378577024,1.1151761
2013,1.3348217135516338,0.7814892137525601,-1.0378704491,1.1151168
2014,1.3358119816203753,0.7813500406516001,-1.0378853799,1.1150677
2015,1.3368022496891168,0.7812108675506401,-1.0379001454,1.1150186
2016,1.3377925177578582,0.78107169444968,-1.0379146847,1.1149709
2017,1.3387827858265997,0.78093252134872,-1.0379290785,1.1149223
2018,1.3397730538953412,0.78079334824776,-1.0379452967,1.1148804
2019,1.3407633219640829,0.7806541751468,-1.0379591022,1.1148311
2020,1.341753590032824,0.78051500204584,-1.0379725521,1.1147810
2021,1.3427438581015656,0.78037582894488,-1.0379846653,1.1147303
2022,1.343736404253207,0.7802539596014748,-1.0380044064,1.1146765
2023,1.3447289504048483,0.7801320902580696,-1.0380220363,1.1146203
2024,1.3457214965564896,0.7800102209146644,-1.0380405497,1.1145629
2025,1.346714042708131,0.7798883515712592,-1.0380573263,1.1145073
2026,1.3477065888597723,0.779766482227854,-1.0380746700,1.1144512
2027,1.3486991350114137,0.7796446128844489,-1.0380919653,1.1143950
2028,1.349691681163055,0.7795227435410437,-1.0381091148,1.1143383
2029,1.3506842273146964,0.7794008741976385,-1.0381259271,1.1142804
2030,1.3516767734663375,0.7792790048542333,-1.0381428115,1.1142226
2031,1.352669319617979,0.7791571355108281,-1.0381598772,1.1141656
2032,1.3536618657696204,0.7790352661674229,-1.0381764066,1.1141093
2033,1.3546544119212618,0.7789133968240177,-1.0381926193,1.1140531
2034,1.3556469580729031,0.7787915274806125,-1.0382093201,1.1140066
2035,1.3566395042245445,0.7786696581372073,-1.0382249861,1.1139535
2036,1.3576320503761858,0.7785477887938022,-1.0382406646,1.1139000
2037,1.3586245965278272,0.778425919450397,-1.0382561494,1.1138441
2038,1.3596171426794683,0.7783040501069918,-1.0382713578,1.1137899
2039,1.36060968883111,0.7781821807635866,-1.0382862369,1.1137348
2040,1.3616022349827512,0.7780603114201814,-1.0383008539,1.1136788
2041,1.3625947811343926,0.7779384420767762,-1.0383154173,1.1136146
2042,1.363587327286034,0.777816572733371,-1.0383300302,1.1135591
2043,1.3645798734376753,0.7776947033899658,-1.0383439052,1.1135194
2044,1.3655724195893166,0.7775728340465606,-1.0383592286,1.1134695
2045,1.366564965740958,0.7774509647031554,-1.0383738886,1.1134167
2046,1.367557511892599,0.7773290953597503,-1.0383860078,1.1133525
2047,1.368550058044241,0.7772072260163451,-1.0383995375,1.1132992
2048,1.3695445799396089,0.7771026975530774,-1.0384182689,1.1132371
2049,1.370539101834977,0.7769981690898097,-1.0384361436,1.1131766
2050,1.3715336237303453,0.776893640626542,-1.0384544294,1.1131138
2051,1.3725281456257137,0.7767891121632743,-1.0384671407,1.1130291
2052,1.3735226675210817,0.7766845837000066,-1.0384926755,1.1130181
2053,1.3745171894164498,0.7765800552367389,-1.0385087275,1.1129357
2054,1.375511711311818,0.7764755267734712,-1.0385250973,1.1128653
2055,1.3765062332071862,0.7763709983102035,-1.0385421885,1.1128054
2056,1.3775007551025544,0.7762664698469358,-1.0385592055,1.1127434
2057,1.3784952769979226,0.7761619413836681,-1.0385765794,1.1126819
2058,1.3794897988932908,0.7760574129204004,-1.0385965132,1.1126311
2059,1.380484320788659,0.7759528844571327,-1.0386053746,1.1125518
2060,1.3814788426840272,0.775848355993865,-1.0386237908,1.1124857
2061,1.3824733645793954,0.7757438275305973,-1.0386460396,1.1124897
2062,1.3834678864747636,0.7756392990673296,-1.0386580430,1.1123875
2063,1.3844624083701318,0.775534770604062,-1.0386722817,1.1123258
2064,1.3854569302655,0.7754302421407943,-1.0386895454,1.1122709
2065,1.3864514521608682,0.7753257136775266,-1.0387014372,1.1122027
2066,1.3874459740562364,0.7752211852142589,-1.0387218244,1.1121586
2067,1.3884404959516046,0.7751166567509912,-1.0387323579,1.1120893
2068,1.3894350178469728,0.7750121282877235,-1.0387474029,1.1120113
2069,1.390429539742341,0.7749075998244558,-1.0387593102,1.1119535
2070,1.3914240616377092,0.7748030713611881,-1.0387828139,1.1119376
2071,1.3924185835330771,0.7746985428979204,-1.0387911979,1.1118391
2072,1.3934131054284455,0.7745940144346527,-1.0388067110,1.1117769
2073,1.3944076273238135,0.774489485971385,-1.0388284294,1.1117534
2074,1.395402149219182,0.7743849575081173,-1.0388421133,1.1116877
2075,1.39639667111455,0.7742804290448496,-1.0388566105,1.1116362
2076,1.3973911930099183,0.7741759005815819,-1.0388608784,1.1115194
2077,1.39838738770801,0.7740887448388343,-1.0388884387,1.1115064
2078,1.3993835824061016,0.7740015890960866,-1.0389080089,1.1114410
2079,1.4003797771041933,0.773914433353339,-1.0389262254,1.1113804
2080,1.401375971802285,0.7738272776105913,-1.0389409385,1.1113024
2081,1.4023721665003763,0.7737401218678437,-1.0389638966,1.1112479
2082,1.4033683611984682,0.773652966125096,-1.0389793285,1.1111718
2083,1.4043645558965598,0.7735658103823484,-1.0390002041,1.1111249
2084,1.4053607505946517,0.7734786546396007,-1.0390192018,1.1110500
2085,1.4063569452927431,0.7733914988968531,-1.0390356634,1.1109797
2086,1.4073531399908348,0.7733043431541055,-1.0390530989,1.1109155
2087,1.4083493346889264,0.7732171874113578,-1.0390678780,1.1108561
2088,1.409345529387018,0.7731300316686102,-1.0390837842,1.1107845
2089,1.4103417240851095,0.7730428759258625,-1.0391014867,1.1107228
2090,1.4113379187832014,0.7729557201831149,-1.0391140869,1.1106457
2091,1.412334113481293,0.7728685644403672,-1.0391313267,1.1105846
2092,1.4133303081793849,0.7727814086976196,-1.0391475282,1.1105251
2093,1.4143265028774763,0.7726942529548719,-1.0391628487,1.1104526
2094,1.415322697575568,0.7726070972121243,-1.0391832291,1.1104339
2095,1.4163188922736596,0.7725199414693766,-1.0391996021,1.1103439
2096,1.4173150869717512,0.772432785726629,-1.0392094864,1.1102484
2097,1.4183112816698429,0.7723456299838813,-1.0392254159,1.1101892
2098,1.4193074763679343,0.7722584742411337,-1.0392406322,1.1101361
2099,1.4203036710660262,0.772171318498386,-1.0392546644,1.1100645
2100,1.4212998657641178,0.7720841627556384,-1.0392719590,1.1100068
2101,1.4222960604622097,0.7719970070128908,-1.0392857376,1.1099441
2102,1.4232922551603011,0.7719098512701431,-1.0393033364,1.1098913
2103,1.4242884498583928,0.7718226955273955,-1.0393186109,1.1098263
2104,1.4252846445564844,0.7717355397846478,-1.0393317175,1.1097607
2105,1.426280839254576,0.7716483840419002,-1.0393453779,1.1096946
2106,1.4272770339526677,0.7715612282991525,-1.0393605466,1.1096332
2107,1.4282732286507591,0.7714740725564049,-1.0393782584,1.1095837
2108,1.429269423348851,0.7713869168136572,-1.0393903086,1.1095326
2109,1.4302656180469426,0.7712997610709096,-1.0393961314,1.1094235
2110,1.4312618127450345,0.7712126053281619,-1.0394141082,1.1093789
2111,1.432258007443126,0.7711254495854143,-1.0394292066,1.1093201
2112,1.4332542021412176,0.7710382938426666,-1.0394422022,1.1092552
2113,1.4342503968393092,0.770951138099919,-1.0394560322,1.1092101
2114,1.435247960889569,0.7708813816261749,-1.0394727164,1.1091283
2115,1.4362455249398287,0.7708116251524308,-1.0394944523,1.1090727
2116,1.4372430889900885,0.7707418686786868,-1.0395103822,1.1090039
2117,1.4382406530403482,0.7706721122049427,-1.0395320719,1.1089294
2118,1.439238217090608,0.7706023557311986,-1.0395522871,1.1088733
2119,1.4402357811408677,0.7705325992574545,-1.0395634845,1.1087867
2120,1.4412333451911274,0.7704628427837105,-1.0395807791,1.1087256
2121,1.4422309092413872,0.7703930863099664,-1.0395977505,1.1086513
2122,1.443228473291647,0.7703233298362223,-1.0396172828,1.1085937
2123,1.444226037341907,0.7702535733624782,-1.0396356589,1.1085219
2124,1.4452236013921664,0.7701838168887342,-1.0396505152,1.1084400
2125,1.4462211654424262,0.7701140604149901,-1.0396674817,1.1083777
2126,1.447218729492686,0.770044303941246,-1.0396822420,1.1083039
2127,1.4482162935429457,0.7699745474675019,-1.0397004776,1.1082460
2128,1.4492138575932054,0.7699047909937579,-1.0397153116,1.1081715
2129,1.4502114216434652,0.7698350345200138,-1.0397315428,1.1081012
2130,1.451208985693725,0.7697652780462697,-1.0397488715,1.1080376
2131,1.4522065497439849,0.7696955215725256,-1.0397651501,1.1079651
2132,1.4532041137942444,0.7696257650987816,-1.0397808559,1.1078976
2133,1.4542016778445042,0.7695560086250375,-1.0397964911,1.1078304
2134,1.455199241894764,0.7694862521512934,-1.0398120167,1.1077634
2135,1.4561968059450237,0.7694164956775493,-1.0398274243,1.1076967
2136,1.4571943699952834,0.7693467392038053,-1.0398427198,1.1076301
2137,1.4581919340455431,0.7692769827300612,-1.0398578964,1.1075637
2138,1.459189498095803,0.7692072262563171,-1.0398729800,1.1074977
2139,1.4601870621460626,0.769137469782573,-1.0398879319,1.1074318
2140,1.4611846261963224,0.769067713308829,-1.0399027986,1.1073663
2141,1.462182190246582,0.7689979568350849,-1.0399175990,1.1073013
2142,1.463179754296842,0.7689282003613408,-1.0399323660,1.1072368
2143,1.4641773183471016,0.7688584438875967,-1.0399462280,1.1071693
2144,1.4651748823973614,0.7687886874138526,-1.0399610247,1.1071021
2145,1.4661724464476211,0.7687189309401086,-1.0399759477,1.1070389
2146,1.4671700104978809,0.7686491744663645,-1.0399918816,1.1069806
2147,1.4681675745481406,0.7685794179926204,-1.0399975320,1.1068832
2148,1.4691651385984004,0.7685096615188763,-1.0400164294,1.1068500
2149,1.47016270264866,0.7684399050451323,-1.0400328527,1.1067845
2150,1.47116026669892,0.7683701485713882,-1.0400461271,1.1067183
2151,1.4721578307491796,0.7683003920976441,-1.0400591223,1.1066495
2152,1.4731553947994394,0.7682306356239,-1.0400734814,1.1065915
2153,1.474152958849699,0.768160879150156,-1.0400863636,1.1065256
2154,1.4751505228999588,0.7680911226764119,-1.0400986212,1.1064576
2155,1.4761480869502186,0.7680213662026678,-1.0401117134,1.1064029
2156,1.4771456510004783,0.7679516097289237,-1.0401262812,1.1063477
2157,1.478143215050738,0.7678818532551797,-1.0401370678,1.1062801
2158,1.4791407791009978,0.7678120967814356,-1.0401466944,1.1062115
2159,1.4801383431512576,0.7677423403076915,-1.0401635603,1.1061619
2160,1.481135907201517,0.7676725838339474,-1.0401745014,1.1060989
2161,1.482134536736272,0.7676202478777044,-1.0401903390,1.1060184
2162,1.4831331662710263,0.7675679119214615,-1.0402080398,1.1059374
2163,1.4841317958057811,0.7675155759652185,-1.0402228483,1.1058682
2164,1.4851304253405355,0.7674632400089755,-1.0402444285,1.1058127
2165,1.4861290548752903,0.7674109040527325,-1.0402605565,1.1057430
2166,1.487127684410045,0.7673585680964895,-1.0402767956,1.1056599
2167,1.4881263139447996,0.7673062321402465,-1.0402915488,1.1055810
2168,1.4891249434795542,0.7672538961840035,-1.0403079292,1.1055059
2169,1.4901235730143088,0.7672015602277605,-1.0403239253,1.1054349
2170,1.4911222025490634,0.7671492242715175,-1.0403401906,1.1053661
2171,1.492120832083818,0.7670968883152746,-1.0403572212,1.1053063
2172,1.4931194616185726,0.7670445523590316,-1.0403735248,1.1052379
2173,1.4941180911533272,0.7669922164027886,-1.0403898127,1.1051672
2174,1.4951167206880818,0.7669398804465456,-1.0404043779,1.1050890
2175,1.4961153502228364,0.7668875444903026,-1.0404202132,1.1050234
2176,1.497113979757591,0.7668352085340596,-1.0404270514,1.1049065
2177,1.4981126092923456,0.7667828725778166,-1.0404513201,1.1048795
2178,1.4991112388271002,0.7667305366215736,-1.0404659893,1.1048083
2179,1.5001098683618548,0.7666782006653307,-1.0404828419,1.1047462
2180,1.5011084978966094,0.7666258647090877,-1.0404894628,1.1046348
2181,1.502107127431364,0.7665735287528447,-1.0405121832,1.1046040
2182,1.5031057569661186,0.7665211927966017,-1.0405327156,1.1045528
2183,1.5041043865008732,0.7664688568403587,-1.0405440261,1.1044750
2184,1.5051030160356278,0.7664165208841157,-1.0405582589,1.1044025
2185,1.5061016455703824,0.7663641849278727,-1.0405714126,1.1043300
2186,1.507100275105137,0.7663118489716297,-1.0405852800,1.1042609
2187,1.5080989046398916,0.7662595130153868,-1.0406010146,1.1041985
2188,1.5090975341746462,0.7662071770591438,-1.0406149383,1.1041230
2189,1.5100961637094008,0.7661548411029008,-1.0406281501,1.1040537
2190,1.5110947932441554,0.7661025051466578,-1.0406421563,1.1039880
2191,1.51209342277891,0.7660501691904148,-1.0406640545,1.1039311
2192,1.5130920523136646,0.7659978332341718,-1.0406791016,1.1038677
2193,1.5140906818484192,0.7659454972779288,-1.0406917025,1.1037994
2194,1.5150893113831738,0.7658931613216858,-1.0407008892,1.1037250
2195,1.5160879409179284,0.7658408253654428,-1.0407191762,1.1036634
2196,1.517086570452683,0.7657884894091999,-1.0407309959,1.1035934
2197,1.5180851999874376,0.7657361534529569,-1.0407415111,1.1035223
2198,1.5190838295221922,0.7656838174967139,-1.0407602628,1.1034690
2199,1.5200824590569468,0.7656314815404709,-1.0407622267,1.1033677
2200,1.5210810885917014,0.7655791455842279,-1.0407821950,1.1033206
2201,1.522079718126456,0.7655268096279849,-1.0407956315,1.1032577
2202,1.5230783476612106,0.7654744736717419,-1.0408077442,1.1031891
2203,1.5240769771959652,0.7654221377154989,-1.0408203494,1.1031277
2204,1.5250756067307198,0.765369801759256,-1.0408338325,1.1030584
2205,1.5260742362654744,0.765317465803013,-1.0408467356,1.1030021
2206,1.527072865800229,0.76526512984677,-1.0408625444,1.1029457
2207,1.5280714953349837,0.765212793890527,-1.0408709658,1.1028609
2208,1.5290701248697385,0.765160457934284,-1.0408828352,1.1028005
2209,1.5300687544044929,0.765108121978041,-1.0408968395,1.1027410
2210,1.5310673839392477,0.765055786021798,-1.0409093680,1.1026786
2211,1.532066013474002,0.765003450065555,-1.0409138869,1.1025495
2212,1.5330646430087569,0.764951114109312,-1.0409239178,1.1025278
2213,1.5340632725435113,0.7648987781530691,-1.0409439338,1.1024845
2214,1.535061902078266,0.7648464421968261,-1.0409499511,1.1024047
2215,1.5360605316130205,0.7647941062405831,-1.0409633209,1.1023448
2216,1.537059161147775,0.7647417702843401,-1.0409724114,1.1022780
2217,1.5380577906825297,0.7646894343280971,-1.0409864575,1.1022217
2218,1.5390564202172845,0.7646370983718541,-1.0409973070,1.1021536
2219,1.5400550497520389,0.7645847624156111,-1.0410065367,1.1020850
2220,1.5410536792867937,0.7645324264593681,-1.0410211657,1.1020265
2221,1.542052308821548,0.7644800905031252,-1.0410330726,1.1019791
2222,1.5430509383563027,0.7644277545468822,-1.0410401505,1.1019034
2223,1.5440495678910573,0.7643754185906392,-1.0410498509,1.1018339
2224,1.545048197425812,0.7643230826343962,-1.0410643505,1.1017810
2225,1.546047588252831,0.7642881831376936,-1.0410761261,1.1016984
2226,1.5470469790798502,0.7642532836409911,-1.0410932590,1.1016312
2227,1.5480463699068694,0.7642183841442886,-1.0411044263,1.1015425
2228,1.549044999441624,0.7641660481880456,-1.0411172807,1.1014948
2229,1.5500443902686432,0.764131148691343,-1.0411253914,1.1013685
2230,1.5510437810956623,0.7640962491946405,-1.0411513734,1.1013729
2231,1.5520431719226817,0.7640613496979379,-1.0411652501,1.1012805
2232,1.5530425627497009,0.7640264502012354,-1.0411765200,1.1012098
2233,1.5540411922844553,0.7639741142449924,-1.0411869164,1.1011484
2234,1.5550405831114744,0.7639392147482899,-1.0412005561,1.1010752
2235,1.5560399739384936,0.7639043152515873,-1.0412169376,1.1010057
2236,1.5570393647655127,0.7638694157548848,-1.0412331559,1.1009389
2237,1.558038755592532,0.7638345162581822,-1.0412435559,1.1008705
2238,1.559038146419551,0.7637996167614797,-1.0412619506,1.1008043
2239,1.5600367759543057,0.7637472808052367,-1.0412734281,1.1007420
2240,1.5610361667813248,0.7637123813085341,-1.0412743418,1.1006217
2241,1.562035557608344,0.7636774818118316,-1.0412959308,1.1006008
2242,1.5630349484353632,0.763642582315129,-1.0413109871,1.1005248
2243,1.5640343392623823,0.7636076828184265,-1.0413234928,1.1004521
2244,1.5650337300894015,0.763572783321724,-1.0413379829,1.1003909
2245,1.5660331209164209,0.7635378838250214,-1.0413548357,1.1003264
2246,1.5670325117434398,0.7635029843283189,-1.0413696540,1.1002455
2247,1.568031902570459,0.7634680848316163,-1.0413793848,1.1001834
2248,1.5690312933974782,0.7634331853349138,-1.0413926238,1.1001113
2249,1.570030684224497,0.7633982858382112,-1.0414102256,1.1000487
2250,1.5710300750515165,0.7633633863415087,-1.0414204643,1.0999789
2251,1.5720294658785356,0.7633284868448061,-1.0414289387,1.0998976
2252,1.5730288567055548,0.7632935873481036,-1.0414501674,1.0998557
2253,1.574028247532574,0.763258687851401,-1.0414609680,1.0997653
2254,1.5750276383595931,0.7632237883546985,-1.0414718017,1.0996971
2255,1.5760270291866123,0.763188888857996,-1.0414835129,1.0996312
2256,1.5770264200136317,0.7631539893612934,-1.0415016382,1.0995726
2257,1.5780258108406506,0.7631190898645909,-1.0415089299,1.0994944
2258,1.5790252016676698,0.7630841903678883,-1.0415212606,1.0994228
2259,1.580024592494689,0.7630492908711858,-1.0415388159,1.0993583
2260,1.581023983321708,0.7630143913744832,-1.0415478867,1.0993075
2261,1.5820233741487273,0.7629794918777807,-1.0415604291,1.0992325
2262,1.5830227649757465,0.7629445923810781,-1.0415718582,1.0991397
2263,1.5840221558027656,0.7629096928843756,-1.0415877622,1.0990820
2264,1.5850215466297848,0.7628747933876731,-1.0415963482,1.0990049
2265,1.586020937456804,0.7628398938909705,-1.0416079820,1.0989318
2266,1.5870203282838231,0.762804994394268,-1.0416137374,1.0988813
2267,1.5880197191108425,0.7627700948975654,-1.0416214475,1.0988011
2268,1.5890191099378614,0.7627351954008629,-1.0416353446,1.0987418
2269,1.5900185007648806,0.7627002959041603,-1.0416559298,1.0987103
2270,1.5910178915918998,0.7626653964074578,-1.0416695158,1.0986465
2271,1.592017282418919,0.7626304969107552,-1.0416792302,1.0985804
2272,1.593016673245938,0.7625955974140527,-1.0416884579,1.0985037
2273,1.5940160640729573,0.7625606979173501,-1.0416975025,1.0984222
2274,1.5950154548999764,0.7625257984206476,-1.0417140349,1.0983733
2275,1.5960148457269956,0.7624908989239451,-1.0417297437,1.0983281
2276,1.5970142365540148,0.7624559994272425,-1.0417341319,1.0982406
2277,1.598013627381034,0.76242109993054,-1.0417400210,1.0981369
2278,1.599013018208053,0.7623862004338374,-1.0417619194,1.0981269
2279,1.6000124090350722,0.7623513009371349,-1.0417691307,1.0980661
2280,1.6010117998620914,0.7623164014404323,-1.0417823536,1.0980073
2281,1.6020111906891106,0.7622815019437298,-1.0417899109,1.0979314
2282,1.6030105815161295,0.7622466024470272,-1.0418011181,1.0978690
2283,1.604009972343149,0.7622117029503247,-1.0418096910,1.0977988
2284,1.605009363170168,0.7621768034536222,-1.0418194786,1.0977336
2285,1.6060087539971872,0.7621419039569196,-1.0418313106,1.0976718
2286,1.6070081448242064,0.7621070044602171,-1.0418415582,1.0976082
2287,1.6080075356512256,0.7620721049635145,-1.0418519065,1.0975452
2288,1.6090069264782447,0.762037205466812,-1.0418606140,1.0974796
2289,1.610006317305264,0.7620023059701094,-1.0418716872,1.0974151
2290,1.611005708132283,0.7619674064734069,-1.0418815331,1.0973534
2291,1.6120050989593022,0.7619325069767043,-1.0418926513,1.0972852
2292,1.6130044897863214,0.7618976074800018,-1.0419003338,1.0972212
2293,1.6140038806133403,0.7618627079832992,-1.0419132481,1.0971788
2294,1.6150032714403595,0.7618278084865967,-1.0419192963,1.0971026
2295,1.6160026622673789,0.7617929089898942,-1.0419266198,1.0970299
2296,1.617002053094398,0.7617580094931916,-1.0419408047,1.0969820
2297,1.6180014439214172,0.7617231099964891,-1.0419509550,1.0969198
2298,1.6190008347484364,0.7616882104997865,-1.0419598323,1.0968608
2299,1.6200002255754555,0.761653311003084,-1.0419669664,1.0967880
2300,1.6209996164024747,0.7616184115063814,-1.0419750781,1.0967223
2301,1.621999007229494,0.7615835120096789,-1.0419804700,1.0966410
2302,1.622998398056513,0.7615486125129763,-1.0419930075,1.0965970
2303,1.6239977888835322,0.7615137130162738,-1.0420053721,1.0965475
2304,1.6249971797105514,0.7614788135195713,-1.0420183542,1.0965035
2305,1.6259965705375703,0.7614439140228687,-1.0420189197,1.0964065
2306,1.6269959613645897,0.7614090145261662,-1.0420296953,1.0963544
2307,1.6279953521916088,0.7613741150294636,-1.0420391253,1.0963028
2308,1.628994743018628,0.7613392155327611,-1.0420470569,1.0962404
2309,1.6299941338456472,0.7613043160360585,-1.0420571169,1.0961826
2310,1.6309935246726663,0.761269416539356,-1.0420636848,1.0961098
2311,1.6319929154996855,0.7612345170426534,-1.0420819251,1.0960818
2312,1.632992306326705,0.7611996175459509,-1.0420797520,1.0959909
2313,1.6339916971537238,0.7611647180492483,-1.0420971833,1.0959572
2314,1.634991087980743,0.7611298185525458,-1.0421016749,1.0958894
2315,1.6359904788077622,0.7610949190558433,-1.0421078686,1.0958201
2316,1.636989869634781,0.7610600195591407,-1.0421115706,1.0957442
2317,1.6379892604618005,0.7610251200624382,-1.0421181888,1.0956774
2318,1.6389886512888197,0.7609902205657356,-1.0421343805,1.0956525
2319,1.639988498983976,0.7609727681592984,-1.0421447222,1.0955704
2320,1.6409878898109953,0.7609378686625958,-1.0421509161,1.0955075
2321,1.6419877375061518,0.7609204162561586,-1.0421635150,1.0954395
2322,1.6429875852013085,0.7609029638497213,-1.0421764295,1.0953721
2323,1.6439869760283274,0.7608680643530188,-1.0421814126,1.0952941
2324,1.644986823723484,0.7608506119465815,-1.0421968679,1.0952412
2325,1.645986214550503,0.760815712449879,-1.0422056346,1.0951856
2326,1.6469860622456596,0.7607982600434418,-1.0422170444,1.0951172
2327,1.647985909940816,0.7607808076370045,-1.0422360377,1.0950748
2328,1.6489853007678352,0.760745908140302,-1.0422370767,1.0949961
2329,1.6499851484629915,0.7607284557338647,-1.0422493677,1.0949251
2330,1.6509845392900109,0.7606935562371622,-1.0422525443,1.0948566
2331,1.6519843869851674,0.7606761038307249,-1.0422678977,1.0947981
2332,1.6529842346803238,0.7606586514242877,-1.0422811723,1.0947350
2333,1.653983625507343,0.7606237519275851,-1.0422850719,1.0946664
2334,1.6549834732024995,0.7606062995211479,-1.0422970078,1.0946029
2335,1.655983320897656,0.7605888471147106,-1.0423101120,1.0945404
2336,1.6569827117246752,0.7605539476180081,-1.0423188354,1.0944915
2337,1.6579825594198316,0.7605364952115709,-1.0423310814,1.0944276
2338,1.658982407114988,0.7605190428051336,-1.0423441537,1.0943727
2339,1.6599817979420073,0.7604841433084311,-1.0423486847,1.0943034
2340,1.6609816456371638,0.7604666909019938,-1.0423596491,1.0942345
2341,1.6619814933323205,0.7604492384955566,-1.0423724251,1.0941715
2342,1.6629808841593394,0.760414338998854,-1.0423785058,1.0941186
2343,1.663980731854496,0.7603968865924168,-1.0423897111,1.0940540
2344,1.6649805795496524,0.7603794341859795,-1.0424031196,1.0939912
2345,1.6659799703766716,0.760344534689277,-1.0424095076,1.0939322
2346,1.666979818071828,0.7603270822828397,-1.0424191784,1.0938700
2347,1.6679796657669843,0.7603096298764025,-1.0424303045,1.0937969
2348,1.6689790565940037,0.7602747303797,-1.0424358213,1.0937346
2349,1.6699789042891602,0.7602572779732627,-1.0424498256,1.0936892
2350,1.670978751984317,0.7602398255668255,-1.0424553173,1.0936021
2351,1.6719785996794732,0.7602223731603882,-1.0424774326,1.0935905
2352,1.6729779905064923,0.7601874736636857,-1.0424748259,1.0934958
2353,1.6739778382016488,0.7601700212572484,-1.0424883144,1.0934464
2354,1.6749776858968053,0.7601525688508112,-1.0424980887,1.0933775
2355,1.6759775335919618,0.7601351164443739,-1.0425097653,1.0933169
2356,1.676976924418981,0.7601002169476714,-1.0425157604,1.0932706
2357,1.6779767721141374,0.7600827645412341,-1.0425208522,1.0931871
2358,1.678976619809294,0.7600653121347969,-1.0425333600,1.0931376
2359,1.6799764675044504,0.7600478597283596,-1.0425415913,1.0930611
2360,1.6809763151996069,0.7600304073219224,-1.0425561876,1.0930120
2361,1.681975706026626,0.7599955078252199,-1.0425580533,1.0929367
2362,1.6829755537217823,0.7599780554187826,-1.0425692846,1.0928849
2363,1.683975401416939,0.7599606030123454,-1.0425792971,1.0928135
2364,1.6849752491120955,0.7599431506059081,-1.0425948069,1.0927797
2365,1.685975096807252,0.7599256981994709,-1.0426022221,1.0926972
2366,1.6869744876342712,0.7598907987027683,-1.0426041741,1.0926481
2367,1.6879743353294276,0.7598733462963311,-1.0426137539,1.0925845
2368,1.688974183024584,0.7598558938898938,-1.0426292258,1.0925357
2369,1.6899740307197406,0.7598384414834566,-1.0426341987,1.0924628
2370,1.690973878414897,0.7598209890770193,-1.0426433058,1.0923914
2371,1.6919737261100536,0.7598035366705821,-1.0426548588,1.0923480
2372,1.6929731169370728,0.7597686371738795,-1.0426647995,1.0923052
2373,1.6939729646322292,0.7597511847674423,-1.0426771779,1.0922509
2374,1.6949728123273855,0.759733732361005,-1.0426767666,1.0921595
2375,1.6959726600225422,0.7597162799545678,-1.0426866111,1.0920988
2376,1.6969725077176987,0.7596988275481306,-1.0426956057,1.0920463
2377,1.6979723554128552,0.7596813751416933,-1.0427082991,1.0919882
2378,1.6989722031080117,0.7596639227352561,-1.0427145265,1.0919161
2379,1.6999715939350308,0.7596290232385535,-1.0427179340,1.0918515
2380,1.700971441630187,0.7596115708321163,-1.0427262901,1.0917919
2381,1.7019712893253438,0.759594118425679,-1.0427366150,1.0917370
2382,1.7029711370205003,0.7595766660192418,-1.0427473921,1.0916835
2383,1.7039709847156568,0.7595592136128045,-1.0427548920,1.0916166
2384,1.7049708324108133,0.7595417612063673,-1.0427668619,1.0915642
2385,1.7059706801059698,0.75952430879993,-1.0427763003,1.0915003
2386,1.7069705278011262,0.7595068563934928,-1.0427884681,1.0914604
2387,1.7079703754962827,0.7594894039870556,-1.0427916896,1.0913754
2388,1.7089702231914392,0.7594719515806183,-1.0427996084,1.0913223
2389,1.7099700708865957,0.7594544991741811,-1.0428111471,1.0912771
2390,1.7109694617136149,0.7594195996774785,-1.0428138265,1.0912230
2391,1.7119693094087711,0.7594021472710413,-1.0428251848,1.0911646
2392,1.7129691571039278,0.759384694864604,-1.0428296312,1.0911053
2393,1.7139690047990843,0.7593672424581668,-1.0428380310,1.0910431
2394,1.7149688524942408,0.7593497900517295,-1.0428467685,1.0909809
2395,1.7159687001893973,0.7593323376452923,-1.0428600150,1.0909332
2396,1.7169685478845538,0.759314885238855,-1.0428612837,1.0908505
2397,1.7179683955797105,0.7592974328324178,-1.0428802474,1.0908326
2398,1.7189682432748667,0.7592799804259805,-1.0428922675,1.0907943
2399,1.7199680909700232,0.7592625280195433,-1.0428890943,1.0906821
2400,1.7209679386651795,0.7592450756131061,-1.0429048367,1.0906524
2401,1.7219677863603362,0.7592276232066688,-1.0429041938,1.0905720
2402,1.7229676340554927,0.7592101708002316,-1.0429159461,1.0905263
2403,1.7239674817506492,0.7591927183937943,-1.0429255192,1.0904643
2404,1.7249673294458057,0.7591752659873571,-1.0429297539,1.0903913
2405,1.725967177140962,0.7591578135809198,-1.0429360054,1.0903321
2406,1.7269670248361186,0.7591403611744826,-1.0429537650,1.0903338
2407,1.7279668725312751,0.7591229087680453,-1.0429529008,1.0902271
2408,1.7289667202264316,0.7591054563616081,-1.0429633531,1.0901780
2409,1.729966567921588,0.7590880039551708,-1.0429681287,1.0901146
2410,1.7309664156167446,0.7590705515487336,-1.0429767957,1.0900571
2411,1.731966263311901,0.7590530991422964,-1.0429900334,1.0900509
2412,1.7329661110070576,0.7590356467358591,-1.0429961618,1.0899368
2413,1.733965958702214,0.7590181943294219,-1.0430016274,1.0898987
2414,1.7349658063973703,0.7590007419229846,-1.0430103134,1.0898369
2415,1.735965654092527,0.7589832895165474,-1.0430180827,1.0897815
2416,1.7369655017876835,0.7589658371101101,-1.0430253941,1.0897255
2417,1.73796534948284,0.7589483847036729,-1.0430332182,1.0896713
2418,1.7389651971779965,0.7589309322972356,-1.0430392889,1.0896172
2419,1.739965044873153,0.7589134798907984,-1.0430471765,1.0895653
2420,1.7409648925683094,0.7588960274843611,-1.0430550176,1.0895109
2421,1.741964740263466,0.7588785750779239,-1.0430648877,1.0894641
2422,1.7429645879586224,0.7588611226714866,-1.0430739285,1.0894136
2423,1.743964435653779,0.7588436702650494,-1.0430768787,1.0893462
2424,1.7449642833489354,0.7588262178586122,-1.0430868115,1.0893044
2425,1.745964131044092,0.7588087654521749,-1.0430898072,1.0892309
2426,1.7469639787392484,0.7587913130457377,-1.0430959839,1.0891702
2427,1.7479638264344048,0.7587738606393004,-1.0431068287,1.0891301
2428,1.748963674129561,0.7587564082328632,-1.0431115642,1.0890688
2429,1.7499635218247178,0.7587389558264259,-1.0431209054,1.0890266
2430,1.7509633695198743,0.7587215034199887,-1.0431249610,1.0889616
2431,1.7519632172150308,0.7587040510135514,-1.0431293543,1.0889154
2432,1.7529630649101873,0.7586865986071142,-1.0431357297,1.0888460
2433,1.7539629126053438,0.7586691462006769,-1.0431422587,1.0887936
2434,1.7549627603005002,0.7586516937942397,-1.0431488035,1.0887409
2435,1.7559626079956567,0.7586342413878024,-1.0431552710,1.0886872
2436,1.7569624556908132,0.7586167889813652,-1.0431617350,1.0886334
2437,1.7579623033859697,0.758599336574928,-1.0431681434,1.0885794
2438,1.7589621510811262,0.7585818841684907,-1.0431766397,1.0885325
2439,1.759961998776283,0.7585644317620535,-1.0431802841,1.0884677
2440,1.7609618464714392,0.7585469793556162,-1.0431862966,1.0884069
2441,1.7619616941665956,0.758529526949179,-1.0431935122,1.0883641
2442,1.762961541861752,0.7585120745427417,-1.0432011106,1.0883151
2443,1.7639613895569086,0.7584946221363045,-1.0432065767,1.0882702
2444,1.764961237252065,0.7584771697298672,-1.0432133870,1.0882154
2445,1.7659610849472216,0.75845971732343,-1.0432207973,1.0881751
2446,1.766960932642378,0.7584422649169927,-1.0432242885,1.0881002
2447,1.7679607803375346,0.7584248125105555,-1.0432358224,1.0880662
2448,1.768960628032691,0.7584073601041182,-1.0432352720,1.0879950
2449,1.7699604757278475,0.758389907697681,-1.0432441497,1.0879576
2450,1.770960323423004,0.7583724552912438,-1.0432497805,1.0879037
2451,1.7719601711181605,0.7583550028848065,-1.0432560773,1.0878520
2452,1.772960018813317,0.7583375504783693,-1.0432620592,1.0878006
2453,1.7739598665084737,0.758320098071932,-1.0432660333,1.0877429
2454,1.77495971420363,0.7583026456654948,-1.0432735359,1.0876986
2455,1.7759595618987865,0.7582851932590575,-1.0432771746,1.0876348
2456,1.776959409593943,0.7582677408526203,-1.0432819117,1.0875803
2457,1.7779592572890994,0.758250288446183,-1.0432917215,1.0875548
2458,1.778959104984256,0.7582328360397458,-1.0432948708,1.0874909
2459,1.7799589526794124,0.7582153836333085,-1.0433019229,1.0874566
2460,1.7809588003745689,0.7581979312268713,-1.0433058038,1.0873853
2461,1.7819586480697254,0.758180478820434,-1.0433116207,1.0873375
2462,1.782958495764882,0.7581630264139968,-1.0433154498,1.0872790
2463,1.7839583434600383,0.7581455740075596,-1.0433206637,1.0872323
2464,1.7849581911551948,0.7581281216011223,-1.0433269976,1.0871809
2465,1.785958038850351,0.7581106691946851,-1.0433330823,1.0871318
2466,1.7869578865455078,0.7580932167882478,-1.0433401651,1.0870912
2467,1.7879577342406645,0.7580757643818106,-1.0433460327,1.0870545
2468,1.7889575819358208,0.7580583119753733,-1.0433500841,1.0869989
2469,1.7899574296309773,0.7580408595689361,-1.0433570143,1.0869571
2470,1.7909572773261335,0.7580234071624988,-1.0433591231,1.0868923
2471,1.7919571250212902,0.7580059547560616,-1.0433651129,1.0868503
2472,1.7929569727164467,0.7579885023496243,-1.0433723316,1.0868100
2473,1.7939568204116032,0.7579710499431871,-1.0433751460,1.0867471
2474,1.7949566681067597,0.7579535975367498,-1.0433782701,1.0866918
2475,1.7959565158019162,0.7579361451303126,-1.0433824100,1.0866393
2476,1.7969563634970729,0.7579186927238754,-1.0433897098,1.0866031
2477,1.7979562111922291,0.7579012403174381,-1.0433898545,1.0865335
2478,1.7989560588873856,0.7578837879110009,-1.0433971585,1.0864975
2479,1.799955906582542,0.7578663355045636,-1.0434014722,1.0864416
2480,1.8009557542776986,0.7578488830981264,-1.0434088601,1.0864061
2481,1.801955601972855,0.7578314306916891,-1.0434113383,1.0863433
2482,1.802955449668012,0.7578139782852519,-1.0434130561,1.0862966
2483,1.803955297363168,0.7577965258788146,-1.0434179292,1.0862544
2484,1.804955297363168,0.7577965258788146,-1.0434278505,1.0861967
2485,1.8059551450583244,0.7577790734723774,-1.0434318968,1.0861507
2486,1.806954992753481,0.7577616210659401,-1.0434366013,1.0861058
2487,1.8079549927534808,0.7577616210659401,-1.0434471725,1.0860524
2488,1.8089548404486373,0.7577441686595029,-1.0434508753,1.0860041
2489,1.8099546881437936,0.7577267162530656,-1.0434548782,1.0859454
2490,1.8109546881437937,0.7577267162530656,-1.0434643149,1.0859006
2491,1.8119545358389504,0.7577092638466284,-1.0434688004,1.0858529
2492,1.8129543835341069,0.7576918114401912,-1.0434731392,1.0858101
2493,1.8139543835341063,0.7576918114401912,-1.0434821261,1.0857508
2494,1.814954231229263,0.7576743590337539,-1.0434856435,1.0856961
2495,1.8159540789244195,0.7576569066273167,-1.0434892474,1.0856426
2496,1.81695407892442,0.7576569066273167,-1.0434982964,1.0855910
2497,1.817953926619576,0.7576394542208794,-1.0435021454,1.0855444
2498,1.8189537743147324,0.7576220018144422,-1.0435060213,1.0854905
2499,1.8199537743147325,0.7576220018144422,-1.0435149229,1.0854371
2500,1.8209536220098888,0.7576045494080049,-1.0435180425,1.0853889
2501,1.8219536220098889,0.7576045494080049,-1.0435270846,1.0853366
2502,1.822953469705045,0.7575870970015677,-1.0435316210,1.0852937
2503,1.8239533174002016,0.7575696445951304,-1.0435353786,1.0852472
2504,1.8249533174002013,0.7575696445951304,-1.0435439683,1.0851928
2505,1.825953165095358,0.7575521921886932,-1.0435475524,1.0851472
2506,1.8269530127905145,0.7575347397822559,-1.0435515926,1.0851082
2507,1.8279530127905144,0.7575347397822559,-1.0435596522,1.0850489
2508,1.8289528604856709,0.7575172873758187,-1.0435639446,1.0850079
2509,1.8299528604856707,0.7575172873758187,-1.0435725512,1.0849538
2510,1.8309527081808272,0.7574998349693814,-1.0435760680,1.0849085
2511,1.831952555875984,0.7574823825629442,-1.0435795128,1.0848633
2512,1.832952555875984,0.7574823825629442,-1.0435879502,1.0848096
2513,1.83395240357114,0.757464930156507,-1.0435912154,1.0847648
2514,1.8349522512662968,0.7574474777500697,-1.0435943840,1.0847200
2515,1.8359522512662965,0.7574474777500697,-1.0436027352,1.0846710
2516,1.836952098961453,0.7574300253436325,-1.0436061255,1.0846269
2517,1.8379520989614528,0.7574300253436325,-1.0436144350,1.0845737
2518,1.838951946656609,0.7574125729371952,-1.0436171219,1.0845237
2519,1.8399519466566088,0.7574125729371952,-1.0436253611,1.0844702
2520,1.8409517943517657,0.757395120530758,-1.0436285609,1.0844257
2521,1.8419516420469224,0.7573776681243207,-1.0436319790,1.0843811
2522,1.842951642046922,0.7573776681243207,-1.0436401559,1.0843286
2523,1.8439514897420783,0.7573602157178835,-1.0436432917,1.0842850
2524,1.8449514897420785,0.7573602157178835,-1.0436514380,1.0842330
2525,1.845951337437235,0.7573427633114462,-1.0436540336,1.0841879
2526,1.8469513374372348,0.7573427633114462,-1.0436620121,1.0841359
2527,1.8479511851323915,0.757325310905009,-1.0436649226,1.0840925
2528,1.848951032827548,0.7573078584985717,-1.0436677914,1.0840491
2529,1.849951032827548,0.7573078584985717,-1.0436756408,1.0839973
2530,1.850950880522704,0.7572904060921345,-1.0436783612,1.0839539
2531,1.851950880522704,0.7572904060921345,-1.0436860847,1.0839021
2532,1.8529507282178608,0.7572729536856972,-1.0436887275,1.0838588
2533,1.8539507282178604,0.7572729536856972,-1.0436962709,1.0838070
2534,1.854950575913017,0.75725550127926,-1.0436988706,1.0837639
2535,1.8559504236081728,0.7572380488728228,-1.0437033117,1.0837316
2536,1.8569504236081733,0.7572380488728228,-1.0437110645,1.0836821
2537,1.8579502713033296,0.7572205964663855,-1.0437133642,1.0836401
2538,1.8589502713033297,0.7572205964663855,-1.0437204152,1.0835839
2539,1.8599501189984864,0.7572031440599483,-1.0437222217,1.0835404
2540,1.860950118998486,0.7572031440599483,-1.0437319057,1.0834898
2541,1.8619499666936423,0.757185691653511,-1.0437326318,1.0834411
2542,1.8629499666936424,0.757185691653511,-1.0437403015,1.0833924
2543,1.863949814388799,0.7571682392470738,-1.0437427081,1.0833531
2544,1.8649498143887988,0.7571682392470738,-1.0437494268,1.0832944
2545,1.8659496620839555,0.7571507868406365,-1.0437526269,1.0832594
2546,1.8669496620839552,0.7571507868406365,-1.0437594022,1.0832081
2547,1.867949509779112,0.7571333344341993,-1.0437618930,1.0831694
2548,1.868949509779112,0.7571333344341993,-1.0437687520,1.0831168
2549,1.869949357474268,0.757115882027762,-1.0437710747,1.0830763
2550,1.870949357474268,0.757115882027762,-1.0437783009,1.0830268
2551,1.8719492051694244,0.7570984296213248,-1.0437820279,1.0829933
2552,1.8729492051694243,0.7570984296213248,-1.0437873869,1.0829341
2553,1.8739490528645808,0.7570809772148875,-1.0437888408,1.0828890
2554,1.8749490528645807,0.7570809772148875,-1.0437967478,1.0828458
2555,1.8759489005597367,0.7570635248084503,-1.0437990642,1.0828074
2556,1.8769487482548937,0.757046072402013,-1.0438005505,1.0827630
2557,1.8779487482548936,0.757046072402013,-1.0438079107,1.0827152
2558,1.87894859595005,0.7570286199955758,-1.0438103328,1.0826768
2559,1.87994859595005,0.7570286199955758,-1.0438164696,1.0826239
2560,1.8809485959500496,0.7570286199955758,-1.0438235282,1.0825765
2561,1.8819484436452063,0.7570111675891386,-1.0438261760,1.0825496
2562,1.8829484436452064,0.7570111675891386,-1.0438332228,1.0824999
2563,1.883948291340363,0.7569937151827013,-1.0438334156,1.0824510
2564,1.8849482913403623,0.7569937151827013,-1.0438404569,1.0823991
2565,1.885948139035519,0.7569762627762641,-1.0438425541,1.0823703
2566,1.886948139035519,0.7569762627762641,-1.0438494399,1.0823210
2567,1.887947986730676,0.7569588103698268,-1.0438519786,1.0822839
2568,1.8889479867306755,0.7569588103698268,-1.0438578580,1.0822342
2569,1.889947834425832,0.7569413579633896,-1.0438596396,1.0821973
2570,1.890947834425832,0.7569413579633896,-1.0438662291,1.0821500
2571,1.891947682120988,0.7569239055569523,-1.0438675471,1.0821111
2572,1.892947682120988,0.7569239055569523,-1.0438741745,1.0820639
2573,1.8939475298161448,0.7569064531505151,-1.0438757652,1.0820254
2574,1.8949475298161444,0.7569064531505151,-1.0438829322,1.0819717
2575,1.895947377511301,0.7568890007440778,-1.0438837526,1.0819311
2576,1.8969473775113008,0.7568890007440778,-1.0438900964,1.0818820
2577,1.897947225206457,0.7568715483376406,-1.0438915935,1.0818441
2578,1.8989472252064568,0.7568715483376406,-1.0438984659,1.0817974
2579,1.899947225206457,0.7568715483376406,-1.0439050463,1.0817510
2580,1.9009470729016136,0.7568540959312033,-1.0439061860,1.0817102
2581,1.9019470729016128,0.7568540959312033,-1.0439119870,1.0816623
2582,1.90294692059677,0.7568366435247661,-1.0439131887,1.0816236
2583,1.9039469205967696,0.7568366435247661,-1.0439193367,1.0815797
2584,1.9049467682919263,0.7568191911183288,-1.0439207646,1.0815406
2585,1.9059467682919264,0.7568191911183288,-1.0439269158,1.0814944
2586,1.9069466159870827,0.7568017387118916,-1.0439280378,1.0814574
2587,1.9079466159870824,0.7568017387118916,-1.0439344657,1.0814141
2588,1.9089466159870825,0.7568017387118916,-1.0439403957,1.0813642
2589,1.909946463682239,0.7567842863054544,-1.0439414071,1.0813270
2590,1.9109464636822389,0.7567842863054544,-1.0439474760,1.0812811
2591,1.911946311377396,0.7567668338990171,-1.0439484862,1.0812440
2592,1.9129463113773952,0.7567668338990171,-1.0439561695,1.0812042
2593,1.913946159072552,0.7567493814925799,-1.0439556924,1.0811621
2594,1.914946159072552,0.7567493814925799,-1.0439613560,1.0811167
2595,1.9159461590725515,0.7567493814925799,-1.0439670961,1.0810738
2596,1.916946006767708,0.7567319290861426,-1.0439680673,1.0810335
2597,1.917946006767708,0.7567319290861426,-1.0439740475,1.0809889
2598,1.9189458544628644,0.7567144766797054,-1.0439749800,1.0809580
2599,1.9199458544628645,0.7567144766797054,-1.0439813342,1.0809113
2600,1.9209457021580207,0.7566970242732681,-1.0439819258,1.0808738
2601,1.9219457021580209,0.7566970242732681,-1.0439879095,1.0808260
2602,1.9229457021580203,0.7566970242732681,-1.0439939635,1.0807860
2603,1.923945549853177,0.7566795718668309,-1.0439927333,1.0807440
2604,1.924945549853177,0.7566795718668309,-1.0439991891,1.0807083
2605,1.9259453975483327,0.7566621194603936,-1.0440006924,1.0806695
2606,1.9269453975483333,0.7566621194603936,-1.0440059545,1.0806226
2607,1.9279453975483327,0.7566621194603936,-1.0440112182,1.0805778
2608,1.9289452452434896,0.7566446670539564,-1.0440129518,1.0805439
2609,1.929945245243489,0.7566446670539564,-1.0440178801,1.0804991
2610,1.930945092938646,0.7566272146475191,-1.0440183993,1.0804644
2611,1.931945092938646,0.7566272146475191,-1.0440243468,1.0804211
2612,1.9329450929386456,0.7566272146475191,-1.0440297414,1.0803782
2613,1.9339449406338023,0.7566097622410819,-1.0440300463,1.0803432
2614,1.9349449406338024,0.7566097622410819,-1.0440353928,1.0802997
2615,1.9359447883289589,0.7565923098346446,-1.0440358594,1.0802655
2616,1.9369447883289583,0.7565923098346446,-1.0440413338,1.0802230
2617,1.9379447883289584,0.7565923098346446,-1.0440466796,1.0801799
2618,1.938944636024115,0.7565748574282074,-1.0440468025,1.0801439
2619,1.9399446360241148,0.7565748574282074,-1.0440517336,1.0800983
2620,1.9409446360241147,0.7565748574282074,-1.0440565843,1.0800526
2621,1.9419444837192712,0.7565574050217702,-1.0440566360,1.0800170
2622,1.942944483719271,0.7565574050217702,-1.0440618289,1.0799739
2623,1.943944331414428,0.7565399526153329,-1.0440621829,1.0799403
2624,1.944944331414428,0.7565399526153329,-1.0440675653,1.0798989
2625,1.945944331414428,0.7565399526153329,-1.0440729966,1.0798581
2626,1.946944179109584,0.7565225002088957,-1.0440734076,1.0798260
2627,1.947944179109584,0.7565225002088957,-1.0440787271,1.0797849
2628,1.948944179109584,0.7565225002088957,-1.0440839205,1.0797432
2629,1.94994402680474,0.7565050478024584,-1.0440840001,1.0797095
2630,1.95094402680474,0.7565050478024584,-1.0440889801,1.0796667
2631,1.9519438744998965,0.7564875953960212,-1.0440889353,1.0796325
2632,1.9529438744998964,0.7564875953960212,-1.0440938952,1.0795901
2633,1.9539438744998965,0.7564875953960212,-1.0440989025,1.0795480
2634,1.9549437221950527,0.7564701429895839,-1.0440989481,1.0795147
2635,1.9559437221950529,0.7564701429895839,-1.0441039676,1.0794728
2636,1.9569437221950523,0.7564701429895839,-1.0441089419,1.0794310
2637,1.957943569890209,0.7564526905831467,-1.0441088787,1.0793978
2638,1.958943569890209,0.7564526905831467,-1.0441137113,1.0793563
2639,1.9599435698902088,0.7564526905831467,-1.0441185427,1.0793147
2640,1.9609434175853653,0.7564352381767094,-1.0441183496,1.0792818
2641,1.9619434175853647,0.7564352381767094,-1.0441231116,1.0792404
2642,1.962943417585365,0.7564352381767094,-1.0441279113,1.0791989
2643,1.963943265280521,0.7564177857702722,-1.0441276159,1.0791668
2644,1.9649432652805208,0.7564177857702722,-1.0441324214,1.0791301
2645,1.965943265280521,0.7564177857702722,-1.0441372916,1.0790880
2646,1.9669431129756776,0.7564003333638349,-1.0441377231,1.0790612
2647,1.9679431129756777,0.7564003333638349,-1.0441414748,1.0790141
2648,1.9689431129756776,0.7564003333638349,-1.0441462742,1.0789744
2649,1.969942960670834,0.7563828809573977,-1.0441459931,1.0789427
2650,1.970942960670834,0.7563828809573977,-1.0441515701,1.0789118
2651,1.9719429606708336,0.7563828809573977,-1.0441562130,1.0788711
2652,1.9729428083659903,0.7563654285509605,-1.0441558187,1.0788386
2653,1.9739428083659905,0.7563654285509605,-1.0441602361,1.0787971
2654,1.97494280836599,0.7563654285509605,-1.0441646857,1.0787557
2655,1.9759426560611464,0.7563479761445232,-1.0441641466,1.0787228
2656,1.9769426560611465,0.7563479761445232,-1.0441685573,1.0786817
2657,1.9779426560611464,0.7563479761445232,-1.0441729479,1.0786413
2658,1.9789425037563029,0.756330523738086,-1.0441710758,1.0786154
2659,1.9799425037563028,0.756330523738086,-1.0441754897,1.0785758
2660,1.9809425037563029,0.756330523738086,-1.0441798699,1.0785362
2661,1.9819423514514591,0.7563130713316487,-1.0441792534,1.0785053
2662,1.982942351451459,0.7563130713316487,-1.0441835998,1.0784659
2663,1.983942351451459,0.7563130713316487,-1.0441879322,1.0784266
2664,1.984942199146616,0.7562956189252115,-1.0441872742,1.0783960
2665,1.9859421991466155,0.7562956189252115,-1.0441915882,1.0783569
2666,1.9869421991466152,0.7562956189252115,-1.0441959009,1.0783180
2667,1.987942046841772,0.7562781665187742,-1.0441952395,1.0782877
2668,1.988942046841772,0.7562781665187742,-1.0441995755,1.0782491
2669,1.989942046841772,0.7562781665187742,-1.0442039427,1.0782106
2670,1.990942046841772,0.7562781665187742,-1.0442083562,1.0781723
2671,1.991941894536928,0.756260714112337,-1.0442078332,1.0781427
2672,1.992941894536928,0.756260714112337,-1.0442123133,1.0781046
2673,1.993941894536928,0.756260714112337,-1.0442169658,1.0780661
2674,1.994941742232084,0.7562432617058997,-1.0442139301,1.0780307
2675,1.995941742232084,0.7562432617058997,-1.0442180414,1.0779930
2676,1.996941742232084,0.7562432617058997,-1.0442221801,1.0779553
2677,1.9979415899272404,0.7562258092994625,-1.0442213658,1.0779263
2678,1.99894158992724,0.7562258092994625,-1.0442255510,1.0778887
2679,1.99994158992724,0.7562258092994625,-1.0442297312,1.0778509
2680,2.00094158992724,0.7562258092994625,-1.0442338502,1.0778124
2681,2.0019414376223965,0.7562083568930252,-1.0442329334,1.0777818
2682,2.0029414376223964,0.7562083568930252,-1.0442380215,1.0777442
2683,2.0039414376223963,0.7562083568930252,-1.0442411193,1.0777128
2684,2.004941285317553,0.756190904486588,-1.0442398689,1.0776795
2685,2.0059412853175527,0.756190904486588,-1.0442439579,1.0776374
2686,2.006941285317553,0.756190904486588,-1.0442478115,1.0776041
2687,2.0079412853175524,0.756190904486588,-1.0442517657,1.0775694
2688,2.008941133012709,0.7561734520801507,-1.0442505006,1.0775414
2689,2.009941133012709,0.7561734520801507,-1.0442541690,1.0775033
2690,2.0109411330127087,0.7561734520801507,-1.0442578059,1.0774662
2691,2.011940980707865,0.7561559996737135,-1.0442565425,1.0774373
2692,2.012940980707865,0.7561559996737135,-1.0442602558,1.0773989
2693,2.013940980707865,0.7561559996737135,-1.0442642071,1.0773602
2694,2.014940980707865,0.7561559996737135,-1.0442682323,1.0773232
2695,2.0159408284030214,0.7561385472672763,-1.0442678691,1.0772973
2696,2.016940828403021,0.7561385472672763,-1.0442721859,1.0772636
2697,2.017940828403021,0.7561385472672763,-1.0442753084,1.0772277
2698,2.018940828403021,0.7561385472672763,-1.0442788057,1.0771901
2699,2.019940676098177,0.756121094860839,-1.0442771897,1.0771607
2700,2.0209406760981774,0.756121094860839,-1.0442806033,1.0771236
2701,2.0219406760981773,0.756121094860839,-1.0442841256,1.0770875
2702,2.022940523793334,0.7561036424544018,-1.0442827305,1.0770603
2703,2.0239405237933337,0.7561036424544018,-1.0442863076,1.0770249
2704,2.0249405237933336,0.7561036424544018,-1.0442898727,1.0769896
2705,2.025940523793333,0.7561036424544018,-1.0442934233,1.0769543
2706,2.02694037148849,0.7560861900479645,-1.0442919979,1.0769276
2707,2.02794037148849,0.7560861900479645,-1.0442955309,1.0768925
2708,2.0289403714884897,0.7560861900479645,-1.0442990556,1.0768575
2709,2.0299403714884896,0.7560861900479645,-1.0443025675,1.0768226
2710,2.030940219183646,0.7560687376415273,-1.0443010970,1.0767963
2711,2.031940219183646,0.7560687376415273,-1.0443045679,1.0767615
2712,2.032940219183646,0.7560687376415273,-1.0443080113,1.0767266
2713,2.0339402191836458,0.7560687376415273,-1.0443116905,1.0766918
2714,2.0349400668788022,0.75605128523509,-1.0443101198,1.0766655
2715,2.035940066878802,0.75605128523509,-1.0443134932,1.0766308
2716,2.036940066878802,0.75605128523509,-1.0443168518,1.0765960
2717,2.037940066878802,0.75605128523509,-1.0443201974,1.0765613
2718,2.0389399145739584,0.7560338328286528,-1.0443185686,1.0765351
2719,2.0399399145739583,0.7560338328286528,-1.0443218851,1.0765004
2720,2.040939914573958,0.7560338328286528,-1.0443251808,1.0764657
2721,2.041939914573958,0.7560338328286528,-1.0443283748,1.0764246
2722,2.0429397622691146,0.7560163804222155,-1.0443256129,1.0764110
2723,2.0439397622691144,0.7560163804222155,-1.0443288575,1.0763762
2724,2.0449397622691143,0.7560163804222155,-1.0443320592,1.0763417
2725,2.0459397622691142,0.7560163804222155,-1.0443352453,1.0763074
2726,2.0469396099642707,0.7559989280157783,-1.0443334586,1.0762816
2727,2.0479396099642706,0.7559989280157783,-1.0443366153,1.0762474
2728,2.0489396099642705,0.7559989280157783,-1.0443397341,1.0762133
2729,2.0499396099642704,0.7559989280157783,-1.0443428619,1.0761792
2730,2.050939457659427,0.755981475609341,-1.0443410195,1.0761537
2731,2.0519394576594268,0.755981475609341,-1.0443441212,1.0761199
2732,2.052939457659426,0.755981475609341,-1.0443472099,1.0760861
2733,2.0539394576594265,0.755981475609341,-1.0443504250,1.0760526
2734,2.0549394576594264,0.755981475609341,-1.0443534357,1.0760190
2735,2.055939305354583,0.7559640232029038,-1.0443515272,1.0759940
2736,2.056939305354583,0.7559640232029038,-1.0443545639,1.0759606
2737,2.0579393053545827,0.7559640232029038,-1.0443575895,1.0759272
2738,2.0589393053545826,0.7559640232029038,-1.0443606037,1.0758940
2739,2.059939153049739,0.7559465707964665,-1.0443586509,1.0758693
2740,2.060939153049739,0.7559465707964665,-1.0443616423,1.0758362
2741,2.061939153049739,0.7559465707964665,-1.0443646214,1.0758031
2742,2.0629391530497387,0.7559465707964665,-1.0443675875,1.0757702
2743,2.063939153049738,0.7559465707964665,-1.0443705396,1.0757373
2744,2.064939000744895,0.7559291183900293,-1.0443684330,1.0757130
2745,2.065939000744895,0.7559291183900293,-1.0443713385,1.0756803
2746,2.066939000744895,0.7559291183900293,-1.0443742277,1.0756476
2747,2.067939000744895,0.7559291183900293,-1.0443771007,1.0756149
2748,2.068938848440052,0.755911665983592,-1.0443750054,1.0755909
2749,2.069938848440051,0.755911665983592,-1.0443778472,1.0755583
2750,2.070938848440051,0.755911665983592,-1.0443806740,1.0755258
2751,2.071938848440051,0.755911665983592,-1.0443834864,1.0754934
2752,2.072938848440051,0.755911665983592,-1.0443862850,1.0754610
2753,2.073938696135208,0.7558942135771548,-1.0443841196,1.0754371
2754,2.074938696135207,0.7558942135771548,-1.0443868920,1.0754047
2755,2.075938696135207,0.7558942135771548,-1.0443896504,1.0753723
2756,2.076938696135207,0.7558942135771548,-1.0443923934,1.0753400
2757,2.077938696135207,0.7558942135771548,-1.0443951101,1.0753076
2758,2.078938543830364,0.7558767611707176,-1.0443928675,1.0752839
2759,2.079938543830364,0.7558767611707176,-1.0443955428,1.0752530
2760,2.080938543830363,0.7558767611707176,-1.0443982091,1.0752209
2761,2.081938543830363,0.7558767611707176,-1.0444008588,1.0751889
2762,2.0829383915255195,0.7558593087642803,-1.0443985445,1.0751655
2763,2.0839383915255194,0.7558593087642803,-1.0444011615,1.0751337
2764,2.08493839152552,0.7558593087642803,-1.0444037652,1.0751020
2765,2.085938391525519,0.7558593087642803,-1.0444063596,1.0750705
2766,2.086938391525519,0.7558593087642803,-1.0444089591,1.0750392
2767,2.087938239220676,0.7558418563578431,-1.0444066321,1.0750167
2768,2.0889382392206755,0.7558418563578431,-1.0444093012,1.0749860
2769,2.089938239220676,0.7558418563578431,-1.0444120475,1.0749557
2770,2.0909382392206752,0.7558418563578431,-1.0444148946,1.0749259
2771,2.091938239220675,0.7558418563578431,-1.0444177994,1.0748965
2772,2.092938086915832,0.7558244039514058,-1.0444156261,1.0748753
2773,2.0939380869158315,0.7558244039514058,-1.0444179416,1.0748437
2774,2.0949380869158314,0.7558244039514058,-1.0444196372,1.0748093
2775,2.095938086915832,0.7558244039514058,-1.0444212845,1.0747747
2776,2.096938086915831,0.7558244039514058,-1.0444234136,1.0747427
2777,2.097938086915831,0.7558244039514058,-1.0444259318,1.0747130
2778,2.0989379346109875,0.7558069515449686,-1.0444236193,1.0746925
2779,2.0999379346109874,0.7558069515449686,-1.0444262503,1.0746636
2780,2.100937934610988,0.7558069515449686,-1.0444288243,1.0746345
2781,2.101937934610987,0.7558069515449686,-1.0444314078,1.0746057
2782,2.102937934610987,0.7558069515449686,-1.0444338425,1.0745760
2783,2.103937782306144,0.7557894991385313,-1.0444313058,1.0745546
2784,2.1049377823061435,0.7557894991385313,-1.0444336908,1.0745248
2785,2.105937782306144,0.7557894991385313,-1.0444360561,1.0744950
2786,2.106937782306144,0.7557894991385313,-1.0444384041,1.0744653
2787,2.107937782306143,0.7557894991385313,-1.0444407365,1.0744355
2788,2.1089376300013,0.7557720467320941,-1.0444381138,1.0744144
2789,2.1099376300012995,0.7557720467320941,-1.0444404197,1.0743848
2790,2.1109376300012994,0.7557720467320941,-1.0444427140,1.0743552
2791,2.1119376300013,0.7557720467320941,-1.0444449966,1.0743257
2792,2.112937630001299,0.7557720467320941,-1.0444465884,1.0743066
2793,2.113937630001299,0.7557720467320941,-1.0444488744,1.0742773
2794,2.114937477696456,0.7557545943256568,-1.0444462107,1.0742566
2795,2.1159374776964555,0.7557545943256568,-1.0444484820,1.0742274
2796,2.116937477696456,0.7557545943256568,-1.0444507432,1.0741983
2797,2.1179374776964552,0.7557545943256568,-1.0444529944,1.0741693
2798,2.118937477696455,0.7557545943256568,-1.0444552351,1.0741403
2799,2.119937477696455,0.7557545943256568,-1.0444574648,1.0741114
2800,2.1209373253916115,0.7557371419192196,-1.0444547415,1.0740910
2801,2.1219373253916114,0.7557371419192196,-1.0444569483,1.0740623
2802,2.122937325391612,0.7557371419192196,-1.0444591430,1.0740336
2803,2.123937325391611,0.7557371419192196,-1.0444613253,1.0740049
2804,2.124937325391611,0.7557371419192196,-1.0444634949,1.0739763
2805,2.125937325391611,0.7557371419192196,-1.0444656517,1.0739478
2806,2.1269371730867674,0.7557196895127823,-1.0444628557,1.0739278
2807,2.127937173086768,0.7557196895127823,-1.0444649866,1.0738993
2808,2.128937173086767,0.7557196895127823,-1.0444671039,1.0738709
2809,2.129937173086767,0.7557196895127823,-1.0444692078,1.0738426
2810,2.130937173086767,0.7557196895127823,-1.0444712979,1.0738143
2811,2.131937173086767,0.7557196895127823,-1.0444733743,1.0737861
2812,2.132937020781924,0.7557022371063451,-1.0444704999,1.0737664
2813,2.133937020781924,0.7557022371063451,-1.0444725495,1.0737382
2814,2.134937020781923,0.7557022371063451,-1.0444745854,1.0737102
2815,2.135937020781923,0.7557022371063451,-1.0444766079,1.0736821
2816,2.136937020781923,0.7557022371063451,-1.0444786170,1.0736541
2817,2.137937020781923,0.7557022371063451,-1.0444806131,1.0736262
2818,2.13893686847708,0.7556847846999079,-1.0444776616,1.0736068
2819,2.139936868477079,0.7556847846999079,-1.0444799822,1.0735784
2820,2.140936868477079,0.7556847846999079,-1.0444819356,1.0735507
2821,2.141936868477079,0.7556847846999079,-1.0444838789,1.0735230
2822,2.142936868477079,0.7556847846999079,-1.0444858105,1.0734953
2823,2.1439368684770788,0.7556847846999079,-1.0444877309,1.0734678
2824,2.1449368684770787,0.7556847846999079,-1.0444896404,1.0734402
2825,2.145936716172235,0.7556673322934706,-1.0444866073,1.0734213
2826,2.146936716172235,0.7556673322934706,-1.0444884968,1.0733939
2827,2.147936716172235,0.7556673322934706,-1.0444906192,1.0733597
2828,2.148936716172235,0.7556673322934706,-1.0444925006,1.0733326
2829,2.1499367161722347,0.7556673322934706,-1.0444943728,1.0733056
2830,2.1509367161722346,0.7556673322934706,-1.0444962354,1.0732786
2831,2.151936563867391,0.7556498798870334,-1.0444931571,1.0732602
2832,2.152936563867391,0.7556498798870334,-1.0444950024,1.0732333
2833,2.153936563867391,0.7556498798870334,-1.0444968391,1.0732065
2834,2.1549365638673907,0.7556498798870334,-1.0444986676,1.0731798
2835,2.15593656386739,0.7556498798870334,-1.0445004879,1.0731532
2836,2.1569365638673905,0.7556498798870334,-1.0445023002,1.0731266
2837,2.1579365638673904,0.7556498798870334,-1.0445041047,1.0731001
2838,2.158936411562547,0.7556324274805961,-1.0445009695,1.0730821
2839,2.159936411562547,0.7556324274805961,-1.0445027587,1.0730558
2840,2.1609364115625467,0.7556324274805961,-1.0445045404,1.0730294
2841,2.1619364115625466,0.7556324274805961,-1.0445063147,1.0730032
2842,2.1629364115625465,0.7556324274805961,-1.0445080818,1.0729770
2843,2.1639364115625463,0.7556324274805961,-1.0445098419,1.0729509
2844,2.1649364115625462,0.7556324274805961,-1.0445115951,1.0729249
2845,2.1659362592577027,0.7556149750741589,-1.0445084091,1.0729074
2846,2.1669362592577026,0.7556149750741589,-1.0445101490,1.0728814
2847,2.1679362592577025,0.7556149750741589,-1.0445118826,1.0728556
2848,2.1689362592577024,0.7556149750741589,-1.0445136097,1.0728298
2849,2.1699362592577023,0.7556149750741589,-1.0445153306,1.0728041
2850,2.170936259257702,0.7556149750741589,-1.0445170455,1.0727784
2851,2.171936259257702,0.7556149750741589,-1.0445187540,1.0727528
2852,2.1729361069528585,0.7555975226677216,-1.0445158047,1.0727502
2853,2.1739361069528584,0.7555975226677216,-1.0445173650,1.0727244
2854,2.1749361069528583,0.7555975226677216,-1.0445189154,1.0726986
2855,2.175936106952858,0.7555975226677216,-1.0445204563,1.0726730
2856,2.176936106952858,0.7555975226677216,-1.0445219882,1.0726473
2857,2.177936106952858,0.7555975226677216,-1.0445235116,1.0726218
2858,2.178936106952858,0.7555975226677216,-1.0445250268,1.0725962
2859,2.1799361069528578,0.7555975226677216,-1.0445265340,1.0725708
2860,2.1809359546480143,0.7555800702612844,-1.0445231160,1.0725539
2861,2.181935954648014,0.7555800702612844,-1.0445246086,1.0725286
2862,2.182935954648014,0.7555800702612844,-1.0445260941,1.0725033
2863,2.183935954648014,0.7555800702612844,-1.0445275727,1.0724781
2864,2.184935954648014,0.7555800702612844,-1.0445290448,1.0724529
2865,2.1859359546480137,0.7555800702612844,-1.0445305103,1.0724278
2866,2.1869359546480136,0.7555800702612844,-1.0445319696,1.0724028
2867,2.18793580234317,0.7555626178548471,-1.0445285050,1.0723863
2868,2.18893580234317,0.7555626178548471,-1.0445299521,1.0723614
2869,2.18993580234317,0.7555626178548471,-1.0445313934,1.0723366
2870,2.1909358023431698,0.7555626178548471,-1.0445328288,1.0723118
2871,2.1919358023431696,0.7555626178548471,-1.0445342586,1.0722871
2872,2.192935802343169,0.7555626178548471,-1.0445356828,1.0722625
2873,2.193935802343169,0.7555626178548471,-1.0445371014,1.0722379
2874,2.1949358023431693,0.7555626178548471,-1.0445385145,1.0722134
2875,2.195935802343169,0.7555626178548471,-1.0445398731,1.0721886
2876,2.1969356500383257,0.7555451654484099,-1.0445363603,1.0721728
2877,2.1979356500383256,0.7555451654484099,-1.0445377608,1.0721485
2878,2.198935650038325,0.7555451654484099,-1.0445391555,1.0721244
2879,2.1999356500383254,0.7555451654484099,-1.0445405442,1.0721003
2880,2.2009356500383253,0.7555451654484099,-1.0445440958,1.0720752
2881,2.201935650038325,0.7555451654484099,-1.0445454562,1.0720512
2882,2.202935650038325,0.7555451654484099,-1.0445468191,1.0720273
2883,2.203935650038325,0.7555451654484099,-1.0445481665,1.0720034
2884,2.2049354977334814,0.7555277130419726,-1.0445445881,1.0719882
2885,2.2059354977334813,0.7555277130419726,-1.0445459222,1.0719645
2886,2.206935497733481,0.7555277130419726,-1.0445472493,1.0719408
2887,2.207935497733481,0.7555277130419726,-1.0445485694,1.0719172
2888,2.208935497733481,0.7555277130419726,-1.0445498915,1.0718938
2889,2.209935497733481,0.7555277130419726,-1.0445511948,1.0718703
2890,2.2109354977334807,0.7555277130419726,-1.0445524915,1.0718469
2891,2.2119354977334806,0.7555277130419726,-1.0445537805,1.0718235
2892,2.2129354977334805,0.7555277130419726,-1.0445550621,1.0718002
2893,2.213935345428637,0.7555102606355354,-1.0445514184,1.0717854
2894,2.214935345428637,0.7555102606355354,-1.0445526858,1.0717622
2895,2.215935345428637,0.7555102606355354,-1.0445539464,1.0717391
2896,2.2169353454286367,0.7555102606355354,-1.0445552002,1.0717160
2897,2.217935345428637,0.7555102606355354,-1.0445564473,1.0716930
2898,2.2189353454286365,0.7555102606355354,-1.0445576880,1.0716700
2899,2.2199353454286364,0.7555102606355354,-1.0445589225,1.0716471
2900,2.220935345428636,0.7555102606355354,-1.0445601508,1.0716243
2901,2.221935345428636,0.7555102606355354,-1.0445616189,1.0716010
2902,2.2229351931237926,0.7554928082290981,-1.0445579161,1.0715867
2903,2.2239351931237925,0.7554928082290981,-1.0445591251,1.0715641
2904,2.2249351931237924,0.7554928082290981,-1.0445603286,1.0715415
2905,2.2259351931237923,0.7554928082290981,-1.0445615267,1.0715190
2906,2.226935193123792,0.7554928082290981,-1.0445627196,1.0714965
2907,2.227935193123792,0.7554928082290981,-1.0445639076,1.0714741
2908,2.228935193123792,0.7554928082290981,-1.0445650908,1.0714517
2909,2.229935193123792,0.7554928082290981,-1.0445662693,1.0714295
2910,2.230935193123792,0.7554928082290981,-1.0445674434,1.0714073
2911,2.231935040818948,0.7554753558226609,-1.0445636936,1.0713936
2912,2.232935040818948,0.7554753558226609,-1.0445648583,1.0713715
2913,2.233935040818948,0.7554753558226609,-1.0445660183,1.0713495
2914,2.234935040818948,0.7554753558226609,-1.0445671732,1.0713275
2915,2.235935040818948,0.7554753558226609,-1.0445683229,1.0713057
2916,2.236935040818948,0.7554753558226609,-1.0445694669,1.0712838
2917,2.237935040818948,0.7554753558226609,-1.0445706049,1.0712621
2918,2.2389350408189475,0.7554753558226609,-1.0445717365,1.0712404
2919,2.239935040818948,0.7554753558226609,-1.0445728611,1.0712187
2920,2.2409350408189472,0.7554753558226609,-1.0445739785,1.0711971
2921,2.241934888514104,0.7554579034162237,-1.0445701691,1.0711840
2922,2.242934888514104,0.7554579034162237,-1.0445712708,1.0711626
2923,2.2439348885141035,0.7554579034162237,-1.0445723633,1.0711411
2924,2.2449348885141034,0.7554579034162237,-1.0445734518,1.0711197
2925,2.245934888514104,0.7554579034162237,-1.0445742878,1.0710989
2926,2.246934888514103,0.7554579034162237,-1.0445753424,1.0710776
2927,2.247934888514103,0.7554579034162237,-1.0445763886,1.0710564
2928,2.248934888514103,0.7554579034162237,-1.0445774320,1.0710352
2929,2.249934888514103,0.7554579034162237,-1.0445784638,1.0710140
2930,2.2509348885141027,0.7554579034162237,-1.0445794876,1.0709929
2931,2.2519348885141026,0.7554579034162237,-1.0445805037,1.0709718
2932,2.252934736209259,0.7554404510097864,-1.0445765988,1.0709592
2933,2.253934736209259,0.7554404510097864,-1.0445775997,1.0709382
2934,2.254934736209259,0.7554404510097864,-1.0445785933,1.0709173
2935,2.2559347362092588,0.7554404510097864,-1.0445795791,1.0708964
2936,2.2569347362092587,0.7554404510097864,-1.0445803600,1.0708750
2937,2.2579347362092586,0.7554404510097864,-1.0445813368,1.0708542
2938,2.2589347362092584,0.7554404510097864,-1.0445823101,1.0708335
2939,2.2599347362092583,0.7554404510097864,-1.0445832805,1.0708128
2940,2.2609347362092582,0.7554404510097864,-1.0445844643,1.0707916
2941,2.261934736209258,0.7554404510097864,-1.0445854230,1.0707711
2942,2.262934736209258,0.7554404510097864,-1.0445863802,1.0707507
2943,2.2639345839044145,0.7554229986033492,-1.0445824213,1.0707387
2944,2.2649345839044144,0.7554229986033492,-1.0445833777,1.0707185
2945,2.2659345839044143,0.7554229986033492,-1.0445843442,1.0706981
2946,2.266934583904414,0.7554229986033492,-1.0445852965,1.0706781
2947,2.267934583904414,0.7554229986033492,-1.0445862394,1.0706580
2948,2.268934583904414,0.7554229986033492,-1.0445871668,1.0706380
2949,2.269934583904414,0.7554229986033492,-1.0445880758,1.0706179
2950,2.2709345839044137,0.7554229986033492,-1.0445868613,1.0705988
2951,2.2719345839044136,0.7554229986033492,-1.0445879904,1.0705802
2952,2.272934583904413,0.7554229986033492,-1.0445899290,1.0705582
2953,2.2739345839044134,0.7554229986033492,-1.0445908163,1.0705382
2954,2.2749345839044133,0.7554229986033492,-1.0445916979,1.0705183
2955,2.2759344315995698,0.7554055461969119,-1.0445876626,1.0705069
2956,2.2769344315995697,0.7554055461969119,-1.0445885333,1.0704871
2957,2.277934431599569,0.7554055461969119,-1.0445885474,1.0704668
2958,2.278934431599569,0.7554055461969119,-1.0445894163,1.0704471
2959,2.2799344315995693,0.7554055461969119,-1.0445902798,1.0704274
2960,2.280934431599569,0.7554055461969119,-1.0445911380,1.0704078
2961,2.281934431599569,0.7554055461969119,-1.0445919941,1.0703882
2962,2.282934431599569,0.7554055461969119,-1.0445928418,1.0703688
2963,2.283934431599569,0.7554055461969119,-1.0445936844,1.0703493
2964,2.2849344315995688,0.7554055461969119,-1.0445945221,1.0703299
2965,2.2859344315995687,0.7554055461969119,-1.0445953547,1.0703106
2966,2.286934431599569,0.7554055461969119,-1.0445961825,1.0702913
2967,2.287934279294725,0.7553880937904747,-1.0445920938,1.0702805
2968,2.288934279294725,0.7553880937904747,-1.0445929118,1.0702613
2969,2.289934279294725,0.7553880937904747,-1.0445937248,1.0702422
2970,2.2909342792947247,0.7553880937904747,-1.0445939841,1.0702239
2971,2.2919342792947246,0.7553880937904747,-1.0445947930,1.0702049
2972,2.2929342792947245,0.7553880937904747,-1.0445955968,1.0701859
2973,2.2939342792947244,0.7553880937904747,-1.0445963954,1.0701670
2974,2.2949342792947243,0.7553880937904747,-1.0445971888,1.0701481
2975,2.295934279294724,0.7553880937904747,-1.0445979768,1.0701292
2976,2.296934279294724,0.7553880937904747,-1.0445972406,1.0701063
2977,2.297934279294724,0.7553880937904747,-1.0445979724,1.0700873
2978,2.298934279294724,0.7553880937904747,-1.0445986986,1.0700684
2979,2.299934279294724,0.7553880937904747,-1.0445994193,1.0700496
2980,2.30093412698988,0.7553706413840374,-1.0445952327,1.0700392
2981,2.30193412698988,0.7553706413840374,-1.0445959427,1.0700205
2982,2.30293412698988,0.7553706413840374,-1.0445966473,1.0700017
2983,2.30393412698988,0.7553706413840374,-1.0445973464,1.0699831
2984,2.30493412698988,0.7553706413840374,-1.0445979055,1.0699645
2985,2.30593412698988,0.7553706413840374,-1.0445985946,1.0699459
2986,2.3069341269898795,0.7553706413840374,-1.0445992784,1.0699273
2987,2.3079341269898794,0.7553706413840374,-1.0445999567,1.0699089
2988,2.30893412698988,0.7553706413840374,-1.0446006298,1.0698904
2989,2.309934126989879,0.7553706413840374,-1.0446012978,1.0698720
2990,2.310934126989879,0.7553706413840374,-1.0446019605,1.0698537
2991,2.311934126989879,0.7553706413840374,-1.0446026180,1.0698353
2992,2.312934126989879,0.7553706413840374,-1.0446032703,1.0698171
2993,2.3139341269898788,0.7553706413840374,-1.0446039176,1.0697989
2994,2.314933974685036,0.7553531889776002,-1.0445996601,1.0697891
2995,2.315933974685035,0.7553531889776002,-1.0446002973,1.0697710
2996,2.316933974685035,0.7553531889776002,-1.0446009294,1.0697529
2997,2.317933974685035,0.7553531889776002,-1.0446015565,1.0697349
2998,2.318933974685035,0.7553531889776002,-1.0446021780,1.0697169
2999,2.3199339746850347,0.7553531889776002,-1.0446027950,1.0696989
3000,2.3209339746850346,0.7553531889776002,-1.0446034070,1.0696810
3001,2.3219339746850345,0.7553531889776002,-1.0446040142,1.0696632
3002,2.3229339746850344,0.7553531889776002,-1.0446046164,1.0696453
3003,2.3239339746850343,0.7553531889776002,-1.0446052137,1.0696276
3004,2.324933974685034,0.7553531889776002,-1.0446058060,1.0696098
3005,2.325933974685034,0.7553531889776002,-1.0446063936,1.0695921
3006,2.326933974685034,0.7553531889776002,-1.0446069763,1.0695745
3007,2.327933974685034,0.7553531889776002,-1.0446075542,1.0695569
3008,2.3289339746850337,0.7553531889776002,-1.0446081275,1.0695393
3009,2.32993382238019,0.7553357365711629,-1.0446037987,1.0695303
3010,2.33093382238019,0.7553357365711629,-1.0446043627,1.0695128
3011,2.33193382238019,0.7553357365711629,-1.0446049220,1.0694954
3012,2.33293382238019,0.7553357365711629,-1.0446054765,1.0694780
3013,2.3339338223801898,0.7553357365711629,-1.0446060263,1.0694606
3014,2.3349338223801896,0.7553357365711629,-1.0446065713,1.0694433
3015,2.335933822380189,0.7553357365711629,-1.0446071118,1.0694261
3016,2.336933822380189,0.7553357365711629,-1.0446076478,1.0694089
3017,2.3379338223801893,0.7553357365711629,-1.0446081788,1.0693917
3018,2.338933822380189,0.7553357365711629,-1.0446087057,1.0693746
3019,2.339933822380189,0.7553357365711629,-1.0446092279,1.0693575
3020,2.340933822380189,0.7553357365711629,-1.0446097457,1.0693404
3021,2.341933822380189,0.7553357365711629,-1.0446102590,1.0693234
3022,2.3429338223801888,0.7553357365711629,-1.0446107679,1.0693065
3023,2.3439338223801887,0.7553357365711629,-1.0446112723,1.0692895
3024,2.3449338223801885,0.7553357365711629,-1.0446117723,1.0692727
3025,2.3459338223801884,0.7553357365711629,-1.0446122679,1.0692558
3026,2.346933670075345,0.7553182841647257,-1.0446078643,1.0692475
3027,2.347933670075345,0.7553182841647257,-1.0446083514,1.0692307
3028,2.3489336700753447,0.7553182841647257,-1.0446088341,1.0692140
3029,2.3499336700753446,0.7553182841647257,-1.0446093125,1.0691973
3030,2.3509336700753445,0.7553182841647257,-1.0446097867,1.0691807
3031,2.3519336700753444,0.7553182841647257,-1.0446102565,1.0691641
3032,2.3529336700753443,0.7553182841647257,-1.0446107222,1.0691476
3033,2.353933670075344,0.7553182841647257,-1.0446111835,1.0691311
3034,2.354933670075344,0.7553182841647257,-1.0446116408,1.0691146
3035,2.355933670075344,0.7553182841647257,-1.0446120939,1.0690982
3036,2.356933670075344,0.7553182841647257,-1.0446125427,1.0690818
3037,2.357933670075344,0.7553182841647257,-1.0446129875,1.0690655
3038,2.358933670075344,0.7553182841647257,-1.0446134282,1.0690492
3039,2.3599336700753435,0.7553182841647257,-1.0446138646,1.0690329
3040,2.3609336700753434,0.7553182841647257,-1.0446142971,1.0690167
3041,2.361933670075344,0.7553182841647257,-1.0446147255,1.0690005
3042,2.362933670075343,0.7553182841647257,-1.0446151498,1.0689844
3043,2.3639335177705,0.7553008317582884,-1.0446106777,1.0689767
3044,2.3649335177704995,0.7553008317582884,-1.0446110942,1.0689606
3045,2.3659335177704994,0.7553008317582884,-1.0446115067,1.0689446
3046,2.3669335177705,0.7553008317582884,-1.0446119154,1.0689286
3047,2.367933517770499,0.7553008317582884,-1.0446123200,1.0689127
3048,2.368933517770499,0.7553008317582884,-1.0446127208,1.0688968
3049,2.369933517770499,0.7553008317582884,-1.0446131176,1.0688809
3050,2.370933517770499,0.7553008317582884,-1.0446135105,1.0688651
3051,2.3719335177704988,0.7553008317582884,-1.0446138995,1.0688493
3052,2.3729335177704987,0.7553008317582884,-1.0446142848,1.0688336
3053,2.3739335177704985,0.7553008317582884,-1.0446146662,1.0688179
3054,2.3749335177704984,0.7553008317582884,-1.0446150439,1.0688022
3055,2.3759335177704983,0.7553008317582884,-1.0446154177,1.0687866
3056,2.376933517770498,0.7553008317582884,-1.0446157878,1.0687710
3057,2.377933517770498,0.7553008317582884,-1.0446161541,1.0687555
3058,2.378933517770498,0.7553008317582884,-1.0446165168,1.0687399
3059,2.379933517770498,0.7553008317582884,-1.0446168757,1.0687245
3060,2.3809335177704978,0.7553008317582884,-1.0446172310,1.0687090
3061,2.3819335177704977,0.7553008317582884,-1.0446175826,1.0686937
3062,2.3829335177704976,0.7553008317582884,-1.0446179305,1.0686783
3063,2.383933365465654,0.7552833793518512,-1.0446133849,1.0686714
3064,2.384933365465654,0.7552833793518512,-1.0446137256,1.0686561
3065,2.385933365465654,0.7552833793518512,-1.0446140629,1.0686409
3066,2.3869333654656537,0.7552833793518512,-1.0446143965,1.0686257
3067,2.3879333654656536,0.7552833793518512,-1.0446147266,1.0686105
3068,2.388933365465653,0.7552833793518512,-1.0446150532,1.0685954
3069,2.3899333654656534,0.7552833793518512,-1.0446153762,1.0685803
3070,2.3909333654656533,0.7552833793518512,-1.0446156958,1.0685653
3071,2.391933365465653,0.7552833793518512,-1.0446160119,1.0685503
3072,2.392933365465653,0.7552833793518512,-1.0446163245,1.0685353
3073,2.393933365465653,0.7552833793518512,-1.0446166336,1.0685203
3074,2.394933365465653,0.7552833793518512,-1.0446146775,1.0685302
3075,2.3959333654656527,0.7552833793518512,-1.0446149955,1.0685152
3076,2.3969333654656526,0.7552833793518512,-1.0446153102,1.0685002
3077,2.3979333654656525,0.7552833793518512,-1.0446156214,1.0684852
3078,2.3989333654656524,0.7552833793518512,-1.0446159291,1.0684703
3079,2.3999333654656523,0.7552833793518512,-1.0446162332,1.0684554
3080,2.400933365465652,0.7552833793518512,-1.0446165340,1.0684405
3081,2.401933365465652,0.7552833793518512,-1.0446168313,1.0684257
3082,2.402933365465652,0.7552833793518512,-1.0446171253,1.0684110
3083,2.403933365465652,0.7552833793518512,-1.0446174159,1.0683962
3084,2.404933365465652,0.7552833793518512,-1.0446177033,1.0683815
3085,2.405933213160808,0.755265926945414,-1.0446130994,1.0683753
3086,2.406933213160808,0.755265926945414,-1.0446133802,1.0683607
3087,2.407933213160808,0.755265926945414,-1.0446136579,1.0683461
3088,2.408933213160808,0.755265926945414,-1.0446139322,1.0683316
3089,2.409933213160808,0.755265926945414,-1.0446142033,1.0683170
3090,2.410933213160808,0.755265926945414,-1.0446144711,1.0683026
3091,2.411933213160808,0.755265926945414,-1.0446147358,1.0682881
3092,2.4129332131608074,0.755265926945414,-1.0446149972,1.0682737
3093,2.413933213160808,0.755265926945414,-1.0446152555,1.0682594
3094,2.4149332131608072,0.755265926945414,-1.0446155105,1.0682450
3095,2.415933213160807,0.755265926945414,-1.0446157622,1.0682308
3096,2.416933213160807,0.755265926945414,-1.0446160108,1.0682165
3097,2.417933213160807,0.755265926945414,-1.0446162562,1.0682023
3098,2.418933213160807,0.755265926945414,-1.0446164984,1.0681881
3099,2.4199332131608067,0.755265926945414,-1.0446167377,1.0681740
3100,2.4209332131608066,0.755265926945414,-1.0446169739,1.0681598
3101,2.4219332131608065,0.755265926945414,-1.0446172070,1.0681458
3102,2.4229332131608063,0.755265926945414,-1.0446174371,1.0681317
3103,2.4239332131608062,0.755265926945414,-1.0446176641,1.0681177
3104,2.424933213160806,0.755265926945414,-1.0446178881,1.0681038
3105,2.425933213160806,0.755265926945414,-1.0446181091,1.0680898
3106,2.426933213160806,0.755265926945414,-1.0446183272,1.0680759
3107,2.427933213160806,0.755265926945414,-1.0446185423,1.0680621
3108,2.4289332131608057,0.755265926945414,-1.0446187544,1.0680483
3109,2.4299332131608056,0.755265926945414,-1.0446189635,1.0680345
3110,2.430933060855962,0.7552484745389767,-1.0446142849,1.0680291
3111,2.431933060855962,0.7552484745389767,-1.0446144884,1.0680154
3112,2.432933060855962,0.7552484745389767,-1.0446146890,1.0680017
3113,2.4339330608559617,0.7552484745389767,-1.0446148866,1.0679881
3114,2.4349330608559616,0.7552484745389767,-1.0446150816,1.0679745
3115,2.435933060855961,0.7552484745389767,-1.0446152738,1.0679609
3116,2.4369330608559614,0.7552484745389767,-1.0446158683,1.0679455
3117,2.4379330608559613,0.7552484745389767,-1.0446160515,1.0679321
3118,2.438933060855961,0.7552484745389767,-1.0446162319,1.0679186
3119,2.439933060855961,0.7552484745389767,-1.0446164095,1.0679052
3120,2.440933060855961,0.7552484745389767,-1.0446165843,1.0678918
3121,2.441933060855961,0.7552484745389767,-1.0446167565,1.0678784
3122,2.4429330608559607,0.7552484745389767,-1.0446169259,1.0678651
3123,2.4439330608559606,0.7552484745389767,-1.0446170926,1.0678518
3124,2.4449330608559605,0.7552484745389767,-1.0446172567,1.0678386
3125,2.4459330608559604,0.7552484745389767,-1.0446174208,1.0678253
3126,2.4469330608559603,0.7552484745389767,-1.0446175793,1.0678122
3127,2.44793306085596,0.7552484745389767,-1.0446177353,1.0677990
3128,2.44893306085596,0.7552484745389767,-1.0446178886,1.0677859
3129,2.44993306085596,0.7552484745389767,-1.0446180393,1.0677728
3130,2.45093306085596,0.7552484745389767,-1.0446181874,1.0677598
3131,2.45193306085596,0.7552484745389767,-1.0446183329,1.0677467
3132,2.45293306085596,0.7552484745389767,-1.0446184757,1.0677338
3133,2.4539330608559595,0.7552484745389767,-1.0446186162,1.0677208
3134,2.4549330608559594,0.7552484745389767,-1.0446187540,1.0677079
3135,2.45593306085596,0.7552484745389767,-1.0446188892,1.0676950
3136,2.456933060855959,0.7552484745389767,-1.0446190220,1.0676822
3137,2.457933060855959,0.7552484745389767,-1.0446191522,1.0676693
3138,2.458933060855959,0.7552484745389767,-1.0446192799,1.0676566
3139,2.4599329085511155,0.7552310221325395,-1.0446145233,1.0676522
3140,2.460932908551116,0.7552310221325395,-1.0446146462,1.0676395
3141,2.4619329085511152,0.7552310221325395,-1.0446147666,1.0676268
3142,2.462932908551115,0.7552310221325395,-1.0446148846,1.0676142
3143,2.463932908551115,0.7552310221325395,-1.0446150001,1.0676015
3144,2.464932908551115,0.7552310221325395,-1.0446151132,1.0675890
3145,2.465932908551115,0.7552310221325395,-1.0446152239,1.0675764
3146,2.4669329085511147,0.7552310221325395,-1.0446153322,1.0675639
3147,2.4679329085511146,0.7552310221325395,-1.0446154381,1.0675514
3148,2.4689329085511145,0.7552310221325395,-1.0446155417,1.0675389
3149,2.4699329085511144,0.7552310221325395,-1.0446156428,1.0675265
3150,2.4709329085511142,0.7552310221325395,-1.0446157415,1.0675141
3151,2.471932908551114,0.7552310221325395,-1.0446158379,1.0675017
3152,2.472932908551114,0.7552310221325395,-1.0446159320,1.0674894
3153,2.473932908551114,0.7552310221325395,-1.0446160237,1.0674771
3154,2.474932908551114,0.7552310221325395,-1.0446161131,1.0674648
3155,2.4759329085511137,0.7552310221325395,-1.0446162002,1.0674526
3156,2.4769329085511136,0.7552310221325395,-1.0446151482,1.0674406
3157,2.477932908551113,0.7552310221325395,-1.0446152370,1.0674284
3158,2.4789329085511134,0.7552310221325395,-1.0446153236,1.0674163
3159,2.4799329085511133,0.7552310221325395,-1.0446154079,1.0674041
3160,2.480932908551113,0.7552310221325395,-1.0446154900,1.0673921
3161,2.481932908551113,0.7552310221325395,-1.0446152929,1.0673794
3162,2.482932908551113,0.7552310221325395,-1.0446153702,1.0673673
3163,2.483932908551113,0.7552310221325395,-1.0446154454,1.0673554
3164,2.4849329085511127,0.7552310221325395,-1.0446155184,1.0673434
3165,2.4859329085511126,0.7552310221325395,-1.0446155891,1.0673315
3166,2.4869329085511125,0.7552310221325395,-1.0446156577,1.0673196
3167,2.4879329085511124,0.7552310221325395,-1.0446157242,1.0673077
3168,2.488932756246269,0.7552135697261022,-1.0446109099,1.0673043
3169,2.4899327562462688,0.7552135697261022,-1.0446109721,1.0672925
3170,2.4909327562462686,0.7552135697261022,-1.0446110330,1.0672807
3171,2.4919327562462685,0.7552135697261022,-1.0446110910,1.0672690
3172,2.4929327562462684,0.7552135697261022,-1.0446111469,1.0672573
3173,2.4939327562462683,0.7552135697261022,-1.0446111599,1.0672454
3174,2.494932603941425,0.7552310221325395,-1.0446160898,1.0672254
3175,2.4959326039414247,0.7552310221325395,-1.0446161396,1.0672137
3176,2.496932603941425,0.7552310221325395,-1.0446161874,1.0672022
3177,2.497932451636581,0.7552135697261022,-1.0446113556,1.0671990
3178,2.498932299331737,0.755196117319665,-1.0446065215,1.0671959
3179,2.499932147026894,0.7551786649132277,-1.0446016851,1.0671928
3180,2.500931537853913,0.7552135644099303,-1.0446114799,1.0671645
