,BL1,BL2,r1-r2,NO1,NO2,NO3
0,0.7552087201092559,2.4959842047537606,-1.7407754846445047,1.97499945,1.00002822,0.02497233
1,0.7551912677028186,2.494984357058604,-1.7397930893557856,1.97500109,1.00002831,0.02497059
2,0.7552087201092559,2.493984509363448,-1.7387757892541922,1.97500000,1.00002841,0.02497159
3,0.7552087201092559,2.492984509363448,-1.7377757892541923,1.97500027,1.00002851,0.02497122
4,0.7552261725156931,2.4919846616682912,-1.736758489152598,1.97499918,1.00002861,0.02497221
5,0.7552261725156931,2.490984661668292,-1.7357584891525986,1.97499946,1.00002871,0.02497183
6,0.7552261725156931,2.4899846616682915,-1.7347584891525982,1.97499973,1.00002881,0.02497146
7,0.7552087201092559,2.488984813973135,-1.733776093863879,1.97500138,1.00002890,0.02496972
8,0.7552087201092559,2.487984813973135,-1.7327760938638792,1.97500165,1.00002900,0.02496934
9,0.7552087201092559,2.486984813973135,-1.7317760938638793,1.97500193,1.00002910,0.02496897
10,0.7552087201092559,2.485984813973136,-1.7307760938638803,1.97500221,1.00002920,0.02496859
11,0.7552087201092559,2.4849848139731354,-1.7297760938638795,1.97500249,1.00002930,0.02496821
12,0.7552261725156931,2.483984966277979,-1.7287587937622857,1.97500141,1.00002940,0.02496919
13,0.7552261725156931,2.482984966277979,-1.7277587937622858,1.97500169,1.00002950,0.02496881
14,0.7552261725156931,2.481984966277979,-1.726758793762286,1.97500197,1.00002960,0.02496843
15,0.7552261725156931,2.48098496627798,-1.725758793762287,1.97499868,1.00002969,0.02497163
16,0.7552261725156931,2.47998496627798,-1.7247587937622866,1.97499895,1.00002979,0.02497125
17,0.7552261725156931,2.4789849662779795,-1.7237587937622862,1.97499923,1.00002989,0.02497087
18,0.7552261725156931,2.47798496627798,-1.7227587937622868,1.97499951,1.00003000,0.02497049
19,0.7552261725156931,2.47698496627798,-1.721758793762287,1.97499979,1.00003010,0.02497011
20,0.7552261725156931,2.47598496627798,-1.7207587937622866,1.97500007,1.00003020,0.02496973
21,0.7552261725156931,2.47498496627798,-1.7197587937622867,1.97500035,1.00003030,0.02496935
22,0.7552261725156931,2.47398496627798,-1.7187587937622868,1.97500063,1.00003041,0.02496896
23,0.7552261725156931,2.47298496627798,-1.717758793762287,1.97500091,1.00003051,0.02496858
24,0.7552261725156931,2.4719849662779803,-1.716758793762287,1.97500120,1.00003061,0.02496819
25,0.7552261725156931,2.4709849662779804,-1.7157587937622871,1.97500148,1.00003072,0.02496780
26,0.7552261725156931,2.4699849662779805,-1.7147587937622872,1.97500176,1.00003082,0.02496742
27,0.7552261725156931,2.4689849662779806,-1.7137587937622873,1.97500205,1.00003092,0.02496703
28,0.7552436249221304,2.467985118582824,-1.7127414936606937,1.97500097,1.00003103,0.02496799
29,0.7552436249221304,2.466985118582824,-1.7117414936606938,1.97500126,1.00003114,0.02496760
30,0.7552436249221304,2.4659851185828243,-1.710741493660694,1.97500155,1.00003124,0.02496721
31,0.7552436249221304,2.4649851185828244,-1.709741493660694,1.97500184,1.00003135,0.02496681
32,0.7552436249221304,2.4639851185828245,-1.7087414936606942,1.97500213,1.00003146,0.02496642
33,0.7552436249221304,2.4629851185828247,-1.7077414936606943,1.97500242,1.00003156,0.02496602
34,0.7552436249221304,2.4619851185828248,-1.7067414936606944,1.97500271,1.00003167,0.02496562
35,0.7552436249221304,2.460985118582825,-1.7057414936606945,1.97500300,1.00003178,0.02496522
36,0.7552436249221304,2.459985118582825,-1.7047414936606946,1.97500329,1.00003188,0.02496482
37,0.7552436249221304,2.458985118582825,-1.7037414936606947,1.97500359,1.00003199,0.02496442
38,0.7552436249221304,2.457985118582825,-1.7027414936606948,1.97500388,1.00003210,0.02496402
39,0.7552436249221304,2.4569851185828253,-1.701741493660695,1.97500417,1.00003221,0.02496362
40,0.7552436249221304,2.4559851185828254,-1.700741493660695,1.97500447,1.00003232,0.02496321
41,0.7552436249221304,2.454985118582825,-1.6997414936606947,1.97500477,1.00003243,0.02496281
42,0.7552436249221304,2.4539851185828256,-1.6987414936606953,1.97500507,1.00003254,0.02496240
43,0.7552436249221304,2.4529851185828258,-1.6977414936606954,1.97500536,1.00003265,0.02496199
44,0.7552436249221304,2.451985118582826,-1.6967414936606955,1.97500566,1.00003276,0.02496158
45,0.7552436249221304,2.450985118582826,-1.6957414936606956,1.97500596,1.00003287,0.02496117
46,0.7552436249221304,2.449985118582826,-1.6947414936606957,1.97500626,1.00003298,0.02496076
47,0.7552436249221304,2.448985118582826,-1.6937414936606958,1.97500657,1.00003309,0.02496034
48,0.7552436249221304,2.4479851185828263,-1.692741493660696,1.97500687,1.00003320,0.02495993
49,0.7552436249221304,2.4469851185828264,-1.691741493660696,1.97500717,1.00003331,0.02495951
50,0.7552436249221304,2.4459851185828265,-1.6907414936606961,1.97500748,1.00003343,0.02495910
51,0.7552436249221304,2.444985118582826,-1.6897414936606958,1.97500778,1.00003354,0.02495868
52,0.7552436249221304,2.4439851185828267,-1.6887414936606964,1.97500809,1.00003365,0.02495826
53,0.7552436249221304,2.442985118582827,-1.6877414936606965,1.97500839,1.00003377,0.02495784
54,0.7552436249221304,2.441985118582827,-1.6867414936606966,1.97500870,1.00003388,0.02495742
55,0.7552436249221304,2.440985118582827,-1.6857414936606967,1.97500901,1.00003399,0.02495700
56,0.7552436249221304,2.439985118582827,-1.6847414936606968,1.97500932,1.00003411,0.02495657
57,0.7552436249221304,2.438985118582828,-1.6837414936606978,1.97500963,1.00003422,0.02495615
58,0.7552436249221304,2.4379851185828274,-1.682741493660697,1.97500994,1.00003434,0.02495572
59,0.7552610773285676,2.436985270887671,-1.6817241935591034,1.97500889,1.00003446,0.02495665
60,0.7552610773285676,2.435985270887671,-1.6807241935591035,1.97500920,1.00003457,0.02495622
61,0.7552610773285676,2.434985270887671,-1.6797241935591036,1.97500952,1.00003469,0.02495579
62,0.7552610773285676,2.4339852708876712,-1.6787241935591037,1.97500983,1.00003481,0.02495536
63,0.7552610773285676,2.432985270887672,-1.6777241935591043,1.97501015,1.00003492,0.02495493
64,0.7552610773285676,2.4319852708876715,-1.676724193559104,1.97501046,1.00003504,0.02495450
65,0.7552610773285676,2.430985270887672,-1.6757241935591045,1.97501078,1.00003516,0.02495406
66,0.7552610773285676,2.429985270887672,-1.6747241935591046,1.97501110,1.00003528,0.02495363
67,0.7552610773285676,2.428985270887672,-1.6737241935591043,1.97501142,1.00003540,0.02495319
68,0.7552610773285676,2.427985270887672,-1.6727241935591044,1.97501173,1.00003552,0.02495275
69,0.7552610773285676,2.426985270887672,-1.6717241935591045,1.97501206,1.00003563,0.02495231
70,0.7552610773285676,2.425985270887672,-1.6707241935591046,1.97501238,1.00003575,0.02495187
71,0.7552610773285676,2.424985270887672,-1.6697241935591043,1.97501270,1.00003587,0.02495143
72,0.7552610773285676,2.4239852708876723,-1.6687241935591048,1.97501302,1.00003600,0.02495098
73,0.7552610773285676,2.4229852708876725,-1.667724193559105,1.97501335,1.00003612,0.02495054
74,0.7552610773285676,2.421985270887673,-1.6667241935591055,1.97501367,1.00003624,0.02495009
75,0.7552610773285676,2.4209852708876727,-1.6657241935591052,1.97501400,1.00003636,0.02494965
76,0.7552610773285676,2.419985270887673,-1.6647241935591053,1.97501432,1.00003648,0.02494920
77,0.7552610773285676,2.418985270887673,-1.6637241935591054,1.97501465,1.00003660,0.02494875
78,0.7552610773285676,2.417985270887673,-1.6627241935591055,1.97501498,1.00003673,0.02494830
79,0.7552610773285676,2.416985270887673,-1.6617241935591056,1.97501531,1.00003685,0.02494784
80,0.7552610773285676,2.415985270887673,-1.6607241935591053,1.97501564,1.00003697,0.02494739
81,0.7552610773285676,2.4149852708876733,-1.6597241935591058,1.97501597,1.00003710,0.02494694
82,0.7552610773285676,2.413985270887673,-1.6587241935591055,1.97501630,1.00003722,0.02494648
83,0.7552610773285676,2.4129852708876736,-1.657724193559106,1.97501663,1.00003735,0.02494602
84,0.7552785297350049,2.411985423192517,-1.6567068934575122,1.97501560,1.00003747,0.02494692
85,0.7552785297350049,2.410985423192517,-1.6557068934575123,1.97501594,1.00003760,0.02494646
86,0.7552785297350049,2.4099854231925173,-1.6547068934575124,1.97501627,1.00003773,0.02494600
87,0.7552785297350049,2.4089854231925174,-1.6537068934575125,1.97501661,1.00003785,0.02494554
88,0.7552785297350049,2.407985423192517,-1.6527068934575122,1.97501694,1.00003798,0.02494508
89,0.7552785297350049,2.4069854231925176,-1.6517068934575128,1.97501728,1.00003811,0.02494461
90,0.7552785297350049,2.4059854231925177,-1.6507068934575129,1.97501762,1.00003823,0.02494415
91,0.7552785297350049,2.404985423192518,-1.649706893457513,1.97501796,1.00003836,0.02494368
92,0.7552785297350049,2.403985423192518,-1.648706893457513,1.97501830,1.00003849,0.02494321
93,0.7552785297350049,2.402985423192518,-1.6477068934575132,1.97501864,1.00003862,0.02494274
94,0.7552785297350049,2.401985423192518,-1.6467068934575133,1.97501898,1.00003875,0.02494227
95,0.7552785297350049,2.4009854231925183,-1.6457068934575134,1.97501933,1.00003888,0.02494180
96,0.7552785297350049,2.3999854231925184,-1.6447068934575135,1.97501967,1.00003901,0.02494132
97,0.7552785297350049,2.3989854231925185,-1.6437068934575136,1.97502002,1.00003914,0.02494085
98,0.7552785297350049,2.3979854231925186,-1.6427068934575138,1.97502036,1.00003927,0.02494037
99,0.7552785297350049,2.3969854231925187,-1.6417068934575139,1.97502071,1.00003940,0.02493989
100,0.7552785297350049,2.395985423192519,-1.640706893457514,1.97502106,1.00003953,0.02493941
101,0.7552785297350049,2.394985423192519,-1.639706893457514,1.97502141,1.00003966,0.02493893
102,0.7552785297350049,2.393985423192519,-1.6387068934575142,1.97502175,1.00003979,0.02493845
103,0.7552785297350049,2.392985423192519,-1.6377068934575143,1.97502211,1.00003993,0.02493797
104,0.7552785297350049,2.39198542319252,-1.6367068934575153,1.97502246,1.00004006,0.02493748
105,0.7552785297350049,2.3909854231925194,-1.6357068934575145,1.97502281,1.00004019,0.02493700
106,0.7552785297350049,2.3899854231925195,-1.6347068934575146,1.97502316,1.00004033,0.02493651
107,0.7552959821414421,2.388985575497363,-1.6336895933559208,1.97502215,1.00004047,0.02493738
108,0.7552959821414421,2.387985575497363,-1.632689593355921,1.97502251,1.00004060,0.02493689
109,0.7552959821414421,2.3869855754973632,-1.631689593355921,1.97502286,1.00004074,0.02493640
110,0.7552959821414421,2.385985575497364,-1.6306895933559216,1.97502322,1.00004087,0.02493591
111,0.7552959821414421,2.3849855754973635,-1.6296895933559212,1.97502358,1.00004101,0.02493541
112,0.7552959821414421,2.383985575497364,-1.6286895933559218,1.97502394,1.00004114,0.02493492
113,0.7552959821414421,2.382985575497364,-1.627689593355922,1.97502430,1.00004128,0.02493442
114,0.7552959821414421,2.381985575497364,-1.6266895933559216,1.97502466,1.00004142,0.02493393
115,0.7552959821414421,2.380985575497364,-1.6256895933559217,1.97502502,1.00004156,0.02493343
116,0.7552959821414421,2.379985575497364,-1.6246895933559218,1.97502538,1.00004169,0.02493293
117,0.7552959821414421,2.378985575497364,-1.623689593355922,1.97502574,1.00004183,0.02493242
118,0.7552959821414421,2.377985575497364,-1.6226895933559216,1.97502611,1.00004197,0.02493192
119,0.7552959821414421,2.3769855754973643,-1.621689593355922,1.97502647,1.00004211,0.02493142
120,0.7552959821414421,2.3759855754973644,-1.6206895933559222,1.97502684,1.00004225,0.02493091
121,0.7552959821414421,2.374985575497365,-1.6196895933559228,1.97502720,1.00004239,0.02493040
122,0.7552959821414421,2.3739855754973647,-1.6186895933559224,1.97502757,1.00004253,0.02492989
123,0.7552959821414421,2.3729855754973648,-1.6176895933559226,1.97502794,1.00004267,0.02492938
124,0.7552959821414421,2.371985575497365,-1.6166895933559227,1.97502831,1.00004282,0.02492887
125,0.7552959821414421,2.370985575497365,-1.6156895933559228,1.97502868,1.00004296,0.02492836
126,0.7552959821414421,2.369985575497365,-1.6146895933559229,1.97502905,1.00004310,0.02492785
127,0.7553134345478794,2.3689857278022086,-1.6136722932543293,1.97502806,1.00004325,0.02492869
128,0.7553134345478794,2.3679857278022087,-1.6126722932543294,1.97502844,1.00004339,0.02492817
129,0.7553134345478794,2.366985727802209,-1.6116722932543295,1.97502881,1.00004353,0.02492766
130,0.7553134345478794,2.365985727802209,-1.6106722932543296,1.97502918,1.00004368,0.02492714
131,0.7553134345478794,2.364985727802209,-1.6096722932543297,1.97502956,1.00004382,0.02492662
132,0.7553134345478794,2.363985727802209,-1.6086722932543298,1.97502994,1.00004397,0.02492609
133,0.7553134345478794,2.3629857278022093,-1.60767229325433,1.97503032,1.00004411,0.02492557
134,0.7553134345478794,2.3619857278022094,-1.60667229325433,1.97503070,1.00004426,0.02492504
135,0.7553134345478794,2.360985727802209,-1.6056722932543297,1.97503108,1.00004441,0.02492452
136,0.7553134345478794,2.3599857278022096,-1.6046722932543303,1.97503146,1.00004455,0.02492399
137,0.7553134345478794,2.3589857278022097,-1.6036722932543304,1.97503184,1.00004470,0.02492346
138,0.7553134345478794,2.35798572780221,-1.6026722932543305,1.97503222,1.00004485,0.02492293
139,0.7553134345478794,2.35698572780221,-1.6016722932543306,1.97503261,1.00004500,0.02492240
140,0.7553134345478794,2.35598572780221,-1.6006722932543307,1.97503299,1.00004515,0.02492186
141,0.7553134345478794,2.35498572780221,-1.5996722932543308,1.97503338,1.00004530,0.02492133
142,0.7553134345478794,2.3539857278022103,-1.598672293254331,1.97503376,1.00004545,0.02492079
143,0.7553134345478794,2.3529857278022104,-1.597672293254331,1.97503415,1.00004560,0.02492025
144,0.7553134345478794,2.3519857278022105,-1.5966722932543311,1.97503454,1.00004575,0.02491971
145,0.7553134345478794,2.3509857278022106,-1.5956722932543312,1.97503493,1.00004590,0.02491917
146,0.7553308869543166,2.349985880107054,-1.5946549931527376,1.97503669,1.00004605,0.02491725
147,0.7553308869543166,2.3489858801070542,-1.5936549931527377,1.97503709,1.00004621,0.02491670
148,0.7553308869543166,2.3479858801070543,-1.5926549931527378,1.97503749,1.00004636,0.02491615
149,0.7553308869543166,2.3469858801070544,-1.591654993152738,1.97503789,1.00004651,0.02491560
150,0.7553308869543166,2.3459858801070546,-1.590654993152738,1.97503830,1.00004667,0.02491504
151,0.7553308869543166,2.3449858801070547,-1.5896549931527382,1.97503870,1.00004682,0.02491448
152,0.7553308869543166,2.3439858801070548,-1.5886549931527383,1.97503910,1.00004697,0.02491392
153,0.7553308869543166,2.342985880107055,-1.5876549931527384,1.97503951,1.00004713,0.02491336
154,0.7553308869543166,2.341985880107055,-1.5866549931527385,1.97503991,1.00004728,0.02491280
155,0.7553308869543166,2.340985880107055,-1.5856549931527386,1.97504032,1.00004744,0.02491224
156,0.7553308869543166,2.339985880107055,-1.5846549931527387,1.97504073,1.00004760,0.02491167
157,0.7553308869543166,2.338985880107056,-1.5836549931527397,1.97504114,1.00004775,0.02491111
158,0.7553308869543166,2.3379858801070554,-1.582654993152739,1.97504155,1.00004791,0.02491054
159,0.7553308869543166,2.3369858801070555,-1.581654993152739,1.97504196,1.00004807,0.02490997
160,0.7553308869543166,2.335985880107056,-1.5806549931527396,1.97504237,1.00004823,0.02490940
161,0.7553308869543166,2.334985880107056,-1.5796549931527397,1.97504279,1.00004838,0.02490883
162,0.7553483393607539,2.3339860324119,-1.5786376930511463,1.97504184,1.00004855,0.02490961
163,0.7553483393607539,2.3329860324118994,-1.5776376930511455,1.97504225,1.00004871,0.02490904
164,0.7553483393607539,2.3319860324118995,-1.5766376930511457,1.97504267,1.00004887,0.02490846
165,0.7553483393607539,2.3309860324119,-1.5756376930511462,1.97504309,1.00004903,0.02490789
166,0.7553483393607539,2.3299860324119,-1.5746376930511463,1.97504351,1.00004919,0.02490731
167,0.7553483393607539,2.3289860324119,-1.573637693051146,1.97504392,1.00004935,0.02490673
168,0.7553483393607539,2.3279860324119,-1.572637693051146,1.97504434,1.00004951,0.02490614
169,0.7553483393607539,2.3269860324119,-1.5716376930511462,1.97504477,1.00004968,0.02490556
170,0.7553483393607539,2.3259860324119,-1.5706376930511463,1.97504519,1.00004984,0.02490497
171,0.7553483393607539,2.3249860324119003,-1.5696376930511464,1.97504561,1.00005000,0.02490439
172,0.7553483393607539,2.3239860324119004,-1.5686376930511465,1.97504604,1.00005017,0.02490380
173,0.7553483393607539,2.3229860324119005,-1.5676376930511466,1.97504646,1.00005033,0.02490321
174,0.7553483393607539,2.3219860324119006,-1.5666376930511468,1.97504689,1.00005050,0.02490262
175,0.7553483393607539,2.3209860324119007,-1.5656376930511469,1.97504731,1.00005066,0.02490202
176,0.7553483393607539,2.319986032411901,-1.564637693051147,1.97504774,1.00005083,0.02490143
177,0.7553483393607539,2.318986032411901,-1.563637693051147,1.97504817,1.00005099,0.02490083
178,0.7553657917671911,2.3179861847167444,-1.5626203929495532,1.97504724,1.00005117,0.02490159
179,0.7553657917671911,2.316986184716745,-1.5616203929495538,1.97504767,1.00005133,0.02490100
180,0.7553657917671911,2.3159861847167447,-1.5606203929495535,1.97504810,1.00005150,0.02490040
181,0.7553657917671911,2.3149861847167448,-1.5596203929495536,1.97504854,1.00005167,0.02489979
182,0.7553657917671911,2.313986184716745,-1.5586203929495537,1.97504897,1.00005184,0.02489919
183,0.7553657917671911,2.312986184716745,-1.5576203929495538,1.97504941,1.00005201,0.02489858
184,0.7553657917671911,2.311986184716745,-1.556620392949554,1.97504984,1.00005218,0.02489798
185,0.7553657917671911,2.310986184716745,-1.555620392949554,1.97505028,1.00005235,0.02489737
186,0.7553657917671911,2.3099861847167453,-1.5546203929495541,1.97505072,1.00005252,0.02489676
187,0.7553657917671911,2.308986184716745,-1.5536203929495538,1.97505116,1.00005269,0.02489615
188,0.7553657917671911,2.307986184716745,-1.552620392949554,1.97505160,1.00005286,0.02489554
189,0.7553657917671911,2.3069861847167457,-1.5516203929495545,1.97505204,1.00005304,0.02489492
190,0.7553657917671911,2.3059861847167458,-1.5506203929495546,1.97505248,1.00005321,0.02489431
191,0.7553657917671911,2.304986184716746,-1.5496203929495547,1.97505293,1.00005338,0.02489369
192,0.7553832441736283,2.3039863370215894,-1.548603092847961,1.97505201,1.00005356,0.02489443
193,0.7553832441736283,2.302986337021589,-1.5476030928479607,1.97505245,1.00005374,0.02489381
194,0.7553832441736283,2.3019863370215896,-1.5466030928479613,1.97505290,1.00005391,0.02489319
195,0.7553832441736283,2.3009863370215897,-1.5456030928479614,1.97505335,1.00005409,0.02489256
196,0.7553832441736283,2.29998633702159,-1.5446030928479615,1.97505380,1.00005427,0.02489194
197,0.7553832441736283,2.29898633702159,-1.5436030928479616,1.97505425,1.00005444,0.02489131
198,0.7553832441736283,2.29798633702159,-1.5426030928479617,1.97505470,1.00005462,0.02489068
199,0.7553832441736283,2.29698633702159,-1.5416030928479618,1.97505515,1.00005480,0.02489005
200,0.7553832441736283,2.2959863370215903,-1.540603092847962,1.97505485,1.00005497,0.02489017
201,0.7553832441736283,2.2949863370215904,-1.539603092847962,1.97505531,1.00005515,0.02488954
202,0.7553832441736283,2.2939863370215905,-1.5386030928479622,1.97505577,1.00005533,0.02488890
203,0.7553832441736283,2.2929863370215906,-1.5376030928479623,1.97505623,1.00005551,0.02488825
204,0.7553832441736283,2.2919863370215907,-1.5366030928479624,1.97505670,1.00005569,0.02488761
205,0.7553832441736283,2.290986337021591,-1.5356030928479625,1.97505717,1.00005587,0.02488696
206,0.7554006965800656,2.2899864893264343,-1.5345857927463689,1.97505656,1.00005606,0.02488737
207,0.7554006965800656,2.2889864893264344,-1.533585792746369,1.97505702,1.00005625,0.02488673
208,0.7554006965800656,2.2879864893264346,-1.532585792746369,1.97505749,1.00005643,0.02488609
209,0.7554006965800656,2.2869864893264347,-1.5315857927463692,1.97505795,1.00005661,0.02488544
210,0.7554006965800656,2.285986489326435,-1.5305857927463693,1.97505841,1.00005680,0.02488479
211,0.7554006965800656,2.284986489326435,-1.5295857927463694,1.97505887,1.00005698,0.02488415
212,0.7554006965800656,2.283986489326435,-1.5285857927463695,1.97505934,1.00005717,0.02488349
213,0.7554006965800656,2.282986489326435,-1.5275857927463696,1.97505981,1.00005735,0.02488284
214,0.7554006965800656,2.281986489326435,-1.5265857927463697,1.97506028,1.00005754,0.02488219
215,0.7554006965800656,2.280986489326436,-1.5255857927463707,1.97506075,1.00005772,0.02488153
216,0.7554006965800656,2.2799864893264354,-1.52458579274637,1.97506122,1.00005791,0.02488086
217,0.7554006965800656,2.2789864893264355,-1.52358579274637,1.97506170,1.00005810,0.02488020
218,0.7554181489865028,2.277986641631279,-1.5225684926447762,1.97506082,1.00005829,0.02488089
219,0.7554181489865028,2.276986641631279,-1.5215684926447763,1.97506131,1.00005848,0.02488021
220,0.7554181489865028,2.27598664163128,-1.5205684926447773,1.97506179,1.00005867,0.02487954
221,0.7554181489865028,2.2749866416312794,-1.5195684926447766,1.97506229,1.00005886,0.02487885
222,0.7554181489865028,2.2739866416312795,-1.5185684926447767,1.97506278,1.00005905,0.02487817
223,0.7554181489865028,2.27298664163128,-1.5175684926447772,1.97506329,1.00005924,0.02487747
224,0.7554181489865028,2.27198664163128,-1.5165684926447773,1.97506053,1.00005946,0.02488002
225,0.7554181489865028,2.27098664163128,-1.515568492644777,1.97506035,1.00005966,0.02487999
226,0.7554181489865028,2.26998664163128,-1.514568492644777,1.97506370,1.00005984,0.02487646
227,0.7554181489865028,2.26898664163128,-1.5135684926447772,1.97506408,1.00006004,0.02487589
228,0.7554181489865028,2.26798664163128,-1.5125684926447773,1.97506447,1.00006024,0.02487529
229,0.7554181489865028,2.2669866416312803,-1.5115684926447774,1.97506489,1.00006043,0.02487468
230,0.7554356013929401,2.265986793936124,-1.5105511925431836,1.97506396,1.00006064,0.02487541
231,0.7554356013929401,2.264986793936124,-1.5095511925431837,1.97506438,1.00006084,0.02487478
232,0.7554356013929401,2.263986793936124,-1.5085511925431838,1.97506482,1.00006103,0.02487414
233,0.7554356013929401,2.262986793936124,-1.507551192543184,1.97506527,1.00006123,0.02487350
234,0.7554356013929401,2.261986793936124,-1.5065511925431836,1.97506572,1.00006143,0.02487285
235,0.7554356013929401,2.2609867939361243,-1.5055511925431841,1.97506617,1.00006163,0.02487220
236,0.7554356013929401,2.2599867939361244,-1.5045511925431843,1.97506407,1.00006186,0.02487407
237,0.7554356013929401,2.258986793936125,-1.5035511925431848,1.97506450,1.00006206,0.02487344
238,0.7554356013929401,2.2579867939361247,-1.5025511925431845,1.97506493,1.00006227,0.02487281
239,0.7554356013929401,2.256986793936125,-1.5015511925431846,1.97506536,1.00006247,0.02487217
240,0.7554356013929401,2.255986793936125,-1.5005511925431847,1.97506592,1.00006267,0.02487141
241,0.7554530537993773,2.2549869462409684,-1.499533892441591,1.97506502,1.00006287,0.02487210
242,0.7554530537993773,2.2539869462409685,-1.4985338924415912,1.97506548,1.00006308,0.02487144
243,0.7554530537993773,2.2529869462409686,-1.4975338924415913,1.97506595,1.00006328,0.02487077
244,0.7554530537993773,2.2519869462409687,-1.4965338924415914,1.97506641,1.00006349,0.02487010
245,0.7554530537993773,2.250986946240969,-1.4955338924415915,1.97506687,1.00006369,0.02486944
246,0.7554530537993773,2.249986946240969,-1.4945338924415916,1.97507017,1.00006386,0.02486598
247,0.7554530537993773,2.248986946240969,-1.4935338924415917,1.97507065,1.00006406,0.02486529
248,0.7554530537993773,2.247986946240969,-1.4925338924415918,1.97507111,1.00006427,0.02486462
249,0.7554530537993773,2.2469869462409693,-1.491533892441592,1.97507160,1.00006448,0.02486392
250,0.7554530537993773,2.2459869462409694,-1.490533892441592,1.97507210,1.00006468,0.02486322
251,0.7554530537993773,2.244986946240969,-1.4895338924415917,1.97507244,1.00006490,0.02486266
252,0.7554705062058146,2.243987098545813,-1.4885165923399986,1.97507156,1.00006512,0.02486332
253,0.7554705062058146,2.242987098545813,-1.4875165923399987,1.97507206,1.00006533,0.02486261
254,0.7554705062058146,2.241987098545813,-1.4865165923399983,1.97507255,1.00006554,0.02486191
255,0.7554705062058146,2.2409870985458133,-1.4855165923399989,1.97507305,1.00006575,0.02486121
256,0.7554705062058146,2.239987098545813,-1.4845165923399986,1.97507354,1.00006596,0.02486050
257,0.7554705062058146,2.2389870985458136,-1.483516592339999,1.97507404,1.00006617,0.02485979
258,0.7554705062058146,2.2379870985458137,-1.4825165923399992,1.97507454,1.00006638,0.02485908
259,0.7554705062058146,2.236987098545814,-1.4815165923399993,1.97507504,1.00006660,0.02485836
260,0.7554705062058146,2.235987098545814,-1.4805165923399994,1.97507555,1.00006681,0.02485764
261,0.7554705062058146,2.234987098545814,-1.4795165923399995,1.97507605,1.00006702,0.02485692
262,0.7554879586122518,2.233987250850657,-1.4784992922384053,1.97507520,1.00006725,0.02485756
263,0.7554879586122518,2.2329872508506576,-1.4774992922384058,1.97507570,1.00006746,0.02485684
264,0.7554879586122518,2.2319872508506577,-1.476499292238406,1.97507621,1.00006768,0.02485611
265,0.7554879586122518,2.230987250850658,-1.475499292238406,1.97507672,1.00006789,0.02485539
266,0.7554879586122518,2.229987250850658,-1.4744992922384061,1.97507722,1.00006811,0.02485467
267,0.7554879586122518,2.228987250850658,-1.4734992922384063,1.97507772,1.00006833,0.02485395
268,0.7554879586122518,2.227987250850658,-1.4724992922384064,1.97507823,1.00006855,0.02485322
269,0.7554879586122518,2.2269872508506583,-1.4714992922384065,1.97507873,1.00006877,0.02485250
270,0.7554879586122518,2.2259872508506584,-1.4704992922384066,1.97507923,1.00006899,0.02485179
271,0.7554879586122518,2.2249872508506585,-1.4694992922384067,1.97507972,1.00006921,0.02485107
272,0.7555054110186891,2.223987403155502,-1.4684819921368129,1.97507886,1.00006944,0.02485170
273,0.7555054110186891,2.222987403155502,-1.467481992136813,1.97507935,1.00006966,0.02485099
274,0.7555054110186891,2.2219874031555022,-1.466481992136813,1.97507985,1.00006988,0.02485027
275,0.7555054110186891,2.2209874031555024,-1.4654819921368132,1.97508062,1.00007009,0.02484929
276,0.7555054110186891,2.2199874031555025,-1.4644819921368133,1.97508111,1.00007032,0.02484857
277,0.7555054110186891,2.2189874031555026,-1.4634819921368134,1.97508160,1.00007054,0.02484785
278,0.7555054110186891,2.2179874031555027,-1.4624819921368135,1.97508210,1.00007077,0.02484713
279,0.7555054110186891,2.216987403155503,-1.4614819921368136,1.97508259,1.00007100,0.02484642
280,0.7555054110186891,2.215987403155503,-1.4604819921368137,1.97508308,1.00007122,0.02484570
281,0.7555228634251263,2.2149875554603464,-1.4594646920352201,1.97508222,1.00007146,0.02484632
282,0.7555228634251263,2.2139875554603465,-1.4584646920352202,1.97508271,1.00007168,0.02484560
283,0.7555228634251263,2.212987555460346,-1.4574646920352199,1.97508321,1.00007191,0.02484488
284,0.7555228634251263,2.2119875554603468,-1.4564646920352204,1.97508370,1.00007214,0.02484416
285,0.7555228634251263,2.210987555460347,-1.4554646920352206,1.97508420,1.00007237,0.02484343
286,0.7555228634251263,2.209987555460347,-1.4544646920352207,1.97508469,1.00007260,0.02484270
287,0.7555228634251263,2.208987555460347,-1.4534646920352208,1.97508519,1.00007283,0.02484197
288,0.7555228634251263,2.207987555460347,-1.4524646920352209,1.97508569,1.00007307,0.02484125
289,0.7555228634251263,2.206987555460348,-1.4514646920352219,1.97508619,1.00007330,0.02484051
290,0.7555403158315636,2.205987707765191,-1.4504473919336274,1.97508533,1.00007354,0.02484113
291,0.7555403158315636,2.204987707765191,-1.4494473919336275,1.97508583,1.00007377,0.02484040
292,0.7555403158315636,2.203987707765191,-1.4484473919336276,1.97508633,1.00007401,0.02483966
293,0.7555403158315636,2.202987707765191,-1.4474473919336277,1.97508683,1.00007424,0.02483892
294,0.7555403158315636,2.201987707765192,-1.4464473919336287,1.97508733,1.00007448,0.02483819
295,0.7555403158315636,2.200987707765192,-1.4454473919336284,1.97508783,1.00007471,0.02483745
296,0.7555403158315636,2.1999877077651915,-1.444447391933628,1.97508833,1.00007495,0.02483672
297,0.7555403158315636,2.198987707765192,-1.4434473919336286,1.97508883,1.00007519,0.02483598
298,0.7555577682380008,2.197987860070035,-1.4424300918320343,1.97508798,1.00007543,0.02483659
299,0.7555577682380008,2.196987860070035,-1.4414300918320344,1.97508848,1.00007567,0.02483585
300,0.7555577682380008,2.195987860070036,-1.4404300918320354,1.97508898,1.00007591,0.02483511
301,0.7555577682380008,2.1949878600700354,-1.4394300918320346,1.97508946,1.00007615,0.02483438
302,0.7555577682380008,2.1939878600700355,-1.4384300918320347,1.97508996,1.00007640,0.02483364
303,0.7555577682380008,2.192987860070036,-1.4374300918320353,1.97509046,1.00007664,0.02483290
304,0.7555577682380008,2.191987860070036,-1.4364300918320354,1.97509096,1.00007688,0.02483215
305,0.7555577682380008,2.190987860070036,-1.435430091832035,1.97509147,1.00007713,0.02483141
306,0.755575220644438,2.1899880123748794,-1.4344127917304412,1.97509061,1.00007738,0.02483201
307,0.755575220644438,2.1889880123748795,-1.4334127917304413,1.97509112,1.00007762,0.02483126
308,0.755575220644438,2.18798801237488,-1.432412791730442,1.97509162,1.00007787,0.02483051
309,0.755575220644438,2.18698801237488,-1.431412791730442,1.97509213,1.00007812,0.02482975
310,0.755575220644438,2.18598801237488,-1.4304127917304417,1.97509264,1.00007837,0.02482899
311,0.755575220644438,2.18498801237488,-1.4294127917304418,1.97509315,1.00007861,0.02482823
312,0.755575220644438,2.18398801237488,-1.4284127917304419,1.97509367,1.00007886,0.02482747
313,0.755575220644438,2.18298801237488,-1.427412791730442,1.97509419,1.00007912,0.02482670
314,0.7555926730508753,2.181988164679724,-1.4263954916288488,1.97509335,1.00007937,0.02482727
315,0.7555926730508753,2.180988164679724,-1.4253954916288485,1.97509388,1.00007963,0.02482649
316,0.7555926730508753,2.179988164679724,-1.4243954916288486,1.97509441,1.00007988,0.02482571
317,0.7555926730508753,2.178988164679724,-1.4233954916288487,1.97509495,1.00008013,0.02482492
318,0.7555926730508753,2.177988164679724,-1.4223954916288488,1.97509549,1.00008039,0.02482412
319,0.7555926730508753,2.176988164679724,-1.4213954916288485,1.97509603,1.00008064,0.02482332
320,0.7555926730508753,2.1759881646797243,-1.420395491628849,1.97509658,1.00008090,0.02482252
321,0.7555926730508753,2.1749881646797244,-1.4193954916288491,1.97509713,1.00008116,0.02482171
322,0.7556101254573125,2.173988316984568,-1.4183781915272555,1.97509633,1.00008142,0.02482225
323,0.7556101254573125,2.172988316984568,-1.4173781915272556,1.97509689,1.00008168,0.02482143
324,0.7556101254573125,2.171988316984568,-1.4163781915272557,1.97510072,1.00008190,0.02481738
325,0.7556101254573125,2.1709883169845683,-1.4153781915272559,1.97510124,1.00008216,0.02481660
326,0.7556101254573125,2.1699883169845684,-1.414378191527256,1.97510177,1.00008242,0.02481581
327,0.7556101254573125,2.1689883169845685,-1.413378191527256,1.97510230,1.00008268,0.02481502
328,0.7556101254573125,2.1679883169845686,-1.4123781915272562,1.97510282,1.00008294,0.02481423
329,0.7556275778637498,2.166988469289412,-1.4113608914256623,1.97510200,1.00008321,0.02481479
330,0.7556275778637498,2.165988469289412,-1.410360891425662,1.97510253,1.00008347,0.02481399
331,0.7556275778637498,2.1649884692894124,-1.4093608914256626,1.97510307,1.00008374,0.02481319
332,0.7556275778637498,2.1639884692894125,-1.4083608914256627,1.97510361,1.00008400,0.02481239
333,0.7556275778637498,2.162988469289413,-1.4073608914256632,1.97510415,1.00008427,0.02481158
334,0.7556275778637498,2.1619884692894127,-1.406360891425663,1.97510470,1.00008453,0.02481077
335,0.7556275778637498,2.160988469289413,-1.405360891425663,1.97510524,1.00008480,0.02480996
336,0.755645030270187,2.1599886215942563,-1.4043435913240692,1.97510444,1.00008507,0.02481048
337,0.755645030270187,2.1589886215942564,-1.4033435913240693,1.97510500,1.00008534,0.02480966
338,0.755645030270187,2.1579886215942565,-1.4023435913240694,1.97510556,1.00008561,0.02480883
339,0.755645030270187,2.1569886215942566,-1.4013435913240695,1.97510612,1.00008588,0.02480800
340,0.755645030270187,2.1559886215942567,-1.4003435913240696,1.97510669,1.00008615,0.02480716
341,0.755645030270187,2.154988621594257,-1.3993435913240697,1.97510726,1.00008642,0.02480632
342,0.755645030270187,2.153988621594257,-1.3983435913240698,1.97510784,1.00008669,0.02480547
343,0.7556624826766243,2.1529887738991005,-1.3973262912224762,1.97510706,1.00008697,0.02480597
344,0.7556624826766243,2.1519887738991006,-1.3963262912224763,1.97510764,1.00008724,0.02480512
345,0.7556624826766243,2.1509887738991007,-1.3953262912224764,1.97510822,1.00008752,0.02480426
346,0.7556624826766243,2.149988773899101,-1.3943262912224765,1.97510881,1.00008779,0.02480340
347,0.7556624826766243,2.148988773899101,-1.3933262912224766,1.97510940,1.00008807,0.02480254
348,0.7556624826766243,2.147988773899101,-1.3923262912224768,1.97510999,1.00008834,0.02480167
349,0.7556799350830615,2.1469889262039445,-1.3913089911208831,1.97510701,1.00008866,0.02480433
350,0.7556799350830615,2.1459889262039447,-1.3903089911208832,1.97510758,1.00008894,0.02480348
351,0.7556799350830615,2.1449889262039448,-1.3893089911208834,1.97510816,1.00008922,0.02480262
352,0.7556799350830615,2.143988926203945,-1.3883089911208835,1.97510874,1.00008950,0.02480176
353,0.7556799350830615,2.142988926203945,-1.3873089911208836,1.97510932,1.00008978,0.02480090
354,0.7556799350830615,2.141988926203945,-1.3863089911208837,1.97510991,1.00009006,0.02480002
355,0.7556799350830615,2.140988926203945,-1.3853089911208838,1.97511051,1.00009034,0.02479915
356,0.7556973874894988,2.1399890785087887,-1.38429169101929,1.97510975,1.00009063,0.02479961
357,0.7556973874894988,2.138989078508789,-1.38329169101929,1.97511061,1.00009091,0.02479848
358,0.7556973874894988,2.137989078508789,-1.3822916910192902,1.97511122,1.00009120,0.02479758
359,0.7556973874894988,2.136989078508789,-1.3812916910192903,1.97511184,1.00009148,0.02479667
360,0.7556973874894988,2.135989078508789,-1.3802916910192904,1.97511247,1.00009177,0.02479576
361,0.7556973874894988,2.1349890785087893,-1.3792916910192905,1.97511310,1.00009206,0.02479485
362,0.755714839895936,2.133989230813633,-1.3782743909176967,1.97511237,1.00009235,0.02479528
363,0.755714839895936,2.132989230813633,-1.3772743909176968,1.97511300,1.00009264,0.02479436
364,0.755714839895936,2.131989230813633,-1.3762743909176969,1.97511364,1.00009293,0.02479343
365,0.755714839895936,2.130989230813633,-1.375274390917697,1.97511428,1.00009322,0.02479250
366,0.755714839895936,2.129989230813633,-1.3742743909176967,1.97511492,1.00009351,0.02479157
367,0.755714839895936,2.1289892308136333,-1.3732743909176972,1.97511556,1.00009380,0.02479064
368,0.755714839895936,2.127989230813633,-1.3722743909176969,1.97511620,1.00009409,0.02478971
369,0.7557322923023733,2.126989383118477,-1.3712570908161037,1.97511547,1.00009439,0.02479013
370,0.7557322923023733,2.125989383118477,-1.3702570908161038,1.97511611,1.00009469,0.02478920
371,0.7557322923023733,2.124989383118477,-1.369257090816104,1.97511675,1.00009498,0.02478826
372,0.7557322923023733,2.1239893831184773,-1.368257090816104,1.97511739,1.00009528,0.02478733
373,0.7557322923023733,2.1229893831184774,-1.3672570908161041,1.97511803,1.00009558,0.02478640
374,0.7557322923023733,2.121989383118477,-1.3662570908161038,1.97511866,1.00009587,0.02478547
375,0.7557497447088105,2.120989535423321,-1.3652397907145106,1.97511793,1.00009618,0.02478589
376,0.7557497447088105,2.119989535423321,-1.3642397907145107,1.97511856,1.00009648,0.02478496
377,0.7557497447088105,2.118989535423321,-1.3632397907145104,1.97511918,1.00009678,0.02478404
378,0.7557497447088105,2.1179895354233214,-1.362239790714511,1.97511980,1.00009708,0.02478312
379,0.7557497447088105,2.116989535423321,-1.3612397907145106,1.97512041,1.00009738,0.02478221
380,0.7557671971152478,2.115989687728165,-1.3602224906129172,1.97511966,1.00009769,0.02478265
381,0.7557671971152478,2.114989687728165,-1.3592224906129173,1.97512025,1.00009800,0.02478175
382,0.7557671971152478,2.113989687728165,-1.3582224906129174,1.97512083,1.00009830,0.02478087
383,0.7557671971152478,2.1129896877281653,-1.3572224906129176,1.97512140,1.00009861,0.02477999
384,0.7557671971152478,2.1119896877281654,-1.3562224906129177,1.97512437,1.00009887,0.02477675
385,0.7557671971152478,2.110989687728165,-1.3552224906129173,1.97512497,1.00009918,0.02477584
386,0.755784649521685,2.109989840033009,-1.354205190511324,1.97512422,1.00009950,0.02477628
387,0.755784649521685,2.108989840033009,-1.353205190511324,1.97512481,1.00009981,0.02477538
388,0.755784649521685,2.1079898400330093,-1.3522051905113242,1.97512541,1.00010012,0.02477447
389,0.755784649521685,2.1069898400330094,-1.3512051905113243,1.97512601,1.00010043,0.02477357
390,0.755784649521685,2.105989840033009,-1.350205190511324,1.97512661,1.00010074,0.02477266
391,0.755784649521685,2.1049898400330096,-1.3492051905113245,1.97512721,1.00010105,0.02477174
392,0.7558021019281222,2.103989992337853,-1.3481878904097309,1.97512647,1.00010137,0.02477216
393,0.7558021019281222,2.102989992337853,-1.347187890409731,1.97512710,1.00010169,0.02477122
394,0.7558021019281222,2.1019899923378533,-1.346187890409731,1.97512773,1.00010200,0.02477027
395,0.7558021019281222,2.100989992337853,-1.3451878904097307,1.97512843,1.00010231,0.02476926
396,0.7558021019281222,2.0999899923378536,-1.3441878904097313,1.97512915,1.00010263,0.02476822
397,0.7558195543345595,2.098990144642697,-1.3431705903081377,1.97512854,1.00010295,0.02476851
398,0.7558195543345595,2.097990144642697,-1.3421705903081378,1.97512931,1.00010327,0.02476743
399,0.7558195543345595,2.0969901446426973,-1.341170590308138,1.97513006,1.00010359,0.02476635
400,0.7558195543345595,2.0959901446426974,-1.340170590308138,1.97513076,1.00010391,0.02476534
401,0.7558195543345595,2.094990144642697,-1.3391705903081377,1.97513142,1.00010423,0.02476435
402,0.7558370067409967,2.093990296947541,-1.3381532902065443,1.97513080,1.00010456,0.02476464
403,0.7558370067409967,2.092990296947541,-1.3371532902065444,1.97513155,1.00010487,0.02476357
404,0.7558370067409967,2.091990296947541,-1.336153290206544,1.97513222,1.00010520,0.02476258
405,0.7558370067409967,2.0909902969475413,-1.3351532902065446,1.97513286,1.00010552,0.02476162
406,0.7558370067409967,2.089990296947541,-1.3341532902065443,1.97513353,1.00010585,0.02476063
407,0.755854459147434,2.088990449252385,-1.3331359901049509,1.97513287,1.00010618,0.02476095
408,0.755854459147434,2.087990449252385,-1.332135990104951,1.97513360,1.00010651,0.02475989
409,0.755854459147434,2.086990449252385,-1.331135990104951,1.97513432,1.00010683,0.02475884
410,0.755854459147434,2.0859904492523853,-1.3301359901049512,1.97513504,1.00010716,0.02475780
411,0.755854459147434,2.0849904492523854,-1.3291359901049513,1.97513574,1.00010749,0.02475677
412,0.7558719115538712,2.083990601557229,-1.3281186900033577,1.97513507,1.00010783,0.02475710
413,0.7558719115538712,2.082990601557229,-1.3271186900033578,1.97513574,1.00010816,0.02475610
414,0.7558719115538712,2.081990601557229,-1.326118690003358,1.97513365,1.00010851,0.02475784
415,0.7558719115538712,2.0809906015572293,-1.325118690003358,1.97513450,1.00010884,0.02475666
416,0.7558719115538712,2.0799906015572294,-1.3241186900033581,1.97513531,1.00010917,0.02475552
417,0.7558893639603085,2.078990753862073,-1.3231013899017645,1.97513471,1.00010951,0.02475578
418,0.7558893639603085,2.077990753862073,-1.3221013899017646,1.97513557,1.00010986,0.02475456
419,0.7558893639603085,2.076990753862073,-1.3211013899017647,1.97513645,1.00011020,0.02475335
420,0.7558893639603085,2.075990753862073,-1.3201013899017648,1.97513725,1.00011053,0.02475222
421,0.7558893639603085,2.0749907538620733,-1.319101389901765,1.97513799,1.00011087,0.02475114
422,0.7559068163667457,2.073990906166917,-1.318084089800171,1.97513732,1.00011122,0.02475146
423,0.7559068163667457,2.072990906166917,-1.3170840898001712,1.97513797,1.00011156,0.02475048
424,0.7559068163667457,2.071990906166917,-1.3160840898001713,1.97513859,1.00011190,0.02474952
425,0.7559068163667457,2.070990906166917,-1.3150840898001714,1.97513920,1.00011224,0.02474856
426,0.7559068163667457,2.0699909061669173,-1.3140840898001716,1.97513981,1.00011258,0.02474760
427,0.755924268773183,2.068991058471761,-1.3130667896985777,1.97513909,1.00011294,0.02474798
428,0.755924268773183,2.067991058471761,-1.3120667896985778,1.97513973,1.00011328,0.02474699
429,0.755924268773183,2.066991058471761,-1.311066789698578,1.97514039,1.00011363,0.02474598
430,0.755924268773183,2.065991058471761,-1.310066789698578,1.97514107,1.00011398,0.02474495
431,0.7559417211796202,2.0649912107766046,-1.3090494895969844,1.97514042,1.00011433,0.02474525
432,0.7559417211796202,2.0639912107766047,-1.3080494895969845,1.97514082,1.00011468,0.02474449
433,0.7559417211796202,2.062991210776605,-1.3070494895969846,1.97514164,1.00011503,0.02474332
434,0.7559417211796202,2.061991210776605,-1.3060494895969847,1.97514247,1.00011539,0.02474214
435,0.7559417211796202,2.060991210776605,-1.3050494895969849,1.97514331,1.00011574,0.02474095
436,0.7559591735860575,2.0599913630814486,-1.3040321894953912,1.97514279,1.00011610,0.02474111
437,0.7559591735860575,2.0589913630814487,-1.3030321894953913,1.97514363,1.00011646,0.02473991
438,0.7559591735860575,2.057991363081449,-1.3020321894953915,1.97514447,1.00011681,0.02473872
439,0.7559591735860575,2.056991363081449,-1.3010321894953916,1.97514531,1.00011717,0.02473753
440,0.7559766259924947,2.0559915153862924,-1.3000148893937977,1.97514477,1.00011753,0.02473769
441,0.7559766259924947,2.0549915153862925,-1.2990148893937978,1.97514560,1.00011789,0.02473651
442,0.7559766259924947,2.0539915153862927,-1.298014889393798,1.97514618,1.00011825,0.02473557
443,0.7559766259924947,2.0529915153862928,-1.297014889393798,1.97514802,1.00011861,0.02473337
444,0.7559766259924947,2.051991515386293,-1.2960148893937982,1.97514886,1.00011897,0.02473218
445,0.755994078398932,2.0509916676911364,-1.2949975892922043,1.97514833,1.00011934,0.02473233
446,0.755994078398932,2.0499916676911365,-1.2939975892922044,1.97514916,1.00011970,0.02473114
447,0.755994078398932,2.0489916676911366,-1.2929975892922045,1.97514998,1.00012007,0.02472995
448,0.755994078398932,2.0479916676911367,-1.2919975892922047,1.97515077,1.00012043,0.02472879
449,0.7560115308053692,2.04699181999598,-1.2909802891906106,1.97515028,1.00012081,0.02472891
450,0.7560115308053692,2.0459918199959803,-1.2899802891906111,1.97515114,1.00012118,0.02472768
451,0.7560115308053692,2.0449918199959805,-1.2889802891906113,1.97515196,1.00012154,0.02472650
452,0.7560115308053692,2.043991819995981,-1.2879802891906118,1.97515281,1.00012191,0.02472528
453,0.7560289832118064,2.042991972300824,-1.2869629890890177,1.97515204,1.00012229,0.02472566
454,0.7560289832118064,2.041991972300824,-1.2859629890890178,1.97515281,1.00012266,0.02472453
455,0.7560289832118064,2.0409919723008243,-1.284962989089018,1.97515211,1.00012304,0.02472485
456,0.7560289832118064,2.0399919723008244,-1.283962989089018,1.97515277,1.00012341,0.02472382
457,0.7560464356182437,2.038992124605668,-1.2829456889874242,1.97515207,1.00012380,0.02472413
458,0.7560464356182437,2.037992124605668,-1.2819456889874243,1.97515272,1.00012417,0.02472311
459,0.7560464356182437,2.036992124605668,-1.2809456889874244,1.97515598,1.00012454,0.02471948
460,0.7560464356182437,2.0359921246056683,-1.2799456889874246,1.97515635,1.00012492,0.02471872
461,0.7560638880246809,2.034992276910512,-1.2789283888858312,1.97515542,1.00012531,0.02471927
462,0.7560638880246809,2.033992276910512,-1.2779283888858308,1.97515589,1.00012569,0.02471842
463,0.7560638880246809,2.032992276910512,-1.276928388885831,1.97515645,1.00012607,0.02471748
464,0.7560638880246809,2.031992276910512,-1.275928388885831,1.97515713,1.00012645,0.02471642
465,0.7560813404311182,2.030992429215356,-1.2749110887842379,1.97515658,1.00012684,0.02471658
466,0.7560813404311182,2.029992429215356,-1.273911088784238,1.97515748,1.00012722,0.02471530
467,0.7560813404311182,2.028992429215356,-1.2729110887842376,1.97515840,1.00012760,0.02471399
468,0.7560813404311182,2.027992429215356,-1.2719110887842378,1.97515929,1.00012799,0.02471272
469,0.7560987928375554,2.0269925815201995,-1.2708937886826441,1.97515878,1.00012838,0.02471284
470,0.7560987928375554,2.0259925815202,-1.2698937886826447,1.97515961,1.00012877,0.02471162
471,0.7560987928375554,2.0249925815202,-1.2688937886826448,1.97516043,1.00012916,0.02471040
472,0.7560987928375554,2.0239925815202,-1.2678937886826445,1.97516124,1.00012955,0.02470920
473,0.7561162452439927,2.022992733825044,-1.2668764885810515,1.97515810,1.00012998,0.02471192
474,0.7561162452439927,2.0219927338250434,-1.2658764885810507,1.97515877,1.00013037,0.02471086
475,0.7561162452439927,2.0209927338250435,-1.2648764885810508,1.97515943,1.00013077,0.02470980
476,0.7561336976504299,2.019992886129887,-1.263859188479457,1.97515875,1.00013117,0.02471008
477,0.7561336976504299,2.018992886129887,-1.262859188479457,1.97515942,1.00013157,0.02470901
478,0.7561336976504299,2.017992886129888,-1.261859188479458,1.97516132,1.00013193,0.02470674
479,0.7561336976504299,2.016992886129888,-1.2608591884794578,1.97516123,1.00013234,0.02470643
480,0.7561511500568672,2.015993038434731,-1.2598418883778637,1.97516014,1.00013279,0.02470707
481,0.7561511500568672,2.014993038434731,-1.2588418883778638,1.97516105,1.00013319,0.02470577
482,0.7561511500568672,2.013993038434731,-1.257841888377864,1.97516132,1.00013360,0.02470508
483,0.7561511500568672,2.012993038434731,-1.256841888377864,1.97516155,1.00013402,0.02470443
484,0.7561686024633044,2.0119931907395747,-1.2558245882762704,1.97516116,1.00013446,0.02470438
485,0.7561686024633044,2.010993190739575,-1.2548245882762705,1.97516099,1.00013487,0.02470414
486,0.7561686024633044,2.009993190739575,-1.2538245882762706,1.97516434,1.00013522,0.02470043
487,0.7561860548697417,2.0089933430444185,-1.2528072881746768,1.97516356,1.00013564,0.02470081
488,0.7561860548697417,2.0079933430444186,-1.251807288174677,1.97516432,1.00013604,0.02469964
489,0.7561860548697417,2.0069933430444187,-1.250807288174677,1.97516531,1.00013644,0.02469824
490,0.7561860548697417,2.005993343044419,-1.2498072881746771,1.97516658,1.00013685,0.02469657
491,0.7562035072761789,2.0049934953492623,-1.2487899880730833,1.97516308,1.00013727,0.02469965
492,0.7562035072761789,2.0039934953492624,-1.2477899880730834,1.97516316,1.00013773,0.02469911
493,0.7562035072761789,2.0029934953492625,-1.2467899880730835,1.97516722,1.00013810,0.02469467
494,0.7562209596826162,2.001993647654106,-1.2457726879714899,1.97516637,1.00013854,0.02469508
495,0.7562209596826162,2.000993647654106,-1.24477268797149,1.97516684,1.00013897,0.02469419
496,0.7562209596826162,1.999993647654106,-1.2437726879714899,1.97516749,1.00013938,0.02469312
497,0.7562209596826162,1.998993647654106,-1.2427726879714898,1.97516567,1.00013985,0.02469448
498,0.7562384120890534,1.9979937999589497,-1.2417553878698961,1.97516550,1.00014028,0.02469422
499,0.7562384120890534,1.996993799958949,-1.2407553878698958,1.97516643,1.00014069,0.02469288
500,0.7562384120890534,1.9959937999589497,-1.2397553878698964,1.97516723,1.00014111,0.02469166
501,0.7562558644954906,1.9949939522637927,-1.238738087768302,1.97516671,1.00014153,0.02469175
502,0.7562558644954906,1.9939939522637933,-1.2377380877683026,1.97516876,1.00014195,0.02468929
503,0.7562558644954906,1.9929939522637936,-1.236738087768303,1.97516920,1.00014233,0.02468847
504,0.7562558644954906,1.9919939522637933,-1.2357380877683026,1.97516997,1.00014276,0.02468728
505,0.7562733169019279,1.9909941045686368,-1.234720787666709,1.97516933,1.00014320,0.02468747
506,0.7562733169019279,1.989994104568637,-1.2337207876667091,1.97517001,1.00014363,0.02468636
507,0.7562733169019279,1.9889941045686368,-1.2327207876667088,1.97517066,1.00014407,0.02468527
508,0.7562907693083651,1.987994256873481,-1.2317034875651158,1.97516996,1.00014452,0.02468552
509,0.7562907693083651,1.986994256873481,-1.230703487565116,1.97517061,1.00014496,0.02468444
510,0.7562907693083651,1.9859942568734807,-1.2297034875651156,1.97517127,1.00014539,0.02468334
511,0.7563082217148024,1.9849944091783247,-1.2286861874635222,1.97517059,1.00014584,0.02468357
512,0.7563082217148024,1.9839944091783248,-1.2276861874635223,1.97517128,1.00014628,0.02468244
513,0.7563082217148024,1.982994409178325,-1.2266861874635224,1.97517199,1.00014672,0.02468129
514,0.7563256741212396,1.9819945614831684,-1.2256688873619288,1.97517137,1.00014717,0.02468146
515,0.7563256741212396,1.9809945614831683,-1.2246688873619287,1.97517212,1.00014761,0.02468027
516,0.7563256741212396,1.9799945614831689,-1.2236688873619292,1.97517290,1.00014804,0.02467906
517,0.7563431265276769,1.978994713788012,-1.222651587260335,1.97517235,1.00014850,0.02467916
518,0.7563431265276769,1.9779947137880125,-1.2216515872603355,1.97517313,1.00014894,0.02467793
519,0.7563431265276769,1.9769947137880124,-1.2206515872603356,1.97517372,1.00014931,0.02467696
520,0.7563605789341141,1.975994866092856,-1.2196342871587418,1.97517313,1.00014977,0.02467709
521,0.7563605789341141,1.974994866092856,-1.218634287158742,1.97517607,1.00015022,0.02467371
522,0.7563605789341141,1.973994866092856,-1.2176342871587418,1.97517652,1.00015068,0.02467281
523,0.7563605789341141,1.972994866092856,-1.216634287158742,1.97517619,1.00015114,0.02467267
524,0.7563780313405514,1.9719950183977,-1.2156169870571487,1.97517586,1.00015162,0.02467252
525,0.7563780313405514,1.9709950183977,-1.2146169870571488,1.97517690,1.00015208,0.02467102
526,0.7563780313405514,1.9699950183977,-1.2136169870571485,1.97517768,1.00015255,0.02466977
527,0.7563954837469886,1.968995170702544,-1.2125996869555553,1.97517661,1.00015302,0.02467037
528,0.7563954837469886,1.967995170702544,-1.2115996869555554,1.97517655,1.00015338,0.02467006
529,0.7564129361534259,1.966995323007387,-1.2105823868539614,1.97517664,1.00015387,0.02466949
530,0.7564129361534259,1.9659953230073872,-1.2095823868539615,1.97517769,1.00015430,0.02466801
531,0.7564129361534259,1.964995323007388,-1.208582386853962,1.97517814,1.00015477,0.02466709
532,0.7564303885598631,1.9639954753122308,-1.2075650867523677,1.97517675,1.00015529,0.02466795
533,0.7564303885598631,1.962995475312231,-1.2065650867523678,1.97517779,1.00015574,0.02466647
534,0.7564303885598631,1.961995475312231,-1.205565086752368,1.97517791,1.00015622,0.02466587
535,0.7564478409663004,1.9609956276170744,-1.204547786650774,1.97517744,1.00015669,0.02466587
536,0.7564478409663004,1.959995627617075,-1.2035477866507747,1.97517829,1.00015716,0.02466455
537,0.7564478409663004,1.9589956276170748,-1.2025477866507743,1.97517907,1.00015763,0.02466330
538,0.7564652933727376,1.9579957799219183,-1.2015304865491807,1.97517908,1.00015809,0.02466282
539,0.7564652933727376,1.9569957799219184,-1.2005304865491808,1.97517963,1.00015856,0.02466181
540,0.7564652933727376,1.9559957799219183,-1.1995304865491807,1.97518008,1.00015903,0.02466089
541,0.7564827457791748,1.954995932226762,-1.1985131864475873,1.97517912,1.00015951,0.02466137
542,0.7564827457791748,1.9539959322267624,-1.1975131864475874,1.97518184,1.00015993,0.02465823
543,0.7564827457791748,1.9529959322267625,-1.1965131864475875,1.97518256,1.00016040,0.02465703
544,0.7565001981856121,1.9519960845316056,-1.1954958863459935,1.97518193,1.00016089,0.02465718
545,0.7565001981856121,1.950996084531606,-1.1944958863459938,1.97518038,1.00016140,0.02465822
546,0.7565001981856121,1.949996084531606,-1.193495886345994,1.97518142,1.00016187,0.02465671
547,0.7565176505920493,1.9489962368364493,-1.1924785862444,1.97518111,1.00016235,0.02465654
548,0.7565176505920493,1.9479962368364496,-1.1914785862444002,1.97518212,1.00016282,0.02465506
549,0.7565351029984866,1.9469963891412927,-1.190461286142806,1.97518174,1.00016331,0.02465495
550,0.7565351029984866,1.9459963891412928,-1.1894612861428062,1.97518268,1.00016379,0.02465354
551,0.7565351029984866,1.9449963891412927,-1.188461286142806,1.97518358,1.00016427,0.02465215
552,0.7565525554049238,1.9439965414461369,-1.1874439860412132,1.97518309,1.00016476,0.02465214
553,0.7565525554049238,1.942996541446137,-1.1864439860412133,1.97518496,1.00016522,0.02464981
554,0.7565525554049238,1.941996541446137,-1.1854439860412134,1.97518573,1.00016571,0.02464856
555,0.7565700078113611,1.9409966937509808,-1.1844266859396197,1.97518513,1.00016621,0.02464866
556,0.7565700078113611,1.9399966937509807,-1.1834266859396196,1.97518484,1.00016671,0.02464845
557,0.7565874602177983,1.938996846055824,-1.1824093858380258,1.97518412,1.00016721,0.02464867
558,0.7565874602177983,1.9379968460558243,-1.181409385838026,1.97518463,1.00016770,0.02464767
559,0.7565874602177983,1.9369968460558245,-1.180409385838026,1.97518637,1.00016820,0.02464543
560,0.7566049126242356,1.935996998360668,-1.1793920857364324,1.97518597,1.00016870,0.02464533
561,0.7566049126242356,1.934996998360668,-1.1783920857364325,1.97518680,1.00016919,0.02464401
562,0.7566223650306728,1.933997150665512,-1.1773747856348393,1.97518615,1.00016970,0.02464415
563,0.7566223650306728,1.932997150665512,-1.176374785634839,1.97518679,1.00017020,0.02464301
564,0.7566223650306728,1.931997150665512,-1.175374785634839,1.97518747,1.00017070,0.02464183
565,0.7566398174371101,1.9309973029703555,-1.1743574855332455,1.97518711,1.00017120,0.02464168
566,0.7566398174371101,1.929997302970356,-1.173357485533246,1.97518806,1.00017170,0.02464023
567,0.7566398174371101,1.9289973029703555,-1.1723574855332455,1.97518871,1.00017222,0.02463906
568,0.7566572698435473,1.927997455275199,-1.1713401854316516,1.97518678,1.00017273,0.02464050
569,0.7566572698435473,1.9269974552751992,-1.1703401854316517,1.97518926,1.00017324,0.02463750
570,0.7566747222499846,1.925997607580043,-1.1693228853300583,1.97518739,1.00017374,0.02463887
571,0.7566747222499846,1.9249976075800428,-1.1683228853300582,1.97518915,1.00017422,0.02463664
572,0.7566747222499846,1.923997607580043,-1.1673228853300583,1.97519057,1.00017481,0.02463462
573,0.7566921746564218,1.9229977598848864,-1.1663055852284647,1.97518923,1.00017530,0.02463548
574,0.7566921746564218,1.9219977598848863,-1.1653055852284644,1.97518920,1.00017580,0.02463501
575,0.756709627062859,1.92099791218973,-1.164288285126871,1.97518977,1.00017632,0.02463391
576,0.756709627062859,1.91999791218973,-1.1632882851268709,1.97518883,1.00017681,0.02463436
577,0.7567270794692963,1.9189980644945737,-1.1622709850252773,1.97518859,1.00017733,0.02463408
578,0.7567270794692963,1.9179980644945736,-1.1612709850252774,1.97518942,1.00017785,0.02463273
579,0.7567270794692963,1.9169980644945737,-1.1602709850252775,1.97519030,1.00017836,0.02463134
580,0.7567445318757335,1.9159982167994167,-1.1592536849236832,1.97518976,1.00017891,0.02463133
581,0.7567445318757335,1.9149982167994173,-1.1582536849236837,1.97519033,1.00017947,0.02463020
582,0.7567619842821708,1.913998369104261,-1.1572363848220903,1.97518991,1.00018001,0.02463008
583,0.7567619842821708,1.912998369104261,-1.15623638482209,1.97519066,1.00018053,0.02462881
584,0.756779436688608,1.9119985214091049,-1.1552190847204968,1.97518958,1.00018108,0.02462934
585,0.756779436688608,1.9109985214091048,-1.1542190847204967,1.97519023,1.00018161,0.02462816
586,0.756779436688608,1.9099985214091049,-1.1532190847204968,1.97519101,1.00018214,0.02462685
587,0.7567968890950453,1.9089986737139484,-1.152201784618903,1.97519019,1.00018264,0.02462716
588,0.7567968890950453,1.9079986737139485,-1.151201784618903,1.97519200,1.00018316,0.02462484
589,0.7568143415014825,1.906998826018792,-1.1501844845173095,1.97519198,1.00018372,0.02462430
590,0.7568143415014825,1.905998826018792,-1.1491844845173094,1.97519154,1.00018425,0.02462421
591,0.7568317939079198,1.904998978323636,-1.1481671844157164,1.97519222,1.00018484,0.02462294
592,0.7568317939079198,1.903998978323636,-1.147167184415716,1.97519265,1.00018536,0.02462199
593,0.7568317939079198,1.902998978323636,-1.1461671844157162,1.97519215,1.00018588,0.02462196
594,0.756849246314357,1.90199913062848,-1.145149884314123,1.97519146,1.00018643,0.02462211
595,0.756849246314357,1.90099913062848,-1.144149884314123,1.97519223,1.00018696,0.02462081
596,0.7568666987207943,1.899999282933323,-1.1431325842125286,1.97519153,1.00018753,0.02462095
597,0.7568666987207943,1.898999282933323,-1.1421325842125287,1.97519374,1.00018803,0.02461823
598,0.7568841511272315,1.8979994352381664,-1.1411152841109349,1.97519241,1.00018860,0.02461899
599,0.7568841511272315,1.8969994352381667,-1.1401152841109352,1.97519452,1.00018916,0.02461632
600,0.7569016035336688,1.8959995875430105,-1.1390979840093416,1.97519321,1.00018969,0.02461710
601,0.7569016035336688,1.8949995875430103,-1.1380979840093417,1.97519351,1.00019026,0.02461623
602,0.756919055940106,1.8939997398478536,-1.1370806839077476,1.97519347,1.00019084,0.02461570
603,0.756919055940106,1.892999739847854,-1.136080683907748,1.97519408,1.00019139,0.02461453
604,0.756919055940106,1.891999739847854,-1.135080683907748,1.97519471,1.00019194,0.02461335
605,0.7569365083465432,1.8909998921526976,-1.1340633838061542,1.97519402,1.00019251,0.02461347
606,0.7569365083465432,1.8899998921526977,-1.1330633838061543,1.97519397,1.00019311,0.02461292
607,0.7569539607529805,1.8890000444575408,-1.1320460837045603,1.97519259,1.00019362,0.02461379
608,0.7569539607529805,1.888000044457541,-1.1310460837045606,1.97519455,1.00019417,0.02461128
609,0.7569714131594177,1.8870001967623848,-1.1300287836029672,1.97519251,1.00019488,0.02461260
610,0.7569714131594177,1.886000196762385,-1.1290287836029673,1.97519453,1.00019539,0.02461008
611,0.756988865565855,1.8850003490672285,-1.1280114835013735,1.97519404,1.00019597,0.02460999
612,0.756988865565855,1.8840003490672288,-1.1270114835013738,1.97519307,1.00019644,0.02461049
613,0.7570063179722922,1.883000501372072,-1.1259941833997797,1.97519418,1.00019706,0.02460876
614,0.7570063179722922,1.882000501372072,-1.1249941833997799,1.97519309,1.00019763,0.02460928
615,0.7570237703787295,1.881000653676916,-1.1239768832981865,1.97519396,1.00019826,0.02460779
616,0.7570237703787295,1.880000653676916,-1.1229768832981866,1.97519508,1.00019876,0.02460615
617,0.7570412227851667,1.87900080598176,-1.1219595831965932,1.97519480,1.00019938,0.02460582
618,0.7570412227851667,1.87800080598176,-1.1209595831965933,1.97519526,1.00019990,0.02460484
619,0.757058675191604,1.877000958286603,-1.119942283094999,1.97519502,1.00020049,0.02460449
620,0.757058675191604,1.876000958286603,-1.118942283094999,1.97519526,1.00020110,0.02460363
621,0.7570761275980412,1.8750011105914464,-1.1179249829934053,1.97519525,1.00020165,0.02460310
622,0.7570761275980412,1.8740011105914467,-1.1169249829934054,1.97519509,1.00020228,0.02460263
623,0.7570935800044785,1.8730012628962904,-1.115907682891812,1.97519433,1.00020290,0.02460278
624,0.7570935800044785,1.8720012628962903,-1.1149076828918119,1.97519479,1.00020339,0.02460181
625,0.7571110324109157,1.8710014152011336,-1.1138903827902178,1.97519426,1.00020409,0.02460165
626,0.7571110324109157,1.870001415201134,-1.1128903827902183,1.97519470,1.00020471,0.02460059
627,0.757128484817353,1.8690015675059768,-1.1118730826886238,1.97519416,1.00020529,0.02460055
628,0.757128484817353,1.8680015675059776,-1.1108730826886246,1.97519494,1.00020591,0.02459914
629,0.7571459372237902,1.867001719810821,-1.1098557825870308,1.97519374,1.00020649,0.02459978
630,0.7571459372237902,1.8660017198108207,-1.1088557825870304,1.97519547,1.00020696,0.02459757
631,0.7571633896302274,1.8650018721156647,-1.1078384824854373,1.97519657,1.00020758,0.02459585
632,0.7571633896302274,1.8640018721156648,-1.1068384824854374,1.97519583,1.00020815,0.02459602
633,0.7571808420366647,1.8630020244205083,-1.1058211823838437,1.97519524,1.00020877,0.02459599
634,0.7571808420366647,1.8620020244205084,-1.1048211823838439,1.97519597,1.00020936,0.02459466
635,0.7571982944431019,1.861002176725352,-1.10380388228225,1.97519573,1.00020998,0.02459429
636,0.7572157468495392,1.860002329030196,-1.1027865821806566,1.97519392,1.00021066,0.02459542
637,0.7572157468495392,1.859002329030196,-1.1017865821806567,1.97519455,1.00021126,0.02459419
638,0.7572331992559764,1.858002481335039,-1.1007692820790627,1.97519374,1.00021185,0.02459441
639,0.7572331992559764,1.8570024813350392,-1.0997692820790628,1.97519437,1.00021239,0.02459324
640,0.7572506516624137,1.8560026336398827,-1.0987519819774691,1.97519485,1.00021296,0.02459219
641,0.7572506516624137,1.8550026336398828,-1.0977519819774693,1.97519558,1.00021371,0.02459071
642,0.7572681040688509,1.8540027859447263,-1.0967346818758754,1.97519514,1.00021431,0.02459055
643,0.7572681040688509,1.8530027859447264,-1.0957346818758755,1.97519458,1.00021497,0.02459045
644,0.7572855564752882,1.85200293824957,-1.0947173817742817,1.97519481,1.00021556,0.02458963
645,0.7572855564752882,1.85100293824957,-1.0937173817742818,1.97519615,1.00021614,0.02458771
646,0.7573030088817254,1.8500030905544136,-1.0927000816726882,1.97519493,1.00021676,0.02458831
647,0.7573204612881627,1.849003242859257,-1.0916827815710946,1.97519449,1.00021737,0.02458815
648,0.7573204612881627,1.8480032428592568,-1.0906827815710942,1.97519535,1.00021797,0.02458668
649,0.7573379136945999,1.8470033951641007,-1.0896654814695008,1.97519485,1.00021859,0.02458656
650,0.7573379136945999,1.8460033951641008,-1.088665481469501,1.97519568,1.00021920,0.02458512
651,0.7573553661010372,1.8450035474689443,-1.087648181367907,1.97519473,1.00021985,0.02458542
652,0.7573553661010372,1.8440035474689445,-1.0866481813679072,1.97519538,1.00022049,0.02458413
653,0.7573728185074744,1.843003699773788,-1.0856308812663136,1.97519469,1.00022115,0.02458416
654,0.7573902709139116,1.842003852078632,-1.0846135811647204,1.97519397,1.00022181,0.02458422
655,0.7573902709139116,1.841003852078632,-1.0836135811647205,1.97519701,1.00022235,0.02458064
656,0.7574077233203489,1.8400040043834751,-1.0825962810631262,1.97519664,1.00022301,0.02458035
657,0.7574077233203489,1.8390040043834752,-1.0815962810631263,1.97519759,1.00022364,0.02457877
658,0.7574251757267861,1.8380041566883187,-1.0805789809615325,1.97519556,1.00022432,0.02458013
659,0.7574426281332234,1.8370043089931625,-1.079561680859939,1.97519489,1.00022497,0.02458014
660,0.7574426281332234,1.8360043089931624,-1.078561680859939,1.97519572,1.00022561,0.02457867
661,0.7574600805396606,1.8350044612980057,-1.077544380758345,1.97519578,1.00022620,0.02457802
662,0.7574600805396606,1.834004461298006,-1.0765443807583455,1.97519590,1.00022685,0.02457725
663,0.7574775329460979,1.8330046136028493,-1.0755270806567514,1.97519487,1.00022750,0.02457762
664,0.7574949853525351,1.832004765907693,-1.0745097805551578,1.97519402,1.00022816,0.02457783
665,0.7574949853525351,1.831004765907693,-1.0735097805551579,1.97519469,1.00022878,0.02457653
666,0.7575124377589724,1.8300049182125369,-1.0724924804535645,1.97519406,1.00022944,0.02457650
667,0.7575124377589724,1.8290049182125367,-1.0714924804535644,1.97519479,1.00023009,0.02457513
668,0.7575298901654096,1.8280050705173805,-1.0704751803519708,1.97519206,1.00023078,0.02457716
669,0.7575473425718469,1.827005222822224,-1.0694578802503771,1.97519267,1.00023145,0.02457587
670,0.7575473425718469,1.826005222822224,-1.0684578802503772,1.97519341,1.00023210,0.02457449
671,0.7575647949782841,1.825005375127068,-1.067440580148784,1.97519278,1.00023277,0.02457444
672,0.7575822473847214,1.824005527431911,-1.0664232800471896,1.97519225,1.00023344,0.02457431
673,0.7575822473847214,1.823005527431911,-1.0654232800471897,1.97519391,1.00023409,0.02457200
674,0.7575996997911586,1.8220056797367543,-1.0644059799455956,1.97519245,1.00023481,0.02457274
675,0.7575996997911586,1.8210056797367544,-1.0634059799455957,1.97519344,1.00023550,0.02457107
676,0.7576171521975958,1.8200058320415984,-1.0623886798440025,1.97519041,1.00023633,0.02457326
677,0.7576346046040331,1.8190059843464417,-1.0613713797424085,1.97519179,1.00023684,0.02457136
678,0.7576346046040331,1.8180059843464416,-1.0603713797424086,1.97519279,1.00023747,0.02456975
679,0.7576520570104703,1.8170061366512853,-1.059354079640815,1.97519193,1.00023815,0.02456993
680,0.7576695094169076,1.8160062889561288,-1.0583367795392213,1.97519119,1.00023877,0.02457004
681,0.7576695094169076,1.815006288956129,-1.0573367795392214,1.97519190,1.00023946,0.02456864
682,0.7576869618233448,1.8140064412609724,-1.0563194794376276,1.97519090,1.00024012,0.02456898
683,0.7577044142297821,1.813006593565816,-1.0553021793360338,1.97519029,1.00024082,0.02456888
684,0.7577044142297821,1.812006593565816,-1.0543021793360339,1.97519163,1.00024147,0.02456690
685,0.7577218666362193,1.81100674587066,-1.0532848792344407,1.97519227,1.00024220,0.02456553
686,0.7577393190426566,1.810006898175503,-1.0522675791328466,1.97518954,1.00024291,0.02456755
687,0.7577393190426566,1.8090068981755032,-1.0512675791328467,1.97519090,1.00024355,0.02456555
688,0.7577567714490938,1.8080070504803467,-1.050250279031253,1.97519061,1.00024428,0.02456511
689,0.7577742238555311,1.8070072027851904,-1.0492329789296595,1.97518863,1.00024495,0.02456642
690,0.7577742238555311,1.8060072027851903,-1.0482329789296592,1.97518973,1.00024566,0.02456461
691,0.7577916762619683,1.8050073550900336,-1.0472156788280653,1.97519022,1.00024636,0.02456342
692,0.7578091286684056,1.8040075073948767,-1.046198378726471,1.97518746,1.00024705,0.02456549
693,0.7578091286684056,1.8030075073948773,-1.0451983787264716,1.97519061,1.00024776,0.02456163
694,0.7578265810748428,1.802007659699721,-1.0441810786248782,1.97518919,1.00024837,0.02456244
695,0.75784403348128,1.8010078120045645,-1.0431637785232843,1.97518729,1.00024914,0.02456357
696,0.7578614858877173,1.800007964309408,-1.0421464784216907,1.97518677,1.00024991,0.02456333
697,0.7578789382941545,1.7990081166142515,-1.041129178320097,1.97518577,1.00025053,0.02456370
698,0.7578963907005918,1.798008268919095,-1.0401118782185033,1.97518714,1.00025129,0.02456157
699,0.757913843107029,1.7970084212239386,-1.0390945781169094,1.97518560,1.00025198,0.02456243
700,0.7579312955134663,1.796008573528782,-1.0380772780153158,1.97518133,1.00025280,0.02456587
701,0.7579487479199035,1.7950087258336256,-1.0370599779137222,1.97518305,1.00025344,0.02456351
702,0.7579662003263408,1.794008878138469,-1.0360426778121283,1.97518264,1.00025408,0.02456328
703,0.757983652732778,1.7930090304433126,-1.0350253777105345,1.97518045,1.00025488,0.02456468
704,0.7580011051392153,1.792009182748156,-1.0340080776089406,1.97518090,1.00025556,0.02456354
705,0.7580185575456525,1.7910093350529996,-1.0329907775073472,1.97517878,1.00025632,0.02456490
706,0.7580360099520898,1.7900094873578432,-1.0319734774057534,1.97517893,1.00025698,0.02456409
707,0.758053462358527,1.789009639662687,-1.03095617730416,1.97517979,1.00025768,0.02456253
708,0.7580709147649642,1.7880097919675302,-1.029938877202566,1.97517809,1.00025849,0.02456342
709,0.7580883671714015,1.7870099442723737,-1.0289215771009723,1.97517884,1.00025918,0.02456198
710,0.7581058195778387,1.7860100965772172,-1.0279042769993785,1.97517541,1.00025996,0.02456464
711,0.758123271984276,1.7850102488820607,-1.0268869768977846,1.97517573,1.00026072,0.02456355
712,0.7581407243907132,1.7840104011869042,-1.025869676796191,1.97517492,1.00026141,0.02456367
713,0.7581581767971505,1.7830105534917478,-1.0248523766945974,1.97517505,1.00026206,0.02456288
714,0.7581756292035877,1.7820107057965913,-1.0238350765930035,1.97517351,1.00026280,0.02456369
715,0.758193081610025,1.7810108581014348,-1.0228177764914097,1.97517274,1.00026355,0.02456372
716,0.7582105340164622,1.7800110104062783,-1.021800476389816,1.97517306,1.00026426,0.02456268
717,0.7582279864228995,1.7790111627111218,-1.0207831762882225,1.97517082,1.00026502,0.02456415
718,0.7582454388293367,1.778011315015965,-1.0197658761866284,1.97517064,1.00026585,0.02456351
719,0.758262891235774,1.7770114673208088,-1.0187485760850348,1.97516994,1.00026658,0.02456348
720,0.7582803436422112,1.7760116196256523,-1.0177312759834412,1.97516906,1.00026736,0.02456358
721,0.7582977960486484,1.775011771930496,-1.0167139758818475,1.97516748,1.00026807,0.02456445
722,0.7583152484550857,1.7740119242353394,-1.0156966757802537,1.97516852,1.00026883,0.02456265
723,0.7583327008615229,1.773012076540183,-1.0146793756786598,1.97516661,1.00026956,0.02456383
724,0.7583501532679602,1.7720122288450264,-1.0136620755770662,1.97516583,1.00027031,0.02456386
725,0.7583676056743974,1.77101238114987,-1.0126447754754726,1.97516533,1.00027106,0.02456361
726,0.7583850580808347,1.7700125334547134,-1.0116274753738788,1.97516634,1.00027195,0.02456170
727,0.7584025104872719,1.769012685759557,-1.010610175272285,1.97516620,1.00027256,0.02456124
728,0.7584199628937092,1.7680128380644005,-1.0095928751706913,1.97516478,1.00027333,0.02456189
729,0.7584374153001464,1.767012990369244,-1.0085755750690977,1.97516472,1.00027418,0.02456111
730,0.7584548677065837,1.7660131426740877,-1.007558274967504,1.97516242,1.00027493,0.02456264
731,0.7584723201130209,1.765013294978931,-1.00654097486591,1.97515974,1.00027561,0.02456465
732,0.7584897725194581,1.7640134472837743,-1.0055236747643161,1.97515946,1.00027638,0.02456416
733,0.7585072249258954,1.763013599588618,-1.0045063746627227,1.97515736,1.00027720,0.02456543
734,0.7585246773323326,1.7620137518934615,-1.003489074561129,1.97516030,1.00027799,0.02456171
735,0.7585421297387699,1.761013904198305,-1.002471774459535,1.97515886,1.00027870,0.02456244
736,0.7585595821452071,1.7600140565031486,-1.0014544743579414,1.97515667,1.00027948,0.02456384
737,0.7585770345516444,1.759014208807992,-1.0004371742563478,1.97515712,1.00028026,0.02456262
738,0.7585944869580816,1.7580143611128356,-0.999419874154754,1.97515468,1.00028110,0.02456422
739,0.7586119393645189,1.7570145134176791,-0.9984025740531602,1.97515468,1.00028181,0.02456351
740,0.7586293917709561,1.7560146657225226,-0.9973852739515665,1.97515381,1.00028259,0.02456360
741,0.7586468441773934,1.755014818027366,-0.9963679738499726,1.97515278,1.00028337,0.02456385
742,0.7586642965838306,1.7540149703322097,-0.995350673748379,1.97515421,1.00028419,0.02456161
743,0.7586817489902679,1.7530151226370532,-0.9943333736467853,1.97515279,1.00028497,0.02456223
744,0.7586992013967051,1.752015274941897,-0.9933160735451918,1.97515007,1.00028582,0.02456411
745,0.7587166538031423,1.7510154272467402,-0.9922987734435978,1.97514805,1.00028656,0.02456538
746,0.7587341062095796,1.7500155795515837,-0.9912814733420041,1.97514757,1.00028736,0.02456507
747,0.7587515586160168,1.7490157318564272,-0.9902641732404104,1.97514861,1.00028815,0.02456324
748,0.7587690110224541,1.7480158841612707,-0.9892468731388167,1.97514832,1.00028891,0.02456277
749,0.7587864634288913,1.7470160364661145,-0.9882295730372231,1.97514638,1.00028983,0.02456379
750,0.7588039158353286,1.7460161887709578,-0.9872122729356292,1.97514544,1.00029055,0.02456401
751,0.7588213682417658,1.7450163410758013,-0.9861949728340355,1.97514515,1.00029135,0.02456350
752,0.7588388206482031,1.7440164933806448,-0.9851776727324417,1.97514414,1.00029211,0.02456375
753,0.7588562730546403,1.7430166456854883,-0.984160372630848,1.97514391,1.00029294,0.02456315
754,0.7588737254610776,1.7420167979903318,-0.9831430725292543,1.97514117,1.00029372,0.02456511
755,0.7588911778675148,1.7410169502951751,-0.9821257724276603,1.97514038,1.00029451,0.02456510
756,0.7589086302739521,1.7400171026000189,-0.9811084723260668,1.97513931,1.00029535,0.02456534
757,0.7589260826803893,1.7390172549048624,-0.9800911722244731,1.97513881,1.00029615,0.02456503
758,0.7589435350868265,1.738017407209706,-0.9790738721228796,1.97513653,1.00029689,0.02456657
759,0.7589609874932638,1.7370175595145494,-0.9780565720212856,1.97513782,1.00029777,0.02456441
760,0.758978439899701,1.736017711819393,-0.9770392719196919,1.97513581,1.00029860,0.02456559
761,0.7589958923061383,1.7350178641242364,-0.9760219718180981,1.97513636,1.00029948,0.02456416
762,0.7590133447125755,1.73401801642908,-0.9750046717165044,1.97513542,1.00030023,0.02456435
763,0.75904824952545,1.732018321038767,-0.9729700715133169,1.97513023,1.00030190,0.02456787
764,0.7590657019318873,1.7310184733436105,-0.9719527714117232,1.97513142,1.00030276,0.02456581
765,0.7590831543383245,1.730018625648454,-0.9709354713101295,1.97512717,1.00030348,0.02456934
766,0.7591006067447618,1.7290187779532975,-0.9699181712085357,1.97512921,1.00030434,0.02456645
767,0.759118059151199,1.728018930258141,-0.968900871106942,1.97512849,1.00030525,0.02456626
768,0.7591355115576363,1.7270190825629843,-0.967883571005348,1.97512788,1.00030607,0.02456605
769,0.7591529639640735,1.726019234867828,-0.9668662709037545,1.97512663,1.00030685,0.02456653
770,0.7591704163705107,1.7250193871726716,-0.9658489708021608,1.97512638,1.00030773,0.02456589
771,0.759187868776948,1.724019539477515,-0.9648316707005671,1.97512485,1.00030855,0.02456660
772,0.7592053211833852,1.7230196917823586,-0.9638143705989733,1.97512587,1.00030957,0.02456456
773,0.7592227735898225,1.722019844087202,-0.9627970704973796,1.97512185,1.00031034,0.02456781
774,0.7592402259962597,1.7210199963920456,-0.9617797703957859,1.97512081,1.00031107,0.02456811
775,0.759257678402697,1.7200201486968891,-0.9607624702941922,1.97512126,1.00031195,0.02456679
776,0.7592751308091342,1.7190203010017326,-0.9597451701925984,1.97511887,1.00031288,0.02456825
777,0.7592925832155715,1.7180204533065762,-0.9587278700910047,1.97511728,1.00031365,0.02456907
778,0.7593100356220087,1.7170206056114197,-0.957710569989411,1.97511706,1.00031451,0.02456843
779,0.759327488028446,1.7160207579162632,-0.9566932698878172,1.97511706,1.00031531,0.02456762
780,0.7593449404348832,1.7150209102211067,-0.9556759697862235,1.97511997,1.00031608,0.02456395
781,0.7593798399315858,1.7140215193940875,-0.9546416794625018,1.97511436,1.00031705,0.02456859
782,0.759397292338023,1.713021671698931,-0.953624379360908,1.97511720,1.00031783,0.02456496
783,0.7594147447444602,1.7120218240037746,-0.9526070792593143,1.97511286,1.00031864,0.02456850
784,0.7594321971508975,1.711021976308618,-0.9515897791577206,1.97511217,1.00031965,0.02456818
785,0.7594496495573347,1.7100221286134616,-0.9505724790561269,1.97510816,1.00032050,0.02457134
786,0.759467101963772,1.709022280918305,-0.9495551789545331,1.97510829,1.00032136,0.02457034
787,0.7594845543702092,1.7080224332231486,-0.9485378788529394,1.97510690,1.00032230,0.02457080
788,0.7595020067766465,1.707022585527992,-0.9475205787513454,1.97510783,1.00032310,0.02456907
789,0.7595194591830837,1.7060227378328356,-0.9465032786497519,1.97510624,1.00032387,0.02456989
790,0.759536911589521,1.7050228901376792,-0.9454859785481582,1.97510455,1.00032489,0.02457056
791,0.7595543639959582,1.704023042442523,-0.9444686784465647,1.97510415,1.00032559,0.02457026
792,0.7595718164023955,1.7030231947473662,-0.9434513783449707,1.97510291,1.00032652,0.02457057
793,0.7595892688088327,1.7020233470522097,-0.942434078243377,1.97510077,1.00032747,0.02457176
794,0.7596241683055353,1.7010239562251903,-0.9413997879196551,1.97509887,1.00032839,0.02457274
795,0.7596416207119725,1.700024108530034,-0.9403824878180616,1.97509843,1.00032922,0.02457235
796,0.7596590731184097,1.6990242608348776,-0.9393651877164678,1.97509610,1.00033009,0.02457382
797,0.759676525524847,1.698024413139721,-0.9383478876148741,1.97509670,1.00033097,0.02457233
798,0.7596939779312842,1.6970245654445646,-0.9373305875132804,1.97509511,1.00033181,0.02457308
799,0.7597114303377215,1.696024717749408,-0.9363132874116866,1.97509280,1.00033273,0.02457447
800,0.7597288827441587,1.6950248700542516,-0.9352959873100929,1.97509355,1.00033360,0.02457284
801,0.759746335150596,1.6940250223590951,-0.9342786872084992,1.97509198,1.00033450,0.02457352
802,0.7597812346472985,1.693025631532076,-0.9332443968847774,1.97508945,1.00033538,0.02457517
803,0.7597986870537358,1.6920257838369197,-0.9322270967831839,1.97509219,1.00033628,0.02457154
804,0.759816139460173,1.691025936141763,-0.93120979668159,1.97508837,1.00033717,0.02457447
805,0.7598335918666103,1.6900260884466063,-0.930192496579996,1.97508410,1.00033814,0.02457775
806,0.7598510442730475,1.68902624075145,-0.9291751964784025,1.97508516,1.00033900,0.02457584
807,0.7598684966794848,1.6880263930562935,-0.9281578963768088,1.97508278,1.00033993,0.02457729
808,0.7599033961761873,1.6870270022292744,-0.9271236060530871,1.97508042,1.00034080,0.02457878
809,0.7599208485826245,1.686027154534118,-0.9261063059514936,1.97508307,1.00034164,0.02457528
810,0.7599383009890618,1.6850273068389614,-0.9250890058498996,1.97508187,1.00034245,0.02457568
811,0.759955753395499,1.684027459143805,-0.9240717057483059,1.97508004,1.00034344,0.02457652
812,0.7599732058019363,1.6830276114486484,-0.9230544056467122,1.97507708,1.00034446,0.02457847
813,0.7600081052986388,1.6820282206216293,-0.9220201153229904,1.97507835,1.00034529,0.02457636
814,0.7600255577050761,1.6810283729264728,-0.9210028152213967,1.97507318,1.00034634,0.02458049
815,0.7600430101115133,1.6800285252313163,-0.919985515119803,1.97507067,1.00034726,0.02458207
816,0.7600604625179506,1.6790286775361598,-0.9189682150182092,1.97506931,1.00034819,0.02458250
817,0.7600779149243878,1.678028829841003,-0.9179509149166153,1.97506977,1.00034905,0.02458118
818,0.7601128144210904,1.6770294390139842,-0.9169166245928938,1.97506568,1.00035005,0.02458428
819,0.7601302668275276,1.6760295913188277,-0.9158993244913001,1.97506345,1.00035095,0.02458559
820,0.7601477192339648,1.6750297436236712,-0.9148820243897063,1.97506235,1.00035186,0.02458579
821,0.7601651716404021,1.6740298959285147,-0.9138647242881126,1.97506312,1.00035278,0.02458409
822,0.7602000711371046,1.6730305051014955,-0.9128304339643909,1.97506092,1.00035370,0.02458539
823,0.7602175235435419,1.672030657406339,-0.9118131338627972,1.97505907,1.00035466,0.02458627
824,0.7602349759499791,1.6710308097111826,-0.9107958337612034,1.97505996,1.00035547,0.02458456
825,0.7602524283564164,1.670030962016026,-0.9097785336596097,1.97505626,1.00035650,0.02458724
826,0.7602873278531189,1.669031571189007,-0.908744243335888,1.97505564,1.00035748,0.02458688
827,0.7603047802595562,1.6680317234938504,-0.9077269432342943,1.97505572,1.00035844,0.02458583
828,0.7603222326659934,1.667031875798694,-0.9067096431327005,1.97505158,1.00035939,0.02458903
829,0.760357132162696,1.6660324849716748,-0.9056753528089788,1.97504855,1.00036036,0.02459109
830,0.7603745845691332,1.6650326372765183,-0.9046580527073851,1.97504805,1.00036120,0.02459075
831,0.7603920369755705,1.6640327895813618,-0.9036407526057914,1.97504667,1.00036217,0.02459115
832,0.7604094893820077,1.663032941886205,-0.9026234525041974,1.97504526,1.00036307,0.02459166
833,0.7604443888787102,1.6620335510591862,-0.9015891621804759,1.97504426,1.00036409,0.02459165
834,0.7604618412851475,1.6610337033640297,-0.9005718620788822,1.97504162,1.00036498,0.02459340
835,0.7604792936915847,1.6600338556688732,-0.8995545619772884,1.97503989,1.00036594,0.02459417
836,0.7605141931882873,1.659034464841854,-0.8985202716535667,1.97503863,1.00036695,0.02459442
837,0.7605316455947245,1.6580346171466975,-0.897502971551973,1.97503637,1.00036786,0.02459576
838,0.7605490980011618,1.657034769451541,-0.8964856714503793,1.97503618,1.00036884,0.02459498
839,0.7605839974978643,1.656035378624522,-0.8954513811266578,1.97503162,1.00036978,0.02459860
840,0.7606014499043016,1.6550355309293654,-0.8944340810250638,1.97503174,1.00037074,0.02459752
841,0.7606189023107388,1.654035683234209,-0.8934167809234701,1.97502920,1.00037171,0.02459909
842,0.7606538018074414,1.6530362924071895,-0.8923824905997482,1.97502579,1.00037277,0.02460144
843,0.7606712542138786,1.6520364447120333,-0.8913651904981547,1.97502560,1.00037369,0.02460071
844,0.7607061537105811,1.651037053885014,-0.890330900174433,1.97502533,1.00037461,0.02460006
845,0.7607236061170184,1.6500372061898576,-0.8893136000728392,1.97502683,1.00037546,0.02459771
846,0.7607410585234556,1.6490373584947011,-0.8882962999712455,1.97502303,1.00037654,0.02460043
847,0.7607759580201582,1.648037967667682,-0.8872620096475238,1.97502087,1.00037749,0.02460164
848,0.7607934104265954,1.6470381199725257,-0.8862447095459303,1.97501859,1.00037846,0.02460295
849,0.760828309923298,1.6460387291455063,-0.8852104192222083,1.97501498,1.00037960,0.02460542
850,0.7608457623297352,1.6450388814503498,-0.8841931191206146,1.97501287,1.00038051,0.02460662
851,0.7608632147361725,1.6440390337551931,-0.8831758190190206,1.97501224,1.00038145,0.02460632
852,0.760898114232875,1.6430396429281742,-0.8821415286952992,1.97501087,1.00038237,0.02460675
853,0.7609155666393123,1.6420397952330177,-0.8811242285937054,1.97500880,1.00038336,0.02460784
854,0.7609504661360148,1.6410404044059983,-0.8800899382699835,1.97500514,1.00038442,0.02461044
855,0.760967918542452,1.640040556710842,-0.87907263816839,1.97500507,1.00038535,0.02460958
856,0.7610028180391546,1.6390411658838229,-0.8780383478446683,1.97500394,1.00038640,0.02460966
857,0.7610202704455918,1.6380413181886664,-0.8770210477430745,1.97499849,1.00038742,0.02461409
858,0.7610551699422944,1.6370419273616472,-0.8759867574193528,1.97499616,1.00038842,0.02461542
859,0.7610900694389969,1.636042536534628,-0.8749524670956311,1.97499303,1.00038946,0.02461752
860,0.7611249689356995,1.635043145707609,-0.8739181767719094,1.97499370,1.00039040,0.02461589
861,0.761159868432402,1.6340437548805895,-0.8728838864481875,1.97499173,1.00039130,0.02461696
862,0.7611947679291046,1.6330443640535706,-0.871849596124466,1.97498470,1.00039237,0.02462293
863,0.7612296674258071,1.6320449732265514,-0.8708153058007443,1.97498476,1.00039344,0.02462180
864,0.7612645669225097,1.6310455823995322,-0.8697810154770226,1.97498140,1.00039444,0.02462416
865,0.7612994664192122,1.630046191572513,-0.8687467251533009,1.97497839,1.00039547,0.02462614
866,0.7613343659159147,1.629046800745494,-0.8677124348295792,1.97497730,1.00039652,0.02462618
867,0.7613692654126173,1.6280474099184747,-0.8666781445058575,1.97497459,1.00039753,0.02462788
868,0.7614041649093198,1.6270480190914556,-0.8656438541821357,1.97497120,1.00039861,0.02463019
869,0.7614390644060224,1.6260486282644364,-0.864609563858414,1.97496547,1.00039961,0.02463491
870,0.7614739639027249,1.6250492374374172,-0.8635752735346923,1.97496476,1.00040058,0.02463466
871,0.7615088633994275,1.624049846610398,-0.8625409832109706,1.97496313,1.00040156,0.02463530
872,0.76154376289613,1.623050455783379,-0.8615066928872489,1.97495813,1.00040269,0.02463918
873,0.7615786623928326,1.6220510649563598,-0.8604724025635272,1.97495404,1.00040374,0.02464222
874,0.7616135618895351,1.6210516741293406,-0.8594381122398055,1.97495340,1.00040480,0.02464181
875,0.7616484613862377,1.6200522833023214,-0.8584038219160838,1.97494864,1.00040581,0.02464555
876,0.7616833608829402,1.6190528924753025,-0.8573695315923623,1.97494573,1.00040689,0.02464737
877,0.7617182603796427,1.618053501648283,-0.8563352412686404,1.97494559,1.00040779,0.02464662
878,0.7617531598763453,1.617054110821264,-0.8553009509449186,1.97494172,1.00040890,0.02464938
879,0.7617880593730478,1.6160547199942448,-0.8542666606211969,1.97493815,1.00040993,0.02465193
880,0.7618229588697504,1.6150553291672256,-0.8532323702974752,1.97493719,1.00041094,0.02465187
881,0.7618578583664529,1.6140559383402064,-0.8521980799737535,1.97493365,1.00041194,0.02465442
882,0.7618927578631555,1.6130565475131873,-0.8511637896500318,1.97493092,1.00041308,0.02465600
883,0.761927657359858,1.612057156686168,-0.8501294993263099,1.97492867,1.00041417,0.02465716
884,0.7619625568565606,1.611057765859149,-0.8490952090025884,1.97492367,1.00041519,0.02466115
885,0.7619974563532631,1.6100583750321298,-0.8480609186788667,1.97491972,1.00041627,0.02466401
886,0.7620323558499656,1.6090589842051106,-0.847026628355145,1.97491695,1.00041735,0.02466570
887,0.7620672553466682,1.6080595933780917,-0.8459923380314235,1.97491513,1.00041837,0.02466650
888,0.7621021548433707,1.6070602025510723,-0.8449580477077016,1.97491206,1.00041943,0.02466851
889,0.7621370543400733,1.6060608117240531,-0.8439237573839798,1.97490903,1.00042049,0.02467048
890,0.7621719538367758,1.605061420897034,-0.8428894670602581,1.97490414,1.00042155,0.02467431
891,0.7622068533334784,1.6040620300700148,-0.8418551767365364,1.97490246,1.00042253,0.02467502
892,0.7622417528301809,1.6030626392429956,-0.8408208864128147,1.97490094,1.00042361,0.02467545
893,0.7622766523268835,1.6020632484159765,-0.839786596089093,1.97489676,1.00042471,0.02467852
894,0.762311551823586,1.6010638575889573,-0.8387523057653713,1.97489307,1.00042578,0.02468115
895,0.7623464513202886,1.600064466761938,-0.8377180154416494,1.97489026,1.00042684,0.02468290
896,0.7623813508169911,1.599065075934919,-0.8366837251179279,1.97488777,1.00042786,0.02468437
897,0.7624162503136936,1.5980656851078998,-0.8356494347942062,1.97488505,1.00042888,0.02468607
898,0.7624511498103962,1.5970662942808806,-0.8346151444704845,1.97488302,1.00042993,0.02468705
899,0.7624860493070987,1.5960669034538617,-0.833580854146763,1.97487907,1.00043097,0.02468997
900,0.7625209488038013,1.5950675126268423,-0.832546563823041,1.97487633,1.00043215,0.02469152
901,0.7625558483005038,1.5940681217998232,-0.8315122734993193,1.97487743,1.00043309,0.02468948
902,0.7625907477972064,1.593068730972804,-0.8304779831755976,1.97487084,1.00043420,0.02469496
903,0.7626256472939089,1.5920693401457848,-0.8294436928518759,1.97486545,1.00043544,0.02469911
904,0.7626605467906115,1.5910699493187657,-0.8284094025281542,1.97486182,1.00043649,0.02470169
905,0.762695446287314,1.5900705584917465,-0.8273751122044325,1.97485852,1.00043761,0.02470387
906,0.7627303457840166,1.5890711676647271,-0.8263408218807106,1.97485491,1.00043852,0.02470657
907,0.7627652452807191,1.5880717768377082,-0.8253065315569891,1.97485323,1.00043976,0.02470700
908,0.7628001447774216,1.587072386010689,-0.8242722412332674,1.97484853,1.00044082,0.02471066
909,0.7628350442741242,1.5860729951836698,-0.8232379509095457,1.97484335,1.00044203,0.02471461
910,0.7628699437708267,1.585073604356651,-0.8222036605858242,1.97484466,1.00044303,0.02471231
911,0.7629048432675293,1.5840742135296315,-0.8211693702621022,1.97483818,1.00044417,0.02471765
912,0.7629397427642318,1.5830748227026123,-0.8201350799383805,1.97483624,1.00044515,0.02471861
913,0.7629746422609344,1.5820754318755932,-0.8191007896146588,1.97483275,1.00044631,0.02472094
914,0.7630095417576369,1.581076041048574,-0.8180664992909371,1.97482935,1.00044733,0.02472332
915,0.7630444412543395,1.5800766502215549,-0.8170322089672154,1.97482860,1.00044842,0.02472298
916,0.763079340751042,1.5790772593945357,-0.8159979186434937,1.97482465,1.00044959,0.02472576
917,0.7631142402477445,1.5780778685675163,-0.8149636283197718,1.97482044,1.00045072,0.02472884
918,0.7631491397444471,1.5770784777404974,-0.8139293379960503,1.97481701,1.00045172,0.02473127
919,0.7631840392411496,1.5760790869134782,-0.8128950476723286,1.97481410,1.00045282,0.02473308
920,0.7632189387378522,1.575079696086459,-0.8118607573486069,1.97481130,1.00045392,0.02473478
921,0.7632538382345547,1.57408030525944,-0.8108264670248854,1.97480722,1.00045501,0.02473777
922,0.7632887377312573,1.5730809144324207,-0.8097921767011634,1.97480587,1.00045616,0.02473796
923,0.7633236372279598,1.5720815236054015,-0.8087578863774417,1.97480166,1.00045715,0.02474119
924,0.7633585367246624,1.5710821327783824,-0.80772359605372,1.97479728,1.00045833,0.02474439
925,0.7633934362213649,1.5700827419513632,-0.8066893057299983,1.97479517,1.00045945,0.02474538
926,0.7634283357180675,1.569083351124344,-0.8056550154062766,1.97479010,1.00046056,0.02474934
927,0.76346323521477,1.5680839602973249,-0.8046207250825549,1.97478703,1.00046179,0.02475118
928,0.7634981347114725,1.5670845694703055,-0.803586434758833,1.97478345,1.00046280,0.02475375
929,0.7635330342081751,1.5660851786432866,-0.8025521444351115,1.97478190,1.00046390,0.02475420
930,0.7635679337048776,1.5650857878162674,-0.8015178541113898,1.97477749,1.00046503,0.02475748
931,0.7636028332015802,1.5640863969892482,-0.800483563787668,1.97477404,1.00046607,0.02475989
932,0.7636377326982827,1.563087006162229,-0.7994492734639463,1.97476965,1.00046721,0.02476314
933,0.7636726321949853,1.56208761533521,-0.7984149831402246,1.97476909,1.00046827,0.02476264
934,0.7637249681512283,1.5610889858004553,-0.797364017649227,1.97476181,1.00046958,0.02476861
935,0.7637598676479308,1.560089594973436,-0.7963297273255051,1.97475717,1.00047065,0.02477218
936,0.7637947671446333,1.559090204146417,-0.7952954370017836,1.97475530,1.00047167,0.02477303
937,0.7638296666413359,1.5580908133193978,-0.7942611466780619,1.97475195,1.00047278,0.02477527
938,0.7638645661380384,1.5570914224923786,-0.7932268563543402,1.97474836,1.00047399,0.02477765
939,0.763899465634741,1.5560920316653597,-0.7921925660306187,1.97474589,1.00047506,0.02477904
940,0.7639343651314435,1.5550926408383403,-0.7911582757068968,1.97474220,1.00047627,0.02478153
941,0.7639692646281461,1.5540932500113211,-0.7901239853831751,1.97473688,1.00047727,0.02478585
942,0.7640216005843891,1.5530946204765663,-0.7890730198921773,1.97473128,1.00047848,0.02479023
943,0.7640565000810916,1.5520952296495474,-0.7880387295684558,1.97472792,1.00047957,0.02479251
944,0.7640913995777942,1.5510958388225282,-0.7870044392447341,1.97472415,1.00048076,0.02479510
945,0.7641262990744967,1.550096447995509,-0.7859701489210124,1.97472439,1.00048174,0.02479387
946,0.7641611985711992,1.54909705716849,-0.7849358585972909,1.97471579,1.00048294,0.02480127
947,0.7642135345274422,1.5480984276337353,-0.7838848931062931,1.97471064,1.00048413,0.02480523
948,0.7642484340241448,1.547099036806716,-0.7828506027825711,1.97470931,1.00048523,0.02480546
949,0.7642833335208473,1.546099645979697,-0.7818163124588496,1.97470476,1.00048639,0.02480885
950,0.7643182330175499,1.5451002551526778,-0.7807820221351279,1.97469803,1.00048773,0.02481424
951,0.7643705689737929,1.5441016256179232,-0.7797310566441303,1.97469600,1.00048863,0.02481537
952,0.7644229049300358,1.5431029960831686,-0.7786800911531327,1.97469077,1.00048984,0.02481938
953,0.7644752408862788,1.542104366548414,-0.7776291256621352,1.97468477,1.00049101,0.02482422
954,0.7645275768425218,1.5411057370136594,-0.7765781601711376,1.97468040,1.00049214,0.02482747
955,0.7645799127987648,1.5401071074789048,-0.77552719468014,1.97467527,1.00049333,0.02483139
956,0.7646322487550078,1.5391084779441502,-0.7744762291891424,1.97467285,1.00049447,0.02483268
957,0.7646845847112508,1.5381098484093956,-0.7734252636981448,1.97466501,1.00049571,0.02483929
958,0.7647369206674938,1.537111218874641,-0.7723742982071472,1.97466226,1.00049687,0.02484086
959,0.7647892566237368,1.5361125893398864,-0.7713233327161496,1.97465554,1.00049800,0.02484646
960,0.7648415925799797,1.5351139598051318,-0.770272367225152,1.97464941,1.00049913,0.02485146
961,0.7648939285362227,1.5341153302703772,-0.7692214017341544,1.97464504,1.00050033,0.02485463
962,0.7649462644924657,1.5331167007356226,-0.7681704362431568,1.97464147,1.00050143,0.02485711
963,0.7649986004487087,1.532118071200868,-0.7671194707521592,1.97463575,1.00050252,0.02486173
964,0.7650509364049517,1.5311194416661134,-0.7660685052611617,1.97462988,1.00050386,0.02486626
965,0.7651032723611947,1.5301208121313588,-0.7650175397701641,1.97462431,1.00050501,0.02487068
966,0.7651556083174377,1.5291221825966042,-0.7639665742791665,1.97461908,1.00050628,0.02487464
967,0.7652079442736807,1.5281235530618495,-0.7629156087881689,1.97461457,1.00050739,0.02487804
968,0.7652602802299237,1.527124923527095,-0.7618646432971713,1.97460863,1.00050856,0.02488281
969,0.7653126161861666,1.5261262939923403,-0.7608136778061737,1.97460420,1.00050971,0.02488610
970,0.7653649521424096,1.5251276644575855,-0.7597627123151759,1.97459729,1.00051088,0.02489184
971,0.7654172880986526,1.5241290349228311,-0.7587117468241785,1.97459246,1.00051198,0.02489556
972,0.7654696240548956,1.5231304053880763,-0.7576607813331807,1.97458647,1.00051332,0.02490020
973,0.7655219600111386,1.522131775853322,-0.7566098158421833,1.97458085,1.00051444,0.02490471
974,0.7655742959673816,1.521133146318567,-0.7555588503511855,1.97457511,1.00051561,0.02490928
975,0.7656266319236246,1.5201345167838127,-0.7545078848601882,1.97456965,1.00051674,0.02491361
976,0.7656789678798676,1.519135887249058,-0.7534569193691903,1.97456628,1.00051794,0.02491578
977,0.7657313038361105,1.5181372577143035,-0.752405953878193,1.97456051,1.00051917,0.02492032
978,0.7657836397923535,1.517138628179549,-0.7513549883871954,1.97455251,1.00052035,0.02492714
979,0.7658359757485965,1.5161399986447943,-0.7503040228961978,1.97454937,1.00052149,0.02492914
980,0.7658883117048395,1.5151413691100395,-0.7492530574052,1.97454435,1.00052257,0.02493308
981,0.7659406476610825,1.5141427395752851,-0.7482020919142026,1.97453732,1.00052395,0.02493874
982,0.7659929836173255,1.5131441100405305,-0.747151126423205,1.97453337,1.00052511,0.02494152
983,0.7660453195735685,1.512145480505776,-0.7461001609322074,1.97452571,1.00052635,0.02494794
984,0.7660976555298115,1.5111468509710213,-0.7450491954412098,1.97452209,1.00052742,0.02495049
985,0.7661499914860544,1.5101482214362667,-0.7439982299502123,1.97451600,1.00052866,0.02495534
986,0.7662023274422974,1.509149591901512,-0.7429472644592147,1.97451015,1.00052983,0.02496001
987,0.7662546633985404,1.5081509623667575,-0.7418962989682171,1.97450391,1.00053096,0.02496514
988,0.7663069993547834,1.507152332832003,-0.7408453334772195,1.97449848,1.00053214,0.02496938
989,0.7663593353110264,1.5061537032972483,-0.7397943679862219,1.97449313,1.00053334,0.02497354
990,0.7664116712672694,1.5051550737624937,-0.7387434024952243,1.97448732,1.00053456,0.02497812
991,0.7664640072235124,1.504156444227739,-0.7376924370042267,1.97448175,1.00053574,0.02498251
992,0.7665163431797554,1.5031578146929845,-0.7366414715132291,1.97447785,1.00053692,0.02498522
993,0.7665686791359984,1.50215918515823,-0.7355905060222317,1.97446964,1.00053806,0.02499230
994,0.7666210150922413,1.5011605556234753,-0.7345395405312339,1.97446141,1.00053938,0.02499921
995,0.7666733510484843,1.500161926088721,-0.7334885750402366,1.97446168,1.00054018,0.02499814
996,0.7667256870047273,1.499163296553966,-0.7324376095492388,1.97445290,1.00054162,0.02500548
997,0.7667780229609703,1.4981646670192117,-0.7313866440582414,1.97444640,1.00054284,0.02501076
998,0.7668303589172133,1.4971660374844569,-0.7303356785672436,1.97444114,1.00054401,0.02501484
999,0.7668826948734563,1.4961674079497025,-0.7292847130762462,1.97443948,1.00054504,0.02501548
1000,0.7669350308296993,1.4951687784149477,-0.7282337475852484,1.97443033,1.00054635,0.02502332
1001,0.7669873667859423,1.494170148880193,-0.7271827820942508,1.97442477,1.00054751,0.02502772
1002,0.7670397027421852,1.4931715193454385,-0.7261318166032532,1.97442103,1.00054868,0.02503029
1003,0.7670920386984282,1.492172889810684,-0.7250808511122558,1.97441203,1.00054987,0.02503810
1004,0.7671443746546712,1.4911742602759293,-0.724029885621258,1.97440546,1.00055109,0.02504346
1005,0.7671967106109142,1.4901756307411749,-0.7229789201302607,1.97440044,1.00055230,0.02504726
1006,0.7672490465671572,1.48917700120642,-0.7219279546392628,1.97439504,1.00055347,0.02505149
1007,0.7673013825234002,1.4881783716716654,-0.7208769891482653,1.97439095,1.00055460,0.02505445
1008,0.7673537184796432,1.4871797421369108,-0.7198260236572677,1.97438554,1.00055583,0.02505863
1009,0.7674060544358862,1.4861811126021562,-0.7187750581662701,1.97437684,1.00055706,0.02506610
1010,0.7674583903921292,1.4851824830674016,-0.7177240926752725,1.97437191,1.00055819,0.02506990
1011,0.7675107263483721,1.484183853532647,-0.7166731271842749,1.97436719,1.00055925,0.02507356
1012,0.7675630623046151,1.4831852239978924,-0.7156221616932773,1.97435975,1.00056065,0.02507959
1013,0.7676153982608581,1.4821865944631378,-0.7145711962022797,1.97435480,1.00056163,0.02508356
1014,0.7676677342171011,1.4811879649283832,-0.7135202307112821,1.97434744,1.00056289,0.02508967
1015,0.7677374906908452,1.4801904008781237,-0.7124529101872785,1.97434173,1.00056414,0.02509413
1016,0.7678072471645893,1.4791928368278635,-0.7113855896632743,1.97433306,1.00056520,0.02510174
1017,0.7678770036383333,1.478195272777604,-0.7103182691392707,1.97432498,1.00056654,0.02510848
1018,0.7679467601120774,1.4771977087273442,-0.7092509486152668,1.97431702,1.00056773,0.02511525
1019,0.7680165165858215,1.4762001446770845,-0.708183628091263,1.97431074,1.00056897,0.02512029
1020,0.7680862730595656,1.4752025806268247,-0.7071163075672592,1.97430297,1.00057014,0.02512689
1021,0.7681560295333096,1.474205016576565,-0.7060489870432554,1.97429552,1.00057144,0.02513304
1022,0.7682257860070537,1.4732074525263053,-0.7049816665192515,1.97428745,1.00057261,0.02513993
1023,0.7682955424807978,1.4722098884760455,-0.7039143459952477,1.97428013,1.00057374,0.02514613
1024,0.7683652989545419,1.4712123244257858,-0.7028470254712439,1.97427040,1.00057501,0.02515459
1025,0.7684350554282859,1.470214760375526,-0.7017797049472401,1.97426509,1.00057613,0.02515878
1026,0.76850481190203,1.4692171963252665,-0.7007123844232365,1.97425662,1.00057735,0.02516603
1027,0.7685745683757741,1.4682196322750063,-0.6996450638992322,1.97425064,1.00057845,0.02517091
1028,0.7686443248495182,1.4672220682247468,-0.6985777433752286,1.97424123,1.00057975,0.02517902
1029,0.7687140813232622,1.466224504174487,-0.6975104228512248,1.97423722,1.00058090,0.02518188
1030,0.7687838377970063,1.4652269401242273,-0.696443102327221,1.97422713,1.00058212,0.02519075
1031,0.7688535942707504,1.4642293760739675,-0.6953757818032171,1.97421923,1.00058332,0.02519746
1032,0.7689233507444945,1.4632318120237078,-0.6943084612792133,1.97421168,1.00058456,0.02520376
1033,0.7689931072182385,1.462234247973448,-0.6932411407552095,1.97420379,1.00058575,0.02521045
1034,0.7690628636919826,1.4612366839231885,-0.6921738202312059,1.97419589,1.00058695,0.02521717
1035,0.7691326201657267,1.4602391198729283,-0.6911064997072016,1.97418798,1.00058814,0.02522388
1036,0.7692023766394708,1.4592415558226688,-0.690039179183198,1.97418007,1.00058933,0.02523060
1037,0.7692721331132149,1.458243991772409,-0.6889718586591942,1.97417212,1.00059052,0.02523736
1038,0.7693418895869589,1.4572464277221493,-0.6879045381351904,1.97416420,1.00059171,0.02524410
1039,0.769411646060703,1.4562488636718895,-0.6868372176111865,1.97415626,1.00059289,0.02525084
1040,0.7694814025344471,1.4552512996216298,-0.6857698970871827,1.97414832,1.00059408,0.02525759
1041,0.7695511590081912,1.45425373557137,-0.6847025765631789,1.97414037,1.00059527,0.02526436
1042,0.7696209154819352,1.4532561715211103,-0.6836352560391751,1.97413241,1.00059646,0.02527113
1043,0.7696906719556793,1.4522586074708506,-0.6825679355151713,1.97412445,1.00059765,0.02527790
1044,0.7697604284294234,1.4512610434205908,-0.6815006149911674,1.97411962,1.00059873,0.02528165
1045,0.7698301849031675,1.450263479370331,-0.6804332944671636,1.97410915,1.00060000,0.02529085
1046,0.7698999413769115,1.449265915320071,-0.6793659739431596,1.97410071,1.00060119,0.02529810
1047,0.7699696978506556,1.4482683512698116,-0.678298653419156,1.97409274,1.00060239,0.02530486
1048,0.7700394543243997,1.4472707872195518,-0.6772313328951521,1.97408453,1.00060362,0.02531185
1049,0.7701092107981438,1.446273223169292,-0.6761640123711483,1.97407478,1.00060484,0.02532038
1050,0.7701789672718878,1.4452756591190323,-0.6750966918471445,1.97406740,1.00060599,0.02532661
1051,0.7702487237456319,1.4442780950687726,-0.6740293713231407,1.97405971,1.00060709,0.02533320
1052,0.770318480219376,1.4432805310185128,-0.6729620507991368,1.97405262,1.00060839,0.02533900
1053,0.7703882366931201,1.442282966968253,-0.671894730275133,1.97404455,1.00060943,0.02534602
1054,0.7704579931668641,1.4412854029179931,-0.670827409751129,1.97403585,1.00061069,0.02535345
1055,0.7705277496406082,1.4402878388677336,-0.6697600892271254,1.97402733,1.00061174,0.02536093
1056,0.7705975061143523,1.4392902748174738,-0.6686927687031216,1.97401893,1.00061282,0.02536825
1057,0.7706672625880964,1.438292710767214,-0.6676254481791177,1.97400905,1.00061409,0.02537687
1058,0.7707370190618404,1.4372951467169544,-0.6665581276551139,1.97400367,1.00061533,0.02538100
1059,0.7708067755355845,1.4362975826666946,-0.6654908071311101,1.97399444,1.00061645,0.02538911
1060,0.7708765320093286,1.4353000186164349,-0.6644234866071063,1.97398946,1.00061749,0.02539305
1061,0.7709462884830727,1.4343024545661751,-0.6633561660831024,1.97398037,1.00061863,0.02540100
1062,0.7710334442258203,1.4333062598680837,-0.6622728156422634,1.97396779,1.00062018,0.02541203
1063,0.771120599968568,1.4323100651699918,-0.6611894652014239,1.97395895,1.00062090,0.02542015
1064,0.7712077557113156,1.4313138704719002,-0.6601061147605846,1.97394936,1.00062227,0.02542837
1065,0.7712949114540633,1.4303176757738083,-0.659022764319745,1.97393837,1.00062330,0.02543833
1066,0.7713820671968109,1.4293214810757169,-0.657939413878906,1.97392921,1.00062450,0.02544629
1067,0.7714692229395586,1.4283252863776252,-0.6568560634380667,1.97392037,1.00062570,0.02545393
1068,0.7715563786823062,1.4273290916795336,-0.6557727129972274,1.97391126,1.00062685,0.02546188
1069,0.7716435344250538,1.426332896981442,-0.6546893625563881,1.97389969,1.00062820,0.02547211
1070,0.7717306901678015,1.4253367022833503,-0.6536060121155488,1.97389180,1.00062921,0.02547899
1071,0.7718178459105491,1.4243405075852589,-0.6525226616747097,1.97387851,1.00063042,0.02549107
1072,0.7719050016532968,1.423344312887167,-0.6514393112338702,1.97386859,1.00063165,0.02549976
1073,0.7719921573960444,1.4223481181890754,-0.6503559607930309,1.97386162,1.00063279,0.02550559
1074,0.7720793131387921,1.4213519234909835,-0.6492726103521914,1.97384986,1.00063401,0.02551612
1075,0.7721664688815397,1.420355728792892,-0.6481892599113523,1.97384182,1.00063501,0.02552316
1076,0.7722536246242874,1.4193595340948004,-0.647105909470513,1.97382890,1.00063605,0.02553505
1077,0.772340780367035,1.4183633393967088,-0.6460225590296738,1.97381878,1.00063737,0.02554385
1078,0.7724279361097827,1.4173671446986171,-0.6449392085888345,1.97380735,1.00063821,0.02555444
1079,0.7725150918525303,1.4163709500005257,-0.6438558581479954,1.97380111,1.00063969,0.02555920
1080,0.772602247595278,1.4153747553024338,-0.6427725077071559,1.97378834,1.00064067,0.02557099
1081,0.7726894033380256,1.4143785606043422,-0.6416891572663166,1.97377919,1.00064193,0.02557889
1082,0.7727765590807733,1.4133823659062503,-0.6406058068254771,1.97376959,1.00064309,0.02558732
1083,0.7728637148235209,1.412386171208159,-0.639522456384638,1.97375776,1.00064424,0.02559800
1084,0.7729508705662685,1.4113899765100673,-0.6384391059437987,1.97374764,1.00064529,0.02560707
1085,0.7730380263090162,1.4103937818119756,-0.6373557555029594,1.97373709,1.00064654,0.02561638
1086,0.7731251820517638,1.409397587113884,-0.6362724050621201,1.97372460,1.00064770,0.02562770
1087,0.7732123377945115,1.4084013924157923,-0.6351890546212808,1.97371511,1.00064879,0.02563610
1088,0.7732994935372591,1.407405197717701,-0.6341057041804418,1.97370452,1.00064992,0.02564556
1089,0.7733866492800068,1.406409003019609,-0.6330223537396023,1.97369497,1.00065109,0.02565393
1090,0.7734738050227544,1.4054128083215174,-0.631939003298763,1.97368565,1.00065201,0.02566234
1091,0.7735609607655021,1.4044166136234255,-0.6308556528579234,1.97367495,1.00065306,0.02567199
1092,0.7736481165082497,1.403420418925334,-0.6297723024170844,1.97366412,1.00065420,0.02568169
1093,0.7737352722509974,1.4024242242272424,-0.6286889519762451,1.97365448,1.00065534,0.02569019
1094,0.773822427993745,1.4014280295291508,-0.6276056015354058,1.97364444,1.00065638,0.02569918
1095,0.7739095837364927,1.4004318348310592,-0.6265222510945665,1.97363469,1.00065742,0.02570789
1096,0.7739967394792403,1.3994356401329675,-0.6254389006537272,1.97362474,1.00065850,0.02571676
1097,0.774083895221988,1.398439445434876,-0.6243555502128881,1.97361213,1.00065964,0.02572823
1098,0.7741710509647356,1.3974432507367842,-0.6232721997720486,1.97360340,1.00066070,0.02573590
1099,0.7742755794280033,1.396448728841416,-0.6221731494134127,1.97358953,1.00066183,0.02574864
1100,0.774380107891271,1.3954542069460478,-0.6210740990547768,1.97357762,1.00066292,0.02575946
1101,0.7744846363545387,1.3944596850506796,-0.619975048696141,1.97356542,1.00066406,0.02577051
1102,0.7745891648178064,1.3934651631553114,-0.6188759983375051,1.97355160,1.00066525,0.02578316
1103,0.7746936932810741,1.3924706412599432,-0.6177769479788692,1.97354085,1.00066614,0.02579300
1104,0.7747982217443418,1.391476119364575,-0.6166778976202333,1.97352636,1.00066715,0.02580649
1105,0.7749027502076095,1.3904815974692069,-0.6155788472615974,1.97351551,1.00066837,0.02581612
1106,0.7750072786708772,1.3894870755738389,-0.6144797969029617,1.97350351,1.00066935,0.02582714
1107,0.7751118071341448,1.3884925536784705,-0.6133807465443256,1.97349303,1.00067043,0.02583654
1108,0.7752163355974125,1.3874980317831025,-0.61228169618569,1.97347874,1.00067137,0.02584989
1109,0.7753208640606802,1.386503509887734,-0.6111826458270538,1.97346854,1.00067234,0.02585913
1110,0.7754253925239479,1.385508987992366,-0.6100835954684182,1.97345307,1.00067334,0.02587359
1111,0.7755299209872156,1.3845144660969977,-0.6089845451097821,1.97344571,1.00067479,0.02587951
1112,0.7756344494504833,1.3835199442016295,-0.6078854947511462,1.97342993,1.00067605,0.02589401
1113,0.775738977913751,1.3825254223062613,-0.6067864443925103,1.97341639,1.00067659,0.02590702
1114,0.7758435063770187,1.381530900410893,-0.6056873940338744,1.97340889,1.00067758,0.02591353
1115,0.7759480348402864,1.380536378515525,-0.6045883436752385,1.97339514,1.00067894,0.02592592
1116,0.7760525633035541,1.3795418566201567,-0.6034892933166026,1.97338234,1.00067997,0.02593769
1117,0.7761570917668218,1.3785473347247883,-0.6023902429579665,1.97337293,1.00068082,0.02594625
1118,0.7762616202300895,1.3775528128294203,-0.6012911925993308,1.97335964,1.00068183,0.02595852
1119,0.7763661486933572,1.376558290934052,-0.6001921422406947,1.97334521,1.00068295,0.02597184
1120,0.7764706771566249,1.375563769038684,-0.5990930918820591,1.97333496,1.00068383,0.02598121
1121,0.7765752056198926,1.3745692471433155,-0.597994041523423,1.97332069,1.00068486,0.02599445
1122,0.7766797340831603,1.3735747252479475,-0.5968949911647873,1.97330723,1.00068605,0.02600672
1123,0.776784262546428,1.3725802033525794,-0.5957959408061514,1.97329566,1.00068687,0.02601747
1124,0.7768887910096957,1.3715856814572112,-0.5946968904475155,1.97328252,1.00068790,0.02602958
1125,0.7769933194729634,1.370591159561843,-0.5935978400888796,1.97327039,1.00068893,0.02604069
1126,0.777097847936231,1.3695966376664748,-0.5924987897302437,1.97325749,1.00068985,0.02605266
1127,0.7772023763994987,1.3686021157711066,-0.5913997393716078,1.97324510,1.00069082,0.02606408
1128,0.7773242457429039,1.3676095696194652,-0.5902853238765613,1.97323089,1.00069184,0.02607727
1129,0.7774461150863091,1.366617023467824,-0.589170908381515,1.97321899,1.00069262,0.02608839
1130,0.7775679844297143,1.3656244773161823,-0.588056492886468,1.97320278,1.00069378,0.02610344
1131,0.7776898537731195,1.3646319311645412,-0.5869420773914217,1.97318897,1.00069479,0.02611624
1132,0.7778117231165247,1.3636393850128998,-0.5858276618963751,1.97317534,1.00069568,0.02612898
1133,0.7779335924599299,1.3626468388612585,-0.5847132464013286,1.97316151,1.00069665,0.02614184
1134,0.7780554618033351,1.3616542927096171,-0.5835988309062821,1.97314616,1.00069768,0.02615616
1135,0.7781773311467403,1.3606617465579758,-0.5824844154112355,1.97313187,1.00069863,0.02616951
1136,0.7782992004901454,1.3596692004063344,-0.581369999916189,1.97311760,1.00069957,0.02618284
1137,0.7784210698335506,1.358676654254693,-0.5802555844211424,1.97310332,1.00070050,0.02619618
1138,0.7785429391769558,1.3576841081030515,-0.5791411689260957,1.97308931,1.00070146,0.02620923
1139,0.778664808520361,1.3566915619514104,-0.5780267534310494,1.97307480,1.00070239,0.02622281
1140,0.7787866778637662,1.355699015799769,-0.5769123379360028,1.97305996,1.00070331,0.02623673
1141,0.7789085472071714,1.3547064696481277,-0.5757979224409563,1.97304580,1.00070420,0.02625000
1142,0.7790304165505766,1.3537139234964863,-0.5746835069459098,1.97303100,1.00070509,0.02626391
1143,0.7791522858939818,1.352721377344845,-0.5735690914508632,1.97301662,1.00070597,0.02627742
1144,0.779274155237387,1.3517288311932036,-0.5724546759558167,1.97300251,1.00070682,0.02629067
1145,0.7793960245807922,1.3507362850415623,-0.5713402604607701,1.97298814,1.00070768,0.02630418
1146,0.7795178939241973,1.349743738889921,-0.5702258449657236,1.97297359,1.00070854,0.02631786
1147,0.7796397632676025,1.3487511927382796,-0.569111429470677,1.97295907,1.00070939,0.02633154
1148,0.7797616326110077,1.3477586465866382,-0.5679970139756305,1.97294473,1.00071023,0.02634504
1149,0.7798835019544129,1.346766100434997,-0.566882598480584,1.97293058,1.00071107,0.02635836
1150,0.7800053712978181,1.3457735542833555,-0.5657681829855374,1.97291423,1.00071207,0.02637370
1151,0.7801272406412233,1.3447810081317142,-0.5646537674904909,1.97290155,1.00071271,0.02638574
1152,0.7802491099846285,1.3437884619800728,-0.5635393519954444,1.97288664,1.00071361,0.02639975
1153,0.7803709793280337,1.3427959158284315,-0.5624249365003978,1.97287201,1.00071432,0.02641368
1154,0.7805101524289937,1.34180564775969,-0.5612954953306963,1.97285597,1.00071524,0.02642879
1155,0.7806493255299537,1.3408153796909486,-0.5601660541609949,1.97283897,1.00071610,0.02644493
1156,0.7807884986309137,1.339825111622207,-0.5590366129912934,1.97282253,1.00071693,0.02646055
1157,0.7809276717318737,1.3388348435534656,-0.5579071718215919,1.97280540,1.00071779,0.02647681
1158,0.7810668448328337,1.337844575484724,-0.5567777306518902,1.97278909,1.00071860,0.02649231
1159,0.7812060179337937,1.3368543074159829,-0.5556482894821891,1.97277293,1.00071938,0.02650769
1160,0.7813451910347537,1.3358640393472412,-0.5545188483124874,1.97275660,1.00072017,0.02652324
1161,0.7814843641357138,1.3348737712784997,-0.553389407142786,1.97274021,1.00072095,0.02653884
1162,0.7816235372366738,1.3338835032097582,-0.5522599659730845,1.97272484,1.00072170,0.02655346
1163,0.7817627103376338,1.3328932351410168,-0.551130524803383,1.97270854,1.00072246,0.02656900
1164,0.7819018834385938,1.3319029670722753,-0.5500010836336815,1.97269216,1.00072321,0.02658463
1165,0.7820410565395538,1.3309126990035338,-0.54887164246398,1.97267569,1.00072395,0.02660035
1166,0.7821802296405138,1.3299224309347923,-0.5477422012942785,1.97265915,1.00072469,0.02661616
1167,0.7823194027414738,1.3289321628660509,-0.546612760124577,1.97264257,1.00072541,0.02663202
1168,0.7824585758424338,1.3279418947973094,-0.5454833189548756,1.97262596,1.00072613,0.02664791
1169,0.7825977489433938,1.326951626728568,-0.5443538777851741,1.97260941,1.00072681,0.02666378
1170,0.7827369220443539,1.3259613586598265,-0.5432244366154726,1.97259293,1.00072752,0.02667955
1171,0.7828760951453139,1.324971090591085,-0.5420949954457711,1.97257637,1.00072820,0.02669542
1172,0.7830152682462739,1.3239808225223435,-0.5409655542760696,1.97255983,1.00072888,0.02671129
1173,0.7831544413472339,1.322990554453602,-0.5398361131063681,1.97254382,1.00072970,0.02672647
1174,0.7832936144481939,1.3220002863848606,-0.5387066719366667,1.97252718,1.00073037,0.02674245
1175,0.7834500489132341,1.3210125980442655,-0.5375625491310314,1.97250896,1.00073106,0.02675998
1176,0.7836064833782743,1.3200249097036705,-0.5364184263253962,1.97249069,1.00073175,0.02677756
1177,0.7837629178433145,1.3190372213630754,-0.5352743035197609,1.97247247,1.00073243,0.02679510
1178,0.7839193523083547,1.3180495330224804,-0.5341301807141257,1.97245410,1.00073309,0.02681281
1179,0.784075786773395,1.3170618446818854,-0.5329860579084904,1.97243571,1.00073375,0.02683054
1180,0.7842322212384352,1.3160741563412903,-0.5318419351028552,1.97241729,1.00073440,0.02684831
1181,0.7843886557034754,1.3150864680006953,-0.5306978122972199,1.97239985,1.00073498,0.02686517
1182,0.7845450901685156,1.3140987796601002,-0.5295536894915847,1.97238114,1.00073562,0.02688324
1183,0.7847015246335558,1.3131110913195052,-0.5284095666859494,1.97236549,1.00073607,0.02689844
1184,0.784857959098596,1.3121234029789102,-0.5272654438803142,1.97234729,1.00073668,0.02691604
1185,0.7850143935636362,1.3111357146383151,-0.5261213210746789,1.97232890,1.00073725,0.02693384
1186,0.7851708280286764,1.31014802629772,-0.5249771982690437,1.97231049,1.00073782,0.02695169
1187,0.7853272624937166,1.309160337957125,-0.5238330754634084,1.97229200,1.00073837,0.02696963
1188,0.7854836969587569,1.30817264961653,-0.5226889526577732,1.97227355,1.00073892,0.02698753
1189,0.7856401314237971,1.307184961275935,-0.5215448298521379,1.97225495,1.00073943,0.02700562
1190,0.7857965658888373,1.30619727293534,-0.5204007070465027,1.97223647,1.00073995,0.02702358
1191,0.7859530003538775,1.305209584594745,-0.5192565842408674,1.97221594,1.00074065,0.02704342
1192,0.7861094348189177,1.30422189625415,-0.5181124614352324,1.97219750,1.00074115,0.02706136
1193,0.7862658692839579,1.3032342079135548,-0.5169683386295969,1.97217906,1.00074163,0.02707931
1194,0.7864223037489981,1.3022465195729598,-0.5158242158239617,1.97216061,1.00074211,0.02709729
1195,0.7865959519266651,1.3012617118199477,-0.5146657598932826,1.97214060,1.00074260,0.02711679
1196,0.7867696001043321,1.3002769040669355,-0.5135073039626035,1.97212059,1.00074309,0.02713632
1197,0.786943248281999,1.2992920963139234,-0.5123488480319244,1.97210056,1.00074356,0.02715587
1198,0.787116896459666,1.2983072885609113,-0.5111903921012453,1.97208053,1.00074402,0.02717545
1199,0.787290544637333,1.2973224808078991,-0.5100319361705662,1.97206048,1.00074447,0.02719505
1200,0.7874641928149999,1.296337673054887,-0.5088734802398871,1.97204087,1.00074493,0.02721420
1201,0.7876378409926669,1.2953528653018749,-0.507715024309208,1.97202077,1.00074535,0.02723388
1202,0.7878114891703338,1.2943680575488627,-0.5065565683785289,1.97200066,1.00074576,0.02725359
1203,0.7879851373480008,1.2933832497958506,-0.5053981124478498,1.97198053,1.00074615,0.02727331
1204,0.7881587855256678,1.2923984420428385,-0.5042396565171707,1.97196040,1.00074653,0.02729306
1205,0.7883324337033347,1.2914136342898264,-0.5030812005864916,1.97194026,1.00074690,0.02731284
1206,0.7885060818810017,1.2904288265368142,-0.5019227446558125,1.97192014,1.00074725,0.02733262
1207,0.7886797300586686,1.289444018783802,-0.5007642887251335,1.97189998,1.00074758,0.02735243
1208,0.7888533782363356,1.28845921103079,-0.49960583279445436,1.97187983,1.00074791,0.02737226
1209,0.7890270264140026,1.2874744032777778,-0.49844737686377527,1.97185968,1.00074822,0.02739210
1210,0.7892006745916695,1.2864895955247655,-0.49728892093309596,1.97183953,1.00074852,0.02741195
1211,0.7893743227693365,1.2855047877717536,-0.4961304650024171,1.97181937,1.00074880,0.02743183
1212,0.7895479709470035,1.2845199800187417,-0.4949720090717382,1.97179920,1.00074909,0.02745171
1213,0.78973877994238,1.2835383528352935,-0.49379957289291354,1.97177744,1.00074938,0.02747318
1214,0.7899295889377564,1.282556725651846,-0.49262713671408953,1.97175554,1.00074963,0.02749482
1215,0.7901203979331329,1.2815750984683982,-0.4914547005352653,1.97173193,1.00074995,0.02751812
1216,0.7903112069285094,1.2805934712849505,-0.49028226435644107,1.97171073,1.00075016,0.02753911
1217,0.7905020159238859,1.2796118441015027,-0.48910982817761683,1.97168938,1.00075036,0.02756025
1218,0.7906928249192624,1.278630216918055,-0.4879373919987926,1.97166776,1.00075056,0.02758168
1219,0.7908836339146389,1.2776485897346073,-0.48676495581996837,1.97164583,1.00075075,0.02760342
1220,0.7910744429100154,1.2766669625511595,-0.48559251964114414,1.97162397,1.00075093,0.02762509
1221,0.7912652519053919,1.2756853353677118,-0.4844200834623199,1.97160200,1.00075110,0.02764690
1222,0.7914560609007684,1.274703708184264,-0.4832476472834957,1.97157846,1.00075111,0.02767042
1223,0.7916468698961449,1.2737220810008163,-0.48207521110467144,1.97155653,1.00075125,0.02769222
1224,0.7918376788915213,1.2727404538173686,-0.4809027749258472,1.97153462,1.00075139,0.02771399
1225,0.7920284878868978,1.2717588266339208,-0.479730338747023,1.97151263,1.00075152,0.02773585
1226,0.7922192968822743,1.270777199450473,-0.47855790256819875,1.97149044,1.00075166,0.02775790
1227,0.7924101058776508,1.269795572267025,-0.4773854663893743,1.97146898,1.00075176,0.02777926
1228,0.7926180175684686,1.2688174246662915,-0.47619940709782294,1.97144575,1.00075186,0.02780239
1229,0.7928259292592864,1.2678392770655578,-0.47501334780627136,1.97142251,1.00075196,0.02782553
1230,0.7930338409501042,1.266861129464824,-0.4738272885147198,1.97139829,1.00075205,0.02784966
1231,0.793241752640922,1.2658829818640902,-0.4726412292231682,1.97137468,1.00075211,0.02787321
1232,0.7934496643317398,1.2649048342633564,-0.4714551699316166,1.97135221,1.00075211,0.02789569
1233,0.7936575760225576,1.2639266866626226,-0.47026911064006505,1.97132801,1.00075219,0.02791980
1234,0.7938654877133754,1.2629485390618889,-0.46908305134851347,1.97130501,1.00075217,0.02794282
1235,0.7940733994041932,1.261970391461155,-0.4678969920569619,1.97128105,1.00075216,0.02796680
1236,0.794281311095011,1.2609922438604213,-0.4667109327654103,1.97125559,1.00075211,0.02799230
1237,0.7944892227858288,1.2600140962596875,-0.46552487347385874,1.97123182,1.00075201,0.02801617
1238,0.7946971344766466,1.2590359486589535,-0.46433881418230694,1.97120798,1.00075200,0.02804002
1239,0.7949050461674644,1.25805780105822,-0.4631527548907556,1.97118606,1.00075195,0.02806199
1240,0.7951129578582822,1.2570796534574862,-0.461966695599204,1.97116277,1.00075184,0.02808539
1241,0.7953208695491,1.2561015058567524,-0.4607806363076524,1.97113917,1.00075171,0.02810912
1242,0.7955287812399178,1.2551233582560186,-0.45959457701610085,1.97111607,1.00075159,0.02813234
1243,0.7957537322942616,1.254148988191233,-0.4583952558969715,1.97109085,1.00075147,0.02815768
1244,0.7959786833486054,1.253174618126448,-0.4571959347778426,1.97106518,1.00075134,0.02818348
1245,0.7962036344029493,1.2522002480616627,-0.45599661365871347,1.97103913,1.00075110,0.02820978
1246,0.7964285854572931,1.2512258779968777,-0.45479729253958456,1.97101413,1.00075089,0.02823498
1247,0.796653536511637,1.2502515079320922,-0.4535979714204552,1.97098887,1.00075067,0.02826046
1248,0.7968784875659808,1.2492771378673069,-0.4523986503013261,1.97096374,1.00075045,0.02828582
1249,0.7971034386203246,1.2483027678025216,-0.45119932918219696,1.97093865,1.00075036,0.02831099
1250,0.7973283896746685,1.2473283977377363,-0.45000000806306784,1.97091340,1.00075011,0.02833649
1251,0.7975533407290123,1.246354027672951,-0.4488006869439387,1.97088847,1.00074967,0.02836186
1252,0.7977782917833561,1.2453796576081655,-0.44760136582480936,1.97086301,1.00074941,0.02838758
1253,0.7980032428377,1.2444052875433804,-0.44640204470568046,1.97083736,1.00074915,0.02841350
1254,0.7982281938920438,1.2434309174785951,-0.44520272358655133,1.97081237,1.00074883,0.02843880
1255,0.7984531449463876,1.2424565474138098,-0.4440034024674222,1.97078741,1.00074848,0.02846412
1256,0.7986780960007315,1.2414821773490246,-0.4428040813482931,1.97076266,1.00074839,0.02848895
1257,0.7989200178963312,1.2405118816227485,-0.44159186372641734,1.97073624,1.00074736,0.02851640
1258,0.7991619397919308,1.2395415858964725,-0.4403796461045416,1.97070846,1.00074748,0.02854405
1259,0.7994038616875305,1.2385712901701964,-0.4391674284826659,1.97068189,1.00074711,0.02857101
1260,0.7996457835831302,1.2376009944439204,-0.43795521086079015,1.97065490,1.00074672,0.02859839
1261,0.7998877054787299,1.2366306987176443,-0.4367429932389144,1.97062797,1.00074635,0.02862568
1262,0.8001296273743296,1.2356604029913685,-0.4355307756170389,1.97060246,1.00074582,0.02865172
1263,0.8003715492699293,1.2346901072650922,-0.43431855799516295,1.97057432,1.00074538,0.02868030
1264,0.800613471165529,1.2337198115388162,-0.4331063403732872,1.97054773,1.00074487,0.02870740
1265,0.8008553930611286,1.23274951581254,-0.4318941227514115,1.97052113,1.00074435,0.02873452
1266,0.8010973149567283,1.231779220086264,-0.43068190512953575,1.97049479,1.00074372,0.02876149
1267,0.801339236852328,1.230808924359988,-0.42946968750766,1.97046734,1.00074329,0.02878937
1268,0.8015811587479277,1.229838628633712,-0.4282574698857843,1.97044105,1.00074270,0.02881626
1269,0.8018230806435274,1.228868332907436,-0.42704525226390855,1.97041654,1.00074205,0.02884140
1270,0.8020818996886299,1.2279024070811468,-0.425820507392517,1.97038521,1.00074182,0.02887297
1271,0.8023407187337324,1.2269364812548578,-0.4245957625211254,1.97035730,1.00074089,0.02890181
1272,0.8025995377788349,1.2259705554285687,-0.42337101764973384,1.97033163,1.00074041,0.02892796
1273,0.8028583568239374,1.2250046296022796,-0.42214627277834227,1.97030067,1.00073961,0.02895972
1274,0.8031171758690399,1.2240387037759906,-0.4209215279069507,1.97027134,1.00073890,0.02898975
1275,0.8033759949141424,1.2230727779497017,-0.41969678303555935,1.97024469,1.00073810,0.02901720
1276,0.8036348139592449,1.2221068521234124,-0.41847203816416756,1.97021826,1.00073746,0.02904428
1277,0.8038936330043474,1.2211409262971231,-0.41724729329277577,1.97018784,1.00073692,0.02907524
1278,0.8041524520494499,1.2201750004708345,-0.41602254842138464,1.97015919,1.00073640,0.02910441
1279,0.8044112710945523,1.2192090746445452,-0.41479780354999285,1.97013181,1.00073532,0.02913287
1280,0.8046700901396548,1.218243148818256,-0.41357305867860106,1.97010301,1.00073453,0.02916246
1281,0.8049289091847573,1.217277222991967,-0.4123483138072097,1.97007899,1.00073370,0.02918732
1282,0.8052045465405744,1.2163159612960288,-0.41111141475545443,1.97004475,1.00073279,0.02922246
1283,0.8054801838963914,1.2153546996000906,-0.40987451570369915,1.97001656,1.00073188,0.02925156
1284,0.8057558212522085,1.2143934379041523,-0.40863761665194387,1.96998524,1.00073121,0.02928356
1285,0.8060314586080255,1.213432176208214,-0.4074007176001886,1.96995681,1.00073027,0.02931292
1286,0.8063070959638425,1.2124709145122758,-0.4061638185484333,1.96992599,1.00072921,0.02934479
1287,0.8065827333196596,1.2115096528163376,-0.40492691949667803,1.96989434,1.00072830,0.02937737
1288,0.8068583706754766,1.2105483911203994,-0.40369002044492275,1.96986505,1.00072739,0.02940757
1289,0.8071340080312936,1.2095871294244611,-0.40245312139316747,1.96983441,1.00072657,0.02943902
1290,0.8074096453871107,1.2086258677285229,-0.4012162223414122,1.96980645,1.00072577,0.02946778
1291,0.8076852827429277,1.2076646060325846,-0.3999793232896569,1.96977611,1.00072475,0.02949914
1292,0.8079609200987448,1.2067033443366464,-0.3987424242379016,1.96974741,1.00072387,0.02952872
1293,0.8082365574545618,1.205742082640708,-0.3975055251861461,1.96972145,1.00072284,0.02955572
1294,0.8085289291592845,1.204785777884745,-0.3962568487254605,1.96968601,1.00072146,0.02959253
1295,0.8088213008640073,1.203829473128782,-0.3950081722647747,1.96965827,1.00072060,0.02962112
1296,0.80911367256873,1.2028731683728189,-0.39375949580408887,1.96962426,1.00071947,0.02965627
1297,0.8094060442734528,1.2019168636168558,-0.39251081934340304,1.96959761,1.00071829,0.02968410
1298,0.8096984159781755,1.2009605588608927,-0.3912621428827172,1.96956338,1.00071749,0.02971913
1299,0.8099907876828982,1.2000042541049296,-0.3900134664220314,1.96953175,1.00071608,0.02975217
1300,0.810283159387621,1.1990479493489663,-0.38876478996134534,1.96950102,1.00071487,0.02978411
1301,0.8105755310923437,1.1980916445930034,-0.38751611350065973,1.96946938,1.00071348,0.02981714
1302,0.8108679027970664,1.1971353398370403,-0.3862674370399739,1.96944044,1.00071239,0.02984717
1303,0.8111602745017892,1.1961790350810773,-0.3850187605792881,1.96940730,1.00071103,0.02988167
1304,0.8114526462065119,1.1952227303251142,-0.38377008411860225,1.96937626,1.00070979,0.02991395
1305,0.8117450179112347,1.194266425569151,-0.3825214076579164,1.96934842,1.00070855,0.02994303
1306,0.8120540349056096,1.193315369052856,-0.3812613341472464,1.96931228,1.00070706,0.02998067
1307,0.8123630518999845,1.1923643125365608,-0.38000126063657635,1.96928144,1.00070632,0.03001224
1308,0.8126720688943594,1.1914132560202657,-0.3787411871259063,1.96924839,1.00070503,0.03004658
1309,0.8129810858887343,1.1904621995039706,-0.3774811136152363,1.96921886,1.00070359,0.03007755
1310,0.8132901028831092,1.1895111429876757,-0.3762210401045665,1.96918352,1.00070199,0.03011450
1311,0.8135991198774841,1.1885600864713803,-0.3749609665938962,1.96915092,1.00070027,0.03014881
1312,0.813908136871859,1.1876090299550852,-0.3737008930832262,1.96911870,1.00069881,0.03018249
1313,0.814217153866234,1.18665797343879,-0.37244081957255615,1.96908554,1.00069716,0.03021731
1314,0.8145261708606089,1.185706916922495,-0.3711807460618861,1.96905618,1.00069577,0.03024806
1315,0.8148351878549838,1.1847558604061998,-0.3699206725512161,1.96902477,1.00069453,0.03028069
1316,0.8151607560094409,1.1838103418306003,-0.36864958582115936,1.96898965,1.00069276,0.03031759
1317,0.8154863241638981,1.1828648232550012,-0.3673784990911031,1.96895721,1.00069131,0.03035148
1318,0.8158118923183553,1.181919304679402,-0.3661074123610468,1.96892474,1.00068981,0.03038545
1319,0.8161374604728124,1.1809737861038023,-0.3648363256309899,1.96888972,1.00068800,0.03042229
1320,0.8164630286272696,1.1800282675282032,-0.3635652389009336,1.96885505,1.00068659,0.03045836
1321,0.8167885967817268,1.179082748952604,-0.3622941521708771,1.96882326,1.00068474,0.03049199
1322,0.8171141649361839,1.1781372303770046,-0.36102306544082063,1.96878970,1.00068307,0.03052723
1323,0.8174397330906411,1.1771917118014052,-0.35975197871076414,1.96875621,1.00068138,0.03056241
1324,0.8177653012450983,1.176246193225806,-0.35848089198070765,1.96872449,1.00067967,0.03059584
1325,0.8180908693995554,1.1753006746502066,-0.35720980525065116,1.96868917,1.00067795,0.03063287
1326,0.8184164375540126,1.1743551560746073,-0.35593871852059467,1.96865922,1.00067615,0.03066463
1327,0.8187584576973382,1.1734154634538214,-0.3546570057564832,1.96862546,1.00067433,0.03070020
1328,0.8191004778406639,1.1724757708330356,-0.3533752929923717,1.96859109,1.00067252,0.03073639
1329,0.8194424979839895,1.1715360782122497,-0.3520935802282602,1.96855519,1.00067079,0.03077402
1330,0.8197845181273151,1.1705963855914638,-0.3508118674641487,1.96851945,1.00066918,0.03081137
1331,0.8201265382706407,1.169656692970678,-0.34953015470003723,1.96848467,1.00066734,0.03084799
1332,0.8204685584139664,1.168717000349892,-0.3482484419359255,1.96845030,1.00066532,0.03088438
1333,0.820810578557292,1.1677773077291065,-0.3469667291718145,1.96841421,1.00066324,0.03092255
1334,0.8211525987006176,1.1668376151083204,-0.34568501640770277,1.96838002,1.00066132,0.03095866
1335,0.8214946188439433,1.1658979224875343,-0.34440330364359106,1.96834628,1.00065929,0.03099443
1336,0.8218366389872689,1.164958229866749,-0.34312159087948,1.96831192,1.00065735,0.03103074
1337,0.8221950069368141,1.1640246494402515,-0.3418296425034374,1.96827688,1.00065548,0.03106764
1338,0.8225533748863594,1.1630910690137544,-0.340537694127395,1.96824003,1.00065341,0.03110655
1339,0.8229117428359046,1.1621574885872572,-0.3392457457513526,1.96820631,1.00065154,0.03114215
1340,0.8232701107854499,1.16122390816076,-0.33795379737531017,1.96817151,1.00064957,0.03117892
1341,0.8236284787349951,1.1602903277342629,-0.33666184899926777,1.96813469,1.00064746,0.03121785
1342,0.8239868466845404,1.1593567473077655,-0.33536990062322514,1.96810389,1.00064517,0.03125094
1343,0.8243452146340856,1.1584231668812686,-0.33407795224718295,1.96806526,1.00064325,0.03129148
1344,0.8247035825836309,1.1574895864547714,-0.33278600387114055,1.96802997,1.00064163,0.03132841
1345,0.8250619505331761,1.1565560060282742,-0.33149405549509814,1.96799501,1.00063954,0.03136545
1346,0.8254203184827213,1.155622425601777,-0.33020210711905573,1.96796005,1.00063717,0.03140278
1347,0.8257786864322666,1.15468884517528,-0.3289101587430133,1.96792690,1.00063534,0.03143776
1348,0.8261532930256825,1.1537616613207131,-0.3276083682950306,1.96788725,1.00063289,0.03147986
1349,0.8265278996190984,1.1528344774661463,-0.32630657784704786,1.96785535,1.00063067,0.03151398
1350,0.8269025062125144,1.1519072936115795,-0.32500478739906513,1.96781697,1.00062833,0.03155470
1351,0.8272771128059303,1.1509801097570127,-0.3237029969510824,1.96778044,1.00062625,0.03159331
1352,0.8276517193993462,1.150052925902446,-0.32240120650309967,1.96774409,1.00062378,0.03163213
1353,0.8280263259927622,1.149125742047879,-0.32109941605511694,1.96770402,1.00062095,0.03167503
1354,0.8284009325861781,1.1481985581933123,-0.3197976256071342,1.96767116,1.00061896,0.03170988
1355,0.828775539179594,1.1472713743387457,-0.3184958351591517,1.96763378,1.00061617,0.03175005
1356,0.8291501457730099,1.146344190484179,-0.31719404471116897,1.96760086,1.00061388,0.03178526
1357,0.8295247523664259,1.145417006629612,-0.31589225426318623,1.96756281,1.00061145,0.03182574
1358,0.8299154834949152,1.1444965017761597,-0.3145810182812445,1.96752582,1.00060888,0.03186529
1359,0.8303062146234045,1.143575996922707,-0.3132697822993026,1.96749045,1.00060658,0.03190297
1360,0.8306969457518938,1.1426554920692549,-0.3119585463173611,1.96745225,1.00060423,0.03194352
1361,0.8310876768803831,1.1417349872158022,-0.31064731033541915,1.96741643,1.00060183,0.03198174
1362,0.8314784080088724,1.1408144823623498,-0.30933607435347743,1.96738122,1.00059937,0.03201941
1363,0.8318691391373617,1.1398939775088974,-0.3080248383715357,1.96734332,1.00059670,0.03205998
1364,0.832259870265851,1.138973472655445,-0.306713602389594,1.96730727,1.00059401,0.03209872
1365,0.8326506013943403,1.1380529678019926,-0.3054023664076523,1.96727134,1.00059128,0.03213738
1366,0.8330413325228296,1.1371324629485402,-0.30409113042571057,1.96723396,1.00058882,0.03217723
1367,0.8334320636513189,1.1362119580950878,-0.30277989444376885,1.96719455,1.00058607,0.03221938
1368,0.8338388002943947,1.1352984126374452,-0.3014596123430505,1.96716309,1.00058354,0.03225337
1369,0.8342455369374705,1.1343848671798027,-0.3001393302423322,1.96712527,1.00058078,0.03229396
1370,0.8346522735805463,1.13347132172216,-0.29881904814161364,1.96708579,1.00057771,0.03233650
1371,0.8350590102236221,1.1325577762645176,-0.29749876604089553,1.96704886,1.00057561,0.03237553
1372,0.8354657468666978,1.131644230806875,-0.2961784839401772,1.96701340,1.00057281,0.03241379
1373,0.8358724835097736,1.1307306853492325,-0.2948582018394589,1.96697123,1.00057014,0.03245863
1374,0.8362792201528494,1.12981713989159,-0.29353791973874055,1.96693696,1.00056651,0.03249653
1375,0.8366859567959252,1.1289035944339474,-0.2922176376380222,1.96690223,1.00056500,0.03253276
1376,0.837092693439001,1.1279900489763048,-0.2908973555373039,1.96686386,1.00056191,0.03257423
1377,0.8374994300820767,1.1270765035186625,-0.2895770734365858,1.96682372,1.00055875,0.03261754
1378,0.8379220483438174,1.1261701957316257,-0.28824814738780824,1.96678613,1.00055576,0.03265811
1379,0.8383446666055582,1.125263887944589,-0.2869192213390309,1.96674920,1.00055300,0.03269780
1380,0.8387672848672989,1.1243575801575525,-0.2855902952902536,1.96671100,1.00055006,0.03273894
1381,0.8391899031290396,1.123451272370516,-0.28426136924147627,1.96667322,1.00054710,0.03277968
1382,0.8396125213907804,1.1225449645834793,-0.28293244319269895,1.96663424,1.00054433,0.03282143
1383,0.8400351396525211,1.1216386567964427,-0.2816035171439216,1.96659699,1.00054136,0.03286165
1384,0.8404577579142618,1.120732349009406,-0.2802745910951443,1.96656141,1.00053837,0.03290022
1385,0.8408803761760025,1.1198260412223695,-0.278945665046367,1.96652318,1.00053527,0.03294154
1386,0.8413029944377433,1.118919733435333,-0.27761673899758965,1.96648840,1.00053239,0.03297921
1387,0.8417413655845324,1.1180209393890337,-0.2762795738045013,1.96645193,1.00052874,0.03301933
1388,0.8421797367313215,1.1171221453427345,-0.27494240861141295,1.96641033,1.00052624,0.03306343
1389,0.8426181078781106,1.1162233512964352,-0.2736052434183246,1.96637114,1.00052327,0.03310558
1390,0.8430564790248998,1.115324557250136,-0.27226807822523624,1.96633361,1.00052000,0.03314639
1391,0.8434948501716889,1.1144257632038368,-0.2709309130321479,1.96629749,1.00051709,0.03318542
1392,0.843933221318478,1.1135269691575376,-0.26959374783905954,1.96625943,1.00051385,0.03322673
1393,0.8443715924652672,1.1126281751112383,-0.2682565826459712,1.96622267,1.00051084,0.03326649
1394,0.8448099636120563,1.1117293810649391,-0.26691941745288283,1.96618461,1.00050751,0.03330788
1395,0.8452483347588454,1.11083058701864,-0.2655822522597945,1.96614863,1.00050431,0.03334706
1396,0.8456867059056346,1.109931792972341,-0.26424508706670635,1.96611254,1.00050112,0.03338635
1397,0.8461406964053741,1.1090407864481524,-0.26290009004277826,1.96607309,1.00049817,0.03342874
1398,0.8465946869051137,1.108149779923964,-0.26155509301885016,1.96603202,1.00049495,0.03347303
1399,0.8470486774048533,1.107258773399776,-0.26021009599492273,1.96599545,1.00049165,0.03351290
1400,0.8475026679045929,1.1063677668755876,-0.25886509897099463,1.96595578,1.00048836,0.03355587
1401,0.8479566584043325,1.1054767603513993,-0.25752010194706676,1.96591910,1.00048513,0.03359577
1402,0.8484106489040721,1.104585753827211,-0.2561751049231389,1.96587995,1.00048192,0.03363813
1403,0.8488646394038117,1.1036947473030227,-0.254830107899211,1.96584441,1.00047877,0.03367682
1404,0.8493186299035513,1.1028037407788345,-0.25348511087528314,1.96580524,1.00047544,0.03371932
1405,0.8497726204032909,1.1019127342546462,-0.25214011385135526,1.96577112,1.00047211,0.03375677
1406,0.8502266109030305,1.101021727730458,-0.2507951168274274,1.96573537,1.00046873,0.03379591
1407,0.8506960824658164,1.100138780137599,-0.24944269767178262,1.96569482,1.00046517,0.03384001
1408,0.8511655540286023,1.09925583254474,-0.24809027851613763,1.96565596,1.00046180,0.03388224
1409,0.8516350255913882,1.0983728849518812,-0.24673785936049308,1.96562003,1.00045862,0.03392135
1410,0.852104497154174,1.0974899373590223,-0.24538544020484832,1.96558209,1.00045520,0.03396271
1411,0.8525739687169599,1.0966069897661634,-0.24403302104920355,1.96554065,1.00045203,0.03400732
1412,0.8530434402797458,1.0957240421733043,-0.24268060189355856,1.96550349,1.00044866,0.03404786
1413,0.8535129118425316,1.0948410945804457,-0.241328182737914,1.96546432,1.00044502,0.03409066
1414,0.8539823834053175,1.0939581469875868,-0.23997576358226924,1.96542634,1.00044188,0.03413179
1415,0.8544518549681034,1.093075199394728,-0.2386233444266247,1.96539302,1.00043821,0.03416877
1416,0.8549366645883497,1.0922005796875884,-0.23726391509923872,1.96535646,1.00043460,0.03420894
1417,0.855421474208596,1.091325959980449,-0.23590448577185297,1.96531754,1.00043089,0.03425157
1418,0.8559062838288424,1.0904513402733096,-0.23454505644446721,1.96527676,1.00042777,0.03429548
1419,0.8563910934490887,1.0895767205661702,-0.23318562711708146,1.96524271,1.00042401,0.03433328
1420,0.856875903069335,1.0887021008590307,-0.2318261977896957,1.96520489,1.00042026,0.03437484
1421,0.8573607126895814,1.087827481151891,-0.23046676846230973,1.96516440,1.00041711,0.03441849
1422,0.8578455223098277,1.086952861444752,-0.2291073391349242,1.96512835,1.00041360,0.03445805
1423,0.858330331930074,1.0860782417376125,-0.22774790980753845,1.96508973,1.00041037,0.03449990
1424,0.8588151415503203,1.085203622030473,-0.2263884804801527,1.96505521,1.00040662,0.03453818
1425,0.8592999511705667,1.0843290023233336,-0.22502905115276695,1.96501693,1.00040354,0.03457953
1426,0.8597999511705666,1.0834629769195492,-0.22366302574898256,1.96498160,1.00039984,0.03461856
1427,0.8602999511705666,1.0825969515157647,-0.22229700034519817,1.96494045,1.00039629,0.03466326
1428,0.8607999511705665,1.0817309261119803,-0.22093097494141378,1.96490789,1.00039255,0.03469956
1429,0.8612999511705665,1.080864900708196,-0.21956494953762962,1.96486649,1.00038925,0.03474426
1430,0.8617999511705664,1.0799988753044114,-0.218198924133845,1.96483060,1.00038571,0.03478369
1431,0.8622999511705663,1.079132849900627,-0.21683289873006062,1.96479305,1.00038217,0.03482477
1432,0.8627999511705663,1.0782668244968423,-0.215466873326276,1.96475954,1.00037865,0.03486182
1433,0.8632999511705662,1.077400799093058,-0.21410084792249184,1.96471964,1.00037492,0.03490544
1434,0.8637999511705662,1.0765347736892736,-0.21273482251870746,1.96468427,1.00037129,0.03494444
1435,0.8642999511705661,1.0756687482854892,-0.21136879711492307,1.96465111,1.00036772,0.03498117
1436,0.8648149892454762,1.0748115809847871,-0.20999659173931096,1.96461370,1.00036416,0.03502214
1437,0.8653300273203862,1.073954413684085,-0.20862438636369884,1.96457691,1.00036057,0.03506252
1438,0.8658450653952963,1.073097246383383,-0.20725218098808673,1.96453783,1.00035709,0.03510509
1439,0.8663601034702063,1.072240079082681,-0.20587997561247462,1.96450188,1.00035351,0.03514461
1440,0.8668751415451164,1.0713829117819789,-0.2045077702368625,1.96446625,1.00034973,0.03518402
1441,0.8673901796200264,1.0705257444812768,-0.2031355648612504,1.96443408,1.00034611,0.03521981
1442,0.8679052176949364,1.0696685771805747,-0.20176335948563828,1.96439617,1.00034258,0.03526125
1443,0.8684202557698465,1.0688114098798729,-0.2003911541100264,1.96436059,1.00033908,0.03530034
1444,0.8689352938447565,1.0679542425791706,-0.19901894873441406,1.96432771,1.00033527,0.03533702
1445,0.8694503319196666,1.0670970752784683,-0.19764674335880172,1.96428981,1.00033165,0.03537854
1446,0.8699802511838998,1.0662490271823122,-0.19626877599841241,1.96425500,1.00032815,0.03541685
1447,0.870510170448133,1.0654009790861558,-0.19489080863802288,1.96421935,1.00032450,0.03545615
1448,0.8710400897123661,1.0645529309899997,-0.19351284127763357,1.96418381,1.00032087,0.03549532
1449,0.8715700089765993,1.0637048828938431,-0.19213487391724382,1.96414869,1.00031736,0.03553396
1450,0.8720999282408325,1.0628568347976868,-0.1907569065568543,1.96411103,1.00031362,0.03557535
1451,0.8726298475050657,1.0620087867015304,-0.18937893919646476,1.96407651,1.00031006,0.03561343
1452,0.8731597667692989,1.061160738605374,-0.18800097183607523,1.96404278,1.00030647,0.03565076
1453,0.873689686033532,1.0603126905092175,-0.18662300447568547,1.96400937,1.00030286,0.03568777
1454,0.8742196052977652,1.0594646424130614,-0.18524503711529616,1.96397622,1.00029925,0.03572453
1455,0.8747495245619984,1.058616594316905,-0.18386706975490663,1.96394310,1.00029564,0.03576126
1456,0.8752941635970134,1.0577779237489595,-0.18248376015194612,1.96390807,1.00029204,0.03579989
1457,0.8758388026320284,1.056939253181014,-0.1811004505489856,1.96387432,1.00028844,0.03583724
1458,0.8763834416670434,1.0561005826130685,-0.1797171409460251,1.96383998,1.00028485,0.03587517
1459,0.8769280807020584,1.055261912045123,-0.17833383134306457,1.96380569,1.00028126,0.03591305
1460,0.8774727197370734,1.0544232414771777,-0.17695052174010428,1.96377172,1.00027767,0.03595060
1461,0.8780173587720884,1.053584570909232,-0.17556721213714355,1.96373821,1.00027409,0.03598770
1462,0.8785619978071034,1.0527459003412865,-0.17418390253418303,1.96370403,1.00027054,0.03602543
1463,0.8791066368421184,1.051907229773341,-0.17280059293122252,1.96367027,1.00026725,0.03606249
1464,0.8796512758771334,1.0510685592053954,-0.171417283328262,1.96363942,1.00026340,0.03609718
1465,0.8801959149121484,1.05022988863745,-0.1700339737253015,1.96360661,1.00025992,0.03613347
1466,0.8807551078156192,1.049400851064895,-0.16864574324927573,1.96357275,1.00025641,0.03617084
1467,0.8813143007190899,1.04857181349234,-0.16725751277325018,1.96354003,1.00025282,0.03620715
1468,0.8818734936225606,1.0477427759197848,-0.1658692822972242,1.96350646,1.00024927,0.03624427
1469,0.8824326865260314,1.0469137383472298,-0.16448105182119843,1.96347477,1.00024574,0.03627950
1470,0.8829918794295021,1.0460847007746747,-0.16309282134517267,1.96344267,1.00024226,0.03631507
1471,0.8835510723329728,1.0452556632021195,-0.16170459086914668,1.96341173,1.00023869,0.03634958
1472,0.8841102652364435,1.044426625629565,-0.16031636039312136,1.96337876,1.00023525,0.03638598
1473,0.8846694581399143,1.0435975880570096,-0.15892812991709537,1.96334734,1.00023178,0.03642088
1474,0.885228651043385,1.0427685504844546,-0.1575398994410696,1.96331748,1.00022830,0.03645422
1475,0.8857878439468557,1.0419395129118996,-0.15615166896504384,1.96328679,1.00022486,0.03648836
1476,0.8863614203832068,1.0411203608676105,-0.15475894048440375,1.96325502,1.00022141,0.03652356
1477,0.8869349968195578,1.0403012088233214,-0.15336621200376366,1.96322384,1.00021796,0.03655820
1478,0.8875085732559088,1.0394820567790324,-0.15197348352312356,1.96319173,1.00021456,0.03659371
1479,0.8880821496922598,1.038662904734743,-0.15058075504248325,1.96316100,1.00021115,0.03662785
1480,0.8886557261286109,1.0378437526904545,-0.1491880265618436,1.96313086,1.00020774,0.03666140
1481,0.8892293025649619,1.0370246006461652,-0.14779529808120329,1.96310140,1.00020433,0.03669427
1482,0.8898028790013129,1.036205448601876,-0.14640256960056297,1.96307198,1.00020099,0.03672704
1483,0.890376455437664,1.035386296557587,-0.1450098411199231,1.96304268,1.00019762,0.03675970
1484,0.890950031874015,1.034567144513298,-0.143617112639283,1.96301404,1.00019424,0.03679172
1485,0.891523608310366,1.033747992469009,-0.1422243841586429,1.96298425,1.00019089,0.03682486
1486,0.8921113935626586,1.032938975474634,-0.14082758191197553,1.96295502,1.00018759,0.03685739
1487,0.8926991788149511,1.0321299584802592,-0.13943077966530815,1.96292517,1.00018434,0.03689049
1488,0.8932869640672436,1.0313209414858844,-0.13803397741864076,1.96289909,1.00018094,0.03691997
1489,0.8938747493195361,1.0305119244915095,-0.13663717517197338,1.96286778,1.00017780,0.03695442
1490,0.8944625345718287,1.029702907497135,-0.13524037292530622,1.96283901,1.00017456,0.03698643
1491,0.8950503198241212,1.0288938905027598,-0.1338435706786386,1.96281097,1.00017138,0.03701765
1492,0.8956381050764137,1.028084873508385,-0.13244676843197123,1.96278368,1.00016809,0.03704822
1493,0.8962258903287063,1.02727585651401,-0.13104996618530385,1.96275453,1.00016479,0.03708068
1494,0.8968136755809988,1.0264668395196352,-0.12965316393863646,1.96272865,1.00016175,0.03710960
1495,0.8974014608332913,1.0256578225252604,-0.12825636169196908,1.96270180,1.00015860,0.03713960
1496,0.8980032758564434,1.024859187015213,-0.1268559111587697,1.96267660,1.00015547,0.03716792
1497,0.8986050908795954,1.0240605515051655,-0.12545546062557011,1.96264845,1.00015238,0.03719917
1498,0.8992069059027474,1.0232619159951184,-0.12405501009237097,1.96262062,1.00014932,0.03723006
1499,0.8998087209258995,1.022463280485071,-0.1226545595591716,1.96259392,1.00014627,0.03725981
1500,0.9004105359490515,1.0216646449750235,-0.121254109025972,1.96256754,1.00014324,0.03728922
1501,0.9010123509722036,1.0208660094649764,-0.11985365849277285,1.96254162,1.00014023,0.03731814
1502,0.9016141659953556,1.020067373954929,-0.11845320795957348,1.96251526,1.00013742,0.03734732
1503,0.9022159810185076,1.0192687384448818,-0.11705275742637411,1.96249228,1.00013422,0.03737350
1504,0.9028177960416596,1.0184701029348344,-0.11565230689317485,1.96246718,1.00013129,0.03740153
1505,0.9034196110648116,1.017671467424787,-0.11425185635997548,1.96244190,1.00012838,0.03742972
1506,0.9040352725401374,1.0168834566711804,-0.11284818413104303,1.96241553,1.00012551,0.03745897
1507,0.904650934015463,1.0160954459175735,-0.11144451190211047,1.96239018,1.00012264,0.03748719
1508,0.9052665954907888,1.015307435163967,-0.11004083967317824,1.96236561,1.00011979,0.03751459
1509,0.9058822569661144,1.0145194244103604,-0.10863716744424601,1.96234265,1.00011704,0.03754031
1510,0.90649791844144,1.0137314136567537,-0.10723349521531367,1.96231997,1.00011425,0.03756578
1511,0.9071135799167656,1.012943402903147,-0.10582982298638144,1.96229647,1.00011146,0.03759207
1512,0.9077292413920912,1.0121553921495403,-0.1044261507574491,1.96227232,1.00010867,0.03761901
1513,0.908344902867417,1.0113673813959336,-0.10302247852851665,1.96224999,1.00010598,0.03764404
1514,0.9089605643427426,1.010579370642327,-0.10161880629958431,1.96222866,1.00010325,0.03766809
1515,0.9095762258180684,1.0097913598887205,-0.10021513407065208,1.96220651,1.00010058,0.03769291
1516,0.910191887293394,1.0090033491351136,-0.09881146184171963,1.96218454,1.00009794,0.03771751
1517,0.9108212076844436,1.0082262031736566,-0.097404995489213,1.96216176,1.00009534,0.03774291
1518,0.9114505280754936,1.0074490572121997,-0.09599852913670603,1.96213949,1.00009276,0.03776775
1519,0.9120798484665432,1.0066719112507427,-0.09459206278419952,1.96211622,1.00009021,0.03779357
1520,0.9127091688575932,1.0058947652892858,-0.09318559643169255,1.96209693,1.00008768,0.03781539
1521,0.9133384892486428,1.0051176193278288,-0.09177913007918603,1.96207599,1.00008519,0.03783882
1522,0.9139678096396928,1.004340473366372,-0.09037266372667929,1.96205457,1.00008271,0.03786272
1523,0.9145971300307424,1.003563327404915,-0.08896619737417255,1.96203465,1.00008028,0.03788507
1524,0.9152264504217924,1.002786181443458,-0.08755973102166559,1.96201516,1.00007788,0.03790696
1525,0.915855770812842,1.002009035482001,-0.08615326466915907,1.96199497,1.00007544,0.03792958
1526,0.916485091203892,1.001231889520544,-0.0847467983166521,1.96197667,1.00007314,0.03795018
1527,0.9171144115949416,1.0004547435590871,-0.08334033196414559,1.96196017,1.00007077,0.03796906
1528,0.9177571992046282,0.9996886991159682,-0.08193149991134008,1.96193926,1.00006850,0.03799225
1529,0.9183999868143148,0.9989226546728492,-0.08052266785853446,1.96192140,1.00006624,0.03801236
1530,0.9190427744240012,0.9981566102297302,-0.07911383580572906,1.96190207,1.00006410,0.03803383
1531,0.9196855620336876,0.9973905657866112,-0.07770500375292366,1.96188376,1.00006185,0.03805439
1532,0.9203283496433742,0.9966245213434922,-0.07629617170011804,1.96186461,1.00005982,0.03807557
1533,0.9209711372530608,0.9958584769003732,-0.07488733964731242,1.96184877,1.00005758,0.03809365
1534,0.9216139248627472,0.9950924324572542,-0.07347850759450703,1.96183210,1.00005550,0.03811240
1535,0.9222567124724336,0.9943263880141352,-0.07206967554170163,1.96181599,1.00005345,0.03813057
1536,0.9228995000821202,0.9935603435710162,-0.07066084348889601,1.96180058,1.00005143,0.03814799
1537,0.9235422876918068,0.9927942991278972,-0.06925201143609039,1.96178570,1.00004945,0.03816486
1538,0.9241983467207971,0.9920395895476743,-0.0678412428268772,1.96176755,1.00004756,0.03818489
1539,0.9248544057497876,0.9912848799674516,-0.06643047421766402,1.96175017,1.00004571,0.03820412
1540,0.925510464778778,0.990530170387229,-0.06501970560845105,1.96173898,1.00004378,0.03821725
1541,0.9261665238077684,0.9897754608070064,-0.06360893699923797,1.96172113,1.00004194,0.03823693
1542,0.926822582836759,0.9890207512267836,-0.062198168390024566,1.96170615,1.00004020,0.03825365
1543,0.9274786418657496,0.9882660416465608,-0.06078739978081127,1.96169369,1.00003833,0.03826798
1544,0.92813470089474,0.987511332066338,-0.05937663117159797,1.96167777,1.00003666,0.03828557
1545,0.9287907599237304,0.9867566224861154,-0.05796586256238501,1.96166425,1.00003497,0.03830078
1546,0.9294468189527209,0.9860019129058928,-0.05655509395317193,1.96165199,1.00003336,0.03831466
1547,0.9301028779817112,0.98524720332567,-0.055144325343958744,1.96163699,1.00003177,0.03833124
1548,0.9307589370107018,0.9844924937454472,-0.05373355673474545,1.96162961,1.00003013,0.03834026
1549,0.9314280676170608,0.9837493489199698,-0.05232128130290903,1.96161654,1.00002860,0.03835486
1550,0.9320971982234196,0.9830062040944924,-0.05090900587107272,1.96160387,1.00002710,0.03836903
1551,0.9327663288297784,0.9822630592690148,-0.049496730439236414,1.96159159,1.00002564,0.03838277
1552,0.9334354594361371,0.9815199144435376,-0.04808445500740044,1.96157970,1.00002422,0.03839608
1553,0.934104590042496,0.98077676961806,-0.04667217957556402,1.96156816,1.00002287,0.03840896
1554,0.934773720648855,0.9800336247925826,-0.0452599041437276,1.96155666,1.00002152,0.03842183
1555,0.935442851255214,0.9792904799671052,-0.043847628711891184,1.96154682,1.00002017,0.03843301
1556,0.9361119818615729,0.9785473351416276,-0.042435353280054766,1.96153513,1.00001892,0.03844596
1557,0.9367811124679316,0.9778041903161504,-0.04102307784821879,1.96152564,1.00001769,0.03845667
1558,0.9374502430742904,0.9770610454906729,-0.039610802416382485,1.96151664,1.00001650,0.03846686
1559,0.9381193736806492,0.9763179006651954,-0.03819852698454618,1.96150812,1.00001536,0.03847652
1560,0.938801372040712,0.9755865469635764,-0.03678517492286437,1.96149857,1.00001425,0.03848718
1561,0.9394833704007745,0.9748551932619572,-0.03537182286118279,1.96148949,1.00001319,0.03849732
1562,0.940165368760837,0.974123839560338,-0.033958470799500984,1.96148089,1.00001217,0.03850694
1563,0.9408473671208996,0.9733924858587188,-0.03254511873781929,1.96147277,1.00001118,0.03851605
1564,0.941529365480962,0.9726611321570996,-0.031131766676137596,1.96146512,1.00001024,0.03852464
1565,0.9422113638410248,0.9719297784554806,-0.02971841461445579,1.96145794,1.00000934,0.03853272
1566,0.9428933622010872,0.9711984247538614,-0.028305062552774207,1.96145663,1.00000850,0.03853486
1567,0.9435753605611498,0.9704670710522424,-0.026891710491092624,1.96145013,1.00000768,0.03854219
1568,0.9442573589212124,0.9697357173506232,-0.02547835842941082,1.96144391,1.00000689,0.03854920
1569,0.9449393572812748,0.969004363649004,-0.024065006367729236,1.96143825,1.00000615,0.03855560
1570,0.9456213556413374,0.9682730099473849,-0.02265165430604743,1.96143307,1.00000545,0.03856148
1571,0.9463160140117964,0.9675536701470462,-0.02123765613524975,1.96142495,1.00000480,0.03857025
1572,0.9470106723822554,0.9668343303467076,-0.01982365796445218,1.96141969,1.00000418,0.03857612
1573,0.9477053307527143,0.9661149905463688,-0.018409659793654498,1.96141596,1.00000362,0.03858042
1574,0.9483999891231736,0.9653956507460302,-0.016995661622856595,1.96140716,1.00000304,0.03858981
1575,0.9490946474936324,0.9646763109456916,-0.015581663452059247,1.96140860,1.00000252,0.03858889
1576,0.9497893058640916,0.9639569711453528,-0.014167665281261232,1.96140196,1.00000210,0.03859593
1577,0.9504839642345504,0.9632376313450142,-0.012753667110463773,1.96139794,1.00000167,0.03860040
1578,0.9511786226050096,0.9625182915446756,-0.011339668939665981,1.96139513,1.00000132,0.03860356
1579,0.9518732809754684,0.9617989517443368,-0.009925670768868411,1.96139625,1.00000106,0.03860269
1580,0.9525679393459277,0.9610796119439982,-0.008511672598070508,1.96139464,1.00000078,0.03860458
1581,0.9532625977163866,0.9603602721436596,-0.0070976744272730485,1.96139336,1.00000054,0.03860610
1582,0.9539697044975732,0.9596531653624728,-0.00568346086489957,1.96139103,1.00000035,0.03860862
1583,0.954664362868032,0.9589338255621342,-0.004269462694102222,1.96139084,1.00000020,0.03860896
1584,0.9553590212384911,0.9582144857617956,-0.0028554645233044296,1.96138843,1.00000009,0.03861148
1585,0.9560536796089502,0.9574951459614568,-0.0014414663525066373,1.96138949,1.00000002,0.03861049
1586,0.956683,0.956718,-3.500000000000725e-05,1.96139838,1.00000000,0.03860162
1587,0.956683,0.956718,-3.500000000000725e-05,1.96139838,1.00000000,0.03860162
1588,0.9574601459614568,0.9560886796089502,0.0013714663525066229,1.96138947,1.00000002,0.03861051
1589,0.9581794857617956,0.9553940212384912,0.002785464523304415,1.96138840,1.00000008,0.03861151
1590,0.9588988255621342,0.954699362868032,0.004199462694102207,1.96139076,1.00000019,0.03860905
1591,0.9596181653624728,0.9540047044975732,0.005613460864899555,1.96139093,1.00000034,0.03860874
1592,0.9603252721436596,0.9532975977163866,0.007027674427273034,1.96139323,1.00000053,0.03860624
1593,0.9610446119439982,0.9526029393459275,0.008441672598070604,1.96139449,1.00000077,0.03860475
1594,0.9617639517443368,0.9519082809754684,0.009855670768868396,1.96139608,1.00000104,0.03860288
1595,0.9624832915446756,0.9512136226050096,0.011269668939665967,1.96139492,1.00000130,0.03860378
1596,0.9632026313450142,0.9505189642345504,0.012683667110463759,1.96139763,1.00000165,0.03860072
1597,0.9639219711453528,0.9498243058640916,0.014097665281261218,1.96140294,1.00000206,0.03859500
1598,0.9646413109456916,0.9491296474936324,0.015511663452059232,1.96140410,1.00000250,0.03859341
1599,0.9653606507460302,0.9484349891231736,0.01692566162285658,1.96140665,1.00000302,0.03859034
1600,0.9660799905463688,0.9477403307527144,0.018339659793654484,1.96141565,1.00000359,0.03858076
1601,0.9667993303467076,0.9470456723822556,0.019753657964452054,1.96141937,1.00000416,0.03857647
1602,0.9675186701470462,0.9463510140117964,0.021167656135249735,1.96142460,1.00000477,0.03857063
1603,0.9682380099473848,0.9456563556413374,0.022581654306047416,1.96143267,1.00000542,0.03856191
1604,0.968969363649004,0.9449743572812748,0.02399500636772922,1.96143783,1.00000611,0.03855606
1605,0.9697007173506232,0.9442923589212124,0.025408358429410804,1.96144347,1.00000685,0.03854968
1606,0.9704320710522424,0.9436103605611498,0.02682171049109261,1.96144968,1.00000764,0.03854269
1607,0.9711634247538614,0.9429283622010872,0.028235062552774193,1.96145615,1.00000846,0.03853539
1608,0.9718947784554806,0.9422463638410248,0.029648414614455776,1.96145745,1.00000929,0.03853326
1609,0.9726261321570996,0.941564365480962,0.03106176667613758,1.96146461,1.00001019,0.03852520
1610,0.9733574858587188,0.9408823671208996,0.032475118737819275,1.96147223,1.00001113,0.03851664
1611,0.974088839560338,0.940200368760837,0.03388847079950097,1.96148033,1.00001212,0.03850755
1612,0.9748201932619572,0.9395183704007743,0.035301822861182885,1.96148891,1.00001314,0.03849796
1613,0.9755515469635764,0.938836372040712,0.03671517492286436,1.96149796,1.00001420,0.03848784
1614,0.9762829006651954,0.9381543736806494,0.03812852698454605,1.96150748,1.00001530,0.03847721
1615,0.9770260454906728,0.9374852430742904,0.03954080241638247,1.96151598,1.00001645,0.03846757
1616,0.9777691903161504,0.9368161124679316,0.04095307784821878,1.96152496,1.00001763,0.03845741
1617,0.9785123351416276,0.9361469818615727,0.04236535328005486,1.96153442,1.00001885,0.03844673
1618,0.9792554799671052,0.935477851255214,0.04377762871189117,1.96154657,1.00002010,0.03843333
1619,0.9799986247925826,0.934808720648855,0.04518990414372759,1.96155261,1.00002146,0.03842593
1620,0.98074176961806,0.934139590042496,0.04660217957556401,1.96156452,1.00002279,0.03841269
1621,0.9814849144435376,0.9334704594361372,0.048014455007400425,1.96157890,1.00002415,0.03839695
1622,0.9822280592690148,0.9328013288297784,0.0494267304392364,1.96159077,1.00002557,0.03838366
1623,0.9829712040944923,0.9321321982234196,0.05083900587107271,1.96160303,1.00002703,0.03836995
1624,0.9837143489199698,0.9314630676170608,0.052251281302909014,1.96161568,1.00002852,0.03835580
1625,0.9844574937454472,0.9307939370107018,0.05366355673474543,1.96162873,1.00003006,0.03834121
1626,0.98521220332567,0.9301378779817112,0.05507432534395884,1.96164060,1.00003163,0.03832777
1627,0.9859669129058928,0.9294818189527208,0.05648509395317203,1.96164897,1.00003328,0.03831774
1628,0.9867216224861154,0.9288257599237304,0.05789586256238499,1.96166332,1.00003489,0.03830179
1629,0.987476332066338,0.92816970089474,0.05930663117159796,1.96168142,1.00003663,0.03828195
1630,0.9882310416465608,0.9275136418657496,0.060717399780811254,1.96169251,1.00003824,0.03826925
1631,0.9889857512267836,0.926857582836759,0.06212816839002455,1.96170415,1.00004007,0.03825577
1632,0.9897404608070064,0.9262015238077684,0.06353893699923796,1.96172003,1.00004185,0.03823812
1633,0.990495170387229,0.925545464778778,0.06494970560845104,1.96173767,1.00004368,0.03821865
1634,0.9912498799674516,0.9248894057497876,0.066360474217664,1.96174921,1.00004561,0.03820517
1635,0.9920045895476745,0.9242333467207972,0.0677712428268773,1.96176560,1.00004747,0.03818693
1636,0.9927592991278972,0.9235772876918068,0.06918201143609037,1.96178459,1.00004935,0.03816606
1637,0.9935253435710162,0.9229345000821202,0.070590843488896,1.96179946,1.00005133,0.03814921
1638,0.9942913880141352,0.9222917124724336,0.07199967554170161,1.96181485,1.00005335,0.03813181
1639,0.9950574324572542,0.9216489248627472,0.07340850759450701,1.96183092,1.00005540,0.03811368
1640,0.9958234769003732,0.9210061372530608,0.07481733964731241,1.96184756,1.00005748,0.03809496
1641,0.9965895213434922,0.9203633496433742,0.07622617170011803,1.96186663,1.00005974,0.03807363
1642,0.9973555657866112,0.9197205620336876,0.07763500375292365,1.96188232,1.00006174,0.03805594
1643,0.9981216102297302,0.9190777744240012,0.07904383580572905,1.96190080,1.00006400,0.03803520
1644,0.9988876546728492,0.9184349868143148,0.08045266785853444,1.96192008,1.00006613,0.03801379
1645,0.9996536991159682,0.9177921992046282,0.08186149991134006,1.96193781,1.00006838,0.03799381
1646,1.0004197435590871,0.9171494115949416,0.08327033196414557,1.96195707,1.00007067,0.03797226
1647,1.001185788002206,0.9165066239852552,0.08467916401695075,1.96197650,1.00007298,0.03795052
1648,1.001962933963663,0.9158773035942054,0.08608563036945771,1.96199505,1.00007533,0.03792962
1649,1.00274007992512,0.9152479832031556,0.08749209672196445,1.96201522,1.00007776,0.03790701
1650,1.003517225886577,0.9146186628121058,0.08889856307447119,1.96203475,1.00008016,0.03788509
1651,1.004294371848034,0.913989342421056,0.09030502942697793,1.96205638,1.00008282,0.03786080
1652,1.0050715178094909,0.9133600220300062,0.09171149577948468,1.96207424,1.00008508,0.03784068
1653,1.0058486637709478,0.9127307016389564,0.09311796213199142,1.96209665,1.00008756,0.03781579
1654,1.0066258097324048,0.9121013812479066,0.09452442848449816,1.96211646,1.00009009,0.03779346
1655,1.0074029556938615,0.9114720608568568,0.09593089483700468,1.96213955,1.00009263,0.03776782
1656,1.008180101655319,0.910842740465807,0.09733736118951186,1.96216301,1.00009518,0.03774181
1657,1.0089572476167756,0.9102134200747573,0.09874382754201838,1.96218445,1.00009781,0.03771774
1658,1.0097452583703823,0.9095977585994316,0.10014749977095072,1.96220429,1.00010046,0.03769525
1659,1.010533269123989,0.908982097124106,0.10155117199988295,1.96222658,1.00010314,0.03767028
1660,1.0113212798775957,0.9083664356487804,0.10295484422881529,1.96225076,1.00010583,0.03764341
1661,1.0121092906312024,0.9077507741734546,0.10435851645774774,1.96227361,1.00010856,0.03761783
1662,1.012897301384809,0.907135112698129,0.10576218868668008,1.96229640,1.00011132,0.03759228
1663,1.0136853121384155,0.9065194512228032,0.10716586091561231,1.96231992,1.00011411,0.03756598
1664,1.0144733228920224,0.9059037897474777,0.10856953314454476,1.96234305,1.00011693,0.03754003
1665,1.015261333645629,0.905288128272152,0.1099732053734771,1.96236548,1.00011965,0.03751487
1666,1.0160493443992358,0.9046724667968264,0.11137687760240933,1.96239003,1.00012250,0.03748748
1667,1.0168373551528425,0.9040568053215008,0.11278054983134167,1.96241524,1.00012536,0.03745940
1668,1.0176359906628898,0.9034549902983486,0.11418100036454115,1.96243997,1.00012824,0.03743179
1669,1.0184346261729371,0.9028531752751966,0.11558145089774052,1.96246542,1.00013114,0.03740344
1670,1.0192332616829844,0.9022513602520446,0.1169819014309399,1.96249044,1.00013407,0.03737549
1671,1.0200318971930318,0.9016495452288924,0.11838235196413938,1.96251272,1.00013732,0.03734996
1672,1.020830532703079,0.9010477302057404,0.11978280249733875,1.96253974,1.00014009,0.03732017
1673,1.0216291682131264,0.9004459151825884,0.12118325303053801,1.96256563,1.00014309,0.03729127
1674,1.0224278037231738,0.8998441001594364,0.12258370356373738,1.96259194,1.00014612,0.03726193
1675,1.023226439233221,0.8992422851362843,0.12398415409693675,1.96261867,1.00014917,0.03723216
1676,1.0240250747432684,0.8986404701131323,0.12538460463013612,1.96264646,1.00015222,0.03720132
1677,1.0248237102533158,0.8980386550899803,0.1267850551633355,1.96267461,1.00015532,0.03717007
1678,1.025622345763363,0.8974368400668282,0.12818550569653486,1.96269980,1.00015844,0.03714176
1679,1.026431362757738,0.8968490548145357,0.12958230794320225,1.96272662,1.00016159,0.03711179
1680,1.0272403797521128,0.8962612695622432,0.13097911018986963,1.96275119,1.00016473,0.03708408
1681,1.0280493967464877,0.8956734843099506,0.132375912436537,1.96278162,1.00016794,0.03705045
1682,1.0288584137408625,0.8950856990576581,0.1337727146832044,1.96280896,1.00017123,0.03701982
1683,1.0296674307352374,0.8944979138053656,0.13516951692987178,1.96283688,1.00017440,0.03698872
1684,1.0304764477296122,0.8939101285530731,0.13656631917653916,1.96286628,1.00017761,0.03695611
1685,1.031285464723987,0.8933223433007805,0.13796312142320655,1.96289687,1.00018078,0.03692235
1686,1.032094481718362,0.892734558048488,0.13935992366987393,1.96292312,1.00018418,0.03689270
1687,1.0329034987127368,0.8921467727961955,0.14075672591654131,1.96295291,1.00018743,0.03685966
1688,1.0337125157071116,0.891558987543903,0.1421535281632087,1.96298209,1.00019073,0.03682718
1689,1.0345316677514007,0.8909854111075519,0.1435462566438488,1.96301189,1.00019408,0.03679403
1690,1.0353508197956898,0.8904118346712009,0.14493898512448888,1.96304048,1.00019745,0.03676207
1691,1.0361699718399788,0.8898382582348499,0.14633171360512898,1.96306816,1.00020101,0.03673083
1692,1.036989123884268,0.8892646817984988,0.14772444208576907,1.96310075,1.00020432,0.03669493
1693,1.037808275928557,0.8886911053621478,0.14911717056640916,1.96312863,1.00020757,0.03666380
1694,1.038627427972846,0.8881175289257968,0.15050989904704926,1.96315875,1.00021098,0.03663027
1695,1.039446580017135,0.8875439524894457,0.15190262752768935,1.96318947,1.00021439,0.03659614
1696,1.040265732061424,0.8869703760530947,0.15329535600832922,1.96322167,1.00021779,0.03656054
1697,1.0410848841057132,0.8863967996167437,0.15468808448896954,1.96325272,1.00022124,0.03652604
1698,1.0419040361500025,0.8858232231803926,0.15608081296960985,1.96328447,1.00022469,0.03649084
1699,1.0427330737225573,0.8852640302769219,0.1574690434456354,1.96331562,1.00022812,0.03645627
1700,1.0435621112951123,0.8847048373734512,0.15885727392166116,1.96334495,1.00023161,0.03642345
1701,1.0443911488676674,0.8841456444699805,0.16024550439768692,1.96337634,1.00023508,0.03638858
1702,1.0452201864402224,0.8835864515665097,0.1616337348737127,1.96341018,1.00023880,0.03635102
1703,1.0460492240127774,0.883027258663039,0.16302196534973845,1.96344049,1.00024207,0.03631744
1704,1.0468782615853325,0.8824680657595683,0.16441019582576422,1.96347241,1.00024556,0.03628203
1705,1.0477072991578875,0.8819088728560975,0.16579842630178998,1.96350410,1.00024912,0.03624678
1706,1.0485363367304426,0.8813496799526268,0.16718665677781575,1.96353771,1.00025264,0.03620965
1707,1.0493653743029976,0.8807904870491561,0.1685748872538415,1.96357030,1.00025624,0.03617347
1708,1.0501944118755526,0.8802312941456854,0.16996311772986727,1.96360469,1.00025971,0.03613560
1709,1.0510234494481077,0.8796721012422146,0.17135134820589304,1.96363848,1.00026323,0.03609830
1710,1.0518621200160532,0.8791274622071996,0.17273465780885355,1.96366981,1.00026714,0.03606305
1711,1.052700790583999,0.8785828231721846,0.1741179674118143,1.96370306,1.00027036,0.03602658
1712,1.0535394611519442,0.8780381841371696,0.17550127701477458,1.96373720,1.00027392,0.03598888
1713,1.0543781317198897,0.8774935451021546,0.1768845866177351,1.96377069,1.00027750,0.03595181
1714,1.0552168022878352,0.8769489060671396,0.1782678962206956,1.96380459,1.00028108,0.03591433
1715,1.0560554728557807,0.8764042670321246,0.17965120582365612,1.96383892,1.00028467,0.03587640
1716,1.0568941434237262,0.8758596279971096,0.18103451542661664,1.96387326,1.00028827,0.03583848
1717,1.0577328139916715,0.8753149889620946,0.18241782502957693,1.96390717,1.00029187,0.03580097
1718,1.0585714845596172,0.8747703499270796,0.18380113463253767,1.96394203,1.00029547,0.03576250
1719,1.0594195326557736,0.8742404306628464,0.1851791019929272,1.96397514,1.00029907,0.03572579
1720,1.06026758075193,0.8737105113986132,0.18655706935331673,1.96400829,1.00030268,0.03568903
1721,1.0611156288480863,0.87318059213438,0.18793503671370626,1.96404175,1.00030629,0.03565196
1722,1.0619636769442429,0.8726506728701469,0.18931300407409601,1.96407540,1.00030989,0.03561471
1723,1.062811725040399,0.8721207536059137,0.19069097143448532,1.96410984,1.00031345,0.03557671
1724,1.0636597731365554,0.8715908343416805,0.19206893879487485,1.96414741,1.00031718,0.03553541
1725,1.0645078212327117,0.8710609150774473,0.1934469061552644,1.96418257,1.00032069,0.03549673
1726,1.065355869328868,0.8705309958132141,0.19482487351565392,1.96421813,1.00032435,0.03545752
1727,1.0662039174250244,0.870001076548981,0.19620284087604345,1.96425385,1.00032797,0.03541818
1728,1.0670519655211808,0.8694711572847478,0.19758080823643298,1.96429123,1.00033145,0.03537733
1729,1.0679091328218828,0.8689561192098377,0.1989530136120451,1.96432619,1.00033510,0.03533871
1730,1.068766300122585,0.8684410811349277,0.2003252189876572,1.96436127,1.00033884,0.03529989
1731,1.069623467423287,0.8679260430600176,0.20169742436326932,1.96439454,1.00034243,0.03526304
1732,1.070480634723989,0.8674110049851076,0.20306962973888143,1.96443054,1.00034594,0.03522352
1733,1.071337802024691,0.8668959669101975,0.20444183511449354,1.96446421,1.00034957,0.03518623
1734,1.0721949693253932,0.8663809288352875,0.20581404049010565,1.96450054,1.00035332,0.03514614
1735,1.0730521366260952,0.8658658907603775,0.20718624586571777,1.96453649,1.00035691,0.03510661
1736,1.0739093039267973,0.8653508526854674,0.20855845124132988,1.96457547,1.00036040,0.03506413
1737,1.0747664712274994,0.8648358146105574,0.209930656616942,1.96461238,1.00036398,0.03502364
1738,1.0756236385282014,0.8643207765356473,0.2113028619925541,1.96464974,1.00036754,0.03498272
1739,1.076489663931986,0.8638207765356474,0.2126688873963387,1.96468268,1.00037126,0.03494606
1740,1.0773556893357703,0.8633207765356474,0.21403491280012288,1.96471817,1.00037472,0.03490711
1741,1.0782217147395547,0.8628207765356475,0.21540093820390727,1.96475596,1.00037841,0.03486563
1742,1.0790877401433392,0.8623207765356475,0.21676696360769165,1.96479161,1.00038202,0.03482637
1743,1.0799537655471236,0.8618207765356476,0.21813298901147604,1.96483435,1.00038517,0.03478047
1744,1.080819790950908,0.8613207765356476,0.21949901441526043,1.96486545,1.00038902,0.03474553
1745,1.0816858163546923,0.8608207765356477,0.2208650398190446,1.96490685,1.00039252,0.03470062
1746,1.082551841758477,0.8603207765356478,0.2222310652228292,1.96493886,1.00039592,0.03466521
1747,1.0834178671622614,0.8598207765356478,0.2235970906266136,1.96498053,1.00039960,0.03461988
1748,1.0842838925660458,0.8593207765356479,0.22496311603039798,1.96501503,1.00040322,0.03458175
1749,1.0851585122731853,0.8588359669154015,0.22632254535778373,1.96505207,1.00040661,0.03454133
1750,1.0860331319803247,0.8583511572951552,0.22768197468516949,1.96508831,1.00041018,0.03450152
1751,1.086907751687464,0.8578663476749089,0.22904140401255502,1.96512531,1.00041345,0.03446124
1752,1.0877823713946035,0.8573815380546626,0.230400833339941,1.96516298,1.00041694,0.03442008
1753,1.088656991101743,0.8568967284344162,0.23176026266732674,1.96519971,1.00042086,0.03437943
1754,1.0895316108088824,0.8564119188141699,0.2331196919947125,1.96524121,1.00042382,0.03433497
1755,1.0904062305160218,0.8559271091939236,0.23447912132209825,1.96527489,1.00042744,0.03429766
1756,1.0912808502231612,0.8554422995736772,0.235838550649484,1.96531625,1.00043076,0.03425299
1757,1.0921554699303009,0.8549574899534309,0.23719797997686998,1.96535186,1.00043443,0.03421371
1758,1.09303008963744,0.8544726803331846,0.2385574093042555,1.96539146,1.00043806,0.03417048
1759,1.093913037230299,0.8540032087703987,0.23990982845990028,1.96542711,1.00044151,0.03413139
1760,1.094795984823158,0.8535337372076128,0.24126224761554527,1.96546623,1.00044495,0.03408881
1761,1.0956789324160168,0.853064265644827,0.2426146667711898,1.96550316,1.00044850,0.03404834
1762,1.0965618800088757,0.8525947940820411,0.24396708592683458,1.96554022,1.00045137,0.03400841
1763,1.0974448276017346,0.8521253225192552,0.24531950508247935,1.96557625,1.00045482,0.03396894
1764,1.0983277751945937,0.8516558509564693,0.24667192423812434,1.96561521,1.00045816,0.03392663
1765,1.0992107227874524,0.8511863793936835,0.2480243433937689,1.96565515,1.00046189,0.03388295
1766,1.1000936703803113,0.8507169078308976,0.24937676254941366,1.96569258,1.00046498,0.03384244
1767,1.10097661797317,0.8502474362681117,0.2507291817050582,1.96573192,1.00046828,0.03379979
1768,1.1018676244973584,0.8497934457683721,0.2520741787289863,1.96577104,1.00047200,0.03375696
1769,1.1027586310215467,0.8493394552686325,0.25341917575291417,1.96580544,1.00047514,0.03371941
1770,1.103649637545735,0.8488854647688929,0.25476417277684205,1.96584594,1.00047851,0.03367555
1771,1.1045406440699232,0.8484314742691533,0.2561091698007699,1.96587818,1.00048176,0.03364006
1772,1.1054316505941115,0.8479774837694137,0.2574541668246978,1.96591923,1.00048518,0.03359558
1773,1.1063226571182998,0.8475234932696741,0.25879916384862567,1.96595561,1.00048841,0.03355599
1774,1.107213663642488,0.8470695027699345,0.26014416087255354,1.96599257,1.00049104,0.03351640
1775,1.1081046701666764,0.8466155122701949,0.2614891578964814,1.96603021,1.00049477,0.03347501
1776,1.1089956766908646,0.8461615217704553,0.2628341549204093,1.96607129,1.00049800,0.03343071
1777,1.109886683215053,0.8457075312707157,0.26417915194433716,1.96610972,1.00050109,0.03338919
1778,1.110785477261352,0.8452691601239266,0.2655163171374253,1.96614681,1.00050419,0.03334899
1779,1.1116842713076514,0.8448307889771375,0.26685348233051387,1.96618291,1.00050738,0.03330971
1780,1.1125830653539506,0.8443924178303484,0.2681906475236022,1.96622042,1.00051031,0.03326927
1781,1.1134818594002498,0.8439540466835592,0.2695278127166906,1.96625751,1.00051370,0.03322878
1782,1.114380653446549,0.8435156755367701,0.2708649779097789,1.96629445,1.00051676,0.03318878
1783,1.1152794474928482,0.843077304389981,0.2722021431028673,1.96633192,1.00051985,0.03314823
1784,1.1161782415391477,0.8426389332431918,0.27353930829595585,1.96636996,1.00052314,0.03310690
1785,1.117077035585447,0.8422005620964027,0.2748764734890442,1.96640959,1.00052559,0.03306482
1786,1.117975829631746,0.8417621909496136,0.27621363868213233,1.96644723,1.00052890,0.03302387
1787,1.1188746236780451,0.8413238198028244,0.2775508038752207,1.96648639,1.00053226,0.03298135
1788,1.1197809314650815,0.8409012015410837,0.2788797299239978,1.96652108,1.00053514,0.03294378
1789,1.1206872392521183,0.840478583279343,0.28020865597277533,1.96655923,1.00053826,0.03290252
1790,1.121593547039155,0.8400559650176023,0.28153758202155266,1.96659533,1.00054118,0.03286349
1791,1.1224998548261915,0.8396333467558615,0.28286650807033,1.96663313,1.00054405,0.03282282
1792,1.123406162613228,0.8392107284941208,0.2841954341191071,1.96667120,1.00054705,0.03278176
1793,1.1243124704002647,0.8387881102323801,0.2855243601678846,1.96670906,1.00054991,0.03274103
1794,1.125218778187301,0.8383654919706394,0.28685328621666173,1.96674930,1.00055287,0.03269782
1795,1.126125085974338,0.8379428737088986,0.2881822122654393,1.96678854,1.00055567,0.03265579
1796,1.1270313937613743,0.8375202554471579,0.2895111383142164,1.96682348,1.00055877,0.03261774
1797,1.127937701548411,0.8370976371854172,0.2908400643629939,1.96686142,1.00056105,0.03257753
1798,1.1288512470060537,0.8366909005423414,0.29216034646371225,1.96690202,1.00056484,0.03253314
1799,1.1297647924636962,0.8362841638992656,0.2934806285644306,1.96693584,1.00056692,0.03249724
1800,1.1306783379213388,0.8358774272561899,0.2948009106651489,1.96697244,1.00056947,0.03245809
1801,1.131591883378981,0.8354706906131141,0.296121192765867,1.96701218,1.00057271,0.03241511
1802,1.132505428836624,0.8350639539700383,0.2974414748665858,1.96705098,1.00057545,0.03237358
1803,1.1334189742942664,0.8346572173269625,0.2987617569673039,1.96708702,1.00057780,0.03233518
1804,1.134332519751909,0.8342504806838867,0.3000820390680222,1.96712013,1.00058056,0.03229930
1805,1.1352460652095515,0.833843744040811,0.30140232116874055,1.96716263,1.00058340,0.03225398
1806,1.136159610667194,0.8334370073977352,0.3027226032694589,1.96719826,1.00058610,0.03221564
1807,1.1370801155206465,0.8330462762692459,0.3040338392514006,1.96723340,1.00058848,0.03217812
1808,1.1380006203740989,0.8326555451407566,0.3053450752333423,1.96726959,1.00059120,0.03213921
1809,1.1389211252275513,0.8322648140122673,0.306656311215284,1.96730689,1.00059385,0.03209926
1810,1.1398416300810037,0.831874082883778,0.30796754719722574,1.96734286,1.00059660,0.03206054
1811,1.140762134934456,0.8314833517552886,0.30927878317916746,1.96738071,1.00059919,0.03202010
1812,1.1416826397879083,0.8310926206267993,0.31059001916110895,1.96741835,1.00060176,0.03197989
1813,1.142603144641361,0.83070188949831,0.3119012551430509,1.96745194,1.00060440,0.03194366
1814,1.143523649494813,0.8303111583698207,0.3132124911249924,1.96749007,1.00060645,0.03190348
1815,1.1444441543482655,0.8299204272413314,0.3145237271069341,1.96752555,1.00060837,0.03186607
1816,1.145364659201718,0.8295296961128421,0.3158349630888758,1.96756324,1.00061126,0.03182549
1817,1.146291843056285,0.8291550895194262,0.3171367535368588,1.96759946,1.00061377,0.03178678
1818,1.1472190269108518,0.8287804829260103,0.3184385439848415,1.96763488,1.00061627,0.03174884
1819,1.1481462107654186,0.8284058763325943,0.31974033443282424,1.96766895,1.00061876,0.03171229
1820,1.1490733946199854,0.8280312697391784,0.32104212488080697,1.96770440,1.00062087,0.03167473
1821,1.1500005784745522,0.8276566631457625,0.3223439153287897,1.96774741,1.00062365,0.03162895
1822,1.150927762329119,0.8272820565523465,0.32364570577677243,1.96777999,1.00062613,0.03159388
1823,1.1518549461836858,0.8269074499589306,0.32494749622475516,1.96781868,1.00062814,0.03155318
1824,1.1527821300382526,0.8265328433655147,0.3262492866727379,1.96785273,1.00063075,0.03151652
1825,1.1537093138928194,0.8261582367720988,0.3275510771207206,1.96789222,1.00063276,0.03147502
1826,1.1546364977473862,0.8257836301786828,0.32885286756870336,1.96792513,1.00063508,0.03143979
1827,1.1555700781738834,0.8254252622291376,0.33014481594474576,1.96795947,1.00063706,0.03140347
1828,1.1565036586003803,0.8250668942795923,0.33143676432078795,1.96799469,1.00063945,0.03136586
1829,1.1574372390268777,0.8247085263300471,0.3327287126968306,1.96803393,1.00064157,0.03132450
1830,1.1583708194533748,0.8243501583805019,0.334020661072873,1.96806482,1.00064313,0.03129205
1831,1.159304399879872,0.8239917904309566,0.3353126094489154,1.96810344,1.00064506,0.03125151
1832,1.1602379803063692,0.8236334224814114,0.3366045578249578,1.96813407,1.00064732,0.03121860
1833,1.1611715607328663,0.8232750545318661,0.3378965062010002,1.96817098,1.00064945,0.03117956
1834,1.1621051411593637,0.8229166865823209,0.33918845457704283,1.96820580,1.00065143,0.03114276
1835,1.1630387215858606,0.8225583186327756,0.340480402953085,1.96823946,1.00065331,0.03110723
1836,1.1639723020123578,0.8221999506832304,0.3417723513291274,1.96827602,1.00065538,0.03106860
1837,1.164905882438855,0.8218415827336851,0.34306429970516983,1.96831137,1.00065724,0.03103140
1838,1.1658455750596408,0.8214995625903595,0.3443460124692813,1.96834704,1.00065913,0.03099383
1839,1.166785267680427,0.8211575424470339,0.345627725233393,1.96837953,1.00066121,0.03095926
1840,1.1677249603012123,0.8208155223037082,0.34690943799750407,1.96841370,1.00066311,0.03092319
1841,1.1686646529219984,0.8204735021603826,0.3481911507616158,1.96844971,1.00066521,0.03088509
1842,1.1696043455427845,0.820131482017057,0.3494728635257275,1.96848406,1.00066724,0.03084870
1843,1.17054403816357,0.8197894618737314,0.35075457628983875,1.96851891,1.00066907,0.03081202
1844,1.171483730784356,0.8194474417304057,0.35203628905395024,1.96855320,1.00067090,0.03077590
1845,1.1724234234051418,0.8191054215870801,0.3533180018180617,1.96859051,1.00067242,0.03073707
1846,1.1733631160259277,0.8187634014437545,0.3545997145821732,1.96862494,1.00067423,0.03070083
1847,1.1743028086467135,0.8184213813004289,0.3558814273462847,1.96865868,1.00067605,0.03066527
1848,1.1752483272223129,0.8180958131459717,0.3571525140763412,1.96868860,1.00067785,0.03063354
1849,1.1761938457979122,0.8177702449915145,0.3584236008063977,1.96872393,1.00067957,0.03059650
1850,1.1771393643735115,0.8174446768370573,0.35969468753645417,1.96875563,1.00068128,0.03056309
1851,1.1780848829491108,0.8171191086826002,0.36096577426651066,1.96878912,1.00068297,0.03052791
1852,1.1790304015247102,0.816793540528143,0.36223686099656716,1.96882270,1.00068464,0.03049265
1853,1.1799759201003095,0.8164679723736858,0.36350794772662365,1.96885441,1.00068649,0.03045910
1854,1.1809214386759088,0.8161424042192287,0.36477903445668014,1.96888906,1.00068789,0.03042304
1855,1.181866957251508,0.8158168360647715,0.3660501211867364,1.96892564,1.00068965,0.03038471
1856,1.1828124758271077,0.8154912679103143,0.36732120791679335,1.96895540,1.00069108,0.03035352
1857,1.1837579944027068,0.8151656997558572,0.3685922946468496,1.96898879,1.00069262,0.03031859
1858,1.184709050919002,0.8148566827614823,0.36985236815751965,1.96902426,1.00069471,0.03028103
1859,1.185660107435297,0.8145476657671074,0.3711124416681897,1.96905394,1.00069568,0.03025038
1860,1.1866111639515922,0.8142386487727324,0.3723725151788597,1.96908868,1.00069650,0.03021481
1861,1.1875622204678873,0.8139296317783575,0.37363258868952975,1.96911650,1.00069874,0.03018476
1862,1.1885132769841824,0.8136206147839826,0.3748926622001998,1.96914872,1.00070020,0.03015108
1863,1.1894643335004775,0.8133115977896077,0.3761527357108698,1.96918097,1.00070188,0.03011714
1864,1.1904153900167729,0.8130025807952328,0.3774128092215401,1.96921374,1.00070353,0.03008273
1865,1.1913664465330678,0.8126935638008579,0.3786728827322099,1.96924928,1.00070490,0.03004582
1866,1.192317503049363,0.812384546806483,0.3799329562428799,1.96927914,1.00070615,0.03001470
1867,1.193268559565658,0.8120755298121081,0.38119302975354996,1.96931072,1.00070708,0.02998220
1868,1.1942196160819532,0.8117665128177332,0.38245310326422,1.96934197,1.00070838,0.02994964
1869,1.1951706725982485,0.8114574958233582,0.38371317677489025,1.96937677,1.00070910,0.02991413
1870,1.1961269773542114,0.8111651241186355,0.38496185323557586,1.96940771,1.00071093,0.02988136
1871,1.1970832821101745,0.8108727524139128,0.3862105296962617,1.96944010,1.00071230,0.02984760
1872,1.1980395868661375,0.81058038070919,0.3874592061569475,1.96946875,1.00071340,0.02981785
1873,1.1989958916221006,0.8102880090044673,0.38870788261763334,1.96950051,1.00071479,0.02978470
1874,1.1999521963780635,0.8099956372997446,0.38995655907831894,1.96953160,1.00071612,0.02975229
1875,1.2009085011340268,0.8097032655950218,0.391205235539005,1.96956307,1.00071716,0.02971978
1876,1.20186480588999,0.8094108938902991,0.3924539119996908,1.96959643,1.00071828,0.02968529
1877,1.202821110645953,0.8091185221855763,0.39370258846037665,1.96962374,1.00071953,0.02965673
1878,1.203777415401916,0.8088261504808536,0.3949512649210625,1.96965529,1.00072072,0.02962399
1879,1.2047337201578792,0.8085337787761309,0.3961999413817483,1.96968512,1.00072140,0.02959348
1880,1.2056900249138425,0.8082414070714081,0.39744861784243435,1.96971879,1.00072280,0.02955842
1881,1.2066512866097805,0.8079657697155911,0.3986855168941894,1.96974700,1.00072373,0.02952928
1882,1.2076125483057187,0.807690132359774,0.3999224159459447,1.96977360,1.00072455,0.02950184
1883,1.208573810001657,0.807414495003957,0.40115931499769997,1.96980574,1.00072572,0.02946854
1884,1.2095350716975952,0.80713885764814,0.40239621404945525,1.96983402,1.00072628,0.02943970
1885,1.2104963333935337,0.8068632202923229,0.40363311310121075,1.96986441,1.00072732,0.02940827
1886,1.2114575950894717,0.8065875829365059,0.4048700121529658,1.96989618,1.00072805,0.02937577
1887,1.21241885678541,0.8063119455806889,0.4061069112047211,1.96992469,1.00072933,0.02934598
1888,1.2133801184813482,0.8060363082248718,0.40734381025647637,1.96995424,1.00073015,0.02931561
1889,1.2143413801772864,0.8057606708690548,0.40858070930823165,1.96998454,1.00073115,0.02928431
1890,1.215302641873225,0.8054850335132377,0.40981760835998715,1.97001490,1.00073208,0.02925302
1891,1.216263903569163,0.8052093961574207,0.4110545074117422,1.97004572,1.00073287,0.02922140
1892,1.2172251652651012,0.8049337588016037,0.4122914064634975,1.97007822,1.00073363,0.02918815
1893,1.2181910910913902,0.8046749397565012,0.41351615133488906,1.97010236,1.00073448,0.02916316
1894,1.2191570169176793,0.8044161207113987,0.41474089620628063,1.97012990,1.00073534,0.02913477
1895,1.2201229427439684,0.8041573016662962,0.4159656410776722,1.97015896,1.00073613,0.02910491
1896,1.2210888685702574,0.8038984826211937,0.41719038594906377,1.97018717,1.00073687,0.02907596
1897,1.2220547943965463,0.8036396635760912,0.4184151308204551,1.97021760,1.00073741,0.02904499
1898,1.2230207202228356,0.8033808445309887,0.4196398756918469,1.97024243,1.00073839,0.02901918
1899,1.2239866460491249,0.8031220254858862,0.4208646205632387,1.97027198,1.00073887,0.02898916
1900,1.2249525718754135,0.8028632064407837,0.4220893654346298,1.97030016,1.00073955,0.02896029
1901,1.2259184977017028,0.8026043873956812,0.4233141103060216,1.97032802,1.00074022,0.02893176
1902,1.226884423527992,0.8023455683505787,0.4245388551774134,1.97035664,1.00074084,0.02890251
1903,1.227850349354281,0.8020867493054762,0.42576360004880476,1.97038369,1.00074171,0.02887460
1904,1.22881627518057,0.8018279302603737,0.4269883449201963,1.97041578,1.00074201,0.02884220
1905,1.229786570906846,0.801586008364774,0.42820056254207206,1.97044037,1.00074265,0.02881698
1906,1.230756866633122,0.8013440864691743,0.42941278016394757,1.97046672,1.00074325,0.02879003
1907,1.2317271623593982,0.8011021645735746,0.4306249977858235,1.97049412,1.00074368,0.02876220
1908,1.2326974580856742,0.800860242677975,0.43183721540769926,1.97052047,1.00074431,0.02873522
1909,1.2336677538119505,0.8006183207823753,0.4330494330295752,1.97054707,1.00074483,0.02870810
1910,1.2346380495382263,0.8003763988867756,0.4342616506514507,1.97057365,1.00074534,0.02868101
1911,1.2356083452645024,0.8001344769911759,0.43547386827332646,1.97060138,1.00074579,0.02865283
1912,1.2365786409907784,0.7998925550955762,0.4366860858952022,1.97062729,1.00074631,0.02862640
1913,1.2375489367170545,0.7996506331999765,0.4378983035170779,1.97065419,1.00074668,0.02859913
1914,1.2385192324433305,0.7994087113043769,0.43911052113895366,1.97068121,1.00074707,0.02857172
1915,1.2394895281696066,0.7991667894087772,0.4403227387608294,1.97070781,1.00074745,0.02854473
1916,1.2404598238958826,0.7989248675131775,0.4415349563827051,1.97073389,1.00074752,0.02851859
1917,1.2414301196221589,0.7986829456175778,0.4427471740045811,1.97076238,1.00074813,0.02848949
1918,1.242404489686944,0.798457994563234,0.44394649512371,1.97078701,1.00074857,0.02846442
1919,1.2433788597517292,0.7982330435088901,0.4451458162428391,1.97081170,1.00074880,0.02843949
1920,1.2443532298165143,0.7980080924545463,0.446345137361968,1.97083667,1.00074912,0.02841421
1921,1.2453275998812998,0.7977831414002025,0.44754445848109736,1.97086213,1.00074940,0.02838846
1922,1.246301969946085,0.7975581903458586,0.4487437796002265,1.97088784,1.00074964,0.02836252
1923,1.2472763400108704,0.7973332392915148,0.4499431007193556,1.97091272,1.00075009,0.02833719
1924,1.2482507100756557,0.797108288237171,0.45114242183848474,1.97093796,1.00075033,0.02831170
1925,1.249225080140441,0.7968833371828271,0.45234174295761387,1.97096306,1.00075042,0.02828652
1926,1.2501994502052265,0.7966583861284833,0.4535410640767432,1.97098820,1.00075065,0.02826115
1927,1.2511738202700116,0.7964334350741394,0.4547403851958721,1.97101346,1.00075087,0.02823567
1928,1.2521481903347969,0.7962084840197956,0.45593970631500125,1.97103846,1.00075107,0.02821047
1929,1.253122560399582,0.7959835329654518,0.45713902743413015,1.97106448,1.00075132,0.02818420
1930,1.2540969304643674,0.7957585819111079,0.4583383485532595,1.97109016,1.00075145,0.02815839
1931,1.2550713005291527,0.7955336308567641,0.4595376696723886,1.97111539,1.00075158,0.02813303
1932,1.2560494481298865,0.7953257191659463,0.4607237289639402,1.97113849,1.00075169,0.02810982
1933,1.2570275957306205,0.7951178074751285,0.461909788255492,1.97116208,1.00075182,0.02808610
1934,1.258005743331354,0.7949098957843107,0.46309584754704336,1.97118554,1.00075194,0.02806252
1935,1.2589838909320878,0.7947019840934929,0.46428190683859494,1.97120732,1.00075199,0.02804069
1936,1.2599620385328216,0.7944940724026751,0.4654679661301465,1.97123110,1.00075200,0.02801690
1937,1.2609401861335554,0.7942861607118573,0.4666540254216981,1.97125488,1.00075209,0.02799303
1938,1.2619183337342892,0.7940782490210395,0.46784008471324967,1.97128040,1.00075219,0.02796741
1939,1.262896481335023,0.7938703373302217,0.46902614400480125,1.97130433,1.00075216,0.02794350
1940,1.2638746289357567,0.7936624256394039,0.4702122032963528,1.97132738,1.00075218,0.02792044
1941,1.2648527765364903,0.7934545139485861,0.4713982625879042,1.97135154,1.00075209,0.02789636
1942,1.2658309241372243,0.7932466022577683,0.472584321879456,1.97137400,1.00075210,0.02787390
1943,1.266809071737958,0.7930386905669505,0.47377038117100756,1.97139761,1.00075204,0.02785035
1944,1.267787219338692,0.7928307788761327,0.47495644046255936,1.97142185,1.00075196,0.02782620
1945,1.2687653669394257,0.7926228671853149,0.4761424997541107,1.97144510,1.00075186,0.02780305
1946,1.2697435145401594,0.7924149554944971,0.4773285590456623,1.97146832,1.00075175,0.02777992
1947,1.2707251417236072,0.7922241464991207,0.4785009952244865,1.97148974,1.00075166,0.02775861
1948,1.271706768907055,0.7920333375037442,0.47967343140331076,1.97151194,1.00075152,0.02773654
1949,1.2726883960905029,0.7918425285083677,0.4808458675821352,1.97153394,1.00075139,0.02771467
1950,1.2736700232739504,0.7916517195129912,0.4820183037609592,1.97155585,1.00075125,0.02769290
1951,1.274651650457398,0.7914609105176147,0.48319073993978323,1.97157778,1.00075111,0.02767111
1952,1.275633277640846,0.7912701015222382,0.4843631761186079,1.97160131,1.00075110,0.02764758
1953,1.2766149048242936,0.7910792925268617,0.4855356122974319,1.97162329,1.00075093,0.02762578
1954,1.2775965320077414,0.7908884835314852,0.48670804847625615,1.97164516,1.00075075,0.02760409
1955,1.2785781591911891,0.7906976745361087,0.4878804846550804,1.97166709,1.00075056,0.02758235
1956,1.2795597863746369,0.7905068655407322,0.4890529208339046,1.97168874,1.00075036,0.02756090
1957,1.2805414135580846,0.7903160565453557,0.49022535701272885,1.97171011,1.00075016,0.02753972
1958,1.2815230407415323,0.7901252475499793,0.4913977931915531,1.97173127,1.00074995,0.02751878
1959,1.28250466792498,0.7899344385546028,0.4925702293703773,1.97175484,1.00074964,0.02749552
1960,1.2834862951084278,0.7897436295592263,0.49374266554920154,1.97177677,1.00074939,0.02747385
1961,1.2844679222918756,0.7895528205638498,0.4949151017280258,1.97179853,1.00074910,0.02745237
1962,1.2854527300448877,0.7893791723861828,0.49607355765870487,1.97181870,1.00074881,0.02743249
1963,1.2864375377978998,0.7892055242085159,0.49723201358938396,1.97183886,1.00074853,0.02741261
1964,1.287422345550912,0.7890318760308489,0.49839046952006305,1.97185901,1.00074823,0.02739276
1965,1.288407153303924,0.7888582278531819,0.49954892545074214,1.97187916,1.00074792,0.02737292
1966,1.2893919610569362,0.788684579675515,0.5007073813814212,1.97189931,1.00074759,0.02735310
1967,1.2903767688099483,0.788510931497848,0.5018658373121003,1.97191947,1.00074726,0.02733328
1968,1.2913615765629605,0.788337283320181,0.5030242932427794,1.97193959,1.00074691,0.02731350
1969,1.2923463843159726,0.7881636351425141,0.5041827491734585,1.97195973,1.00074654,0.02729372
1970,1.2933311920689847,0.7879899869648471,0.5053412051041376,1.97197986,1.00074616,0.02727397
1971,1.2943159998219969,0.7878163387871802,0.5064996610348167,1.97199999,1.00074577,0.02725424
1972,1.295300807575009,0.7876426906095132,0.5076581169654958,1.97202010,1.00074536,0.02723454
1973,1.2962856153280211,0.7874690424318462,0.5088165728961749,1.97204020,1.00074494,0.02721486
1974,1.2972704230810332,0.7872953942541793,0.509975028826854,1.97205982,1.00074449,0.02719570
1975,1.2982552308340454,0.7871217460765123,0.5111334847575331,1.97207986,1.00074404,0.02717610
1976,1.2992400385870575,0.7869480978988453,0.5122919406882122,1.97209990,1.00074358,0.02715652
1977,1.3002248463400696,0.7867744497211784,0.5134503966188912,1.97211992,1.00074311,0.02713697
1978,1.3012096540930818,0.7866008015435114,0.5146088525495703,1.97213994,1.00074262,0.02711744
1979,1.302194461846094,0.7864271533658445,0.5157673084802497,1.97215994,1.00074213,0.02709793
1980,1.303182150186689,0.7862707189008042,0.5169114312858847,1.97217839,1.00074165,0.02707996
1981,1.304169838527284,0.786114284435764,0.5180555540915199,1.97219683,1.00074116,0.02706200
1982,1.305157526867879,0.7859578499707238,0.5191996768971552,1.97221527,1.00074067,0.02704406
1983,1.306145215208474,0.7858014155056836,0.5203437997027904,1.97223581,1.00073997,0.02702422
1984,1.307132903549069,0.7856449810406434,0.5214879225084257,1.97225429,1.00073945,0.02700626
1985,1.308120591889664,0.7854885465756032,0.5226320453140607,1.97227289,1.00073894,0.02698817
1986,1.3091082802302592,0.785332112110563,0.5237761681196962,1.97229133,1.00073840,0.02697027
1987,1.3100959685708542,0.7851756776455228,0.5249202909253314,1.97230977,1.00073784,0.02695239
1988,1.3110836569114492,0.7850192431804826,0.5260644137309667,1.97232824,1.00073728,0.02693448
1989,1.3120713452520445,0.7848628087154423,0.5272085365366022,1.97234662,1.00073670,0.02691668
1990,1.313059033592639,0.7847063742504021,0.528352659342237,1.97236483,1.00073610,0.02689908
1991,1.3140467219332344,0.7845499397853619,0.5294967821478724,1.97238048,1.00073565,0.02688387
1992,1.3150344102738294,0.7843935053203217,0.5306409049535077,1.97239919,1.00073501,0.02686581
1993,1.3160220986144244,0.7842370708552815,0.5317850277591429,1.97241663,1.00073442,0.02684894
1994,1.3170097869550197,0.7840806363902413,0.5329291505647784,1.97243505,1.00073378,0.02683117
1995,1.3179974752956145,0.7839242019252011,0.5340732733704134,1.97245344,1.00073312,0.02681344
1996,1.3189851636362095,0.7837677674601609,0.5352173961760487,1.97247182,1.00073245,0.02679573
1997,1.3199728519768046,0.7836113329951206,0.5363615189816839,1.97249003,1.00073178,0.02677819
1998,1.3209605403173996,0.7834548985300804,0.5375056417873192,1.97250830,1.00073109,0.02676061
1999,1.3219482286579949,0.7832984640650402,0.5386497645929547,1.97252652,1.00073040,0.02674308
2000,1.322938496726736,0.7831592909640802,0.5397792057626557,1.97254317,1.00072973,0.02672709
2001,1.3239287647954776,0.7830201178631202,0.5409086469323574,1.97255917,1.00072891,0.02671192
2002,1.324919032864219,0.7828809447621602,0.5420380881020589,1.97257572,1.00072823,0.02669604
2003,1.3259093009329606,0.7827417716612002,0.5431675292717604,1.97259228,1.00072755,0.02668017
2004,1.326899569001702,0.7826025985602402,0.5442969704414619,1.97260876,1.00072684,0.02666439
2005,1.3278898370704435,0.7824634254592802,0.5454264116111633,1.97262531,1.00072616,0.02664853
2006,1.328880105139185,0.7823242523583201,0.5465558527808648,1.97264191,1.00072545,0.02663264
2007,1.3298703732079264,0.7821850792573601,0.5476852939505663,1.97265850,1.00072472,0.02661678
2008,1.330860641276668,0.7820459061564001,0.5488147351202678,1.97267504,1.00072399,0.02660097
2009,1.3318509093454094,0.7819067330554401,0.5499441762899693,1.97269152,1.00072325,0.02658524
2010,1.3328411774141509,0.7817675599544801,0.5510736174596708,1.97270790,1.00072249,0.02656961
2011,1.3338314454828923,0.7816283868535201,0.5522030586293722,1.97272420,1.00072173,0.02655406
2012,1.3348217135516338,0.7814892137525601,0.5533324997990737,1.97273956,1.00072099,0.02653945
2013,1.3358119816203753,0.7813500406516001,0.5544619409687752,1.97275595,1.00072020,0.02652384
2014,1.3368022496891168,0.7812108675506401,0.5555913821384767,1.97277229,1.00071941,0.02650830
2015,1.3377925177578582,0.78107169444968,0.5567208233081782,1.97278845,1.00071864,0.02649291
2016,1.3387827858265997,0.78093252134872,0.5578502644778797,1.97280476,1.00071783,0.02647741
2017,1.3397730538953412,0.78079334824776,0.5589797056475811,1.97282188,1.00071696,0.02646115
2018,1.3407633219640829,0.7806541751468,0.5601091468172829,1.97283832,1.00071614,0.02644554
2019,1.341753590032824,0.78051500204584,0.5612385879869839,1.97285531,1.00071528,0.02642940
2020,1.3427438581015656,0.78037582894488,0.5623680291566856,1.97287130,1.00071435,0.02641435
2021,1.343736404253207,0.7802539596014748,0.5634824446517321,1.97288604,1.00071365,0.02640031
2022,1.3447289504048483,0.7801320902580696,0.5645968601467787,1.97290090,1.00071275,0.02638635
2023,1.3457214965564896,0.7800102209146644,0.5657112756418252,1.97291359,1.00071211,0.02637430
2024,1.346714042708131,0.7798883515712592,0.5668256911368718,1.97292996,1.00071111,0.02635893
2025,1.3477065888597723,0.779766482227854,0.5679401066319183,1.97294411,1.00071027,0.02634562
2026,1.3486991350114137,0.7796446128844489,0.5690545221269648,1.97295844,1.00070943,0.02633213
2027,1.349691681163055,0.7795227435410437,0.5701689376220114,1.97297297,1.00070858,0.02631845
2028,1.3506842273146964,0.7794008741976385,0.5712833531170579,1.97298752,1.00070772,0.02630476
2029,1.3516767734663375,0.7792790048542333,0.5723977686121042,1.97300189,1.00070686,0.02629124
2030,1.352669319617979,0.7791571355108281,0.573512184107151,1.97301600,1.00070601,0.02627799
2031,1.3536618657696204,0.7790352661674229,0.5746265996021975,1.97303037,1.00070514,0.02626449
2032,1.3546544119212618,0.7789133968240177,0.5757410150972441,1.97304515,1.00070425,0.02625061
2033,1.3556469580729031,0.7787915274806125,0.5768554305922906,1.97305933,1.00070335,0.02623732
2034,1.3566395042245445,0.7786696581372073,0.5779698460873371,1.97307416,1.00070244,0.02622340
2035,1.3576320503761858,0.7785477887938022,0.5790842615823837,1.97308869,1.00070150,0.02620981
2036,1.3586245965278272,0.778425919450397,0.5801986770774302,1.97310270,1.00070055,0.02619675
2037,1.3596171426794683,0.7783040501069918,0.5813130925724765,1.97311698,1.00069961,0.02618341
2038,1.36060968883111,0.7781821807635866,0.5824275080675235,1.97313125,1.00069867,0.02617008
2039,1.3616022349827512,0.7780603114201814,0.5835419235625698,1.97314554,1.00069772,0.02615673
2040,1.3625947811343926,0.7779384420767762,0.5846563390576164,1.97316091,1.00069670,0.02614239
2041,1.363587327286034,0.777816572733371,0.5857707545526629,1.97317474,1.00069573,0.02612953
2042,1.3645798734376753,0.7776947033899658,0.5868851700477095,1.97318839,1.00069484,0.02611678
2043,1.3655724195893166,0.7775728340465606,0.587999585542756,1.97320509,1.00069370,0.02610120
2044,1.366564965740958,0.7774509647031554,0.5891140010378025,1.97321838,1.00069267,0.02608895
2045,1.367557511892599,0.7773290953597503,0.5902284165328489,1.97323028,1.00069189,0.02607783
2046,1.368550058044241,0.7772072260163451,0.5913428320278958,1.97324450,1.00069087,0.02606463
2047,1.3695445799396089,0.7771026975530774,0.5924418823865315,1.97325694,1.00068990,0.02605317
2048,1.370539101834977,0.7769981690898097,0.5935409327451674,1.97326963,1.00068898,0.02604139
2049,1.3715336237303453,0.776893640626542,0.5946399831038033,1.97328185,1.00068795,0.02603020
2050,1.3725281456257137,0.7767891121632743,0.5957390334624394,1.97329610,1.00068684,0.02601706
2051,1.3735226675210817,0.7766845837000066,0.5968380838210751,1.97330668,1.00068611,0.02600721
2052,1.3745171894164498,0.7765800552367389,0.597937134179711,1.97332001,1.00068490,0.02599509
2053,1.375511711311818,0.7764755267734712,0.5990361845383468,1.97333471,1.00068396,0.02598133
2054,1.3765062332071862,0.7763709983102035,0.6001352348969827,1.97334462,1.00068300,0.02597238
2055,1.3775007551025544,0.7762664698469358,0.6012342852556186,1.97335915,1.00068188,0.02595897
2056,1.3784952769979226,0.7761619413836681,0.6023333356142545,1.97337100,1.00068088,0.02594812
2057,1.3794897988932908,0.7760574129204004,0.6034323859728904,1.97338197,1.00067997,0.02593806
2058,1.380484320788659,0.7759528844571327,0.6045314363315263,1.97339512,1.00067882,0.02592606
2059,1.3814788426840272,0.775848355993865,0.6056304866901622,1.97340841,1.00067783,0.02591376
2060,1.3824733645793954,0.7757438275305973,0.6067295370487981,1.97342049,1.00067693,0.02590258
2061,1.3834678864747636,0.7756392990673296,0.607828587407434,1.97343008,1.00067588,0.02589404
2062,1.3844624083701318,0.775534770604062,0.6089276377660698,1.97344120,1.00067507,0.02588373
2063,1.3854569302655,0.7754302421407943,0.6100266881247057,1.97345454,1.00067369,0.02587177
2064,1.3864514521608682,0.7753257136775266,0.6111257384833416,1.97346834,1.00067251,0.02585916
2065,1.3874459740562364,0.7752211852142589,0.6122247888419775,1.97347716,1.00067160,0.02585124
2066,1.3884404959516046,0.7751166567509912,0.6133238392006134,1.97349280,1.00067057,0.02583663
2067,1.3894350178469728,0.7750121282877235,0.6144228895592493,1.97350318,1.00066929,0.02582754
2068,1.390429539742341,0.7749075998244558,0.6155219399178852,1.97351520,1.00066843,0.02581637
2069,1.3914240616377092,0.7748030713611881,0.6166209902765211,1.97353378,1.00066738,0.02579885
2070,1.3924185835330771,0.7746985428979204,0.6177200406351567,1.97354225,1.00066607,0.02579168
2071,1.3934131054284455,0.7745940144346527,0.6188190909937928,1.97355233,1.00066514,0.02578253
2072,1.3944076273238135,0.774489485971385,0.6199181413524285,1.97356495,1.00066406,0.02577099
2073,1.395402149219182,0.7743849575081173,0.6210171917110646,1.97357700,1.00066297,0.02576003
2074,1.39639667111455,0.7742804290448496,0.6221162420697003,1.97358898,1.00066189,0.02574913
2075,1.3973911930099183,0.7741759005815819,0.6232152924283364,1.97360478,1.00066083,0.02573439
2076,1.39838738770801,0.7740887448388343,0.6242986428691757,1.97361157,1.00065970,0.02572874
2077,1.3993835824061016,0.7740015890960866,0.625381993310015,1.97362248,1.00065867,0.02571885
2078,1.4003797771041933,0.773914433353339,0.6264653437508543,1.97363428,1.00065747,0.02570826
2079,1.401375971802285,0.7738272776105913,0.6275486941916936,1.97364265,1.00065644,0.02570091
2080,1.4023721665003763,0.7737401218678437,0.6286320446325326,1.97365410,1.00065536,0.02569054
2081,1.4033683611984682,0.773652966125096,0.6297153950733722,1.97366289,1.00065424,0.02568287
2082,1.4043645558965598,0.7735658103823484,0.6307987455142114,1.97367556,1.00065306,0.02567138
2083,1.4053607505946517,0.7734786546396007,0.631882095955051,1.97368444,1.00065207,0.02566348
2084,1.4063569452927431,0.7733914988968531,0.63296544639589,1.97369451,1.00065123,0.02565426
2085,1.4073531399908348,0.7733043431541055,0.6340487968367293,1.97370455,1.00065000,0.02564545
2086,1.4083493346889264,0.7732171874113578,0.6351321472775686,1.97371573,1.00064879,0.02563548
2087,1.409345529387018,0.7731300316686102,0.6362154977184079,1.97372498,1.00064772,0.02562729
2088,1.4103417240851095,0.7730428759258625,0.637298848159247,1.97373628,1.00064652,0.02561720
2089,1.4113379187832014,0.7729557201831149,0.6383821986000865,1.97374725,1.00064535,0.02560740
2090,1.412334113481293,0.7728685644403672,0.6394655490409258,1.97375839,1.00064427,0.02559734
2091,1.4133303081793849,0.7727814086976196,0.6405488994817653,1.97376919,1.00064308,0.02558773
2092,1.4143265028774763,0.7726942529548719,0.6416322499226044,1.97377861,1.00064198,0.02557940
2093,1.415322697575568,0.7726070972121243,0.6427156003634437,1.97378816,1.00064086,0.02557098
2094,1.4163188922736596,0.7725199414693766,0.643798950804283,1.97379786,1.00063973,0.02556240
2095,1.4173150869717512,0.772432785726629,0.6448823012451222,1.97381008,1.00063831,0.02555161
2096,1.4183112816698429,0.7723456299838813,0.6459656516859615,1.97381926,1.00063742,0.02554332
2097,1.4193074763679343,0.7722584742411337,0.6470490021268006,1.97383076,1.00063612,0.02553311
2098,1.4203036710660262,0.772171318498386,0.6481323525676401,1.97384130,1.00063508,0.02552363
2099,1.4212998657641178,0.7720841627556384,0.6492157030084794,1.97384929,1.00063407,0.02551664
2100,1.4222960604622097,0.7719970070128908,0.6502990534493189,1.97386115,1.00063285,0.02550600
2101,1.4232922551603011,0.7719098512701431,0.651382403890158,1.97386978,1.00063176,0.02549846
2102,1.4242884498583928,0.7718226955273955,0.6524657543309973,1.97387796,1.00063048,0.02549155
2103,1.4252846445564844,0.7717355397846478,0.6535491047718366,1.97388804,1.00062936,0.02548261
2104,1.426280839254576,0.7716483840419002,0.6546324552126759,1.97389915,1.00062826,0.02547259
2105,1.4272770339526677,0.7715612282991525,0.6557158056535152,1.97391077,1.00062692,0.02546231
2106,1.4282732286507591,0.7714740725564049,0.6567991560943542,1.97391719,1.00062585,0.02545697
2107,1.429269423348851,0.7713869168136572,0.6578825065351938,1.97392833,1.00062451,0.02544716
2108,1.4302656180469426,0.7712997610709096,0.658965856976033,1.97393975,1.00062346,0.02543679
2109,1.4312618127450345,0.7712126053281619,0.6600492074168726,1.97394884,1.00062234,0.02542883
2110,1.432258007443126,0.7711254495854143,0.6611325578577116,1.97395763,1.00062111,0.02542126
2111,1.4332542021412176,0.7710382938426666,0.6622159082985509,1.97396827,1.00061989,0.02541184
2112,1.4342503968393092,0.770951138099919,0.6632992587393902,1.97397772,1.00061878,0.02540350
2113,1.435247960889569,0.7708813816261749,0.664366579263394,1.97398663,1.00061755,0.02539582
2114,1.4362455249398287,0.7708116251524308,0.6654338997873979,1.97399317,1.00061647,0.02539036
2115,1.4372430889900885,0.7707418686786868,0.6665012203114017,1.97400328,1.00061539,0.02538133
2116,1.4382406530403482,0.7706721122049427,0.6675685408354055,1.97400954,1.00061417,0.02537628
2117,1.439238217090608,0.7706023557311986,0.6686358613594093,1.97401721,1.00061301,0.02536977
2118,1.4402357811408677,0.7705325992574545,0.6697031818834132,1.97402681,1.00061180,0.02536139
2119,1.4412333451911274,0.7704628427837105,0.670770502407417,1.97403533,1.00061076,0.02535391
2120,1.4422309092413872,0.7703930863099664,0.6718378229314208,1.97404414,1.00060950,0.02534636
2121,1.443228473291647,0.7703233298362223,0.6729051434554246,1.97405202,1.00060845,0.02533952
2122,1.444226037341907,0.7702535733624782,0.6739724639794287,1.97405916,1.00060716,0.02533369
2123,1.4452236013921664,0.7701838168887342,0.6750397845034323,1.97406745,1.00060607,0.02532648
2124,1.4462211654424262,0.7701140604149901,0.6761071050274361,1.97407509,1.00060484,0.02532007
2125,1.447218729492686,0.770044303941246,0.6771744255514399,1.97408556,1.00060351,0.02531092
2126,1.4482162935429457,0.7699745474675019,0.6782417460754437,1.97409223,1.00060246,0.02530532
2127,1.4492138575932054,0.7699047909937579,0.6793090665994476,1.97410013,1.00060126,0.02529861
2128,1.4502114216434652,0.7698350345200138,0.6803763871234514,1.97410876,1.00060008,0.02529117
2129,1.451208985693725,0.7697652780462697,0.6814437076474552,1.97411713,1.00059880,0.02528406
2130,1.4522065497439849,0.7696955215725256,0.6825110281714593,1.97412394,1.00059771,0.02527835
2131,1.4532041137942444,0.7696257650987816,0.6835783486954629,1.97413190,1.00059652,0.02527158
2132,1.4542016778445042,0.7695560086250375,0.6846456692194667,1.97413986,1.00059534,0.02526481
2133,1.455199241894764,0.7694862521512934,0.6857129897434705,1.97414781,1.00059415,0.02525804
2134,1.4561968059450237,0.7694164956775493,0.6867803102674743,1.97415575,1.00059296,0.02525129
2135,1.4571943699952834,0.7693467392038053,0.6878476307914781,1.97416368,1.00059177,0.02524455
2136,1.4581919340455431,0.7692769827300612,0.688914951315482,1.97417161,1.00059058,0.02523781
2137,1.459189498095803,0.7692072262563171,0.6899822718394858,1.97417956,1.00058939,0.02523105
2138,1.4601870621460626,0.769137469782573,0.6910495923634896,1.97418747,1.00058820,0.02522433
2139,1.4611846261963224,0.769067713308829,0.6921169128874934,1.97419538,1.00058701,0.02521761
2140,1.462182190246582,0.7689979568350849,0.693184233411497,1.97420328,1.00058582,0.02521090
2141,1.463179754296842,0.7689282003613408,0.6942515539355013,1.97421118,1.00058462,0.02520420
2142,1.4641773183471016,0.7688584438875967,0.6953188744595049,1.97421874,1.00058338,0.02519788
2143,1.4651748823973614,0.7687886874138526,0.6963861949835087,1.97422551,1.00058224,0.02519225
2144,1.4661724464476211,0.7687189309401086,0.6974535155075126,1.97423652,1.00058096,0.02518252
2145,1.4671700104978809,0.7686491744663645,0.6985208360315164,1.97424058,1.00057981,0.02517962
2146,1.4681675745481406,0.7685794179926204,0.6995881565555202,1.97425014,1.00057846,0.02517140
2147,1.4691651385984004,0.7685096615188763,0.700655477079524,1.97425625,1.00057742,0.02516633
2148,1.47016270264866,0.7684399050451323,0.7017227976035276,1.97426464,1.00057620,0.02515916
2149,1.47116026669892,0.7683701485713882,0.7027901181275319,1.97427224,1.00057506,0.02515270
2150,1.4721578307491796,0.7683003920976441,0.7038574386515355,1.97427992,1.00057381,0.02514627
2151,1.4731553947994394,0.7682306356239,0.7049247591755393,1.97428777,1.00057256,0.02513967
2152,1.474152958849699,0.768160879150156,0.7059920796995431,1.97429399,1.00057155,0.02513446
2153,1.4751505228999588,0.7680911226764119,0.707059400223547,1.97430191,1.00057026,0.02512783
2154,1.4761480869502186,0.7680213662026678,0.7081267207475508,1.97431046,1.00056904,0.02512049
2155,1.4771456510004783,0.7679516097289237,0.7091940412715546,1.97431649,1.00056780,0.02511570
2156,1.478143215050738,0.7678818532551797,0.7102613617955584,1.97432360,1.00056663,0.02510977
2157,1.4791407791009978,0.7678120967814356,0.7113286823195623,1.97433225,1.00056525,0.02510250
2158,1.4801383431512576,0.7677423403076915,0.7123960028435661,1.97433853,1.00056407,0.02509739
2159,1.481135907201517,0.7676725838339474,0.7134633233675697,1.97434684,1.00056295,0.02509021
2160,1.482134536736272,0.7676202478777044,0.7145142888585675,1.97435354,1.00056169,0.02508477
2161,1.4831331662710263,0.7675679119214615,0.7155652543495649,1.97435864,1.00056061,0.02508075
2162,1.4841317958057811,0.7675155759652185,0.7166162198405627,1.97436646,1.00055932,0.02507423
2163,1.4851304253405355,0.7674632400089755,0.71766718533156,1.97437083,1.00055826,0.02507091
2164,1.4861290548752903,0.7674109040527325,0.7187181508225579,1.97437726,1.00055701,0.02506573
2165,1.487127684410045,0.7673585680964895,0.7197691163135554,1.97438529,1.00055589,0.02505881
2166,1.4881263139447996,0.7673062321402465,0.720820081804553,1.97438892,1.00055468,0.02505640
2167,1.4891249434795542,0.7672538961840035,0.7218710472955506,1.97439458,1.00055354,0.02505188
2168,1.4901235730143088,0.7672015602277605,0.7229220127865482,1.97440004,1.00055237,0.02504760
2169,1.4911222025490634,0.7671492242715175,0.7239729782775458,1.97440503,1.00055115,0.02504383
2170,1.492120832083818,0.7670968883152746,0.7250239437685434,1.97441185,1.00054995,0.02503821
2171,1.4931194616185726,0.7670445523590316,0.726074909259541,1.97442094,1.00054878,0.02503028
2172,1.4941180911533272,0.7669922164027886,0.7271258747505386,1.97442289,1.00054763,0.02502947
2173,1.4951167206880818,0.7669398804465456,0.7281768402415362,1.97442922,1.00054646,0.02502432
2174,1.4961153502228364,0.7668875444903026,0.7292278057325338,1.97443787,1.00054518,0.02501696
2175,1.497113979757591,0.7668352085340596,0.7302787712235314,1.97444237,1.00054401,0.02501362
2176,1.4981126092923456,0.7667828725778166,0.7313297367145289,1.97444594,1.00054291,0.02501115
2177,1.4991112388271002,0.7667305366215736,0.7323807022055265,1.97445243,1.00054169,0.02500589
2178,1.5001098683618548,0.7666782006653307,0.7334316676965241,1.97445961,1.00054045,0.02499993
2179,1.5011084978966094,0.7666258647090877,0.7344826331875217,1.97446467,1.00053924,0.02499609
2180,1.502107127431364,0.7665735287528447,0.7355335986785193,1.97446914,1.00053812,0.02499273
2181,1.5031057569661186,0.7665211927966017,0.7365845641695169,1.97447633,1.00053698,0.02498669
2182,1.5041043865008732,0.7664688568403587,0.7376355296605145,1.97448106,1.00053581,0.02498312
2183,1.5051030160356278,0.7664165208841157,0.7386864951515121,1.97448694,1.00053462,0.02497843
2184,1.5061016455703824,0.7663641849278727,0.7397374606425097,1.97449266,1.00053340,0.02497394
2185,1.507100275105137,0.7663118489716297,0.7407884261335073,1.97449805,1.00053225,0.02496970
2186,1.5080989046398916,0.7662595130153868,0.7418393916245049,1.97450366,1.00053105,0.02496529
2187,1.5090975341746462,0.7662071770591438,0.7428903571155024,1.97450910,1.00052981,0.02496109
2188,1.5100961637094008,0.7661548411029008,0.7439413226065,1.97451515,1.00052866,0.02495619
2189,1.5110947932441554,0.7661025051466578,0.7449922880974976,1.97451967,1.00052751,0.02495282
2190,1.51209342277891,0.7660501691904148,0.7460432535884952,1.97452567,1.00052640,0.02494793
2191,1.5130920523136646,0.7659978332341718,0.7470942190794928,1.97453296,1.00052517,0.02494187
2192,1.5140906818484192,0.7659454972779288,0.7481451845704904,1.97453687,1.00052401,0.02493912
2193,1.5150893113831738,0.7658931613216858,0.749196150061488,1.97454293,1.00052282,0.02493424
2194,1.5160879409179284,0.7658408253654428,0.7502471155524856,1.97454891,1.00052156,0.02492953
2195,1.517086570452683,0.7657884894091999,0.7512980810434832,1.97455184,1.00052041,0.02492774
2196,1.5180851999874376,0.7657361534529569,0.7523490465344808,1.97456007,1.00051924,0.02492069
2197,1.5190838295221922,0.7656838174967139,0.7534000120254783,1.97456563,1.00051799,0.02491638
2198,1.5200824590569468,0.7656314815404709,0.7544509775164759,1.97456943,1.00051684,0.02491372
2199,1.5210810885917014,0.7655791455842279,0.7555019430074735,1.97457462,1.00051568,0.02490970
2200,1.522079718126456,0.7655268096279849,0.7565529084984711,1.97458036,1.00051450,0.02490514
2201,1.5230783476612106,0.7654744736717419,0.7576038739894687,1.97458557,1.00051337,0.02490106
2202,1.5240769771959652,0.7654221377154989,0.7586548394804663,1.97459164,1.00051220,0.02489616
2203,1.5250756067307198,0.765369801759256,0.7597058049714639,1.97459700,1.00051096,0.02489204
2204,1.5260742362654744,0.765317465803013,0.7607567704624615,1.97460377,1.00050977,0.02488645
2205,1.527072865800229,0.76526512984677,0.7618077359534591,1.97460817,1.00050864,0.02488319
2206,1.5280714953349837,0.765212793890527,0.7628587014444567,1.97461418,1.00050745,0.02487837
2207,1.5290701248697385,0.765160457934284,0.7639096669354545,1.97461873,1.00050634,0.02487493
2208,1.5300687544044929,0.765108121978041,0.7649606324264518,1.97462370,1.00050508,0.02487122
2209,1.5310673839392477,0.765055786021798,0.7660115979174497,1.97462943,1.00050393,0.02486665
2210,1.532066013474002,0.765003450065555,0.767062563408447,1.97463246,1.00050278,0.02486476
2211,1.5330646430087569,0.764951114109312,0.7681135288994448,1.97463973,1.00050154,0.02485873
2212,1.5340632725435113,0.7648987781530691,0.7691644943904422,1.97464458,1.00050040,0.02485502
2213,1.535061902078266,0.7648464421968261,0.77021545988144,1.97465059,1.00049922,0.02485019
2214,1.5360605316130205,0.7647941062405831,0.7712664253724374,1.97465503,1.00049807,0.02484690
2215,1.537059161147775,0.7647417702843401,0.772317390863435,1.97466415,1.00049691,0.02483894
2216,1.5380577906825297,0.7646894343280971,0.7733683563544326,1.97466455,1.00049577,0.02483968
2217,1.5390564202172845,0.7646370983718541,0.7744193218454304,1.97467243,1.00049453,0.02483304
2218,1.5400550497520389,0.7645847624156111,0.7754702873364278,1.97467493,1.00049340,0.02483166
2219,1.5410536792867937,0.7645324264593681,0.7765212528274256,1.97468103,1.00049220,0.02482676
2220,1.542052308821548,0.7644800905031252,0.7775722183184229,1.97468981,1.00049102,0.02481917
2221,1.5430509383563027,0.7644277545468822,0.7786231838094205,1.97469140,1.00048989,0.02481871
2222,1.5440495678910573,0.7643754185906392,0.7796741493004181,1.97469559,1.00048870,0.02481572
2223,1.545048197425812,0.7643230826343962,0.7807251147914157,1.97470200,1.00048752,0.02481048
2224,1.546047588252831,0.7642881831376936,0.7817594051151374,1.97470430,1.00048645,0.02480925
2225,1.5470469790798502,0.7642532836409911,0.7827936954388591,1.97470853,1.00048533,0.02480614
2226,1.5480463699068694,0.7642183841442886,0.7838279857625808,1.97471322,1.00048408,0.02480270
2227,1.549044999441624,0.7641660481880456,0.7848789512535784,1.97471534,1.00048300,0.02480166
2228,1.5500443902686432,0.764131148691343,0.7859132415773001,1.97471889,1.00048196,0.02479915
2229,1.5510437810956623,0.7640962491946405,0.7869475319010218,1.97472668,1.00048081,0.02479251
2230,1.5520431719226817,0.7640613496979379,0.7879818222247438,1.97472818,1.00047967,0.02479215
2231,1.5530425627497009,0.7640264502012354,0.7890161125484655,1.97473068,1.00047854,0.02479077
2232,1.5540411922844553,0.7639741142449924,0.7900670780394629,1.97473494,1.00047737,0.02478769
2233,1.5550405831114744,0.7639392147482899,0.7911013683631846,1.97474060,1.00047619,0.02478321
2234,1.5560399739384936,0.7639043152515873,0.7921356586869063,1.97474346,1.00047517,0.02478137
2235,1.5570393647655127,0.7638694157548848,0.793169949010628,1.97474776,1.00047405,0.02477819
2236,1.558038755592532,0.7638345162581822,0.7942042393343497,1.97475348,1.00047293,0.02477360
2237,1.559038146419551,0.7637996167614797,0.7952385296580714,1.97475371,1.00047186,0.02477442
2238,1.5600367759543057,0.7637472808052367,0.796289495149069,1.97476421,1.00047089,0.02476490
2239,1.5610361667813248,0.7637123813085341,0.7973237854727907,1.97476296,1.00046947,0.02476757
2240,1.562035557608344,0.7636774818118316,0.7983580757965124,1.97476546,1.00046831,0.02476623
2241,1.5630349484353632,0.763642582315129,0.7993923661202341,1.97476904,1.00046729,0.02476368
2242,1.5640343392623823,0.7636076828184265,0.8004266564439558,1.97477303,1.00046617,0.02476080
2243,1.5650337300894015,0.763572783321724,0.8014609467676775,1.97477768,1.00046500,0.02475731
2244,1.5660331209164209,0.7635378838250214,0.8024952370913995,1.97478197,1.00046391,0.02475412
2245,1.5670325117434398,0.7635029843283189,0.803529527415121,1.97478451,1.00046299,0.02475250
2246,1.568031902570459,0.7634680848316163,0.8045638177388427,1.97478603,1.00046173,0.02475224
2247,1.5690312933974782,0.7634331853349138,0.8055981080625644,1.97478979,1.00046064,0.02474956
2248,1.570030684224497,0.7633982858382112,0.8066323983862859,1.97479446,1.00045955,0.02474599
2249,1.5710300750515165,0.7633633863415087,0.8076666887100078,1.97479808,1.00045842,0.02474350
2250,1.5720294658785356,0.7633284868448061,0.8087009790337295,1.97480256,1.00045714,0.02474030
2251,1.5730288567055548,0.7632935873481036,0.8097352693574512,1.97480409,1.00045618,0.02473972
2252,1.574028247532574,0.763258687851401,0.8107695596811729,1.97480973,1.00045503,0.02473523
2253,1.5750276383595931,0.7632237883546985,0.8118038500048946,1.97481075,1.00045399,0.02473526
2254,1.5760270291866123,0.763188888857996,0.8128381403286163,1.97481328,1.00045288,0.02473384
2255,1.5770264200136317,0.7631539893612934,0.8138724306523383,1.97481749,1.00045179,0.02473072
2256,1.5780258108406506,0.7631190898645909,0.8149067209760598,1.97481989,1.00045070,0.02472941
2257,1.5790252016676698,0.7630841903678883,0.8159410112997815,1.97482288,1.00044963,0.02472748
2258,1.580024592494689,0.7630492908711858,0.8169753016235032,1.97482748,1.00044855,0.02472396
2259,1.581023983321708,0.7630143913744832,0.8180095919472247,1.97482877,1.00044744,0.02472379
2260,1.5820233741487273,0.7629794918777807,0.8190438822709466,1.97483365,1.00044632,0.02472003
2261,1.5830227649757465,0.7629445923810781,0.8200781725946683,1.97483702,1.00044513,0.02471785
2262,1.5840221558027656,0.7629096928843756,0.82111246291839,1.97484075,1.00044410,0.02471515
2263,1.5850215466297848,0.7628747933876731,0.8221467532421117,1.97484181,1.00044300,0.02471519
2264,1.586020937456804,0.7628398938909705,0.8231810435658334,1.97484414,1.00044197,0.02471389
2265,1.5870203282838231,0.762804994394268,0.8242153338895551,1.97484893,1.00044095,0.02471012
2266,1.5880197191108425,0.7627700948975654,0.8252496242132771,1.97485150,1.00043954,0.02470896
2267,1.5890191099378614,0.7627351954008629,0.8262839145369986,1.97485583,1.00043871,0.02470546
2268,1.5900185007648806,0.7627002959041603,0.8273182048607203,1.97485726,1.00043768,0.02470506
2269,1.5910178915918998,0.7626653964074578,0.828352495184442,1.97486184,1.00043649,0.02470167
2270,1.592017282418919,0.7626304969107552,0.8293867855081637,1.97486379,1.00043553,0.02470067
2271,1.593016673245938,0.7625955974140527,0.8304210758318854,1.97486823,1.00043443,0.02469735
2272,1.5940160640729573,0.7625606979173501,0.8314553661556071,1.97487296,1.00043315,0.02469389
2273,1.5950154548999764,0.7625257984206476,0.8324896564793288,1.97487546,1.00043216,0.02469238
2274,1.5960148457269956,0.7624908989239451,0.8335239468030505,1.97487892,1.00043109,0.02468999
2275,1.5970142365540148,0.7624559994272425,0.8345582371267722,1.97488194,1.00043004,0.02468802
2276,1.598013627381034,0.76242109993054,0.835592527450494,1.97488471,1.00042885,0.02468645
2277,1.599013018208053,0.7623862004338374,0.8366268177742157,1.97488749,1.00042792,0.02468459
2278,1.6000124090350722,0.7623513009371349,0.8376611080979374,1.97488957,1.00042692,0.02468351
2279,1.6010117998620914,0.7623164014404323,0.8386953984216591,1.97489258,1.00042584,0.02468157
2280,1.6020111906891106,0.7622815019437298,0.8397296887453808,1.97489662,1.00042478,0.02467860
2281,1.6030105815161295,0.7622466024470272,0.8407639790691023,1.97490104,1.00042366,0.02467530
2282,1.604009972343149,0.7622117029503247,0.8417982693928242,1.97490203,1.00042259,0.02467538
2283,1.605009363170168,0.7621768034536222,0.8428325597165459,1.97490377,1.00042160,0.02467463
2284,1.6060087539971872,0.7621419039569196,0.8438668500402676,1.97490864,1.00042055,0.02467081
2285,1.6070081448242064,0.7621070044602171,0.8449011403639893,1.97491166,1.00041949,0.02466885
2286,1.6080075356512256,0.7620721049635145,0.845935430687711,1.97491473,1.00041843,0.02466684
2287,1.6090069264782447,0.762037205466812,0.8469697210114328,1.97491554,1.00041739,0.02466707
2288,1.610006317305264,0.7620023059701094,0.8480040113351545,1.97491922,1.00041632,0.02466446
2289,1.611005708132283,0.7619674064734069,0.8490383016588762,1.97492337,1.00041525,0.02466137
2290,1.6120050989593022,0.7619325069767043,0.8500725919825979,1.97492806,1.00041423,0.02465771
2291,1.6130044897863214,0.7618976074800018,0.8511068823063196,1.97493043,1.00041314,0.02465643
2292,1.6140038806133403,0.7618627079832992,0.8521411726300411,1.97493322,1.00041200,0.02465478
2293,1.6150032714403595,0.7618278084865967,0.8531754629537628,1.97493677,1.00041101,0.02465223
2294,1.6160026622673789,0.7617929089898942,0.8542097532774847,1.97493865,1.00040999,0.02465136
2295,1.617002053094398,0.7617580094931916,0.8552440436012064,1.97493982,1.00040903,0.02465115
2296,1.6180014439214172,0.7617231099964891,0.8562783339249281,1.97494509,1.00040787,0.02464705
2297,1.6190008347484364,0.7616882104997865,0.8573126242486498,1.97494812,1.00040689,0.02464499
2298,1.6200002255754555,0.761653311003084,0.8583469145723716,1.97494815,1.00040586,0.02464599
2299,1.6209996164024747,0.7616184115063814,0.8593812048960933,1.97495444,1.00040474,0.02464082
2300,1.621999007229494,0.7615835120096789,0.8604154952198152,1.97495390,1.00040380,0.02464230
2301,1.622998398056513,0.7615486125129763,0.8614497855435367,1.97495737,1.00040277,0.02463986
2302,1.6239977888835322,0.7615137130162738,0.8624840758672584,1.97496219,1.00040163,0.02463618
2303,1.6249971797105514,0.7614788135195713,0.8635183661909801,1.97496577,1.00040057,0.02463366
2304,1.6259965705375703,0.7614439140228687,0.8645526565147016,1.97496505,1.00039969,0.02463526
2305,1.6269959613645897,0.7614090145261662,0.8655869468384235,1.97497036,1.00039860,0.02463104
2306,1.6279953521916088,0.7613741150294636,0.8666212371621452,1.97497417,1.00039759,0.02462824
2307,1.628994743018628,0.7613392155327611,0.8676555274858669,1.97497691,1.00039658,0.02462651
2308,1.6299941338456472,0.7613043160360585,0.8686898178095886,1.97497959,1.00039550,0.02462491
2309,1.6309935246726663,0.761269416539356,0.8697241081333104,1.97498138,1.00039446,0.02462416
2310,1.6319929154996855,0.7612345170426534,0.8707583984570321,1.97498444,1.00039351,0.02462205
2311,1.632992306326705,0.7611996175459509,0.871792688780754,1.97498499,1.00039251,0.02462250
2312,1.6339916971537238,0.7611647180492483,0.8728269791044755,1.97499191,1.00039138,0.02461672
2313,1.634991087980743,0.7611298185525458,0.8738612694281972,1.97499149,1.00039042,0.02461809
2314,1.6359904788077622,0.7610949190558433,0.8748955597519189,1.97499259,1.00038943,0.02461799
2315,1.636989869634781,0.7610600195591407,0.8759298500756404,1.97499669,1.00038846,0.02461485
2316,1.6379892604618005,0.7610251200624382,0.8769641403993623,1.97499854,1.00038748,0.02461398
2317,1.6389886512888197,0.7609902205657356,0.877998430723084,1.97500422,1.00038644,0.02460934
2318,1.639988498983976,0.7609727681592984,0.8790157308246775,1.97500470,1.00038541,0.02460990
2319,1.6409878898109953,0.7609378686625958,0.8800500211483995,1.97500615,1.00038445,0.02460940
2320,1.6419877375061518,0.7609204162561586,0.8810673212499932,1.97500840,1.00038341,0.02460819
2321,1.6429875852013085,0.7609029638497213,0.8820846213515872,1.97500962,1.00038250,0.02460788
2322,1.6439869760283274,0.7608680643530188,0.8831189116753086,1.97501017,1.00038157,0.02460826
2323,1.644986823723484,0.7608506119465815,0.8841362117769024,1.97501201,1.00038053,0.02460746
2324,1.645986214550503,0.760815712449879,0.8851705021006241,1.97501419,1.00037955,0.02460626
2325,1.6469860622456596,0.7607982600434418,0.8861878022022178,1.97501890,1.00037844,0.02460266
2326,1.647985909940816,0.7607808076370045,0.8872051023038116,1.97502327,1.00037755,0.02459918
2327,1.6489853007678352,0.760745908140302,0.8882393926275333,1.97502318,1.00037660,0.02460022
2328,1.6499851484629915,0.7607284557338647,0.8892566927291268,1.97502445,1.00037553,0.02460002
2329,1.6509845392900109,0.7606935562371622,0.8902909830528487,1.97502630,1.00037464,0.02459906
2330,1.6519843869851674,0.7606761038307249,0.8913082831544424,1.97502524,1.00037375,0.02460101
2331,1.6529842346803238,0.7606586514242877,0.8923255832560362,1.97502542,1.00037283,0.02460176
2332,1.653983625507343,0.7606237519275851,0.8933598735797579,1.97502883,1.00037177,0.02459940
2333,1.6549834732024995,0.7606062995211479,0.8943771736813516,1.97503111,1.00037078,0.02459811
2334,1.655983320897656,0.7605888471147106,0.8953944737829453,1.97503133,1.00036984,0.02459884
2335,1.6569827117246752,0.7605539476180081,0.896428764106667,1.97503558,1.00036889,0.02459553
2336,1.6579825594198316,0.7605364952115709,0.8974460642082608,1.97503607,1.00036793,0.02459600
2337,1.658982407114988,0.7605190428051336,0.8984633643098543,1.97503836,1.00036702,0.02459462
2338,1.6599817979420073,0.7604841433084311,0.8994976546335762,1.97503952,1.00036600,0.02459448
2339,1.6609816456371638,0.7604666909019938,0.90051495473517,1.97504161,1.00036505,0.02459335
2340,1.6619814933323205,0.7604492384955566,0.9015322548367639,1.97504381,1.00036415,0.02459204
2341,1.6629808841593394,0.760414338998854,0.9025665451604854,1.97504345,1.00036320,0.02459335
2342,1.663980731854496,0.7603968865924168,0.9035838452620791,1.97504617,1.00036223,0.02459160
2343,1.6649805795496524,0.7603794341859795,0.9046011453636729,1.97504765,1.00036125,0.02459110
2344,1.6659799703766716,0.760344534689277,0.9056354356873946,1.97504960,1.00036038,0.02459002
2345,1.666979818071828,0.7603270822828397,0.9066527357889883,1.97505069,1.00035938,0.02458993
2346,1.6679796657669843,0.7603096298764025,0.9076700358905818,1.97505363,1.00035846,0.02458792
2347,1.6689790565940037,0.7602747303797,0.9087043262143037,1.97505736,1.00035744,0.02458520
2348,1.6699789042891602,0.7602572779732627,0.9097216263158975,1.97505571,1.00035664,0.02458765
2349,1.670978751984317,0.7602398255668255,0.9107389264174914,1.97505720,1.00035561,0.02458719
2350,1.6719785996794732,0.7602223731603882,0.911756226519085,1.97506011,1.00035453,0.02458536
2351,1.6729779905064923,0.7601874736636857,0.9127905168428067,1.97506195,1.00035372,0.02458433
2352,1.6739778382016488,0.7601700212572484,0.9138078169444004,1.97506307,1.00035277,0.02458416
2353,1.6749776858968053,0.7601525688508112,0.9148251170459941,1.97506199,1.00035192,0.02458609
2354,1.6759775335919618,0.7601351164443739,0.9158424171475879,1.97506311,1.00035101,0.02458589
2355,1.676976924418981,0.7601002169476714,0.9168767074713096,1.97506695,1.00035007,0.02458298
2356,1.6779767721141374,0.7600827645412341,0.9178940075729033,1.97506900,1.00034908,0.02458191
2357,1.678976619809294,0.7600653121347969,0.918911307674497,1.97506905,1.00034822,0.02458272
2358,1.6799764675044504,0.7600478597283596,0.9199286077760908,1.97507018,1.00034728,0.02458254
2359,1.6809763151996069,0.7600304073219224,0.9209459078776845,1.97507139,1.00034640,0.02458221
2360,1.681975706026626,0.7599955078252199,0.9219801982014062,1.97507620,1.00034538,0.02457842
2361,1.6829755537217823,0.7599780554187826,0.9229974983029997,1.97507551,1.00034453,0.02457996
2362,1.683975401416939,0.7599606030123454,0.9240147984045937,1.97507899,1.00034351,0.02457750
2363,1.6849752491120955,0.7599431506059081,0.9250320985061874,1.97508239,1.00034251,0.02457509
2364,1.685975096807252,0.7599256981994709,0.9260493986077811,1.97508065,1.00034178,0.02457757
2365,1.6869744876342712,0.7598907987027683,0.9270836889315028,1.97508145,1.00034083,0.02457772
2366,1.6879743353294276,0.7598733462963311,0.9281009890330966,1.97508248,1.00033998,0.02457753
2367,1.688974183024584,0.7598558938898938,0.9291182891346901,1.97508271,1.00033909,0.02457820
2368,1.6899740307197406,0.7598384414834566,0.930135589236284,1.97508423,1.00033819,0.02457758
2369,1.690973878414897,0.7598209890770193,0.9311528893378778,1.97508683,1.00033728,0.02457589
2370,1.6919737261100536,0.7598035366705821,0.9321701894394715,1.97508659,1.00033650,0.02457692
2371,1.6929731169370728,0.7597686371738795,0.9332044797631932,1.97509113,1.00033546,0.02457341
2372,1.6939729646322292,0.7597511847674423,0.9342217798647869,1.97509778,1.00033437,0.02456785
2373,1.6949728123273855,0.759733732361005,0.9352390799663804,1.97509262,1.00033365,0.02457374
2374,1.6959726600225422,0.7597162799545678,0.9362563800679744,1.97509355,1.00033277,0.02457368
2375,1.6969725077176987,0.7596988275481306,0.9372736801695681,1.97509419,1.00033183,0.02457398
2376,1.6979723554128552,0.7596813751416933,0.9382909802711619,1.97509655,1.00033101,0.02457244
2377,1.6989722031080117,0.7596639227352561,0.9393082803727556,1.97509666,1.00033018,0.02457315
2378,1.6999715939350308,0.7596290232385535,0.9403425706964773,1.97509890,1.00032928,0.02457182
2379,1.700971441630187,0.7596115708321163,0.9413598707980708,1.97509981,1.00032843,0.02457176
2380,1.7019712893253438,0.759594118425679,0.9423771708996648,1.97510060,1.00032749,0.02457190
2381,1.7029711370205003,0.7595766660192418,0.9433944710012585,1.97510247,1.00032664,0.02457089
2382,1.7039709847156568,0.7595592136128045,0.9444117711028522,1.97510182,1.00032574,0.02457244
2383,1.7049708324108133,0.7595417612063673,0.945429071204446,1.97510363,1.00032481,0.02457156
2384,1.7059706801059698,0.75952430879993,0.9464463713060397,1.97510640,1.00032395,0.02456965
2385,1.7069705278011262,0.7595068563934928,0.9474636714076334,1.97510843,1.00032301,0.02456856
2386,1.7079703754962827,0.7594894039870556,0.9484809715092272,1.97510859,1.00032217,0.02456924
2387,1.7089702231914392,0.7594719515806183,0.9494982716108209,1.97510773,1.00032142,0.02457085
2388,1.7099700708865957,0.7594544991741811,0.9505155717124146,1.97510743,1.00032049,0.02457209
2389,1.7109694617136149,0.7594195996774785,0.9515498620361363,1.97511294,1.00031968,0.02456738
2390,1.7119693094087711,0.7594021472710413,0.9525671621377299,1.97511108,1.00031873,0.02457019
2391,1.7129691571039278,0.759384694864604,0.9535844622393238,1.97511365,1.00031791,0.02456845
2392,1.7139690047990843,0.7593672424581668,0.9546017623409175,1.97511375,1.00031706,0.02456919
2393,1.7149688524942408,0.7593497900517295,0.9556190624425113,1.97511584,1.00031626,0.02456790
2394,1.7159687001893973,0.7593323376452923,0.956636362544105,1.97511692,1.00031537,0.02456771
2395,1.7169685478845538,0.759314885238855,0.9576536626456987,1.97511652,1.00031456,0.02456892
2396,1.7179683955797105,0.7592974328324178,0.9586709627472927,1.97512006,1.00031356,0.02456638
2397,1.7189682432748667,0.7592799804259805,0.9596882628488862,1.97512122,1.00031279,0.02456599
2398,1.7199680909700232,0.7592625280195433,0.9607055629504799,1.97511749,1.00031206,0.02457045
2399,1.7209679386651795,0.7592450756131061,0.9617228630520734,1.97512016,1.00031107,0.02456877
2400,1.7219677863603362,0.7592276232066688,0.9627401631536674,1.97512206,1.00031036,0.02456758
2401,1.7229676340554927,0.7592101708002316,0.9637574632552611,1.97511999,1.00030949,0.02457052
2402,1.7239674817506492,0.7591927183937943,0.9647747633568549,1.97512306,1.00030861,0.02456832
2403,1.7249673294458057,0.7591752659873571,0.9657920634584486,1.97512358,1.00030777,0.02456865
2404,1.725967177140962,0.7591578135809198,0.9668093635600421,1.97512608,1.00030698,0.02456694
2405,1.7269670248361186,0.7591403611744826,0.967826663661636,1.97512621,1.00030616,0.02456763
2406,1.7279668725312751,0.7591229087680453,0.9688439637632298,1.97512976,1.00030527,0.02456497
2407,1.7289667202264316,0.7591054563616081,0.9698612638648235,1.97512797,1.00030448,0.02456756
2408,1.729966567921588,0.7590880039551708,0.9708785639664173,1.97512963,1.00030361,0.02456676
2409,1.7309664156167446,0.7590705515487336,0.971895864068011,1.97512820,1.00030268,0.02456912
2410,1.731966263311901,0.7590530991422964,0.9729131641696047,1.97512978,1.00030195,0.02456827
2411,1.733965958702214,0.7590181943294219,0.9749477643727922,1.97513528,1.00030028,0.02456444
2412,1.7349658063973703,0.7590007419229846,0.9759650644743857,1.97513545,1.00029950,0.02456505
2413,1.735965654092527,0.7589832895165474,0.9769823645759796,1.97513549,1.00029865,0.02456586
2414,1.7369655017876835,0.7589658371101101,0.9779996646775734,1.97513716,1.00029785,0.02456500
2415,1.73796534948284,0.7589483847036729,0.9790169647791671,1.97513701,1.00029701,0.02456599
2416,1.7389651971779965,0.7589309322972356,0.9800342648807608,1.97513844,1.00029620,0.02456536
2417,1.739965044873153,0.7589134798907984,0.9810515649823546,1.97514041,1.00029535,0.02456424
2418,1.7409648925683094,0.7588960274843611,0.9820688650839483,1.97514253,1.00029453,0.02456294
2419,1.741964740263466,0.7588785750779239,0.983086165185542,1.97514079,1.00029379,0.02456542
2420,1.7429645879586224,0.7588611226714866,0.9841034652871358,1.97514159,1.00029297,0.02456544
2421,1.743964435653779,0.7588436702650494,0.9851207653887295,1.97514411,1.00029221,0.02456368
2422,1.7449642833489354,0.7588262178586122,0.9861380654903232,1.97514111,1.00029134,0.02456756
2423,1.745964131044092,0.7588087654521749,0.9871553655919172,1.97514527,1.00029057,0.02456416
2424,1.7469639787392484,0.7587913130457377,0.9881726656935107,1.97514549,1.00028977,0.02456474
2425,1.7479638264344048,0.7587738606393004,0.9891899657951044,1.97514713,1.00028900,0.02456387
2426,1.748963674129561,0.7587564082328632,0.9902072658966979,1.97514766,1.00028817,0.02456417
2427,1.7499635218247178,0.7587389558264259,0.9912245659982919,1.97514862,1.00028726,0.02456412
2428,1.7509633695198743,0.7587215034199887,0.9922418660998856,1.97514766,1.00028661,0.02456573
2429,1.7519632172150308,0.7587040510135514,0.9932591662014794,1.97514969,1.00028587,0.02456444
2430,1.7529630649101873,0.7586865986071142,0.9942764663030731,1.97515241,1.00028502,0.02456257
2431,1.7539629126053438,0.7586691462006769,0.9952937664046668,1.97515383,1.00028423,0.02456194
2432,1.7549627603005002,0.7586516937942397,0.9963110665062606,1.97515242,1.00028342,0.02456416
2433,1.7559626079956567,0.7586342413878024,0.9973283666078543,1.97515346,1.00028264,0.02456390
2434,1.7569624556908132,0.7586167889813652,0.998345666709448,1.97515433,1.00028186,0.02456381
2435,1.7579623033859697,0.758599336574928,0.9993629668110418,1.97515515,1.00028108,0.02456377
2436,1.7589621510811262,0.7585818841684907,1.0003802669126354,1.97515641,1.00028035,0.02456324
2437,1.759961998776283,0.7585644317620535,1.0013975670142294,1.97515708,1.00027957,0.02456334
2438,1.7609618464714392,0.7585469793556162,1.002414867115823,1.97515868,1.00027874,0.02456258
2439,1.7619616941665956,0.758529526949179,1.0034321672174167,1.97516001,1.00027803,0.02456195
2440,1.762961541861752,0.7585120745427417,1.0044494673190103,1.97515701,1.00027723,0.02456577
2441,1.7639613895569086,0.7584946221363045,1.0054667674206041,1.97515919,1.00027642,0.02456438
2442,1.764961237252065,0.7584771697298672,1.006484067522198,1.97515919,1.00027567,0.02456514
2443,1.7659610849472216,0.75845971732343,1.0075013676237916,1.97516152,1.00027492,0.02456356
2444,1.766960932642378,0.7584422649169927,1.0085186677253852,1.97516440,1.00027422,0.02456137
2445,1.7679607803375346,0.7584248125105555,1.009535967826979,1.97516426,1.00027336,0.02456238
2446,1.768960628032691,0.7584073601041182,1.010553267928573,1.97516579,1.00027269,0.02456153
2447,1.7699604757278475,0.758389907697681,1.0115705680301665,1.97516301,1.00027195,0.02456504
2448,1.770960323423004,0.7583724552912438,1.0125878681317602,1.97516502,1.00027111,0.02456387
2449,1.7719601711181605,0.7583550028848065,1.013605168233354,1.97516548,1.00027036,0.02456416
2450,1.772960018813317,0.7583375504783693,1.0146224683349478,1.97516625,1.00026960,0.02456415
2451,1.7739598665084737,0.758320098071932,1.0156397684365417,1.97516818,1.00026887,0.02456295
2452,1.77495971420363,0.7583026456654948,1.016657068538135,1.97516715,1.00026811,0.02456474
2453,1.7759595618987865,0.7582851932590575,1.017674368639729,1.97516971,1.00026744,0.02456286
2454,1.776959409593943,0.7582677408526203,1.0186916687413228,1.97517142,1.00026662,0.02456195
2455,1.7779592572890994,0.758250288446183,1.0197089688429164,1.97517114,1.00026585,0.02456301
2456,1.778959104984256,0.7582328360397458,1.02072626894451,1.97517050,1.00026505,0.02456445
2457,1.7799589526794124,0.7582153836333085,1.0217435690461039,1.97517240,1.00026431,0.02456329
2458,1.7809588003745689,0.7581979312268713,1.0227608691476977,1.97517240,1.00026359,0.02456401
2459,1.7819586480697254,0.758180478820434,1.0237781692492913,1.97517315,1.00026285,0.02456400
2460,1.782958495764882,0.7581630264139968,1.0247954693508854,1.97517472,1.00026210,0.02456318
2461,1.7839583434600383,0.7581455740075596,1.0258127694524788,1.97517465,1.00026145,0.02456391
2462,1.7849581911551948,0.7581281216011223,1.0268300695540726,1.97517556,1.00026075,0.02456369
2463,1.785958038850351,0.7581106691946851,1.027847369655666,1.97517685,1.00025992,0.02456322
2464,1.7869578865455078,0.7580932167882478,1.0288646697572599,1.97517824,1.00025924,0.02456252
2465,1.7879577342406645,0.7580757643818106,1.029881969858854,1.97517701,1.00025865,0.02456433
2466,1.7889575819358208,0.7580583119753733,1.0308992699604476,1.97517797,1.00025777,0.02456426
2467,1.7899574296309773,0.7580408595689361,1.0319165700620412,1.97517837,1.00025703,0.02456460
2468,1.7909572773261335,0.7580234071624988,1.0329338701636348,1.97517679,1.00025642,0.02456679
2469,1.7919571250212902,0.7580059547560616,1.0339511702652286,1.97517866,1.00025577,0.02456557
2470,1.7929569727164467,0.7579885023496243,1.0349684703668225,1.97518053,1.00025501,0.02456447
2471,1.7939568204116032,0.7579710499431871,1.0359857704684161,1.97518173,1.00025412,0.02456415
2472,1.7949566681067597,0.7579535975367498,1.0370030705700097,1.97518162,1.00025344,0.02456494
2473,1.7959565158019162,0.7579361451303126,1.0380203706716036,1.97518388,1.00025277,0.02456335
2474,1.7969563634970729,0.7579186927238754,1.0390376707731974,1.97518520,1.00025199,0.02456280
2475,1.7979562111922291,0.7579012403174381,1.040054970874791,1.97518680,1.00025133,0.02456187
2476,1.7989560588873856,0.7578837879110009,1.0410722709763847,1.97518634,1.00025055,0.02456311
2477,1.799955906582542,0.7578663355045636,1.0420895710779783,1.97518653,1.00024993,0.02456355
2478,1.8009557542776986,0.7578488830981264,1.0431068711795723,1.97518672,1.00024913,0.02456415
2479,1.801955601972855,0.7578314306916891,1.044124171281166,1.97518712,1.00024845,0.02456444
2480,1.802955449668012,0.7578139782852519,1.04514147138276,1.97519028,1.00024780,0.02456192
2481,1.803955297363168,0.7577965258788146,1.0461587714843534,1.97518839,1.00024705,0.02456456
2482,1.804955297363168,0.7577965258788146,1.0471587714843533,1.97518944,1.00024639,0.02456417
2483,1.8059551450583244,0.7577790734723774,1.0481760715859472,1.97518935,1.00024571,0.02456495
2484,1.806954992753481,0.7577616210659401,1.0491933716875408,1.97518978,1.00024498,0.02456524
2485,1.8079549927534808,0.7577616210659401,1.0501933716875407,1.97519030,1.00024428,0.02456542
2486,1.8089548404486373,0.7577441686595029,1.0512106717891343,1.97519060,1.00024359,0.02456581
2487,1.8099546881437936,0.7577267162530656,1.052227971890728,1.97519055,1.00024291,0.02456654
2488,1.8109546881437937,0.7577267162530656,1.053227971890728,1.97519205,1.00024224,0.02456571
2489,1.8119545358389504,0.7577092638466284,1.0542452719923219,1.97519130,1.00024151,0.02456719
2490,1.8129543835341069,0.7576918114401912,1.0552625720939157,1.97519129,1.00024085,0.02456786
2491,1.8139543835341063,0.7576918114401912,1.0562625720939152,1.97519056,1.00024016,0.02456927
2492,1.814954231229263,0.7576743590337539,1.057279872195509,1.97519156,1.00023950,0.02456894
2493,1.8159540789244195,0.7576569066273167,1.0582971722971029,1.97519221,1.00023879,0.02456900
2494,1.81695407892442,0.7576569066273167,1.0592971722971034,1.97519151,1.00023819,0.02457030
2495,1.817953926619576,0.7576394542208794,1.0603144723986966,1.97519153,1.00023747,0.02457100
2496,1.8189537743147324,0.7576220018144422,1.0613317725002902,1.97519291,1.00023686,0.02457022
2497,1.8199537743147325,0.7576220018144422,1.0623317725002903,1.97519234,1.00023627,0.02457139
2498,1.8209536220098888,0.7576045494080049,1.0633490726018837,1.97519306,1.00023554,0.02457140
2499,1.8219536220098889,0.7576045494080049,1.064349072601884,1.97519212,1.00023485,0.02457303
2500,1.822953469705045,0.7575870970015677,1.0653663727034772,1.97519357,1.00023413,0.02457230
2501,1.8239533174002016,0.7575696445951304,1.0663836728050713,1.97519328,1.00023346,0.02457327
2502,1.8249533174002013,0.7575696445951304,1.0673836728050707,1.97519245,1.00023281,0.02457474
2503,1.825953165095358,0.7575521921886932,1.0684009729066648,1.97519307,1.00023214,0.02457479
2504,1.8269530127905145,0.7575347397822559,1.0694182730082584,1.97519369,1.00023147,0.02457483
2505,1.8279530127905144,0.7575347397822559,1.0704182730082583,1.97519172,1.00023082,0.02457746
2506,1.8289528604856709,0.7575172873758187,1.0714355731098522,1.97519445,1.00023013,0.02457543
2507,1.8299528604856707,0.7575172873758187,1.072435573109852,1.97519372,1.00022948,0.02457680
2508,1.8309527081808272,0.7574998349693814,1.073452873211446,1.97519435,1.00022882,0.02457683
2509,1.831952555875984,0.7574823825629442,1.0744701733130397,1.97519503,1.00022817,0.02457680
2510,1.832952555875984,0.7574823825629442,1.0754701733130398,1.97519452,1.00022754,0.02457794
2511,1.83395240357114,0.757464930156507,1.076487473414633,1.97519554,1.00022689,0.02457758
2512,1.8349522512662968,0.7574474777500697,1.077504773516227,1.97519674,1.00022622,0.02457704
2513,1.8359522512662965,0.7574474777500697,1.0785047735162268,1.97519538,1.00022565,0.02457897
2514,1.836952098961453,0.7574300253436325,1.0795220736178206,1.97519591,1.00022499,0.02457910
2515,1.8379520989614528,0.7574300253436325,1.0805220736178205,1.97519521,1.00022435,0.02458043
2516,1.838951946656609,0.7574125729371952,1.0815393737194139,1.97519726,1.00022368,0.02457906
2517,1.8399519466566088,0.7574125729371952,1.0825393737194136,1.97519631,1.00022304,0.02458064
2518,1.8409517943517657,0.757395120530758,1.0835566738210076,1.97519668,1.00022239,0.02458093
2519,1.8419516420469224,0.7573776681243207,1.0845739739226017,1.97519497,1.00022183,0.02458320
2520,1.842951642046922,0.7573776681243207,1.0855739739226014,1.97519435,1.00022118,0.02458447
2521,1.8439514897420783,0.7573602157178835,1.0865912740241948,1.97519504,1.00022052,0.02458443
2522,1.8449514897420785,0.7573602157178835,1.087591274024195,1.97519439,1.00021989,0.02458573
2523,1.845951337437235,0.7573427633114462,1.0886085741257887,1.97519535,1.00021924,0.02458541
2524,1.8469513374372348,0.7573427633114462,1.0896085741257886,1.97519452,1.00021863,0.02458686
2525,1.8479511851323915,0.757325310905009,1.0906258742273827,1.97519502,1.00021800,0.02458698
2526,1.848951032827548,0.7573078584985717,1.0916431743289763,1.97519551,1.00021738,0.02458711
2527,1.849951032827548,0.7573078584985717,1.0926431743289762,1.97519461,1.00021679,0.02458860
2528,1.850950880522704,0.7572904060921345,1.0936604744305694,1.97519584,1.00021617,0.02458799
2529,1.851950880522704,0.7572904060921345,1.0946604744305697,1.97519451,1.00021559,0.02458990
2530,1.8529507282178608,0.7572729536856972,1.0956777745321635,1.97519429,1.00021501,0.02459070
2531,1.8539507282178604,0.7572729536856972,1.0966777745321632,1.97519481,1.00021435,0.02459085
2532,1.854950575913017,0.75725550127926,1.0976950746337568,1.97519528,1.00021375,0.02459098
2533,1.8559504236081728,0.7572380488728228,1.09871237473535,1.97519591,1.00021299,0.02459110
2534,1.8569504236081733,0.7572380488728228,1.0997123747353506,1.97519406,1.00021243,0.02459352
2535,1.8579502713033296,0.7572205964663855,1.100729674836944,1.97519475,1.00021186,0.02459339
2536,1.8589502713033297,0.7572205964663855,1.1017296748369443,1.97519420,1.00021130,0.02459450
2537,1.8599501189984864,0.7572031440599483,1.1027469749385381,1.97519494,1.00021068,0.02459438
2538,1.860950118998486,0.7572031440599483,1.1037469749385378,1.97519677,1.00021003,0.02459320
2539,1.8619499666936423,0.757185691653511,1.1047642750401314,1.97519527,1.00020938,0.02459536
2540,1.8629499666936424,0.757185691653511,1.1057642750401313,1.97519526,1.00020880,0.02459594
2541,1.863949814388799,0.7571682392470738,1.1067815751417251,1.97519576,1.00020819,0.02459605
2542,1.8649498143887988,0.7571682392470738,1.107781575141725,1.97519624,1.00020762,0.02459614
2543,1.8659496620839555,0.7571507868406365,1.1087988752433189,1.97519649,1.00020700,0.02459651
2544,1.8669496620839552,0.7571507868406365,1.1097988752433188,1.97519466,1.00020640,0.02459894
2545,1.867949509779112,0.7571333344341993,1.1108161753449126,1.97519554,1.00020579,0.02459867
2546,1.868949509779112,0.7571333344341993,1.1118161753449127,1.97519385,1.00020534,0.02460082
2547,1.869949357474268,0.757115882027762,1.112833475446506,1.97519450,1.00020475,0.02460075
2548,1.870949357474268,0.757115882027762,1.1138334754465058,1.97519382,1.00020415,0.02460203
2549,1.8719492051694244,0.7570984296213248,1.1148507755480996,1.97519498,1.00020343,0.02460159
2550,1.8729492051694243,0.7570984296213248,1.1158507755480995,1.97519401,1.00020293,0.02460306
2551,1.8739490528645808,0.7570809772148875,1.1168680756496934,1.97519475,1.00020232,0.02460293
2552,1.8749490528645807,0.7570809772148875,1.1178680756496933,1.97519488,1.00020169,0.02460343
2553,1.8759489005597367,0.7570635248084503,1.1188853757512864,1.97519493,1.00020114,0.02460394
2554,1.8769487482548937,0.757046072402013,1.1199026758528805,1.97519607,1.00020051,0.02460342
2555,1.8779487482548936,0.757046072402013,1.1209026758528804,1.97519487,1.00019993,0.02460520
2556,1.87894859595005,0.7570286199955758,1.1219199759544742,1.97519584,1.00019939,0.02460477
2557,1.87994859595005,0.7570286199955758,1.1229199759544741,1.97519475,1.00019880,0.02460645
2558,1.8809485959500496,0.7570286199955758,1.1239199759544738,1.97519340,1.00019823,0.02460837
2559,1.8819484436452063,0.7570111675891386,1.1249372760560679,1.97519334,1.00019768,0.02460898
2560,1.8829484436452064,0.7570111675891386,1.1259372760560677,1.97519385,1.00019709,0.02460905
2561,1.883948291340363,0.7569937151827013,1.1269545761576616,1.97519338,1.00019649,0.02461013
2562,1.8849482913403623,0.7569937151827013,1.127954576157661,1.97519369,1.00019600,0.02461031
2563,1.885948139035519,0.7569762627762641,1.1289718762592549,1.97519418,1.00019543,0.02461039
2564,1.886948139035519,0.7569762627762641,1.1299718762592548,1.97519225,1.00019492,0.02461283
2565,1.887947986730676,0.7569588103698268,1.1309891763608493,1.97519421,1.00019421,0.02461158
2566,1.8889479867306755,0.7569588103698268,1.1319891763608487,1.97519224,1.00019366,0.02461411
2567,1.889947834425832,0.7569413579633896,1.1330064764624423,1.97519323,1.00019307,0.02461370
2568,1.890947834425832,0.7569413579633896,1.1340064764624422,1.97519285,1.00019256,0.02461458
2569,1.891947682120988,0.7569239055569523,1.1350237765640356,1.97519437,1.00019197,0.02461366
2570,1.892947682120988,0.7569239055569523,1.1360237765640357,1.97519374,1.00019142,0.02461484
2571,1.8939475298161448,0.7569064531505151,1.1370410766656298,1.97519447,1.00019085,0.02461467
2572,1.8949475298161444,0.7569064531505151,1.1380410766656293,1.97519322,1.00019028,0.02461650
2573,1.895947377511301,0.7568890007440778,1.139058376767223,1.97519474,1.00018970,0.02461556
2574,1.8969473775113008,0.7568890007440778,1.140058376767223,1.97519190,1.00018919,0.02461891
2575,1.897947225206457,0.7568715483376406,1.1410756768688164,1.97519351,1.00018862,0.02461787
2576,1.8989472252064568,0.7568715483376406,1.1420756768688163,1.97519266,1.00018809,0.02461924
2577,1.899947225206457,0.7568715483376406,1.1430756768688166,1.97519134,1.00018754,0.02462112
2578,1.9009470729016136,0.7568540959312033,1.1440929769704102,1.97519168,1.00018699,0.02462133
2579,1.9019470729016128,0.7568540959312033,1.1450929769704095,1.97519112,1.00018646,0.02462242
2580,1.90294692059677,0.7568366435247661,1.1461102770720037,1.97519248,1.00018590,0.02462162
2581,1.9039469205967696,0.7568366435247661,1.1471102770720036,1.97519164,1.00018533,0.02462303
2582,1.9049467682919263,0.7568191911183288,1.1481275771735975,1.97519328,1.00018485,0.02462187
2583,1.9059467682919264,0.7568191911183288,1.1491275771735976,1.97519119,1.00018428,0.02462453
2584,1.9069466159870827,0.7568017387118916,1.1501448772751912,1.97519291,1.00018376,0.02462333
2585,1.9079466159870824,0.7568017387118916,1.1511448772751907,1.97519272,1.00018319,0.02462409
2586,1.9089466159870825,0.7568017387118916,1.152144877275191,1.97518985,1.00018267,0.02462748
2587,1.909946463682239,0.7567842863054544,1.1531621773767846,1.97519067,1.00018217,0.02462716
2588,1.9109464636822389,0.7567842863054544,1.1541621773767845,1.97518990,1.00018164,0.02462846
2589,1.911946311377396,0.7567668338990171,1.155179477478379,1.97519057,1.00018110,0.02462833
2590,1.9129463113773952,0.7567668338990171,1.156179477478378,1.97519028,1.00018056,0.02462916
2591,1.913946159072552,0.7567493814925799,1.157196777579972,1.97519091,1.00018002,0.02462908
2592,1.914946159072552,0.7567493814925799,1.1581967775799722,1.97519022,1.00017950,0.02463029
2593,1.9159461590725515,0.7567493814925799,1.1591967775799716,1.97518932,1.00017894,0.02463174
2594,1.916946006767708,0.7567319290861426,1.1602140776815655,1.97518997,1.00017839,0.02463164
2595,1.917946006767708,0.7567319290861426,1.1612140776815654,1.97518908,1.00017788,0.02463303
2596,1.9189458544628644,0.7567144766797054,1.162231377783159,1.97518960,1.00017735,0.02463305
2597,1.9199458544628645,0.7567144766797054,1.163231377783159,1.97518911,1.00017687,0.02463402
2598,1.9209457021580207,0.7566970242732681,1.1642486778847525,1.97519072,1.00017634,0.02463294
2599,1.9219457021580209,0.7566970242732681,1.1652486778847528,1.97518857,1.00017584,0.02463559
2600,1.9229457021580203,0.7566970242732681,1.1662486778847523,1.97518889,1.00017533,0.02463578
2601,1.923945549853177,0.7566795718668309,1.1672659779863461,1.97519024,1.00017483,0.02463493
2602,1.924945549853177,0.7566795718668309,1.168265977986346,1.97518912,1.00017426,0.02463662
2603,1.9259453975483327,0.7566621194603936,1.169283278087939,1.97518798,1.00017375,0.02463827
2604,1.9269453975483333,0.7566621194603936,1.1702832780879397,1.97518890,1.00017327,0.02463783
2605,1.9279453975483327,0.7566621194603936,1.1712832780879392,1.97518645,1.00017276,0.02464080
2606,1.9289452452434896,0.7566446670539564,1.1723005781895333,1.97518837,1.00017225,0.02463938
2607,1.929945245243489,0.7566446670539564,1.1733005781895327,1.97518773,1.00017173,0.02464054
2608,1.930945092938646,0.7566272146475191,1.1743178782911268,1.97518814,1.00017122,0.02464064
2609,1.931945092938646,0.7566272146475191,1.1753178782911267,1.97518713,1.00017073,0.02464214
2610,1.9329450929386456,0.7566272146475191,1.1763178782911266,1.97518645,1.00017023,0.02464332
2611,1.9339449406338023,0.7566097622410819,1.1773351783927204,1.97518716,1.00016972,0.02464313
2612,1.9349449406338024,0.7566097622410819,1.1783351783927205,1.97518646,1.00016922,0.02464431
2613,1.9359447883289589,0.7565923098346446,1.1793524784943141,1.97518699,1.00016872,0.02464429
2614,1.9369447883289583,0.7565923098346446,1.1803524784943136,1.97518605,1.00016823,0.02464573
2615,1.9379447883289584,0.7565923098346446,1.181352478494314,1.97518427,1.00016773,0.02464800
2616,1.938944636024115,0.7565748574282074,1.1823697785959075,1.97518513,1.00016723,0.02464765
2617,1.9399446360241148,0.7565748574282074,1.1833697785959074,1.97518450,1.00016674,0.02464876
2618,1.9409446360241147,0.7565748574282074,1.1843697785959073,1.97518480,1.00016624,0.02464897
2619,1.9419444837192712,0.7565574050217702,1.185387078697501,1.97518539,1.00016574,0.02464887
2620,1.942944483719271,0.7565574050217702,1.1863870786975008,1.97518463,1.00016525,0.02465012
2621,1.943944331414428,0.7565399526153329,1.187404378799095,1.97518412,1.00016478,0.02465110
2622,1.944944331414428,0.7565399526153329,1.188404378799095,1.97518325,1.00016430,0.02465246
2623,1.945944331414428,0.7565399526153329,1.189404378799095,1.97518235,1.00016381,0.02465384
2624,1.946944179109584,0.7565225002088957,1.1904216789006883,1.97518277,1.00016332,0.02465391
2625,1.947944179109584,0.7565225002088957,1.1914216789006882,1.97518180,1.00016285,0.02465535
2626,1.948944179109584,0.7565225002088957,1.1924216789006885,1.97518079,1.00016238,0.02465683
2627,1.94994402680474,0.7565050478024584,1.1934389790022817,1.97518110,1.00016190,0.02465700
2628,1.95094402680474,0.7565050478024584,1.1944389790022816,1.97518005,1.00016143,0.02465852
2629,1.9519438744998965,0.7564875953960212,1.1954562791038752,1.97518294,1.00016091,0.02465615
2630,1.9529438744998964,0.7564875953960212,1.196456279103875,1.97518222,1.00016043,0.02465734
2631,1.9539438744998965,0.7564875953960212,1.1974562791038754,1.97518150,1.00015996,0.02465854
2632,1.9549437221950527,0.7564701429895839,1.1984735792054688,1.97518011,1.00015952,0.02466037
2633,1.9559437221950529,0.7564701429895839,1.199473579205469,1.97517973,1.00015905,0.02466122
2634,1.9569437221950523,0.7564701429895839,1.2004735792054684,1.97517928,1.00015859,0.02466213
2635,1.957943569890209,0.7564526905831467,1.2014908793070624,1.97518009,1.00015811,0.02466180
2636,1.958943569890209,0.7564526905831467,1.2024908793070623,1.97517873,1.00015766,0.02466361
2637,1.9599435698902088,0.7564526905831467,1.2034908793070622,1.97517796,1.00015719,0.02466486
2638,1.9609434175853653,0.7564352381767094,1.2045081794086558,1.97517846,1.00015671,0.02466483
2639,1.9619434175853647,0.7564352381767094,1.2055081794086553,1.97517758,1.00015624,0.02466617
2640,1.962943417585365,0.7564352381767094,1.2065081794086556,1.97517743,1.00015577,0.02466679
2641,1.963943265280521,0.7564177857702722,1.2075254795102488,1.97517779,1.00015531,0.02466690
2642,1.9649432652805208,0.7564177857702722,1.2085254795102487,1.97517782,1.00015480,0.02466739
2643,1.965943265280521,0.7564177857702722,1.209525479510249,1.97517740,1.00015433,0.02466827
2644,1.9669431129756776,0.7564003333638349,1.2105427796118426,1.97517764,1.00015388,0.02466847
2645,1.9679431129756777,0.7564003333638349,1.2115427796118428,1.97517622,1.00015341,0.02467036
2646,1.9689431129756776,0.7564003333638349,1.2125427796118426,1.97517625,1.00015305,0.02467070
2647,1.969942960670834,0.7563828809573977,1.2135600797134365,1.97517733,1.00015257,0.02467009
2648,1.970942960670834,0.7563828809573977,1.2145600797134364,1.97517657,1.00015211,0.02467132
2649,1.9719429606708336,0.7563828809573977,1.2155600797134358,1.97517554,1.00015165,0.02467282
2650,1.9729428083659903,0.7563654285509605,1.21657737981503,1.97517586,1.00015117,0.02467297
2651,1.9739428083659905,0.7563654285509605,1.21757737981503,1.97517617,1.00015070,0.02467313
2652,1.97494280836599,0.7563654285509605,1.2185773798150294,1.97517572,1.00015024,0.02467403
2653,1.9759426560611464,0.7563479761445232,1.2195946799166233,1.97517415,1.00014979,0.02467606
2654,1.9769426560611465,0.7563479761445232,1.2205946799166232,1.97517339,1.00014934,0.02467727
2655,1.9779426560611464,0.7563479761445232,1.221594679916623,1.97517266,1.00014889,0.02467845
2656,1.9789425037563029,0.756330523738086,1.222611980018217,1.97517336,1.00014851,0.02467813
2657,1.9799425037563028,0.756330523738086,1.2236119800182168,1.97517257,1.00014807,0.02467936
2658,1.9809425037563029,0.756330523738086,1.224611980018217,1.97517179,1.00014763,0.02468058
2659,1.9819423514514591,0.7563130713316487,1.2256292801198105,1.97517238,1.00014718,0.02468044
2660,1.982942351451459,0.7563130713316487,1.2266292801198104,1.97517165,1.00014674,0.02468161
2661,1.983942351451459,0.7563130713316487,1.2276292801198103,1.97517094,1.00014631,0.02468275
2662,1.984942199146616,0.7562956189252115,1.2286465802214046,1.97517160,1.00014586,0.02468254
2663,1.9859421991466155,0.7562956189252115,1.229646580221404,1.97517093,1.00014542,0.02468365
2664,1.9869421991466152,0.7562956189252115,1.2306465802214037,1.97517027,1.00014498,0.02468475
2665,1.987942046841772,0.7562781665187742,1.2316638803229978,1.97517097,1.00014453,0.02468450
2666,1.988942046841772,0.7562781665187742,1.2326638803229977,1.97517032,1.00014410,0.02468558
2667,1.989942046841772,0.7562781665187742,1.2336638803229976,1.97516967,1.00014366,0.02468667
2668,1.990942046841772,0.7562781665187742,1.234663880322998,1.97516899,1.00014322,0.02468779
2669,1.991941894536928,0.756260714112337,1.235681180424591,1.97516963,1.00014278,0.02468759
2670,1.992941894536928,0.756260714112337,1.236681180424591,1.97516887,1.00014235,0.02468878
2671,1.993941894536928,0.756260714112337,1.237681180424591,1.97516843,1.00014197,0.02468960
2672,1.994941742232084,0.7562432617058997,1.2386984805261845,1.97516774,1.00014155,0.02469072
2673,1.995941742232084,0.7562432617058997,1.2396984805261844,1.97516690,1.00014113,0.02469197
2674,1.996941742232084,0.7562432617058997,1.2406984805261843,1.97516610,1.00014072,0.02469318
2675,1.9979415899272404,0.7562258092994625,1.2417157806277779,1.97516653,1.00014029,0.02469317
2676,1.99894158992724,0.7562258092994625,1.2427157806277775,1.97516536,1.00013988,0.02469476
2677,1.99994158992724,0.7562258092994625,1.2437157806277774,1.97516715,1.00013941,0.02469344
2678,2.00094158992724,0.7562258092994625,1.2447157806277775,1.97516650,1.00013899,0.02469451
2679,2.0019414376223965,0.7562083568930252,1.2457330807293712,1.97516736,1.00013856,0.02469408
2680,2.0029414376223964,0.7562083568930252,1.246733080729371,1.97516688,1.00013813,0.02469499
2681,2.0039414376223963,0.7562083568930252,1.247733080729371,1.97516281,1.00013776,0.02469943
2682,2.004941285317553,0.756190904486588,1.2487503808309648,1.97516465,1.00013730,0.02469806
2683,2.0059412853175527,0.756190904486588,1.2497503808309647,1.97516625,1.00013688,0.02469687
2684,2.006941285317553,0.756190904486588,1.250750380830965,1.97516499,1.00013647,0.02469854
2685,2.0079412853175524,0.756190904486588,1.2517503808309645,1.97516399,1.00013606,0.02469995
2686,2.008941133012709,0.7561734520801507,1.2527676809325583,1.97516457,1.00013565,0.02469978
2687,2.009941133012709,0.7561734520801507,1.2537676809325582,1.97516400,1.00013525,0.02470075
2688,2.0109411330127087,0.7561734520801507,1.254767680932558,1.97516062,1.00013490,0.02470448
2689,2.011940980707865,0.7561559996737135,1.2557849810341517,1.97516211,1.00013447,0.02470342
2690,2.012940980707865,0.7561559996737135,1.2567849810341516,1.97516119,1.00013405,0.02470476
2691,2.013940980707865,0.7561559996737135,1.2577849810341515,1.97516096,1.00013362,0.02470542
2692,2.014940980707865,0.7561559996737135,1.2587849810341514,1.97516071,1.00013321,0.02470608
2693,2.0159408284030214,0.7561385472672763,1.259802281135745,1.97516109,1.00013281,0.02470610
2694,2.016940828403021,0.7561385472672763,1.2608022811357444,1.97516087,1.00013237,0.02470676
2695,2.017940828403021,0.7561385472672763,1.2618022811357448,1.97516095,1.00013196,0.02470710
2696,2.018940828403021,0.7561385472672763,1.2628022811357447,1.97515908,1.00013159,0.02470933
2697,2.019940676098177,0.756121094860839,1.263819581237338,1.97515976,1.00013119,0.02470906
2698,2.0209406760981774,0.756121094860839,1.2648195812373384,1.97515909,1.00013079,0.02471012
2699,2.0219406760981773,0.756121094860839,1.2658195812373383,1.97515842,1.00013040,0.02471118
2700,2.022940523793334,0.7561036424544018,1.2668368813389321,1.97515911,1.00012999,0.02471090
2701,2.0239405237933337,0.7561036424544018,1.267836881338932,1.97516091,1.00012958,0.02470952
2702,2.0249405237933336,0.7561036424544018,1.268836881338932,1.97516010,1.00012918,0.02471071
2703,2.025940523793333,0.7561036424544018,1.2698368813389314,1.97515928,1.00012879,0.02471193
2704,2.02694037148849,0.7560861900479645,1.2708541814405254,1.97515980,1.00012840,0.02471180
2705,2.02794037148849,0.7560861900479645,1.2718541814405253,1.97515896,1.00012801,0.02471303
2706,2.0289403714884897,0.7560861900479645,1.2728541814405252,1.97515807,1.00012763,0.02471430
2707,2.0299403714884896,0.7560861900479645,1.273854181440525,1.97515715,1.00012724,0.02471561
2708,2.030940219183646,0.7560687376415273,1.2748714815421187,1.97515761,1.00012685,0.02471554
2709,2.031940219183646,0.7560687376415273,1.2758714815421186,1.97515680,1.00012647,0.02471673
2710,2.032940219183646,0.7560687376415273,1.2768714815421185,1.97515611,1.00012609,0.02471780
2711,2.0339402191836458,0.7560687376415273,1.2778714815421184,1.97515554,1.00012571,0.02471875
2712,2.0349400668788022,0.75605128523509,1.2788887816437122,1.97515641,1.00012532,0.02471827
2713,2.035940066878802,0.75605128523509,1.2798887816437121,1.97515600,1.00012494,0.02471905
2714,2.036940066878802,0.75605128523509,1.280888781643712,1.97515563,1.00012457,0.02471981
2715,2.037940066878802,0.75605128523509,1.281888781643712,1.97515238,1.00012419,0.02472343
2716,2.0389399145739584,0.7560338328286528,1.2829060817453057,1.97515308,1.00012381,0.02472311
2717,2.0399399145739583,0.7560338328286528,1.2839060817453056,1.97515243,1.00012343,0.02472414
2718,2.040939914573958,0.7560338328286528,1.2849060817453055,1.97515177,1.00012306,0.02472517
2719,2.041939914573958,0.7560338328286528,1.2859060817453054,1.97515247,1.00012269,0.02472484
2720,2.0429397622691146,0.7560163804222155,1.286923381846899,1.97515306,1.00012230,0.02472463
2721,2.0439397622691144,0.7560163804222155,1.287923381846899,1.97515247,1.00012193,0.02472559
2722,2.0449397622691143,0.7560163804222155,1.2889233818468988,1.97515163,1.00012156,0.02472681
2723,2.0459397622691142,0.7560163804222155,1.2899233818468987,1.97515081,1.00012120,0.02472799
2724,2.0469396099642707,0.7559989280157783,1.2909406819484923,1.97515130,1.00012082,0.02472788
2725,2.0479396099642706,0.7559989280157783,1.2919406819484922,1.97515044,1.00012045,0.02472911
2726,2.0489396099642705,0.7559989280157783,1.292940681948492,1.97514965,1.00012009,0.02473026
2727,2.0499396099642704,0.7559989280157783,1.293940681948492,1.97514883,1.00011973,0.02473145
2728,2.050939457659427,0.755981475609341,1.2949579820500858,1.97514936,1.00011935,0.02473129
2729,2.0519394576594268,0.755981475609341,1.2959579820500857,1.97514852,1.00011899,0.02473249
2730,2.052939457659426,0.755981475609341,1.2969579820500852,1.97514769,1.00011863,0.02473368
2731,2.0539394576594265,0.755981475609341,1.2979579820500855,1.97514585,1.00011828,0.02473588
2732,2.0549394576594264,0.755981475609341,1.2989579820500854,1.97514526,1.00011791,0.02473682
2733,2.055939305354583,0.7559640232029038,1.2999752821516792,1.97514580,1.00011755,0.02473666
2734,2.056939305354583,0.7559640232029038,1.3009752821516791,1.97514497,1.00011719,0.02473784
2735,2.0579393053545827,0.7559640232029038,1.301975282151679,1.97514414,1.00011683,0.02473903
2736,2.0589393053545826,0.7559640232029038,1.302975282151679,1.97514330,1.00011648,0.02474022
2737,2.059939153049739,0.7559465707964665,1.3039925822532725,1.97514382,1.00011611,0.02474007
2738,2.060939153049739,0.7559465707964665,1.3049925822532724,1.97514298,1.00011576,0.02474126
2739,2.061939153049739,0.7559465707964665,1.3059925822532723,1.97514214,1.00011541,0.02474245
2740,2.0629391530497387,0.7559465707964665,1.3069925822532722,1.97514131,1.00011506,0.02474364
2741,2.063939153049738,0.7559465707964665,1.3079925822532716,1.97514049,1.00011471,0.02474481
2742,2.064939000744895,0.7559291183900293,1.3090098823548657,1.97514144,1.00011435,0.02474422
2743,2.065939000744895,0.7559291183900293,1.3100098823548656,1.97514073,1.00011400,0.02474527
2744,2.066939000744895,0.7559291183900293,1.3110098823548655,1.97514005,1.00011365,0.02474630
2745,2.067939000744895,0.7559291183900293,1.3120098823548654,1.97513939,1.00011330,0.02474731
2746,2.068938848440052,0.755911665983592,1.31302718245646,1.97514010,1.00011295,0.02474696
2747,2.069938848440051,0.755911665983592,1.314027182456459,1.97513947,1.00011260,0.02474793
2748,2.070938848440051,0.755911665983592,1.315027182456459,1.97513886,1.00011226,0.02474888
2749,2.071938848440051,0.755911665983592,1.3160271824564589,1.97513824,1.00011192,0.02474984
2750,2.072938848440051,0.755911665983592,1.3170271824564588,1.97513762,1.00011158,0.02475080
2751,2.073938696135208,0.7558942135771548,1.3180444825580535,1.97513833,1.00011123,0.02475044
2752,2.074938696135207,0.7558942135771548,1.3190444825580525,1.97513765,1.00011089,0.02475146
2753,2.075938696135207,0.7558942135771548,1.3200444825580524,1.97513691,1.00011055,0.02475254
2754,2.076938696135207,0.7558942135771548,1.3210444825580523,1.97513611,1.00011022,0.02475367
2755,2.077938696135207,0.7558942135771548,1.3220444825580522,1.97513524,1.00010988,0.02475488
2756,2.078938543830364,0.7558767611707176,1.3230617826596462,1.97513571,1.00010954,0.02475475
2757,2.079938543830364,0.7558767611707176,1.3240617826596466,1.97513497,1.00010919,0.02475584
2758,2.080938543830363,0.7558767611707176,1.3250617826596456,1.97513417,1.00010886,0.02475697
2759,2.081938543830363,0.7558767611707176,1.3260617826596455,1.97513332,1.00010853,0.02475816
2760,2.0829383915255195,0.7558593087642803,1.327079082761239,1.97513676,1.00010817,0.02475507
2761,2.0839383915255194,0.7558593087642803,1.328079082761239,1.97513609,1.00010784,0.02475607
2762,2.08493839152552,0.7558593087642803,1.3290790827612398,1.97513540,1.00010751,0.02475709
2763,2.085938391525519,0.7558593087642803,1.3300790827612388,1.97513470,1.00010718,0.02475812
2764,2.086938391525519,0.7558593087642803,1.3310790827612387,1.97513398,1.00010685,0.02475916
2765,2.087938239220676,0.7558418563578431,1.332096382862833,1.97513462,1.00010652,0.02475886
2766,2.0889382392206755,0.7558418563578431,1.3330963828628324,1.97513389,1.00010619,0.02475992
2767,2.089938239220676,0.7558418563578431,1.3340963828628327,1.97513319,1.00010587,0.02476095
2768,2.0909382392206752,0.7558418563578431,1.3350963828628322,1.97513252,1.00010554,0.02476194
2769,2.091938239220675,0.7558418563578431,1.336096382862832,1.97513188,1.00010522,0.02476290
2770,2.092938086915832,0.7558244039514058,1.3371136829644263,1.97513257,1.00010489,0.02476254
2771,2.0939380869158315,0.7558244039514058,1.3381136829644258,1.97513183,1.00010457,0.02476361
2772,2.0949380869158314,0.7558244039514058,1.3391136829644257,1.97513108,1.00010425,0.02476467
2773,2.095938086915832,0.7558244039514058,1.3401136829644265,1.97513041,1.00010393,0.02476566
2774,2.096938086915831,0.7558244039514058,1.3411136829644255,1.97512972,1.00010361,0.02476667
2775,2.097938086915831,0.7558244039514058,1.3421136829644253,1.97512897,1.00010329,0.02476775
2776,2.0989379346109875,0.7558069515449686,1.343130983066019,1.97512956,1.00010296,0.02476748
2777,2.0999379346109874,0.7558069515449686,1.3441309830660189,1.97512881,1.00010264,0.02476854
2778,2.100937934610988,0.7558069515449686,1.3451309830660196,1.97512809,1.00010233,0.02476958
2779,2.101937934610987,0.7558069515449686,1.3461309830660186,1.97512739,1.00010202,0.02477059
2780,2.102937934610987,0.7558069515449686,1.3471309830660185,1.97512675,1.00010170,0.02477154
2781,2.103937782306144,0.7557894991385313,1.3481482831676126,1.97512748,1.00010138,0.02477114
2782,2.1049377823061435,0.7557894991385313,1.349148283167612,1.97512687,1.00010107,0.02477206
2783,2.105937782306144,0.7557894991385313,1.3501482831676124,1.97512626,1.00010076,0.02477298
2784,2.106937782306144,0.7557894991385313,1.3511482831676127,1.97512566,1.00010045,0.02477389
2785,2.107937782306143,0.7557894991385313,1.3521482831676117,1.97512506,1.00010014,0.02477480
2786,2.1089376300013,0.7557720467320941,1.353165583269206,1.97512582,1.00009982,0.02477436
2787,2.1099376300012995,0.7557720467320941,1.3541655832692054,1.97512523,1.00009951,0.02477526
2788,2.1109376300012994,0.7557720467320941,1.3551655832692053,1.97512463,1.00009920,0.02477617
2789,2.1119376300013,0.7557720467320941,1.356165583269206,1.97512403,1.00009889,0.02477708
2790,2.112937630001299,0.7557720467320941,1.3571655832692051,1.97512105,1.00009863,0.02478032
2791,2.113937630001299,0.7557720467320941,1.358165583269205,1.97512048,1.00009832,0.02478120
2792,2.114937477696456,0.7557545943256568,1.3591828833707993,1.97512126,1.00009801,0.02478074
2793,2.1159374776964555,0.7557545943256568,1.3601828833707987,1.97512067,1.00009770,0.02478163
2794,2.116937477696456,0.7557545943256568,1.361182883370799,1.97512007,1.00009740,0.02478253
2795,2.1179374776964552,0.7557545943256568,1.3621828833707985,1.97511946,1.00009710,0.02478344
2796,2.118937477696455,0.7557545943256568,1.3631828833707984,1.97511884,1.00009680,0.02478436
2797,2.119937477696455,0.7557545943256568,1.3641828833707983,1.97511822,1.00009650,0.02478529
2798,2.1209373253916115,0.7557371419192196,1.365200183472392,1.97511895,1.00009619,0.02478486
2799,2.1219373253916114,0.7557371419192196,1.3662001834723918,1.97511831,1.00009589,0.02478579
2800,2.122937325391612,0.7557371419192196,1.3672001834723926,1.97511768,1.00009559,0.02478673
2801,2.123937325391611,0.7557371419192196,1.3682001834723916,1.97511704,1.00009530,0.02478766
2802,2.124937325391611,0.7557371419192196,1.3692001834723915,1.97511641,1.00009500,0.02478859
2803,2.125937325391611,0.7557371419192196,1.3702001834723914,1.97511577,1.00009471,0.02478952
2804,2.1269371730867674,0.7557196895127823,1.371217483573985,1.97511649,1.00009440,0.02478911
2805,2.127937173086768,0.7557196895127823,1.3722174835739858,1.97511585,1.00009411,0.02479004
2806,2.128937173086767,0.7557196895127823,1.3732174835739848,1.97511521,1.00009382,0.02479097
2807,2.129937173086767,0.7557196895127823,1.3742174835739847,1.97511457,1.00009353,0.02479190
2808,2.130937173086767,0.7557196895127823,1.3752174835739845,1.97511393,1.00009324,0.02479283
2809,2.131937173086767,0.7557196895127823,1.3762174835739844,1.97511330,1.00009295,0.02479376
2810,2.132937020781924,0.7557022371063451,1.3772347836755787,1.97511402,1.00009265,0.02479333
2811,2.133937020781924,0.7557022371063451,1.378234783675579,1.97511338,1.00009236,0.02479425
2812,2.134937020781923,0.7557022371063451,1.379234783675578,1.97511275,1.00009207,0.02479517
2813,2.135937020781923,0.7557022371063451,1.380234783675578,1.97511212,1.00009179,0.02479609
2814,2.136937020781923,0.7557022371063451,1.3812347836755778,1.97511150,1.00009150,0.02479700
2815,2.137937020781923,0.7557022371063451,1.3822347836755777,1.97511088,1.00009122,0.02479791
2816,2.13893686847708,0.7556847846999079,1.3832520837771725,1.97511162,1.00009092,0.02479746
2817,2.139936868477079,0.7556847846999079,1.3842520837771715,1.97511076,1.00009064,0.02479859
2818,2.140936868477079,0.7556847846999079,1.3852520837771714,1.97511016,1.00009036,0.02479948
2819,2.141936868477079,0.7556847846999079,1.3862520837771712,1.97510957,1.00009008,0.02480035
2820,2.142936868477079,0.7556847846999079,1.3872520837771711,1.97510898,1.00008980,0.02480123
2821,2.1439368684770788,0.7556847846999079,1.388252083777171,1.97510839,1.00008952,0.02480209
2822,2.1449368684770787,0.7556847846999079,1.389252083777171,1.97510781,1.00008924,0.02480295
2823,2.145936716172235,0.7556673322934706,1.3902693838787645,1.97510859,1.00008895,0.02480246
2824,2.146936716172235,0.7556673322934706,1.3912693838787644,1.97510802,1.00008867,0.02480331
2825,2.147936716172235,0.7556673322934706,1.3922693838787643,1.97510964,1.00008836,0.02480200
2826,2.148936716172235,0.7556673322934706,1.3932693838787642,1.97510905,1.00008808,0.02480287
2827,2.1499367161722347,0.7556673322934706,1.394269383878764,1.97510846,1.00008781,0.02480373
2828,2.1509367161722346,0.7556673322934706,1.395269383878764,1.97510788,1.00008753,0.02480459
2829,2.151936563867391,0.7556498798870334,1.3962866839803576,1.97510865,1.00008725,0.02480410
2830,2.152936563867391,0.7556498798870334,1.3972866839803575,1.97510807,1.00008698,0.02480495
2831,2.153936563867391,0.7556498798870334,1.3982866839803574,1.97510749,1.00008671,0.02480580
2832,2.1549365638673907,0.7556498798870334,1.3992866839803573,1.97510692,1.00008644,0.02480665
2833,2.15593656386739,0.7556498798870334,1.4002866839803567,1.97510635,1.00008616,0.02480749
2834,2.1569365638673905,0.7556498798870334,1.401286683980357,1.97510578,1.00008589,0.02480833
2835,2.1579365638673904,0.7556498798870334,1.402286683980357,1.97510521,1.00008563,0.02480916
2836,2.158936411562547,0.7556324274805961,1.4033039840819508,1.97510601,1.00008535,0.02480864
2837,2.159936411562547,0.7556324274805961,1.4043039840819507,1.97510545,1.00008508,0.02480947
2838,2.1609364115625467,0.7556324274805961,1.4053039840819506,1.97510490,1.00008481,0.02481029
2839,2.1619364115625466,0.7556324274805961,1.4063039840819505,1.97510435,1.00008455,0.02481110
2840,2.1629364115625465,0.7556324274805961,1.4073039840819503,1.97510380,1.00008428,0.02481192
2841,2.1639364115625463,0.7556324274805961,1.4083039840819502,1.97510326,1.00008402,0.02481272
2842,2.1649364115625462,0.7556324274805961,1.4093039840819501,1.97510272,1.00008375,0.02481353
2843,2.1659362592577027,0.7556149750741589,1.410321284183544,1.97510354,1.00008348,0.02481298
2844,2.1669362592577026,0.7556149750741589,1.4113212841835439,1.97510301,1.00008322,0.02481377
2845,2.1679362592577025,0.7556149750741589,1.4123212841835437,1.97510248,1.00008296,0.02481457
2846,2.1689362592577024,0.7556149750741589,1.4133212841835436,1.97510195,1.00008270,0.02481536
2847,2.1699362592577023,0.7556149750741589,1.4143212841835435,1.97510142,1.00008243,0.02481615
2848,2.170936259257702,0.7556149750741589,1.4153212841835434,1.97510089,1.00008217,0.02481693
2849,2.171936259257702,0.7556149750741589,1.4163212841835433,1.97510037,1.00008192,0.02481772
2850,2.1729361069528585,0.7555975226677216,1.417338584285137,1.97509790,1.00008169,0.02482041
2851,2.1739361069528584,0.7555975226677216,1.4183385842851368,1.97509734,1.00008143,0.02482123
2852,2.1749361069528583,0.7555975226677216,1.4193385842851367,1.97509679,1.00008117,0.02482204
2853,2.175936106952858,0.7555975226677216,1.4203385842851366,1.97509623,1.00008092,0.02482285
2854,2.176936106952858,0.7555975226677216,1.4213385842851365,1.97509568,1.00008066,0.02482366
2855,2.177936106952858,0.7555975226677216,1.4223385842851364,1.97509514,1.00008040,0.02482446
2856,2.178936106952858,0.7555975226677216,1.4233385842851363,1.97509460,1.00008015,0.02482525
2857,2.1799361069528578,0.7555975226677216,1.4243385842851362,1.97509406,1.00007989,0.02482604
2858,2.1809359546480143,0.7555800702612844,1.4253558843867298,1.97509489,1.00007963,0.02482548
2859,2.181935954648014,0.7555800702612844,1.4263558843867297,1.97509436,1.00007938,0.02482626
2860,2.182935954648014,0.7555800702612844,1.4273558843867296,1.97509384,1.00007913,0.02482703
2861,2.183935954648014,0.7555800702612844,1.4283558843867294,1.97509332,1.00007888,0.02482780
2862,2.184935954648014,0.7555800702612844,1.4293558843867293,1.97509280,1.00007863,0.02482857
2863,2.1859359546480137,0.7555800702612844,1.4303558843867292,1.97509229,1.00007838,0.02482933
2864,2.1869359546480136,0.7555800702612844,1.4313558843867291,1.97509178,1.00007813,0.02483009
2865,2.18793580234317,0.7555626178548471,1.432373184488323,1.97509263,1.00007788,0.02482949
2866,2.18893580234317,0.7555626178548471,1.4333731844883228,1.97509212,1.00007763,0.02483025
2867,2.18993580234317,0.7555626178548471,1.4343731844883227,1.97509162,1.00007739,0.02483100
2868,2.1909358023431698,0.7555626178548471,1.4353731844883226,1.97509112,1.00007714,0.02483174
2869,2.1919358023431696,0.7555626178548471,1.4363731844883225,1.97509061,1.00007690,0.02483249
2870,2.192935802343169,0.7555626178548471,1.437373184488322,1.97509011,1.00007665,0.02483323
2871,2.193935802343169,0.7555626178548471,1.4383731844883219,1.97508961,1.00007641,0.02483398
2872,2.1949358023431693,0.7555626178548471,1.4393731844883222,1.97508911,1.00007617,0.02483472
2873,2.195935802343169,0.7555626178548471,1.440373184488322,1.97508863,1.00007593,0.02483545
2874,2.1969356500383257,0.7555451654484099,1.441390484589916,1.97508948,1.00007568,0.02483484
2875,2.1979356500383256,0.7555451654484099,1.4423904845899158,1.97508898,1.00007544,0.02483558
2876,2.198935650038325,0.7555451654484099,1.4433904845899153,1.97508848,1.00007520,0.02483631
2877,2.1999356500383254,0.7555451654484099,1.4443904845899156,1.97508798,1.00007496,0.02483705
2878,2.2009356500383253,0.7555451654484099,1.4453904845899155,1.97508748,1.00007473,0.02483779
2879,2.201935650038325,0.7555451654484099,1.4463904845899154,1.97508698,1.00007449,0.02483853
2880,2.202935650038325,0.7555451654484099,1.4473904845899153,1.97508648,1.00007426,0.02483926
2881,2.203935650038325,0.7555451654484099,1.4483904845899152,1.97508598,1.00007402,0.02484000
2882,2.2049354977334814,0.7555277130419726,1.4494077846915088,1.97508684,1.00007378,0.02483938
2883,2.2059354977334813,0.7555277130419726,1.4504077846915087,1.97508634,1.00007355,0.02484012
2884,2.206935497733481,0.7555277130419726,1.4514077846915086,1.97508584,1.00007331,0.02484085
2885,2.207935497733481,0.7555277130419726,1.4524077846915084,1.97508534,1.00007308,0.02484158
2886,2.208935497733481,0.7555277130419726,1.4534077846915083,1.97508484,1.00007285,0.02484231
2887,2.209935497733481,0.7555277130419726,1.4544077846915082,1.97508434,1.00007262,0.02484304
2888,2.2109354977334807,0.7555277130419726,1.455407784691508,1.97508385,1.00007239,0.02484377
2889,2.2119354977334806,0.7555277130419726,1.456407784691508,1.97508335,1.00007215,0.02484449
2890,2.2129354977334805,0.7555277130419726,1.457407784691508,1.97508286,1.00007193,0.02484522
2891,2.213935345428637,0.7555102606355354,1.4584250847931015,1.97508372,1.00007169,0.02484459
2892,2.214935345428637,0.7555102606355354,1.4594250847931014,1.97508322,1.00007146,0.02484531
2893,2.215935345428637,0.7555102606355354,1.4604250847931013,1.97508273,1.00007124,0.02484603
2894,2.2169353454286367,0.7555102606355354,1.4614250847931012,1.97508224,1.00007101,0.02484675
2895,2.217935345428637,0.7555102606355354,1.4624250847931015,1.97508175,1.00007078,0.02484747
2896,2.2189353454286365,0.7555102606355354,1.463425084793101,1.97508125,1.00007056,0.02484819
2897,2.2199353454286364,0.7555102606355354,1.4644250847931009,1.97508076,1.00007033,0.02484891
2898,2.220935345428636,0.7555102606355354,1.4654250847931003,1.97508026,1.00007011,0.02484963
2899,2.221935345428636,0.7555102606355354,1.4664250847931006,1.97507949,1.00006990,0.02485061
2900,2.2229351931237926,0.7554928082290981,1.4674423848946945,1.97508036,1.00006967,0.02484997
2901,2.2239351931237925,0.7554928082290981,1.4684423848946944,1.97507987,1.00006945,0.02485069
2902,2.2249351931237924,0.7554928082290981,1.4694423848946943,1.97507937,1.00006922,0.02485141
2903,2.2259351931237923,0.7554928082290981,1.4704423848946941,1.97507887,1.00006900,0.02485212
2904,2.226935193123792,0.7554928082290981,1.471442384894694,1.97507838,1.00006878,0.02485284
2905,2.227935193123792,0.7554928082290981,1.472442384894694,1.97507787,1.00006856,0.02485356
2906,2.228935193123792,0.7554928082290981,1.4734423848946938,1.97507737,1.00006834,0.02485428
2907,2.229935193123792,0.7554928082290981,1.4744423848946937,1.97507687,1.00006813,0.02485501
2908,2.230935193123792,0.7554928082290981,1.475442384894694,1.97507636,1.00006791,0.02485573
2909,2.231935040818948,0.7554753558226609,1.476459684996287,1.97507722,1.00006768,0.02485510
2910,2.232935040818948,0.7554753558226609,1.4774596849962873,1.97507671,1.00006747,0.02485582
2911,2.233935040818948,0.7554753558226609,1.4784596849962872,1.97507621,1.00006725,0.02485654
2912,2.234935040818948,0.7554753558226609,1.479459684996287,1.97507570,1.00006704,0.02485726
2913,2.235935040818948,0.7554753558226609,1.480459684996287,1.97507519,1.00006682,0.02485798
2914,2.236935040818948,0.7554753558226609,1.4814596849962873,1.97507469,1.00006661,0.02485870
2915,2.237935040818948,0.7554753558226609,1.4824596849962872,1.97507419,1.00006640,0.02485942
2916,2.2389350408189475,0.7554753558226609,1.4834596849962867,1.97507369,1.00006618,0.02486013
2917,2.239935040818948,0.7554753558226609,1.484459684996287,1.97507319,1.00006597,0.02486084
2918,2.2409350408189472,0.7554753558226609,1.4854596849962864,1.97507270,1.00006576,0.02486155
2919,2.241934888514104,0.7554579034162237,1.4864769850978805,1.97507356,1.00006554,0.02486090
2920,2.242934888514104,0.7554579034162237,1.4874769850978804,1.97507307,1.00006533,0.02486160
2921,2.2439348885141035,0.7554579034162237,1.4884769850978798,1.97507257,1.00006512,0.02486231
2922,2.2449348885141034,0.7554579034162237,1.4894769850978797,1.97507209,1.00006491,0.02486300
2923,2.245934888514104,0.7554579034162237,1.4904769850978805,1.97507174,1.00006470,0.02486356
2924,2.246934888514103,0.7554579034162237,1.4914769850978795,1.97507125,1.00006449,0.02486426
2925,2.247934888514103,0.7554579034162237,1.4924769850978794,1.97507076,1.00006428,0.02486496
2926,2.248934888514103,0.7554579034162237,1.4934769850978793,1.97507030,1.00006407,0.02486563
2927,2.249934888514103,0.7554579034162237,1.4944769850978792,1.97506981,1.00006387,0.02486632
2928,2.2509348885141027,0.7554579034162237,1.495476985097879,1.97506652,1.00006370,0.02486978
2929,2.2519348885141026,0.7554579034162237,1.496476985097879,1.97506606,1.00006350,0.02487045
2930,2.252934736209259,0.7554404510097864,1.4974942851994726,1.97506695,1.00006329,0.02486976
2931,2.253934736209259,0.7554404510097864,1.4984942851994725,1.97506649,1.00006308,0.02487043
2932,2.254934736209259,0.7554404510097864,1.4994942851994724,1.97506603,1.00006288,0.02487109
2933,2.2559347362092588,0.7554404510097864,1.5004942851994723,1.97506557,1.00006268,0.02487175
2934,2.2569347362092587,0.7554404510097864,1.5014942851994721,1.97506501,1.00006248,0.02487251
2935,2.2579347362092586,0.7554404510097864,1.502494285199472,1.97506458,1.00006228,0.02487315
2936,2.2589347362092584,0.7554404510097864,1.503494285199472,1.97506414,1.00006207,0.02487378
2937,2.2599347362092583,0.7554404510097864,1.5044942851994718,1.97506372,1.00006187,0.02487441
2938,2.2609347362092582,0.7554404510097864,1.5054942851994717,1.97506582,1.00006165,0.02487254
2939,2.261934736209258,0.7554404510097864,1.5064942851994716,1.97506536,1.00006145,0.02487319
2940,2.262934736209258,0.7554404510097864,1.5074942851994715,1.97506491,1.00006125,0.02487384
2941,2.2639345839044145,0.7554229986033492,1.5085115853010653,1.97506582,1.00006104,0.02487313
2942,2.2649345839044144,0.7554229986033492,1.5095115853010652,1.97506539,1.00006084,0.02487377
2943,2.2659345839044143,0.7554229986033492,1.510511585301065,1.97506496,1.00006064,0.02487440
2944,2.266934583904414,0.7554229986033492,1.511511585301065,1.97506453,1.00006045,0.02487502
2945,2.267934583904414,0.7554229986033492,1.5125115853010649,1.97506412,1.00006025,0.02487563
2946,2.268934583904414,0.7554229986033492,1.5135115853010648,1.97506372,1.00006005,0.02487623
2947,2.269934583904414,0.7554229986033492,1.5145115853010647,1.97506335,1.00005985,0.02487680
2948,2.2709345839044137,0.7554229986033492,1.5155115853010646,1.97506000,1.00005967,0.02488034
2949,2.2719345839044136,0.7554229986033492,1.5165115853010644,1.97506017,1.00005947,0.02488036
2950,2.272934583904413,0.7554229986033492,1.517511585301064,1.97506293,1.00005925,0.02487781
2951,2.2739345839044134,0.7554229986033492,1.5185115853010642,1.97506243,1.00005906,0.02487851
2952,2.2749345839044133,0.7554229986033492,1.5195115853010641,1.97506193,1.00005887,0.02487919
2953,2.2759344315995698,0.7554055461969119,1.520528885402658,1.97506280,1.00005868,0.02487852
2954,2.2769344315995697,0.7554055461969119,1.5215288854026578,1.97506232,1.00005849,0.02487920
2955,2.277934431599569,0.7554055461969119,1.5225288854026573,1.97506183,1.00005830,0.02487987
2956,2.278934431599569,0.7554055461969119,1.5235288854026572,1.97506135,1.00005811,0.02488054
2957,2.2799344315995693,0.7554055461969119,1.5245288854026575,1.97506087,1.00005792,0.02488121
2958,2.280934431599569,0.7554055461969119,1.5255288854026574,1.97506040,1.00005773,0.02488187
2959,2.281934431599569,0.7554055461969119,1.5265288854026573,1.97505992,1.00005755,0.02488253
2960,2.282934431599569,0.7554055461969119,1.5275288854026572,1.97505945,1.00005736,0.02488318
2961,2.283934431599569,0.7554055461969119,1.528528885402657,1.97505899,1.00005718,0.02488384
2962,2.2849344315995688,0.7554055461969119,1.529528885402657,1.97505852,1.00005699,0.02488449
2963,2.2859344315995687,0.7554055461969119,1.5305288854026569,1.97505806,1.00005681,0.02488514
2964,2.286934431599569,0.7554055461969119,1.5315288854026572,1.97505759,1.00005662,0.02488578
2965,2.287934279294725,0.7553880937904747,1.5325461855042504,1.97505849,1.00005643,0.02488507
2966,2.288934279294725,0.7553880937904747,1.5335461855042503,1.97505803,1.00005625,0.02488572
2967,2.289934279294725,0.7553880937904747,1.5345461855042501,1.97505757,1.00005607,0.02488636
2968,2.2909342792947247,0.7553880937904747,1.53554618550425,1.97505681,1.00005589,0.02488730
2969,2.2919342792947246,0.7553880937904747,1.53654618550425,1.97505634,1.00005570,0.02488795
2970,2.2929342792947245,0.7553880937904747,1.5375461855042498,1.97505588,1.00005552,0.02488860
2971,2.2939342792947244,0.7553880937904747,1.5385461855042497,1.97505542,1.00005534,0.02488924
2972,2.2949342792947243,0.7553880937904747,1.5395461855042496,1.97505496,1.00005516,0.02488988
2973,2.295934279294724,0.7553880937904747,1.5405461855042495,1.97505450,1.00005498,0.02489052
2974,2.296934279294724,0.7553880937904747,1.5415461855042494,1.97505479,1.00005481,0.02489040
2975,2.297934279294724,0.7553880937904747,1.5425461855042493,1.97505434,1.00005463,0.02489103
2976,2.298934279294724,0.7553880937904747,1.5435461855042492,1.97505389,1.00005445,0.02489166
2977,2.299934279294724,0.7553880937904747,1.5445461855042495,1.97505344,1.00005428,0.02489228
2978,2.30093412698988,0.7553706413840374,1.5455634856058427,1.97505435,1.00005410,0.02489155
2979,2.30193412698988,0.7553706413840374,1.5465634856058426,1.97505391,1.00005392,0.02489217
2980,2.30293412698988,0.7553706413840374,1.5475634856058424,1.97505346,1.00005374,0.02489280
2981,2.30393412698988,0.7553706413840374,1.5485634856058423,1.97505301,1.00005357,0.02489342
2982,2.30493412698988,0.7553706413840374,1.5495634856058427,1.97505257,1.00005339,0.02489404
2983,2.30593412698988,0.7553706413840374,1.5505634856058426,1.97505213,1.00005322,0.02489465
2984,2.3069341269898795,0.7553706413840374,1.551563485605842,1.97505168,1.00005305,0.02489527
2985,2.3079341269898794,0.7553706413840374,1.552563485605842,1.97505124,1.00005287,0.02489588
2986,2.30893412698988,0.7553706413840374,1.5535634856058427,1.97505080,1.00005270,0.02489650
2987,2.309934126989879,0.7553706413840374,1.5545634856058417,1.97505036,1.00005253,0.02489711
2988,2.310934126989879,0.7553706413840374,1.5555634856058416,1.97504992,1.00005236,0.02489772
2989,2.311934126989879,0.7553706413840374,1.5565634856058415,1.97504949,1.00005219,0.02489832
2990,2.312934126989879,0.7553706413840374,1.5575634856058413,1.97504905,1.00005202,0.02489893
2991,2.3139341269898788,0.7553706413840374,1.5585634856058412,1.97504862,1.00005185,0.02489954
2992,2.314933974685036,0.7553531889776002,1.559580785707436,1.97504954,1.00005168,0.02489878
2993,2.315933974685035,0.7553531889776002,1.560580785707435,1.97504911,1.00005151,0.02489938
2994,2.316933974685035,0.7553531889776002,1.5615807857074349,1.97504868,1.00005134,0.02489998
2995,2.317933974685035,0.7553531889776002,1.5625807857074347,1.97504825,1.00005117,0.02490058
2996,2.318933974685035,0.7553531889776002,1.5635807857074346,1.97504782,1.00005100,0.02490118
2997,2.3199339746850347,0.7553531889776002,1.5645807857074345,1.97504739,1.00005084,0.02490178
2998,2.3209339746850346,0.7553531889776002,1.5655807857074344,1.97504696,1.00005067,0.02490237
2999,2.3219339746850345,0.7553531889776002,1.5665807857074343,1.97504653,1.00005051,0.02490296
3000,2.3229339746850344,0.7553531889776002,1.5675807857074342,1.97504610,1.00005034,0.02490356
3001,2.3239339746850343,0.7553531889776002,1.568580785707434,1.97504568,1.00005018,0.02490415
3002,2.324933974685034,0.7553531889776002,1.569580785707434,1.97504525,1.00005001,0.02490473
3003,2.325933974685034,0.7553531889776002,1.5705807857074339,1.97504483,1.00004985,0.02490532
3004,2.326933974685034,0.7553531889776002,1.5715807857074338,1.97504441,1.00004968,0.02490591
3005,2.327933974685034,0.7553531889776002,1.5725807857074336,1.97504399,1.00004952,0.02490649
3006,2.3289339746850337,0.7553531889776002,1.5735807857074335,1.97504357,1.00004936,0.02490707
3007,2.32993382238019,0.7553357365711629,1.5745980858090274,1.97504451,1.00004919,0.02490629
3008,2.33093382238019,0.7553357365711629,1.5755980858090273,1.97504409,1.00004903,0.02490687
3009,2.33193382238019,0.7553357365711629,1.5765980858090272,1.97504368,1.00004887,0.02490745
3010,2.33293382238019,0.7553357365711629,1.577598085809027,1.97504326,1.00004871,0.02490803
3011,2.3339338223801898,0.7553357365711629,1.578598085809027,1.97504284,1.00004855,0.02490860
3012,2.3349338223801896,0.7553357365711629,1.5795980858090268,1.97504243,1.00004839,0.02490918
3013,2.335933822380189,0.7553357365711629,1.5805980858090263,1.97504202,1.00004823,0.02490975
3014,2.336933822380189,0.7553357365711629,1.5815980858090262,1.97504160,1.00004808,0.02491032
3015,2.3379338223801893,0.7553357365711629,1.5825980858090265,1.97504119,1.00004792,0.02491089
3016,2.338933822380189,0.7553357365711629,1.5835980858090264,1.97504078,1.00004776,0.02491146
3017,2.339933822380189,0.7553357365711629,1.5845980858090263,1.97504037,1.00004760,0.02491202
3018,2.340933822380189,0.7553357365711629,1.5855980858090262,1.97503996,1.00004745,0.02491259
3019,2.341933822380189,0.7553357365711629,1.586598085809026,1.97503956,1.00004729,0.02491315
3020,2.3429338223801888,0.7553357365711629,1.587598085809026,1.97503915,1.00004714,0.02491371
3021,2.3439338223801887,0.7553357365711629,1.5885980858090258,1.97503875,1.00004698,0.02491427
3022,2.3449338223801885,0.7553357365711629,1.5895980858090257,1.97503834,1.00004683,0.02491483
3023,2.3459338223801884,0.7553357365711629,1.5905980858090256,1.97503794,1.00004667,0.02491539
3024,2.346933670075345,0.7553182841647257,1.5916153859106192,1.97503890,1.00004652,0.02491458
3025,2.347933670075345,0.7553182841647257,1.5926153859106191,1.97503850,1.00004636,0.02491514
3026,2.3489336700753447,0.7553182841647257,1.593615385910619,1.97503810,1.00004621,0.02491569
3027,2.3499336700753446,0.7553182841647257,1.594615385910619,1.97503770,1.00004606,0.02491624
3028,2.3509336700753445,0.7553182841647257,1.5956153859106188,1.97503457,1.00004591,0.02491952
3029,2.3519336700753444,0.7553182841647257,1.5966153859106187,1.97503418,1.00004576,0.02492006
3030,2.3529336700753443,0.7553182841647257,1.5976153859106186,1.97503379,1.00004560,0.02492060
3031,2.353933670075344,0.7553182841647257,1.5986153859106185,1.97503340,1.00004545,0.02492114
3032,2.354933670075344,0.7553182841647257,1.5996153859106184,1.97503302,1.00004530,0.02492168
3033,2.355933670075344,0.7553182841647257,1.6006153859106182,1.97503263,1.00004516,0.02492221
3034,2.356933670075344,0.7553182841647257,1.6016153859106181,1.97503225,1.00004501,0.02492275
3035,2.357933670075344,0.7553182841647257,1.6026153859106185,1.97503186,1.00004486,0.02492328
3036,2.358933670075344,0.7553182841647257,1.6036153859106184,1.97503148,1.00004471,0.02492381
3037,2.3599336700753435,0.7553182841647257,1.6046153859106178,1.97503110,1.00004456,0.02492434
3038,2.3609336700753434,0.7553182841647257,1.6056153859106177,1.97503072,1.00004442,0.02492487
3039,2.361933670075344,0.7553182841647257,1.6066153859106185,1.97503034,1.00004427,0.02492539
3040,2.362933670075343,0.7553182841647257,1.6076153859106175,1.97502996,1.00004412,0.02492592
3041,2.3639335177705,0.7553008317582884,1.6086326860122115,1.97503094,1.00004397,0.02492508
3042,2.3649335177704995,0.7553008317582884,1.609632686012211,1.97503057,1.00004383,0.02492561
3043,2.3659335177704994,0.7553008317582884,1.6106326860122109,1.97503019,1.00004368,0.02492613
3044,2.3669335177705,0.7553008317582884,1.6116326860122117,1.97502981,1.00004354,0.02492665
3045,2.367933517770499,0.7553008317582884,1.6126326860122107,1.97502944,1.00004340,0.02492717
3046,2.368933517770499,0.7553008317582884,1.6136326860122105,1.97502907,1.00004325,0.02492768
3047,2.369933517770499,0.7553008317582884,1.6146326860122104,1.97502869,1.00004311,0.02492820
3048,2.370933517770499,0.7553008317582884,1.6156326860122103,1.97502832,1.00004297,0.02492871
3049,2.3719335177704988,0.7553008317582884,1.6166326860122102,1.97502795,1.00004282,0.02492922
3050,2.3729335177704987,0.7553008317582884,1.61763268601221,1.97502758,1.00004268,0.02492974
3051,2.3739335177704985,0.7553008317582884,1.61863268601221,1.97502721,1.00004254,0.02493025
3052,2.3749335177704984,0.7553008317582884,1.6196326860122099,1.97502684,1.00004240,0.02493075
3053,2.3759335177704983,0.7553008317582884,1.6206326860122098,1.97502648,1.00004226,0.02493126
3054,2.376933517770498,0.7553008317582884,1.6216326860122097,1.97502611,1.00004212,0.02493177
3055,2.377933517770498,0.7553008317582884,1.6226326860122096,1.97502575,1.00004198,0.02493227
3056,2.378933517770498,0.7553008317582884,1.6236326860122094,1.97502538,1.00004184,0.02493278
3057,2.379933517770498,0.7553008317582884,1.6246326860122093,1.97502502,1.00004170,0.02493328
3058,2.3809335177704978,0.7553008317582884,1.6256326860122092,1.97502466,1.00004156,0.02493378
3059,2.3819335177704977,0.7553008317582884,1.6266326860122091,1.97502430,1.00004143,0.02493428
3060,2.3829335177704976,0.7553008317582884,1.627632686012209,1.97502394,1.00004129,0.02493478
3061,2.383933365465654,0.7552833793518512,1.6286499861138028,1.97502494,1.00004115,0.02493391
3062,2.384933365465654,0.7552833793518512,1.6296499861138027,1.97502458,1.00004101,0.02493441
3063,2.385933365465654,0.7552833793518512,1.6306499861138026,1.97502422,1.00004088,0.02493490
3064,2.3869333654656537,0.7552833793518512,1.6316499861138025,1.97502387,1.00004074,0.02493539
3065,2.3879333654656536,0.7552833793518512,1.6326499861138024,1.97502351,1.00004061,0.02493588
3066,2.388933365465653,0.7552833793518512,1.6336499861138019,1.97502316,1.00004047,0.02493637
3067,2.3899333654656534,0.7552833793518512,1.6346499861138022,1.97502280,1.00004034,0.02493686
3068,2.3909333654656533,0.7552833793518512,1.635649986113802,1.97502245,1.00004020,0.02493735
3069,2.391933365465653,0.7552833793518512,1.636649986113802,1.97502210,1.00004007,0.02493784
3070,2.392933365465653,0.7552833793518512,1.6376499861138019,1.97502174,1.00003994,0.02493832
3071,2.393933365465653,0.7552833793518512,1.6386499861138017,1.97502139,1.00003980,0.02493880
3072,2.394933365465653,0.7552833793518512,1.6396499861138016,1.97502104,1.00003967,0.02493929
3073,2.3959333654656527,0.7552833793518512,1.6406499861138015,1.97502070,1.00003954,0.02493977
3074,2.3969333654656526,0.7552833793518512,1.6416499861138014,1.97502035,1.00003941,0.02494024
3075,2.3979333654656525,0.7552833793518512,1.6426499861138013,1.97502000,1.00003928,0.02494072
3076,2.3989333654656524,0.7552833793518512,1.6436499861138012,1.97501966,1.00003914,0.02494120
3077,2.3999333654656523,0.7552833793518512,1.644649986113801,1.97501931,1.00003901,0.02494167
3078,2.400933365465652,0.7552833793518512,1.645649986113801,1.97501897,1.00003888,0.02494215
3079,2.401933365465652,0.7552833793518512,1.6466499861138009,1.97501862,1.00003876,0.02494262
3080,2.402933365465652,0.7552833793518512,1.6476499861138008,1.97501828,1.00003863,0.02494309
3081,2.403933365465652,0.7552833793518512,1.6486499861138006,1.97501794,1.00003850,0.02494356
3082,2.404933365465652,0.7552833793518512,1.649649986113801,1.97501760,1.00003837,0.02494403
3083,2.405933213160808,0.755265926945414,1.6506672862153944,1.97501862,1.00003824,0.02494314
3084,2.406933213160808,0.755265926945414,1.6516672862153943,1.97501828,1.00003811,0.02494361
3085,2.407933213160808,0.755265926945414,1.6526672862153942,1.97501795,1.00003798,0.02494407
3086,2.408933213160808,0.755265926945414,1.653667286215394,1.97501761,1.00003786,0.02494453
3087,2.409933213160808,0.755265926945414,1.6546672862153944,1.97501727,1.00003773,0.02494500
3088,2.410933213160808,0.755265926945414,1.6556672862153943,1.97501694,1.00003760,0.02494546
3089,2.411933213160808,0.755265926945414,1.6566672862153942,1.97501660,1.00003748,0.02494592
3090,2.4129332131608074,0.755265926945414,1.6576672862153936,1.97501627,1.00003735,0.02494638
3091,2.413933213160808,0.755265926945414,1.658667286215394,1.97501594,1.00003723,0.02494683
3092,2.4149332131608072,0.755265926945414,1.6596672862153934,1.97501561,1.00003710,0.02494729
3093,2.415933213160807,0.755265926945414,1.6606672862153933,1.97501527,1.00003698,0.02494774
3094,2.416933213160807,0.755265926945414,1.6616672862153932,1.97501494,1.00003686,0.02494820
3095,2.417933213160807,0.755265926945414,1.662667286215393,1.97501462,1.00003673,0.02494865
3096,2.418933213160807,0.755265926945414,1.663667286215393,1.97501429,1.00003661,0.02494910
3097,2.4199332131608067,0.755265926945414,1.6646672862153928,1.97501396,1.00003649,0.02494955
3098,2.4209332131608066,0.755265926945414,1.6656672862153927,1.97501363,1.00003637,0.02495000
3099,2.4219332131608065,0.755265926945414,1.6666672862153926,1.97501331,1.00003624,0.02495045
3100,2.4229332131608063,0.755265926945414,1.6676672862153925,1.97501298,1.00003612,0.02495089
3101,2.4239332131608062,0.755265926945414,1.6686672862153924,1.97501266,1.00003600,0.02495134
3102,2.424933213160806,0.755265926945414,1.6696672862153923,1.97501234,1.00003588,0.02495178
3103,2.425933213160806,0.755265926945414,1.6706672862153922,1.97501201,1.00003576,0.02495222
3104,2.426933213160806,0.755265926945414,1.671667286215392,1.97501169,1.00003564,0.02495266
3105,2.427933213160806,0.755265926945414,1.672667286215392,1.97501137,1.00003552,0.02495310
3106,2.4289332131608057,0.755265926945414,1.6736672862153918,1.97501105,1.00003540,0.02495354
3107,2.4299332131608056,0.755265926945414,1.6746672862153917,1.97501073,1.00003528,0.02495398
3108,2.430933060855962,0.7552484745389767,1.6756845863169854,1.97501178,1.00003516,0.02495306
3109,2.431933060855962,0.7552484745389767,1.6766845863169852,1.97501146,1.00003505,0.02495349
3110,2.432933060855962,0.7552484745389767,1.6776845863169851,1.97501115,1.00003493,0.02495393
3111,2.4339330608559617,0.7552484745389767,1.678684586316985,1.97501083,1.00003481,0.02495436
3112,2.4349330608559616,0.7552484745389767,1.679684586316985,1.97501052,1.00003469,0.02495479
3113,2.435933060855961,0.7552484745389767,1.6806845863169844,1.97501020,1.00003458,0.02495522
3114,2.4369330608559614,0.7552484745389767,1.6816845863169847,1.97500989,1.00003446,0.02495565
3115,2.4379330608559613,0.7552484745389767,1.6826845863169846,1.97500958,1.00003435,0.02495608
3116,2.438933060855961,0.7552484745389767,1.6836845863169845,1.97500927,1.00003423,0.02495650
3117,2.439933060855961,0.7552484745389767,1.6846845863169844,1.97500896,1.00003412,0.02495693
3118,2.440933060855961,0.7552484745389767,1.6856845863169843,1.97500865,1.00003400,0.02495735
3119,2.441933060855961,0.7552484745389767,1.6866845863169841,1.97500834,1.00003389,0.02495777
3120,2.4429330608559607,0.7552484745389767,1.687684586316984,1.97500803,1.00003377,0.02495820
3121,2.4439330608559606,0.7552484745389767,1.688684586316984,1.97500772,1.00003366,0.02495862
3122,2.4449330608559605,0.7552484745389767,1.6896845863169838,1.97500742,1.00003355,0.02495904
3123,2.4459330608559604,0.7552484745389767,1.6906845863169837,1.97500711,1.00003343,0.02495945
3124,2.4469330608559603,0.7552484745389767,1.6916845863169836,1.97500681,1.00003332,0.02495987
3125,2.44793306085596,0.7552484745389767,1.6926845863169835,1.97500651,1.00003321,0.02496029
3126,2.44893306085596,0.7552484745389767,1.6936845863169834,1.97500620,1.00003310,0.02496070
3127,2.44993306085596,0.7552484745389767,1.6946845863169833,1.97500590,1.00003299,0.02496111
3128,2.45093306085596,0.7552484745389767,1.6956845863169832,1.97500560,1.00003287,0.02496153
3129,2.45193306085596,0.7552484745389767,1.6966845863169835,1.97500530,1.00003276,0.02496194
3130,2.45293306085596,0.7552484745389767,1.6976845863169834,1.97500500,1.00003265,0.02496235
3131,2.4539330608559595,0.7552484745389767,1.6986845863169828,1.97500470,1.00003254,0.02496275
3132,2.4549330608559594,0.7552484745389767,1.6996845863169827,1.97500440,1.00003243,0.02496316
3133,2.45593306085596,0.7552484745389767,1.7006845863169835,1.97500411,1.00003232,0.02496357
3134,2.456933060855959,0.7552484745389767,1.7016845863169825,1.97500381,1.00003222,0.02496397
3135,2.457933060855959,0.7552484745389767,1.7026845863169824,1.97500352,1.00003211,0.02496438
3136,2.458933060855959,0.7552484745389767,1.7036845863169823,1.97500322,1.00003200,0.02496478
3137,2.4599329085511155,0.7552310221325395,1.704701886418576,1.97500429,1.00003189,0.02496382
3138,2.460932908551116,0.7552310221325395,1.7057018864185762,1.97500400,1.00003178,0.02496422
3139,2.4619329085511152,0.7552310221325395,1.7067018864185757,1.97500371,1.00003167,0.02496462
3140,2.462932908551115,0.7552310221325395,1.7077018864185756,1.97500342,1.00003157,0.02496502
3141,2.463932908551115,0.7552310221325395,1.7087018864185755,1.97500313,1.00003146,0.02496542
3142,2.464932908551115,0.7552310221325395,1.7097018864185753,1.97500284,1.00003135,0.02496581
3143,2.465932908551115,0.7552310221325395,1.7107018864185752,1.97500255,1.00003125,0.02496621
3144,2.4669329085511147,0.7552310221325395,1.7117018864185751,1.97500226,1.00003114,0.02496660
3145,2.4679329085511146,0.7552310221325395,1.712701886418575,1.97500197,1.00003104,0.02496699
3146,2.4689329085511145,0.7552310221325395,1.713701886418575,1.97500169,1.00003093,0.02496738
3147,2.4699329085511144,0.7552310221325395,1.7147018864185748,1.97500140,1.00003083,0.02496777
3148,2.4709329085511142,0.7552310221325395,1.7157018864185747,1.97500112,1.00003072,0.02496816
3149,2.471932908551114,0.7552310221325395,1.7167018864185746,1.97500083,1.00003062,0.02496855
3150,2.472932908551114,0.7552310221325395,1.7177018864185745,1.97500055,1.00003051,0.02496894
3151,2.473932908551114,0.7552310221325395,1.7187018864185744,1.97500027,1.00003041,0.02496932
3152,2.474932908551114,0.7552310221325395,1.7197018864185742,1.97499999,1.00003031,0.02496971
3153,2.4759329085511137,0.7552310221325395,1.7207018864185741,1.97499970,1.00003021,0.02497009
3154,2.4769329085511136,0.7552310221325395,1.721701886418574,1.97499943,1.00003010,0.02497047
3155,2.477932908551113,0.7552310221325395,1.7227018864185735,1.97499915,1.00003000,0.02497085
3156,2.4789329085511134,0.7552310221325395,1.7237018864185738,1.97499887,1.00002990,0.02497123
3157,2.4799329085511133,0.7552310221325395,1.7247018864185737,1.97499859,1.00002980,0.02497161
3158,2.480932908551113,0.7552310221325395,1.7257018864185736,1.97499831,1.00002970,0.02497199
3159,2.481932908551113,0.7552310221325395,1.7267018864185735,1.97500161,1.00002961,0.02496879
3160,2.482932908551113,0.7552310221325395,1.7277018864185734,1.97500132,1.00002951,0.02496917
3161,2.483932908551113,0.7552310221325395,1.7287018864185733,1.97500104,1.00002941,0.02496955
3162,2.4849329085511127,0.7552310221325395,1.7297018864185731,1.97500076,1.00002931,0.02496993
3163,2.4859329085511126,0.7552310221325395,1.730701886418573,1.97500048,1.00002921,0.02497031
3164,2.4869329085511125,0.7552310221325395,1.731701886418573,1.97500020,1.00002911,0.02497069
3165,2.4879329085511124,0.7552310221325395,1.7327018864185728,1.97499992,1.00002901,0.02497107
3166,2.488932756246269,0.7552135697261022,1.7337191865201667,1.97500101,1.00002891,0.02497008
3167,2.4899327562462688,0.7552135697261022,1.7347191865201665,1.97500073,1.00002881,0.02497046
3168,2.4909327562462686,0.7552135697261022,1.7357191865201664,1.97500046,1.00002871,0.02497083
3169,2.4919327562462685,0.7552135697261022,1.7367191865201663,1.97500018,1.00002861,0.02497120
3170,2.4929327562462684,0.7552135697261022,1.7377191865201662,1.97499991,1.00002852,0.02497158
3171,2.4939327562462683,0.7552135697261022,1.738719186520166,1.97499963,1.00002842,0.02497195
3172,2.494932603941425,0.7552310221325395,1.7397015818088852,1.97499799,1.00002833,0.02497368
3173,2.4959326039414247,0.7552310221325395,1.7407015818088851,1.97499772,1.00002823,0.02497405
3174,2.496932603941425,0.7552310221325395,1.7417015818088855,1.97499745,1.00002813,0.02497442
3175,2.497932451636581,0.7552135697261022,1.7427188819104789,1.97499854,1.00002803,0.02497342
3176,2.498932299331737,0.755196117319665,1.7437361820120723,1.97499964,1.00002794,0.02497243
3177,2.499932147026894,0.7551786649132277,1.7447534821136663,1.97500073,1.00002784,0.02497143
3178,2.500931537853913,0.7552135644099303,1.7457179734439827,1.97499773,1.00002775,0.02497452
