,x,y,total energy,kinetic energy
0,0.7552087201092559,2.4959842047537606,-1.1532739786,1.1313655
1,0.7551912677028186,2.494984357058604,-1.1532822826,1.1313327
2,0.7552087201092559,2.493984509363448,-1.1532909190,1.1312664
3,0.7552087201092559,2.492984509363448,-1.1532995248,1.1312169
4,0.7552261725156931,2.4919846616682912,-1.1533082180,1.1311504
5,0.7552261725156931,2.490984661668292,-1.1533167866,1.1311004
6,0.7552261725156931,2.4899846616682915,-1.1533253826,1.1310503
7,0.7552087201092559,2.488984813973135,-1.1533338498,1.1310169
8,0.7552087201092559,2.487984813973135,-1.1533425007,1.1309666
9,0.7552087201092559,2.486984813973135,-1.1533511793,1.1309162
10,0.7552087201092559,2.485984813973136,-1.1533598857,1.1308657
11,0.7552087201092559,2.4849848139731354,-1.1533686202,1.1308150
12,0.7552261725156931,2.483984966277979,-1.1533775392,1.1307476
13,0.7552261725156931,2.482984966277979,-1.1533863301,1.1306968
14,0.7552261725156931,2.481984966277979,-1.1533951491,1.1306458
15,0.7552261725156931,2.48098496627798,-1.1534039795,1.1305974
16,0.7552261725156931,2.47998496627798,-1.1534128551,1.1305462
17,0.7552261725156931,2.4789849662779795,-1.1534217589,1.1304949
18,0.7552261725156931,2.47798496627798,-1.1534306912,1.1304435
19,0.7552261725156931,2.47698496627798,-1.1534396521,1.1303919
20,0.7552261725156931,2.47598496627798,-1.1534497399,1.1303393
21,0.7552261725156931,2.47498496627798,-1.1534587647,1.1302875
22,0.7552261725156931,2.47398496627798,-1.1534678182,1.1302356
23,0.7552261725156931,2.47298496627798,-1.1534769005,1.1301836
24,0.7552261725156931,2.4719849662779803,-1.1534860118,1.1301315
25,0.7552261725156931,2.4709849662779804,-1.1534951520,1.1300793
26,0.7552261725156931,2.4699849662779805,-1.1535043212,1.1300270
27,0.7552261725156931,2.4689849662779806,-1.1535135197,1.1299745
28,0.7552436249221304,2.467985118582824,-1.1535229122,1.1299053
29,0.7552436249221304,2.466985118582824,-1.1535321697,1.1298526
30,0.7552436249221304,2.4659851185828243,-1.1535414565,1.1297998
31,0.7552436249221304,2.4649851185828244,-1.1535507728,1.1297469
32,0.7552436249221304,2.4639851185828245,-1.1535601186,1.1296938
33,0.7552436249221304,2.4629851185828247,-1.1535694940,1.1296407
34,0.7552436249221304,2.4619851185828248,-1.1535788990,1.1295874
35,0.7552436249221304,2.460985118582825,-1.1535883338,1.1295341
36,0.7552436249221304,2.459985118582825,-1.1535977985,1.1294806
37,0.7552436249221304,2.458985118582825,-1.1536072930,1.1294270
38,0.7552436249221304,2.457985118582825,-1.1536168174,1.1293733
39,0.7552436249221304,2.4569851185828253,-1.1536263720,1.1293194
40,0.7552436249221304,2.4559851185828254,-1.1536359567,1.1292655
41,0.7552436249221304,2.454985118582825,-1.1536455715,1.1292114
42,0.7552436249221304,2.4539851185828256,-1.1536552167,1.1291572
43,0.7552436249221304,2.4529851185828258,-1.1536648922,1.1291029
44,0.7552436249221304,2.451985118582826,-1.1536745982,1.1290485
45,0.7552436249221304,2.450985118582826,-1.1536843348,1.1289940
46,0.7552436249221304,2.449985118582826,-1.1536941019,1.1289393
47,0.7552436249221304,2.448985118582826,-1.1537038997,1.1288846
48,0.7552436249221304,2.4479851185828263,-1.1537137283,1.1288297
49,0.7552436249221304,2.4469851185828264,-1.1537235876,1.1287747
50,0.7552436249221304,2.4459851185828265,-1.1537334780,1.1287196
51,0.7552436249221304,2.444985118582826,-1.1537433989,1.1286644
52,0.7552436249221304,2.4439851185828267,-1.1537533512,1.1286091
53,0.7552436249221304,2.442985118582827,-1.1537633347,1.1285536
54,0.7552436249221304,2.441985118582827,-1.1537733494,1.1284980
55,0.7552436249221304,2.440985118582827,-1.1537833955,1.1284423
56,0.7552436249221304,2.439985118582827,-1.1537934729,1.1283865
57,0.7552436249221304,2.438985118582828,-1.1538035818,1.1283306
58,0.7552436249221304,2.4379851185828274,-1.1538137223,1.1282745
59,0.7552610773285676,2.436985270887671,-1.1538240766,1.1282016
60,0.7552610773285676,2.435985270887671,-1.1538342774,1.1281425
61,0.7552610773285676,2.434985270887671,-1.1538445138,1.1280860
62,0.7552610773285676,2.4339852708876712,-1.1538547821,1.1280295
63,0.7552610773285676,2.432985270887672,-1.1538650825,1.1279728
64,0.7552610773285676,2.4319852708876715,-1.1538754148,1.1279160
65,0.7552610773285676,2.430985270887672,-1.1538857793,1.1278591
66,0.7552610773285676,2.429985270887672,-1.1538961758,1.1278020
67,0.7552610773285676,2.428985270887672,-1.1539066048,1.1277449
68,0.7552610773285676,2.427985270887672,-1.1539170661,1.1276876
69,0.7552610773285676,2.426985270887672,-1.1539275598,1.1276302
70,0.7552610773285676,2.425985270887672,-1.1539380860,1.1275727
71,0.7552610773285676,2.424985270887672,-1.1539486449,1.1275151
72,0.7552610773285676,2.4239852708876723,-1.1539592364,1.1274573
73,0.7552610773285676,2.4229852708876725,-1.1539698607,1.1273995
74,0.7552610773285676,2.421985270887673,-1.1539805179,1.1273415
75,0.7552610773285676,2.4209852708876727,-1.1539912080,1.1272834
76,0.7552610773285676,2.419985270887673,-1.1540019311,1.1272251
77,0.7552610773285676,2.418985270887673,-1.1540126873,1.1271668
78,0.7552610773285676,2.417985270887673,-1.1540234767,1.1271083
79,0.7552610773285676,2.416985270887673,-1.1540342994,1.1270497
80,0.7552610773285676,2.415985270887673,-1.1540451554,1.1269910
81,0.7552610773285676,2.4149852708876733,-1.1540560448,1.1269322
82,0.7552610773285676,2.413985270887673,-1.1540669678,1.1268732
83,0.7552610773285676,2.4129852708876736,-1.1540779242,1.1268142
84,0.7552785297350049,2.411985423192517,-1.1540891115,1.1267382
85,0.7552785297350049,2.410985423192517,-1.1541001360,1.1266789
86,0.7552785297350049,2.4099854231925173,-1.1541111944,1.1266194
87,0.7552785297350049,2.4089854231925174,-1.1541222868,1.1265599
88,0.7552785297350049,2.407985423192517,-1.1541334131,1.1265002
89,0.7552785297350049,2.4069854231925176,-1.1541445735,1.1264404
90,0.7552785297350049,2.4059854231925177,-1.1541557681,1.1263805
91,0.7552785297350049,2.404985423192518,-1.1541669970,1.1263204
92,0.7552785297350049,2.403985423192518,-1.1541782602,1.1262602
93,0.7552785297350049,2.402985423192518,-1.1541895579,1.1262000
94,0.7552785297350049,2.401985423192518,-1.1542008901,1.1261396
95,0.7552785297350049,2.4009854231925183,-1.1542122569,1.1260790
96,0.7552785297350049,2.3999854231925184,-1.1542236584,1.1260184
97,0.7552785297350049,2.3989854231925185,-1.1542350946,1.1259576
98,0.7552785297350049,2.3979854231925186,-1.1542465657,1.1258967
99,0.7552785297350049,2.3969854231925187,-1.1542580717,1.1258357
100,0.7552785297350049,2.395985423192519,-1.1542696128,1.1257745
101,0.7552785297350049,2.394985423192519,-1.1542811890,1.1257133
102,0.7552785297350049,2.393985423192519,-1.1542957728,1.1256530
103,0.7552785297350049,2.392985423192519,-1.1543074430,1.1255916
104,0.7552785297350049,2.39198542319252,-1.1543191487,1.1255300
105,0.7552785297350049,2.3909854231925194,-1.1543308900,1.1254683
106,0.7552785297350049,2.3899854231925195,-1.1543426670,1.1254065
107,0.7552959821414421,2.388985575497363,-1.1543546911,1.1253277
108,0.7552959821414421,2.387985575497363,-1.1543665404,1.1252656
109,0.7552959821414421,2.3869855754973632,-1.1543784258,1.1252034
110,0.7552959821414421,2.385985575497364,-1.1543903472,1.1251411
111,0.7552959821414421,2.3849855754973635,-1.1544023047,1.1250787
112,0.7552959821414421,2.383985575497364,-1.1544142986,1.1250161
113,0.7552959821414421,2.382985575497364,-1.1544263287,1.1249534
114,0.7552959821414421,2.381985575497364,-1.1544383952,1.1248906
115,0.7552959821414421,2.380985575497364,-1.1544504982,1.1248277
116,0.7552959821414421,2.379985575497364,-1.1544626377,1.1247646
117,0.7552959821414421,2.378985575497364,-1.1544748140,1.1247014
118,0.7552959821414421,2.377985575497364,-1.1544870270,1.1246381
119,0.7552959821414421,2.3769855754973643,-1.1544992770,1.1245747
120,0.7552959821414421,2.3759855754973644,-1.1545115637,1.1245112
121,0.7552959821414421,2.374985575497365,-1.1545238875,1.1244475
122,0.7552959821414421,2.3739855754973647,-1.1545362485,1.1243837
123,0.7552959821414421,2.3729855754973648,-1.1545486467,1.1243198
124,0.7552959821414421,2.371985575497365,-1.1545610820,1.1242557
125,0.7552959821414421,2.370985575497365,-1.1545735549,1.1241916
126,0.7552959821414421,2.369985575497365,-1.1545860652,1.1241273
127,0.7553134345478794,2.3689857278022086,-1.1545988375,1.1240460
128,0.7553134345478794,2.3679857278022087,-1.1546114236,1.1239815
129,0.7553134345478794,2.366985727802209,-1.1546240476,1.1239168
130,0.7553134345478794,2.365985727802209,-1.1546367093,1.1238521
131,0.7553134345478794,2.364985727802209,-1.1546494090,1.1237872
132,0.7553134345478794,2.363985727802209,-1.1546621467,1.1237221
133,0.7553134345478794,2.3629857278022093,-1.1546749225,1.1236570
134,0.7553134345478794,2.3619857278022094,-1.1546877365,1.1235917
135,0.7553134345478794,2.360985727802209,-1.1547005887,1.1235263
136,0.7553134345478794,2.3599857278022096,-1.1547134794,1.1234608
137,0.7553134345478794,2.3589857278022097,-1.1547264085,1.1233951
138,0.7553134345478794,2.35798572780221,-1.1547393761,1.1233294
139,0.7553134345478794,2.35698572780221,-1.1547523823,1.1232635
140,0.7553134345478794,2.35598572780221,-1.1547654273,1.1231975
141,0.7553134345478794,2.35498572780221,-1.1547785111,1.1231313
142,0.7553134345478794,2.3539857278022103,-1.1547916338,1.1230650
143,0.7553134345478794,2.3529857278022104,-1.1548047955,1.1229987
144,0.7553134345478794,2.3519857278022105,-1.1548179965,1.1229321
145,0.7553134345478794,2.3509857278022106,-1.1548312365,1.1228655
146,0.7553308869543166,2.349985880107054,-1.1548447532,1.1227819
147,0.7553308869543166,2.3489858801070542,-1.1548580726,1.1227150
148,0.7553308869543166,2.3479858801070543,-1.1548714315,1.1226480
149,0.7553308869543166,2.3469858801070544,-1.1548848298,1.1225808
150,0.7553308869543166,2.3459858801070546,-1.1548982679,1.1225136
151,0.7553308869543166,2.3449858801070547,-1.1549117457,1.1224462
152,0.7553308869543166,2.3439858801070548,-1.1549252633,1.1223787
153,0.7553308869543166,2.342985880107055,-1.1549388208,1.1223110
154,0.7553308869543166,2.341985880107055,-1.1549524184,1.1222433
155,0.7553308869543166,2.340985880107055,-1.1549660560,1.1221754
156,0.7553308869543166,2.339985880107055,-1.1549797339,1.1221074
157,0.7553308869543166,2.338985880107056,-1.1549934520,1.1220393
158,0.7553308869543166,2.3379858801070554,-1.1550072104,1.1219710
159,0.7553308869543166,2.3369858801070555,-1.1550210095,1.1219026
160,0.7553308869543166,2.335985880107056,-1.1550348490,1.1218341
161,0.7553308869543166,2.334985880107056,-1.1550487292,1.1217655
162,0.7553483393607539,2.3339860324119,-1.1550628990,1.1216798
163,0.7553483393607539,2.3329860324118994,-1.1550768616,1.1216110
164,0.7553483393607539,2.3319860324118995,-1.1550908650,1.1215420
165,0.7553483393607539,2.3309860324119,-1.1551049095,1.1214728
166,0.7553483393607539,2.3299860324119,-1.1551189950,1.1214036
167,0.7553483393607539,2.3289860324119,-1.1551331218,1.1213342
168,0.7553483393607539,2.3279860324119,-1.1551472899,1.1212647
169,0.7553483393607539,2.3269860324119,-1.1551614995,1.1211951
170,0.7553483393607539,2.3259860324119,-1.1551757506,1.1211253
171,0.7553483393607539,2.3249860324119003,-1.1551900432,1.1210555
172,0.7553483393607539,2.3239860324119004,-1.1552043775,1.1209855
173,0.7553483393607539,2.3229860324119005,-1.1552187537,1.1209153
174,0.7553483393607539,2.3219860324119006,-1.1552331716,1.1208451
175,0.7553483393607539,2.3209860324119007,-1.1552476311,1.1207747
176,0.7553483393607539,2.319986032411901,-1.1552621332,1.1207042
177,0.7553483393607539,2.318986032411901,-1.1552766773,1.1206336
178,0.7553657917671911,2.3179861847167444,-1.1552915241,1.1205459
179,0.7553657917671911,2.316986184716745,-1.1553061536,1.1204750
180,0.7553657917671911,2.3159861847167447,-1.1553208255,1.1204040
181,0.7553657917671911,2.3149861847167448,-1.1553355401,1.1203329
182,0.7553657917671911,2.313986184716745,-1.1553502971,1.1202617
183,0.7553657917671911,2.312986184716745,-1.1553650969,1.1201903
184,0.7553657917671911,2.311986184716745,-1.1553799395,1.1201188
185,0.7553657917671911,2.310986184716745,-1.1553948251,1.1200472
186,0.7553657917671911,2.3099861847167453,-1.1554097537,1.1199754
187,0.7553657917671911,2.308986184716745,-1.1554247253,1.1199036
188,0.7553657917671911,2.307986184716745,-1.1554397402,1.1198316
189,0.7553657917671911,2.3069861847167457,-1.1554547984,1.1197594
190,0.7553657917671911,2.3059861847167458,-1.1554699000,1.1196872
191,0.7553657917671911,2.304986184716746,-1.1554850450,1.1196148
192,0.7553832441736283,2.3039863370215894,-1.1555006565,1.1195253
193,0.7553832441736283,2.302986337021589,-1.1555158904,1.1194527
194,0.7553832441736283,2.3019863370215896,-1.1555311682,1.1193799
195,0.7553832441736283,2.3009863370215897,-1.1555464897,1.1193071
196,0.7553832441736283,2.29998633702159,-1.1555618553,1.1192341
197,0.7553832441736283,2.29898633702159,-1.1555772649,1.1191609
198,0.7553832441736283,2.29798633702159,-1.1555927187,1.1190877
199,0.7553832441736283,2.29698633702159,-1.1556082167,1.1190143
200,0.7553832441736283,2.2959863370215903,-1.1556236956,1.1189539
201,0.7553832441736283,2.2949863370215904,-1.1556392890,1.1188799
202,0.7553832441736283,2.2939863370215905,-1.1556549278,1.1188057
203,0.7553832441736283,2.2929863370215906,-1.1556706119,1.1187314
204,0.7553832441736283,2.2919863370215907,-1.1556863413,1.1186570
205,0.7553832441736283,2.290986337021591,-1.1557021158,1.1185824
206,0.7554006965800656,2.2899864893264343,-1.1557178240,1.1184911
207,0.7554006965800656,2.2889864893264344,-1.1557336860,1.1184164
208,0.7554006965800656,2.2879864893264346,-1.1557495933,1.1183415
209,0.7554006965800656,2.2869864893264347,-1.1557655459,1.1182665
210,0.7554006965800656,2.285986489326435,-1.1557815437,1.1181914
211,0.7554006965800656,2.284986489326435,-1.1557975868,1.1181162
212,0.7554006965800656,2.283986489326435,-1.1558136753,1.1180409
213,0.7554006965800656,2.282986489326435,-1.1558298093,1.1179655
214,0.7554006965800656,2.281986489326435,-1.1558459888,1.1178899
215,0.7554006965800656,2.280986489326436,-1.1558622069,1.1178144
216,0.7554006965800656,2.2799864893264354,-1.1558784775,1.1177386
217,0.7554006965800656,2.2789864893264355,-1.1558947937,1.1176627
218,0.7554181489865028,2.277986641631279,-1.1559114459,1.1175698
219,0.7554181489865028,2.276986641631279,-1.1559332512,1.1174782
220,0.7554181489865028,2.27598664163128,-1.1559497596,1.1174018
221,0.7554181489865028,2.2749866416312794,-1.1559663147,1.1173253
222,0.7554181489865028,2.2739866416312795,-1.1559829165,1.1172487
223,0.7554181489865028,2.27298664163128,-1.1559995652,1.1171720
224,0.7554181489865028,2.27198664163128,-1.1560169793,1.1170934
225,0.7554181489865028,2.27098664163128,-1.1560337584,1.1170125
226,0.7554181489865028,2.26998664163128,-1.1560505713,1.1169469
227,0.7554181489865028,2.26898664163128,-1.1560674237,1.1168693
228,0.7554181489865028,2.26798664163128,-1.1560843240,1.1167914
229,0.7554181489865028,2.2669866416312803,-1.1561012707,1.1167135
230,0.7554356013929401,2.265986793936124,-1.1561185528,1.1166184
231,0.7554356013929401,2.264986793936124,-1.1561355958,1.1165404
232,0.7554356013929401,2.263986793936124,-1.1561526820,1.1164621
233,0.7554356013929401,2.262986793936124,-1.1561698166,1.1163839
234,0.7554356013929401,2.261986793936124,-1.1561869985,1.1163055
235,0.7554356013929401,2.2609867939361243,-1.1562042276,1.1162272
236,0.7554356013929401,2.2599867939361244,-1.1562212860,1.1161492
237,0.7554356013929401,2.258986793936125,-1.1562386012,1.1160707
238,0.7554356013929401,2.2579867939361247,-1.1562559653,1.1159922
239,0.7554356013929401,2.256986793936125,-1.1562733782,1.1159135
240,0.7554356013929401,2.255986793936125,-1.1562908356,1.1158359
241,0.7554530537993773,2.2549869462409684,-1.1563086566,1.1157401
242,0.7554530537993773,2.2539869462409685,-1.1563262164,1.1156611
243,0.7554530537993773,2.2529869462409686,-1.1563438256,1.1155820
244,0.7554530537993773,2.2519869462409687,-1.1563614840,1.1155028
245,0.7554530537993773,2.250986946240969,-1.1563791914,1.1154234
246,0.7554530537993773,2.249986946240969,-1.1563969481,1.1153440
247,0.7554530537993773,2.248986946240969,-1.1564147541,1.1152643
248,0.7554530537993773,2.247986946240969,-1.1564326027,1.1151845
249,0.7554530537993773,2.2469869462409693,-1.1564505086,1.1151046
250,0.7554530537993773,2.2459869462409694,-1.1564684638,1.1150246
251,0.7554530537993773,2.244986946240969,-1.1564866804,1.1149440
252,0.7554705062058146,2.243987098545813,-1.1565050492,1.1148467
253,0.7554705062058146,2.242987098545813,-1.1565231599,1.1147663
254,0.7554705062058146,2.241987098545813,-1.1565413095,1.1146857
255,0.7554705062058146,2.2409870985458133,-1.1565595089,1.1146050
256,0.7554705062058146,2.239987098545813,-1.1565777581,1.1145242
257,0.7554705062058146,2.2389870985458136,-1.1565960573,1.1144432
258,0.7554705062058146,2.2379870985458137,-1.1566144064,1.1143622
259,0.7554705062058146,2.236987098545814,-1.1566328058,1.1142810
260,0.7554705062058146,2.235987098545814,-1.1566512554,1.1141997
261,0.7554705062058146,2.234987098545814,-1.1566697556,1.1141183
262,0.7554879586122518,2.233987250850657,-1.1566886366,1.1140198
263,0.7554879586122518,2.2329872508506576,-1.1567072393,1.1139382
264,0.7554879586122518,2.2319872508506577,-1.1567258932,1.1138564
265,0.7554879586122518,2.230987250850658,-1.1567445985,1.1137746
266,0.7554879586122518,2.229987250850658,-1.1567633554,1.1136927
267,0.7554879586122518,2.228987250850658,-1.1567821643,1.1136107
268,0.7554879586122518,2.227987250850658,-1.1568010254,1.1135285
269,0.7554879586122518,2.2269872508506583,-1.1568199388,1.1134463
270,0.7554879586122518,2.2259872508506584,-1.1568389049,1.1133640
271,0.7554879586122518,2.2249872508506585,-1.1568579239,1.1132816
272,0.7555054110186891,2.223987403155502,-1.1568773342,1.1131820
273,0.7555054110186891,2.222987403155502,-1.1568964603,1.1130994
274,0.7555054110186891,2.2219874031555022,-1.1569156398,1.1130166
275,0.7555054110186891,2.2209874031555024,-1.1569346240,1.1129341
276,0.7555054110186891,2.2199874031555025,-1.1569539038,1.1128511
277,0.7555054110186891,2.2189874031555026,-1.1569732369,1.1127680
278,0.7555054110186891,2.2179874031555027,-1.1569926236,1.1126849
279,0.7555054110186891,2.216987403155503,-1.1570120638,1.1126016
280,0.7555054110186891,2.215987403155503,-1.1570315574,1.1125181
281,0.7555228634251263,2.2149875554603464,-1.1570514506,1.1124176
282,0.7555228634251263,2.2139875554603465,-1.1570710523,1.1123339
283,0.7555228634251263,2.212987555460346,-1.1570907075,1.1122502
284,0.7555228634251263,2.2119875554603468,-1.1571104164,1.1121663
285,0.7555228634251263,2.210987555460347,-1.1571301789,1.1120824
286,0.7555228634251263,2.209987555460347,-1.1571499952,1.1119983
287,0.7555228634251263,2.208987555460347,-1.1571698660,1.1119141
288,0.7555228634251263,2.207987555460347,-1.1571898005,1.1118296
289,0.7555228634251263,2.206987555460348,-1.1572097794,1.1117452
290,0.7555403158315636,2.205987707765191,-1.1572301658,1.1116435
291,0.7555403158315636,2.204987707765191,-1.1572502528,1.1115589
292,0.7555403158315636,2.203987707765191,-1.1572703935,1.1114741
293,0.7555403158315636,2.202987707765191,-1.1572905879,1.1113891
294,0.7555403158315636,2.201987707765192,-1.1573108310,1.1113041
295,0.7555403158315636,2.200987707765192,-1.1573311338,1.1112190
296,0.7555403158315636,2.1999877077651915,-1.1573548108,1.1111228
297,0.7555403158315636,2.198987707765192,-1.1573752474,1.1110374
298,0.7555577682380008,2.197987860070035,-1.1573961009,1.1109348
299,0.7555577682380008,2.196987860070035,-1.1574166506,1.1108492
300,0.7555577682380008,2.195987860070036,-1.1574372569,1.1107635
301,0.7555577682380008,2.1949878600700354,-1.1574579047,1.1106781
302,0.7555577682380008,2.1939878600700355,-1.1574786251,1.1105922
303,0.7555577682380008,2.192987860070036,-1.1574994034,1.1105062
304,0.7555577682380008,2.191987860070036,-1.1575202398,1.1104201
305,0.7555577682380008,2.190987860070036,-1.1575411347,1.1103338
306,0.755575220644438,2.1899880123748794,-1.1575624547,1.1102304
307,0.755575220644438,2.1889880123748795,-1.1575834679,1.1101439
308,0.755575220644438,2.18798801237488,-1.1576045400,1.1100573
309,0.755575220644438,2.18698801237488,-1.1576256715,1.1099706
310,0.755575220644438,2.18598801237488,-1.1576468623,1.1098837
311,0.755575220644438,2.18498801237488,-1.1576681126,1.1097967
312,0.755575220644438,2.18398801237488,-1.1576894224,1.1097096
313,0.755575220644438,2.18298801237488,-1.1577107918,1.1096224
314,0.7555926730508753,2.181988164679724,-1.1577325924,1.1095180
315,0.7555926730508753,2.180988164679724,-1.1577540816,1.1094305
316,0.7555926730508753,2.179988164679724,-1.1577756303,1.1093428
317,0.7555926730508753,2.178988164679724,-1.1577972384,1.1092551
318,0.7555926730508753,2.177988164679724,-1.1578189057,1.1091672
319,0.7555926730508753,2.176988164679724,-1.1578406321,1.1090792
320,0.7555926730508753,2.1759881646797243,-1.1578624171,1.1089911
321,0.7555926730508753,2.1749881646797244,-1.1578842608,1.1089028
322,0.7556101254573125,2.173988316984568,-1.1579065408,1.1087974
323,0.7556101254573125,2.172988316984568,-1.1579285015,1.1087089
324,0.7556101254573125,2.171988316984568,-1.1579498610,1.1086158
325,0.7556101254573125,2.1709883169845683,-1.1579718782,1.1085269
326,0.7556101254573125,2.1699883169845684,-1.1579939541,1.1084378
327,0.7556101254573125,2.1689883169845685,-1.1580160889,1.1083486
328,0.7556101254573125,2.1679883169845686,-1.1580382828,1.1082592
329,0.7556275778637498,2.166988469289412,-1.1580609263,1.1081528
330,0.7556275778637498,2.165988469289412,-1.1580832397,1.1080632
331,0.7556275778637498,2.1649884692894124,-1.1581056124,1.1079736
332,0.7556275778637498,2.1639884692894125,-1.1581280445,1.1078838
333,0.7556275778637498,2.162988469289413,-1.1581505359,1.1077940
334,0.7556275778637498,2.1619884692894127,-1.1581730866,1.1077040
335,0.7556275778637498,2.160988469289413,-1.1581956965,1.1076139
336,0.755645030270187,2.1599886215942563,-1.1582187625,1.1075067
337,0.755645030270187,2.1589886215942564,-1.1582414918,1.1074164
338,0.755645030270187,2.1579886215942565,-1.1582642802,1.1073260
339,0.755645030270187,2.1569886215942566,-1.1582871279,1.1072354
340,0.755645030270187,2.1559886215942567,-1.1583100348,1.1071448
341,0.755645030270187,2.154988621594257,-1.1583330011,1.1070541
342,0.755645030270187,2.153988621594257,-1.1583560266,1.1069633
343,0.7556624826766243,2.1529887738991005,-1.1583795156,1.1068553
344,0.7556624826766243,2.1519887738991006,-1.1584026613,1.1067643
345,0.7556624826766243,2.1509887738991007,-1.1584258667,1.1066732
346,0.7556624826766243,2.149988773899101,-1.1584491322,1.1065820
347,0.7556624826766243,2.148988773899101,-1.1584724572,1.1064906
348,0.7556624826766243,2.147988773899101,-1.1584958426,1.1063992
349,0.7556799350830615,2.1469889262039445,-1.1585201953,1.1062900
350,0.7556799350830615,2.1459889262039447,-1.1585437103,1.1061982
351,0.7556799350830615,2.1449889262039448,-1.1585672865,1.1061064
352,0.7556799350830615,2.143988926203945,-1.1585909239,1.1060144
353,0.7556799350830615,2.142988926203945,-1.1586146223,1.1059223
354,0.7556799350830615,2.141988926203945,-1.1586383816,1.1058301
355,0.7556799350830615,2.140988926203945,-1.1586622020,1.1057379
356,0.7556973874894988,2.1399890785087887,-1.1586865025,1.1056285
357,0.7556973874894988,2.138989078508789,-1.1587101365,1.1055360
358,0.7556973874894988,2.137989078508789,-1.1587341338,1.1054435
359,0.7556973874894988,2.136989078508789,-1.1587581935,1.1053508
360,0.7556973874894988,2.135989078508789,-1.1587823157,1.1052580
361,0.7556973874894988,2.1349890785087893,-1.1588065003,1.1051651
362,0.755714839895936,2.133989230813633,-1.1588311696,1.1050551
363,0.755714839895936,2.132989230813633,-1.1588554807,1.1049619
364,0.755714839895936,2.131989230813633,-1.1588798547,1.1048687
365,0.755714839895936,2.130989230813633,-1.1589042916,1.1047753
366,0.755714839895936,2.129989230813633,-1.1589287918,1.1046818
367,0.755714839895936,2.1289892308136333,-1.1589533551,1.1045882
368,0.755714839895936,2.127989230813633,-1.1589779818,1.1044945
369,0.7557322923023733,2.126989383118477,-1.1590031006,1.1043837
370,0.7557322923023733,2.125989383118477,-1.1590278554,1.1042898
371,0.7557322923023733,2.124989383118477,-1.1590526740,1.1041957
372,0.7557322923023733,2.1239893831184773,-1.1590775566,1.1041016
373,0.7557322923023733,2.1229893831184774,-1.1591025032,1.1040073
374,0.7557322923023733,2.121989383118477,-1.1591275139,1.1039130
375,0.7557497447088105,2.120989535423321,-1.1591530231,1.1038015
376,0.7557497447088105,2.119989535423321,-1.1591781634,1.1037070
377,0.7557497447088105,2.118989535423321,-1.1592033683,1.1036124
378,0.7557497447088105,2.1179895354233214,-1.1592286378,1.1035177
379,0.7557497447088105,2.116989535423321,-1.1592539717,1.1034229
380,0.7557671971152478,2.115989687728165,-1.1592798097,1.1033110
381,0.7557671971152478,2.114989687728165,-1.1593052759,1.1032161
382,0.7557671971152478,2.113989687728165,-1.1593308059,1.1031211
383,0.7557671971152478,2.1129896877281653,-1.1593564010,1.1030261
384,0.7557671971152478,2.1119896877281654,-1.1593816288,1.1029348
385,0.7557671971152478,2.110989687728165,-1.1594073468,1.1028397
386,0.755784649521685,2.109989840033009,-1.1594335757,1.1027275
387,0.755784649521685,2.108989840033009,-1.1594594264,1.1026322
388,0.755784649521685,2.1079898400330093,-1.1594853433,1.1025369
389,0.755784649521685,2.1069898400330094,-1.1595113268,1.1024414
390,0.755784649521685,2.105989840033009,-1.1595373771,1.1023458
391,0.755784649521685,2.1049898400330096,-1.1595634944,1.1022501
392,0.7558021019281222,2.103989992337853,-1.1595901301,1.1021371
393,0.7558021019281222,2.102989992337853,-1.1596163823,1.1020410
394,0.7558021019281222,2.1019899923378533,-1.1596427018,1.1019447
395,0.7558021019281222,2.100989992337853,-1.1596691177,1.1018471
396,0.7558021019281222,2.0999899923378536,-1.1596955732,1.1017495
397,0.7558195543345595,2.098990144642697,-1.1597225558,1.1016345
398,0.7558195543345595,2.097990144642697,-1.1597491619,1.1015362
399,0.7558195543345595,2.0969901446426973,-1.1597758504,1.1014389
400,0.7558195543345595,2.0959901446426974,-1.1598025963,1.1013451
401,0.7558195543345595,2.094990144642697,-1.1598293243,1.1012561
402,0.7558370067409967,2.093990296947541,-1.1598564849,1.1011501
403,0.7558370067409967,2.092990296947541,-1.1598832491,1.1010562
404,0.7558370067409967,2.091990296947541,-1.1599101698,1.1009574
405,0.7558370067409967,2.0909902969475413,-1.1599372190,1.1008571
406,0.7558370067409967,2.089990296947541,-1.1599643536,1.1007573
407,0.755854459147434,2.088990449252385,-1.1599920192,1.1006414
408,0.755854459147434,2.087990449252385,-1.1600192832,1.1005433
409,0.755854459147434,2.086990449252385,-1.1600466104,1.1004457
410,0.755854459147434,2.0859904492523853,-1.1600740009,1.1003484
411,0.755854459147434,2.0849904492523854,-1.1601014535,1.1002511
412,0.7558719115538712,2.083990601557229,-1.1601294385,1.1001368
413,0.7558719115538712,2.082990601557229,-1.1601570126,1.1000396
414,0.7558719115538712,2.081990601557229,-1.1601846475,1.0999423
415,0.7558719115538712,2.0809906015572293,-1.1602123451,1.0998448
416,0.7558719115538712,2.0799906015572294,-1.1602401084,1.0997473
417,0.7558893639603085,2.078990753862073,-1.1602684185,1.0996326
418,0.7558893639603085,2.077990753862073,-1.1602963492,1.0995339
419,0.7558893639603085,2.076990753862073,-1.1603243099,1.0994363
420,0.7558893639603085,2.075990753862073,-1.1603523424,1.0993383
421,0.7558893639603085,2.0749907538620733,-1.1603804467,1.0992401
422,0.7559068163667457,2.073990906166917,-1.1604091073,1.0991248
423,0.7559068163667457,2.072990906166917,-1.1604373586,1.0990263
424,0.7559068163667457,2.071990906166917,-1.1604656828,1.0989278
425,0.7559068163667457,2.070990906166917,-1.1604940791,1.0988291
426,0.7559068163667457,2.0699909061669173,-1.1605225464,1.0987303
427,0.755924268773183,2.068991058471761,-1.1605515716,1.0986144
428,0.755924268773183,2.067991058471761,-1.1605801788,1.0985153
429,0.755924268773183,2.066991058471761,-1.1606088541,1.0984162
430,0.755924268773183,2.065991058471761,-1.1606375971,1.0983170
431,0.7559417211796202,2.0649912107766046,-1.1606669002,1.0982006
432,0.7559417211796202,2.0639912107766047,-1.1606958360,1.0981012
433,0.7559417211796202,2.062991210776605,-1.1607247705,1.0980017
434,0.7559417211796202,2.061991210776605,-1.1607537731,1.0979021
435,0.7559417211796202,2.060991210776605,-1.1607828448,1.0978024
436,0.7559591735860575,2.0599913630814486,-1.1608124853,1.0976856
437,0.7559591735860575,2.0589913630814487,-1.1608416987,1.0975858
438,0.7559591735860575,2.057991363081449,-1.1608709833,1.0974858
439,0.7559591735860575,2.056991363081449,-1.1609003393,1.0973858
440,0.7559766259924947,2.0559915153862924,-1.1609302698,1.0972688
441,0.7559766259924947,2.0549915153862925,-1.1609597702,1.0971686
442,0.7559766259924947,2.0539915153862927,-1.1609894030,1.0970688
443,0.7559766259924947,2.0529915153862928,-1.1610189688,1.0969677
444,0.7559766259924947,2.051991515386293,-1.1610486850,1.0968674
445,0.755994078398932,2.0509916676911364,-1.1610789800,1.0967499
446,0.755994078398932,2.0499916676911365,-1.1611088390,1.0966494
447,0.755994078398932,2.0489916676911366,-1.1611387687,1.0965489
448,0.755994078398932,2.0479916676911367,-1.1611687671,1.0964480
449,0.7560115308053692,2.04699181999598,-1.1611993518,1.0963302
450,0.7560115308053692,2.0459918199959803,-1.1612294971,1.0962294
451,0.7560115308053692,2.0449918199959805,-1.1612597174,1.0961282
452,0.7560115308053692,2.043991819995981,-1.1612900081,1.0960272
453,0.7560289832118064,2.042991972300824,-1.1613208824,1.0959097
454,0.7560289832118064,2.041991972300824,-1.1613521269,1.0958033
455,0.7560289832118064,2.0409919723008243,-1.1613825101,1.0957107
456,0.7560289832118064,2.0399919723008244,-1.1614130850,1.0956097
457,0.7560464356182437,2.038992124605668,-1.1614442587,1.0954915
458,0.7560464356182437,2.037992124605668,-1.1614749899,1.0953901
459,0.7560464356182437,2.036992124605668,-1.1615057979,1.0952885
460,0.7560464356182437,2.0359921246056683,-1.1615366811,1.0951867
461,0.7560638880246809,2.034992276910512,-1.1615681619,1.0950678
462,0.7560638880246809,2.033992276910512,-1.1615991879,1.0949657
463,0.7560638880246809,2.032992276910512,-1.1616306659,1.0948624
464,0.7560638880246809,2.031992276910512,-1.1616618256,1.0947600
465,0.7560813404311182,2.030992429215356,-1.1616935830,1.0946404
466,0.7560813404311182,2.029992429215356,-1.1617248859,1.0945375
467,0.7560813404311182,2.028992429215356,-1.1617562710,1.0944345
468,0.7560813404311182,2.027992429215356,-1.1617877376,1.0943315
469,0.7560987928375554,2.0269925815201995,-1.1618198151,1.0942115
470,0.7560987928375554,2.0259925815202,-1.1618514344,1.0941084
471,0.7560987928375554,2.0249925815202,-1.1618831260,1.0940053
472,0.7560987928375554,2.0239925815202,-1.1619148835,1.0939021
473,0.7561162452439927,2.022992733825044,-1.1619472400,1.0937818
474,0.7561162452439927,2.0219927338250434,-1.1619791209,1.0936786
475,0.7561162452439927,2.0209927338250435,-1.1620110829,1.0935758
476,0.7561336976504299,2.019992886129887,-1.1620437014,1.0934568
477,0.7561336976504299,2.018992886129887,-1.1620759025,1.0933556
478,0.7561336976504299,2.017992886129888,-1.1621081617,1.0932539
479,0.7561336976504299,2.016992886129888,-1.1621417448,1.0931484
480,0.7561511500568672,2.015993038434731,-1.1621745827,1.0930254
481,0.7561511500568672,2.014993038434731,-1.1622065249,1.0929181
482,0.7561511500568672,2.013993038434731,-1.1622389706,1.0928147
483,0.7561511500568672,2.012993038434731,-1.1622714180,1.0927127
484,0.7561686024633044,2.0119931907395747,-1.1623046466,1.0925937
485,0.7561686024633044,2.010993190739575,-1.1623374293,1.0924911
486,0.7561686024633044,2.009993190739575,-1.1623702988,1.0923882
487,0.7561860548697417,2.0089933430444185,-1.1624037739,1.0922690
488,0.7561860548697417,2.0079933430444186,-1.1624367727,1.0921653
489,0.7561860548697417,2.0069933430444187,-1.1624698900,1.0920584
490,0.7561860548697417,2.005993343044419,-1.1625031683,1.0919510
491,0.7562035072761789,2.0049934953492623,-1.1625369617,1.0918347
492,0.7562035072761789,2.0039934953492624,-1.1625701789,1.0917338
493,0.7562035072761789,2.0029934953492625,-1.1626036928,1.0916277
494,0.7562209596826162,2.001993647654106,-1.1626371418,1.0915031
495,0.7562209596826162,2.000993647654106,-1.1626705721,1.0913992
496,0.7562209596826162,1.999993647654106,-1.1627041062,1.0912946
497,0.7562209596826162,1.998993647654106,-1.1627377112,1.0911896
498,0.7562384120890534,1.9979937999589497,-1.1627719567,1.0910676
499,0.7562384120890534,1.996993799958949,-1.1628057105,1.0909629
500,0.7562384120890534,1.9959937999589497,-1.1628395414,1.0908583
501,0.7562558644954906,1.9949939522637927,-1.1628740336,1.0907369
502,0.7562558644954906,1.9939939522637933,-1.1629089466,1.0906480
503,0.7562558644954906,1.9929939522637936,-1.1629428821,1.0905442
504,0.7562558644954906,1.9919939522637933,-1.1629769761,1.0904393
505,0.7562733169019279,1.9909941045686368,-1.1630117435,1.0903171
506,0.7562733169019279,1.989994104568637,-1.1630460327,1.0902118
507,0.7562733169019279,1.9889941045686368,-1.1630804147,1.0901065
508,0.7562907693083651,1.987994256873481,-1.1631154631,1.0899844
509,0.7562907693083651,1.986994256873481,-1.1631500194,1.0898794
510,0.7562907693083651,1.9859942568734807,-1.1631846585,1.0897744
511,0.7563082217148024,1.9849944091783247,-1.1632199601,1.0896525
512,0.7563082217148024,1.9839944091783248,-1.1632547626,1.0895437
513,0.7563082217148024,1.982994409178325,-1.1632896449,1.0894388
514,0.7563256741212396,1.9819945614831684,-1.1633251908,1.0893169
515,0.7563256741212396,1.9809945614831683,-1.1633602328,1.0892119
516,0.7563256741212396,1.9799945614831689,-1.1633953538,1.0891070
517,0.7563431265276769,1.978994713788012,-1.1634311377,1.0889850
518,0.7563431265276769,1.9779947137880125,-1.1634663999,1.0888796
519,0.7563431265276769,1.9769947137880124,-1.1635021817,1.0887738
520,0.7563605789341141,1.975994866092856,-1.1635382454,1.0886517
521,0.7563605789341141,1.974994866092856,-1.1635738381,1.0885458
522,0.7563605789341141,1.973994866092856,-1.1636095299,1.0884400
523,0.7563605789341141,1.972994866092856,-1.1636452425,1.0883350
524,0.7563780313405514,1.9719950183977,-1.1636816053,1.0882133
525,0.7563780313405514,1.9709950183977,-1.1637174073,1.0881086
526,0.7563780313405514,1.9699950183977,-1.1637530476,1.0879952
527,0.7563954837469886,1.968995170702544,-1.1637896221,1.0878731
528,0.7563954837469886,1.967995170702544,-1.1638255693,1.0877670
529,0.7564129361534259,1.966995323007387,-1.1638624560,1.0876479
530,0.7564129361534259,1.9659953230073872,-1.1638988835,1.0875371
531,0.7564129361534259,1.964995323007388,-1.1639347656,1.0874326
532,0.7564303885598631,1.9639954753122308,-1.1639717547,1.0873046
533,0.7564303885598631,1.962995475312231,-1.1640082437,1.0871982
534,0.7564303885598631,1.961995475312231,-1.1640448332,1.0870924
535,0.7564478409663004,1.9609956276170744,-1.1640820836,1.0869697
536,0.7564478409663004,1.959995627617075,-1.1641187989,1.0868640
537,0.7564478409663004,1.9589956276170748,-1.1641555828,1.0867583
538,0.7564652933727376,1.9579957799219183,-1.1641929689,1.0866356
539,0.7564652933727376,1.9569957799219184,-1.1642298987,1.0865298
540,0.7564652933727376,1.9559957799219183,-1.1642669067,1.0864238
541,0.7564827457791748,1.954995932226762,-1.1643046149,1.0863006
542,0.7564827457791748,1.9539959322267624,-1.1643418029,1.0861944
543,0.7564827457791748,1.9529959322267625,-1.1643790887,1.0860883
544,0.7565001981856121,1.9519960845316056,-1.1644170911,1.0859658
545,0.7565001981856121,1.950996084531606,-1.1644545697,1.0858603
546,0.7565001981856121,1.949996084531606,-1.1644921221,1.0857546
547,0.7565176505920493,1.9489962368364493,-1.1645303543,1.0856315
548,0.7565176505920493,1.9479962368364496,-1.1645680226,1.0855245
549,0.7565351029984866,1.9469963891412927,-1.1646063739,1.0853997
550,0.7565351029984866,1.9459963891412928,-1.1646441687,1.0852913
551,0.7565351029984866,1.9449963891412927,-1.1646820389,1.0851828
552,0.7565525554049238,1.9439965414461369,-1.1647206261,1.0850579
553,0.7565525554049238,1.942996541446137,-1.1647587558,1.0849504
554,0.7565525554049238,1.941996541446137,-1.1647969249,1.0848439
555,0.7565700078113611,1.9409966937509808,-1.1648358330,1.0847216
556,0.7565700078113611,1.9399966937509807,-1.1648741640,1.0846175
557,0.7565874602177983,1.938996846055824,-1.1649132751,1.0844961
558,0.7565874602177983,1.9379968460558243,-1.1649518101,1.0843904
559,0.7565874602177983,1.9369968460558245,-1.1649903725,1.0842831
560,0.7566049126242356,1.935996998360668,-1.1650295955,1.0841581
561,0.7566049126242356,1.934996998360668,-1.1650682464,1.0840503
562,0.7566223650306728,1.933997150665512,-1.1651076344,1.0839265
563,0.7566223650306728,1.932997150665512,-1.1651465199,1.0838199
564,0.7566223650306728,1.931997150665512,-1.1651855525,1.0837125
565,0.7566398174371101,1.9309973029703555,-1.1652251862,1.0835874
566,0.7566398174371101,1.929997302970356,-1.1652643869,1.0834793
567,0.7566398174371101,1.9289973029703555,-1.1653036635,1.0833742
568,0.7566572698435473,1.927997455275199,-1.1653437872,1.0832477
569,0.7566572698435473,1.9269974552751992,-1.1653832857,1.0831382
570,0.7566747222499846,1.925997607580043,-1.1654235912,1.0830221
571,0.7566747222499846,1.9249976075800428,-1.1654619983,1.0829129
572,0.7566747222499846,1.923997607580043,-1.1655016007,1.0827987
573,0.7566921746564218,1.9229977598848864,-1.1655426602,1.0826807
574,0.7566921746564218,1.9219977598848863,-1.1655828338,1.0825696
575,0.756709627062859,1.92099791218973,-1.1656229314,1.0824472
576,0.756709627062859,1.91999791218973,-1.1656630926,1.0823497
577,0.7567270794692963,1.9189980644945737,-1.1657034316,1.0822244
578,0.7567270794692963,1.9179980644945736,-1.1657442712,1.0821086
579,0.7567270794692963,1.9169980644945737,-1.1657844699,1.0820008
580,0.7567445318757335,1.9159982167994167,-1.1658249017,1.0818785
581,0.7567445318757335,1.9149982167994173,-1.1658659737,1.0817704
582,0.7567619842821708,1.913998369104261,-1.1659070699,1.0816369
583,0.7567619842821708,1.912998369104261,-1.1659478958,1.0815397
584,0.756779436688608,1.9119985214091049,-1.1659890653,1.0814146
585,0.756779436688608,1.9109985214091048,-1.1660298214,1.0813074
586,0.756779436688608,1.9099985214091049,-1.1660706431,1.0812001
587,0.7567968890950453,1.9089986737139484,-1.1661122291,1.0810766
588,0.7567968890950453,1.9079986737139485,-1.1661532036,1.0809667
589,0.7568143415014825,1.906998826018792,-1.1661944322,1.0808458
590,0.7568143415014825,1.905998826018792,-1.1662361063,1.0807372
591,0.7568317939079198,1.904998978323636,-1.1662774821,1.0806153
592,0.7568317939079198,1.903998978323636,-1.1663186723,1.0805073
593,0.7568317939079198,1.902998978323636,-1.1663610155,1.0803949
594,0.756849246314357,1.90199913062848,-1.1664031858,1.0802701
595,0.756849246314357,1.90099913062848,-1.1664443408,1.0801659
596,0.7568666987207943,1.899999282933323,-1.1664871731,1.0800401
597,0.7568666987207943,1.898999282933323,-1.1665282307,1.0799371
598,0.7568841511272315,1.8979994352381664,-1.1665706308,1.0798118
599,0.7568841511272315,1.8969994352381667,-1.1666128758,1.0797091
600,0.7569016035336688,1.8959995875430105,-1.1666553217,1.0795796
601,0.7569016035336688,1.8949995875430103,-1.1666974931,1.0794744
602,0.756919055940106,1.8939997398478536,-1.1667403975,1.0793606
603,0.756919055940106,1.892999739847854,-1.1667826708,1.0792521
604,0.756919055940106,1.891999739847854,-1.1668250362,1.0791433
605,0.7569365083465432,1.8909998921526976,-1.1668681913,1.0790181
606,0.7569365083465432,1.8899998921526977,-1.1669108076,1.0789108
607,0.7569539607529805,1.8890000444575408,-1.1669538569,1.0787836
608,0.7569539607529805,1.888000044457541,-1.1669966225,1.0786815
609,0.7569714131594177,1.8870001967623848,-1.1670405373,1.0785468
610,0.7569714131594177,1.886000196762385,-1.1670828736,1.0784402
611,0.756988865565855,1.8850003490672285,-1.1671269010,1.0783073
612,0.756988865565855,1.8840003490672288,-1.1671694977,1.0782032
613,0.7570063179722922,1.883000501372072,-1.1672141564,1.0780853
614,0.7570063179722922,1.882000501372072,-1.1672572093,1.0779765
615,0.7570237703787295,1.881000653676916,-1.1673003213,1.0778524
616,0.7570237703787295,1.880000653676916,-1.1673443532,1.0777307
617,0.7570412227851667,1.87900080598176,-1.1673885780,1.0776166
618,0.7570412227851667,1.87800080598176,-1.1674322193,1.0775060
619,0.757058675191604,1.877000958286603,-1.1674765097,1.0773798
620,0.757058675191604,1.876000958286603,-1.1675204194,1.0772727
621,0.7570761275980412,1.8750011105914464,-1.1675647313,1.0771502
622,0.7570761275980412,1.8740011105914467,-1.1676085558,1.0770310
623,0.7570935800044785,1.8730012628962904,-1.1676530989,1.0769133
624,0.7570935800044785,1.8720012628962903,-1.1676976848,1.0768205
625,0.7571110324109157,1.8710014152011336,-1.1677419875,1.0766818
626,0.7571110324109157,1.870001415201134,-1.1677864270,1.0765786
627,0.757128484817353,1.8690015675059768,-1.1678312866,1.0764490
628,0.757128484817353,1.8680015675059776,-1.1678757443,1.0763420
629,0.7571459372237902,1.867001719810821,-1.1679213668,1.0762313
630,0.7571459372237902,1.8660017198108207,-1.1679659383,1.0761157
631,0.7571633896302274,1.8650018721156647,-1.1680115778,1.0759832
632,0.7571633896302274,1.8640018721156648,-1.1680561864,1.0758907
633,0.7571808420366647,1.8630020244205083,-1.1681020545,1.0757609
634,0.7571808420366647,1.8620020244205084,-1.1681471877,1.0756569
635,0.7571982944431019,1.861002176725352,-1.1681932832,1.0755378
636,0.7572157468495392,1.860002329030196,-1.1682383086,1.0754084
637,0.7572157468495392,1.859002329030196,-1.1682837563,1.0753000
638,0.7572331992559764,1.858002481335039,-1.1683299908,1.0751829
639,0.7572331992559764,1.8570024813350392,-1.1683757780,1.0750733
640,0.7572506516624137,1.8560026336398827,-1.1684221968,1.0749458
641,0.7572506516624137,1.8550026336398828,-1.1684670473,1.0748330
642,0.7572681040688509,1.8540027859447263,-1.1685134925,1.0747089
643,0.7572681040688509,1.8530027859447264,-1.1685596271,1.0746019
644,0.7572855564752882,1.85200293824957,-1.1686062129,1.0744781
645,0.7572855564752882,1.85100293824957,-1.1686521656,1.0743710
646,0.7573030088817254,1.8500030905544136,-1.1686992074,1.0742472
647,0.7573204612881627,1.849003242859257,-1.1687460775,1.0741235
648,0.7573204612881627,1.8480032428592568,-1.1687923033,1.0740164
649,0.7573379136945999,1.8470033951641007,-1.1688393524,1.0738927
650,0.7573379136945999,1.8460033951641008,-1.1688857610,1.0737857
651,0.7573553661010372,1.8450035474689443,-1.1689330524,1.0736597
652,0.7573553661010372,1.8440035474689445,-1.1689796341,1.0735521
653,0.7573728185074744,1.843003699773788,-1.1690270536,1.0734280
654,0.7573902709139116,1.842003852078632,-1.1690745827,1.0733041
655,0.7573902709139116,1.841003852078632,-1.1691209544,1.0731968
656,0.7574077233203489,1.8400040043834751,-1.1691686665,1.0730732
657,0.7574077233203489,1.8390040043834752,-1.1692157641,1.0729664
658,0.7574251757267861,1.8380041566883187,-1.1692639493,1.0728443
659,0.7574426281332234,1.8370043089931625,-1.1693119276,1.0727214
660,0.7574426281332234,1.8360043089931624,-1.1693593412,1.0726129
661,0.7574600805396606,1.8350044612980057,-1.1694070998,1.0724933
662,0.7574600805396606,1.834004461298006,-1.1694546754,1.0723868
663,0.7574775329460979,1.8330046136028493,-1.1695030585,1.0722640
664,0.7574949853525351,1.832004765907693,-1.1695515236,1.0721412
665,0.7574949853525351,1.831004765907693,-1.1695993206,1.0720348
666,0.7575124377589724,1.8300049182125369,-1.1696479676,1.0719116
667,0.7575124377589724,1.8290049182125367,-1.1696959594,1.0718051
668,0.7575298901654096,1.8280050705173805,-1.1697444893,1.0716754
669,0.7575473425718469,1.827005222822224,-1.1697937169,1.0715596
670,0.7575473425718469,1.826005222822224,-1.1698411944,1.0714447
671,0.7575647949782841,1.825005375127068,-1.1698901966,1.0713216
672,0.7575822473847214,1.824005527431911,-1.1699392924,1.0711986
673,0.7575822473847214,1.823005527431911,-1.1699877099,1.0710929
674,0.7575996997911586,1.8220056797367543,-1.1700367938,1.0709695
675,0.7575996997911586,1.8210056797367544,-1.1700854825,1.0708613
676,0.7576171521975958,1.8200058320415984,-1.1701357571,1.0707416
677,0.7576346046040331,1.8190059843464417,-1.1701849964,1.0706166
678,0.7576346046040331,1.8180059843464416,-1.1702342415,1.0705221
679,0.7576520570104703,1.8170061366512853,-1.1702835658,1.0703952
680,0.7576695094169076,1.8160062889561288,-1.1703338616,1.0702616
681,0.7576695094169076,1.815006288956129,-1.1703829685,1.0701664
682,0.7576869618233448,1.8140064412609724,-1.1704335519,1.0700508
683,0.7577044142297821,1.813006593565816,-1.1704841168,1.0699343
684,0.7577044142297821,1.812006593565816,-1.1705335954,1.0698210
685,0.7577218666362193,1.81100674587066,-1.1705845237,1.0697019
686,0.7577393190426566,1.810006898175503,-1.1706338679,1.0695736
687,0.7577393190426566,1.8090068981755032,-1.1706850088,1.0694743
688,0.7577567714490938,1.8080070504803467,-1.1707343765,1.0693433
689,0.7577742238555311,1.8070072027851904,-1.1707843439,1.0692286
690,0.7577742238555311,1.8060072027851903,-1.1708347509,1.0691152
691,0.7577916762619683,1.8050073550900336,-1.1708850705,1.0689920
692,0.7578091286684056,1.8040075073948767,-1.1709359382,1.0688717
693,0.7578091286684056,1.8030075073948773,-1.1709862115,1.0687563
694,0.7578265810748428,1.802007659699721,-1.1710407946,1.0686751
695,0.75784403348128,1.8010078120045645,-1.1710906166,1.0685210
696,0.7578614858877173,1.800007964309408,-1.1711433661,1.0684135
697,0.7578789382941545,1.7990081166142515,-1.1711947477,1.0682807
698,0.7578963907005918,1.798008268919095,-1.1712441579,1.0681565
699,0.757913843107029,1.7970084212239386,-1.1712976399,1.0680481
700,0.7579312955134663,1.796008573528782,-1.1713506324,1.0679376
701,0.7579487479199035,1.7950087258336256,-1.1713991726,1.0677834
702,0.7579662003263408,1.794008878138469,-1.1714529362,1.0676872
703,0.757983652732778,1.7930090304433126,-1.1715053150,1.0675530
704,0.7580011051392153,1.792009182748156,-1.1715583577,1.0674500
705,0.7580185575456525,1.7910093350529996,-1.1716096123,1.0673185
706,0.7580360099520898,1.7900094873578432,-1.1716630703,1.0672177
707,0.758053462358527,1.789009639662687,-1.1717141731,1.0670933
708,0.7580709147649642,1.7880097919675302,-1.1717655126,1.0669458
709,0.7580883671714015,1.7870099442723737,-1.1718205927,1.0668581
710,0.7581058195778387,1.7860100965772172,-1.1718714893,1.0666958
711,0.758123271984276,1.7850102488820607,-1.1719232219,1.0665858
712,0.7581407243907132,1.7840104011869042,-1.1719768611,1.0664711
713,0.7581581767971505,1.7830105534917478,-1.1720291505,1.0663402
714,0.7581756292035877,1.7820107057965913,-1.1720825529,1.0662266
715,0.758193081610025,1.7810108581014348,-1.1721354456,1.0661027
716,0.7582105340164622,1.7800110104062783,-1.1721891529,1.0660010
717,0.7582279864228995,1.7790111627111218,-1.1722417156,1.0658615
718,0.7582454388293367,1.778011315015965,-1.1722968382,1.0657486
719,0.758262891235774,1.7770114673208088,-1.1723479085,1.0656124
720,0.7582803436422112,1.7760116196256523,-1.1724028626,1.0654854
721,0.7582977960486484,1.775011771930496,-1.1724557946,1.0653819
722,0.7583152484550857,1.7740119242353394,-1.1725098319,1.0652575
723,0.7583327008615229,1.773012076540183,-1.1725635221,1.0651402
724,0.7583501532679602,1.7720122288450264,-1.1726172537,1.0650202
725,0.7583676056743974,1.77101238114987,-1.1726712685,1.0648986
726,0.7583850580808347,1.7700125334547134,-1.1727264760,1.0647773
727,0.7584025104872719,1.769012685759557,-1.1727802443,1.0646588
728,0.7584199628937092,1.7680128380644005,-1.1728374267,1.0645544
729,0.7584374153001464,1.767012990369244,-1.1728887046,1.0644141
730,0.7584548677065837,1.7660131426740877,-1.1729420297,1.0642793
731,0.7584723201130209,1.765013294978931,-1.1729972259,1.0641783
732,0.7584897725194581,1.7640134472837743,-1.1730523541,1.0640590
733,0.7585072249258954,1.763013599588618,-1.1731072625,1.0639475
734,0.7585246773323326,1.7620137518934615,-1.1731609193,1.0638135
735,0.7585421297387699,1.761013904198305,-1.1732159478,1.0636778
736,0.7585595821452071,1.7600140565031486,-1.1732737721,1.0635919
737,0.7585770345516444,1.759014208807992,-1.1733286047,1.0634741
738,0.7585944869580816,1.7580143611128356,-1.1733849726,1.0633414
739,0.7586119393645189,1.7570145134176791,-1.1734369397,1.0632189
740,0.7586293917709561,1.7560146657225226,-1.1734923824,1.0631003
741,0.7586468441773934,1.755014818027366,-1.1735479262,1.0629821
742,0.7586642965838306,1.7540149703322097,-1.1736035991,1.0628622
743,0.7586817489902679,1.7530151226370532,-1.1736594813,1.0627411
744,0.7586992013967051,1.752015274941897,-1.1737163573,1.0626192
745,0.7587166538031423,1.7510154272467402,-1.1737788176,1.0624972
746,0.7587341062095796,1.7500155795515837,-1.1738372415,1.0623706
747,0.7587515586160168,1.7490157318564272,-1.1738928654,1.0622598
748,0.7587690110224541,1.7480158841612707,-1.1739472803,1.0621254
749,0.7587864634288913,1.7470160364661145,-1.1740046460,1.0620119
750,0.7588039158353286,1.7460161887709578,-1.1740608851,1.0618990
751,0.7588213682417658,1.7450163410758013,-1.1741189503,1.0617970
752,0.7588388206482031,1.7440164933806448,-1.1741768474,1.0616871
753,0.7588562730546403,1.7430166456854883,-1.1742302442,1.0615259
754,0.7588737254610776,1.7420167979903318,-1.1742901930,1.0614317
755,0.7588911778675148,1.7410169502951751,-1.1743476626,1.0613264
756,0.7589086302739521,1.7400171026000189,-1.1744050944,1.0611789
757,0.7589260826803893,1.7390172549048624,-1.1744580883,1.0610727
758,0.7589435350868265,1.738017407209706,-1.1745164813,1.0609527
759,0.7589609874932638,1.7370175595145494,-1.1745741773,1.0608376
760,0.758978439899701,1.736017711819393,-1.1746313438,1.0607198
761,0.7589958923061383,1.7350178641242364,-1.1746887972,1.0606031
762,0.7590133447125755,1.73401801642908,-1.1747454355,1.0604823
763,0.7590307971190128,1.7330181687339234,-1.1748042401,1.0603730
764,0.75904824952545,1.732018321038767,-1.1748628840,1.0602283
765,0.7590657019318873,1.7310184733436105,-1.1749231774,1.0601505
766,0.7590831543383245,1.730018625648454,-1.1749806648,1.0599936
767,0.7591006067447618,1.7290187779532975,-1.1750384212,1.0599044
768,0.759118059151199,1.728018930258141,-1.1750952385,1.0597694
769,0.7591355115576363,1.7270190825629843,-1.1751537345,1.0596500
770,0.7591529639640735,1.726019234867828,-1.1752109662,1.0595598
771,0.7591704163705107,1.7250193871726716,-1.1752706500,1.0594205
772,0.759187868776948,1.724019539477515,-1.1753289865,1.0592937
773,0.7592053211833852,1.7230196917823586,-1.1753868346,1.0591987
774,0.7592227735898225,1.722019844087202,-1.1754479499,1.0590701
775,0.7592402259962597,1.7210199963920456,-1.1755060053,1.0589575
776,0.759257678402697,1.7200201486968891,-1.1755656274,1.0588370
777,0.7592751308091342,1.7190203010017326,-1.1756254409,1.0587284
778,0.7592925832155715,1.7180204533065762,-1.1756840567,1.0586195
779,0.7593100356220087,1.7170206056114197,-1.1757431644,1.0585397
780,0.759327488028446,1.7160207579162632,-1.1758020672,1.0583933
781,0.7593449404348832,1.7150209102211067,-1.1758594646,1.0582716
782,0.7593798399315858,1.7140215193940875,-1.1759205723,1.0581356
783,0.759397292338023,1.713021671698931,-1.1759795040,1.0580215
784,0.7594147447444602,1.7120218240037746,-1.1760401421,1.0579545
785,0.7594321971508975,1.711021976308618,-1.1761007215,1.0577869
786,0.7594496495573347,1.7100221286134616,-1.1761591670,1.0576869
787,0.759467101963772,1.709022280918305,-1.1762218145,1.0575615
788,0.7594845543702092,1.7080224332231486,-1.1762818787,1.0574414
789,0.7595020067766465,1.707022585527992,-1.1763408438,1.0573375
790,0.7595194591830837,1.7060227378328356,-1.1764008357,1.0572443
791,0.759536911589521,1.7050228901376792,-1.1764612862,1.0571054
792,0.7595543639959582,1.704023042442523,-1.1765231339,1.0570319
793,0.7595718164023955,1.7030231947473662,-1.1765838206,1.0568877
794,0.7595892688088327,1.7020233470522097,-1.1766438334,1.0567613
795,0.7596241683055353,1.7010239562251903,-1.1767067398,1.0566352
796,0.7596416207119725,1.700024108530034,-1.1767671828,1.0565238
797,0.7596590731184097,1.6990242608348776,-1.1768277837,1.0564185
798,0.759676525524847,1.698024413139721,-1.1768892613,1.0563047
799,0.7596939779312842,1.6970245654445646,-1.1769489307,1.0561849
800,0.7597114303377215,1.696024717749408,-1.1770111697,1.0560662
801,0.7597288827441587,1.6950248700542516,-1.1770732149,1.0559639
802,0.759746335150596,1.6940250223590951,-1.1771342078,1.0558446
803,0.7597812346472985,1.693025631532076,-1.1771970121,1.0557301
804,0.7597986870537358,1.6920257838369197,-1.1772584068,1.0556173
805,0.759816139460173,1.691025936141763,-1.1773194988,1.0555352
806,0.7598335918666103,1.6900260884466063,-1.1773829080,1.0553756
807,0.7598510442730475,1.68902624075145,-1.1774443734,1.0552811
808,0.7598684966794848,1.6880263930562935,-1.1775061658,1.0551531
809,0.7599033961761873,1.6870270022292744,-1.1775692775,1.0550293
810,0.7599208485826245,1.686027154534118,-1.1776308299,1.0549211
811,0.7599383009890618,1.6850273068389614,-1.1776916660,1.0548373
812,0.759955753395499,1.684027459143805,-1.1777543644,1.0547272
813,0.7599732058019363,1.6830276114486484,-1.1778192142,1.0545934
814,0.7600081052986388,1.6820282206216293,-1.1778802827,1.0544923
815,0.7600255577050761,1.6810283729264728,-1.1779465102,1.0543540
816,0.7600430101115133,1.6800285252313163,-1.1780087148,1.0542316
817,0.7600604625179506,1.6790286775361598,-1.1780722611,1.0541270
818,0.7600779149243878,1.678028829841003,-1.1781330410,1.0540197
819,0.7601128144210904,1.6770294390139842,-1.1781998599,1.0538943
820,0.7601302668275276,1.6760295913188277,-1.1782638695,1.0537893
821,0.7601477192339648,1.6750297436236712,-1.1783268519,1.0536737
822,0.7601651716404021,1.6740298959285147,-1.1783921238,1.0535855
823,0.7602000711371046,1.6730305051014955,-1.1784537877,1.0534419
824,0.7602175235435419,1.672030657406339,-1.1785173305,1.0533188
825,0.7602349759499791,1.6710308097111826,-1.1785793979,1.0532107
826,0.7602524283564164,1.670030962016026,-1.1786450841,1.0530989
827,0.7602873278531189,1.669031571189007,-1.1787102409,1.0529759
828,0.7603047802595562,1.6680317234938504,-1.1787743875,1.0528725
829,0.7603222326659934,1.667031875798694,-1.1788383413,1.0527661
830,0.760357132162696,1.6660324849716748,-1.1789041606,1.0526464
831,0.7603745845691332,1.6650326372765183,-1.1789678544,1.0525401
832,0.7603920369755705,1.6640327895813618,-1.1790316046,1.0524159
833,0.7604094893820077,1.663032941886205,-1.1790958968,1.0523136
834,0.7604443888787102,1.6620335510591862,-1.1791621927,1.0521921
835,0.7604618412851475,1.6610337033640297,-1.1792253603,1.0520897
836,0.7604792936915847,1.6600338556688732,-1.1792907565,1.0519859
837,0.7605141931882873,1.659034464841854,-1.1793580557,1.0518493
838,0.7605316455947245,1.6580346171466975,-1.1794219311,1.0517434
839,0.7605490980011618,1.657034769451541,-1.1794863329,1.0516348
840,0.7605839974978643,1.656035378624522,-1.1795531674,1.0515230
841,0.7606014499043016,1.6550355309293654,-1.1796178793,1.0514056
842,0.7606189023107388,1.654035683234209,-1.1796827252,1.0512972
843,0.7606538018074414,1.6530362924071895,-1.1797500392,1.0511803
844,0.7606712542138786,1.6520364447120333,-1.1798156340,1.0510682
845,0.7607061537105811,1.651037053885014,-1.1798809064,1.0509403
846,0.7607236061170184,1.6500372061898576,-1.1799476144,1.0508453
847,0.7607410585234556,1.6490373584947011,-1.1800130974,1.0507348
848,0.7607759580201582,1.648037967667682,-1.1800807400,1.0506322
849,0.7607934104265954,1.6470381199725257,-1.1801460822,1.0505190
850,0.760828309923298,1.6460387291455063,-1.1802129952,1.0503856
851,0.7608457623297352,1.6450388814503498,-1.1802787652,1.0502743
852,0.7608632147361725,1.6440390337551931,-1.1803457496,1.0501909
853,0.760898114232875,1.6430396429281742,-1.1804123774,1.0500493
854,0.7609155666393123,1.6420397952330177,-1.1804787089,1.0499539
855,0.7609504661360148,1.6410404044059983,-1.1805461706,1.0498313
856,0.760967918542452,1.640040556710842,-1.1806135488,1.0497296
857,0.7610028180391546,1.6390411658838229,-1.1806815734,1.0496158
858,0.7610202704455918,1.6380413181886664,-1.1807467750,1.0494942
859,0.7610551699422944,1.6370419273616472,-1.1808159420,1.0493785
860,0.7610900694389969,1.636042536534628,-1.1808835494,1.0492652
861,0.7611249689356995,1.635043145707609,-1.1809525342,1.0491621
862,0.761159868432402,1.6340437548805895,-1.1810209031,1.0490533
863,0.7611947679291046,1.6330443640535706,-1.1810876710,1.0489194
864,0.7612296674258071,1.6320449732265514,-1.1811583795,1.0488106
865,0.7612645669225097,1.6310455823995322,-1.1812247506,1.0486668
866,0.7612994664192122,1.630046191572513,-1.1812938252,1.0485581
867,0.7613343659159147,1.629046800745494,-1.1813615098,1.0484285
868,0.7613692654126173,1.6280474099184747,-1.1814303119,1.0483133
869,0.7614041649093198,1.6270480190914556,-1.1814983410,1.0481840
870,0.7614390644060224,1.6260486282644364,-1.1815676315,1.0480767
871,0.7614739639027249,1.6250492374374172,-1.1816383318,1.0479864
872,0.7615088633994275,1.624049846610398,-1.1817066896,1.0478704
873,0.76154376289613,1.623050455783379,-1.1817749391,1.0477273
874,0.7615786623928326,1.6220510649563598,-1.1818437033,1.0476060
875,0.7616135618895351,1.6210516741293406,-1.1819144528,1.0474919
876,0.7616484613862377,1.6200522833023214,-1.1819839913,1.0473754
877,0.7616833608829402,1.6190528924753025,-1.1820523726,1.0472566
878,0.7617182603796427,1.618053501648283,-1.1821230921,1.0471568
879,0.7617531598763453,1.617054110821264,-1.1821935697,1.0470381
880,0.7617880593730478,1.6160547199942448,-1.1822607319,1.0469072
881,0.7618229588697504,1.6150553291672256,-1.1823320704,1.0468009
882,0.7618578583664529,1.6140559383402064,-1.1824027181,1.0467001
883,0.7618927578631555,1.6130565475131873,-1.1824721280,1.0465569
884,0.761927657359858,1.612057156686168,-1.1825428541,1.0464376
885,0.7619625568565606,1.611057765859149,-1.1826134112,1.0463342
886,0.7619974563532631,1.6100583750321298,-1.1826838776,1.0462229
887,0.7620323558499656,1.6090589842051106,-1.1827535242,1.0461015
888,0.7620672553466682,1.6080595933780917,-1.1828247246,1.0459922
889,0.7621021548433707,1.6070602025510723,-1.1828954055,1.0458781
890,0.7621370543400733,1.6060608117240531,-1.1829661963,1.0457646
891,0.7621719538367758,1.605061420897034,-1.1830368995,1.0456529
892,0.7622068533334784,1.6040620300700148,-1.1831073998,1.0455445
893,0.7622417528301809,1.6030626392429956,-1.1831794857,1.0454358
894,0.7622766523268835,1.6020632484159765,-1.1832505681,1.0453225
895,0.762311551823586,1.6010638575889573,-1.1833232309,1.0452175
896,0.7623464513202886,1.600064466761938,-1.1833914992,1.0451004
897,0.7623813508169911,1.599065075934919,-1.1834641649,1.0449887
898,0.7624162503136936,1.5980656851078998,-1.1835340779,1.0448629
899,0.7624511498103962,1.5970662942808806,-1.1836046561,1.0447521
900,0.7624860493070987,1.5960669034538617,-1.1836740925,1.0446258
901,0.7625209488038013,1.5950675126268423,-1.1837490202,1.0445295
902,0.7625558483005038,1.5940681217998232,-1.1838213044,1.0444364
903,0.7625907477972064,1.593068730972804,-1.1838916572,1.0442994
904,0.7626256472939089,1.5920693401457848,-1.1839666880,1.0441913
905,0.7626605467906115,1.5910699493187657,-1.1840385805,1.0440853
906,0.762695446287314,1.5900705584917465,-1.1841110769,1.0439730
907,0.7627303457840166,1.5890711676647271,-1.1841778183,1.0438450
908,0.7627652452807191,1.5880717768377082,-1.1842561351,1.0437429
909,0.7628001447774216,1.587072386010689,-1.1843279380,1.0436359
910,0.7628350442741242,1.5860729951836698,-1.1843999226,1.0435241
911,0.7628699437708267,1.585073604356651,-1.1844717764,1.0434062
912,0.7629048432675293,1.5840742135296315,-1.1845440200,1.0433088
913,0.7629397427642318,1.5830748227026123,-1.1846175331,1.0431932
914,0.7629746422609344,1.5820754318755932,-1.1846914484,1.0430925
915,0.7630095417576369,1.581076041048574,-1.1847641368,1.0429703
916,0.7630444412543395,1.5800766502215549,-1.1848374652,1.0428631
917,0.763079340751042,1.5790772593945357,-1.1849109589,1.0427533
918,0.7631142402477445,1.5780778685675163,-1.1849854389,1.0426609
919,0.7631491397444471,1.5770784777404974,-1.1850576119,1.0425509
920,0.7631840392411496,1.5760790869134782,-1.1851310005,1.0424265
921,0.7632189387378522,1.575079696086459,-1.1852050399,1.0423291
922,0.7632538382345547,1.57408030525944,-1.1852793638,1.0422306
923,0.7632887377312573,1.5730809144324207,-1.1853500594,1.0421049
924,0.7633236372279598,1.5720815236054015,-1.1854273630,1.0420370
925,0.7633585367246624,1.5710821327783824,-1.1855009832,1.0419028
926,0.7633934362213649,1.5700827419513632,-1.1855738593,1.0417949
927,0.7634283357180675,1.569083351124344,-1.1856485605,1.0416938
928,0.76346323521477,1.5680839602973249,-1.1857257642,1.0416019
929,0.7634981347114725,1.5670845694703055,-1.1857975858,1.0414762
930,0.7635330342081751,1.5660851786432866,-1.1858716512,1.0413699
931,0.7635679337048776,1.5650857878162674,-1.1859466019,1.0412664
932,0.7636028332015802,1.5640863969892482,-1.1860214291,1.0411701
933,0.7636377326982827,1.563087006162229,-1.1860952040,1.0410530
934,0.7636726321949853,1.56208761533521,-1.1861703782,1.0409690
935,0.7637249681512283,1.5610889858004553,-1.1862394521,1.0407802
936,0.7637598676479308,1.560089594973436,-1.1863227556,1.0407310
937,0.7637947671446333,1.559090204146417,-1.1863978140,1.0406402
938,0.7638296666413359,1.5580908133193978,-1.1864720668,1.0405196
939,0.7638645661380384,1.5570914224923786,-1.1865478448,1.0404192
940,0.763899465634741,1.5560920316653597,-1.1866231195,1.0403158
941,0.7639343651314435,1.5550926408383403,-1.1866990397,1.0402082
942,0.7639692646281461,1.5540932500113211,-1.1867741758,1.0401148
943,0.7640216005843891,1.5530946204765663,-1.1868501068,1.0399938
944,0.7640565000810916,1.5520952296495474,-1.1869252245,1.0398856
945,0.7640913995777942,1.5510958388225282,-1.1870019731,1.0397881
946,0.7641262990744967,1.550096447995509,-1.1870752623,1.0396658
947,0.7641611985711992,1.54909705716849,-1.1871534208,1.0395874
948,0.7642135345274422,1.5480984276337353,-1.1872304181,1.0394730
949,0.7642484340241448,1.547099036806716,-1.1873070393,1.0393701
950,0.7642833335208473,1.546099645979697,-1.1873825964,1.0392676
951,0.7643182330175499,1.5451002551526778,-1.1874562596,1.0391543
952,0.7643705689737929,1.5441016256179232,-1.1875359066,1.0390508
953,0.7644229049300358,1.5431029960831686,-1.1876140827,1.0389344
954,0.7644752408862788,1.542104366548414,-1.1876913009,1.0388179
955,0.7645275768425218,1.5411057370136594,-1.1877680945,1.0386998
956,0.7645799127987648,1.5401071074789048,-1.1878459510,1.0385899
957,0.7646322487550078,1.5391084779441502,-1.1879229431,1.0384725
958,0.7646845847112508,1.5381098484093956,-1.1880019490,1.0383564
959,0.7647369206674938,1.537111218874641,-1.1880794670,1.0382378
960,0.7647892566237368,1.5361125893398864,-1.1881572425,1.0381324
961,0.7648415925799797,1.5351139598051318,-1.1882347633,1.0380182
962,0.7648939285362227,1.5341153302703772,-1.1883149096,1.0379287
963,0.7649462644924657,1.5331167007356226,-1.1883859082,1.0377549
964,0.7649986004487087,1.532118071200868,-1.1884673268,1.0376581
965,0.7650509364049517,1.5311194416661134,-1.1885499523,1.0375903
966,0.7651032723611947,1.5301208121313588,-1.1886276282,1.0374772
967,0.7651556083174377,1.5291221825966042,-1.1887049338,1.0373489
968,0.7652079442736807,1.5281235530618495,-1.1887851153,1.0372330
969,0.7652602802299237,1.527124923527095,-1.1888637767,1.0371417
970,0.7653126161861666,1.5261262939923403,-1.1889418235,1.0370220
971,0.7653649521424096,1.5251276644575855,-1.1890193388,1.0368903
972,0.7654172880986526,1.5241290349228311,-1.1890956519,1.0367539
973,0.7654696240548956,1.5231304053880763,-1.1891803560,1.0366688
974,0.7655219600111386,1.522131775853322,-1.1892596928,1.0365781
975,0.7655742959673816,1.521133146318567,-1.1893390516,1.0364670
976,0.7656266319236246,1.5201345167838127,-1.1894142641,1.0363339
977,0.7656789678798676,1.519135887249058,-1.1894983363,1.0362598
978,0.7657313038361105,1.5181372577143035,-1.1895769223,1.0361284
979,0.7657836397923535,1.517138628179549,-1.1896572053,1.0360341
980,0.7658359757485965,1.5161399986447943,-1.1897372018,1.0359300
981,0.7658883117048395,1.5151413691100395,-1.1898132953,1.0358122
982,0.7659406476610825,1.5141427395752851,-1.1898976214,1.0357114
983,0.7659929836173255,1.5131441100405305,-1.1899775012,1.0356065
984,0.7660453195735685,1.512145480505776,-1.1900575420,1.0354912
985,0.7660976555298115,1.5111468509710213,-1.1901443022,1.0353706
986,0.7661499914860544,1.5101482214362667,-1.1902243946,1.0352598
987,0.7662023274422974,1.509149591901512,-1.1903052051,1.0351570
988,0.7662546633985404,1.5081509623667575,-1.1903858728,1.0350554
989,0.7663069993547834,1.507152332832003,-1.1904669422,1.0349619
990,0.7663593353110264,1.5061537032972483,-1.1905470452,1.0348507
991,0.7664116712672694,1.5051550737624937,-1.1906276208,1.0347455
992,0.7664640072235124,1.504156444227739,-1.1907091301,1.0346444
993,0.7665163431797554,1.5031578146929845,-1.1907894429,1.0345419
994,0.7665686791359984,1.50215918515823,-1.1908697418,1.0344281
995,0.7666210150922413,1.5011605556234753,-1.1909477225,1.0342841
996,0.7666733510484843,1.500161926088721,-1.1910259967,1.0341893
997,0.7667256870047273,1.499163296553966,-1.1911123388,1.0341122
998,0.7667780229609703,1.4981646670192117,-1.1911939919,1.0340114
999,0.7668303589172133,1.4971660374844569,-1.1912760511,1.0339108
1000,0.7668826948734563,1.4961674079497025,-1.1913542098,1.0338004
1001,0.7669350308296993,1.4951687784149477,-1.1914374747,1.0337006
1002,0.7669873667859423,1.494170148880193,-1.1915195988,1.0335997
1003,0.7670397027421852,1.4931715193454385,-1.1916007217,1.0334986
1004,0.7670920386984282,1.492172889810684,-1.1916836093,1.0334053
1005,0.7671443746546712,1.4911742602759293,-1.1917636514,1.0332904
1006,0.7671967106109142,1.4901756307411749,-1.1918457685,1.0331871
1007,0.7672490465671572,1.48917700120642,-1.1919274614,1.0330857
1008,0.7673013825234002,1.4881783716716654,-1.1920077811,1.0329789
1009,0.7673537184796432,1.4871797421369108,-1.1920925863,1.0328916
1010,0.7674060544358862,1.4861811126021562,-1.1921746765,1.0327880
1011,0.7674583903921292,1.4851824830674016,-1.1922578986,1.0327079
1012,0.7675107263483721,1.484183853532647,-1.1923378500,1.0326010
1013,0.7675630623046151,1.4831852239978924,-1.1924212098,1.0324960
1014,0.7676153982608581,1.4821865944631378,-1.1925013913,1.0323880
1015,0.7676677342171011,1.4811879649283832,-1.1925874565,1.0323135
1016,0.7677374906908452,1.4801904008781237,-1.1926703928,1.0321878
1017,0.7678072471645893,1.4791928368278635,-1.1927515748,1.0320663
1018,0.7678770036383333,1.478195272777604,-1.1928386392,1.0319721
1019,0.7679467601120774,1.4771977087273442,-1.1929201384,1.0318559
1020,0.7680165165858215,1.4762001446770845,-1.1930040895,1.0317305
1021,0.7680862730595656,1.4752025806268247,-1.1930877877,1.0316273
1022,0.7681560295333096,1.474205016576565,-1.1931707952,1.0315070
1023,0.7682257860070537,1.4732074525263053,-1.1932569896,1.0314132
1024,0.7682955424807978,1.4722098884760455,-1.1933350015,1.0312704
1025,0.7683652989545419,1.4712123244257858,-1.1934241649,1.0311813
1026,0.7684350554282859,1.470214760375526,-1.1935080291,1.0310771
1027,0.76850481190203,1.4692171963252665,-1.1935918244,1.0309602
1028,0.7685745683757741,1.4682196322750063,-1.1936722412,1.0308349
1029,0.7686443248495182,1.4672220682247468,-1.1937620671,1.0307618
1030,0.7687140813232622,1.466224504174487,-1.1938439238,1.0306388
1031,0.7687838377970063,1.4652269401242273,-1.1939288908,1.0305365
1032,0.7688535942707504,1.4642293760739675,-1.1940134584,1.0304282
1033,0.7689233507444945,1.4632318120237078,-1.1940983468,1.0303209
1034,0.7689931072182385,1.462234247973448,-1.1941830041,1.0302134
1035,0.7690628636919826,1.4612366839231885,-1.1942678030,1.0301068
1036,0.7691326201657267,1.4602391198729283,-1.1943527154,1.0300009
1037,0.7692023766394708,1.4592415558226688,-1.1944377250,1.0298955
1038,0.7692721331132149,1.458243991772409,-1.1945228402,1.0297904
1039,0.7693418895869589,1.4572464277221493,-1.1946080089,1.0296857
1040,0.769411646060703,1.4562488636718895,-1.1946932543,1.0295813
1041,0.7694814025344471,1.4552512996216298,-1.1947785773,1.0294771
1042,0.7695511590081912,1.45425373557137,-1.1948639748,1.0293733
1043,0.7696209154819352,1.4532561715211103,-1.1949494487,1.0292698
1044,0.7696906719556793,1.4522586074708506,-1.1950350151,1.0291666
1045,0.7697604284294234,1.4512610434205908,-1.1951162167,1.0290673
1046,0.7698301849031675,1.450263479370331,-1.1952030728,1.0289586
1047,0.7698999413769115,1.449265915320071,-1.1952885564,1.0288616
1048,0.7699696978506556,1.4482683512698116,-1.1953752643,1.0287663
1049,0.7700394543243997,1.4472707872195518,-1.1954617655,1.0286616
1050,0.7701092107981438,1.446273223169292,-1.1955475283,1.0285523
1051,0.7701789672718878,1.4452756591190323,-1.1956332320,1.0284726
1052,0.7702487237456319,1.4442780950687726,-1.1957193012,1.0283611
1053,0.770318480219376,1.4432805310185128,-1.1958057437,1.0282569
1054,0.7703882366931201,1.442282966968253,-1.1958900645,1.0281460
1055,0.7704579931668641,1.4412854029179931,-1.1959770436,1.0280481
1056,0.7705277496406082,1.4402878388677336,-1.1960641875,1.0279523
1057,0.7705975061143523,1.4392902748174738,-1.1961512536,1.0278581
1058,0.7706672625880964,1.438292710767214,-1.1962393481,1.0277764
1059,0.7707370190618404,1.4372951467169544,-1.1963226536,1.0276517
1060,0.7708067755355845,1.4362975826666946,-1.1964097826,1.0275670
1061,0.7708765320093286,1.4353000186164349,-1.1964941623,1.0274564
1062,0.7709462884830727,1.4343024545661751,-1.1965801686,1.0273609
1063,0.7710334442258203,1.4333062598680837,-1.1966692788,1.0272259
1064,0.771120599968568,1.4323100651699918,-1.1967552868,1.0271357
1065,0.7712077557113156,1.4313138704719002,-1.1968432430,1.0270218
1066,0.7712949114540633,1.4303176757738083,-1.1969304842,1.0269057
1067,0.7713820671968109,1.4293214810757169,-1.1970186184,1.0268061
1068,0.7714692229395586,1.4283252863776252,-1.1971086141,1.0267123
1069,0.7715563786823062,1.4273290916795336,-1.1971974108,1.0266092
1070,0.7716435344250538,1.426332896981442,-1.1972846964,1.0264917
1071,0.7717306901678015,1.4253367022833503,-1.1973699691,1.0263707
1072,0.7718178459105491,1.4243405075852589,-1.1974625863,1.0262937
1073,0.7719050016532968,1.423344312887167,-1.1975500141,1.0261687
1074,0.7719921573960444,1.4223481181890754,-1.1976340678,1.0260454
1075,0.7720793131387921,1.4213519234909835,-1.1977258393,1.0259571
1076,0.7721664688815397,1.420355728792892,-1.1978110891,1.0258367
1077,0.7722536246242874,1.4193595340948004,-1.1979021217,1.0257459
1078,0.772340780367035,1.4183633393967088,-1.1979931377,1.0256598
1079,0.7724279361097827,1.4173671446986171,-1.1980797418,1.0255401
1080,0.7725150918525303,1.4163709500005257,-1.1981682403,1.0254309
1081,0.772602247595278,1.4153747553024338,-1.1982608152,1.0253532
1082,0.7726894033380256,1.4143785606043422,-1.1983445602,1.0252153
1083,0.7727765590807733,1.4133823659062503,-1.1984335437,1.0251167
1084,0.7728637148235209,1.412386171208159,-1.1985257083,1.0250329
1085,0.7729508705662685,1.4113899765100673,-1.1986105242,1.0249079
1086,0.7730380263090162,1.4103937818119756,-1.1987029102,1.0248292
1087,0.7731251820517638,1.409397587113884,-1.1987934591,1.0247282
1088,0.7732123377945115,1.4084013924157923,-1.1988815235,1.0246221
1089,0.7732994935372591,1.407405197717701,-1.1989713683,1.0245312
1090,0.7733866492800068,1.406409003019609,-1.1990607360,1.0244181
1091,0.7734738050227544,1.4054128083215174,-1.1991499769,1.0243297
1092,0.7735609607655021,1.4044166136234255,-1.1992393911,1.0242346
1093,0.7736481165082497,1.403420418925334,-1.1993284567,1.0241272
1094,0.7737352722509974,1.4024242242272424,-1.1994162689,1.0240286
1095,0.773822427993745,1.4014280295291508,-1.1995046897,1.0239250
1096,0.7739095837364927,1.4004318348310592,-1.1995934895,1.0238253
1097,0.7739967394792403,1.3994356401329675,-1.1996816311,1.0237158
1098,0.774083895221988,1.398439445434876,-1.1997738350,1.0236316
1099,0.7741710509647356,1.3974432507367842,-1.1998621420,1.0235424
1100,0.7742755794280033,1.396448728841416,-1.1999542808,1.0234342
1101,0.774380107891271,1.3954542069460478,-1.2000447217,1.0233147
1102,0.7744846363545387,1.3944596850506796,-1.2001360201,1.0232200
1103,0.7745891648178064,1.3934651631553114,-1.2002238645,1.0230992
1104,0.7746936932810741,1.3924706412599432,-1.2003149615,1.0229930
1105,0.7747982217443418,1.391476119364575,-1.2004030786,1.0228664
1106,0.7749027502076095,1.3904815974692069,-1.2004923879,1.0227427
1107,0.7750072786708772,1.3894870755738389,-1.2005859718,1.0226646
1108,0.7751118071341448,1.3884925536784705,-1.2006752163,1.0225319
1109,0.7752163355974125,1.3874980317831025,-1.2007678134,1.0224500
1110,0.7753208640606802,1.386503509887734,-1.2008602415,1.0223366
1111,0.7754253925239479,1.385508987992366,-1.2009470299,1.0222273
1112,0.7755299209872156,1.3845144660969977,-1.2010419239,1.0221407
1113,0.7756344494504833,1.3835199442016295,-1.2011340608,1.0220409
1114,0.775738977913751,1.3825254223062613,-1.2012184633,1.0219041
1115,0.7758435063770187,1.381530900410893,-1.2013101356,1.0217924
1116,0.7759480348402864,1.380536378515525,-1.2014078460,1.0217326
1117,0.7760525633035541,1.3795418566201567,-1.2015002714,1.0216320
1118,0.7761570917668218,1.3785473347247883,-1.2015878487,1.0215100
1119,0.7762616202300895,1.3775528128294203,-1.2016798726,1.0214127
1120,0.7763661486933572,1.376558290934052,-1.2017712477,1.0213131
1121,0.7764706771566249,1.375563769038684,-1.2018629268,1.0212123
1122,0.7765752056198926,1.3745692471433155,-1.2019552254,1.0211248
1123,0.7766797340831603,1.3735747252479475,-1.2020430583,1.0209875
1124,0.776784262546428,1.3725802033525794,-1.2021342654,1.0208911
1125,0.7768887910096957,1.3715856814572112,-1.2022274700,1.0208120
1126,0.7769933194729634,1.370591159561843,-1.2023210514,1.0207207
1127,0.777097847936231,1.3695966376664748,-1.2024125514,1.0206244
1128,0.7772023763994987,1.3686021157711066,-1.2025035553,1.0205248
1129,0.7773242457429039,1.3676095696194652,-1.2025962133,1.0204128
1130,0.7774461150863091,1.366617023467824,-1.2026882762,1.0203112
1131,0.7775679844297143,1.3656244773161823,-1.2027807770,1.0201995
1132,0.7776898537731195,1.3646319311645412,-1.2028725965,1.0200808
1133,0.7778117231165247,1.3636393850128998,-1.2029658451,1.0199585
1134,0.7779335924599299,1.3626468388612585,-1.2030583951,1.0198518
1135,0.7780554618033351,1.3616542927096171,-1.2031508378,1.0197509
1136,0.7781773311467403,1.3606617465579758,-1.2032436060,1.0196469
1137,0.7782992004901454,1.3596692004063344,-1.2033362948,1.0195419
1138,0.7784210698335506,1.358676654254693,-1.2034288909,1.0194355
1139,0.7785429391769558,1.3576841081030515,-1.2035214115,1.0193326
1140,0.778664808520361,1.3566915619514104,-1.2036140948,1.0192261
1141,0.7787866778637662,1.355699015799769,-1.2037069960,1.0191224
1142,0.7789085472071714,1.3547064696481277,-1.2037991830,1.0190069
1143,0.7790304165505766,1.3537139234964863,-1.2038918736,1.0189035
1144,0.7791522858939818,1.352721377344845,-1.2039844991,1.0188007
1145,0.779274155237387,1.3517288311932036,-1.2040769126,1.0186954
1146,0.7793960245807922,1.3507362850415623,-1.2041697508,1.0185933
1147,0.7795178939241973,1.349743738889921,-1.2042629267,1.0184941
1148,0.7796397632676025,1.3487511927382796,-1.2043559159,1.0183925
1149,0.7797616326110077,1.3477586465866382,-1.2044487456,1.0182899
1150,0.7798835019544129,1.346766100434997,-1.2045414910,1.0181885
1151,0.7800053712978181,1.3457735542833555,-1.2046382848,1.0181080
1152,0.7801272406412233,1.3447810081317142,-1.2047277423,1.0179907
1153,0.7802491099846285,1.3437884619800728,-1.2048219815,1.0178967
1154,0.7803709793280337,1.3427959158284315,-1.2049145532,1.0177959
1155,0.7805101524289937,1.34180564775969,-1.2050096219,1.0176900
1156,0.7806493255299537,1.3408153796909486,-1.2051031985,1.0175798
1157,0.7807884986309137,1.339825111622207,-1.2051969087,1.0174694
1158,0.7809276717318737,1.3388348435534656,-1.2052907040,1.0173574
1159,0.7810668448328337,1.337844575484724,-1.2053844823,1.0172478
1160,0.7812060179337937,1.3368543074159829,-1.2054781234,1.0171364
1161,0.7813451910347537,1.3358640393472412,-1.2055719253,1.0170277
1162,0.7814843641357138,1.3348737712784997,-1.2056657782,1.0169196
1163,0.7816235372366738,1.3338835032097582,-1.2057598296,1.0168177
1164,0.7817627103376338,1.3328932351410168,-1.2058536364,1.0167107
1165,0.7819018834385938,1.3319029670722753,-1.2059474843,1.0166041
1166,0.7820410565395538,1.3309126990035338,-1.2060414062,1.0164985
1167,0.7821802296405138,1.3299224309347923,-1.2061353674,1.0163935
1168,0.7823194027414738,1.3289321628660509,-1.2062293510,1.0162893
1169,0.7824585758424338,1.3279418947973094,-1.2063233316,1.0161857
1170,0.7825977489433938,1.326951626728568,-1.2064171311,1.0160822
1171,0.7827369220443539,1.3259613586598265,-1.2065111007,1.0159790
1172,0.7828760951453139,1.324971090591085,-1.2066050520,1.0158765
1173,0.7830152682462739,1.3239808225223435,-1.2066989752,1.0157743
1174,0.7831544413472339,1.322990554453602,-1.2067947691,1.0156709
1175,0.7832936144481939,1.3220002863848606,-1.2068888061,1.0155698
1176,0.7834500489132341,1.3210125980442655,-1.2069833325,1.0154555
1177,0.7836064833782743,1.3200249097036705,-1.2070778685,1.0153418
1178,0.7837629178433145,1.3190372213630754,-1.2071723750,1.0152283
1179,0.7839193523083547,1.3180495330224804,-1.2072669187,1.0151158
1180,0.784075786773395,1.3170618446818854,-1.2073614737,1.0150039
1181,0.7842322212384352,1.3160741563412903,-1.2074560489,1.0148930
1182,0.7843886557034754,1.3150864680006953,-1.2075497047,1.0147854
1183,0.7845450901685156,1.3140987796601002,-1.2076444906,1.0146765
1184,0.7847015246335558,1.3131110913195052,-1.2077389436,1.0145664
1185,0.784857959098596,1.3121234029789102,-1.2078332922,1.0144568
1186,0.7850143935636362,1.3111357146383151,-1.2079279464,1.0143495
1187,0.7851708280286764,1.31014802629772,-1.2080226485,1.0142430
1188,0.7853272624937166,1.309160337957125,-1.2081173448,1.0141369
1189,0.7854836969587569,1.30817264961653,-1.2082120385,1.0140315
1190,0.7856401314237971,1.307184961275935,-1.2083068915,1.0139283
1191,0.7857965658888373,1.30619727293534,-1.2084015754,1.0138241
1192,0.7859530003538775,1.305209584594745,-1.2084962436,1.0137204
1193,0.7861094348189177,1.30422189625415,-1.2085909014,1.0136172
1194,0.7862658692839579,1.3032342079135548,-1.2086855498,1.0135145
1195,0.7864223037489981,1.3022465195729598,-1.2087801895,1.0134123
1196,0.7865959519266651,1.3012617118199477,-1.2088752630,1.0132979
1197,0.7867696001043321,1.3002769040669355,-1.2089703232,1.0131839
1198,0.786943248281999,1.2992920963139234,-1.2090653686,1.0130705
1199,0.787116896459666,1.2983072885609113,-1.2091604026,1.0129577
1200,0.787290544637333,1.2973224808078991,-1.2092554225,1.0128455
1201,0.7874641928149999,1.296337673054887,-1.2093501364,1.0127299
1202,0.7876378409926669,1.2953528653018749,-1.2094451446,1.0126190
1203,0.7878114891703338,1.2943680575488627,-1.2095401376,1.0125086
1204,0.7879851373480008,1.2933832497958506,-1.2096351140,1.0123989
1205,0.7881587855256678,1.2923984420428385,-1.2097300730,1.0122897
1206,0.7883324337033347,1.2914136342898264,-1.2098250130,1.0121811
1207,0.7885060818810017,1.2904288265368142,-1.2099199162,1.0120726
1208,0.7886797300586686,1.289444018783802,-1.2100148125,1.0119652
1209,0.7888533782363356,1.28845921103079,-1.2101096803,1.0118583
1210,0.7890270264140026,1.2874744032777778,-1.2102045329,1.0117520
1211,0.7892006745916695,1.2864895955247655,-1.2102993648,1.0116464
1212,0.7893743227693365,1.2855047877717536,-1.2103941913,1.0115416
1213,0.7895479709470035,1.2845199800187417,-1.2104890793,1.0114382
1214,0.78973877994238,1.2835383528352935,-1.2105842795,1.0113224
1215,0.7899295889377564,1.282556725651846,-1.2106794302,1.0112070
1216,0.7901203979331329,1.2815750984683982,-1.2107760867,1.0110938
1217,0.7903112069285094,1.2805934712849505,-1.2108712050,1.0109803
1218,0.7905020159238859,1.2796118441015027,-1.2109665156,1.0108702
1219,0.7906928249192624,1.278630216918055,-1.2110618806,1.0107612
1220,0.7908836339146389,1.2776485897346073,-1.2111572932,1.0106542
1221,0.7910744429100154,1.2766669625511595,-1.2112526071,1.0105463
1222,0.7912652519053919,1.2756853353677118,-1.2113479496,1.0104398
1223,0.7914560609007684,1.274703708184264,-1.2114406539,1.0103216
1224,0.7916468698961449,1.2737220810008163,-1.2115357491,1.0102131
1225,0.7918376788915213,1.2727404538173686,-1.2116308484,1.0101053
1226,0.7920284878868978,1.2717588266339208,-1.2117260151,1.0099980
1227,0.7922192968822743,1.270777199450473,-1.2118213090,1.0098911
1228,0.7924101058776508,1.269795572267025,-1.2119156308,1.0097769
1229,0.7926180175684686,1.2688174246662915,-1.2120106648,1.0096570
1230,0.7928259292592864,1.2678392770655578,-1.2121059845,1.0095406
1231,0.7930338409501042,1.266861129464824,-1.2122008514,1.0094252
1232,0.793241752640922,1.2658829818640902,-1.2122960023,1.0093103
1233,0.7934496643317398,1.2649048342633564,-1.2123912999,1.0091938
1234,0.7936575760225576,1.2639266866626226,-1.2124878510,1.0090830
1235,0.7938654877133754,1.2629485390618889,-1.2125823172,1.0089755
1236,0.7940733994041932,1.261970391461155,-1.2126771361,1.0088610
1237,0.794281311095011,1.2609922438604213,-1.2127710681,1.0087496
1238,0.7944892227858288,1.2600140962596875,-1.2128654211,1.0086429
1239,0.7946971344766466,1.2590359486589535,-1.2129599319,1.0085272
1240,0.7949050461674644,1.25805780105822,-1.2130524761,1.0083989
1241,0.7951129578582822,1.2570796534574862,-1.2131498517,1.0082994
1242,0.7953208695491,1.2561015058567524,-1.2132443974,1.0081889
1243,0.7955287812399178,1.2551233582560186,-1.2133382617,1.0080724
1244,0.7957537322942616,1.254148988191233,-1.2134330196,1.0079523
1245,0.7959786833486054,1.253174618126448,-1.2135278925,1.0078341
1246,0.7962036344029493,1.2522002480616627,-1.2136216115,1.0077179
1247,0.7964285854572931,1.2512258779968777,-1.2137157542,1.0075993
1248,0.796653536511637,1.2502515079320922,-1.2138093834,1.0074789
1249,0.7968784875659808,1.2492771378673069,-1.2139033362,1.0073616
1250,0.7971034386203246,1.2483027678025216,-1.2140012115,1.0072575
1251,0.7973283896746685,1.2473283977377363,-1.2140954865,1.0071423
1252,0.7975533407290123,1.246354027672951,-1.2141897858,1.0070282
1253,0.7977782917833561,1.2453796576081655,-1.2142808977,1.0069031
1254,0.7980032428377,1.2444052875433804,-1.2143755334,1.0067915
1255,0.7982281938920438,1.2434309174785951,-1.2144695831,1.0066771
1256,0.7984531449463876,1.2424565474138098,-1.2145629693,1.0065621
1257,0.7986780960007315,1.2414821773490246,-1.2146629796,1.0064734
1258,0.7989200178963312,1.2405118816227485,-1.2147492597,1.0063201
1259,0.7991619397919308,1.2395415858964725,-1.2148479668,1.0062091
1260,0.7994038616875305,1.2385712901701964,-1.2149419067,1.0060886
1261,0.7996457835831302,1.2376009944439204,-1.2150362613,1.0059726
1262,0.7998877054787299,1.2366306987176443,-1.2151308685,1.0058591
1263,0.8001296273743296,1.2356604029913685,-1.2152204795,1.0057144
1264,0.8003715492699293,1.2346901072650922,-1.2153150911,1.0056102
1265,0.800613471165529,1.2337198115388162,-1.2154085157,1.0054925
1266,0.8008553930611286,1.23274951581254,-1.2155021116,1.0053762
1267,0.8010973149567283,1.231779220086264,-1.2155957076,1.0052581
1268,0.801339236852328,1.230808924359988,-1.2156885458,1.0051447
1269,0.8015811587479277,1.229838628633712,-1.2157806973,1.0050241
1270,0.8018230806435274,1.228868332907436,-1.2158735873,1.0049094
1271,0.8020818996886299,1.2279024070811468,-1.2159745705,1.0048264
1272,0.8023407187337324,1.2269364812548578,-1.2160643393,1.0046740
1273,0.8025995377788349,1.2259705554285687,-1.2161551096,1.0045507
1274,0.8028583568239374,1.2250046296022796,-1.2162499170,1.0044249
1275,0.8031171758690399,1.2240387037759906,-1.2163440336,1.0043161
1276,0.8033759949141424,1.2230727779497017,-1.2164394318,1.0041996
1277,0.8036348139592449,1.2221068521234124,-1.2165246950,1.0040558
1278,0.8038936330043474,1.2211409262971231,-1.2166181329,1.0039448
1279,0.8041524520494499,1.2201750004708345,-1.2167160321,1.0038382
1280,0.8044112710945523,1.2192090746445452,-1.2168099859,1.0037404
1281,0.8046700901396548,1.218243148818256,-1.2168975623,1.0035976
1282,0.8049289091847573,1.217277222991967,-1.2169891783,1.0034784
1283,0.8052045465405744,1.2163159612960288,-1.2170823487,1.0033654
1284,0.8054801838963914,1.2153546996000906,-1.2171788039,1.0032538
1285,0.8057558212522085,1.2143934379041523,-1.2172729715,1.0031501
1286,0.8060314586080255,1.213432176208214,-1.2173581804,1.0029761
1287,0.8063070959638425,1.2124709145122758,-1.2174567805,1.0028985
1288,0.8065827333196596,1.2115096528163376,-1.2175489737,1.0027825
1289,0.8068583706754766,1.2105483911203994,-1.2176399934,1.0026522
1290,0.8071340080312936,1.2095871294244611,-1.2177321808,1.0025341
1291,0.8074096453871107,1.2086258677285229,-1.2178228591,1.0024072
1292,0.8076852827429277,1.2076646060325846,-1.2179152007,1.0022962
1293,0.8079609200987448,1.2067033443366464,-1.2180074147,1.0021855
1294,0.8082365574545618,1.205742082640708,-1.2180902486,1.0020273
1295,0.8085289291592845,1.204785777884745,-1.2181848623,1.0019164
1296,0.8088213008640073,1.203829473128782,-1.2182746802,1.0017762
1297,0.80911367256873,1.2028731683728189,-1.2183705882,1.0016754
1298,0.8094060442734528,1.2019168636168558,-1.2184561964,1.0015211
1299,0.8096984159781755,1.2009605588608927,-1.2185497091,1.0014026
1300,0.8099907876828982,1.2000042541049296,-1.2186375435,1.0012826
1301,0.810283159387621,1.1990479493489663,-1.2187329177,1.0011921
1302,0.8105755310923437,1.1980916445930034,-1.2188223421,1.0010606
1303,0.8108679027970664,1.1971353398370403,-1.2189085555,1.0009205
1304,0.8111602745017892,1.1961790350810773,-1.2189989408,1.0008068
1305,0.8114526462065119,1.1952227303251142,-1.2190940880,1.0007082
1306,0.8117450179112347,1.194266425569151,-1.2191786477,1.0005628
1307,0.8120540349056096,1.193315369052856,-1.2192717329,1.0004471
1308,0.8123630518999845,1.1923643125365608,-1.2193634572,1.0003254
1309,0.8126720688943594,1.1914132560202657,-1.2194530926,1.0001979
1310,0.8129810858887343,1.1904621995039706,-1.2195416982,1.0000744
1311,0.8132901028831092,1.1895111429876757,-1.2196283903,0.9999281
1312,0.8135991198774841,1.1885600864713803,-1.2197191910,0.9998286
1313,0.813908136871859,1.1876090299550852,-1.2198081100,0.9997058
1314,0.814217153866234,1.18665797343879,-1.2198955056,0.9995839
1315,0.8145261708606089,1.185706916922495,-1.2199863572,0.9994687
1316,0.8148351878549838,1.1847558604061998,-1.2200726273,0.9993335
1317,0.8151607560094409,1.1838103418306003,-1.2201648898,0.9992321
1318,0.8154863241638981,1.1828648232550012,-1.2202495662,0.9990750
1319,0.8158118923183553,1.181919304679402,-1.2203365540,0.9989433
1320,0.8161374604728124,1.1809737861038023,-1.2204264584,0.9988311
1321,0.8164630286272696,1.1800282675282032,-1.2205160622,0.9987189
1322,0.8167885967817268,1.179082748952604,-1.2206032012,0.9985977
1323,0.8171141649361839,1.1781372303770046,-1.2206911068,0.9984796
1324,0.8174397330906411,1.1771917118014052,-1.2207784165,0.9983564
1325,0.8177653012450983,1.176246193225806,-1.2208657594,0.9982340
1326,0.8180908693995554,1.1753006746502066,-1.2209529791,0.9981129
1327,0.8184164375540126,1.1743551560746073,-1.2210384435,0.9979778
1328,0.8187584576973382,1.1734154634538214,-1.2211241714,0.9978390
1329,0.8191004778406639,1.1724757708330356,-1.2212098139,0.9977016
1330,0.8194424979839895,1.1715360782122497,-1.2212971568,0.9975870
1331,0.8197845181273151,1.1705963855914638,-1.2213836590,0.9974532
1332,0.8201265382706407,1.169656692970678,-1.2214696557,0.9973267
1333,0.8204685584139664,1.168717000349892,-1.2215564582,0.9972159
1334,0.820810578557292,1.1677773077291065,-1.2216413319,0.9970876
1335,0.8211525987006176,1.1668376151083204,-1.2217259106,0.9969611
1336,0.8214946188439433,1.1658979224875343,-1.2218100690,0.9968343
1337,0.8218366389872689,1.164958229866749,-1.2218961770,0.9967155
1338,0.8221950069368141,1.1640246494402515,-1.2219816776,0.9965889
1339,0.8225533748863594,1.1630910690137544,-1.2220675673,0.9964683
1340,0.8229117428359046,1.1621574885872572,-1.2221526788,0.9963445
1341,0.8232701107854499,1.16122390816076,-1.2222372095,0.9962149
1342,0.8236284787349951,1.1602903277342629,-1.2223206582,0.9960844
1343,0.8239868466845404,1.1593567473077655,-1.2224039239,0.9959582
1344,0.8243452146340856,1.1584231668812686,-1.2224892559,0.9958381
1345,0.8247035825836309,1.1574895864547714,-1.2225712668,0.9956982
1346,0.8250619505331761,1.1565560060282742,-1.2226554602,0.9955750
1347,0.8254203184827213,1.155622425601777,-1.2227393638,0.9954624
1348,0.8257786864322666,1.15468884517528,-1.2228229775,0.9953443
1349,0.8261532930256825,1.1537616613207131,-1.2229050582,0.9952084
1350,0.8265278996190984,1.1528344774661463,-1.2229886487,0.9950937
1351,0.8269025062125144,1.1519072936115795,-1.2230716186,0.9949642
1352,0.8272771128059303,1.1509801097570127,-1.2231547852,0.9948476
1353,0.8276517193993462,1.150052925902446,-1.2232346418,0.9947049
1354,0.8280263259927622,1.149125742047879,-1.2233214313,0.9946076
1355,0.8284009325861781,1.1481985581933123,-1.2234010495,0.9944910
1356,0.828775539179594,1.1472713743387457,-1.2234847454,0.9943711
1357,0.8291501457730099,1.146344190484179,-1.2235641864,0.9942361
1358,0.8295247523664259,1.145417006629612,-1.2236469186,0.9941221
1359,0.8299154834949152,1.1444965017761597,-1.2237187155,0.9939506
1360,0.8303062146234045,1.143575996922707,-1.2238008509,0.9938256
1361,0.8306969457518938,1.1426554920692549,-1.2238825795,0.9937171
1362,0.8310876768803831,1.1417349872158022,-1.2239639237,0.9935873
1363,0.8314784080088724,1.1408144823623498,-1.2240433769,0.9934414
1364,0.8318691391373617,1.1398939775088974,-1.2241243459,0.9933386
1365,0.832259870265851,1.138973472655445,-1.2242030097,0.9932167
1366,0.8326506013943403,1.1380529678019926,-1.2242823953,0.9930889
1367,0.8330413325228296,1.1371324629485402,-1.2243646361,0.9929995
1368,0.8334320636513189,1.1362119580950878,-1.2244397191,0.9928518
1369,0.8338388002943947,1.1352984126374452,-1.2245210482,0.9927492
1370,0.8342455369374705,1.1343848671798027,-1.2246017018,0.9926154
1371,0.8346522735805463,1.13347132172216,-1.2246765775,0.9924933
1372,0.8350590102236221,1.1325577762645176,-1.2247558554,0.9923520
1373,0.8354657468666978,1.131644230806875,-1.2248315551,0.9922242
1374,0.8358724835097736,1.1307306853492325,-1.2249086264,0.9920995
1375,0.8362792201528494,1.12981713989159,-1.2249856743,0.9919937
1376,0.8366859567959252,1.1289035944339474,-1.2250648433,0.9918780
1377,0.837092693439001,1.1279900489763048,-1.2251416037,0.9917422
1378,0.8374994300820767,1.1270765035186625,-1.2252175796,0.9916407
1379,0.8379220483438174,1.1261701957316257,-1.2252956242,0.9915297
1380,0.8383446666055582,1.125263887944589,-1.2253723419,0.9914125
1381,0.8387672848672989,1.1243575801575525,-1.2254468653,0.9912808
1382,0.8391899031290396,1.123451272370516,-1.2255213026,0.9911536
1383,0.8396125213907804,1.1225449645834793,-1.2255965292,0.9910280
1384,0.8400351396525211,1.1216386567964427,-1.2256715609,0.9909065
1385,0.8404577579142618,1.120732349009406,-1.2257454060,0.9907757
1386,0.8408803761760025,1.1198260412223695,-1.2258212394,0.9906647
1387,0.8413029944377433,1.118919733435333,-1.2258937412,0.9905418
1388,0.8417413655845324,1.1180209393890337,-1.2259659655,0.9904245
1389,0.8421797367313215,1.1171221453427345,-1.2260399240,0.9902887
1390,0.8426181078781106,1.1162233512964352,-1.2261127328,0.9901647
1391,0.8430564790248998,1.115324557250136,-1.2261859708,0.9900433
1392,0.8434948501716889,1.1144257632038368,-1.2262587679,0.9899298
1393,0.843933221318478,1.1135269691575376,-1.2263306931,0.9898048
1394,0.8443715924652672,1.1126281751112383,-1.2264039694,0.9896954
1395,0.8448099636120563,1.1117293810649391,-1.2264744170,0.9895730
1396,0.8452483347588454,1.11083058701864,-1.2265473741,0.9894602
1397,0.8456867059056346,1.109931792972341,-1.2266174557,0.9893405
1398,0.8461406964053741,1.1090407864481524,-1.2266890815,0.9892202
1399,0.8465946869051137,1.108149779923964,-1.2267586179,0.9890949
1400,0.8470486774048533,1.107258773399776,-1.2268280240,0.9889905
1401,0.8475026679045929,1.1063677668755876,-1.2268988839,0.9888596
1402,0.8479566584043325,1.1054767603513993,-1.2269689274,0.9887528
1403,0.8484106489040721,1.104585753827211,-1.2270375210,0.9886185
1404,0.8488646394038117,1.1036947473030227,-1.2271087482,0.9885163
1405,0.8493186299035513,1.1028037407788345,-1.2271767395,0.9883952
1406,0.8497726204032909,1.1019127342546462,-1.2272477746,0.9882974
1407,0.8502266109030305,1.101021727730458,-1.2273154593,0.9881736
1408,0.8506960824658164,1.100138780137599,-1.2273848893,0.9880700
1409,0.8511655540286023,1.09925583254474,-1.2274485730,0.9879336
1410,0.8516350255913882,1.0983728849518812,-1.2275176896,0.9878272
1411,0.852104497154174,1.0974899373590223,-1.2275828428,0.9876971
1412,0.8525739687169599,1.0966069897661634,-1.2276491063,0.9875820
1413,0.8530434402797458,1.0957240421733043,-1.2277162336,0.9874522
1414,0.8535129118425316,1.0948410945804457,-1.2277839221,0.9873468
1415,0.8539823834053175,1.0939581469875868,-1.2278500678,0.9872405
1416,0.8544518549681034,1.093075199394728,-1.2279162639,0.9871241
1417,0.8549366645883497,1.0922005796875884,-1.2279783226,0.9869953
1418,0.855421474208596,1.091325959980449,-1.2280461018,0.9869201
1419,0.8559062838288424,1.0904513402733096,-1.2281081392,0.9867820
1420,0.8563910934490887,1.0895767205661702,-1.2281736960,0.9866907
1421,0.856875903069335,1.0887021008590307,-1.2282379011,0.9865788
1422,0.8573607126895814,1.087827481151891,-1.2283014820,0.9864688
1423,0.8578455223098277,1.086952861444752,-1.2283638983,0.9863436
1424,0.858330331930074,1.0860782417376125,-1.2284258312,0.9862239
1425,0.8588151415503203,1.085203622030473,-1.2284885712,0.9861038
1426,0.8592999511705667,1.0843290023233336,-1.2285521376,0.9860110
1427,0.8597999511705666,1.0834629769195492,-1.2286125076,0.9858939
1428,0.8602999511705666,1.0825969515157647,-1.2286734479,0.9857686
1429,0.8607999511705665,1.0817309261119803,-1.2287347093,0.9856665
1430,0.8612999511705665,1.080864900708196,-1.2287952565,0.9855475
1431,0.8617999511705664,1.0799988753044114,-1.2288552914,0.9854279
1432,0.8622999511705663,1.079132849900627,-1.2289151771,0.9853235
1433,0.8627999511705663,1.0782668244968423,-1.2289736597,0.9851820
1434,0.8632999511705662,1.077400799093058,-1.2290353626,0.9851117
1435,0.8637999511705662,1.0765347736892736,-1.2290947608,0.9850058
1436,0.8642999511705661,1.0756687482854892,-1.2291535789,0.9848992
1437,0.8648149892454762,1.0748115809847871,-1.2292118514,0.9847886
1438,0.8653300273203862,1.073954413684085,-1.2292698564,0.9846794
1439,0.8658450653952963,1.073097246383383,-1.2293287455,0.9845825
1440,0.8663601034702063,1.072240079082681,-1.2293860775,0.9844760
1441,0.8668751415451164,1.0713829117819789,-1.2294426487,0.9843667
1442,0.8673901796200264,1.0705257444812768,-1.2294996421,0.9842611
1443,0.8679052176949364,1.0696685771805747,-1.2295558280,0.9841507
1444,0.8684202557698465,1.0688114098798729,-1.2296123873,0.9840496
1445,0.8689352938447565,1.0679542425791706,-1.2296694354,0.9839602
1446,0.8694503319196666,1.0670970752784683,-1.2297228795,0.9838263
1447,0.8699802511838998,1.0662490271823122,-1.2297790990,0.9837429
1448,0.870510170448133,1.0654009790861558,-1.2298334597,0.9836379
1449,0.8710400897123661,1.0645529309899997,-1.2298876372,0.9835350
1450,0.8715700089765993,1.0637048828938431,-1.2299404200,0.9834087
1451,0.8720999282408325,1.0628568347976868,-1.2299957381,0.9833364
1452,0.8726298475050657,1.0620087867015304,-1.2300492514,0.9832365
1453,0.8731597667692989,1.061160738605374,-1.2301024920,0.9831390
1454,0.873689686033532,1.0603126905092175,-1.2301554781,0.9830432
1455,0.8742196052977652,1.0594646424130614,-1.2302082227,0.9829490
1456,0.8747495245619984,1.058616594316905,-1.2302607179,0.9828563
1457,0.8752941635970134,1.0577779237489595,-1.2303118041,0.9827549
1458,0.8758388026320284,1.056939253181014,-1.2303627092,0.9826556
1459,0.8763834416670434,1.0561005826130685,-1.2304133083,0.9825574
1460,0.8769280807020584,1.055261912045123,-1.2304636236,0.9824604
1461,0.8774727197370734,1.0544232414771777,-1.2305136864,0.9823648
1462,0.8780173587720884,1.053584570909232,-1.2305635289,0.9822711
1463,0.8785619978071034,1.0527459003412865,-1.2306128111,0.9821756
1464,0.8791066368421184,1.051907229773341,-1.2306583682,0.9820367
1465,0.8796512758771334,1.0510685592053954,-1.2307112644,0.9819959
1466,0.8801959149121484,1.05022988863745,-1.2307608748,0.9819151
1467,0.8807551078156192,1.049400851064895,-1.2308080190,0.9818161
1468,0.8813143007190899,1.04857181349234,-1.2308550081,0.9817198
1469,0.8818734936225606,1.0477427759197848,-1.2309016504,0.9816243
1470,0.8824326865260314,1.0469137383472298,-1.2309482608,0.9815330
1471,0.8829918794295021,1.0460847007746747,-1.2310008927,0.9814399
1472,0.8835510723329728,1.0452556632021195,-1.2310470870,0.9813516
1473,0.8841102652364435,1.044426625629565,-1.2310927869,0.9812616
1474,0.8846694581399143,1.0435975880570096,-1.2311385620,0.9811768
1475,0.885228651043385,1.0427685504844546,-1.2311843060,0.9810964
1476,0.8857878439468557,1.0419395129118996,-1.2312295670,0.9810148
1477,0.8863614203832068,1.0411203608676105,-1.2312733348,0.9809248
1478,0.8869349968195578,1.0403012088233214,-1.2313168189,0.9808362
1479,0.8875085732559088,1.0394820567790324,-1.2313597683,0.9807460
1480,0.8880821496922598,1.038662904734743,-1.2314027278,0.9806603
1481,0.8886557261286109,1.0378437526904545,-1.2314454086,0.9805761
1482,0.8892293025649619,1.0370246006461652,-1.2314878457,0.9804942
1483,0.8898028790013129,1.036205448601876,-1.2315305747,0.9804172
1484,0.890376455437664,1.035386296557587,-1.2315724174,0.9803375
1485,0.890950031874015,1.034567144513298,-1.2316139663,0.9802595
1486,0.891523608310366,1.033747992469009,-1.2316552592,0.9801810
1487,0.8921113935626586,1.032938975474634,-1.2316950685,0.9800973
1488,0.8926991788149511,1.0321299584802592,-1.2317347468,0.9800155
1489,0.8932869640672436,1.0313209414858844,-1.2317745163,0.9799399
1490,0.8938747493195361,1.0305119244915095,-1.2318130083,0.9798537
1491,0.8944625345718287,1.029702907497135,-1.2318520908,0.9797779
1492,0.8950503198241212,1.0288938905027598,-1.2318908626,0.9797010
1493,0.8956381050764137,1.028084873508385,-1.2319290123,0.9796278
1494,0.8962258903287063,1.02727585651401,-1.2319677491,0.9795589
1495,0.8968136755809988,1.0264668395196352,-1.2320050440,0.9794839
1496,0.8974014608332913,1.0256578225252604,-1.2320426784,0.9794148
1497,0.8980032758564434,1.024859187015213,-1.2320786876,0.9793396
1498,0.8986050908795954,1.0240605515051655,-1.2321144755,0.9792640
1499,0.8992069059027474,1.0232619159951184,-1.2321500342,0.9791902
1500,0.8998087209258995,1.022463280485071,-1.2321853396,0.9791183
1501,0.9004105359490515,1.0216646449750235,-1.2322203914,0.9790481
1502,0.9010123509722036,1.0208660094649764,-1.2322551620,0.9789797
1503,0.9016141659953556,1.020067373954929,-1.2322901100,0.9789132
1504,0.9022159810185076,1.0192687384448818,-1.2323231228,0.9788432
1505,0.9028177960416596,1.0184701029348344,-1.2323569978,0.9787784
1506,0.9034196110648116,1.017671467424787,-1.2323906899,0.9787157
1507,0.9040352725401374,1.0168834566711804,-1.2324228471,0.9786457
1508,0.904650934015463,1.0160954459175735,-1.2324546594,0.9785775
1509,0.9052665954907888,1.015307435163967,-1.2324861475,0.9785107
1510,0.9058822569661144,1.0145194244103604,-1.2325181600,0.9784502
1511,0.90649791844144,1.0137314136567537,-1.2325488415,0.9783846
1512,0.9071135799167656,1.012943402903147,-1.2325794275,0.9783223
1513,0.9077292413920912,1.0121553921495403,-1.2326099592,0.9782611
1514,0.908344902867417,1.0113673813959336,-1.2326397172,0.9781999
1515,0.9089605643427426,1.010579370642327,-1.2326693940,0.9781408
1516,0.9095762258180684,1.0097913598887205,-1.2326988484,0.9780833
1517,0.910191887293394,1.0090033491351136,-1.2327281840,0.9780299
1518,0.9108212076844436,1.0082262031736566,-1.2327559224,0.9779684
1519,0.9114505280754936,1.0074490572121997,-1.2327834662,0.9779092
1520,0.9120798484665432,1.0066719112507427,-1.2328107297,0.9778506
1521,0.9127091688575932,1.0058947652892858,-1.2328376647,0.9777946
1522,0.9133384892486428,1.0051176193278288,-1.2328644265,0.9777420
1523,0.9139678096396928,1.004340473366372,-1.2328910647,0.9776895
1524,0.9145971300307424,1.003563327404915,-1.2329171960,0.9776376
1525,0.9152264504217924,1.002786181443458,-1.2329430339,0.9775878
1526,0.915855770812842,1.002009035482001,-1.2329679747,0.9775353
1527,0.916485091203892,1.001231889520544,-1.2329935576,0.9774905
1528,0.9171144115949416,1.0004547435590871,-1.2330180718,0.9774427
1529,0.9177571992046282,0.9996886991159682,-1.2330416824,0.9773913
1530,0.9183999868143148,0.9989226546728492,-1.2330645084,0.9773394
1531,0.9190427744240012,0.9981566102297302,-1.2330877835,0.9772909
1532,0.9196855620336876,0.9973905657866112,-1.2331106467,0.9772459
1533,0.9203283496433742,0.9966245213434922,-1.2331306110,0.9771782
1534,0.9209711372530608,0.9958584769003732,-1.2331548588,0.9771544
1535,0.9216139248627472,0.9950924324572542,-1.2331764713,0.9771108
1536,0.9222567124724336,0.9943263880141352,-1.2331977918,0.9770689
1537,0.9228995000821202,0.9935603435710162,-1.2332188485,0.9770290
1538,0.9235422876918068,0.9927942991278972,-1.2332396768,0.9769910
1539,0.9241983467207971,0.9920395895476743,-1.2332575254,0.9769365
1540,0.9248544057497876,0.9912848799674516,-1.2332777206,0.9769005
1541,0.925510464778778,0.990530170387229,-1.2332975283,0.9768601
1542,0.9261665238077684,0.9897754608070064,-1.2333157809,0.9768209
1543,0.926822582836759,0.9890207512267836,-1.2333317943,0.9767779
1544,0.9274786418657496,0.9882660416465608,-1.2333509059,0.9767477
1545,0.92813470089474,0.987511332066338,-1.2333679390,0.9767023
1546,0.9287907599237304,0.9867566224861154,-1.2333847978,0.9766684
1547,0.9294468189527209,0.9860019129058928,-1.2334002425,0.9766275
1548,0.9301028779817112,0.98524720332567,-1.2334159064,0.9765903
1549,0.9307589370107018,0.9844924937454472,-1.2334365357,0.9765832
1550,0.9314280676170608,0.9837493489199698,-1.2334512433,0.9765469
1551,0.9320971982234196,0.9830062040944924,-1.2334656697,0.9765122
1552,0.9327663288297784,0.9822630592690148,-1.2334798356,0.9764793
1553,0.9334354594361371,0.9815199144435376,-1.2334937320,0.9764481
1554,0.934104590042496,0.98077676961806,-1.2335034029,0.9764004
1555,0.934773720648855,0.9800336247925826,-1.2335169126,0.9763745
1556,0.935442851255214,0.9792904799671052,-1.2335314199,0.9763629
1557,0.9361119818615729,0.9785473351416276,-1.2335467401,0.9763414
1558,0.9367811124679316,0.9778041903161504,-1.2335592071,0.9763185
1559,0.9374502430742904,0.9770610454906729,-1.2335713905,0.9762973
1560,0.9381193736806492,0.9763179006651954,-1.2335832917,0.9762777
1561,0.938801372040712,0.9755865469635764,-1.2335934768,0.9762506
1562,0.9394833704007745,0.9748551932619572,-1.2336033795,0.9762252
1563,0.940165368760837,0.974123839560338,-1.2336130000,0.9762015
1564,0.9408473671208996,0.9733924858587188,-1.2336223392,0.9761795
1565,0.941529365480962,0.9726611321570996,-1.2336314057,0.9761594
1566,0.9422113638410248,0.9719297784554806,-1.2336401756,0.9761410
1567,0.9428933622010872,0.9711984247538614,-1.2336475644,0.9761087
1568,0.9435753605611498,0.9704670710522424,-1.2336558700,0.9760941
1569,0.9442573589212124,0.9697357173506232,-1.2336638758,0.9760810
1570,0.9449393572812748,0.969004363649004,-1.2336716072,0.9760697
1571,0.9456213556413374,0.9682730099473849,-1.2336790175,0.9760598
1572,0.9463160140117964,0.9675536701470462,-1.2336851038,0.9760425
1573,0.9470106723822554,0.9668343303467076,-1.2336904028,0.9760263
1574,0.9477053307527143,0.9661149905463688,-1.2336956160,0.9760131
1575,0.9483999891231736,0.9653956507460302,-1.2337006785,0.9760170
1576,0.9490946474936324,0.9646763109456916,-1.2337026791,0.9759963
1577,0.9497893058640916,0.9639569711453528,-1.2337098419,0.9760044
1578,0.9504839642345504,0.9632376313450142,-1.2337108849,0.9759739
1579,0.9511786226050096,0.9625182915446756,-1.2337141710,0.9759638
1580,0.9518732809754684,0.9617989517443368,-1.2337201283,0.9759622
1581,0.9525679393459277,0.9610796119439982,-1.2337233478,0.9759603
1582,0.9532625977163866,0.9603602721436596,-1.2337262077,0.9759594
1583,0.9539697044975732,0.9596531653624728,-1.2337273520,0.9759512
1584,0.954664362868032,0.9589338255621342,-1.2337297424,0.9759542
1585,0.9553590212384911,0.9582144857617956,-1.2337318061,0.9759587
1586,0.9560536796089502,0.9574951459614568,-1.2337336177,0.9759650
1588,0.956683,0.956718,-1.2337424019,0.9760188
1589,0.9574601459614568,0.9560886796089502,-1.2337336295,0.9759649
1590,0.9581794857617956,0.9553940212384912,-1.2337318300,0.9759585
1591,0.9588988255621342,0.954699362868032,-1.2337297788,0.9759540
1592,0.9596181653624728,0.9540047044975732,-1.2337274023,0.9759508
1593,0.9603252721436596,0.9532975977163866,-1.2337262708,0.9759590
1594,0.9610446119439982,0.9526029393459275,-1.2337234239,0.9759597
1595,0.9617639517443368,0.9519082809754684,-1.2337202183,0.9759616
1596,0.9624832915446756,0.9512136226050096,-1.2337142715,0.9759629
1597,0.9632026313450142,0.9505189642345504,-1.2337109977,0.9759729
1598,0.9639219711453528,0.9498243058640916,-1.2337099323,0.9760062
1599,0.9646413109456916,0.9491296474936324,-1.2337029341,0.9759831
1600,0.9653606507460302,0.9484349891231736,-1.2337016295,0.9760166
1601,0.9660799905463688,0.9477403307527144,-1.2336957856,0.9760119
1602,0.9667993303467076,0.9470456723822556,-1.2336905865,0.9760251
1603,0.9675186701470462,0.9463510140117964,-1.2336853010,0.9760412
1604,0.9682380099473848,0.9456563556413374,-1.2336792351,0.9760585
1605,0.968969363649004,0.9449743572812748,-1.2336718394,0.9760683
1606,0.9697007173506232,0.9442923589212124,-1.2336641211,0.9760795
1607,0.9704320710522424,0.9436103605611498,-1.2336561310,0.9760925
1608,0.9711634247538614,0.9429283622010872,-1.2336478399,0.9761070
1609,0.9718947784554806,0.9422463638410248,-1.2336404593,0.9761392
1610,0.9726261321570996,0.941564365480962,-1.2336317041,0.9761575
1611,0.9733574858587188,0.9408823671208996,-1.2336226517,0.9761776
1612,0.974088839560338,0.940200368760837,-1.2336133264,0.9761995
1613,0.9748201932619572,0.9395183704007743,-1.2336037199,0.9762231
1614,0.9755515469635764,0.938836372040712,-1.2335938312,0.9762484
1615,0.9762829006651954,0.9381543736806494,-1.2335836601,0.9762754
1616,0.9770260454906728,0.9374852430742904,-1.2335717730,0.9762949
1617,0.9777691903161504,0.9368161124679316,-1.2335596037,0.9763160
1618,0.9785123351416276,0.9361469818615727,-1.2335471509,0.9763389
1619,0.9792554799671052,0.935477851255214,-1.2335320209,0.9763617
1620,0.9799986247925826,0.934808720648855,-1.2335176263,0.9763710
1621,0.98074176961806,0.934139590042496,-1.2335043756,0.9763962
1622,0.9814849144435376,0.9334704594361372,-1.2334942003,0.9764453
1623,0.9822280592690148,0.9328013288297784,-1.2334803174,0.9764763
1624,0.9829712040944923,0.9321321982234196,-1.2334661649,0.9765091
1625,0.9837143489199698,0.9314630676170608,-1.2334517520,0.9765437
1626,0.9844574937454472,0.9307939370107018,-1.2334370578,0.9765800
1627,0.98521220332567,0.9301378779817112,-1.2334206721,0.9766088
1628,0.9859669129058928,0.9294818189527208,-1.2334008098,0.9766281
1629,0.9867216224861154,0.9288257599237304,-1.2333854428,0.9766651
1630,0.987476332066338,0.92816970089474,-1.2333705929,0.9767121
1631,0.9882310416465608,0.9275136418657496,-1.2333514244,0.9767445
1632,0.9889857512267836,0.926857582836759,-1.2333344132,0.9767786
1633,0.9897404608070064,0.9262015238077684,-1.2333163545,0.9768172
1634,0.990495170387229,0.925545464778778,-1.2332981975,0.9768564
1635,0.9912498799674516,0.9248894057497876,-1.2332782859,0.9768964
1636,0.9920045895476745,0.9242333467207972,-1.2332583962,0.9769342
1637,0.9927592991278972,0.9235772876918068,-1.2332403519,0.9769869
1638,0.9935253435710162,0.9229345000821202,-1.2332195358,0.9770248
1639,0.9942913880141352,0.9222917124724336,-1.2331984890,0.9770646
1640,0.9950574324572542,0.9216489248627472,-1.2331771843,0.9771064
1641,0.9958234769003732,0.9210061372530608,-1.2331555882,0.9771499
1642,0.9965895213434922,0.9203633496433742,-1.2331321766,0.9771764
1643,0.9973555657866112,0.9197205620336876,-1.2331113130,0.9772419
1644,0.9981216102297302,0.9190777744240012,-1.2330885475,0.9772862
1645,0.9988876546728492,0.9184349868143148,-1.2330652962,0.9773347
1646,0.9996536991159682,0.9177921992046282,-1.2330424794,0.9773865
1647,1.0004197435590871,0.9171494115949416,-1.2330191778,0.9774394
1648,1.001185788002206,0.9165066239852552,-1.2329954489,0.9774927
1649,1.001962933963663,0.9158773035942054,-1.2329702113,0.9775395
1650,1.00274007992512,0.9152479832031556,-1.2329452031,0.9775922
1651,1.003517225886577,0.9146186628121058,-1.2329194424,0.9776416
1652,1.004294371848034,0.913989342421056,-1.2328938650,0.9776949
1653,1.0050715178094909,0.9133600220300062,-1.2328667348,0.9777446
1654,1.0058486637709478,0.9127307016389564,-1.2328399997,0.9778000
1655,1.0066258097324048,0.9121013812479066,-1.2328130260,0.9778543
1656,1.0074029556938615,0.9114720608568568,-1.2327857488,0.9779127
1657,1.008180101655319,0.910842740465807,-1.2327585886,0.9779701
1658,1.0089572476167756,0.9102134200747573,-1.2327305147,0.9780334
1659,1.0097452583703823,0.9095977585994316,-1.2327012640,0.9780873
1660,1.010533269123989,0.908982097124106,-1.2326717701,0.9781434
1661,1.0113212798775957,0.9083664356487804,-1.2326419962,0.9782018
1662,1.0121092906312024,0.9077507741734546,-1.2326120431,0.9782625
1663,1.012897301384809,0.907135112698129,-1.2325818062,0.9783253
1664,1.0136853121384155,0.9065194512228032,-1.2325512510,0.9783887
1665,1.0144733228920224,0.9059037897474777,-1.2325203975,0.9784519
1666,1.015261333645629,0.905288128272152,-1.2324885913,0.9785136
1667,1.0160493443992358,0.9046724667968264,-1.2324570928,0.9785803
1668,1.0168373551528425,0.9040568053215008,-1.2324253029,0.9786484
1669,1.0176359906628898,0.9034549902983486,-1.2323918417,0.9787089
1670,1.0184346261729371,0.9028531752751966,-1.2323581540,0.9787715
1671,1.0192332616829844,0.9022513602520446,-1.2323242904,0.9788362
1672,1.0200318971930318,0.9016495452288924,-1.2322898465,0.9788875
1673,1.020830532703079,0.9010477302057404,-1.2322563620,0.9789726
1674,1.0216291682131264,0.9004459151825884,-1.2322216077,0.9790410
1675,1.0224278037231738,0.8998441001594364,-1.2321865785,0.9791111
1676,1.023226439233221,0.8992422851362843,-1.2321512787,0.9791829
1677,1.0240250747432684,0.8986404701131323,-1.2321157319,0.9792566
1678,1.0248237102533158,0.8980386550899803,-1.2320799568,0.9793321
1679,1.025622345763363,0.8974368400668282,-1.2320439636,0.9794072
1680,1.026431362757738,0.8968490548145357,-1.2320063435,0.9794762
1681,1.0272403797521128,0.8962612695622432,-1.2319683792,0.9795380
1682,1.0280493967464877,0.8956734843099506,-1.2319303383,0.9796200
1683,1.0288584137408625,0.8950856990576581,-1.2318922266,0.9796930
1684,1.0296674307352374,0.8944979138053656,-1.2318534503,0.9797699
1685,1.0304764477296122,0.8939101285530731,-1.2318143582,0.9798458
1686,1.031285464723987,0.8933223433007805,-1.2317758908,0.9799316
1687,1.032094481718362,0.892734558048488,-1.2317361321,0.9800071
1688,1.0329034987127368,0.8921467727961955,-1.2316964719,0.9800890
1689,1.0337125157071116,0.891558987543903,-1.2316566753,0.9801726
1690,1.0345316677514007,0.8909854111075519,-1.2316153966,0.9802509
1691,1.0353508197956898,0.8904118346712009,-1.2315738608,0.9803289
1692,1.0361699718399788,0.8898382582348499,-1.2315298829,0.9803857
1693,1.036989123884268,0.8892646817984988,-1.2314884411,0.9804707
1694,1.037808275928557,0.8886911053621478,-1.2314468984,0.9805673
1695,1.038627427972846,0.8881175289257968,-1.2314042395,0.9806514
1696,1.039446580017135,0.8875439524894457,-1.2313613113,0.9807370
1697,1.040265732061424,0.8869703760530947,-1.2313183481,0.9808271
1698,1.0410848841057132,0.8863967996167437,-1.2312748846,0.9809157
1699,1.0419040361500025,0.8858232231803926,-1.2312311341,0.9810055
1700,1.0427330737225573,0.8852640302769219,-1.2311859079,0.9810872
1701,1.0435621112951123,0.8847048373734512,-1.2311401442,0.9811674
1702,1.0443911488676674,0.8841456444699805,-1.2310943962,0.9812521
1703,1.0452201864402224,0.8835864515665097,-1.2310451553,0.9812960
1704,1.0460492240127774,0.883027258663039,-1.2310025135,0.9814302
1705,1.0468782615853325,0.8824680657595683,-1.2309499046,0.9815233
1706,1.0477072991578875,0.8819088728560975,-1.2309035076,0.9816174
1707,1.0485363367304426,0.8813496799526268,-1.2308566791,0.9817099
1708,1.0493653743029976,0.8807904870491561,-1.2308097230,0.9818062
1709,1.0501944118755526,0.8802312941456854,-1.2307625322,0.9819052
1710,1.0510234494481077,0.8796721012422146,-1.2307141433,0.9819956
1711,1.0518621200160532,0.8791274622071996,-1.2306607326,0.9820278
1712,1.052700790583999,0.8785828231721846,-1.2306157115,0.9821751
1713,1.0535394611519442,0.8780381841371696,-1.2305664467,0.9822706
1714,1.0543781317198897,0.8774935451021546,-1.2305166067,0.9823641
1715,1.0552168022878352,0.8769489060671396,-1.2304665469,0.9824595
1716,1.0560554728557807,0.8764042670321246,-1.2304162527,0.9825566
1717,1.0568941434237262,0.8758596279971096,-1.2303656652,0.9826547
1718,1.0577328139916715,0.8753149889620946,-1.2303147832,0.9827540
1719,1.0585714845596172,0.8747703499270796,-1.2302636969,0.9828553
1720,1.0594195326557736,0.8742404306628464,-1.2302112126,0.9829480
1721,1.06026758075193,0.8737105113986132,-1.2301584792,0.9830421
1722,1.0611156288480863,0.87318059213438,-1.2301055045,0.9831378
1723,1.0619636769442429,0.8726506728701469,-1.2300522790,0.9832352
1724,1.062811725040399,0.8721207536059137,-1.2299987711,0.9833349
1725,1.0636597731365554,0.8715908343416805,-1.2299434299,0.9834068
1726,1.0645078212327117,0.8710609150774473,-1.2298907097,0.9835336
1727,1.065355869328868,0.8705309958132141,-1.2298348320,0.9836142
1728,1.0662039174250244,0.870001076548981,-1.2297821713,0.9837412
1729,1.0670519655211808,0.8694711572847478,-1.2297264961,0.9838332
1730,1.0679091328218828,0.8689561192098377,-1.2296728772,0.9839610
1731,1.068766300122585,0.8684410811349277,-1.2296154074,0.9840479
1732,1.069623467423287,0.8679260430600176,-1.2295589839,0.9841491
1733,1.070480634723989,0.8674110049851076,-1.2295028731,0.9842586
1734,1.071337802024691,0.8668959669101975,-1.2294457778,0.9843656
1735,1.0721949693253932,0.8663809288352875,-1.2293893071,0.9844743
1736,1.0730521366260952,0.8658658907603775,-1.2293319471,0.9845805
1737,1.0739093039267973,0.8653508526854674,-1.2292730389,0.9846772
1738,1.0747664712274994,0.8648358146105574,-1.2292150378,0.9847862
1739,1.0756236385282014,0.8643207765356473,-1.2291567796,0.9848968
1740,1.076489663931986,0.8638207765356474,-1.2290980095,0.9850046
1741,1.0773556893357703,0.8633207765356474,-1.2290385348,0.9851098
1742,1.0782217147395547,0.8628207765356475,-1.2289785425,0.9852085
1743,1.0790877401433392,0.8623207765356475,-1.2289185379,0.9853205
1744,1.0799537655471236,0.8618207765356476,-1.2288591322,0.9854422
1745,1.080819790950908,0.8613207765356476,-1.2287977463,0.9855407
1746,1.0816858163546923,0.8608207765356477,-1.2287380838,0.9856634
1747,1.082551841758477,0.8603207765356478,-1.2286767140,0.9857704
1748,1.0834178671622614,0.8598207765356478,-1.2286157053,0.9858930
1749,1.0842838925660458,0.8593207765356479,-1.2285528888,0.9859903
1750,1.0851585122731853,0.8588359669154015,-1.2284947511,0.9861012
1751,1.0860331319803247,0.8583511572951552,-1.2284292967,0.9862219
1752,1.086907751687464,0.8578663476749089,-1.2283670252,0.9863393
1753,1.0877823713946035,0.8573815380546626,-1.2283047966,0.9864650
1754,1.088656991101743,0.8568967284344162,-1.2282379745,0.9865369
1755,1.0895316108088824,0.8564119188141699,-1.2281770851,0.9866893
1756,1.0904062305160218,0.8559271091939236,-1.2281105147,0.9867699
1757,1.0912808502231612,0.8554422995736772,-1.2280491624,0.9869133
1758,1.0921554699303009,0.8549574899534309,-1.2279746617,0.9869597
1759,1.09303008963744,0.8544726803331846,-1.2279188101,0.9871177
1760,1.093913037230299,0.8540032087703987,-1.2278540587,0.9872347
1761,1.094795984823158,0.8535337372076128,-1.2277878491,0.9873430
1762,1.0956789324160168,0.853064265644827,-1.2277201217,0.9874494
1763,1.0965618800088757,0.8525947940820411,-1.2276526350,0.9875870
1764,1.0974448276017346,0.8521253225192552,-1.2275859071,0.9876932
1765,1.0983277751945937,0.8516558509564693,-1.2275201288,0.9878256
1766,1.0992107227874524,0.8511863793936835,-1.2274511937,0.9879168
1767,1.1000936703803113,0.8507169078308976,-1.2273884336,0.9880666
1768,1.10097661797317,0.8502474362681117,-1.2273198818,0.9881846
1769,1.1018676244973584,0.8497934457683721,-1.2272519500,0.9882953
1770,1.1027586310215467,0.8493394552686325,-1.2271800452,0.9883903
1771,1.103649637545735,0.8488854647688929,-1.2271126937,0.9885138
1772,1.1045406440699232,0.8484314742691533,-1.2270409854,0.9886129
1773,1.1054316505941115,0.8479774837694137,-1.2269737026,0.9887516
1774,1.1063226571182998,0.8475234932696741,-1.2269020362,0.9888608
1775,1.107213663642488,0.8470695027699345,-1.2268310634,0.9889664
1776,1.1081046701666764,0.8466155122701949,-1.2267622555,0.9890918
1777,1.1089956766908646,0.8461615217704553,-1.2266925657,0.9892147
1778,1.109886683215053,0.8457075312707157,-1.2266207981,0.9893330
1779,1.110785477261352,0.8452691601239266,-1.2265509095,0.9894545
1780,1.1116842713076514,0.8448307889771375,-1.2264782230,0.9895684
1781,1.1125830653539506,0.8443924178303484,-1.2264068724,0.9896943
1782,1.1134818594002498,0.8439540466835592,-1.2263349886,0.9898018
1783,1.114380653446549,0.8435156755367701,-1.2262622146,0.9899211
1784,1.1152794474928482,0.843077304389981,-1.2261890120,0.9900332
1785,1.1161782415391477,0.8426389332431918,-1.2261161081,0.9901565
1786,1.117077035585447,0.8422005620964027,-1.2260412590,0.9902813
1787,1.117975829631746,0.8417621909496136,-1.2259691232,0.9904044
1788,1.1188746236780451,0.8413238198028244,-1.2258972922,0.9905356
1789,1.1197809314650815,0.8409012015410837,-1.2258235921,0.9906571
1790,1.1206872392521183,0.840478583279343,-1.2257491913,0.9907696
1791,1.121593547039155,0.8400559650176023,-1.2256751825,0.9908992
1792,1.1224998548261915,0.8396333467558615,-1.2255993226,0.9910222
1793,1.123406162613228,0.8392107284941208,-1.2255254458,0.9911437
1794,1.1243124704002647,0.8387881102323801,-1.2254510792,0.9912857
1795,1.125218778187301,0.8383654919706394,-1.2253757959,0.9914058
1796,1.126125085974338,0.8379428737088986,-1.2252975272,0.9915122
1797,1.1270313937613743,0.8375202554471579,-1.2252198417,0.9916296
1798,1.127937701548411,0.8370976371854172,-1.2251458201,0.9917628
1799,1.1288512470060537,0.8366909005423414,-1.2250695317,0.9918823
1800,1.1297647924636962,0.8362841638992656,-1.2249917984,0.9919972
1801,1.1306783379213388,0.8358774272561899,-1.2249131490,0.9921191
1802,1.131591883378981,0.8354706906131141,-1.2248355900,0.9922278
1803,1.132505428836624,0.8350639539700383,-1.2247608645,0.9923595
1804,1.1334189742942664,0.8346572173269625,-1.2246794242,0.9924901
1805,1.134332519751909,0.8342504806838867,-1.2246039222,0.9926181
1806,1.1352460652095515,0.833843744040811,-1.2245255414,0.9927529
1807,1.136159610667194,0.8334370073977352,-1.2244455861,0.9928563
1808,1.1370801155206465,0.8330462762692459,-1.2243663008,0.9929866
1809,1.1380006203740989,0.8326555451407566,-1.2242863623,0.9930963
1810,1.1389211252275513,0.8322648140122673,-1.2242075669,0.9932227
1811,1.1398416300810037,0.831874082883778,-1.2241294750,0.9933451
1812,1.140762134934456,0.8314833517552886,-1.2240486605,0.9934594
1813,1.1416826397879083,0.8310926206267993,-1.2239711269,0.9935928
1814,1.142603144641361,0.83070188949831,-1.2238923137,0.9937340
1815,1.143523649494813,0.8303111583698207,-1.2238083580,0.9938482
1816,1.1444441543482655,0.8299204272413314,-1.2237226401,0.9939592
1817,1.145364659201718,0.8295296961128421,-1.2236514099,0.9941284
1818,1.146291843056285,0.8291550895194262,-1.2235694518,0.9942480
1819,1.1472190269108518,0.8287804829260103,-1.2234891161,0.9943696
1820,1.1481462107654186,0.8284058763325943,-1.2234081341,0.9944962
1821,1.1490733946199854,0.8280312697391784,-1.2233263751,0.9946139
1822,1.1500005784745522,0.8276566631457625,-1.2232391272,0.9947039
1823,1.150927762329119,0.8272820565523465,-1.2231593568,0.9948508
1824,1.1518549461836858,0.8269074499589306,-1.2230748926,0.9949606
1825,1.1527821300382526,0.8265328433655147,-1.2229946034,0.9951043
1826,1.1537093138928194,0.8261582367720988,-1.2229109132,0.9952231
1827,1.1546364977473862,0.8257836301786828,-1.2228293559,0.9953475
1828,1.1555700781738834,0.8254252622291376,-1.2227438764,0.9954639
1829,1.1565036586003803,0.8250668942795923,-1.2226604507,0.9955792
1830,1.1574372390268777,0.8247085263300471,-1.2225770188,0.9957158
1831,1.1583708194533748,0.8243501583805019,-1.2224938804,0.9958410
1832,1.159304399879872,0.8239917904309566,-1.2224085410,0.9959611
1833,1.1602379803063692,0.8236334224814114,-1.2223252280,0.9960875
1834,1.1611715607328663,0.8232750545318661,-1.2222418125,0.9962174
1835,1.1621051411593637,0.8229166865823209,-1.2221572924,0.9963470
1836,1.1630387215858606,0.8225583186327756,-1.2220721461,0.9964696
1837,1.1639723020123578,0.8221999506832304,-1.2219864898,0.9965919
1838,1.164905882438855,0.8218415827336851,-1.2219008180,0.9967181
1839,1.1658455750596408,0.8214995625903595,-1.2218154842,0.9968457
1840,1.166785267680427,0.8211575424470339,-1.2217305555,0.9969640
1841,1.1677249603012123,0.8208155223037082,-1.2216458925,0.9970897
1842,1.1686646529219984,0.8204735021603826,-1.2215611240,0.9972187
1843,1.1696043455427845,0.820131482017057,-1.2214743060,0.9973289
1844,1.17054403816357,0.8197894618737314,-1.2213883047,0.9974554
1845,1.171483730784356,0.8194474417304057,-1.2213023079,0.9975836
1846,1.1724234234051418,0.8191054215870801,-1.2212144696,0.9977038
1847,1.1733631160259277,0.8187634014437545,-1.2211287973,0.9978406
1848,1.1743028086467135,0.8184213813004289,-1.2210430793,0.9979795
1849,1.1752483272223129,0.8180958131459717,-1.2209576282,0.9981146
1850,1.1761938457979122,0.8177702449915145,-1.2208704131,0.9982358
1851,1.1771393643735115,0.8174446768370573,-1.2207830839,0.9983583
1852,1.1780848829491108,0.8171191086826002,-1.2206957906,0.9984816
1853,1.1790304015247102,0.816793540528143,-1.2206078838,0.9985996
1854,1.1799759201003095,0.8164679723736858,-1.2205207990,0.9987214
1855,1.1809214386759088,0.8161424042192287,-1.2204311483,0.9988330
1856,1.181866957251508,0.8158168360647715,-1.2203411071,0.9989441
1857,1.1828124758271077,0.8154912679103143,-1.2202582439,0.9991082
1858,1.1837579944027068,0.8151656997558572,-1.2201700239,0.9992365
1859,1.184709050919002,0.8148566827614823,-1.2200757439,0.9993229
1860,1.185660107435297,0.8145476657671074,-1.2199903886,0.9994541
1861,1.1866111639515922,0.8142386487727324,-1.2198969638,0.9995692
1862,1.1875622204678873,0.8139296317783575,-1.2198125833,0.9996956
1863,1.1885132769841824,0.8136206147839826,-1.2197236720,0.9998183
1864,1.1894643335004775,0.8133115977896077,-1.2196329661,0.9999220
1865,1.1904153900167729,0.8130025807952328,-1.2195475384,1.0000703
1866,1.1913664465330678,0.8126935638008579,-1.2194579433,1.0001832
1867,1.192317503049363,0.812384546806483,-1.2193651578,1.0002952
1868,1.193268559565658,0.8120755298121081,-1.2192761565,1.0004376
1869,1.1942196160819532,0.8117665128177332,-1.2191869900,1.0005797
1870,1.1951706725982485,0.8114574958233582,-1.2190944809,1.0006963
1871,1.1961269773542114,0.8111651241186355,-1.2190035216,1.0007972
1872,1.1970832821101745,0.8108727524139128,-1.2189169399,1.0009344
1873,1.1980395868661375,0.81058038070919,-1.2188270650,1.0010616
1874,1.1989958916221006,0.8102880090044673,-1.2187375885,1.0011925
1875,1.1999521963780635,0.8099956372997446,-1.2186418774,1.0012840
1876,1.2009085011340268,0.8097032655950218,-1.2185555784,1.0014174
1877,1.20186480588999,0.8094108938902991,-1.2184610903,1.0015248
1878,1.202821110645953,0.8091185221855763,-1.2183748331,1.0016738
1879,1.203777415401916,0.8088261504808536,-1.2182811378,1.0017891
1880,1.2047337201578792,0.8085337787761309,-1.2181897707,1.0019182
1881,1.2056900249138425,0.8082414070714081,-1.2181007090,1.0020332
1882,1.2066512866097805,0.8079657697155911,-1.2180132086,1.0021938
1883,1.2076125483057187,0.807690132359774,-1.2179206809,1.0022999
1884,1.208573810001657,0.807414495003957,-1.2178275852,1.0024075
1885,1.2095350716975952,0.80713885764814,-1.2177375423,1.0025405
1886,1.2104963333935337,0.8068632202923229,-1.2176448624,1.0026539
1887,1.2114575950894717,0.8065875829365059,-1.2175536331,1.0027789
1888,1.21241885678541,0.8063119455806889,-1.2174565220,1.0028675
1889,1.2133801184813482,0.8060363082248718,-1.2173666124,1.0030008
1890,1.2143413801772864,0.8057606708690548,-1.2172776616,1.0031497
1891,1.215302641873225,0.8054850335132377,-1.2171856883,1.0032712
1892,1.216263903569163,0.8052093961574207,-1.2170858988,1.0033517
1893,1.2172251652651012,0.8049337588016037,-1.2169941331,1.0034791
1894,1.2181910910913902,0.8046749397565012,-1.2169023289,1.0035976
1895,1.2191570169176793,0.8044161207113987,-1.2168098349,1.0037197
1896,1.2201229427439684,0.8041573016662962,-1.2167172424,1.0038354
1897,1.2210888685702574,0.8038984826211937,-1.2166229202,1.0039449
1898,1.2220547943965463,0.8036396635760912,-1.2165295543,1.0040565
1899,1.2230207202228356,0.8033808445309887,-1.2164377930,1.0041894
1900,1.2239866460491249,0.8031220254858862,-1.2163457272,1.0043023
1901,1.2249525718754135,0.8028632064407837,-1.2162546508,1.0044258
1902,1.2259184977017028,0.8026043873956812,-1.2161596592,1.0045506
1903,1.226884423527992,0.8023455683505787,-1.2160690941,1.0046740
1904,1.227850349354281,0.8020867493054762,-1.2159790701,1.0048261
1905,1.22881627518057,0.8018279302603737,-1.2158783732,1.0049091
1906,1.229786570906846,0.801586008364774,-1.2157854626,1.0050236
1907,1.230756866633122,0.8013440864691743,-1.2156932291,1.0051435
1908,1.2317271623593982,0.8011021645735746,-1.2156005491,1.0052583
1909,1.2326974580856742,0.800860242677975,-1.2155069176,1.0053757
1910,1.2336677538119505,0.8006183207823753,-1.2154133212,1.0054920
1911,1.2346380495382263,0.8003763988867756,-1.2153198751,1.0056097
1912,1.2356083452645024,0.8001344769911759,-1.2152254088,1.0057151
1913,1.2365786409907784,0.7998925550955762,-1.2151356695,1.0058586
1914,1.2375489367170545,0.7996506331999765,-1.2150410918,1.0059722
1915,1.2385192324433305,0.7994087113043769,-1.2149467399,1.0060881
1916,1.2394895281696066,0.7991667894087772,-1.2148527237,1.0062081
1917,1.2404598238958826,0.7989248675131775,-1.2147550976,1.0063246
1918,1.2414301196221589,0.7986829456175778,-1.2146585614,1.0064282
1919,1.242404489686944,0.798457994563234,-1.2145734299,1.0065993
1920,1.2433788597517292,0.7982330435088901,-1.2144743761,1.0066762
1921,1.2443532298165143,0.7980080924545463,-1.2143803673,1.0067906
1922,1.2453275998812998,0.7977831414002025,-1.2142858018,1.0069033
1923,1.246301969946085,0.7975581903458586,-1.2141946080,1.0070273
1924,1.2472763400108704,0.7973332392915148,-1.2141003070,1.0071413
1925,1.2482507100756557,0.797108288237171,-1.2140060335,1.0072565
1926,1.249225080140441,0.7968833371828271,-1.2139081337,1.0073605
1927,1.2501994502052265,0.7966583861284833,-1.2138141836,1.0074778
1928,1.2511738202700116,0.7964334350741394,-1.2137205578,1.0075981
1929,1.2521481903347969,0.7962084840197956,-1.2136264180,1.0077166
1930,1.253122560399582,0.7959835329654518,-1.2135327353,1.0078330
1931,1.2540969304643674,0.7957585819111079,-1.2134378626,1.0079511
1932,1.2550713005291527,0.7955336308567641,-1.2133430943,1.0080711
1933,1.2560494481298865,0.7953257191659463,-1.2132492322,1.0081875
1934,1.2570275957306205,0.7951178074751285,-1.2131546793,1.0082980
1935,1.258005743331354,0.7949098957843107,-1.2130571282,1.0083960
1936,1.2589838909320878,0.7947019840934929,-1.2129647117,1.0085254
1937,1.2599620385328216,0.7944940724026751,-1.2128702666,1.0086414
1938,1.2609401861335554,0.7942861607118573,-1.2127758572,1.0087492
1939,1.2619183337342892,0.7940782490210395,-1.2126819392,1.0088619
1940,1.262896481335023,0.7938703373302217,-1.2125871220,1.0089737
1941,1.2638746289357567,0.7936624256394039,-1.2124927044,1.0090824
1942,1.2648527765364903,0.7934545139485861,-1.2123961298,1.0091921
1943,1.2658309241372243,0.7932466022577683,-1.2123008459,1.0093086
1944,1.266809071737958,0.7930386905669505,-1.2122057222,1.0094239
1945,1.267787219338692,0.7928307788761327,-1.2121108595,1.0095392
1946,1.2687653669394257,0.7926228671853149,-1.2120155202,1.0096553
1947,1.2697435145401594,0.7924149554944971,-1.2119204668,1.0097750
1948,1.2707251417236072,0.7922241464991207,-1.2118261933,1.0098893
1949,1.271706768907055,0.7920333375037442,-1.2117308899,1.0099962
1950,1.2726883960905029,0.7918425285083677,-1.2116357133,1.0101035
1951,1.2736700232739504,0.7916517195129912,-1.2115406096,1.0102113
1952,1.274651650457398,0.7914609105176147,-1.2114455159,1.0103197
1953,1.275633277640846,0.7912701015222382,-1.2113528253,1.0104382
1954,1.2766149048242936,0.7910792925268617,-1.2112574851,1.0105446
1955,1.2775965320077414,0.7908884835314852,-1.2111621715,1.0106525
1956,1.2785781591911891,0.7906976745361087,-1.2110667582,1.0107595
1957,1.2795597863746369,0.7905068655407322,-1.2109713900,1.0108684
1958,1.2805414135580846,0.7903160565453557,-1.2108760702,1.0109785
1959,1.2815230407415323,0.7901252475499793,-1.2107809381,1.0110916
1960,1.28250466792498,0.7899344385546028,-1.2106842931,1.0112049
1961,1.2834862951084278,0.7897436295592263,-1.2105891330,1.0113202
1962,1.2844679222918756,0.7895528205638498,-1.2104939306,1.0114359
1963,1.2854527300448877,0.7893791723861828,-1.2103990399,1.0115393
1964,1.2864375377978998,0.7892055242085159,-1.2103042121,1.0116440
1965,1.287422345550912,0.7890318760308489,-1.2102093798,1.0117496
1966,1.288407153303924,0.7888582278531819,-1.2101145300,1.0118559
1967,1.2893919610569362,0.788684579675515,-1.2100196608,1.0119628
1968,1.2903767688099483,0.788510931497848,-1.2099247643,1.0120701
1969,1.2913615765629605,0.788337283320181,-1.2098298623,1.0121786
1970,1.2923463843159726,0.7881636351425141,-1.2097349228,1.0122872
1971,1.2933311920689847,0.7879899869648471,-1.2096399641,1.0123963
1972,1.2943159998219969,0.7878163387871802,-1.2095449880,1.0125060
1973,1.295300807575009,0.7876426906095132,-1.2094499951,1.0126163
1974,1.2962856153280211,0.7874690424318462,-1.2093549871,1.0127272
1975,1.2972704230810332,0.7872953942541793,-1.2092602725,1.0128427
1976,1.2982552308340454,0.7871217460765123,-1.2091652527,1.0129550
1977,1.2992400385870575,0.7869480978988453,-1.2090702184,1.0130678
1978,1.3002248463400696,0.7867744497211784,-1.2089751729,1.0131811
1979,1.3012096540930818,0.7866008015435114,-1.2088801125,1.0132950
1980,1.302194461846094,0.7864271533658445,-1.2087850387,1.0134095
1981,1.303182150186689,0.7862707189008042,-1.2086903998,1.0135117
1982,1.304169838527284,0.786114284435764,-1.2085957502,1.0136143
1983,1.305157526867879,0.7859578499707238,-1.2085010922,1.0137175
1984,1.306145215208474,0.7858014155056836,-1.2084064238,1.0138212
1985,1.307132903549069,0.7856449810406434,-1.2083117390,1.0139253
1986,1.308120591889664,0.7854885465756032,-1.2082168857,1.0140285
1987,1.3091082802302592,0.785332112110563,-1.2081221918,1.0141339
1988,1.3100959685708542,0.7851756776455228,-1.2080274934,1.0142398
1989,1.3110836569114492,0.7850192431804826,-1.2079327929,1.0143464
1990,1.3120713452520445,0.7848628087154423,-1.2078381373,1.0144537
1991,1.313059033592639,0.7847063742504021,-1.2077437854,1.0145632
1992,1.3140467219332344,0.7845499397853619,-1.2076493347,1.0146733
1993,1.3150344102738294,0.7843935053203217,-1.2075545503,1.0147822
1994,1.3160220986144244,0.7842370708552815,-1.2074608924,1.0148898
1995,1.3170097869550197,0.7840806363902413,-1.2073663161,1.0150006
1996,1.3179974752956145,0.7839242019252011,-1.2072717601,1.0151125
1997,1.3189851636362095,0.7837677674601609,-1.2071772168,1.0152250
1998,1.3199728519768046,0.7836113329951206,-1.2070827073,1.0153384
1999,1.3209605403173996,0.7834548985300804,-1.2069881709,1.0154521
2000,1.3219482286579949,0.7832984640650402,-1.2068936442,1.0155664
2001,1.322938496726736,0.7831592909640802,-1.2067996070,1.0156675
2002,1.3239287647954776,0.7830201178631202,-1.2067038112,1.0157708
2003,1.324919032864219,0.7828809447621602,-1.2066098846,1.0158730
2004,1.3259093009329606,0.7827417716612002,-1.2065159351,1.0159755
2005,1.326899569001702,0.7826025985602402,-1.2064219630,1.0160787
2006,1.3278898370704435,0.7824634254592802,-1.2063281644,1.0161822
2007,1.328880105139185,0.7823242523583201,-1.2062341836,1.0162858
2008,1.3298703732079264,0.7821850792573601,-1.2061401995,1.0163899
2009,1.330860641276668,0.7820459061564001,-1.2060462367,1.0164948
2010,1.3318509093454094,0.7819067330554401,-1.2059523154,1.0166004
2011,1.3328411774141509,0.7817675599544801,-1.2058584614,1.0167070
2012,1.3338314454828923,0.7816283868535201,-1.2057646536,1.0168139
2013,1.3348217135516338,0.7814892137525601,-1.2056706035,1.0169158
2014,1.3358119816203753,0.7813500406516001,-1.2055767477,1.0170239
2015,1.3368022496891168,0.7812108675506401,-1.2054829447,1.0171326
2016,1.3377925177578582,0.78107169444968,-1.2053893018,1.0172440
2017,1.3387827858265997,0.78093252134872,-1.2052955235,1.0173535
2018,1.3397730538953412,0.78079334824776,-1.2052017292,1.0174655
2019,1.3407633219640829,0.7806541751468,-1.2051080085,1.0175759
2020,1.341753590032824,0.78051500204584,-1.2050144394,1.0176860
2021,1.3427438581015656,0.78037582894488,-1.2049196469,1.0177934
2022,1.343736404253207,0.7802539596014748,-1.2048268519,1.0178929
2023,1.3447289504048483,0.7801320902580696,-1.2047325864,1.0179868
2024,1.3457214965564896,0.7800102209146644,-1.2046430943,1.0181040
2025,1.346714042708131,0.7798883515712592,-1.2045462892,1.0181845
2026,1.3477065888597723,0.779766482227854,-1.2044535471,1.0182857
2027,1.3486991350114137,0.7796446128844489,-1.2043607192,1.0183883
2028,1.349691681163055,0.7795227435410437,-1.2042677337,1.0184900
2029,1.3506842273146964,0.7794008741976385,-1.2041745529,1.0185891
2030,1.3516767734663375,0.7792790048542333,-1.2040817027,1.0186912
2031,1.352669319617979,0.7791571355108281,-1.2039892853,1.0187965
2032,1.3536618657696204,0.7790352661674229,-1.2038966625,1.0188993
2033,1.3546544119212618,0.7789133968240177,-1.2038039722,1.0190026
2034,1.3556469580729031,0.7787915274806125,-1.2037117933,1.0191181
2035,1.3566395042245445,0.7786696581372073,-1.2036188937,1.0192219
2036,1.3576320503761858,0.7785477887938022,-1.2035262026,1.0193283
2037,1.3586245965278272,0.778425919450397,-1.2034336766,1.0194312
2038,1.3596171426794683,0.7783040501069918,-1.2033410806,1.0195375
2039,1.36060968883111,0.7781821807635866,-1.2032483955,1.0196426
2040,1.3616022349827512,0.7780603114201814,-1.2031556304,1.0197466
2041,1.3625947811343926,0.7779384420767762,-1.2030631792,1.0198475
2042,1.363587327286034,0.777816572733371,-1.2029706227,1.0199541
2043,1.3645798734376753,0.7776947033899658,-1.2028773345,1.0200757
2044,1.3655724195893166,0.7775728340465606,-1.2027855197,1.0201946
2045,1.366564965740958,0.7774509647031554,-1.2026930997,1.0203069
2046,1.367557511892599,0.7773290953597503,-1.2026009878,1.0204081
2047,1.368550058044241,0.7772072260163451,-1.2025083430,1.0205202
2048,1.3695445799396089,0.7771026975530774,-1.2024172735,1.0206198
2049,1.370539101834977,0.7769981690898097,-1.2023257745,1.0207159
2050,1.3715336237303453,0.776893640626542,-1.2022342052,1.0208133
2051,1.3725281456257137,0.7767891121632743,-1.2021385971,1.0208903
2052,1.3735226675210817,0.7766845837000066,-1.2020528712,1.0210170
2053,1.3745171894164498,0.7765800552367389,-1.2019598010,1.0211180
2054,1.375511711311818,0.7764755267734712,-1.2018674794,1.0212025
2055,1.3765062332071862,0.7763709983102035,-1.2017759768,1.0213077
2056,1.3775007551025544,0.7762664698469358,-1.2016846282,1.0214078
2057,1.3784952769979226,0.7761619413836681,-1.2015933557,1.0215111
2058,1.3794897988932908,0.7760574129204004,-1.2015044245,1.0216244
2059,1.380484320788659,0.7759528844571327,-1.2014073110,1.0216946
2060,1.3814788426840272,0.775848355993865,-1.2013172115,1.0218022
2061,1.3824733645793954,0.7757438275305973,-1.2012293322,1.0219272
2062,1.3834678864747636,0.7756392990673296,-1.2011374019,1.0220279
2063,1.3844624083701318,0.775534770604062,-1.2010450862,1.0221151
2064,1.3854569302655,0.7754302421407943,-1.2009557239,1.0222393
2065,1.3864514521608682,0.7753257136775266,-1.2008615076,1.0223244
2066,1.3874459740562364,0.7752211852142589,-1.2007740905,1.0224458
2067,1.3884404959516046,0.7751166567509912,-1.2006801266,1.0225280
2068,1.3894350178469728,0.7750121282877235,-1.2005912141,1.0226654
2069,1.390429539742341,0.7749075998244558,-1.2004971263,1.0227355
2070,1.3914240616377092,0.7748030713611881,-1.2004100426,1.0228519
2071,1.3924185835330771,0.7746985428979204,-1.2003186291,1.0229906
2072,1.3934131054284455,0.7745940144346527,-1.2002277243,1.0230797
2073,1.3944076273238135,0.774489485971385,-1.2001397490,1.0232098
2074,1.395402149219182,0.7743849575081173,-1.2000494658,1.0233098
2075,1.39639667111455,0.7742804290448496,-1.1999589600,1.0234289
2076,1.3973911930099183,0.7741759005815819,-1.1998644390,1.0234852
2077,1.39838738770801,0.7740887448388343,-1.1997785178,1.0236262
2078,1.3993835824061016,0.7740015890960866,-1.1996894454,1.0237269
2079,1.4003797771041933,0.773914433353339,-1.1995981189,1.0238206
2080,1.401375971802285,0.7738272776105913,-1.1995076282,1.0239017
2081,1.4023721665003763,0.7737401218678437,-1.1994207284,1.0240237
2082,1.4033683611984682,0.773652966125096,-1.1993329119,1.0241149
2083,1.4043645558965598,0.7735658103823484,-1.1992447891,1.0242308
2084,1.4053607505946517,0.7734786546396007,-1.1991557558,1.0243303
2085,1.4063569452927431,0.7733914988968531,-1.1990653384,1.0244136
2086,1.4073531399908348,0.7733043431541055,-1.1989754682,1.0245199
2087,1.4083493346889264,0.7732171874113578,-1.1988870604,1.0246268
2088,1.409345529387018,0.7731300316686102,-1.1987968653,1.0247140
2089,1.4103417240851095,0.7730428759258625,-1.1987071474,1.0248189
2090,1.4113379187832014,0.7729557201831149,-1.1986149396,1.0249000
2091,1.412334113481293,0.7728685644403672,-1.1985275765,1.0250088
2092,1.4133303081793849,0.7727814086976196,-1.1984382024,1.0251184
2093,1.4143265028774763,0.7726942529548719,-1.1983491919,1.0252097
2094,1.415322697575568,0.7726070972121243,-1.1982625411,1.0253259
2095,1.4163188922736596,0.7725199414693766,-1.1981755444,1.0254452
2096,1.4173150869717512,0.772432785726629,-1.1980818404,1.0255218
2097,1.4183112816698429,0.7723456299838813,-1.1979937010,1.0256248
2098,1.4193074763679343,0.7722584742411337,-1.1979070130,1.0257533
2099,1.4203036710660262,0.772171318498386,-1.1978157065,1.0258308
2100,1.4212998657641178,0.7720841627556384,-1.1977304578,1.0259514
2101,1.4222960604622097,0.7719970070128908,-1.1976386810,1.0260394
2102,1.4232922551603011,0.7719098512701431,-1.1975521443,1.0261526
2103,1.4242884498583928,0.7718226955273955,-1.1974671661,1.0262875
2104,1.4252846445564844,0.7717355397846478,-1.1973783615,1.0263904
2105,1.426280839254576,0.7716483840419002,-1.1972893300,1.0264860
2106,1.4272770339526677,0.7715612282991525,-1.1972020301,1.0266034
2107,1.4282732286507591,0.7714740725564049,-1.1971159327,1.0267201
2108,1.429269423348851,0.7713869168136572,-1.1970248297,1.0268105
2109,1.4302656180469426,0.7712997610709096,-1.1969354943,1.0268990
2110,1.4312618127450345,0.7712126053281619,-1.1968478521,1.0270159
2111,1.432258007443126,0.7711254495854143,-1.1967623354,1.0271445
2112,1.4332542021412176,0.7710382938426666,-1.1966741251,1.0272517
2113,1.4342503968393092,0.770951138099919,-1.1965859984,1.0273596
2114,1.435247960889569,0.7708813816261749,-1.1965002150,1.0274528
2115,1.4362455249398287,0.7708116251524308,-1.1964150134,1.0275619
2116,1.4372430889900885,0.7707418686786868,-1.1963272342,1.0276457
2117,1.4382406530403482,0.7706721122049427,-1.1962434408,1.0277602
2118,1.439238217090608,0.7706023557311986,-1.1961577612,1.0278675
2119,1.4402357811408677,0.7705325992574545,-1.1960687897,1.0279466
2120,1.4412333451911274,0.7704628427837105,-1.1959816168,1.0280418
2121,1.4422309092413872,0.7703930863099664,-1.1958942325,1.0281363
2122,1.443228473291647,0.7703233298362223,-1.1958103555,1.0282502
2123,1.444226037341907,0.7702535733624782,-1.1957238884,1.0283549
2124,1.4452236013921664,0.7701838168887342,-1.1956379618,1.0284653
2125,1.4462211654424262,0.7701140604149901,-1.1955517629,1.0285448
2126,1.447218729492686,0.770044303941246,-1.1954619806,1.0286403
2127,1.4482162935429457,0.7699745474675019,-1.1953798644,1.0287602
2128,1.4492138575932054,0.7699047909937579,-1.1952931267,1.0288558
2129,1.4502114216434652,0.7698350345200138,-1.1952075797,1.0289517
2130,1.451208985693725,0.7697652780462697,-1.1951209838,1.0290637
2131,1.4522065497439849,0.7696955215725256,-1.1950395488,1.0291602
2132,1.4532041137942444,0.7696257650987816,-1.1949539762,1.0292634
2133,1.4542016778445042,0.7695560086250375,-1.1948684981,1.0293669
2134,1.455199241894764,0.7694862521512934,-1.1947830966,1.0294707
2135,1.4561968059450237,0.7694164956775493,-1.1946977696,1.0295748
2136,1.4571943699952834,0.7693467392038053,-1.1946125203,1.0296792
2137,1.4581919340455431,0.7692769827300612,-1.1945273475,1.0297840
2138,1.459189498095803,0.7692072262563171,-1.1944422285,1.0298890
2139,1.4601870621460626,0.769137469782573,-1.1943572140,1.0299944
2140,1.4611846261963224,0.769067713308829,-1.1942722964,1.0301002
2141,1.462182190246582,0.7689979568350849,-1.1941874906,1.0302068
2142,1.463179754296842,0.7689282003613408,-1.1941028312,1.0303143
2143,1.4641773183471016,0.7688584438875967,-1.1940179154,1.0304211
2144,1.4651748823973614,0.7687886874138526,-1.1939342156,1.0305272
2145,1.4661724464476211,0.7687189309401086,-1.1938484779,1.0306334
2146,1.4671700104978809,0.7686491744663645,-1.1937664978,1.0307552
2147,1.4681675745481406,0.7685794179926204,-1.1936758602,1.0308301
2148,1.4691651385984004,0.7685096615188763,-1.1935957408,1.0309617
2149,1.47016270264866,0.7684399050451323,-1.1935123809,1.0310701
2150,1.47116026669892,0.7683701485713882,-1.1934285741,1.0311843
2151,1.4721578307491796,0.7683003920976441,-1.1933437565,1.0312812
2152,1.4731553947994394,0.7682306356239,-1.1932597475,1.0313970
2153,1.474152958849699,0.768160879150156,-1.1931761040,1.0314980
2154,1.4751505228999588,0.7680911226764119,-1.1930920551,1.0316124
2155,1.4761480869502186,0.7680213662026678,-1.1930091390,1.0317384
2156,1.4771456510004783,0.7679516097289237,-1.1929247006,1.0318484
2157,1.478143215050738,0.7678818532551797,-1.1928430304,1.0319639
2158,1.4791407791009978,0.7678120967814356,-1.1927575963,1.0320823
2159,1.4801383431512576,0.7677423403076915,-1.1926749587,1.0321993
2160,1.481135907201517,0.7676725838339474,-1.1925919240,1.0323082
2161,1.482134536736272,0.7676202478777044,-1.1925074673,1.0323943
2162,1.4831331662710263,0.7675679119214615,-1.1924251380,1.0324848
2163,1.4841317958057811,0.7675155759652185,-1.1923421237,1.0325892
2164,1.4851304253405355,0.7674632400089755,-1.1922624549,1.0327020
2165,1.4861290548752903,0.7674109040527325,-1.1921798176,1.0328074
2166,1.487127684410045,0.7673585680964895,-1.1920970226,1.0328861
2167,1.4881263139447996,0.7673062321402465,-1.1920138685,1.0329888
2168,1.4891249434795542,0.7672538961840035,-1.1919318438,1.0330788
2169,1.4901235730143088,0.7672015602277605,-1.1918501291,1.0331797
2170,1.4911222025490634,0.7671492242715175,-1.1917680397,1.0332833
2171,1.492120832083818,0.7670968883152746,-1.1916873295,1.0333956
2172,1.4931194616185726,0.7670445523590316,-1.1916055029,1.0334925
2173,1.4941180911533272,0.7669922164027886,-1.1915243076,1.0335968
2174,1.4951167206880818,0.7669398804465456,-1.1914423507,1.0336860
2175,1.4961153502228364,0.7668875444903026,-1.1913597242,1.0337961
2176,1.497113979757591,0.7668352085340596,-1.1912765432,1.0338677
2177,1.4981126092923456,0.7667828725778166,-1.1911983922,1.0340045
2178,1.4991112388271002,0.7667305366215736,-1.1911166946,1.0341051
2179,1.5001098683618548,0.7666782006653307,-1.1910353620,1.0342121
2180,1.5011084978966094,0.7666258647090877,-1.1909505711,1.0342896
2181,1.502107127431364,0.7665735287528447,-1.1908741085,1.0344215
2182,1.5031057569661186,0.7665211927966017,-1.1907941179,1.0345421
2183,1.5041043865008732,0.7664688568403587,-1.1907134253,1.0346362
2184,1.5051030160356278,0.7664165208841157,-1.1906319716,1.0347388
2185,1.5061016455703824,0.7663641849278727,-1.1905513381,1.0348430
2186,1.507100275105137,0.7663118489716297,-1.1904706846,1.0349443
2187,1.5080989046398916,0.7662595130153868,-1.1903905803,1.0350581
2188,1.5090975341746462,0.7662071770591438,-1.1903088334,1.0351567
2189,1.5100961637094008,0.7661548411029008,-1.1902289019,1.0352629
2190,1.5110947932441554,0.7661025051466578,-1.1901489585,1.0353676
2191,1.51209342277891,0.7660501691904148,-1.1900617695,1.0354839
2192,1.5130920523136646,0.7659978332341718,-1.1899817987,1.0355992
2193,1.5140906818484192,0.7659454972779288,-1.1899018866,1.0357038
2194,1.5150893113831738,0.7658931613216858,-1.1898175670,1.0357883
2195,1.5160879409179284,0.7658408253654428,-1.1897414955,1.0359230
2196,1.517086570452683,0.7657884894091999,-1.1896613684,1.0360263
2197,1.5180851999874376,0.7657361534529569,-1.1895811912,1.0361210
2198,1.5190838295221922,0.7656838174967139,-1.1895031057,1.0362618
2199,1.5200824590569468,0.7656314815404709,-1.1894165325,1.0363081
2200,1.5210810885917014,0.7655791455842279,-1.1893432688,1.0364589
2201,1.522079718126456,0.7655268096279849,-1.1892640022,1.0365706
2202,1.5230783476612106,0.7654744736717419,-1.1891849744,1.0366644
2203,1.5240769771959652,0.7654221377154989,-1.1891060999,1.0367763
2204,1.5250756067307198,0.765369801759256,-1.1890256122,1.0368824
2205,1.5260742362654744,0.765317465803013,-1.1889460651,1.0370148
2206,1.527072865800229,0.76526512984677,-1.1888679345,1.0371345
2207,1.5280714953349837,0.765212793890527,-1.1887893109,1.0372249
2208,1.5290701248697385,0.765160457934284,-1.1887091963,1.0373431
2209,1.5300687544044929,0.765108121978041,-1.1886318672,1.0374692
2210,1.5310673839392477,0.765055786021798,-1.1885541801,1.0375829
2211,1.532066013474002,0.765003450065555,-1.1884730611,1.0376547
2212,1.5330646430087569,0.764951114109312,-1.1883914584,1.0377552
2213,1.5340632725435113,0.7648987781530691,-1.1883190614,1.0379203
2214,1.535061902078266,0.7648464421968261,-1.1882392522,1.0380014
2215,1.5360605316130205,0.7647941062405831,-1.1881616442,1.0381237
2216,1.537059161147775,0.7647417702843401,-1.1880820293,1.0382250
2217,1.5380577906825297,0.7646894343280971,-1.1880061823,1.0383494
2218,1.5390564202172845,0.7646370983718541,-1.1879271124,1.0384647
2219,1.5400550497520389,0.7645847624156111,-1.1878502552,1.0385844
2220,1.5410536792867937,0.7645324264593681,-1.1877728608,1.0387009
2221,1.542052308821548,0.7644800905031252,-1.1876965126,1.0388247
2222,1.5430509383563027,0.7644277545468822,-1.1876184169,1.0389302
2223,1.5440495678910573,0.7643754185906392,-1.1875401047,1.0390436
2224,1.545048197425812,0.7643230826343962,-1.1874633707,1.0391756
2225,1.546047588252831,0.7642881831376936,-1.1873867170,1.0392595
2226,1.5470469790798502,0.7642532836409911,-1.1873107856,1.0393596
2227,1.5480463699068694,0.7642183841442886,-1.1872317174,1.0394459
2228,1.549044999441624,0.7641660481880456,-1.1871575420,1.0395794
2229,1.5500443902686432,0.764131148691343,-1.1870762551,1.0396391
2230,1.5510437810956623,0.7640962491946405,-1.1870064512,1.0397848
2231,1.5520431719226817,0.7640613496979379,-1.1869305841,1.0398785
2232,1.5530425627497009,0.7640264502012354,-1.1868542990,1.0399874
2233,1.5540411922844553,0.7639741142449924,-1.1867778692,1.0401022
2234,1.5550405831114744,0.7639392147482899,-1.1867024046,1.0402058
2235,1.5560399739384936,0.7639043152515873,-1.1866269893,1.0403019
2236,1.5570393647655127,0.7638694157548848,-1.1865520039,1.0404121
2237,1.558038755592532,0.7638345162581822,-1.1864749864,1.0404910
2238,1.559038146419551,0.7637996167614797,-1.1864023412,1.0406236
2239,1.5600367759543057,0.7637472808052367,-1.1863274530,1.0407242
2240,1.5610361667813248,0.7637123813085341,-1.1862438668,1.0408080
2241,1.562035557608344,0.7636774818118316,-1.1861741390,1.0409541
2242,1.5630349484353632,0.763642582315129,-1.1860999800,1.0410486
2243,1.5640343392623823,0.7636076828184265,-1.1860247127,1.0411564
2244,1.5650337300894015,0.763572783321724,-1.1859502242,1.0412575
2245,1.5660331209164209,0.7635378838250214,-1.1858769871,1.0413753
2246,1.5670325117434398,0.7635029843283189,-1.1858028939,1.0414689
2247,1.568031902570459,0.7634680848316163,-1.1857277371,1.0415834
2248,1.5690312933974782,0.7634331853349138,-1.1856527191,1.0416876
2249,1.570030684224497,0.7633982858382112,-1.1855790967,1.0417896
2250,1.5710300750515165,0.7633633863415087,-1.1855045001,1.0418925
2251,1.5720294658785356,0.7633284868448061,-1.1854277858,1.0419975
2252,1.5730288567055548,0.7632935873481036,-1.1853589734,1.0421373
2253,1.574028247532574,0.763258687851401,-1.1852825774,1.0422190
2254,1.5750276383595931,0.7632237883546985,-1.1852090853,1.0423217
2255,1.5760270291866123,0.763188888857996,-1.1851351587,1.0424353
2256,1.5770264200136317,0.7631539893612934,-1.1850628113,1.0425618
2257,1.5780258108406506,0.7631190898645909,-1.1849882174,1.0426505
2258,1.5790252016676698,0.7630841903678883,-1.1849147797,1.0427448
2259,1.580024592494689,0.7630492908711858,-1.1848415963,1.0428637
2260,1.581023983321708,0.7630143913744832,-1.1847699723,1.0429826
2261,1.5820233741487273,0.7629794918777807,-1.1846962590,1.0430910
2262,1.5830227649757465,0.7629445923810781,-1.1846215539,1.0431825
2263,1.5840221558027656,0.7629096928843756,-1.1845487644,1.0432888
2264,1.5850215466297848,0.7628747933876731,-1.1844760464,1.0434010
2265,1.586020937456804,0.7628398938909705,-1.1844033550,1.0435123
2266,1.5870203282838231,0.762804994394268,-1.1843302634,1.0436139
2267,1.5880197191108425,0.7627700948975654,-1.1842564687,1.0437384
2268,1.5890191099378614,0.7627351954008629,-1.1841822334,1.0438324
2269,1.5900185007648806,0.7627002959041603,-1.1841149799,1.0439651
2270,1.5910178915918998,0.7626653964074578,-1.1840425164,1.0440800
2271,1.592017282418919,0.7626304969107552,-1.1839706348,1.0441858
2272,1.593016673245938,0.7625955974140527,-1.1838978446,1.0442923
2273,1.5940160640729573,0.7625606979173501,-1.1838231394,1.0443933
2274,1.5950154548999764,0.7625257984206476,-1.1837524202,1.0445127
2275,1.5960148457269956,0.7624908989239451,-1.1836824319,1.0446482
2276,1.5970142365540148,0.7624559994272425,-1.1836089348,1.0447394
2277,1.598013627381034,0.76242109993054,-1.1835345803,1.0448385
2278,1.599013018208053,0.7623862004338374,-1.1834680265,1.0449789
2279,1.6000124090350722,0.7623513009371349,-1.1833951853,1.0450851
2280,1.6010117998620914,0.7623164014404323,-1.1833270798,1.0452082
2281,1.6020111906891106,0.7622815019437298,-1.1832543811,1.0453117
2282,1.6030105815161295,0.7622466024470272,-1.1831831443,1.0454256
2283,1.604009972343149,0.7622117029503247,-1.1831112696,1.0455362
2284,1.605009363170168,0.7621768034536222,-1.1830407624,1.0456445
2285,1.6060087539971872,0.7621419039569196,-1.1829700494,1.0457560
2286,1.6070081448242064,0.7621070044602171,-1.1828992535,1.0458695
2287,1.6080075356512256,0.7620721049635145,-1.1828285668,1.0459835
2288,1.6090069264782447,0.762037205466812,-1.1827579693,1.0461009
2289,1.610006317305264,0.7620023059701094,-1.1826876615,1.0462150
2290,1.611005708132283,0.7619674064734069,-1.1826173807,1.0463273
2291,1.6120050989593022,0.7619325069767043,-1.1825466420,1.0464285
2292,1.6130044897863214,0.7618976074800018,-1.1824758334,1.0465478
2293,1.6140038806133403,0.7618627079832992,-1.1824065903,1.0466926
2294,1.6150032714403595,0.7618278084865967,-1.1823358428,1.0467916
2295,1.6160026622673789,0.7617929089898942,-1.1822649657,1.0468999
2296,1.617002053094398,0.7617580094931916,-1.1821975503,1.0470220
2297,1.6180014439214172,0.7617231099964891,-1.1821269965,1.0471477
2298,1.6190008347484364,0.7616882104997865,-1.1820579799,1.0472610
2299,1.6200002255754555,0.761653311003084,-1.1819877633,1.0473679
2300,1.6209996164024747,0.7616184115063814,-1.1819173077,1.0474856
2301,1.621999007229494,0.7615835120096789,-1.1818474266,1.0475947
2302,1.622998398056513,0.7615486125129763,-1.1817783768,1.0477147
2303,1.6239977888835322,0.7615137130162738,-1.1817103364,1.0478573
2304,1.6249971797105514,0.7614788135195713,-1.1816408461,1.0479750
2305,1.6259965705375703,0.7614439140228687,-1.1815715170,1.0480714
2306,1.6269959613645897,0.7614090145261662,-1.1815024899,1.0481912
2307,1.6279953521916088,0.7613741150294636,-1.1814340591,1.0483050
2308,1.628994743018628,0.7613392155327611,-1.1813652413,1.0484194
2309,1.6299941338456472,0.7613043160360585,-1.1812970623,1.0485469
2310,1.6309935246726663,0.761269416539356,-1.1812286286,1.0486628
2311,1.6319929154996855,0.7612345170426534,-1.1811623145,1.0488083
2312,1.632992306326705,0.7611996175459509,-1.1810911081,1.0489100
2313,1.6339916971537238,0.7611647180492483,-1.1810248686,1.0490479
2314,1.634991087980743,0.7611298185525458,-1.1809569895,1.0491581
2315,1.6359904788077622,0.7610949190558433,-1.1808883559,1.0492730
2316,1.636989869634781,0.7610600195591407,-1.1808183147,1.0493696
2317,1.6379892604618005,0.7610251200624382,-1.1807507458,1.0494886
2318,1.6389886512888197,0.7609902205657356,-1.1806851342,1.0496258
2319,1.639988498983976,0.7609727681592984,-1.1806172438,1.0497206
2320,1.6409878898109953,0.7609378686625958,-1.1805489263,1.0498375
2321,1.6419877375061518,0.7609204162561586,-1.1804823652,1.0499452
2322,1.6429875852013085,0.7609029638497213,-1.1804154416,1.0500399
2323,1.6439869760283274,0.7608680643530188,-1.1803488773,1.0501598
2324,1.644986823723484,0.7608506119465815,-1.1802830931,1.0502765
2325,1.645986214550503,0.760815712449879,-1.1802169474,1.0504074
2326,1.6469860622456596,0.7607982600434418,-1.1801488731,1.0505125
2327,1.647985909940816,0.7607808076370045,-1.1800844718,1.0506164
2328,1.6489853007678352,0.760745908140302,-1.1800166716,1.0507248
2329,1.6499851484629915,0.7607284557338647,-1.1799499538,1.0508470
2330,1.6509845392900109,0.7606935562371622,-1.1798837666,1.0509483
2331,1.6519843869851674,0.7606761038307249,-1.1798192518,1.0510586
2332,1.6529842346803238,0.7606586514242877,-1.1797536643,1.0511719
2333,1.653983625507343,0.7606237519275851,-1.1796863265,1.0512883
2334,1.6549834732024995,0.7606062995211479,-1.1796215388,1.0513970
2335,1.655983320897656,0.7605888471147106,-1.1795567504,1.0515131
2336,1.6569827117246752,0.7605539476180081,-1.1794900518,1.0516274
2337,1.6579825594198316,0.7605364952115709,-1.1794256533,1.0517347
2338,1.658982407114988,0.7605190428051336,-1.1793618163,1.0518424
2339,1.6599817979420073,0.7604841433084311,-1.1792943466,1.0519767
2340,1.6609816456371638,0.7604666909019938,-1.1792289678,1.0520789
2341,1.6619814933323205,0.7604492384955566,-1.1791660148,1.0521843
2342,1.6629808841593394,0.760414338998854,-1.1790994029,1.0522917
2343,1.663980731854496,0.7603968865924168,-1.1790351060,1.0524073
2344,1.6649805795496524,0.7603794341859795,-1.1789714120,1.0525304
2345,1.6659799703766716,0.760344534689277,-1.1789068299,1.0526534
2346,1.666979818071828,0.7603270822828397,-1.1788415242,1.0527560
2347,1.6679796657669843,0.7603096298764025,-1.1787773253,1.0528612
2348,1.6689790565940037,0.7602747303797,-1.1787114916,1.0530003
2349,1.6699789042891602,0.7602572779732627,-1.1786501896,1.0531034
2350,1.670978751984317,0.7602398255668255,-1.1785840321,1.0531941
2351,1.6719785996794732,0.7602223731603882,-1.1785209314,1.0533344
2352,1.6729779905064923,0.7601874736636857,-1.1784563931,1.0534483
2353,1.6739778382016488,0.7601700212572484,-1.1783938693,1.0535670
2354,1.6749776858968053,0.7601525688508112,-1.1783303411,1.0536642
2355,1.6759775335919618,0.7601351164443739,-1.1782673335,1.0537794
2356,1.676976924418981,0.7601002169476714,-1.1782025928,1.0539017
2357,1.6779767721141374,0.7600827645412341,-1.1781367025,1.0540117
2358,1.678976619809294,0.7600653121347969,-1.1780752068,1.0541143
2359,1.6799764675044504,0.7600478597283596,-1.1780115711,1.0542213
2360,1.6809763151996069,0.7600304073219224,-1.1779502525,1.0543499
2361,1.681975706026626,0.7599955078252199,-1.1778841132,1.0544741
2362,1.6829755537217823,0.7599780554187826,-1.1778220762,1.0545829
2363,1.683975401416939,0.7599606030123454,-1.1777582626,1.0547090
2364,1.6849752491120955,0.7599431506059081,-1.1776958426,1.0548368
2365,1.685975096807252,0.7599256981994709,-1.1776357142,1.0549216
2366,1.6869744876342712,0.7598907987027683,-1.1775718383,1.0550356
2367,1.6879743353294276,0.7598733462963311,-1.1775095994,1.0551440
2368,1.688974183024584,0.7598558938898938,-1.1774504718,1.0552709
2369,1.6899740307197406,0.7598384414834566,-1.1773862785,1.0553666
2370,1.690973878414897,0.7598209890770193,-1.1773237098,1.0554799
2371,1.6919737261100536,0.7598035366705821,-1.1772630732,1.0555899
2372,1.6929731169370728,0.7597686371738795,-1.1772000765,1.0557599
2373,1.6939729646322292,0.7597511847674423,-1.1771353897,1.0558584
2374,1.6949728123273855,0.759733732361005,-1.1770768753,1.0559582
2375,1.6959726600225422,0.7597162799545678,-1.1770137300,1.0560593
2376,1.6969725077176987,0.7596988275481306,-1.1769512630,1.0561788
2377,1.6979723554128552,0.7596813751416933,-1.1768923488,1.0562950
2378,1.6989722031080117,0.7596639227352561,-1.1768309454,1.0563896
2379,1.6999715939350308,0.7596290232385535,-1.1767697786,1.0565289
2380,1.700971441630187,0.7596115708321163,-1.1767092670,1.0566411
2381,1.7019712893253438,0.759594118425679,-1.1766472354,1.0567562
2382,1.7029711370205003,0.7595766660192418,-1.1765883118,1.0568747
2383,1.7039709847156568,0.7595592136128045,-1.1765259493,1.0569879
2384,1.7049708324108133,0.7595417612063673,-1.1764657859,1.0570990
2385,1.7059706801059698,0.75952430879993,-1.1764035343,1.0572414
2386,1.7069705278011262,0.7595068563934928,-1.1763449631,1.0573606
2387,1.7079703754962827,0.7594894039870556,-1.1762825119,1.0574282
2388,1.7089702231914392,0.7594719515806183,-1.1762252531,1.0575504
2389,1.7099700708865957,0.7594544991741811,-1.1761642271,1.0576809
2390,1.7109694617136149,0.7594195996774785,-1.1761040148,1.0577942
2391,1.7119693094087711,0.7594021472710413,-1.1760426885,1.0579463
2392,1.7129691571039278,0.759384694864604,-1.1759835620,1.0580231
2393,1.7139690047990843,0.7593672424581668,-1.1759234735,1.0581368
2394,1.7149688524942408,0.7593497900517295,-1.1758653509,1.0582522
2395,1.7159687001893973,0.7593323376452923,-1.1758050649,1.0583856
2396,1.7169685478845538,0.759314885238855,-1.1757461058,1.0584872
2397,1.7179683955797105,0.7592974328324178,-1.1756854426,1.0586458
2398,1.7189682432748667,0.7592799804259805,-1.1756269772,1.0587531
2399,1.7199680909700232,0.7592625280195433,-1.1755693276,1.0588319
2400,1.7209679386651795,0.7592450756131061,-1.1755085376,1.0590023
2401,1.7219677863603362,0.7592276232066688,-1.1754509495,1.0590556
2402,1.7229676340554927,0.7592101708002316,-1.1753925348,1.0591730
2403,1.7239674817506492,0.7591927183937943,-1.1753334187,1.0593239
2404,1.7249673294458057,0.7591752659873571,-1.1752740122,1.0594057
2405,1.725967177140962,0.7591578135809198,-1.1752153781,1.0595327
2406,1.7269670248361186,0.7591403611744826,-1.1751587188,1.0596652
2407,1.7279668725312751,0.7591229087680453,-1.1750970571,1.0597616
2408,1.7289667202264316,0.7591054563616081,-1.1750391965,1.0598942
2409,1.729966567921588,0.7590880039551708,-1.1749813831,1.0600102
2410,1.7309664156167446,0.7590705515487336,-1.1749240482,1.0600881
2411,1.731966263311901,0.7590530991422964,-1.1748660977,1.0602374
2412,1.7329661110070576,0.7590356467358591,-1.1748092924,1.0603283
2413,1.733965958702214,0.7590181943294219,-1.1747488063,1.0604722
2414,1.7349658063973703,0.7590007419229846,-1.1746921419,1.0605924
2415,1.735965654092527,0.7589832895165474,-1.1746347643,1.0607099
2416,1.7369655017876835,0.7589658371101101,-1.1745770506,1.0608282
2417,1.73796534948284,0.7589483847036729,-1.1745199041,1.0609436
2418,1.7389651971779965,0.7589309322972356,-1.1744612627,1.0610628
2419,1.739965044873153,0.7589134798907984,-1.1744053353,1.0611652
2420,1.7409648925683094,0.7588960274843611,-1.1743493980,1.0613044
2421,1.741964740263466,0.7588785750779239,-1.1742933805,1.0614268
2422,1.7429645879586224,0.7588611226714866,-1.1742380207,1.0615501
2423,1.743964435653779,0.7588436702650494,-1.1741782490,1.0616586
2424,1.7449642833489354,0.7588262178586122,-1.1741221891,1.0617867
2425,1.745964131044092,0.7588087654521749,-1.1740635344,1.0618914
2426,1.7469639787392484,0.7587913130457377,-1.1740074493,1.0619980
2427,1.7479638264344048,0.7587738606393004,-1.1739533924,1.0621330
2428,1.748963674129561,0.7587564082328632,-1.1738960413,1.0622505
2429,1.7499635218247178,0.7587389558264259,-1.1738413401,1.0623767
2430,1.7509633695198743,0.7587215034199887,-1.1737817495,1.0624896
2431,1.7519632172150308,0.7587040510135514,-1.1737195349,1.0626071
2432,1.7529630649101873,0.7586865986071142,-1.1736625869,1.0627312
2433,1.7539629126053438,0.7586691462006769,-1.1736066906,1.0628523
2434,1.7549627603005002,0.7586516937942397,-1.1735510098,1.0629722
2435,1.7559626079956567,0.7586342413878024,-1.1734954587,1.0630905
2436,1.7569624556908132,0.7586167889813652,-1.1734400132,1.0632090
2437,1.7579623033859697,0.758599336574928,-1.1733846374,1.0633276
2438,1.7589621510811262,0.7585818841684907,-1.1733320368,1.0634639
2439,1.759961998776283,0.7585644317620535,-1.1732744967,1.0635608
2440,1.7609618464714392,0.7585469793556162,-1.1732189807,1.0636684
2441,1.7619616941665956,0.758529526949179,-1.1731639461,1.0638036
2442,1.762961541861752,0.7585120745427417,-1.1731098930,1.0639202
2443,1.7639613895569086,0.7584946221363045,-1.1730554343,1.0640508
2444,1.764961237252065,0.7584771697298672,-1.1730002502,1.0641665
2445,1.7659610849472216,0.75845971732343,-1.1729473294,1.0643009
2446,1.766960932642378,0.7584422649169927,-1.1728917001,1.0644039
2447,1.7679607803375346,0.7584248125105555,-1.1728403207,1.0645426
2448,1.768960628032691,0.7584073601041182,-1.1727837993,1.0646383
2449,1.7699604757278475,0.758389907697681,-1.1727289099,1.0647649
2450,1.770960323423004,0.7583724552912438,-1.1726742989,1.0648878
2451,1.7719601711181605,0.7583550028848065,-1.1726202404,1.0650103
2452,1.772960018813317,0.7583375504783693,-1.1725664957,1.0651303
2453,1.7739598665084737,0.758320098071932,-1.1725128193,1.0652475
2454,1.77495971420363,0.7583026456654948,-1.1724587864,1.0653721
2455,1.7759595618987865,0.7582851932590575,-1.1724056915,1.0654863
2456,1.776959409593943,0.7582677408526203,-1.1723506886,1.0655987
2457,1.7779592572890994,0.758250288446183,-1.1722996212,1.0657405
2458,1.778959104984256,0.7582328360397458,-1.1722446390,1.0658583
2459,1.7799589526794124,0.7582153836333085,-1.1721917121,1.0659874
2460,1.7809588003745689,0.7581979312268713,-1.1721383781,1.0660921
2461,1.7819586480697254,0.758180478820434,-1.1720854924,1.0662170
2462,1.782958495764882,0.7581630264139968,-1.1720321165,1.0663294
2463,1.7839583434600383,0.7581455740075596,-1.1719785652,1.0664532
2464,1.7849581911551948,0.7581281216011223,-1.1719260915,1.0665751
2465,1.785958038850351,0.7581106691946851,-1.1718740640,1.0666959
2466,1.7869578865455078,0.7580932167882478,-1.1718217376,1.0668202
2467,1.7879577342406645,0.7580757643818106,-1.1717700727,1.0669646
2468,1.7889575819358208,0.7580583119753733,-1.1717169948,1.0670704
2469,1.7899574296309773,0.7580408595689361,-1.1716660453,1.0672100
2470,1.7909572773261335,0.7580234071624988,-1.1716121362,1.0673101
2471,1.7919571250212902,0.7580059547560616,-1.1715612194,1.0674381
2472,1.7929569727164467,0.7579885023496243,-1.1715084905,1.0675617
2473,1.7939568204116032,0.7579710499431871,-1.1714560554,1.0676777
2474,1.7949566681067597,0.7579535975367498,-1.1714028527,1.0677781
2475,1.7959565158019162,0.7579361451303126,-1.1713513574,1.0679186
2476,1.7969563634970729,0.7579186927238754,-1.1713008123,1.0680487
2477,1.7979562111922291,0.7579012403174381,-1.1712470153,1.0681464
2478,1.7989560588873856,0.7578837879110009,-1.1711970258,1.0682706
2479,1.799955906582542,0.7578663355045636,-1.1711448611,1.0683985
2480,1.8009557542776986,0.7578488830981264,-1.1710945983,1.0685281
2481,1.801955601972855,0.7578314306916891,-1.1710430944,1.0686396
2482,1.802955449668012,0.7578139782852519,-1.1709890533,1.0687465
2483,1.803955297363168,0.7577965258788146,-1.1709379690,1.0688783
2484,1.804955297363168,0.7577965258788146,-1.1708879139,1.0689803
2485,1.8059551450583244,0.7577790734723774,-1.1708375733,1.0691051
2486,1.806954992753481,0.7577616210659401,-1.1707863966,1.0692338
2487,1.8079549927534808,0.7577616210659401,-1.1707379114,1.0693400
2488,1.8089548404486373,0.7577441686595029,-1.1706877388,1.0694633
2489,1.8099546881437936,0.7577267162530656,-1.1706357419,1.0695751
2490,1.8109546881437937,0.7577267162530656,-1.1705868547,1.0696944
2491,1.8119545358389504,0.7577092638466284,-1.1705363867,1.0698109
2492,1.8129543835341069,0.7576918114401912,-1.1704861035,1.0699412
2493,1.8139543835341063,0.7576918114401912,-1.1704363377,1.0700406
2494,1.814954231229263,0.7576743590337539,-1.1703857406,1.0701562
2495,1.8159540789244195,0.7576569066273167,-1.1703358371,1.0702677
2496,1.81695407892442,0.7576569066273167,-1.1702863505,1.0703850
2497,1.817953926619576,0.7576394542208794,-1.1702362993,1.0705098
2498,1.8189537743147324,0.7576220018144422,-1.1701870040,1.0706225
2499,1.8199537743147325,0.7576220018144422,-1.1701380535,1.0707312
2500,1.8209536220098888,0.7576045494080049,-1.1700882482,1.0708512
2501,1.8219536220098889,0.7576045494080049,-1.1700395058,1.0709589
2502,1.822953469705045,0.7575870970015677,-1.1699904490,1.0710828
2503,1.8239533174002016,0.7575696445951304,-1.1699412642,1.0712050
2504,1.8249533174002013,0.7575696445951304,-1.1698929237,1.0713114
2505,1.825953165095358,0.7575521921886932,-1.1698439156,1.0714346
2506,1.8269530127905145,0.7575347397822559,-1.1697956839,1.0715660
2507,1.8279530127905144,0.7575347397822559,-1.1697472038,1.0716653
2508,1.8289528604856709,0.7575172873758187,-1.1696986711,1.0717949
2509,1.8299528604856707,0.7575172873758187,-1.1696506743,1.0719015
2510,1.8309527081808272,0.7574998349693814,-1.1696020221,1.0720246
2511,1.831952555875984,0.7574823825629442,-1.1695534660,1.0721476
2512,1.832952555875984,0.7574823825629442,-1.1695057502,1.0722538
2513,1.83395240357114,0.757464930156507,-1.1694573630,1.0723767
2514,1.8349522512662968,0.7574474777500697,-1.1694090402,1.0724997
2515,1.8359522512662965,0.7574474777500697,-1.1693620216,1.0726026
2516,1.836952098961453,0.7574300253436325,-1.1693138649,1.0727277
2517,1.8379520989614528,0.7574300253436325,-1.1692666200,1.0728342
2518,1.838951946656609,0.7574125729371952,-1.1692184270,1.0729562
2519,1.8399519466566088,0.7574125729371952,-1.1691713228,1.0730630
2520,1.8409517943517657,0.757395120530758,-1.1691236042,1.0731866
2521,1.8419516420469224,0.7573776681243207,-1.1690764903,1.0733105
2522,1.842951642046922,0.7573776681243207,-1.1690296937,1.0734178
2523,1.8439514897420783,0.7573602157178835,-1.1689822685,1.0735419
2524,1.8449514897420785,0.7573602157178835,-1.1689356816,1.0736495
2525,1.845951337437235,0.7573427633114462,-1.1688883857,1.0737755
2526,1.8469513374372348,0.7573427633114462,-1.1688419719,1.0738825
2527,1.8479511851323915,0.757325310905009,-1.1687949177,1.0740062
2528,1.848951032827548,0.7573078584985717,-1.1687479553,1.0741299
2529,1.849951032827548,0.7573078584985717,-1.1687018122,1.0742370
2530,1.850950880522704,0.7572904060921345,-1.1686547649,1.0743608
2531,1.851950880522704,0.7572904060921345,-1.1686088072,1.0744679
2532,1.8529507282178608,0.7572729536856972,-1.1685622159,1.0745917
2533,1.8539507282178604,0.7572729536856972,-1.1685160787,1.0746987
2534,1.854950575913017,0.75725550127926,-1.1684696575,1.0748226
2535,1.8559504236081728,0.7572380488728228,-1.1684240709,1.0749518
2536,1.8569504236081733,0.7572380488728228,-1.1683783655,1.0750630
2537,1.8579502713033296,0.7572205964663855,-1.1683318466,1.0751892
2538,1.8589502713033297,0.7572205964663855,-1.1682863368,1.0752905
2539,1.8599501189984864,0.7572031440599483,-1.1682401369,1.0754143
2540,1.860950118998486,0.7572031440599483,-1.1681960147,1.0755276
2541,1.8619499666936423,0.757185691653511,-1.1681498979,1.0756440
2542,1.8629499666936424,0.757185691653511,-1.1681045215,1.0757511
2543,1.863949814388799,0.7571682392470738,-1.1680586910,1.0758800
2544,1.8649498143887988,0.7571682392470738,-1.1680140933,1.0759728
2545,1.8659496620839555,0.7571507868406365,-1.1679688065,1.0761044
2546,1.8669496620839552,0.7571507868406365,-1.1679239907,1.0762088
2547,1.867949509779112,0.7571333344341993,-1.1678785449,1.0763380
2548,1.868949509779112,0.7571333344341993,-1.1678338066,1.0764392
2549,1.869949357474268,0.757115882027762,-1.1677887804,1.0765650
2550,1.870949357474268,0.757115882027762,-1.1677445542,1.0766733
2551,1.8719492051694244,0.7570984296213248,-1.1677003481,1.0768100
2552,1.8729492051694243,0.7570984296213248,-1.1676555831,1.0769030
2553,1.8739490528645808,0.7570809772148875,-1.1676111025,1.0770210
2554,1.8749490528645807,0.7570809772148875,-1.1675672255,1.0771402
2555,1.8759489005597367,0.7570635248084503,-1.1675228957,1.0772625
2556,1.8769487482548937,0.757046072402013,-1.1674782809,1.0773863
2557,1.8779487482548936,0.757046072402013,-1.1674346770,1.0774955
2558,1.87894859595005,0.7570286199955758,-1.1673903619,1.0776233
2559,1.87994859595005,0.7570286199955758,-1.1673468172,1.0777201
2560,1.8809485959500496,0.7570286199955758,-1.1673033291,1.0778304
2561,1.8819484436452063,0.7570111675891386,-1.1672596406,1.0779661
2562,1.8829484436452064,0.7570111675891386,-1.1672166016,1.0780750
2563,1.883948291340363,0.7569937151827013,-1.1671720175,1.0781934
2564,1.8849482913403623,0.7569937151827013,-1.1671293611,1.0782972
2565,1.885948139035519,0.7569762627762641,-1.1670852615,1.0784297
2566,1.886948139035519,0.7569762627762641,-1.1670429768,1.0785375
2567,1.887947986730676,0.7569588103698268,-1.1669990658,1.0786717
2568,1.8889479867306755,0.7569588103698268,-1.1669562643,1.0787732
2569,1.889947834425832,0.7569413579633896,-1.1669132038,1.0789004
2570,1.890947834425832,0.7569413579633896,-1.1668708775,1.0790088
2571,1.891947682120988,0.7569239055569523,-1.1668274365,1.0791330
2572,1.892947682120988,0.7569239055569523,-1.1667850655,1.0792418
2573,1.8939475298161448,0.7569064531505151,-1.1667421054,1.0793670
2574,1.8949475298161444,0.7569064531505151,-1.1666998296,1.0794670
2575,1.895947377511301,0.7568890007440778,-1.1666568365,1.0795896
2576,1.8969473775113008,0.7568890007440778,-1.1666147331,1.0796923
2577,1.897947225206457,0.7568715483376406,-1.1665723877,1.0798194
2578,1.8989472252064568,0.7568715483376406,-1.1665311071,1.0799267
2579,1.899947225206457,0.7568715483376406,-1.1664895548,1.0800303
2580,1.9009470729016136,0.7568540959312033,-1.1664471085,1.0801558
2581,1.9019470729016128,0.7568540959312033,-1.1664055492,1.0802595
2582,1.90294692059677,0.7568366435247661,-1.1663631419,1.0803863
2583,1.9039469205967696,0.7568366435247661,-1.1663210481,1.0804969
2584,1.9049467682919263,0.7568191911183288,-1.1662791461,1.0806203
2585,1.9059467682919264,0.7568191911183288,-1.1662384431,1.0807270
2586,1.9069466159870827,0.7568017387118916,-1.1661961014,1.0808537
2587,1.9079466159870824,0.7568017387118916,-1.1661548346,1.0809502
2588,1.9089466159870825,0.7568017387118916,-1.1661145476,1.0810664
2589,1.909946463682239,0.7567842863054544,-1.1660729574,1.0811898
2590,1.9109464636822389,0.7567842863054544,-1.1660321305,1.0812972
2591,1.911946311377396,0.7567668338990171,-1.1659907105,1.0814212
2592,1.9129463113773952,0.7567668338990171,-1.1659501900,1.0815302
2593,1.913946159072552,0.7567493814925799,-1.1659086042,1.0816440
2594,1.914946159072552,0.7567493814925799,-1.1658682339,1.0817605
2595,1.9159461590725515,0.7567493814925799,-1.1658271939,1.0818706
2596,1.916946006767708,0.7567319290861426,-1.1657867489,1.0819904
2597,1.917946006767708,0.7567319290861426,-1.1657465460,1.0820983
2598,1.9189458544628644,0.7567144766797054,-1.1657050427,1.0822305
2599,1.9199458544628645,0.7567144766797054,-1.1656653171,1.0823351
2600,1.9209457021580207,0.7566970242732681,-1.1656245076,1.0824539
2601,1.9219457021580209,0.7566970242732681,-1.1655853017,1.0825582
2602,1.9229457021580203,0.7566970242732681,-1.1655449072,1.0826705
2603,1.923945549853177,0.7566795718668309,-1.1655038605,1.0827888
2604,1.924945549853177,0.7566795718668309,-1.1654642262,1.0829035
2605,1.9259453975483327,0.7566621194603936,-1.1654252679,1.0830289
2606,1.9269453975483333,0.7566621194603936,-1.1653855146,1.0831283
2607,1.9279453975483327,0.7566621194603936,-1.1653460675,1.0832359
2608,1.9289452452434896,0.7566446670539564,-1.1653058894,1.0833640
2609,1.929945245243489,0.7566446670539564,-1.1652666103,1.0834691
2610,1.930945092938646,0.7566272146475191,-1.1652267638,1.0835939
2611,1.931945092938646,0.7566272146475191,-1.1651877673,1.0837022
2612,1.9329450929386456,0.7566272146475191,-1.1651487276,1.0838097
2613,1.9339449406338023,0.7566097622410819,-1.1651091959,1.0839331
2614,1.9349449406338024,0.7566097622410819,-1.1650704397,1.0840400
2615,1.9359447883289589,0.7565923098346446,-1.1650311480,1.0841647
2616,1.9369447883289583,0.7565923098346446,-1.1649925584,1.0842728
2617,1.9379447883289584,0.7565923098346446,-1.1649539946,1.0843801
2618,1.938944636024115,0.7565748574282074,-1.1649148251,1.0845028
2619,1.9399446360241148,0.7565748574282074,-1.1648763423,1.0846074
2620,1.9409446360241147,0.7565748574282074,-1.1648380055,1.0847115
2621,1.9419444837192712,0.7565574050217702,-1.1647990915,1.0848337
2622,1.942944483719271,0.7565574050217702,-1.1647609166,1.0849402
2623,1.943944331414428,0.7565399526153329,-1.1647221529,1.0850645
2624,1.944944331414428,0.7565399526153329,-1.1646841885,1.0851725
2625,1.945944331414428,0.7565399526153329,-1.1646463136,1.0852810
2626,1.946944179109584,0.7565225002088957,-1.1646078907,1.0854063
2627,1.947944179109584,0.7565225002088957,-1.1645701597,1.0855142
2628,1.948944179109584,0.7565225002088957,-1.1645324879,1.0856213
2629,1.94994402680474,0.7565050478024584,-1.1644942523,1.0857444
2630,1.95094402680474,0.7565050478024584,-1.1644566963,1.0858501
2631,1.9519438744998965,0.7564875953960212,-1.1644185962,1.0859725
2632,1.9529438744998964,0.7564875953960212,-1.1643812052,1.0860781
2633,1.9539438744998965,0.7564875953960212,-1.1643439140,1.0861841
2634,1.9549437221950527,0.7564701429895839,-1.1643061064,1.0863073
2635,1.9559437221950529,0.7564701429895839,-1.1642690076,1.0864135
2636,1.9569437221950523,0.7564701429895839,-1.1642319950,1.0865195
2637,1.957943569890209,0.7564526905831467,-1.1641944498,1.0866423
2638,1.958943569890209,0.7564526905831467,-1.1641576706,1.0867481
2639,1.9599435698902088,0.7564526905831467,-1.1641208828,1.0868538
2640,1.9609434175853653,0.7564352381767094,-1.1640835563,1.0869764
2641,1.9619434175853647,0.7564352381767094,-1.1640469089,1.0870822
2642,1.962943417585365,0.7564352381767094,-1.1640103186,1.0871879
2643,1.963943265280521,0.7564177857702722,-1.1639732182,1.0873113
2644,1.9649432652805208,0.7564177857702722,-1.1639368240,1.0874224
2645,1.965943265280521,0.7564177857702722,-1.1639009404,1.0875268
2646,1.9669431129756776,0.7564003333638349,-1.1638639092,1.0876545
2647,1.9679431129756777,0.7564003333638349,-1.1638276101,1.0877568
2648,1.9689431129756776,0.7564003333638349,-1.1637916620,1.0878629
2649,1.969942960670834,0.7563828809573977,-1.1637550884,1.0879850
2650,1.970942960670834,0.7563828809573977,-1.1637194396,1.0880984
2651,1.9719429606708336,0.7563828809573977,-1.1636836351,1.0882032
2652,1.9729428083659903,0.7563654285509605,-1.1636472701,1.0883248
2653,1.9739428083659905,0.7563654285509605,-1.1636115554,1.0884298
2654,1.97494280836599,0.7563654285509605,-1.1635758595,1.0885356
2655,1.9759426560611464,0.7563479761445232,-1.1635396716,1.0886584
2656,1.9769426560611465,0.7563479761445232,-1.1635041907,1.0887637
2657,1.9779426560611464,0.7563479761445232,-1.1634688215,1.0888683
2658,1.9789425037563029,0.756330523738086,-1.1634325486,1.0889918
2659,1.9799425037563028,0.756330523738086,-1.1633973487,1.0890968
2660,1.9809425037563029,0.756330523738086,-1.1633622233,1.0892018
2661,1.9819423514514591,0.7563130713316487,-1.1633265927,1.0893236
2662,1.982942351451459,0.7563130713316487,-1.1632916265,1.0894286
2663,1.983942351451459,0.7563130713316487,-1.1632567397,1.0895335
2664,1.984942199146616,0.7562956189252115,-1.1632213518,1.0896593
2665,1.9859421991466155,0.7562956189252115,-1.1631866266,1.0897642
2666,1.9869421991466152,0.7562956189252115,-1.1631519829,1.0898692
2667,1.987942046841772,0.7562781665187742,-1.1631168439,1.0899912
2668,1.988942046841772,0.7562781665187742,-1.1630823689,1.0900963
2669,1.989942046841772,0.7562781665187742,-1.1630479820,1.0902016
2670,1.990942046841772,0.7562781665187742,-1.1630136877,1.0903069
2671,1.991941894536928,0.756260714112337,-1.1629789151,1.0904292
2672,1.992941894536928,0.756260714112337,-1.1629448161,1.0905341
2673,1.993941894536928,0.756260714112337,-1.1629108761,1.0906379
2674,1.994941742232084,0.7562432617058997,-1.1628753924,1.0907437
2675,1.995941742232084,0.7562432617058997,-1.1628414646,1.0908482
2676,1.996941742232084,0.7562432617058997,-1.1628076290,1.0909527
2677,1.9979415899272404,0.7562258092994625,-1.1627733040,1.0910744
2678,1.99894158992724,0.7562258092994625,-1.1627396213,1.0911794
2679,1.99994158992724,0.7562258092994625,-1.1627060122,1.0912844
2680,2.00094158992724,0.7562258092994625,-1.1626724738,1.0913890
2681,2.0019414376223965,0.7562083568930252,-1.1626384717,1.0915100
2682,2.0029414376223964,0.7562083568930252,-1.1626055890,1.0916173
2683,2.0039414376223963,0.7562083568930252,-1.1625720697,1.0917239
2684,2.004941285317553,0.756190904486588,-1.1625383382,1.0918384
2685,2.0059412853175527,0.756190904486588,-1.1625050689,1.0919408
2686,2.006941285317553,0.756190904486588,-1.1624717708,1.0920481
2687,2.0079412853175524,0.756190904486588,-1.1624386481,1.0921551
2688,2.008941133012709,0.7561734520801507,-1.1624050922,1.0922759
2689,2.009941133012709,0.7561734520801507,-1.1623721668,1.0923782
2690,2.0109411330127087,0.7561734520801507,-1.1623392929,1.0924810
2691,2.011940980707865,0.7561559996737135,-1.1623059550,1.0926007
2692,2.012940980707865,0.7561559996737135,-1.1622732684,1.0927026
2693,2.013940980707865,0.7561559996737135,-1.1622408112,1.0928047
2694,2.014940980707865,0.7561559996737135,-1.1622084192,1.0929083
2695,2.0159408284030214,0.7561385472672763,-1.1621758757,1.0930320
2696,2.016940828403021,0.7561385472672763,-1.1621435754,1.0931382
2697,2.017940828403021,0.7561385472672763,-1.1621099937,1.0932439
2698,2.018940828403021,0.7561385472672763,-1.1620777327,1.0933456
2699,2.019940676098177,0.756121094860839,-1.1620449862,1.0934638
2700,2.0209406760981774,0.756121094860839,-1.1620129014,1.0935657
2701,2.0219406760981773,0.756121094860839,-1.1619809341,1.0936685
2702,2.022940523793334,0.7561036424544018,-1.1619485098,1.0937887
2703,2.0239405237933337,0.7561036424544018,-1.1619166892,1.0938920
2704,2.0249405237933336,0.7561036424544018,-1.1618849281,1.0939952
2705,2.025940523793333,0.7561036424544018,-1.1618532325,1.0940983
2706,2.02694037148849,0.7560861900479645,-1.1618210750,1.0942184
2707,2.02794037148849,0.7560861900479645,-1.1617895272,1.0943214
2708,2.0289403714884897,0.7560861900479645,-1.1617580563,1.0944245
2709,2.0299403714884896,0.7560861900479645,-1.1617266666,1.0945274
2710,2.030940219183646,0.7560687376415273,-1.1616948288,1.0946473
2711,2.031940219183646,0.7560687376415273,-1.1616635980,1.0947499
2712,2.032940219183646,0.7560687376415273,-1.1616324345,1.0948524
2713,2.0339402191836458,0.7560687376415273,-1.1616009526,1.0949556
2714,2.0349400668788022,0.75605128523509,-1.1615693973,1.0950747
2715,2.035940066878802,0.75605128523509,-1.1615384378,1.0951767
2716,2.036940066878802,0.75605128523509,-1.1615075505,1.0952785
2717,2.037940066878802,0.75605128523509,-1.1614767381,1.0953801
2718,2.0389399145739584,0.7560338328286528,-1.1614454815,1.0954985
2719,2.0399399145739583,0.7560338328286528,-1.1614148247,1.0955997
2720,2.040939914573958,0.7560338328286528,-1.1613842455,1.0957007
2721,2.041939914573958,0.7560338328286528,-1.1613538586,1.0957933
2722,2.0429397622691146,0.7560163804222155,-1.1613220931,1.0959167
2723,2.0439397622691144,0.7560163804222155,-1.1612917315,1.0960172
2724,2.0449397622691143,0.7560163804222155,-1.1612614368,1.0961182
2725,2.0459397622691142,0.7560163804222155,-1.1612312123,1.0962194
2726,2.0469396099642707,0.7559989280157783,-1.1612005506,1.0963373
2727,2.0479396099642706,0.7559989280157783,-1.1611704742,1.0964380
2728,2.0489396099642705,0.7559989280157783,-1.1611404718,1.0965389
2729,2.0499396099642704,0.7559989280157783,-1.1611105380,1.0966395
2730,2.050939457659427,0.755981475609341,-1.1610801671,1.0967570
2731,2.0519394576594268,0.755981475609341,-1.1610503761,1.0968574
2732,2.052939457659426,0.755981475609341,-1.1610206558,1.0969578
2733,2.0539394576594265,0.755981475609341,-1.1609910859,1.0970588
2734,2.0549394576594264,0.755981475609341,-1.1609614491,1.0971587
2735,2.055939305354583,0.7559640232029038,-1.1609314419,1.0972758
2736,2.056939305354583,0.7559640232029038,-1.1609020102,1.0973759
2737,2.0579393053545827,0.7559640232029038,-1.1608726501,1.0974759
2738,2.0589393053545826,0.7559640232029038,-1.1608433616,1.0975758
2739,2.059939153049739,0.7559465707964665,-1.1608136454,1.0976927
2740,2.060939153049739,0.7559465707964665,-1.1607844997,1.0977925
2741,2.061939153049739,0.7559465707964665,-1.1607554240,1.0978922
2742,2.0629391530497387,0.7559465707964665,-1.1607264176,1.0979918
2743,2.063939153049738,0.7559465707964665,-1.1606974792,1.0980913
2744,2.064939000744895,0.7559291183900293,-1.1606680474,1.0982077
2745,2.065939000744895,0.7559291183900293,-1.1606392331,1.0983071
2746,2.066939000744895,0.7559291183900293,-1.1606104862,1.0984063
2747,2.067939000744895,0.7559291183900293,-1.1605818070,1.0985054
2748,2.068938848440052,0.755911665983592,-1.1605527078,1.0986215
2749,2.069938848440051,0.755911665983592,-1.1605241668,1.0987204
2750,2.070938848440051,0.755911665983592,-1.1604956956,1.0988192
2751,2.071938848440051,0.755911665983592,-1.1604672953,1.0989179
2752,2.072938848440051,0.755911665983592,-1.1604389670,1.0990165
2753,2.073938696135208,0.7558942135771548,-1.1604102283,1.0991320
2754,2.074938696135207,0.7558942135771548,-1.1603820471,1.0992303
2755,2.075938696135207,0.7558942135771548,-1.1603539387,1.0993284
2756,2.076938696135207,0.7558942135771548,-1.1603259023,1.0994264
2757,2.077938696135207,0.7558942135771548,-1.1602979377,1.0995241
2758,2.078938543830364,0.7558767611707176,-1.1602695599,1.0996389
2759,2.079938543830364,0.7558767611707176,-1.1602416894,1.0997375
2760,2.080938543830363,0.7558767611707176,-1.1602139224,1.0998350
2761,2.081938543830363,0.7558767611707176,-1.1601862210,1.0999324
2762,2.0829383915255195,0.7558593087642803,-1.1601581085,1.1000469
2763,2.0839383915255194,0.7558593087642803,-1.1601305324,1.1001441
2764,2.08493839152552,0.7558593087642803,-1.1601030161,1.1002413
2765,2.085938391525519,0.7558593087642803,-1.1600755602,1.1003385
2766,2.086938391525519,0.7558593087642803,-1.1600481661,1.1004359
2767,2.087938239220676,0.7558418563578431,-1.1600203680,1.1005505
2768,2.0889382392206755,0.7558418563578431,-1.1599931017,1.1006485
2769,2.089938239220676,0.7558418563578431,-1.1599658983,1.1007474
2770,2.0909382392206752,0.7558418563578431,-1.1599387597,1.1008472
2771,2.091938239220675,0.7558418563578431,-1.1599117055,1.1009475
2772,2.092938086915832,0.7558244039514058,-1.1598843093,1.1010635
2773,2.0939380869158315,0.7558244039514058,-1.1598575354,1.1011579
2774,2.0949380869158314,0.7558244039514058,-1.1598308453,1.1012467
2775,2.095938086915832,0.7558244039514058,-1.1598041177,1.1013355
2776,2.096938086915831,0.7558244039514058,-1.1597773696,1.1014292
2777,2.097938086915831,0.7558244039514058,-1.1597506769,1.1015264
2778,2.0989379346109875,0.7558069515449686,-1.1597236112,1.1016416
2779,2.0999379346109874,0.7558069515449686,-1.1596970799,1.1017397
2780,2.100937934610988,0.7558069515449686,-1.1596706205,1.1018373
2781,2.101937934610987,0.7558069515449686,-1.1596442007,1.1019350
2782,2.102937934610987,0.7558069515449686,-1.1596178775,1.1020313
2783,2.103937782306144,0.7557894991385313,-1.1595911704,1.1021444
2784,2.1049377823061435,0.7557894991385313,-1.1595649822,1.1022403
2785,2.105937782306144,0.7557894991385313,-1.1595388611,1.1023361
2786,2.106937782306144,0.7557894991385313,-1.1595128070,1.1024317
2787,2.107937782306143,0.7557894991385313,-1.1594868197,1.1025271
2788,2.1089376300013,0.7557720467320941,-1.1594604524,1.1026396
2789,2.1099376300012995,0.7557720467320941,-1.1594345991,1.1027348
2790,2.1109376300012994,0.7557720467320941,-1.1594088122,1.1028300
2791,2.1119376300013,0.7557720467320941,-1.1593830905,1.1029251
2792,2.112937630001299,0.7557720467320941,-1.1593578590,1.1030164
2793,2.113937630001299,0.7557720467320941,-1.1593322603,1.1031114
2794,2.114937477696456,0.7557545943256568,-1.1593062867,1.1032235
2795,2.1159374776964555,0.7557545943256568,-1.1592808178,1.1033184
2796,2.116937477696456,0.7557545943256568,-1.1592554152,1.1034132
2797,2.1179374776964552,0.7557545943256568,-1.1592300776,1.1035080
2798,2.118937477696455,0.7557545943256568,-1.1592048044,1.1036027
2799,2.119937477696455,0.7557545943256568,-1.1591795959,1.1036974
2800,2.1209373253916115,0.7557371419192196,-1.1591540177,1.1038089
2801,2.1219373253916114,0.7557371419192196,-1.1591289391,1.1039034
2802,2.122937325391612,0.7557371419192196,-1.1591039248,1.1039977
2803,2.123937325391611,0.7557371419192196,-1.1590789746,1.1040919
2804,2.124937325391611,0.7557371419192196,-1.1590540884,1.1041861
2805,2.125937325391611,0.7557371419192196,-1.1590292662,1.1042801
2806,2.1269371730867674,0.7557196895127823,-1.1590040793,1.1043911
2807,2.127937173086768,0.7557196895127823,-1.1589793855,1.1044849
2808,2.128937173086767,0.7557196895127823,-1.1589547552,1.1045786
2809,2.129937173086767,0.7557196895127823,-1.1589301883,1.1046722
2810,2.130937173086767,0.7557196895127823,-1.1589056846,1.1047657
2811,2.131937173086767,0.7557196895127823,-1.1588812440,1.1048591
2812,2.132937020781924,0.7557022371063451,-1.1588564436,1.1049694
2813,2.133937020781924,0.7557022371063451,-1.1588321300,1.1050625
2814,2.134937020781923,0.7557022371063451,-1.1588078791,1.1051555
2815,2.135937020781923,0.7557022371063451,-1.1587836909,1.1052484
2816,2.136937020781923,0.7557022371063451,-1.1587595652,1.1053412
2817,2.137937020781923,0.7557022371063451,-1.1587355020,1.1054339
2818,2.13893686847708,0.7556847846999079,-1.1587110839,1.1055435
2819,2.139936868477079,0.7556847846999079,-1.1586874486,1.1056360
2820,2.140936868477079,0.7556847846999079,-1.1586635600,1.1057283
2821,2.141936868477079,0.7556847846999079,-1.1586397362,1.1058206
2822,2.142936868477079,0.7556847846999079,-1.1586159733,1.1059128
2823,2.1439368684770788,0.7556847846999079,-1.1585922715,1.1060049
2824,2.1449368684770787,0.7556847846999079,-1.1585686307,1.1060968
2825,2.145936716172235,0.7556673322934706,-1.1585446412,1.1062057
2826,2.146936716172235,0.7556673322934706,-1.1585211237,1.1062975
2827,2.147936716172235,0.7556673322934706,-1.1584971762,1.1063897
2828,2.148936716172235,0.7556673322934706,-1.1584737875,1.1064811
2829,2.1499367161722347,0.7556673322934706,-1.1584504588,1.1065725
2830,2.1509367161722346,0.7556673322934706,-1.1584271901,1.1066637
2831,2.151936563867391,0.7556498798870334,-1.1584035764,1.1067719
2832,2.152936563867391,0.7556498798870334,-1.1583804284,1.1068629
2833,2.153936563867391,0.7556498798870334,-1.1583573399,1.1069538
2834,2.1549365638673907,0.7556498798870334,-1.1583343109,1.1070447
2835,2.15593656386739,0.7556498798870334,-1.1583113413,1.1071354
2836,2.1569365638673905,0.7556498798870334,-1.1582884310,1.1072260
2837,2.1579365638673904,0.7556498798870334,-1.1582655800,1.1073165
2838,2.158936411562547,0.7556324274805961,-1.1582423902,1.1074240
2839,2.159936411562547,0.7556324274805961,-1.1582196586,1.1075143
2840,2.1609364115625467,0.7556324274805961,-1.1581969861,1.1076045
2841,2.1619364115625466,0.7556324274805961,-1.1581743729,1.1076946
2842,2.1629364115625465,0.7556324274805961,-1.1581518188,1.1077845
2843,2.1639364115625463,0.7556324274805961,-1.1581293241,1.1078744
2844,2.1649364115625462,0.7556324274805961,-1.1581068887,1.1079642
2845,2.1659362592577027,0.7556149750741589,-1.1580841212,1.1080709
2846,2.1669362592577026,0.7556149750741589,-1.1580618054,1.1081604
2847,2.1679362592577025,0.7556149750741589,-1.1580395490,1.1082499
2848,2.1689362592577024,0.7556149750741589,-1.1580173518,1.1083392
2849,2.1699362592577023,0.7556149750741589,-1.1579952137,1.1084284
2850,2.170936259257702,0.7556149750741589,-1.1579731345,1.1085175
2851,2.171936259257702,0.7556149750741589,-1.1579511139,1.1086065
2852,2.1729361069528585,0.7555975226677216,-1.1579293733,1.1087166
2853,2.1739361069528584,0.7555975226677216,-1.1579074103,1.1088051
2854,2.1749361069528583,0.7555975226677216,-1.1578855053,1.1088935
2855,2.175936106952858,0.7555975226677216,-1.1578636584,1.1089817
2856,2.176936106952858,0.7555975226677216,-1.1578418700,1.1090699
2857,2.177936106952858,0.7555975226677216,-1.1578201403,1.1091579
2858,2.178936106952858,0.7555975226677216,-1.1577984697,1.1092458
2859,2.1799361069528578,0.7555975226677216,-1.1577768583,1.1093335
2860,2.1809359546480143,0.7555800702612844,-1.1577549339,1.1094382
2861,2.181935954648014,0.7555800702612844,-1.1577334422,1.1095257
2862,2.182935954648014,0.7555800702612844,-1.1577120099,1.1096131
2863,2.183935954648014,0.7555800702612844,-1.1576906372,1.1097003
2864,2.184935954648014,0.7555800702612844,-1.1576693241,1.1097874
2865,2.1859359546480137,0.7555800702612844,-1.1576480705,1.1098744
2866,2.1869359546480136,0.7555800702612844,-1.1576268764,1.1099613
2867,2.18793580234317,0.7555626178548471,-1.1576053739,1.1100651
2868,2.18893580234317,0.7555626178548471,-1.1575842991,1.1101517
2869,2.18993580234317,0.7555626178548471,-1.1575632834,1.1102382
2870,2.1909358023431698,0.7555626178548471,-1.1575423266,1.1103246
2871,2.1919358023431696,0.7555626178548471,-1.1575214285,1.1104108
2872,2.192935802343169,0.7555626178548471,-1.1575005889,1.1104970
2873,2.193935802343169,0.7555626178548471,-1.1574798074,1.1105830
2874,2.1949358023431693,0.7555626178548471,-1.1574590837,1.1106689
2875,2.195935802343169,0.7555626178548471,-1.1574384328,1.1107543
2876,2.1969356500383257,0.7555451654484099,-1.1574174615,1.1108571
2877,2.1979356500383256,0.7555451654484099,-1.1573969095,1.1109427
2878,2.198935650038325,0.7555451654484099,-1.1573764138,1.1110282
2879,2.1999356500383254,0.7555451654484099,-1.1573559741,1.1111137
2880,2.2009356500383253,0.7555451654484099,-1.1573322928,1.1112098
2881,2.201935650038325,0.7555451654484099,-1.1573119869,1.1112949
2882,2.202935650038325,0.7555451654484099,-1.1572917406,1.1113800
2883,2.203935650038325,0.7555451654484099,-1.1572715432,1.1114649
2884,2.2049354977334814,0.7555277130419726,-1.1572510445,1.1115667
2885,2.2059354977334813,0.7555277130419726,-1.1572309555,1.1116514
2886,2.206935497733481,0.7555277130419726,-1.1572109199,1.1117360
2887,2.207935497733481,0.7555277130419726,-1.1571909379,1.1118205
2888,2.208935497733481,0.7555277130419726,-1.1571710003,1.1119049
2889,2.209935497733481,0.7555277130419726,-1.1571511264,1.1119891
2890,2.2109354977334807,0.7555277130419726,-1.1571313071,1.1120732
2891,2.2119354977334806,0.7555277130419726,-1.1571115416,1.1121572
2892,2.2129354977334805,0.7555277130419726,-1.1570918296,1.1122411
2893,2.213935345428637,0.7555102606355354,-1.1570718245,1.1123419
2894,2.214935345428637,0.7555102606355354,-1.1570522206,1.1124255
2895,2.215935345428637,0.7555102606355354,-1.1570326704,1.1125091
2896,2.2169353454286367,0.7555102606355354,-1.1570131738,1.1125925
2897,2.217935345428637,0.7555102606355354,-1.1569937306,1.1126758
2898,2.2189353454286365,0.7555102606355354,-1.1569743409,1.1127590
2899,2.2199353454286364,0.7555102606355354,-1.1569550047,1.1128421
2900,2.220935345428636,0.7555102606355354,-1.1569357219,1.1129250
2901,2.221935345428636,0.7555102606355354,-1.1569167349,1.1130076
2902,2.2229351931237926,0.7554928082290981,-1.1568972135,1.1131073
2903,2.2239351931237925,0.7554928082290981,-1.1568780852,1.1131900
2904,2.2249351931237924,0.7554928082290981,-1.1568590101,1.1132725
2905,2.2259351931237923,0.7554928082290981,-1.1568399881,1.1133550
2906,2.226935193123792,0.7554928082290981,-1.1568210190,1.1134373
2907,2.227935193123792,0.7554928082290981,-1.1568021026,1.1135195
2908,2.228935193123792,0.7554928082290981,-1.1567832386,1.1136017
2909,2.229935193123792,0.7554928082290981,-1.1567644268,1.1136837
2910,2.230935193123792,0.7554928082290981,-1.1567456669,1.1137656
2911,2.231935040818948,0.7554753558226609,-1.1567266267,1.1138644
2912,2.232935040818948,0.7554753558226609,-1.1567079708,1.1139462
2913,2.233935040818948,0.7554753558226609,-1.1566893661,1.1140278
2914,2.234935040818948,0.7554753558226609,-1.1566708124,1.1141093
2915,2.235935040818948,0.7554753558226609,-1.1566523093,1.1141907
2916,2.236935040818948,0.7554753558226609,-1.1566338568,1.1142720
2917,2.237935040818948,0.7554753558226609,-1.1566154546,1.1143532
2918,2.2389350408189475,0.7554753558226609,-1.1565971025,1.1144343
2919,2.239935040818948,0.7554753558226609,-1.1565788005,1.1145153
2920,2.2409350408189472,0.7554753558226609,-1.1565605484,1.1145961
2921,2.241934888514104,0.7554579034162237,-1.1565420234,1.1146938
2922,2.242934888514104,0.7554579034162237,-1.1565238719,1.1147744
2923,2.2439348885141035,0.7554579034162237,-1.1565057590,1.1148548
2924,2.2449348885141034,0.7554579034162237,-1.1564877085,1.1149351
2925,2.245934888514104,0.7554579034162237,-1.1564694891,1.1150157
2926,2.246934888514103,0.7554579034162237,-1.1564515310,1.1150957
2927,2.247934888514103,0.7554579034162237,-1.1564336223,1.1151756
2928,2.248934888514103,0.7554579034162237,-1.1564157708,1.1152555
2929,2.249934888514103,0.7554579034162237,-1.1563979620,1.1153351
2930,2.2509348885141027,0.7554579034162237,-1.1563802025,1.1154146
2931,2.2519348885141026,0.7554579034162237,-1.1563624922,1.1154939
2932,2.252934736209259,0.7554404510097864,-1.1563445191,1.1155902
2933,2.253934736209259,0.7554404510097864,-1.1563269079,1.1156693
2934,2.254934736209259,0.7554404510097864,-1.1563093462,1.1157482
2935,2.2559347362092588,0.7554404510097864,-1.1562918327,1.1158271
2936,2.2569347362092587,0.7554404510097864,-1.1562743726,1.1159047
2937,2.2579347362092586,0.7554404510097864,-1.1562569568,1.1159834
2938,2.2589347362092584,0.7554404510097864,-1.1562395900,1.1160619
2939,2.2599347362092583,0.7554404510097864,-1.1562222720,1.1161404
2940,2.2609347362092582,0.7554404510097864,-1.1562052110,1.1162184
2941,2.261934736209258,0.7554404510097864,-1.1561879791,1.1162968
2942,2.262934736209258,0.7554404510097864,-1.1561707945,1.1163751
2943,2.2639345839044145,0.7554229986033492,-1.1561533563,1.1164702
2944,2.2649345839044144,0.7554229986033492,-1.1561362680,1.1165485
2945,2.2659345839044143,0.7554229986033492,-1.1561192247,1.1166265
2946,2.266934583904414,0.7554229986033492,-1.1561022376,1.1167047
2947,2.267934583904414,0.7554229986033492,-1.1560852882,1.1167827
2948,2.268934583904414,0.7554229986033492,-1.1560683852,1.1168605
2949,2.269934583904414,0.7554229986033492,-1.1560515301,1.1169382
2950,2.2709345839044137,0.7554229986033492,-1.1560347143,1.1170038
2951,2.2719345839044136,0.7554229986033492,-1.1560179324,1.1170847
2952,2.272934583904413,0.7554229986033492,-1.1560005157,1.1171633
2953,2.2739345839044134,0.7554229986033492,-1.1559838643,1.1172400
2954,2.2749345839044133,0.7554229986033492,-1.1559672598,1.1173167
2955,2.2759344315995698,0.7554055461969119,-1.1559504102,1.1174101
2956,2.2769344315995697,0.7554055461969119,-1.1559338999,1.1174865
2957,2.277934431599569,0.7554055461969119,-1.1559120903,1.1175780
2958,2.278934431599569,0.7554055461969119,-1.1558957254,1.1176540
2959,2.2799344315995693,0.7554055461969119,-1.1558794066,1.1177299
2960,2.280934431599569,0.7554055461969119,-1.1558631333,1.1178057
2961,2.281934431599569,0.7554055461969119,-1.1558469126,1.1178813
2962,2.282934431599569,0.7554055461969119,-1.1558307305,1.1179569
2963,2.283934431599569,0.7554055461969119,-1.1558145940,1.1180323
2964,2.2849344315995688,0.7554055461969119,-1.1557985028,1.1181076
2965,2.2859344315995687,0.7554055461969119,-1.1557824571,1.1181828
2966,2.286934431599569,0.7554055461969119,-1.1557664567,1.1182579
2967,2.287934279294725,0.7553880937904747,-1.1557502198,1.1183498
2968,2.288934279294725,0.7553880937904747,-1.1557343108,1.1184247
2969,2.289934279294725,0.7553880937904747,-1.1557184470,1.1184994
2970,2.2909342792947247,0.7553880937904747,-1.1557030166,1.1185739
2971,2.2919342792947246,0.7553880937904747,-1.1556872395,1.1186484
2972,2.2929342792947245,0.7553880937904747,-1.1556715076,1.1187228
2973,2.2939342792947244,0.7553880937904747,-1.1556558209,1.1187971
2974,2.2949342792947243,0.7553880937904747,-1.1556401796,1.1188713
2975,2.295934279294724,0.7553880937904747,-1.1556245836,1.1189454
2976,2.296934279294724,0.7553880937904747,-1.1556091022,1.1190058
2977,2.297934279294724,0.7553880937904747,-1.1555936017,1.1190792
2978,2.298934279294724,0.7553880937904747,-1.1555781453,1.1191524
2979,2.299934279294724,0.7553880937904747,-1.1555627332,1.1192255
2980,2.30093412698988,0.7553706413840374,-1.1555470918,1.1193155
2981,2.30193412698988,0.7553706413840374,-1.1555317685,1.1193884
2982,2.30293412698988,0.7553706413840374,-1.1555164891,1.1194611
2983,2.30393412698988,0.7553706413840374,-1.1555012534,1.1195338
2984,2.30493412698988,0.7553706413840374,-1.1554859104,1.1196063
2985,2.30593412698988,0.7553706413840374,-1.1554707629,1.1196787
2986,2.3069341269898795,0.7553706413840374,-1.1554556589,1.1197510
2987,2.3079341269898794,0.7553706413840374,-1.1554405981,1.1198231
2988,2.30893412698988,0.7553706413840374,-1.1554255808,1.1198951
2989,2.309934126989879,0.7553706413840374,-1.1554106067,1.1199670
2990,2.310934126989879,0.7553706413840374,-1.1553956757,1.1200387
2991,2.311934126989879,0.7553706413840374,-1.1553807876,1.1201104
2992,2.312934126989879,0.7553706413840374,-1.1553659426,1.1201819
2993,2.3139341269898788,0.7553706413840374,-1.1553511403,1.1202532
2994,2.314933974685036,0.7553531889776002,-1.1553361181,1.1203414
2995,2.315933974685035,0.7553531889776002,-1.1553214019,1.1204126
2996,2.316933974685035,0.7553531889776002,-1.1553067283,1.1204836
2997,2.317933974685035,0.7553531889776002,-1.1552920971,1.1205544
2998,2.318933974685035,0.7553531889776002,-1.1552775084,1.1206252
2999,2.3199339746850347,0.7553531889776002,-1.1552629619,1.1206958
3000,2.3209339746850346,0.7553531889776002,-1.1552484574,1.1207663
3001,2.3219339746850345,0.7553531889776002,-1.1552339955,1.1208367
3002,2.3229339746850344,0.7553531889776002,-1.1552195752,1.1209070
3003,2.3239339746850343,0.7553531889776002,-1.1552051967,1.1209771
3004,2.324933974685034,0.7553531889776002,-1.1551908599,1.1210471
3005,2.325933974685034,0.7553531889776002,-1.1551765649,1.1211170
3006,2.326933974685034,0.7553531889776002,-1.1551623115,1.1211867
3007,2.327933974685034,0.7553531889776002,-1.1551480995,1.1212564
3008,2.3289339746850337,0.7553531889776002,-1.1551339291,1.1213259
3009,2.32993382238019,0.7553357365711629,-1.1551195482,1.1214122
3010,2.33093382238019,0.7553357365711629,-1.1551054611,1.1214814
3011,2.33193382238019,0.7553357365711629,-1.1550914150,1.1215506
3012,2.33293382238019,0.7553357365711629,-1.1550774100,1.1216196
3013,2.3339338223801898,0.7553357365711629,-1.1550634458,1.1216885
3014,2.3349338223801896,0.7553357365711629,-1.1550495224,1.1217572
3015,2.335933822380189,0.7553357365711629,-1.1550356399,1.1218259
3016,2.336933822380189,0.7553357365711629,-1.1550217981,1.1218944
3017,2.3379338223801893,0.7553357365711629,-1.1550079967,1.1219628
3018,2.338933822380189,0.7553357365711629,-1.1549942360,1.1220310
3019,2.339933822380189,0.7553357365711629,-1.1549805155,1.1220992
3020,2.340933822380189,0.7553357365711629,-1.1549668354,1.1221672
3021,2.341933822380189,0.7553357365711629,-1.1549531954,1.1222351
3022,2.3429338223801888,0.7553357365711629,-1.1549395956,1.1223028
3023,2.3439338223801887,0.7553357365711629,-1.1549260358,1.1223705
3024,2.3449338223801885,0.7553357365711629,-1.1549125160,1.1224380
3025,2.3459338223801884,0.7553357365711629,-1.1548990359,1.1225054
3026,2.346933670075345,0.7553182841647257,-1.1548853560,1.1225895
3027,2.347933670075345,0.7553182841647257,-1.1548719560,1.1226567
3028,2.3489336700753447,0.7553182841647257,-1.1548585957,1.1227237
3029,2.3499336700753446,0.7553182841647257,-1.1548452748,1.1227906
3030,2.3509336700753445,0.7553182841647257,-1.1548319932,1.1228573
3031,2.3519336700753444,0.7553182841647257,-1.1548187509,1.1229240
3032,2.3529336700753443,0.7553182841647257,-1.1548055478,1.1229905
3033,2.353933670075344,0.7553182841647257,-1.1547923838,1.1230569
3034,2.354933670075344,0.7553182841647257,-1.1547792589,1.1231232
3035,2.355933670075344,0.7553182841647257,-1.1547661728,1.1231893
3036,2.356933670075344,0.7553182841647257,-1.1547531256,1.1232553
3037,2.357933670075344,0.7553182841647257,-1.1547401172,1.1233212
3038,2.358933670075344,0.7553182841647257,-1.1547271474,1.1233870
3039,2.3599336700753435,0.7553182841647257,-1.1547142161,1.1234527
3040,2.3609336700753434,0.7553182841647257,-1.1547013232,1.1235182
3041,2.361933670075344,0.7553182841647257,-1.1546884688,1.1235836
3042,2.362933670075343,0.7553182841647257,-1.1546756526,1.1236489
3043,2.3639335177705,0.7553008317582884,-1.1546626468,1.1237309
3044,2.3649335177704995,0.7553008317582884,-1.1546499076,1.1237959
3045,2.3659335177704994,0.7553008317582884,-1.1546372065,1.1238609
3046,2.3669335177705,0.7553008317582884,-1.1546245433,1.1239256
3047,2.367933517770499,0.7553008317582884,-1.1546119179,1.1239903
3048,2.368933517770499,0.7553008317582884,-1.1545993303,1.1240548
3049,2.369933517770499,0.7553008317582884,-1.1545867803,1.1241193
3050,2.370933517770499,0.7553008317582884,-1.1545742678,1.1241835
3051,2.3719335177704988,0.7553008317582884,-1.1545617928,1.1242477
3052,2.3729335177704987,0.7553008317582884,-1.1545493553,1.1243118
3053,2.3739335177704985,0.7553008317582884,-1.1545369550,1.1243757
3054,2.3749335177704984,0.7553008317582884,-1.1545245919,1.1244395
3055,2.3759335177704983,0.7553008317582884,-1.1545122660,1.1245032
3056,2.376933517770498,0.7553008317582884,-1.1544999771,1.1245667
3057,2.377933517770498,0.7553008317582884,-1.1544877250,1.1246301
3058,2.378933517770498,0.7553008317582884,-1.1544755099,1.1246935
3059,2.379933517770498,0.7553008317582884,-1.1544633315,1.1247566
3060,2.3809335177704978,0.7553008317582884,-1.1544511899,1.1248197
3061,2.3819335177704977,0.7553008317582884,-1.1544390848,1.1248826
3062,2.3829335177704976,0.7553008317582884,-1.1544270162,1.1249455
3063,2.383933365465654,0.7552833793518512,-1.1544147695,1.1250250
3064,2.384933365465654,0.7552833793518512,-1.1544027743,1.1250876
3065,2.385933365465654,0.7552833793518512,-1.1543908154,1.1251500
3066,2.3869333654656537,0.7552833793518512,-1.1543788925,1.1252123
3067,2.3879333654656536,0.7552833793518512,-1.1543670058,1.1252745
3068,2.388933365465653,0.7552833793518512,-1.1543551550,1.1253366
3069,2.3899333654656534,0.7552833793518512,-1.1543433401,1.1253986
3070,2.3909333654656533,0.7552833793518512,-1.1543315611,1.1254604
3071,2.391933365465653,0.7552833793518512,-1.1543198178,1.1255221
3072,2.392933365465653,0.7552833793518512,-1.1543081100,1.1255837
3073,2.393933365465653,0.7552833793518512,-1.1542964378,1.1256452
3074,2.394933365465653,0.7552833793518512,-1.1542818508,1.1257054
3075,2.3959333654656527,0.7552833793518512,-1.1542702726,1.1257667
3076,2.3969333654656526,0.7552833793518512,-1.1542587295,1.1258278
3077,2.3979333654656525,0.7552833793518512,-1.1542472215,1.1258889
3078,2.3989333654656524,0.7552833793518512,-1.1542357484,1.1259498
3079,2.3999333654656523,0.7552833793518512,-1.1542243102,1.1260105
3080,2.400933365465652,0.7552833793518512,-1.1542129067,1.1260712
3081,2.401933365465652,0.7552833793518512,-1.1542015379,1.1261317
3082,2.402933365465652,0.7552833793518512,-1.1541902037,1.1261921
3083,2.403933365465652,0.7552833793518512,-1.1541789041,1.1262524
3084,2.404933365465652,0.7552833793518512,-1.1541676389,1.1263126
3085,2.405933213160808,0.755265926945414,-1.1541562072,1.1263895
3086,2.406933213160808,0.755265926945414,-1.1541450113,1.1264494
3087,2.407933213160808,0.755265926945414,-1.1541338495,1.1265092
3088,2.408933213160808,0.755265926945414,-1.1541227219,1.1265689
3089,2.409933213160808,0.755265926945414,-1.1541116283,1.1266284
3090,2.410933213160808,0.755265926945414,-1.1541005685,1.1266879
3091,2.411933213160808,0.755265926945414,-1.1540895427,1.1267472
3092,2.4129332131608074,0.755265926945414,-1.1540785506,1.1268064
3093,2.413933213160808,0.755265926945414,-1.1540675922,1.1268655
3094,2.4149332131608072,0.755265926945414,-1.1540566674,1.1269244
3095,2.415933213160807,0.755265926945414,-1.1540457760,1.1269833
3096,2.416933213160807,0.755265926945414,-1.1540349181,1.1270420
3097,2.417933213160807,0.755265926945414,-1.1540240936,1.1271006
3098,2.418933213160807,0.755265926945414,-1.1540133022,1.1271591
3099,2.4199332131608067,0.755265926945414,-1.1540025441,1.1272174
3100,2.4209332131608066,0.755265926945414,-1.1539918191,1.1272757
3101,2.4219332131608065,0.755265926945414,-1.1539811271,1.1273338
3102,2.4229332131608063,0.755265926945414,-1.1539704681,1.1273918
3103,2.4239332131608062,0.755265926945414,-1.1539598419,1.1274497
3104,2.424933213160806,0.755265926945414,-1.1539492485,1.1275074
3105,2.425933213160806,0.755265926945414,-1.1539386878,1.1275651
3106,2.426933213160806,0.755265926945414,-1.1539281597,1.1276226
3107,2.427933213160806,0.755265926945414,-1.1539176641,1.1276800
3108,2.4289332131608057,0.755265926945414,-1.1539072009,1.1277372
3109,2.4299332131608056,0.755265926945414,-1.1538967701,1.1277944
3110,2.430933060855962,0.7552484745389767,-1.1538861860,1.1278682
3111,2.431933060855962,0.7552484745389767,-1.1538758203,1.1279251
3112,2.432933060855962,0.7552484745389767,-1.1538654867,1.1279819
3113,2.4339330608559617,0.7552484745389767,-1.1538551851,1.1280386
3114,2.4349330608559616,0.7552484745389767,-1.1538449156,1.1280952
3115,2.435933060855961,0.7552484745389767,-1.1538346780,1.1281516
3116,2.4369330608559614,0.7552484745389767,-1.1538244758,1.1282107
3117,2.4379330608559613,0.7552484745389767,-1.1538143020,1.1282669
3118,2.438933060855961,0.7552484745389767,-1.1538041597,1.1283230
3119,2.439933060855961,0.7552484745389767,-1.1537940490,1.1283789
3120,2.440933060855961,0.7552484745389767,-1.1537839698,1.1284348
3121,2.441933060855961,0.7552484745389767,-1.1537739219,1.1284905
3122,2.4429330608559607,0.7552484745389767,-1.1537639054,1.1285461
3123,2.4439330608559606,0.7552484745389767,-1.1537539201,1.1286015
3124,2.4449330608559605,0.7552484745389767,-1.1537439660,1.1286569
3125,2.4459330608559604,0.7552484745389767,-1.1537340433,1.1287121
3126,2.4469330608559603,0.7552484745389767,-1.1537241512,1.1287672
3127,2.44793306085596,0.7552484745389767,-1.1537142901,1.1288222
3128,2.44893306085596,0.7552484745389767,-1.1537044597,1.1288771
3129,2.44993306085596,0.7552484745389767,-1.1536946602,1.1289318
3130,2.45093306085596,0.7552484745389767,-1.1536848913,1.1289865
3131,2.45193306085596,0.7552484745389767,-1.1536751530,1.1290410
3132,2.45293306085596,0.7552484745389767,-1.1536654453,1.1290955
3133,2.4539330608559595,0.7552484745389767,-1.1536557680,1.1291498
3134,2.4549330608559594,0.7552484745389767,-1.1536461211,1.1292040
3135,2.45593306085596,0.7552484745389767,-1.1536365045,1.1292580
3136,2.456933060855959,0.7552484745389767,-1.1536269181,1.1293120
3137,2.457933060855959,0.7552484745389767,-1.1536173618,1.1293658
3138,2.458933060855959,0.7552484745389767,-1.1536078356,1.1294195
3139,2.4599329085511155,0.7552310221325395,-1.1535981701,1.1294899
3140,2.460932908551116,0.7552310221325395,-1.1535887043,1.1295434
3141,2.4619329085511152,0.7552310221325395,-1.1535792684,1.1295967
3142,2.462932908551115,0.7552310221325395,-1.1535698622,1.1296500
3143,2.463932908551115,0.7552310221325395,-1.1535604857,1.1297031
3144,2.464932908551115,0.7552310221325395,-1.1535511387,1.1297562
3145,2.465932908551115,0.7552310221325395,-1.1535418213,1.1298091
3146,2.4669329085511147,0.7552310221325395,-1.1535325334,1.1298619
3147,2.4679329085511146,0.7552310221325395,-1.1535232747,1.1299146
3148,2.4689329085511145,0.7552310221325395,-1.1535140454,1.1299671
3149,2.4699329085511144,0.7552310221325395,-1.1535048453,1.1300196
3150,2.4709329085511142,0.7552310221325395,-1.1534956744,1.1300719
3151,2.471932908551114,0.7552310221325395,-1.1534865325,1.1301242
3152,2.472932908551114,0.7552310221325395,-1.1534774196,1.1301763
3153,2.473932908551114,0.7552310221325395,-1.1534683356,1.1302283
3154,2.474932908551114,0.7552310221325395,-1.1534592804,1.1302802
3155,2.4759329085511137,0.7552310221325395,-1.1534502540,1.1303319
3156,2.4769329085511136,0.7552310221325395,-1.1534401642,1.1303846
3157,2.477932908551113,0.7552310221325395,-1.1534312018,1.1304361
3158,2.4789329085511134,0.7552310221325395,-1.1534222678,1.1304876
3159,2.4799329085511133,0.7552310221325395,-1.1534133623,1.1305389
3160,2.480932908551113,0.7552310221325395,-1.1534044852,1.1305901
3161,2.481932908551113,0.7552310221325395,-1.1533956531,1.1306385
3162,2.482932908551113,0.7552310221325395,-1.1533868325,1.1306895
3163,2.483932908551113,0.7552310221325395,-1.1533780400,1.1307403
3164,2.4849329085511127,0.7552310221325395,-1.1533692755,1.1307911
3165,2.4859329085511126,0.7552310221325395,-1.1533605389,1.1308417
3166,2.4869329085511125,0.7552310221325395,-1.1533518303,1.1308922
3167,2.4879329085511124,0.7552310221325395,-1.1533431496,1.1309426
3168,2.488932756246269,0.7552135697261022,-1.1533343426,1.1310096
3169,2.4899327562462688,0.7552135697261022,-1.1533257178,1.1310598
3170,2.4909327562462686,0.7552135697261022,-1.1533171207,1.1311099
3171,2.4919327562462685,0.7552135697261022,-1.1533085510,1.1311598
3172,2.4929327562462684,0.7552135697261022,-1.1533000088,1.1312097
3173,2.4939327562462683,0.7552135697261022,-1.1532914014,1.1312592
3174,2.494932603941425,0.7552310221325395,-1.1532830681,1.1312921
3175,2.4959326039414247,0.7552310221325395,-1.1532746081,1.1313416
3176,2.496932603941425,0.7552310221325395,-1.1532661753,1.1313910
3177,2.497932451636581,0.7552135697261022,-1.1532576203,1.1314570
3178,2.498932299331737,0.755196117319665,-1.1532490930,1.1315229
3179,2.499932147026894,0.7551786649132277,-1.1532405932,1.1315886
3180,2.500931537853913,0.7552135644099303,-1.1532325741,1.1316042
