,BL1,BL2,r1-r2,NO1,NO2,NO3
0,0.7552087201092559,2.4959842047537606,-1.7407754846445047,1.1120883,0.5048095,0.0361991
1,0.7551912677028186,2.494984357058604,-1.7397930893557856,1.1121028,0.5048240,0.0361978
2,0.7552087201092559,2.493984509363448,-1.7387757892541922,1.1120827,0.5048384,0.0361992
3,0.7552087201092559,2.492984509363448,-1.7377757892541923,1.1120798,0.5048529,0.0361993
4,0.7552261725156931,2.4919846616682912,-1.736758489152598,1.1120596,0.5048675,0.0362007
5,0.7552261725156931,2.490984661668292,-1.7357584891525986,1.1120568,0.5048820,0.0362007
6,0.7552261725156931,2.4899846616682915,-1.7347584891525982,1.1120539,0.5048967,0.0362008
7,0.7552087201092559,2.488984813973135,-1.733776093863879,1.1120683,0.5049113,0.0361995
8,0.7552087201092559,2.487984813973135,-1.7327760938638792,1.1120654,0.5049260,0.0361995
9,0.7552087201092559,2.486984813973135,-1.7317760938638793,1.1120625,0.5049407,0.0361996
10,0.7552087201092559,2.485984813973136,-1.7307760938638803,1.1120596,0.5049555,0.0361996
11,0.7552087201092559,2.4849848139731354,-1.7297760938638795,1.1120567,0.5049703,0.0361997
12,0.7552261725156931,2.483984966277979,-1.7287587937622857,1.1120364,0.5049851,0.0362011
13,0.7552261725156931,2.482984966277979,-1.7277587937622858,1.1120335,0.5050000,0.0362012
14,0.7552261725156931,2.481984966277979,-1.726758793762286,1.1120305,0.5050149,0.0362012
15,0.7552261725156931,2.48098496627798,-1.725758793762287,1.1120275,0.5050297,0.0362045
16,0.7552261725156931,2.47998496627798,-1.7247587937622866,1.1120245,0.5050447,0.0362046
17,0.7552261725156931,2.4789849662779795,-1.7237587937622862,1.1120215,0.5050597,0.0362046
18,0.7552261725156931,2.47798496627798,-1.7227587937622868,1.1120185,0.5050748,0.0362047
19,0.7552261725156931,2.47698496627798,-1.721758793762287,1.1120155,0.5050899,0.0362047
20,0.7552261725156931,2.47598496627798,-1.7207587937622866,1.1120125,0.5051050,0.0362048
21,0.7552261725156931,2.47498496627798,-1.7197587937622867,1.1120095,0.5051202,0.0362048
22,0.7552261725156931,2.47398496627798,-1.7187587937622868,1.1120064,0.5051354,0.0362049
23,0.7552261725156931,2.47298496627798,-1.717758793762287,1.1120034,0.5051506,0.0362050
24,0.7552261725156931,2.4719849662779803,-1.716758793762287,1.1120003,0.5051659,0.0362050
25,0.7552261725156931,2.4709849662779804,-1.7157587937622871,1.1119973,0.5051812,0.0362051
26,0.7552261725156931,2.4699849662779805,-1.7147587937622872,1.1119942,0.5051966,0.0362051
27,0.7552261725156931,2.4689849662779806,-1.7137587937622873,1.1119911,0.5052120,0.0362052
28,0.7552436249221304,2.467985118582824,-1.7127414936606937,1.1119707,0.5052274,0.0362066
29,0.7552436249221304,2.466985118582824,-1.7117414936606938,1.1119676,0.5052428,0.0362067
30,0.7552436249221304,2.4659851185828243,-1.710741493660694,1.1119645,0.5052583,0.0362067
31,0.7552436249221304,2.4649851185828244,-1.709741493660694,1.1119614,0.5052739,0.0362068
32,0.7552436249221304,2.4639851185828245,-1.7087414936606942,1.1119583,0.5052895,0.0362068
33,0.7552436249221304,2.4629851185828247,-1.7077414936606943,1.1119552,0.5053051,0.0362069
34,0.7552436249221304,2.4619851185828248,-1.7067414936606944,1.1119520,0.5053208,0.0362069
35,0.7552436249221304,2.460985118582825,-1.7057414936606945,1.1119489,0.5053364,0.0362070
36,0.7552436249221304,2.459985118582825,-1.7047414936606946,1.1119457,0.5053522,0.0362070
37,0.7552436249221304,2.458985118582825,-1.7037414936606947,1.1119425,0.5053680,0.0362071
38,0.7552436249221304,2.457985118582825,-1.7027414936606948,1.1119393,0.5053838,0.0362072
39,0.7552436249221304,2.4569851185828253,-1.701741493660695,1.1119361,0.5053996,0.0362072
40,0.7552436249221304,2.4559851185828254,-1.700741493660695,1.1119329,0.5054155,0.0362073
41,0.7552436249221304,2.454985118582825,-1.6997414936606947,1.1119297,0.5054314,0.0362073
42,0.7552436249221304,2.4539851185828256,-1.6987414936606953,1.1119265,0.5054474,0.0362074
43,0.7552436249221304,2.4529851185828258,-1.6977414936606954,1.1119232,0.5054634,0.0362074
44,0.7552436249221304,2.451985118582826,-1.6967414936606955,1.1119200,0.5054795,0.0362075
45,0.7552436249221304,2.450985118582826,-1.6957414936606956,1.1119167,0.5054955,0.0362076
46,0.7552436249221304,2.449985118582826,-1.6947414936606957,1.1119135,0.5055117,0.0362076
47,0.7552436249221304,2.448985118582826,-1.6937414936606958,1.1119102,0.5055278,0.0362077
48,0.7552436249221304,2.4479851185828263,-1.692741493660696,1.1119069,0.5055440,0.0362077
49,0.7552436249221304,2.4469851185828264,-1.691741493660696,1.1119036,0.5055603,0.0362078
50,0.7552436249221304,2.4459851185828265,-1.6907414936606961,1.1119003,0.5055766,0.0362078
51,0.7552436249221304,2.444985118582826,-1.6897414936606958,1.1118970,0.5055929,0.0362079
52,0.7552436249221304,2.4439851185828267,-1.6887414936606964,1.1118937,0.5056092,0.0362079
53,0.7552436249221304,2.442985118582827,-1.6877414936606965,1.1118903,0.5056256,0.0362080
54,0.7552436249221304,2.441985118582827,-1.6867414936606966,1.1118870,0.5056421,0.0362081
55,0.7552436249221304,2.440985118582827,-1.6857414936606967,1.1118836,0.5056586,0.0362081
56,0.7552436249221304,2.439985118582827,-1.6847414936606968,1.1118803,0.5056751,0.0362082
57,0.7552436249221304,2.438985118582828,-1.6837414936606978,1.1118769,0.5056917,0.0362082
58,0.7552436249221304,2.4379851185828274,-1.682741493660697,1.1118735,0.5057083,0.0362083
59,0.7552610773285676,2.436985270887671,-1.6817241935591034,1.1118528,0.5057249,0.0362097
60,0.7552610773285676,2.435985270887671,-1.6807241935591035,1.1118494,0.5057416,0.0362098
61,0.7552610773285676,2.434985270887671,-1.6797241935591036,1.1118460,0.5057583,0.0362098
62,0.7552610773285676,2.4339852708876712,-1.6787241935591037,1.1118426,0.5057750,0.0362099
63,0.7552610773285676,2.432985270887672,-1.6777241935591043,1.1118391,0.5057918,0.0362099
64,0.7552610773285676,2.4319852708876715,-1.676724193559104,1.1118357,0.5058087,0.0362100
65,0.7552610773285676,2.430985270887672,-1.6757241935591045,1.1118322,0.5058256,0.0362100
66,0.7552610773285676,2.429985270887672,-1.6747241935591046,1.1118288,0.5058425,0.0362101
67,0.7552610773285676,2.428985270887672,-1.6737241935591043,1.1118253,0.5058595,0.0362101
68,0.7552610773285676,2.427985270887672,-1.6727241935591044,1.1118218,0.5058765,0.0362102
69,0.7552610773285676,2.426985270887672,-1.6717241935591045,1.1118183,0.5058935,0.0362103
70,0.7552610773285676,2.425985270887672,-1.6707241935591046,1.1118148,0.5059106,0.0362103
71,0.7552610773285676,2.424985270887672,-1.6697241935591043,1.1118112,0.5059278,0.0362104
72,0.7552610773285676,2.4239852708876723,-1.6687241935591048,1.1118077,0.5059449,0.0362104
73,0.7552610773285676,2.4229852708876725,-1.667724193559105,1.1118041,0.5059621,0.0362105
74,0.7552610773285676,2.421985270887673,-1.6667241935591055,1.1118006,0.5059794,0.0362105
75,0.7552610773285676,2.4209852708876727,-1.6657241935591052,1.1117970,0.5059967,0.0362106
76,0.7552610773285676,2.419985270887673,-1.6647241935591053,1.1117934,0.5060140,0.0362107
77,0.7552610773285676,2.418985270887673,-1.6637241935591054,1.1117899,0.5060314,0.0362107
78,0.7552610773285676,2.417985270887673,-1.6627241935591055,1.1117863,0.5060489,0.0362108
79,0.7552610773285676,2.416985270887673,-1.6617241935591056,1.1117826,0.5060663,0.0362108
80,0.7552610773285676,2.415985270887673,-1.6607241935591053,1.1117790,0.5060838,0.0362109
81,0.7552610773285676,2.4149852708876733,-1.6597241935591058,1.1117754,0.5061014,0.0362109
82,0.7552610773285676,2.413985270887673,-1.6587241935591055,1.1117717,0.5061190,0.0362110
83,0.7552610773285676,2.4129852708876736,-1.657724193559106,1.1117681,0.5061366,0.0362110
84,0.7552785297350049,2.411985423192517,-1.6567068934575122,1.1117471,0.5061543,0.0362125
85,0.7552785297350049,2.410985423192517,-1.6557068934575123,1.1117434,0.5061720,0.0362125
86,0.7552785297350049,2.4099854231925173,-1.6547068934575124,1.1117397,0.5061898,0.0362126
87,0.7552785297350049,2.4089854231925174,-1.6537068934575125,1.1117360,0.5062076,0.0362126
88,0.7552785297350049,2.407985423192517,-1.6527068934575122,1.1117323,0.5062254,0.0362127
89,0.7552785297350049,2.4069854231925176,-1.6517068934575128,1.1117286,0.5062433,0.0362127
90,0.7552785297350049,2.4059854231925177,-1.6507068934575129,1.1117249,0.5062613,0.0362128
91,0.7552785297350049,2.404985423192518,-1.649706893457513,1.1117211,0.5062792,0.0362128
92,0.7552785297350049,2.403985423192518,-1.648706893457513,1.1117173,0.5062973,0.0362129
93,0.7552785297350049,2.402985423192518,-1.6477068934575132,1.1117136,0.5063153,0.0362130
94,0.7552785297350049,2.401985423192518,-1.6467068934575133,1.1117098,0.5063334,0.0362130
95,0.7552785297350049,2.4009854231925183,-1.6457068934575134,1.1117060,0.5063516,0.0362131
96,0.7552785297350049,2.3999854231925184,-1.6447068934575135,1.1117022,0.5063698,0.0362131
97,0.7552785297350049,2.3989854231925185,-1.6437068934575136,1.1116984,0.5063880,0.0362132
98,0.7552785297350049,2.3979854231925186,-1.6427068934575138,1.1116945,0.5064063,0.0362132
99,0.7552785297350049,2.3969854231925187,-1.6417068934575139,1.1116907,0.5064247,0.0362133
100,0.7552785297350049,2.395985423192519,-1.640706893457514,1.1116868,0.5064430,0.0362134
101,0.7552785297350049,2.394985423192519,-1.639706893457514,1.1116830,0.5064614,0.0362134
102,0.7552785297350049,2.393985423192519,-1.6387068934575142,1.1116791,0.5064799,0.0362135
103,0.7552785297350049,2.392985423192519,-1.6377068934575143,1.1116752,0.5064984,0.0362135
104,0.7552785297350049,2.39198542319252,-1.6367068934575153,1.1116713,0.5065170,0.0362136
105,0.7552785297350049,2.3909854231925194,-1.6357068934575145,1.1116674,0.5065356,0.0362136
106,0.7552785297350049,2.3899854231925195,-1.6347068934575146,1.1116635,0.5065542,0.0362137
107,0.7552959821414421,2.388985575497363,-1.6336895933559208,1.1116422,0.5065729,0.0362151
108,0.7552959821414421,2.387985575497363,-1.632689593355921,1.1116383,0.5065916,0.0362152
109,0.7552959821414421,2.3869855754973632,-1.631689593355921,1.1116343,0.5066104,0.0362152
110,0.7552959821414421,2.385985575497364,-1.6306895933559216,1.1116304,0.5066292,0.0362153
111,0.7552959821414421,2.3849855754973635,-1.6296895933559212,1.1116264,0.5066481,0.0362153
112,0.7552959821414421,2.383985575497364,-1.6286895933559218,1.1116224,0.5066670,0.0362154
113,0.7552959821414421,2.382985575497364,-1.627689593355922,1.1116184,0.5066859,0.0362154
114,0.7552959821414421,2.381985575497364,-1.6266895933559216,1.1116143,0.5067049,0.0362155
115,0.7552959821414421,2.380985575497364,-1.6256895933559217,1.1116103,0.5067240,0.0362156
116,0.7552959821414421,2.379985575497364,-1.6246895933559218,1.1116062,0.5067431,0.0362156
117,0.7552959821414421,2.378985575497364,-1.623689593355922,1.1116022,0.5067622,0.0362157
118,0.7552959821414421,2.377985575497364,-1.6226895933559216,1.1115981,0.5067814,0.0362157
119,0.7552959821414421,2.3769855754973643,-1.621689593355922,1.1115940,0.5068006,0.0362158
120,0.7552959821414421,2.3759855754973644,-1.6206895933559222,1.1115899,0.5068199,0.0362158
121,0.7552959821414421,2.374985575497365,-1.6196895933559228,1.1115858,0.5068392,0.0362159
122,0.7552959821414421,2.3739855754973647,-1.6186895933559224,1.1115817,0.5068586,0.0362159
123,0.7552959821414421,2.3729855754973648,-1.6176895933559226,1.1115776,0.5068780,0.0362160
124,0.7552959821414421,2.371985575497365,-1.6166895933559227,1.1115734,0.5068975,0.0362161
125,0.7552959821414421,2.370985575497365,-1.6156895933559228,1.1115692,0.5069170,0.0362161
126,0.7552959821414421,2.369985575497365,-1.6146895933559229,1.1115651,0.5069365,0.0362162
127,0.7553134345478794,2.3689857278022086,-1.6136722932543293,1.1115436,0.5069561,0.0362176
128,0.7553134345478794,2.3679857278022087,-1.6126722932543294,1.1115394,0.5069758,0.0362176
129,0.7553134345478794,2.366985727802209,-1.6116722932543295,1.1115352,0.5069955,0.0362177
130,0.7553134345478794,2.365985727802209,-1.6106722932543296,1.1115309,0.5070152,0.0362178
131,0.7553134345478794,2.364985727802209,-1.6096722932543297,1.1115267,0.5070350,0.0362178
132,0.7553134345478794,2.363985727802209,-1.6086722932543298,1.1115224,0.5070548,0.0362179
133,0.7553134345478794,2.3629857278022093,-1.60767229325433,1.1115182,0.5070747,0.0362179
134,0.7553134345478794,2.3619857278022094,-1.60667229325433,1.1115139,0.5070946,0.0362180
135,0.7553134345478794,2.360985727802209,-1.6056722932543297,1.1115096,0.5071146,0.0362180
136,0.7553134345478794,2.3599857278022096,-1.6046722932543303,1.1115053,0.5071346,0.0362181
137,0.7553134345478794,2.3589857278022097,-1.6036722932543304,1.1115010,0.5071547,0.0362181
138,0.7553134345478794,2.35798572780221,-1.6026722932543305,1.1114966,0.5071748,0.0362182
139,0.7553134345478794,2.35698572780221,-1.6016722932543306,1.1114923,0.5071950,0.0362183
140,0.7553134345478794,2.35598572780221,-1.6006722932543307,1.1114879,0.5072152,0.0362183
141,0.7553134345478794,2.35498572780221,-1.5996722932543308,1.1114836,0.5072355,0.0362184
142,0.7553134345478794,2.3539857278022103,-1.598672293254331,1.1114792,0.5072558,0.0362184
143,0.7553134345478794,2.3529857278022104,-1.597672293254331,1.1114748,0.5072762,0.0362185
144,0.7553134345478794,2.3519857278022105,-1.5966722932543311,1.1114704,0.5072966,0.0362185
145,0.7553134345478794,2.3509857278022106,-1.5956722932543312,1.1114659,0.5073171,0.0362186
146,0.7553308869543166,2.349985880107054,-1.5946549931527376,1.1114461,0.5073375,0.0362160
147,0.7553308869543166,2.3489858801070542,-1.5936549931527377,1.1114416,0.5073580,0.0362161
148,0.7553308869543166,2.3479858801070543,-1.5926549931527378,1.1114372,0.5073786,0.0362161
149,0.7553308869543166,2.3469858801070544,-1.591654993152738,1.1114327,0.5073993,0.0362162
150,0.7553308869543166,2.3459858801070546,-1.590654993152738,1.1114282,0.5074200,0.0362162
151,0.7553308869543166,2.3449858801070547,-1.5896549931527382,1.1114237,0.5074407,0.0362162
152,0.7553308869543166,2.3439858801070548,-1.5886549931527383,1.1114192,0.5074615,0.0362163
153,0.7553308869543166,2.342985880107055,-1.5876549931527384,1.1114146,0.5074824,0.0362163
154,0.7553308869543166,2.341985880107055,-1.5866549931527385,1.1114101,0.5075033,0.0362164
155,0.7553308869543166,2.340985880107055,-1.5856549931527386,1.1114055,0.5075243,0.0362164
156,0.7553308869543166,2.339985880107055,-1.5846549931527387,1.1114009,0.5075453,0.0362165
157,0.7553308869543166,2.338985880107056,-1.5836549931527397,1.1113964,0.5075663,0.0362165
158,0.7553308869543166,2.3379858801070554,-1.582654993152739,1.1113917,0.5075874,0.0362166
159,0.7553308869543166,2.3369858801070555,-1.581654993152739,1.1113871,0.5076086,0.0362166
160,0.7553308869543166,2.335985880107056,-1.5806549931527396,1.1113825,0.5076298,0.0362166
161,0.7553308869543166,2.334985880107056,-1.5796549931527397,1.1113778,0.5076510,0.0362167
162,0.7553483393607539,2.3339860324119,-1.5786376930511463,1.1113559,0.5076723,0.0362181
163,0.7553483393607539,2.3329860324118994,-1.5776376930511455,1.1113512,0.5076936,0.0362181
164,0.7553483393607539,2.3319860324118995,-1.5766376930511457,1.1113465,0.5077150,0.0362182
165,0.7553483393607539,2.3309860324119,-1.5756376930511462,1.1113418,0.5077365,0.0362182
166,0.7553483393607539,2.3299860324119,-1.5746376930511463,1.1113371,0.5077580,0.0362183
167,0.7553483393607539,2.3289860324119,-1.573637693051146,1.1113324,0.5077796,0.0362183
168,0.7553483393607539,2.3279860324119,-1.572637693051146,1.1113276,0.5078012,0.0362184
169,0.7553483393607539,2.3269860324119,-1.5716376930511462,1.1113228,0.5078228,0.0362184
170,0.7553483393607539,2.3259860324119,-1.5706376930511463,1.1113181,0.5078445,0.0362184
171,0.7553483393607539,2.3249860324119003,-1.5696376930511464,1.1113133,0.5078663,0.0362185
172,0.7553483393607539,2.3239860324119004,-1.5686376930511465,1.1113085,0.5078881,0.0362185
173,0.7553483393607539,2.3229860324119005,-1.5676376930511466,1.1113036,0.5079100,0.0362186
174,0.7553483393607539,2.3219860324119006,-1.5666376930511468,1.1112988,0.5079319,0.0362186
175,0.7553483393607539,2.3209860324119007,-1.5656376930511469,1.1112939,0.5079539,0.0362187
176,0.7553483393607539,2.319986032411901,-1.564637693051147,1.1112891,0.5079759,0.0362187
177,0.7553483393607539,2.318986032411901,-1.563637693051147,1.1112842,0.5079979,0.0362188
178,0.7553657917671911,2.3179861847167444,-1.5626203929495532,1.1112620,0.5080200,0.0362202
179,0.7553657917671911,2.316986184716745,-1.5616203929495538,1.1112571,0.5080422,0.0362202
180,0.7553657917671911,2.3159861847167447,-1.5606203929495535,1.1112521,0.5080644,0.0362203
181,0.7553657917671911,2.3149861847167448,-1.5596203929495536,1.1112472,0.5080867,0.0362203
182,0.7553657917671911,2.313986184716745,-1.5586203929495537,1.1112422,0.5081090,0.0362203
183,0.7553657917671911,2.312986184716745,-1.5576203929495538,1.1112372,0.5081314,0.0362204
184,0.7553657917671911,2.311986184716745,-1.556620392949554,1.1112322,0.5081539,0.0362204
185,0.7553657917671911,2.310986184716745,-1.555620392949554,1.1112272,0.5081764,0.0362205
186,0.7553657917671911,2.3099861847167453,-1.5546203929495541,1.1112222,0.5081989,0.0362205
187,0.7553657917671911,2.308986184716745,-1.5536203929495538,1.1112172,0.5082215,0.0362206
188,0.7553657917671911,2.307986184716745,-1.552620392949554,1.1112121,0.5082442,0.0362206
189,0.7553657917671911,2.3069861847167457,-1.5516203929495545,1.1112070,0.5082669,0.0362206
190,0.7553657917671911,2.3059861847167458,-1.5506203929495546,1.1112019,0.5082896,0.0362207
191,0.7553657917671911,2.304986184716746,-1.5496203929495547,1.1111968,0.5083124,0.0362207
192,0.7553832441736283,2.3039863370215894,-1.548603092847961,1.1111744,0.5083352,0.0362221
193,0.7553832441736283,2.302986337021589,-1.5476030928479607,1.1111693,0.5083582,0.0362222
194,0.7553832441736283,2.3019863370215896,-1.5466030928479613,1.1111641,0.5083811,0.0362222
195,0.7553832441736283,2.3009863370215897,-1.5456030928479614,1.1111590,0.5084042,0.0362223
196,0.7553832441736283,2.29998633702159,-1.5446030928479615,1.1111538,0.5084272,0.0362223
197,0.7553832441736283,2.29898633702159,-1.5436030928479616,1.1111486,0.5084504,0.0362224
198,0.7553832441736283,2.29798633702159,-1.5426030928479617,1.1111434,0.5084736,0.0362224
199,0.7553832441736283,2.29698633702159,-1.5416030928479618,1.1111381,0.5084968,0.0362224
200,0.7553832441736283,2.2959863370215903,-1.540603092847962,1.1111463,0.5085167,0.0362236
201,0.7553832441736283,2.2949863370215904,-1.539603092847962,1.1111406,0.5085401,0.0362237
202,0.7553832441736283,2.2939863370215905,-1.5386030928479622,1.1111350,0.5085635,0.0362237
203,0.7553832441736283,2.2929863370215906,-1.5376030928479623,1.1111293,0.5085869,0.0362238
204,0.7553832441736283,2.2919863370215907,-1.5366030928479624,1.1111236,0.5086104,0.0362238
205,0.7553832441736283,2.290986337021591,-1.5356030928479625,1.1111180,0.5086340,0.0362239
206,0.7554006965800656,2.2899864893264343,-1.5345857927463689,1.1110945,0.5086573,0.0362249
207,0.7554006965800656,2.2889864893264344,-1.533585792746369,1.1110888,0.5086810,0.0362249
208,0.7554006965800656,2.2879864893264346,-1.532585792746369,1.1110831,0.5087048,0.0362250
209,0.7554006965800656,2.2869864893264347,-1.5315857927463692,1.1110774,0.5087285,0.0362250
210,0.7554006965800656,2.285986489326435,-1.5305857927463693,1.1110717,0.5087524,0.0362251
211,0.7554006965800656,2.284986489326435,-1.5295857927463694,1.1110659,0.5087763,0.0362251
212,0.7554006965800656,2.283986489326435,-1.5285857927463695,1.1110602,0.5088003,0.0362252
213,0.7554006965800656,2.282986489326435,-1.5275857927463696,1.1110544,0.5088243,0.0362253
214,0.7554006965800656,2.281986489326435,-1.5265857927463697,1.1110487,0.5088483,0.0362253
215,0.7554006965800656,2.280986489326436,-1.5255857927463707,1.1110429,0.5088725,0.0362254
216,0.7554006965800656,2.2799864893264354,-1.52458579274637,1.1110372,0.5088966,0.0362254
217,0.7554006965800656,2.2789864893264355,-1.52358579274637,1.1110314,0.5089209,0.0362255
218,0.7554181489865028,2.277986641631279,-1.5225684926447762,1.1110083,0.5089451,0.0362269
219,0.7554181489865028,2.276986641631279,-1.5215684926447763,1.1110025,0.5089695,0.0362269
220,0.7554181489865028,2.27598664163128,-1.5205684926447773,1.1109967,0.5089939,0.0362270
221,0.7554181489865028,2.2749866416312794,-1.5195684926447766,1.1109909,0.5090184,0.0362270
222,0.7554181489865028,2.2739866416312795,-1.5185684926447767,1.1109850,0.5090429,0.0362271
223,0.7554181489865028,2.27298664163128,-1.5175684926447772,1.1109792,0.5090675,0.0362271
224,0.7554181489865028,2.27198664163128,-1.5165684926447773,1.1109686,0.5090990,0.0362262
225,0.7554181489865028,2.27098664163128,-1.515568492644777,1.1109596,0.5091238,0.0362271
226,0.7554181489865028,2.26998664163128,-1.514568492644777,1.1109668,0.5091394,0.0362274
227,0.7554181489865028,2.26898664163128,-1.5135684926447772,1.1109605,0.5091642,0.0362273
228,0.7554181489865028,2.26798664163128,-1.5125684926447773,1.1109541,0.5091891,0.0362273
229,0.7554181489865028,2.2669866416312803,-1.5115684926447774,1.1109477,0.5092141,0.0362272
230,0.7554356013929401,2.265986793936124,-1.5105511925431836,1.1109239,0.5092390,0.0362285
231,0.7554356013929401,2.264986793936124,-1.5095511925431837,1.1109176,0.5092642,0.0362285
232,0.7554356013929401,2.263986793936124,-1.5085511925431838,1.1109112,0.5092893,0.0362285
233,0.7554356013929401,2.262986793936124,-1.507551192543184,1.1109049,0.5093145,0.0362284
234,0.7554356013929401,2.261986793936124,-1.5065511925431836,1.1108986,0.5093397,0.0362284
235,0.7554356013929401,2.2609867939361243,-1.5055511925431841,1.1108924,0.5093650,0.0362284
236,0.7554356013929401,2.2599867939361244,-1.5045511925431843,1.1108842,0.5093910,0.0362327
237,0.7554356013929401,2.258986793936125,-1.5035511925431848,1.1108781,0.5094165,0.0362328
238,0.7554356013929401,2.2579867939361247,-1.5025511925431845,1.1108719,0.5094419,0.0362328
239,0.7554356013929401,2.256986793936125,-1.5015511925431846,1.1108657,0.5094675,0.0362329
240,0.7554356013929401,2.255986793936125,-1.5005511925431847,1.1108610,0.5094929,0.0362328
241,0.7554530537993773,2.2549869462409684,-1.499533892441591,1.1108377,0.5095185,0.0362342
242,0.7554530537993773,2.2539869462409685,-1.4985338924415912,1.1108316,0.5095442,0.0362343
243,0.7554530537993773,2.2529869462409686,-1.4975338924415913,1.1108254,0.5095699,0.0362343
244,0.7554530537993773,2.2519869462409687,-1.4965338924415914,1.1108192,0.5095957,0.0362344
245,0.7554530537993773,2.250986946240969,-1.4955338924415915,1.1108130,0.5096215,0.0362345
246,0.7554530537993773,2.249986946240969,-1.4945338924415916,1.1108087,0.5096474,0.0362305
247,0.7554530537993773,2.248986946240969,-1.4935338924415917,1.1108025,0.5096734,0.0362305
248,0.7554530537993773,2.247986946240969,-1.4925338924415918,1.1107961,0.5096994,0.0362306
249,0.7554530537993773,2.2469869462409693,-1.491533892441592,1.1107898,0.5097255,0.0362306
250,0.7554530537993773,2.2459869462409694,-1.490533892441592,1.1107835,0.5097516,0.0362307
251,0.7554530537993773,2.244986946240969,-1.4895338924415917,1.1107772,0.5097771,0.0362303
252,0.7554705062058146,2.243987098545813,-1.4885165923399986,1.1107535,0.5098034,0.0362318
253,0.7554705062058146,2.242987098545813,-1.4875165923399987,1.1107470,0.5098297,0.0362318
254,0.7554705062058146,2.241987098545813,-1.4865165923399983,1.1107405,0.5098561,0.0362318
255,0.7554705062058146,2.2409870985458133,-1.4855165923399989,1.1107339,0.5098826,0.0362319
256,0.7554705062058146,2.239987098545813,-1.4845165923399986,1.1107273,0.5099091,0.0362319
257,0.7554705062058146,2.2389870985458136,-1.483516592339999,1.1107207,0.5099357,0.0362320
258,0.7554705062058146,2.2379870985458137,-1.4825165923399992,1.1107141,0.5099624,0.0362320
259,0.7554705062058146,2.236987098545814,-1.4815165923399993,1.1107074,0.5099891,0.0362321
260,0.7554705062058146,2.235987098545814,-1.4805165923399994,1.1107007,0.5100158,0.0362321
261,0.7554705062058146,2.234987098545814,-1.4795165923399995,1.1106940,0.5100427,0.0362322
262,0.7554879586122518,2.233987250850657,-1.4784992922384053,1.1106701,0.5100695,0.0362336
263,0.7554879586122518,2.2329872508506576,-1.4774992922384058,1.1106634,0.5100965,0.0362336
264,0.7554879586122518,2.2319872508506577,-1.476499292238406,1.1106567,0.5101235,0.0362336
265,0.7554879586122518,2.230987250850658,-1.475499292238406,1.1106500,0.5101507,0.0362337
266,0.7554879586122518,2.229987250850658,-1.4744992922384061,1.1106432,0.5101778,0.0362337
267,0.7554879586122518,2.228987250850658,-1.4734992922384063,1.1106365,0.5102051,0.0362337
268,0.7554879586122518,2.227987250850658,-1.4724992922384064,1.1106298,0.5102323,0.0362337
269,0.7554879586122518,2.2269872508506583,-1.4714992922384065,1.1106231,0.5102597,0.0362337
270,0.7554879586122518,2.2259872508506584,-1.4704992922384066,1.1106163,0.5102871,0.0362338
271,0.7554879586122518,2.2249872508506585,-1.4694992922384067,1.1106096,0.5103146,0.0362338
272,0.7555054110186891,2.223987403155502,-1.4684819921368129,1.1105855,0.5103421,0.0362352
273,0.7555054110186891,2.222987403155502,-1.467481992136813,1.1105788,0.5103698,0.0362352
274,0.7555054110186891,2.2219874031555022,-1.466481992136813,1.1105720,0.5103975,0.0362352
275,0.7555054110186891,2.2209874031555024,-1.4654819921368132,1.1105650,0.5104258,0.0362355
276,0.7555054110186891,2.2199874031555025,-1.4644819921368133,1.1105583,0.5104537,0.0362355
277,0.7555054110186891,2.2189874031555026,-1.4634819921368134,1.1105515,0.5104816,0.0362355
278,0.7555054110186891,2.2179874031555027,-1.4624819921368135,1.1105446,0.5105095,0.0362356
279,0.7555054110186891,2.216987403155503,-1.4614819921368136,1.1105378,0.5105375,0.0362356
280,0.7555054110186891,2.215987403155503,-1.4604819921368137,1.1105310,0.5105656,0.0362356
281,0.7555228634251263,2.2149875554603464,-1.4594646920352201,1.1105068,0.5105937,0.0362370
282,0.7555228634251263,2.2139875554603465,-1.4584646920352202,1.1105000,0.5106219,0.0362371
283,0.7555228634251263,2.212987555460346,-1.4574646920352199,1.1104931,0.5106502,0.0362371
284,0.7555228634251263,2.2119875554603468,-1.4564646920352204,1.1104862,0.5106786,0.0362371
285,0.7555228634251263,2.210987555460347,-1.4554646920352206,1.1104793,0.5107070,0.0362372
286,0.7555228634251263,2.209987555460347,-1.4544646920352207,1.1104724,0.5107355,0.0362372
287,0.7555228634251263,2.208987555460347,-1.4534646920352208,1.1104654,0.5107640,0.0362372
288,0.7555228634251263,2.207987555460347,-1.4524646920352209,1.1104583,0.5107926,0.0362372
289,0.7555228634251263,2.206987555460348,-1.4514646920352219,1.1104513,0.5108213,0.0362373
290,0.7555403158315636,2.205987707765191,-1.4504473919336274,1.1104270,0.5108500,0.0362387
291,0.7555403158315636,2.204987707765191,-1.4494473919336275,1.1104199,0.5108788,0.0362387
292,0.7555403158315636,2.203987707765191,-1.4484473919336276,1.1104128,0.5109076,0.0362388
293,0.7555403158315636,2.202987707765191,-1.4474473919336277,1.1104057,0.5109366,0.0362388
294,0.7555403158315636,2.201987707765192,-1.4464473919336287,1.1103986,0.5109657,0.0362388
295,0.7555403158315636,2.200987707765192,-1.4454473919336284,1.1103915,0.5109948,0.0362389
296,0.7555403158315636,2.1999877077651915,-1.444447391933628,1.1103844,0.5110239,0.0362389
297,0.7555403158315636,2.198987707765192,-1.4434473919336286,1.1103773,0.5110531,0.0362390
298,0.7555577682380008,2.197987860070035,-1.4424300918320343,1.1103528,0.5110824,0.0362404
299,0.7555577682380008,2.196987860070035,-1.4414300918320344,1.1103457,0.5111117,0.0362404
300,0.7555577682380008,2.195987860070036,-1.4404300918320354,1.1103386,0.5111411,0.0362405
301,0.7555577682380008,2.1949878600700354,-1.4394300918320346,1.1103320,0.5111707,0.0362406
302,0.7555577682380008,2.1939878600700355,-1.4384300918320347,1.1103249,0.5112003,0.0362406
303,0.7555577682380008,2.192987860070036,-1.4374300918320353,1.1103179,0.5112299,0.0362407
304,0.7555577682380008,2.191987860070036,-1.4364300918320354,1.1103108,0.5112597,0.0362407
305,0.7555577682380008,2.190987860070036,-1.435430091832035,1.1103037,0.5112894,0.0362408
306,0.755575220644438,2.1899880123748794,-1.4344127917304412,1.1102792,0.5113192,0.0362422
307,0.755575220644438,2.1889880123748795,-1.4334127917304413,1.1102721,0.5113491,0.0362422
308,0.755575220644438,2.18798801237488,-1.432412791730442,1.1102650,0.5113791,0.0362422
309,0.755575220644438,2.18698801237488,-1.431412791730442,1.1102579,0.5114092,0.0362423
310,0.755575220644438,2.18598801237488,-1.4304127917304417,1.1102508,0.5114393,0.0362423
311,0.755575220644438,2.18498801237488,-1.4294127917304418,1.1102436,0.5114695,0.0362423
312,0.755575220644438,2.18398801237488,-1.4284127917304419,1.1102365,0.5114998,0.0362423
313,0.755575220644438,2.18298801237488,-1.427412791730442,1.1102293,0.5115301,0.0362423
314,0.7555926730508753,2.181988164679724,-1.4263954916288488,1.1102048,0.5115604,0.0362437
315,0.7555926730508753,2.180988164679724,-1.4253954916288485,1.1101977,0.5115909,0.0362437
316,0.7555926730508753,2.179988164679724,-1.4243954916288486,1.1101905,0.5116214,0.0362437
317,0.7555926730508753,2.178988164679724,-1.4233954916288487,1.1101833,0.5116520,0.0362437
318,0.7555926730508753,2.177988164679724,-1.4223954916288488,1.1101761,0.5116827,0.0362437
319,0.7555926730508753,2.176988164679724,-1.4213954916288485,1.1101688,0.5117135,0.0362436
320,0.7555926730508753,2.1759881646797243,-1.420395491628849,1.1101616,0.5117443,0.0362436
321,0.7555926730508753,2.1749881646797244,-1.4193954916288491,1.1101543,0.5117752,0.0362436
322,0.7556101254573125,2.173988316984568,-1.4183781915272555,1.1101297,0.5118060,0.0362449
323,0.7556101254573125,2.172988316984568,-1.4173781915272556,1.1101223,0.5118371,0.0362449
324,0.7556101254573125,2.171988316984568,-1.4163781915272557,1.1101113,0.5118560,0.0362474
325,0.7556101254573125,2.1709883169845683,-1.4153781915272559,1.1101031,0.5118872,0.0362474
326,0.7556101254573125,2.1699883169845684,-1.414378191527256,1.1100949,0.5119184,0.0362475
327,0.7556101254573125,2.1689883169845685,-1.413378191527256,1.1100867,0.5119498,0.0362475
328,0.7556101254573125,2.1679883169845686,-1.4123781915272562,1.1100784,0.5119812,0.0362476
329,0.7556275778637498,2.166988469289412,-1.4113608914256623,1.1100529,0.5120125,0.0362490
330,0.7556275778637498,2.165988469289412,-1.410360891425662,1.1100447,0.5120441,0.0362490
331,0.7556275778637498,2.1649884692894124,-1.4093608914256626,1.1100365,0.5120757,0.0362490
332,0.7556275778637498,2.1639884692894125,-1.4083608914256627,1.1100282,0.5121073,0.0362491
333,0.7556275778637498,2.162988469289413,-1.4073608914256632,1.1100199,0.5121391,0.0362491
334,0.7556275778637498,2.1619884692894127,-1.406360891425663,1.1100117,0.5121709,0.0362492
335,0.7556275778637498,2.160988469289413,-1.405360891425663,1.1100034,0.5122027,0.0362492
336,0.755645030270187,2.1599886215942563,-1.4043435913240692,1.1099778,0.5122346,0.0362506
337,0.755645030270187,2.1589886215942564,-1.4033435913240693,1.1099695,0.5122666,0.0362507
338,0.755645030270187,2.1579886215942565,-1.4023435913240694,1.1099612,0.5122987,0.0362507
339,0.755645030270187,2.1569886215942566,-1.4013435913240695,1.1099529,0.5123308,0.0362508
340,0.755645030270187,2.1559886215942567,-1.4003435913240696,1.1099446,0.5123631,0.0362508
341,0.755645030270187,2.154988621594257,-1.3993435913240697,1.1099363,0.5123953,0.0362509
342,0.755645030270187,2.153988621594257,-1.3983435913240698,1.1099279,0.5124277,0.0362509
343,0.7556624826766243,2.1529887738991005,-1.3973262912224762,1.1099023,0.5124600,0.0362524
344,0.7556624826766243,2.1519887738991006,-1.3963262912224763,1.1098939,0.5124925,0.0362524
345,0.7556624826766243,2.1509887738991007,-1.3953262912224764,1.1098856,0.5125251,0.0362525
346,0.7556624826766243,2.149988773899101,-1.3943262912224765,1.1098772,0.5125577,0.0362525
347,0.7556624826766243,2.148988773899101,-1.3933262912224766,1.1098688,0.5125905,0.0362526
348,0.7556624826766243,2.147988773899101,-1.3923262912224768,1.1098604,0.5126232,0.0362527
349,0.7556799350830615,2.1469889262039445,-1.3913089911208831,1.1098337,0.5126640,0.0362520
350,0.7556799350830615,2.1459889262039447,-1.3903089911208832,1.1098252,0.5126971,0.0362520
351,0.7556799350830615,2.1449889262039448,-1.3893089911208834,1.1098166,0.5127302,0.0362520
352,0.7556799350830615,2.143988926203945,-1.3883089911208835,1.1098081,0.5127634,0.0362520
353,0.7556799350830615,2.142988926203945,-1.3873089911208836,1.1097996,0.5127967,0.0362519
354,0.7556799350830615,2.141988926203945,-1.3863089911208837,1.1097910,0.5128301,0.0362519
355,0.7556799350830615,2.140988926203945,-1.3853089911208838,1.1097824,0.5128635,0.0362519
356,0.7556973874894988,2.1399890785087887,-1.38429169101929,1.1097564,0.5128969,0.0362532
357,0.7556973874894988,2.138989078508789,-1.38329169101929,1.1097472,0.5129312,0.0362536
358,0.7556973874894988,2.137989078508789,-1.3822916910192902,1.1097385,0.5129649,0.0362536
359,0.7556973874894988,2.136989078508789,-1.3812916910192903,1.1097298,0.5129986,0.0362536
360,0.7556973874894988,2.135989078508789,-1.3802916910192904,1.1097210,0.5130323,0.0362536
361,0.7556973874894988,2.1349890785087893,-1.3792916910192905,1.1097122,0.5130662,0.0362536
362,0.755714839895936,2.133989230813633,-1.3782743909176967,1.1096861,0.5131000,0.0362550
363,0.755714839895936,2.132989230813633,-1.3772743909176968,1.1096772,0.5131340,0.0362550
364,0.755714839895936,2.131989230813633,-1.3762743909176969,1.1096682,0.5131680,0.0362550
365,0.755714839895936,2.130989230813633,-1.375274390917697,1.1096593,0.5132021,0.0362550
366,0.755714839895936,2.129989230813633,-1.3742743909176967,1.1096503,0.5132363,0.0362550
367,0.755714839895936,2.1289892308136333,-1.3732743909176972,1.1096412,0.5132706,0.0362550
368,0.755714839895936,2.127989230813633,-1.3722743909176969,1.1096321,0.5133049,0.0362551
369,0.7557322923023733,2.126989383118477,-1.3712570908161037,1.1096057,0.5133392,0.0362565
370,0.7557322923023733,2.125989383118477,-1.3702570908161038,1.1095965,0.5133736,0.0362565
371,0.7557322923023733,2.124989383118477,-1.369257090816104,1.1095873,0.5134081,0.0362565
372,0.7557322923023733,2.1239893831184773,-1.368257090816104,1.1095780,0.5134427,0.0362566
373,0.7557322923023733,2.1229893831184774,-1.3672570908161041,1.1095688,0.5134774,0.0362567
374,0.7557322923023733,2.121989383118477,-1.3662570908161038,1.1095595,0.5135121,0.0362567
375,0.7557497447088105,2.120989535423321,-1.3652397907145106,1.1095328,0.5135468,0.0362582
376,0.7557497447088105,2.119989535423321,-1.3642397907145107,1.1095235,0.5135816,0.0362582
377,0.7557497447088105,2.118989535423321,-1.3632397907145104,1.1095141,0.5136166,0.0362583
378,0.7557497447088105,2.1179895354233214,-1.362239790714511,1.1095047,0.5136516,0.0362584
379,0.7557497447088105,2.116989535423321,-1.3612397907145106,1.1094952,0.5136866,0.0362585
380,0.7557671971152478,2.115989687728165,-1.3602224906129172,1.1094685,0.5137217,0.0362600
381,0.7557671971152478,2.114989687728165,-1.3592224906129173,1.1094591,0.5137569,0.0362601
382,0.7557671971152478,2.113989687728165,-1.3582224906129174,1.1094496,0.5137922,0.0362603
383,0.7557671971152478,2.1129896877281653,-1.3572224906129176,1.1094402,0.5138275,0.0362604
384,0.7557671971152478,2.1119896877281654,-1.3562224906129177,1.1094348,0.5138508,0.0362628
385,0.7557671971152478,2.110989687728165,-1.3552224906129173,1.1094256,0.5138863,0.0362629
386,0.755784649521685,2.109989840033009,-1.354205190511324,1.1093990,0.5139217,0.0362644
387,0.755784649521685,2.108989840033009,-1.353205190511324,1.1093897,0.5139573,0.0362645
388,0.755784649521685,2.1079898400330093,-1.3522051905113242,1.1093803,0.5139929,0.0362647
389,0.755784649521685,2.1069898400330094,-1.3512051905113243,1.1093709,0.5140287,0.0362649
390,0.755784649521685,2.105989840033009,-1.350205190511324,1.1093615,0.5140644,0.0362650
391,0.755784649521685,2.1049898400330096,-1.3492051905113245,1.1093520,0.5141002,0.0362651
392,0.7558021019281222,2.103989992337853,-1.3481878904097309,1.1093252,0.5141361,0.0362666
393,0.7558021019281222,2.102989992337853,-1.347187890409731,1.1093155,0.5141720,0.0362668
394,0.7558021019281222,2.1019899923378533,-1.346187890409731,1.1093056,0.5142080,0.0362669
395,0.7558021019281222,2.100989992337853,-1.3451878904097307,1.1092949,0.5142435,0.0362670
396,0.7558021019281222,2.0999899923378536,-1.3441878904097313,1.1092840,0.5142794,0.0362670
397,0.7558195543345595,2.098990144642697,-1.3431705903081377,1.1092555,0.5143152,0.0362685
398,0.7558195543345595,2.097990144642697,-1.3421705903081378,1.1092441,0.5143512,0.0362686
399,0.7558195543345595,2.0969901446426973,-1.341170590308138,1.1092336,0.5143874,0.0362687
400,0.7558195543345595,2.0959901446426974,-1.340170590308138,1.1092264,0.5144239,0.0362689
401,0.7558195543345595,2.094990144642697,-1.3391705903081377,1.1092238,0.5144607,0.0362690
402,0.7558370067409967,2.093990296947541,-1.3381532902065443,1.1092040,0.5144971,0.0362704
403,0.7558370067409967,2.092990296947541,-1.3371532902065444,1.1091969,0.5145337,0.0362704
404,0.7558370067409967,2.091990296947541,-1.336153290206544,1.1091851,0.5145707,0.0362706
405,0.7558370067409967,2.0909902969475413,-1.3351532902065446,1.1091719,0.5146081,0.0362708
406,0.7558370067409967,2.089990296947541,-1.3341532902065443,1.1091593,0.5146457,0.0362710
407,0.755854459147434,2.088990449252385,-1.3331359901049509,1.1091305,0.5146830,0.0362725
408,0.755854459147434,2.087990449252385,-1.332135990104951,1.1091197,0.5147205,0.0362726
409,0.755854459147434,2.086990449252385,-1.331135990104951,1.1091094,0.5147579,0.0362727
410,0.755854459147434,2.0859904492523853,-1.3301359901049512,1.1090995,0.5147955,0.0362728
411,0.755854459147434,2.0849904492523854,-1.3291359901049513,1.1090897,0.5148331,0.0362729
412,0.7558719115538712,2.083990601557229,-1.3281186900033577,1.1090627,0.5148708,0.0362743
413,0.7558719115538712,2.082990601557229,-1.3271186900033578,1.1090529,0.5149087,0.0362744
414,0.7558719115538712,2.081990601557229,-1.326118690003358,1.1090415,0.5149466,0.0362785
415,0.7558719115538712,2.0809906015572293,-1.325118690003358,1.1090318,0.5149847,0.0362783
416,0.7558719115538712,2.0799906015572294,-1.3241186900033581,1.1090220,0.5150229,0.0362781
417,0.7558893639603085,2.078990753862073,-1.3231013899017645,1.1089947,0.5150611,0.0362794
418,0.7558893639603085,2.077990753862073,-1.3221013899017646,1.1089835,0.5150988,0.0362793
419,0.7558893639603085,2.076990753862073,-1.3211013899017647,1.1089737,0.5151374,0.0362790
420,0.7558893639603085,2.075990753862073,-1.3201013899017648,1.1089636,0.5151760,0.0362789
421,0.7558893639603085,2.0749907538620733,-1.319101389901765,1.1089533,0.5152146,0.0362788
422,0.7559068163667457,2.073990906166917,-1.318084089800171,1.1089257,0.5152532,0.0362802
423,0.7559068163667457,2.072990906166917,-1.3170840898001712,1.1089153,0.5152920,0.0362803
424,0.7559068163667457,2.071990906166917,-1.3160840898001713,1.1089048,0.5153308,0.0362804
425,0.7559068163667457,2.070990906166917,-1.3150840898001714,1.1088942,0.5153697,0.0362806
426,0.7559068163667457,2.0699909061669173,-1.3140840898001716,1.1088835,0.5154086,0.0362807
427,0.755924268773183,2.068991058471761,-1.3130667896985777,1.1088555,0.5154475,0.0362823
428,0.755924268773183,2.067991058471761,-1.3120667896985778,1.1088447,0.5154866,0.0362824
429,0.755924268773183,2.066991058471761,-1.311066789698578,1.1088339,0.5155257,0.0362825
430,0.755924268773183,2.065991058471761,-1.310066789698578,1.1088230,0.5155650,0.0362826
431,0.7559417211796202,2.0649912107766046,-1.3090494895969844,1.1087948,0.5156042,0.0362841
432,0.7559417211796202,2.0639912107766047,-1.3080494895969845,1.1087839,0.5156434,0.0362845
433,0.7559417211796202,2.062991210776605,-1.3070494895969846,1.1087729,0.5156829,0.0362844
434,0.7559417211796202,2.061991210776605,-1.3060494895969847,1.1087619,0.5157225,0.0362844
435,0.7559417211796202,2.060991210776605,-1.3050494895969849,1.1087509,0.5157622,0.0362843
436,0.7559591735860575,2.0599913630814486,-1.3040321894953912,1.1087225,0.5158018,0.0362856
437,0.7559591735860575,2.0589913630814487,-1.3030321894953913,1.1087114,0.5158417,0.0362856
438,0.7559591735860575,2.057991363081449,-1.3020321894953915,1.1087003,0.5158816,0.0362855
439,0.7559591735860575,2.056991363081449,-1.3010321894953916,1.1086892,0.5159216,0.0362854
440,0.7559766259924947,2.0559915153862924,-1.3000148893937977,1.1086607,0.5159615,0.0362868
441,0.7559766259924947,2.0549915153862925,-1.2990148893937978,1.1086496,0.5160017,0.0362867
442,0.7559766259924947,2.0539915153862927,-1.298014889393798,1.1086386,0.5160418,0.0362870
443,0.7559766259924947,2.0529915153862928,-1.297014889393798,1.1086273,0.5160822,0.0362858
444,0.7559766259924947,2.051991515386293,-1.2960148893937982,1.1086160,0.5161227,0.0362857
445,0.755994078398932,2.0509916676911364,-1.2949975892922043,1.1085875,0.5161631,0.0362870
446,0.755994078398932,2.0499916676911365,-1.2939975892922044,1.1085762,0.5162037,0.0362870
447,0.755994078398932,2.0489916676911366,-1.2929975892922045,1.1085650,0.5162445,0.0362870
448,0.755994078398932,2.0479916676911367,-1.2919975892922047,1.1085536,0.5162853,0.0362870
449,0.7560115308053692,2.04699181999598,-1.2909802891906106,1.1085249,0.5163261,0.0362883
450,0.7560115308053692,2.0459918199959803,-1.2899802891906111,1.1085135,0.5163671,0.0362882
451,0.7560115308053692,2.0449918199959805,-1.2889802891906113,1.1085020,0.5164081,0.0362882
452,0.7560115308053692,2.043991819995981,-1.2879802891906118,1.1084905,0.5164493,0.0362881
453,0.7560289832118064,2.042991972300824,-1.2869629890890177,1.1084619,0.5164906,0.0362898
454,0.7560289832118064,2.041991972300824,-1.2859629890890178,1.1084520,0.5165184,0.0362900
455,0.7560289832118064,2.0409919723008243,-1.284962989089018,1.1084435,0.5165640,0.0362917
456,0.7560289832118064,2.0399919723008244,-1.283962989089018,1.1084319,0.5166055,0.0362918
457,0.7560464356182437,2.038992124605668,-1.2829456889874242,1.1084028,0.5166470,0.0362933
458,0.7560464356182437,2.037992124605668,-1.2819456889874243,1.1083910,0.5166887,0.0362934
459,0.7560464356182437,2.036992124605668,-1.2809456889874244,1.1083810,0.5167301,0.0362897
460,0.7560464356182437,2.0359921246056683,-1.2799456889874246,1.1083689,0.5167718,0.0362903
461,0.7560638880246809,2.034992276910512,-1.2789283888858312,1.1083395,0.5168135,0.0362921
462,0.7560638880246809,2.033992276910512,-1.2779283888858308,1.1083273,0.5168553,0.0362925
463,0.7560638880246809,2.032992276910512,-1.276928388885831,1.1083150,0.5168971,0.0362929
464,0.7560638880246809,2.031992276910512,-1.275928388885831,1.1083027,0.5169391,0.0362931
465,0.7560813404311182,2.030992429215356,-1.2749110887842379,1.1082730,0.5169810,0.0362945
466,0.7560813404311182,2.029992429215356,-1.273911088784238,1.1082604,0.5170230,0.0362945
467,0.7560813404311182,2.028992429215356,-1.2729110887842376,1.1082478,0.5170651,0.0362944
468,0.7560813404311182,2.027992429215356,-1.2719110887842378,1.1082351,0.5171073,0.0362944
469,0.7560987928375554,2.0269925815201995,-1.2708937886826441,1.1082051,0.5171495,0.0362958
470,0.7560987928375554,2.0259925815202,-1.2698937886826447,1.1081923,0.5171918,0.0362958
471,0.7560987928375554,2.0249925815202,-1.2688937886826448,1.1081795,0.5172343,0.0362959
472,0.7560987928375554,2.0239925815202,-1.2678937886826445,1.1081665,0.5172769,0.0362959
473,0.7561162452439927,2.022992733825044,-1.2668764885810515,1.1081344,0.5173199,0.0363010
474,0.7561162452439927,2.0219927338250434,-1.2658764885810507,1.1081216,0.5173627,0.0363012
475,0.7561162452439927,2.0209927338250435,-1.2648764885810508,1.1081093,0.5174058,0.0363013
476,0.7561336976504299,2.019992886129887,-1.263859188479457,1.1080808,0.5174490,0.0363028
477,0.7561336976504299,2.018992886129887,-1.262859188479457,1.1080706,0.5174928,0.0363028
478,0.7561336976504299,2.017992886129888,-1.261859188479458,1.1080611,0.5175364,0.0363011
479,0.7561336976504299,2.016992886129888,-1.2608591884794578,1.1080476,0.5175801,0.0363024
480,0.7561511500568672,2.015993038434731,-1.2598418883778637,1.1080131,0.5176234,0.0363050
481,0.7561511500568672,2.014993038434731,-1.2588418883778638,1.1079936,0.5176678,0.0363058
482,0.7561511500568672,2.013993038434731,-1.257841888377864,1.1079792,0.5177123,0.0363066
483,0.7561511500568672,2.012993038434731,-1.256841888377864,1.1079652,0.5177581,0.0363074
484,0.7561686024633044,2.0119931907395747,-1.2558245882762704,1.1079350,0.5178033,0.0363081
485,0.7561686024633044,2.010993190739575,-1.2548245882762705,1.1079221,0.5178478,0.0363090
486,0.7561686024633044,2.009993190739575,-1.2538245882762706,1.1079116,0.5178917,0.0363051
487,0.7561860548697417,2.0089933430444185,-1.2528072881746768,1.1078830,0.5179360,0.0363068
488,0.7561860548697417,2.0079933430444186,-1.251807288174677,1.1078707,0.5179794,0.0363071
489,0.7561860548697417,2.0069933430444187,-1.250807288174677,1.1078561,0.5180223,0.0363073
490,0.7561860548697417,2.005993343044419,-1.2498072881746771,1.1078414,0.5180642,0.0363073
491,0.7562035072761789,2.0049934953492623,-1.2487899880730833,1.1078112,0.5181156,0.0363100
492,0.7562035072761789,2.0039934953492624,-1.2477899880730834,1.1077988,0.5181612,0.0363106
493,0.7562035072761789,2.0029934953492625,-1.2467899880730835,1.1077905,0.5181991,0.0363084
494,0.7562209596826162,2.001993647654106,-1.2457726879714899,1.1077527,0.5182466,0.0363106
495,0.7562209596826162,2.000993647654106,-1.24477268797149,1.1077388,0.5182934,0.0363107
496,0.7562209596826162,1.999993647654106,-1.2437726879714899,1.1077244,0.5183397,0.0363107
497,0.7562209596826162,1.998993647654106,-1.2427726879714898,1.1077084,0.5183855,0.0363146
498,0.7562384120890534,1.9979937999589497,-1.2417553878698961,1.1076767,0.5184310,0.0363156
499,0.7562384120890534,1.996993799958949,-1.2407553878698958,1.1076626,0.5184765,0.0363156
500,0.7562384120890534,1.9959937999589497,-1.2397553878698964,1.1076487,0.5185219,0.0363159
501,0.7562558644954906,1.9949939522637927,-1.238738087768302,1.1076179,0.5185671,0.0363175
502,0.7562558644954906,1.9939939522637933,-1.2377380877683026,1.1076236,0.5186089,0.0363143
503,0.7562558644954906,1.9929939522637936,-1.236738087768303,1.1076083,0.5186553,0.0363156
504,0.7562558644954906,1.9919939522637933,-1.2357380877683026,1.1075924,0.5187020,0.0363157
505,0.7562733169019279,1.9909941045686368,-1.234720787666709,1.1075592,0.5187486,0.0363172
506,0.7562733169019279,1.989994104568637,-1.2337207876667091,1.1075436,0.5187954,0.0363174
507,0.7562733169019279,1.9889941045686368,-1.2327207876667088,1.1075285,0.5188421,0.0363177
508,0.7562907693083651,1.987994256873481,-1.2317034875651158,1.1074964,0.5188886,0.0363193
509,0.7562907693083651,1.986994256873481,-1.230703487565116,1.1074818,0.5189352,0.0363196
510,0.7562907693083651,1.9859942568734807,-1.2297034875651156,1.1074674,0.5189819,0.0363199
511,0.7563082217148024,1.9849944091783247,-1.2286861874635222,1.1074359,0.5190285,0.0363215
512,0.7563082217148024,1.9839944091783248,-1.2276861874635223,1.1074217,0.5190753,0.0363217
513,0.7563082217148024,1.982994409178325,-1.2266861874635224,1.1074075,0.5191222,0.0363219
514,0.7563256741212396,1.9819945614831684,-1.2256688873619288,1.1073761,0.5191690,0.0363234
515,0.7563256741212396,1.9809945614831683,-1.2246688873619287,1.1073619,0.5192161,0.0363236
516,0.7563256741212396,1.9799945614831689,-1.2236688873619292,1.1073478,0.5192633,0.0363237
517,0.7563431265276769,1.978994713788012,-1.222651587260335,1.1073162,0.5193104,0.0363251
518,0.7563431265276769,1.9779947137880125,-1.2216515872603355,1.1073015,0.5193577,0.0363252
519,0.7563431265276769,1.9769947137880124,-1.2206515872603356,1.1072930,0.5193981,0.0363255
520,0.7563605789341141,1.975994866092856,-1.2196342871587418,1.1072617,0.5194463,0.0363269
521,0.7563605789341141,1.974994866092856,-1.218634287158742,1.1072499,0.5194942,0.0363238
522,0.7563605789341141,1.973994866092856,-1.2176342871587418,1.1072355,0.5195428,0.0363244
523,0.7563605789341141,1.972994866092856,-1.216634287158742,1.1072208,0.5195915,0.0363258
524,0.7563780313405514,1.9719950183977,-1.2156169870571487,1.1071892,0.5196400,0.0363271
525,0.7563780313405514,1.9709950183977,-1.2146169870571488,1.1071745,0.5196887,0.0363270
526,0.7563780313405514,1.9699950183977,-1.2136169870571485,1.1071537,0.5197307,0.0363262
527,0.7563954837469886,1.968995170702544,-1.2125996869555553,1.1071208,0.5197787,0.0363283
528,0.7563954837469886,1.967995170702544,-1.2115996869555554,1.1071023,0.5198282,0.0363297
529,0.7564129361534259,1.966995323007387,-1.2105823868539614,1.1070745,0.5198813,0.0363311
530,0.7564129361534259,1.9659953230073872,-1.2095823868539615,1.1070575,0.5199247,0.0363303
531,0.7564129361534259,1.964995323007388,-1.208582386853962,1.1070418,0.5199754,0.0363311
532,0.7564303885598631,1.9639954753122308,-1.2075650867523677,1.1070081,0.5200205,0.0363339
533,0.7564303885598631,1.962995475312231,-1.2065650867523678,1.1069931,0.5200690,0.0363338
534,0.7564303885598631,1.961995475312231,-1.205565086752368,1.1069782,0.5201181,0.0363349
535,0.7564478409663004,1.9609956276170744,-1.204547786650774,1.1069459,0.5201671,0.0363363
536,0.7564478409663004,1.959995627617075,-1.2035477866507747,1.1069310,0.5202164,0.0363365
537,0.7564478409663004,1.9589956276170748,-1.2025477866507743,1.1069159,0.5202658,0.0363367
538,0.7564652933727376,1.9579957799219183,-1.2015304865491807,1.1068833,0.5203152,0.0363374
539,0.7564652933727376,1.9569957799219184,-1.2005304865491808,1.1068680,0.5203651,0.0363379
540,0.7564652933727376,1.9559957799219183,-1.1995304865491807,1.1068524,0.5204151,0.0363385
541,0.7564827457791748,1.954995932226762,-1.1985131864475873,1.1068193,0.5204650,0.0363406
542,0.7564827457791748,1.9539959322267624,-1.1975131864475874,1.1068029,0.5205165,0.0363378
543,0.7564827457791748,1.9529959322267625,-1.1965131864475875,1.1067873,0.5205668,0.0363380
544,0.7565001981856121,1.9519960845316056,-1.1954958863459935,1.1067548,0.5206170,0.0363396
545,0.7565001981856121,1.950996084531606,-1.1944958863459938,1.1067406,0.5206661,0.0363431
546,0.7565001981856121,1.949996084531606,-1.193495886345994,1.1067256,0.5207166,0.0363429
547,0.7565176505920493,1.9489962368364493,-1.1924785862444,1.1066927,0.5207668,0.0363442
548,0.7565176505920493,1.9479962368364496,-1.1914785862444002,1.1066761,0.5208170,0.0363441
549,0.7565351029984866,1.9469963891412927,-1.190461286142806,1.1066415,0.5208668,0.0363455
550,0.7565351029984866,1.9459963891412928,-1.1894612861428062,1.1066234,0.5209167,0.0363455
551,0.7565351029984866,1.9449963891412927,-1.188461286142806,1.1066052,0.5209668,0.0363456
552,0.7565525554049238,1.9439965414461369,-1.1874439860412132,1.1065703,0.5210170,0.0363471
553,0.7565525554049238,1.942996541446137,-1.1864439860412133,1.1065516,0.5210694,0.0363456
554,0.7565525554049238,1.941996541446137,-1.1854439860412134,1.1065357,0.5211205,0.0363458
555,0.7565700078113611,1.9409966937509808,-1.1844266859396197,1.1065038,0.5211719,0.0363473
556,0.7565700078113611,1.9399966937509807,-1.1834266859396196,1.1064924,0.5212225,0.0363491
557,0.7565874602177983,1.938996846055824,-1.1824093858380258,1.1064616,0.5212748,0.0363507
558,0.7565874602177983,1.9379968460558243,-1.181409385838026,1.1064468,0.5213270,0.0363511
559,0.7565874602177983,1.9369968460558245,-1.180409385838026,1.1064280,0.5213805,0.0363498
560,0.7566049126242356,1.935996998360668,-1.1793920857364324,1.1063934,0.5214317,0.0363510
561,0.7566049126242356,1.934996998360668,-1.1783920857364325,1.1063761,0.5214832,0.0363511
562,0.7566223650306728,1.933997150665512,-1.1773747856348393,1.1063424,0.5215346,0.0363529
563,0.7566223650306728,1.932997150665512,-1.176374785634839,1.1063264,0.5215859,0.0363533
564,0.7566223650306728,1.931997150665512,-1.175374785634839,1.1063095,0.5216369,0.0363537
565,0.7566398174371101,1.9309973029703555,-1.1743574855332455,1.1062746,0.5216883,0.0363553
566,0.7566398174371101,1.929997302970356,-1.173357485533246,1.1062576,0.5217399,0.0363553
567,0.7566398174371101,1.9289973029703555,-1.1723574855332455,1.1062439,0.5217919,0.0363543
568,0.7566572698435473,1.927997455275199,-1.1713401854316516,1.1062020,0.5218469,0.0363590
569,0.7566572698435473,1.9269974552751992,-1.1703401854316517,1.1061881,0.5218979,0.0363567
570,0.7566747222499846,1.925997607580043,-1.1693228853300583,1.1061586,0.5219498,0.0363590
571,0.7566747222499846,1.9249976075800428,-1.1683228853300582,1.1061373,0.5220077,0.0363594
572,0.7566747222499846,1.923997607580043,-1.1673228853300583,1.1061132,0.5220569,0.0363580
573,0.7566921746564218,1.9229977598848864,-1.1663055852284647,1.1060871,0.5221118,0.0363604
574,0.7566921746564218,1.9219977598848863,-1.1653055852284644,1.1060698,0.5221598,0.0363615
575,0.756709627062859,1.92099791218973,-1.164288285126871,1.1060338,0.5222161,0.0363625
576,0.756709627062859,1.91999791218973,-1.1632882851268709,1.1060200,0.5222723,0.0363644
577,0.7567270794692963,1.9189980644945737,-1.1622709850252773,1.1059812,0.5223259,0.0363660
578,0.7567270794692963,1.9179980644945736,-1.1612709850252774,1.1059634,0.5223749,0.0363646
579,0.7567270794692963,1.9169980644945737,-1.1602709850252775,1.1059451,0.5224286,0.0363648
580,0.7567445318757335,1.9159982167994167,-1.1592536849236832,1.1059059,0.5224865,0.0363679
581,0.7567445318757335,1.9149982167994173,-1.1582536849236837,1.1058940,0.5225362,0.0363671
582,0.7567619842821708,1.913998369104261,-1.1572363848220903,1.1058525,0.5225939,0.0363697
583,0.7567619842821708,1.912998369104261,-1.15623638482209,1.1058476,0.5226456,0.0363689
584,0.756779436688608,1.9119985214091049,-1.1552190847204968,1.1058059,0.5226982,0.0363708
585,0.756779436688608,1.9109985214091048,-1.1542190847204967,1.1057881,0.5227525,0.0363711
586,0.756779436688608,1.9099985214091049,-1.1532190847204968,1.1057700,0.5228072,0.0363714
587,0.7567968890950453,1.9089986737139484,-1.152201784618903,1.1057343,0.5228624,0.0363731
588,0.7567968890950453,1.9079986737139485,-1.151201784618903,1.1057173,0.5229158,0.0363721
589,0.7568143415014825,1.906998826018792,-1.1501844845173095,1.1056800,0.5229726,0.0363739
590,0.7568143415014825,1.905998826018792,-1.1491844845173094,1.1056617,0.5230276,0.0363753
591,0.7568317939079198,1.904998978323636,-1.1481671844157164,1.1056268,0.5230828,0.0363759
592,0.7568317939079198,1.903998978323636,-1.147167184415716,1.1056084,0.5231384,0.0363767
593,0.7568317939079198,1.902998978323636,-1.1461671844157162,1.1055907,0.5231965,0.0363773
594,0.756849246314357,1.90199913062848,-1.145149884314123,1.1055559,0.5232470,0.0363795
595,0.756849246314357,1.90099913062848,-1.144149884314123,1.1055378,0.5233033,0.0363795
596,0.7568666987207943,1.899999282933323,-1.1431325842125286,1.1055030,0.5233604,0.0363821
597,0.7568666987207943,1.898999282933323,-1.1421325842125287,1.1054830,0.5234173,0.0363810
598,0.7568841511272315,1.8979994352381664,-1.1411152841109349,1.1054449,0.5234722,0.0363843
599,0.7568841511272315,1.8969994352381667,-1.1401152841109352,1.1054367,0.5235301,0.0363833
600,0.7569016035336688,1.8959995875430105,-1.1390979840093416,1.1053911,0.5235845,0.0363849
601,0.7569016035336688,1.8949995875430103,-1.1380979840093417,1.1053728,0.5236416,0.0363867
602,0.756919055940106,1.8939997398478536,-1.1370806839077476,1.1053478,0.5237021,0.0363856
603,0.756919055940106,1.892999739847854,-1.136080683907748,1.1053280,0.5237587,0.0363861
604,0.756919055940106,1.891999739847854,-1.135080683907748,1.1053080,0.5238153,0.0363866
605,0.7569365083465432,1.8909998921526976,-1.1340633838061542,1.1052712,0.5238719,0.0363882
606,0.7569365083465432,1.8899998921526977,-1.1330633838061543,1.1052539,0.5239274,0.0363893
607,0.7569539607529805,1.8890000444575408,-1.1320460837045603,1.1052106,0.5239853,0.0363923
608,0.7569539607529805,1.888000044457541,-1.1310460837045606,1.1051995,0.5240397,0.0363902
609,0.7569714131594177,1.8870001967623848,-1.1300287836029672,1.1051558,0.5240967,0.0363940
610,0.7569714131594177,1.886000196762385,-1.1290287836029673,1.1051354,0.5241568,0.0363930
611,0.756988865565855,1.8850003490672285,-1.1280114835013735,1.1050930,0.5242064,0.0363941
612,0.756988865565855,1.8840003490672288,-1.1270114835013738,1.1050715,0.5242686,0.0363976
613,0.7570063179722922,1.883000501372072,-1.1259941833997797,1.1050447,0.5243291,0.0363957
614,0.7570063179722922,1.882000501372072,-1.1249941833997799,1.1050239,0.5243878,0.0363987
615,0.7570237703787295,1.881000653676916,-1.1239768832981865,1.1049827,0.5244418,0.0363992
616,0.7570237703787295,1.880000653676916,-1.1229768832981866,1.1049582,0.5244958,0.0363981
617,0.7570412227851667,1.87900080598176,-1.1219595831965932,1.1049303,0.5245526,0.0363993
618,0.7570412227851667,1.87800080598176,-1.1209595831965933,1.1049059,0.5246125,0.0364000
619,0.757058675191604,1.877000958286603,-1.119942283094999,1.1048655,0.5246710,0.0364016
620,0.757058675191604,1.876000958286603,-1.118942283094999,1.1048494,0.5247302,0.0364025
621,0.7570761275980412,1.8750011105914464,-1.1179249829934053,1.1048107,0.5247879,0.0364034
622,0.7570761275980412,1.8740011105914467,-1.1169249829934054,1.1047812,0.5248450,0.0364051
623,0.7570935800044785,1.8730012628962904,-1.115907682891812,1.1047502,0.5249052,0.0364073
624,0.7570935800044785,1.8720012628962903,-1.1149076828918119,1.1047417,0.5249672,0.0364075
625,0.7571110324109157,1.8710014152011336,-1.1138903827902178,1.1046936,0.5250236,0.0364101
626,0.7571110324109157,1.870001415201134,-1.1128903827902183,1.1046740,0.5250836,0.0364101
627,0.757128484817353,1.8690015675059768,-1.1118730826886238,1.1046340,0.5251423,0.0364128
628,0.757128484817353,1.8680015675059776,-1.1108730826886246,1.1046139,0.5252018,0.0364130
629,0.7571459372237902,1.867001719810821,-1.1098557825870308,1.1045815,0.5252637,0.0364157
630,0.7571459372237902,1.8660017198108207,-1.1088557825870304,1.1045585,0.5253188,0.0364144
631,0.7571633896302274,1.8650018721156647,-1.1078384824854373,1.1045172,0.5253754,0.0364134
632,0.7571633896302274,1.8640018721156648,-1.1068384824854374,1.1045050,0.5254383,0.0364170
633,0.7571808420366647,1.8630020244205083,-1.1058211823838437,1.1044615,0.5254984,0.0364189
634,0.7571808420366647,1.8620020244205084,-1.1048211823838439,1.1044432,0.5255589,0.0364201
635,0.7571982944431019,1.861002176725352,-1.10380388228225,1.1044107,0.5256196,0.0364220
636,0.7572157468495392,1.860002329030196,-1.1027865821806566,1.1043653,0.5256850,0.0364226
637,0.7572157468495392,1.859002329030196,-1.1017865821806567,1.1043460,0.5257434,0.0364227
638,0.7572331992559764,1.858002481335039,-1.1007692820790627,1.1043143,0.5258051,0.0364245
639,0.7572331992559764,1.8570024813350392,-1.0997692820790628,1.1042939,0.5258650,0.0364246
640,0.7572506516624137,1.8560026336398827,-1.0987519819774691,1.1042543,0.5259259,0.0364247
641,0.7572506516624137,1.8550026336398828,-1.0977519819774693,1.1042206,0.5259828,0.0364255
642,0.7572681040688509,1.8540027859447263,-1.0967346818758754,1.1041823,0.5260433,0.0364271
643,0.7572681040688509,1.8530027859447264,-1.0957346818758755,1.1041627,0.5261040,0.0364288
644,0.7572855564752882,1.85200293824957,-1.0947173817742817,1.1041251,0.5261651,0.0364294
645,0.7572855564752882,1.85100293824957,-1.0937173817742818,1.1041045,0.5262265,0.0364290
646,0.7573030088817254,1.8500030905544136,-1.0927000816726882,1.1040662,0.5262879,0.0364316
647,0.7573204612881627,1.849003242859257,-1.0916827815710946,1.1040277,0.5263494,0.0364332
648,0.7573204612881627,1.8480032428592568,-1.0906827815710942,1.1040064,0.5264113,0.0364334
649,0.7573379136945999,1.8470033951641007,-1.0896654814695008,1.1039675,0.5264730,0.0364350
650,0.7573379136945999,1.8460033951641008,-1.088665481469501,1.1039458,0.5265352,0.0364353
651,0.7573553661010372,1.8450035474689443,-1.087648181367907,1.1039076,0.5265972,0.0364372
652,0.7573553661010372,1.8440035474689445,-1.0866481813679072,1.1038846,0.5266597,0.0364377
653,0.7573728185074744,1.843003699773788,-1.0856308812663136,1.1038443,0.5267222,0.0364396
654,0.7573902709139116,1.842003852078632,-1.0846135811647204,1.1038040,0.5267848,0.0364416
655,0.7573902709139116,1.841003852078632,-1.0836135811647205,1.1037812,0.5268487,0.0364396
656,0.7574077233203489,1.8400040043834751,-1.0825962810631262,1.1037412,0.5269118,0.0364412
657,0.7574077233203489,1.8390040043834752,-1.0815962810631263,1.1037186,0.5269753,0.0364415
658,0.7574251757267861,1.8380041566883187,-1.0805789809615325,1.1036784,0.5270442,0.0364469
659,0.7574426281332234,1.8370043089931625,-1.079561680859939,1.1036385,0.5271072,0.0364489
660,0.7574426281332234,1.8360043089931624,-1.078561680859939,1.1036144,0.5271705,0.0364495
661,0.7574600805396606,1.8350044612980057,-1.077544380758345,1.1035787,0.5272278,0.0364485
662,0.7574600805396606,1.834004461298006,-1.0765443807583455,1.1035570,0.5272910,0.0364495
663,0.7574775329460979,1.8330046136028493,-1.0755270806567514,1.1035180,0.5273542,0.0364516
664,0.7574949853525351,1.832004765907693,-1.0745097805551578,1.1034785,0.5274177,0.0364537
665,0.7574949853525351,1.831004765907693,-1.0735097805551579,1.1034557,0.5274817,0.0364542
666,0.7575124377589724,1.8300049182125369,-1.0724924804535645,1.1034152,0.5275459,0.0364560
667,0.7575124377589724,1.8290049182125367,-1.0714924804535644,1.1033916,0.5276105,0.0364564
668,0.7575298901654096,1.8280050705173805,-1.0704751803519708,1.1033422,0.5276747,0.0364598
669,0.7575473425718469,1.827005222822224,-1.0694578802503771,1.1033061,0.5277416,0.0364613
670,0.7575473425718469,1.826005222822224,-1.0684578802503772,1.1032802,0.5278023,0.0364601
671,0.7575647949782841,1.825005375127068,-1.067440580148784,1.1032399,0.5278665,0.0364620
672,0.7575822473847214,1.824005527431911,-1.0664232800471896,1.1031998,0.5279308,0.0364639
673,0.7575822473847214,1.823005527431911,-1.0654232800471897,1.1031774,0.5279959,0.0364634
674,0.7575996997911586,1.8220056797367543,-1.0644059799455956,1.1031313,0.5280610,0.0364662
675,0.7575996997911586,1.8210056797367544,-1.0634059799455957,1.1031062,0.5281240,0.0364668
676,0.7576171521975958,1.8200058320415984,-1.0623886798440025,1.1030710,0.5281871,0.0364710
677,0.7576346046040331,1.8190059843464417,-1.0613713797424085,1.1030277,0.5282528,0.0364712
678,0.7576346046040331,1.8180059843464416,-1.0603713797424086,1.1030126,0.5283230,0.0364703
679,0.7576520570104703,1.8170061366512853,-1.059354079640815,1.1029670,0.5283883,0.0364727
680,0.7576695094169076,1.8160062889561288,-1.0583367795392213,1.1029216,0.5284524,0.0364750
681,0.7576695094169076,1.815006288956129,-1.0573367795392214,1.1029034,0.5285218,0.0364755
682,0.7576869618233448,1.8140064412609724,-1.0563194794376276,1.1028655,0.5285903,0.0364790
683,0.7577044142297821,1.813006593565816,-1.0553021793360338,1.1028281,0.5286589,0.0364813
684,0.7577044142297821,1.812006593565816,-1.0543021793360339,1.1027988,0.5287229,0.0364803
685,0.7577218666362193,1.81100674587066,-1.0532848792344407,1.1027568,0.5287928,0.0364822
686,0.7577393190426566,1.810006898175503,-1.0522675791328466,1.1027126,0.5288575,0.0364858
687,0.7577393190426566,1.8090068981755032,-1.0512675791328467,1.1026890,0.5289268,0.0364827
688,0.7577567714490938,1.8080070504803467,-1.050250279031253,1.1026488,0.5289859,0.0364888
689,0.7577742238555311,1.8070072027851904,-1.0492329789296595,1.1026062,0.5290573,0.0364905
690,0.7577742238555311,1.8060072027851903,-1.0482329789296592,1.1025757,0.5291254,0.0364908
691,0.7577916762619683,1.8050073550900336,-1.0472156788280653,1.1025358,0.5291921,0.0364892
692,0.7578091286684056,1.8040075073948767,-1.046198378726471,1.1024904,0.5292603,0.0364941
693,0.7578091286684056,1.8030075073948773,-1.0451983787264716,1.1024584,0.5293238,0.0364909
694,0.7578265810748428,1.802007659699721,-1.0441810786248782,1.1024472,0.5293858,0.0364949
695,0.75784403348128,1.8010078120045645,-1.0431637785232843,1.1023861,0.5294588,0.0364960
696,0.7578614858877173,1.800007964309408,-1.0421464784216907,1.1023493,0.5295316,0.0364986
697,0.7578789382941545,1.7990081166142515,-1.041129178320097,1.1023026,0.5296002,0.0365004
698,0.7578963907005918,1.798008268919095,-1.0401118782185033,1.1022538,0.5296541,0.0365025
699,0.757913843107029,1.7970084212239386,-1.0390945781169094,1.1022203,0.5297262,0.0365044
700,0.7579312955134663,1.796008573528782,-1.0380772780153158,1.1021963,0.5297988,0.0365105
701,0.7579487479199035,1.7950087258336256,-1.0370599779137222,1.1021202,0.5298700,0.0365068
702,0.7579662003263408,1.794008878138469,-1.0360426778121283,1.1021009,0.5299315,0.0365112
703,0.757983652732778,1.7930090304433126,-1.0350253777105345,1.1020470,0.5300141,0.0365120
704,0.7580011051392153,1.792009182748156,-1.0340080776089406,1.1020130,0.5300808,0.0365143
705,0.7580185575456525,1.7910093350529996,-1.0329907775073472,1.1019640,0.5301454,0.0365182
706,0.7580360099520898,1.7900094873578432,-1.0319734774057534,1.1019430,0.5302162,0.0365202
707,0.758053462358527,1.789009639662687,-1.03095617730416,1.1018917,0.5302847,0.0365205
708,0.7580709147649642,1.7880097919675302,-1.029938877202566,1.1018288,0.5303436,0.0365214
709,0.7580883671714015,1.7870099442723737,-1.0289215771009723,1.1018103,0.5304220,0.0365231
710,0.7581058195778387,1.7860100965772172,-1.0279042769993785,1.1017346,0.5304773,0.0365283
711,0.758123271984276,1.7850102488820607,-1.0268869768977846,1.1016978,0.5305528,0.0365289
712,0.7581407243907132,1.7840104011869042,-1.025869676796191,1.1016602,0.5306301,0.0365314
713,0.7581581767971505,1.7830105534917478,-1.0248523766945974,1.1015997,0.5306940,0.0365328
714,0.7581756292035877,1.7820107057965913,-1.0238350765930035,1.1015646,0.5307659,0.0365352
715,0.758193081610025,1.7810108581014348,-1.0228177764914097,1.1015179,0.5308358,0.0365374
716,0.7582105340164622,1.7800110104062783,-1.021800476389816,1.1014913,0.5309180,0.0365396
717,0.7582279864228995,1.7790111627111218,-1.0207831762882225,1.1014263,0.5309792,0.0365419
718,0.7582454388293367,1.778011315015965,-1.0197658761866284,1.1013971,0.5310591,0.0365440
719,0.758262891235774,1.7770114673208088,-1.0187485760850348,1.1013356,0.5311193,0.0365442
720,0.7582803436422112,1.7760116196256523,-1.0177312759834412,1.1012837,0.5311850,0.0365483
721,0.7582977960486484,1.775011771930496,-1.0167139758818475,1.1012547,0.5312648,0.0365501
722,0.7583152484550857,1.7740119242353394,-1.0156966757802537,1.1012041,0.5313359,0.0365525
723,0.7583327008615229,1.773012076540183,-1.0146793756786598,1.1011639,0.5314072,0.0365547
724,0.7583501532679602,1.7720122288450264,-1.0136620755770662,1.1011188,0.5314788,0.0365567
725,0.7583676056743974,1.77101238114987,-1.0126447754754726,1.1010713,0.5315520,0.0365590
726,0.7583850580808347,1.7700125334547134,-1.0116274753738788,1.1010233,0.5316178,0.0365575
727,0.7584025104872719,1.769012685759557,-1.010610175272285,1.1009825,0.5316884,0.0365611
728,0.7584199628937092,1.7680128380644005,-1.0095928751706913,1.1009489,0.5317739,0.0365613
729,0.7584374153001464,1.767012990369244,-1.0085755750690977,1.1008875,0.5318332,0.0365645
730,0.7584548677065837,1.7660131426740877,-1.007558274967504,1.1008258,0.5319098,0.0365651
731,0.7584723201130209,1.765013294978931,-1.00654097486591,1.1007943,0.5319889,0.0365709
732,0.7584897725194581,1.7640134472837743,-1.0055236747643161,1.1007453,0.5320635,0.0365737
733,0.7585072249258954,1.763013599588618,-1.0045063746627227,1.1007114,0.5321413,0.0365756
734,0.7585246773323326,1.7620137518934615,-1.003489074561129,1.1006542,0.5321997,0.0365736
735,0.7585421297387699,1.761013904198305,-1.002471774459535,1.1005983,0.5322710,0.0365756
736,0.7585595821452071,1.7600140565031486,-1.0014544743579414,1.1005822,0.5323467,0.0365825
737,0.7585770345516444,1.759014208807992,-1.0004371742563478,1.1005278,0.5324227,0.0365847
738,0.7585944869580816,1.7580143611128356,-0.999419874154754,1.1004791,0.5324861,0.0365860
739,0.7586119393645189,1.7570145134176791,-0.9984025740531602,1.1004208,0.5325712,0.0365875
740,0.7586293917709561,1.7560146657225226,-0.9973852739515665,1.1003744,0.5326455,0.0365896
741,0.7586468441773934,1.755014818027366,-0.9963679738499726,1.1003282,0.5327196,0.0365914
742,0.7586642965838306,1.7540149703322097,-0.995350673748379,1.1002829,0.5327934,0.0365895
743,0.7586817489902679,1.7530151226370532,-0.9943333736467853,1.1002344,0.5328676,0.0365920
744,0.7586992013967051,1.752015274941897,-0.9933160735451918,1.1001865,0.5329456,0.0365949
745,0.7587166538031423,1.7510154272467402,-0.9922987734435978,1.1001441,0.5330215,0.0366005
746,0.7587341062095796,1.7500155795515837,-0.9912814733420041,1.1000980,0.5330876,0.0366030
747,0.7587515586160168,1.7490157318564272,-0.9902641732404104,1.1000533,0.5331692,0.0366064
748,0.7587690110224541,1.7480158841612707,-0.9892468731388167,1.0999935,0.5332402,0.0366038
749,0.7587864634288913,1.7470160364661145,-0.9882295730372231,1.0999519,0.5333130,0.0366086
750,0.7588039158353286,1.7460161887709578,-0.9872122729356292,1.0999048,0.5333930,0.0366099
751,0.7588213682417658,1.7450163410758013,-0.9861949728340355,1.0998676,0.5334762,0.0366149
752,0.7588388206482031,1.7440164933806448,-0.9851776727324417,1.0998319,0.5335539,0.0366145
753,0.7588562730546403,1.7430166456854883,-0.984160372630848,1.0997457,0.5336229,0.0366177
754,0.7588737254610776,1.7420167979903318,-0.9831430725292543,1.0997244,0.5337043,0.0366194
755,0.7588911778675148,1.7410169502951751,-0.9821257724276603,1.0996836,0.5337884,0.0366237
756,0.7589086302739521,1.7400171026000189,-0.9811084723260668,1.0996133,0.5338620,0.0366245
757,0.7589260826803893,1.7390172549048624,-0.9800911722244731,1.0995624,0.5339325,0.0366270
758,0.7589435350868265,1.738017407209706,-0.9790738721228796,1.0995175,0.5340069,0.0366280
759,0.7589609874932638,1.7370175595145494,-0.9780565720212856,1.0994714,0.5340817,0.0366313
760,0.758978439899701,1.736017711819393,-0.9770392719196919,1.0994208,0.5341701,0.0366340
761,0.7589958923061383,1.7350178641242364,-0.9760219718180981,1.0993761,0.5342339,0.0366320
762,0.7590133447125755,1.73401801642908,-0.9750046717165044,1.0993160,0.5343185,0.0366382
763,0.75904824952545,1.732018321038767,-0.9729700715133169,1.0992059,0.5344617,0.0366403
764,0.7590657019318873,1.7310184733436105,-0.9719527714117232,1.0991790,0.5345809,0.0366454
765,0.7590831543383245,1.730018625648454,-0.9709354713101295,1.0991126,0.5346214,0.0366429
766,0.7591006067447618,1.7290187779532975,-0.9699181712085357,1.0990762,0.5347023,0.0366475
767,0.759118059151199,1.728018930258141,-0.968900871106942,1.0990121,0.5347721,0.0366487
768,0.7591355115576363,1.7270190825629843,-0.967883571005348,1.0989518,0.5348634,0.0366542
769,0.7591529639640735,1.726019234867828,-0.9668662709037545,1.0989443,0.5349254,0.0366552
770,0.7591704163705107,1.7250193871726716,-0.9658489708021608,1.0988642,0.5350106,0.0366562
771,0.759187868776948,1.724019539477515,-0.9648316707005671,1.0988215,0.5351202,0.0366605
772,0.7592053211833852,1.7230196917823586,-0.9638143705989733,1.0987883,0.5352049,0.0366610
773,0.7592227735898225,1.722019844087202,-0.9627970704973796,1.0987193,0.5352702,0.0366664
774,0.7592402259962597,1.7210199963920456,-0.9617797703957859,1.0986599,0.5353254,0.0366658
775,0.759257678402697,1.7200201486968891,-0.9607624702941922,1.0986047,0.5354119,0.0366686
776,0.7592751308091342,1.7190203010017326,-0.9597451701925984,1.0985615,0.5354954,0.0366693
777,0.7592925832155715,1.7180204533065762,-0.9587278700910047,1.0985182,0.5355690,0.0366734
778,0.7593100356220087,1.7170206056114197,-0.957710569989411,1.0985266,0.5356513,0.0366763
779,0.759327488028446,1.7160207579162632,-0.9566932698878172,1.0984249,0.5357248,0.0366772
780,0.7593449404348832,1.7150209102211067,-0.9556759697862235,1.0983718,0.5357993,0.0366843
781,0.7593798399315858,1.7140215193940875,-0.9546416794625018,1.0983044,0.5358872,0.0366845
782,0.759397292338023,1.713021671698931,-0.953624379360908,1.0982509,0.5359960,0.0366873
783,0.7594147447444602,1.7120218240037746,-0.9526070792593143,1.0982534,0.5360469,0.0366927
784,0.7594321971508975,1.711021976308618,-0.9515897791577206,1.0981462,0.5361433,0.0366951
785,0.7594496495573347,1.7100221286134616,-0.9505724790561269,1.0981025,0.5362270,0.0366961
786,0.759467101963772,1.709022280918305,-0.9495551789545331,1.0980392,0.5362966,0.0366973
787,0.7594845543702092,1.7080224332231486,-0.9485378788529394,1.0979854,0.5364055,0.0367016
788,0.7595020067766465,1.707022585527992,-0.9475205787513454,1.0979524,0.5364437,0.0367013
789,0.7595194591830837,1.7060227378328356,-0.9465032786497519,1.0979256,0.5365304,0.0367052
790,0.759536911589521,1.7050228901376792,-0.9454859785481582,1.0978415,0.5366090,0.0367072
791,0.7595543639959582,1.704023042442523,-0.9444686784465647,1.0978214,0.5367182,0.0367119
792,0.7595718164023955,1.7030231947473662,-0.9434513783449707,1.0977356,0.5367954,0.0367096
793,0.7595892688088327,1.7020233470522097,-0.942434078243377,1.0976817,0.5368589,0.0367136
794,0.7596241683055353,1.7010239562251903,-0.9413997879196551,1.0976065,0.5369430,0.0367198
795,0.7596416207119725,1.700024108530034,-0.9403824878180616,1.0975597,0.5370238,0.0367222
796,0.7596590731184097,1.6990242608348776,-0.9393651877164678,1.0975095,0.5371342,0.0367253
797,0.759676525524847,1.698024413139721,-0.9383478876148741,1.0974639,0.5372105,0.0367287
798,0.7596939779312842,1.6970245654445646,-0.9373305875132804,1.0974050,0.5372871,0.0367281
799,0.7597114303377215,1.696024717749408,-0.9363132874116866,1.0973456,0.5373708,0.0367315
800,0.7597288827441587,1.6950248700542516,-0.9352959873100929,1.0973033,0.5374400,0.0367341
801,0.759746335150596,1.6940250223590951,-0.9342786872084992,1.0972498,0.5375252,0.0367379
802,0.7597812346472985,1.693025631532076,-0.9332443968847774,1.0971960,0.5376163,0.0367406
803,0.7597986870537358,1.6920257838369197,-0.9322270967831839,1.0971365,0.5377172,0.0367437
804,0.759816139460173,1.691025936141763,-0.93120979668159,1.0971198,0.5377926,0.0367459
805,0.7598335918666103,1.6900260884466063,-0.930192496579996,1.0970097,0.5378788,0.0367485
806,0.7598510442730475,1.68902624075145,-0.9291751964784025,1.0969809,0.5379472,0.0367492
807,0.7598684966794848,1.6880263930562935,-0.9281578963768088,1.0969071,0.5380440,0.0367529
808,0.7599033961761873,1.6870270022292744,-0.9271236060530871,1.0968442,0.5381261,0.0367570
809,0.7599208485826245,1.686027154534118,-0.9261063059514936,1.0967902,0.5382045,0.0367632
810,0.7599383009890618,1.6850273068389614,-0.9250890058498996,1.0967643,0.5382823,0.0367657
811,0.759955753395499,1.684027459143805,-0.9240717057483059,1.0967140,0.5383562,0.0367679
812,0.7599732058019363,1.6830276114486484,-0.9230544056467122,1.0966325,0.5384551,0.0367671
813,0.7600081052986388,1.6820282206216293,-0.9220201153229904,1.0965834,0.5385356,0.0367763
814,0.7600255577050761,1.6810283729264728,-0.9210028152213967,1.0965089,0.5386411,0.0367764
815,0.7600430101115133,1.6800285252313163,-0.919985515119803,1.0964398,0.5387303,0.0367788
816,0.7600604625179506,1.6790286775361598,-0.9189682150182092,1.0963950,0.5388138,0.0367815
817,0.7600779149243878,1.678028829841003,-0.9179509149166153,1.0963461,0.5388807,0.0367820
818,0.7601128144210904,1.6770294390139842,-0.9169166245928938,1.0962737,0.5389878,0.0367885
819,0.7601302668275276,1.6760295913188277,-0.9158993244913001,1.0962208,0.5390712,0.0367909
820,0.7601477192339648,1.6750297436236712,-0.9148820243897063,1.0961588,0.5391565,0.0367934
821,0.7601651716404021,1.6740298959285147,-0.9138647242881126,1.0961293,0.5392500,0.0367976
822,0.7602000711371046,1.6730305051014955,-0.9128304339643909,1.0960400,0.5393152,0.0367986
823,0.7602175235435419,1.672030657406339,-0.9118131338627972,1.0959732,0.5394064,0.0368035
824,0.7602349759499791,1.6710308097111826,-0.9107958337612034,1.0959227,0.5394796,0.0368065
825,0.7602524283564164,1.670030962016026,-0.9097785336596097,1.0958575,0.5395927,0.0368098
826,0.7602873278531189,1.669031571189007,-0.908744243335888,1.0957959,0.5396638,0.0368112
827,0.7603047802595562,1.6680317234938504,-0.9077269432342943,1.0957500,0.5397795,0.0368164
828,0.7603222326659934,1.667031875798694,-0.9067096431327005,1.0956929,0.5398415,0.0368173
829,0.760357132162696,1.6660324849716748,-0.9056753528089788,1.0956203,0.5399309,0.0368229
830,0.7603745845691332,1.6650326372765183,-0.9046580527073851,1.0955649,0.5400196,0.0368246
831,0.7603920369755705,1.6640327895813618,-0.9036407526057914,1.0954894,0.5401169,0.0368292
832,0.7604094893820077,1.663032941886205,-0.9026234525041974,1.0954421,0.5401980,0.0368311
833,0.7604443888787102,1.6620335510591862,-0.9015891621804759,1.0953731,0.5402841,0.0368323
834,0.7604618412851475,1.6610337033640297,-0.9005718620788822,1.0953183,0.5403666,0.0368374
835,0.7604792936915847,1.6600338556688732,-0.8995545619772884,1.0952649,0.5404555,0.0368408
836,0.7605141931882873,1.659034464841854,-0.8985202716535667,1.0951797,0.5405605,0.0368456
837,0.7605316455947245,1.6580346171466975,-0.897502971551973,1.0951254,0.5406429,0.0368487
838,0.7605490980011618,1.657034769451541,-0.8964856714503793,1.0950691,0.5407296,0.0368492
839,0.7605839974978643,1.656035378624522,-0.8954513811266578,1.0950017,0.5408027,0.0368560
840,0.7606014499043016,1.6550355309293654,-0.8944340810250638,1.0949370,0.5408906,0.0368589
841,0.7606189023107388,1.654035683234209,-0.8934167809234701,1.0948801,0.5409819,0.0368626
842,0.7606538018074414,1.6530362924071895,-0.8923824905997482,1.0948138,0.5410814,0.0368668
843,0.7606712542138786,1.6520364447120333,-0.8913651904981547,1.0947486,0.5411735,0.0368697
844,0.7607061537105811,1.651037053885014,-0.890330900174433,1.0946645,0.5412539,0.0368742
845,0.7607236061170184,1.6500372061898576,-0.8893136000728392,1.0946254,0.5413597,0.0368771
846,0.7607410585234556,1.6490373584947011,-0.8882962999712455,1.0945651,0.5414465,0.0368791
847,0.7607759580201582,1.648037967667682,-0.8872620096475238,1.0945070,0.5415555,0.0368861
848,0.7607934104265954,1.6470381199725257,-0.8862447095459303,1.0944361,0.5416279,0.0368901
849,0.760828309923298,1.6460387291455063,-0.8852104192222083,1.0943540,0.5417057,0.0368900
850,0.7608457623297352,1.6450388814503498,-0.8841931191206146,1.0942878,0.5417957,0.0368929
851,0.7608632147361725,1.6440390337551931,-0.8831758190190206,1.0942469,0.5418896,0.0368966
852,0.760898114232875,1.6430396429281742,-0.8821415286952992,1.0941561,0.5419874,0.0369032
853,0.7609155666393123,1.6420397952330177,-0.8811242285937054,1.0941055,0.5420804,0.0369068
854,0.7609504661360148,1.6410404044059983,-0.8800899382699835,1.0940288,0.5421719,0.0369103
855,0.760967918542452,1.640040556710842,-0.87907263816839,1.0939695,0.5422691,0.0369147
856,0.7610028180391546,1.6390411658838229,-0.8780383478446683,1.0939021,0.5423707,0.0369179
857,0.7610202704455918,1.6380413181886664,-0.8770210477430745,1.0938242,0.5424359,0.0369202
858,0.7610551699422944,1.6370419273616472,-0.8759867574193528,1.0937567,0.5425430,0.0369256
859,0.7610900694389969,1.636042536534628,-0.8749524670956311,1.0936807,0.5426355,0.0369295
860,0.7611249689356995,1.635043145707609,-0.8739181767719094,1.0936311,0.5427256,0.0369350
861,0.761159868432402,1.6340437548805895,-0.8728838864481875,1.0935537,0.5428247,0.0369407
862,0.7611947679291046,1.6330443640535706,-0.871849596124466,1.0934661,0.5428969,0.0369453
863,0.7612296674258071,1.6320449732265514,-0.8708153058007443,1.0933945,0.5430166,0.0369499
864,0.7612645669225097,1.6310455823995322,-0.8697810154770226,1.0932963,0.5430896,0.0369542
865,0.7612994664192122,1.630046191572513,-0.8687467251533009,1.0932277,0.5432011,0.0369594
866,0.7613343659159147,1.629046800745494,-0.8677124348295792,1.0931366,0.5432932,0.0369639
867,0.7613692654126173,1.6280474099184747,-0.8666781445058575,1.0930627,0.5433873,0.0369687
868,0.7614041649093198,1.6270480190914556,-0.8656438541821357,1.0929810,0.5434755,0.0369724
869,0.7614390644060224,1.6260486282644364,-0.864609563858414,1.0929080,0.5435507,0.0369763
870,0.7614739639027249,1.6250492374374172,-0.8635752735346923,1.0928574,0.5436685,0.0369805
871,0.7615088633994275,1.624049846610398,-0.8625409832109706,1.0927851,0.5437566,0.0369858
872,0.76154376289613,1.623050455783379,-0.8615066928872489,1.0926802,0.5438536,0.0369922
873,0.7615786623928326,1.6220510649563598,-0.8604724025635272,1.0925929,0.5439262,0.0369951
874,0.7616135618895351,1.6210516741293406,-0.8594381122398055,1.0925167,0.5440421,0.0370019
875,0.7616484613862377,1.6200522833023214,-0.8584038219160838,1.0924429,0.5441361,0.0370053
876,0.7616833608829402,1.6190528924753025,-0.8573695315923623,1.0923605,0.5442077,0.0370077
877,0.7617182603796427,1.618053501648283,-0.8563352412686404,1.0923024,0.5443239,0.0370158
878,0.7617531598763453,1.617054110821264,-0.8553009509449186,1.0922125,0.5444266,0.0370203
879,0.7617880593730478,1.6160547199942448,-0.8542666606211969,1.0921240,0.5445067,0.0370244
880,0.7618229588697504,1.6150553291672256,-0.8532323702974752,1.0920495,0.5446144,0.0370292
881,0.7618578583664529,1.6140559383402064,-0.8521980799737535,1.0919817,0.5447137,0.0370354
882,0.7618927578631555,1.6130565475131873,-0.8511637896500318,1.0918817,0.5448109,0.0370394
883,0.761927657359858,1.612057156686168,-0.8501294993263099,1.0918060,0.5449059,0.0370444
884,0.7619625568565606,1.611057765859149,-0.8490952090025884,1.0917330,0.5449944,0.0370476
885,0.7619974563532631,1.6100583750321298,-0.8480609186788667,1.0916587,0.5450914,0.0370545
886,0.7620323558499656,1.6090589842051106,-0.847026628355145,1.0915639,0.5452063,0.0370594
887,0.7620672553466682,1.6080595933780917,-0.8459923380314235,1.0914931,0.5452896,0.0370638
888,0.7621021548433707,1.6070602025510723,-0.8449580477077016,1.0914133,0.5453861,0.0370687
889,0.7621370543400733,1.6060608117240531,-0.8439237573839798,1.0913337,0.5454832,0.0370737
890,0.7621719538367758,1.605061420897034,-0.8428894670602581,1.0912528,0.5455790,0.0370790
891,0.7622068533334784,1.6040620300700148,-0.8418551767365364,1.0911732,0.5456809,0.0370850
892,0.7622417528301809,1.6030626392429956,-0.8408208864128147,1.0911037,0.5457794,0.0370903
893,0.7622766523268835,1.6020632484159765,-0.839786596089093,1.0910205,0.5458759,0.0370951
894,0.762311551823586,1.6010638575889573,-0.8387523057653713,1.0909485,0.5459810,0.0371003
895,0.7623464513202886,1.600064466761938,-0.8377180154416494,1.0908577,0.5460926,0.0371059
896,0.7623813508169911,1.599065075934919,-0.8366837251179279,1.0907842,0.5461741,0.0371105
897,0.7624162503136936,1.5980656851078998,-0.8356494347942062,1.0907059,0.5462471,0.0371159
898,0.7624511498103962,1.5970662942808806,-0.8346151444704845,1.0906226,0.5463542,0.0371200
899,0.7624860493070987,1.5960669034538617,-0.833580854146763,1.0905288,0.5464363,0.0371255
900,0.7625209488038013,1.5950675126268423,-0.832546563823041,1.0904537,0.5465565,0.0371277
901,0.7625558483005038,1.5940681217998232,-0.8315122734993193,1.0903886,0.5466601,0.0371327
902,0.7625907477972064,1.593068730972804,-0.8304779831755976,1.0902821,0.5467532,0.0371423
903,0.7626256472939089,1.5920693401457848,-0.8294436928518759,1.0901984,0.5468638,0.0371433
904,0.7626605467906115,1.5910699493187657,-0.8284094025281542,1.0901191,0.5469703,0.0371523
905,0.762695446287314,1.5900705584917465,-0.8273751122044325,1.0900361,0.5470664,0.0371542
906,0.7627303457840166,1.5890711676647271,-0.8263408218807106,1.0899359,0.5471449,0.0371577
907,0.7627652452807191,1.5880717768377082,-0.8253065315569891,1.0898741,0.5472129,0.0371635
908,0.7628001447774216,1.587072386010689,-0.8242722412332674,1.0898004,0.5473127,0.0371690
909,0.7628350442741242,1.5860729951836698,-0.8232379509095457,1.0897008,0.5474204,0.0371776
910,0.7628699437708267,1.585073604356651,-0.8222036605858242,1.0896047,0.5475472,0.0371787
911,0.7629048432675293,1.5840742135296315,-0.8211693702621022,1.0895400,0.5476463,0.0371882
912,0.7629397427642318,1.5830748227026123,-0.8201350799383805,1.0894575,0.5477433,0.0371921
913,0.7629746422609344,1.5820754318755932,-0.8191007896146588,1.0893718,0.5478631,0.0371974
914,0.7630095417576369,1.581076041048574,-0.8180664992909371,1.0892770,0.5479584,0.0372032
915,0.7630444412543395,1.5800766502215549,-0.8170322089672154,1.0891983,0.5480599,0.0372046
916,0.763079340751042,1.5790772593945357,-0.8159979186434937,1.0891150,0.5481586,0.0372128
917,0.7631142402477445,1.5780778685675163,-0.8149636283197718,1.0890378,0.5482870,0.0372213
918,0.7631491397444471,1.5770784777404974,-0.8139293379960503,1.0889526,0.5483678,0.0372245
919,0.7631840392411496,1.5760790869134782,-0.8128950476723286,1.0888534,0.5484699,0.0372321
920,0.7632189387378522,1.575079696086459,-0.8118607573486069,1.0887805,0.5485779,0.0372344
921,0.7632538382345547,1.57408030525944,-0.8108264670248854,1.0887027,0.5486759,0.0372413
922,0.7632887377312573,1.5730809144324207,-0.8097921767011634,1.0886266,0.5487913,0.0372463
923,0.7633236372279598,1.5720815236054015,-0.8087578863774417,1.0885417,0.5488974,0.0372516
924,0.7633585367246624,1.5710821327783824,-0.80772359605372,1.0884363,0.5489967,0.0372607
925,0.7633934362213649,1.5700827419513632,-0.8066893057299983,1.0883536,0.5490935,0.0372627
926,0.7634283357180675,1.569083351124344,-0.8056550154062766,1.0882719,0.5491991,0.0372694
927,0.76346323521477,1.5680839602973249,-0.8046207250825549,1.0881995,0.5493207,0.0372755
928,0.7634981347114725,1.5670845694703055,-0.803586434758833,1.0880943,0.5494115,0.0372793
929,0.7635330342081751,1.5660851786432866,-0.8025521444351115,1.0880129,0.5495107,0.0372844
930,0.7635679337048776,1.5650857878162674,-0.8015178541113898,1.0879284,0.5496148,0.0372910
931,0.7636028332015802,1.5640863969892482,-0.800483563787668,1.0878509,0.5497231,0.0372946
932,0.7636377326982827,1.563087006162229,-0.7994492734639463,1.0877499,0.5498271,0.0373040
933,0.7636726321949853,1.56208761533521,-0.7984149831402246,1.0876744,0.5499391,0.0373101
934,0.7637249681512283,1.5610889858004553,-0.797364017649227,1.0875228,0.5500058,0.0373126
935,0.7637598676479308,1.560089594973436,-0.7963297273255051,1.0874758,0.5501492,0.0373212
936,0.7637947671446333,1.559090204146417,-0.7952954370017836,1.0873980,0.5502527,0.0373280
937,0.7638296666413359,1.5580908133193978,-0.7942611466780619,1.0872924,0.5503627,0.0373351
938,0.7638645661380384,1.5570914224923786,-0.7932268563543402,1.0872226,0.5504630,0.0373388
939,0.763899465634741,1.5560920316653597,-0.7921925660306187,1.0871336,0.5505655,0.0373434
940,0.7639343651314435,1.5550926408383403,-0.7911582757068968,1.0870266,0.5506869,0.0373504
941,0.7639692646281461,1.5540932500113211,-0.7901239853831751,1.0869602,0.5507815,0.0373567
942,0.7640216005843891,1.5530946204765663,-0.7890730198921773,1.0868479,0.5508853,0.0373629
943,0.7640565000810916,1.5520952296495474,-0.7880387295684558,1.0867545,0.5509926,0.0373681
944,0.7640913995777942,1.5510958388225282,-0.7870044392447341,1.0866685,0.5511077,0.0373757
945,0.7641262990744967,1.550096447995509,-0.7859701489210124,1.0865781,0.5512060,0.0373776
946,0.7641611985711992,1.54909705716849,-0.7849358585972909,1.0864999,0.5513159,0.0373876
947,0.7642135345274422,1.5480984276337353,-0.7838848931062931,1.0863940,0.5514248,0.0373951
948,0.7642484340241448,1.547099036806716,-0.7828506027825711,1.0863067,0.5515289,0.0374009
949,0.7642833335208473,1.546099645979697,-0.7818163124588496,1.0862155,0.5516358,0.0374064
950,0.7643182330175499,1.5451002551526778,-0.7807820221351279,1.0861061,0.5517286,0.0374112
951,0.7643705689737929,1.5441016256179232,-0.7797310566441303,1.0860155,0.5518534,0.0374212
952,0.7644229049300358,1.5431029960831686,-0.7786800911531327,1.0859067,0.5519677,0.0374265
953,0.7644752408862788,1.542104366548414,-0.7776291256621352,1.0857977,0.5520824,0.0374361
954,0.7645275768425218,1.5411057370136594,-0.7765781601711376,1.0856962,0.5521741,0.0374419
955,0.7645799127987648,1.5401071074789048,-0.77552719468014,1.0855888,0.5522828,0.0374503
956,0.7646322487550078,1.5391084779441502,-0.7744762291891424,1.0854796,0.5523979,0.0374556
957,0.7646845847112508,1.5381098484093956,-0.7734252636981448,1.0853724,0.5525080,0.0374662
958,0.7647369206674938,1.537111218874641,-0.7723742982071472,1.0852557,0.5526179,0.0374747
959,0.7647892566237368,1.5361125893398864,-0.7713233327161496,1.0851591,0.5527252,0.0374803
960,0.7648415925799797,1.5351139598051318,-0.770272367225152,1.0850467,0.5528339,0.0374872
961,0.7648939285362227,1.5341153302703772,-0.7692214017341544,1.0849644,0.5529421,0.0374975
962,0.7649462644924657,1.5331167007356226,-0.7681704362431568,1.0847942,0.5530818,0.0374987
963,0.7649986004487087,1.532118071200868,-0.7671194707521592,1.0847210,0.5531190,0.0375084
964,0.7650509364049517,1.5311194416661134,-0.7660685052611617,1.0846395,0.5532728,0.0375201
965,0.7651032723611947,1.5301208121313588,-0.7650175397701641,1.0845251,0.5533845,0.0375281
966,0.7651556083174377,1.5291221825966042,-0.7639665742791665,1.0844062,0.5535044,0.0375364
967,0.7652079442736807,1.5281235530618495,-0.7629156087881689,1.0842905,0.5536065,0.0375408
968,0.7652602802299237,1.527124923527095,-0.7618646432971713,1.0842017,0.5537264,0.0375505
969,0.7653126161861666,1.5261262939923403,-0.7608136778061737,1.0840832,0.5538306,0.0375560
970,0.7653649521424096,1.5251276644575855,-0.7597627123151759,1.0839524,0.5539537,0.0375663
971,0.7654172880986526,1.5241290349228311,-0.7587117468241785,1.0838399,0.5540127,0.0375712
972,0.7654696240548956,1.5231304053880763,-0.7576607813331807,1.0837335,0.5541662,0.0375815
973,0.7655219600111386,1.522131775853322,-0.7566098158421833,1.0836403,0.5542752,0.0375887
974,0.7655742959673816,1.521133146318567,-0.7555588503511855,1.0835301,0.5543871,0.0375976
975,0.7656266319236246,1.5201345167838127,-0.7545078848601882,1.0834084,0.5544537,0.0376031
976,0.7656789678798676,1.519135887249058,-0.7534569193691903,1.0833171,0.5546188,0.0376138
977,0.7657313038361105,1.5181372577143035,-0.752405953878193,1.0831884,0.5547319,0.0376193
978,0.7657836397923535,1.517138628179549,-0.7513549883871954,1.0830906,0.5548419,0.0376294
979,0.7658359757485965,1.5161399986447943,-0.7503040228961978,1.0829843,0.5549527,0.0376376
980,0.7658883117048395,1.5151413691100395,-0.7492530574052,1.0828775,0.5550619,0.0376433
981,0.7659406476610825,1.5141427395752851,-0.7482020919142026,1.0827599,0.5551859,0.0376538
982,0.7659929836173255,1.5131441100405305,-0.747151126423205,1.0826533,0.5552985,0.0376622
983,0.7660453195735685,1.512145480505776,-0.7461001609322074,1.0825332,0.5554122,0.0376694
984,0.7660976555298115,1.5111468509710213,-0.7450491954412098,1.0824102,0.5555253,0.0376791
985,0.7661499914860544,1.5101482214362667,-0.7439982299502123,1.0823031,0.5556332,0.0376869
986,0.7662023274422974,1.509149591901512,-0.7429472644592147,1.0821961,0.5557438,0.0376956
987,0.7662546633985404,1.5081509623667575,-0.7418962989682171,1.0820825,0.5558626,0.0377056
988,0.7663069993547834,1.507152332832003,-0.7408453334772195,1.0819828,0.5559816,0.0377109
989,0.7663593353110264,1.5061537032972483,-0.7397943679862219,1.0818657,0.5560941,0.0377192
990,0.7664116712672694,1.5051550737624937,-0.7387434024952243,1.0817527,0.5562107,0.0377281
991,0.7664640072235124,1.504156444227739,-0.7376924370042267,1.0816443,0.5563285,0.0377369
992,0.7665163431797554,1.5031578146929845,-0.7366414715132291,1.0815349,0.5564470,0.0377436
993,0.7665686791359984,1.50215918515823,-0.7355905060222317,1.0814084,0.5565576,0.0377533
994,0.7666210150922413,1.5011605556234753,-0.7345395405312339,1.0812639,0.5566561,0.0377596
995,0.7666733510484843,1.500161926088721,-0.7334885750402366,1.0811651,0.5567543,0.0377662
996,0.7667256870047273,1.499163296553966,-0.7324376095492388,1.0810640,0.5569057,0.0377781
997,0.7667780229609703,1.4981646670192117,-0.7313866440582414,1.0809526,0.5570224,0.0377872
998,0.7668303589172133,1.4971660374844569,-0.7303356785672436,1.0808417,0.5571536,0.0377942
999,0.7668826948734563,1.4961674079497025,-0.7292847130762462,1.0807198,0.5572564,0.0378025
1000,0.7669350308296993,1.4951687784149477,-0.7282337475852484,1.0806081,0.5573787,0.0378148
1001,0.7669873667859423,1.494170148880193,-0.7271827820942508,1.0804954,0.5574924,0.0378216
1002,0.7670397027421852,1.4931715193454385,-0.7261318166032532,1.0803826,0.5576165,0.0378281
1003,0.7670920386984282,1.492172889810684,-0.7250808511122558,1.0802681,0.5577354,0.0378399
1004,0.7671443746546712,1.4911742602759293,-0.724029885621258,1.0801472,0.5578411,0.0378472
1005,0.7671967106109142,1.4901756307411749,-0.7229789201302607,1.0800336,0.5579569,0.0378570
1006,0.7672490465671572,1.48917700120642,-0.7219279546392628,1.0799177,0.5580758,0.0378666
1007,0.7673013825234002,1.4881783716716654,-0.7208769891482653,1.0797910,0.5582074,0.0378739
1008,0.7673537184796432,1.4871797421369108,-0.7198260236572677,1.0796930,0.5583220,0.0378816
1009,0.7674060544358862,1.4861811126021562,-0.7187750581662701,1.0795743,0.5584387,0.0378924
1010,0.7674583903921292,1.4851824830674016,-0.7177240926752725,1.0794703,0.5585747,0.0378993
1011,0.7675107263483721,1.484183853532647,-0.7166731271842749,1.0793446,0.5586809,0.0379099
1012,0.7675630623046151,1.4831852239978924,-0.7156221616932773,1.0792291,0.5587976,0.0379179
1013,0.7676153982608581,1.4821865944631378,-0.7145711962022797,1.0791083,0.5589091,0.0379254
1014,0.7676677342171011,1.4811879649283832,-0.7135202307112821,1.0790031,0.5590475,0.0379362
1015,0.7677374906908452,1.4801904008781237,-0.7124529101872785,1.0788655,0.5591634,0.0379441
1016,0.7678072471645893,1.4791928368278635,-0.7113855896632743,1.0787311,0.5592552,0.0379544
1017,0.7678770036383333,1.478195272777604,-0.7103182691392707,1.0786006,0.5593990,0.0379652
1018,0.7679467601120774,1.4771977087273442,-0.7092509486152668,1.0784583,0.5595238,0.0379780
1019,0.7680165165858215,1.4762001446770845,-0.708183628091263,1.0783205,0.5596284,0.0379865
1020,0.7680862730595656,1.4752025806268247,-0.7071163075672592,1.0781867,0.5597624,0.0379985
1021,0.7681560295333096,1.474205016576565,-0.7060489870432554,1.0780511,0.5598843,0.0380082
1022,0.7682257860070537,1.4732074525263053,-0.7049816665192515,1.0779288,0.5599997,0.0380195
1023,0.7682955424807978,1.4722098884760455,-0.7039143459952477,1.0777736,0.5600889,0.0380277
1024,0.7683652989545419,1.4712123244257858,-0.7028470254712439,1.0776438,0.5602377,0.0380420
1025,0.7684350554282859,1.470214760375526,-0.7017797049472401,1.0775155,0.5603606,0.0380521
1026,0.76850481190203,1.4692171963252665,-0.7007123844232365,1.0773714,0.5604786,0.0380637
1027,0.7685745683757741,1.4682196322750063,-0.6996450638992322,1.0772322,0.5605943,0.0380712
1028,0.7686443248495182,1.4672220682247468,-0.6985777433752286,1.0771169,0.5607263,0.0380863
1029,0.7687140813232622,1.466224504174487,-0.6975104228512248,1.0769716,0.5608457,0.0380928
1030,0.7687838377970063,1.4652269401242273,-0.696443102327221,1.0768369,0.5609673,0.0381075
1031,0.7688535942707504,1.4642293760739675,-0.6953757818032171,1.0767002,0.5610889,0.0381183
1032,0.7689233507444945,1.4632318120237078,-0.6943084612792133,1.0765658,0.5612123,0.0381293
1033,0.7689931072182385,1.462234247973448,-0.6932411407552095,1.0764287,0.5613343,0.0381401
1034,0.7690628636919826,1.4612366839231885,-0.6921738202312059,1.0762918,0.5614568,0.0381511
1035,0.7691326201657267,1.4602391198729283,-0.6911064997072016,1.0761549,0.5615798,0.0381621
1036,0.7692023766394708,1.4592415558226688,-0.690039179183198,1.0760179,0.5617032,0.0381731
1037,0.7692721331132149,1.458243991772409,-0.6889718586591942,1.0758808,0.5618269,0.0381843
1038,0.7693418895869589,1.4572464277221493,-0.6879045381351904,1.0757435,0.5619509,0.0381954
1039,0.769411646060703,1.4562488636718895,-0.6868372176111865,1.0756062,0.5620751,0.0382066
1040,0.7694814025344471,1.4552512996216298,-0.6857698970871827,1.0754686,0.5621995,0.0382178
1041,0.7695511590081912,1.45425373557137,-0.6847025765631789,1.0753310,0.5623242,0.0382290
1042,0.7696209154819352,1.4532561715211103,-0.6836352560391751,1.0751931,0.5624490,0.0382403
1043,0.7696906719556793,1.4522586074708506,-0.6825679355151713,1.0750552,0.5625741,0.0382516
1044,0.7697604284294234,1.4512610434205908,-0.6815006149911674,1.0749133,0.5627078,0.0382591
1045,0.7698301849031675,1.450263479370331,-0.6804332944671636,1.0747768,0.5628238,0.0382718
1046,0.7698999413769115,1.449265915320071,-0.6793659739431596,1.0746397,0.5629523,0.0382854
1047,0.7699696978506556,1.4482683512698116,-0.678298653419156,1.0745054,0.5630818,0.0382977
1048,0.7700394543243997,1.4472707872195518,-0.6772313328951521,1.0743660,0.5632068,0.0383066
1049,0.7701092107981438,1.446273223169292,-0.6761640123711483,1.0742175,0.5633336,0.0383190
1050,0.7701789672718878,1.4452756591190323,-0.6750966918471445,1.0740998,0.5634408,0.0383283
1051,0.7702487237456319,1.4442780950687726,-0.6740293713231407,1.0739486,0.5635913,0.0383421
1052,0.770318480219376,1.4432805310185128,-0.6729620507991368,1.0738034,0.5637230,0.0383537
1053,0.7703882366931201,1.442282966968253,-0.671894730275133,1.0736512,0.5638557,0.0383632
1054,0.7704579931668641,1.4412854029179931,-0.670827409751129,1.0735150,0.5639816,0.0383766
1055,0.7705277496406082,1.4402878388677336,-0.6697600892271254,1.0733782,0.5640976,0.0383868
1056,0.7705975061143523,1.4392902748174738,-0.6686927687031216,1.0732431,0.5642243,0.0383983
1057,0.7706672625880964,1.438292710767214,-0.6676254481791177,1.0731171,0.5643495,0.0384128
1058,0.7707370190618404,1.4372951467169544,-0.6665581276551139,1.0729534,0.5644931,0.0384227
1059,0.7708067755355845,1.4362975826666946,-0.6654908071311101,1.0728233,0.5646169,0.0384356
1060,0.7708765320093286,1.4353000186164349,-0.6644234866071063,1.0726753,0.5647466,0.0384457
1061,0.7709462884830727,1.4343024545661751,-0.6633561660831024,1.0725339,0.5648774,0.0384572
1062,0.7710334442258203,1.4333062598680837,-0.6622728156422634,1.0723646,0.5649686,0.0384710
1063,0.771120599968568,1.4323100651699918,-0.6611894652014239,1.0722151,0.5651630,0.0384863
1064,0.7712077557113156,1.4313138704719002,-0.6601061147605846,1.0720578,0.5652437,0.0385006
1065,0.7712949114540633,1.4303176757738083,-0.659022764319745,1.0718937,0.5654375,0.0385151
1066,0.7713820671968109,1.4293214810757169,-0.657939413878906,1.0717389,0.5655439,0.0385263
1067,0.7714692229395586,1.4283252863776252,-0.6568560634380667,1.0715866,0.5656462,0.0385406
1068,0.7715563786823062,1.4273290916795336,-0.6557727129972274,1.0714432,0.5657568,0.0385510
1069,0.7716435344250538,1.426332896981442,-0.6546893625563881,1.0712758,0.5658888,0.0385677
1070,0.7717306901678015,1.4253367022833503,-0.6536060121155488,1.0711019,0.5660305,0.0385795
1071,0.7718178459105491,1.4243405075852589,-0.6525226616747097,1.0709664,0.5661539,0.0385959
1072,0.7719050016532968,1.423344312887167,-0.6514393112338702,1.0707942,0.5662804,0.0386093
1073,0.7719921573960444,1.4223481181890754,-0.6503559607930309,1.0706211,0.5664228,0.0386215
1074,0.7720793131387921,1.4213519234909835,-0.6492726103521914,1.0704788,0.5665386,0.0386362
1075,0.7721664688815397,1.420355728792892,-0.6481892599113523,1.0703031,0.5666789,0.0386483
1076,0.7722536246242874,1.4193595340948004,-0.647105909470513,1.0701527,0.5668274,0.0386639
1077,0.772340780367035,1.4183633393967088,-0.6460225590296738,1.0700098,0.5669411,0.0386787
1078,0.7724279361097827,1.4173671446986171,-0.6449392085888345,1.0698405,0.5670777,0.0386933
1079,0.7725150918525303,1.4163709500005257,-0.6438558581479954,1.0696865,0.5671604,0.0387062
1080,0.772602247595278,1.4153747553024338,-0.6427725077071559,1.0695394,0.5673071,0.0387198
1081,0.7726894033380256,1.4143785606043422,-0.6416891572663166,1.0693420,0.5674670,0.0387343
1082,0.7727765590807733,1.4133823659062503,-0.6406058068254771,1.0691856,0.5676038,0.0387479
1083,0.7728637148235209,1.412386171208159,-0.639522456384638,1.0690392,0.5677334,0.0387630
1084,0.7729508705662685,1.4113899765100673,-0.6384391059437987,1.0688590,0.5678659,0.0387771
1085,0.7730380263090162,1.4103937818119756,-0.6373557555029594,1.0687201,0.5679996,0.0387915
1086,0.7731251820517638,1.409397587113884,-0.6362724050621201,1.0685545,0.5681283,0.0388063
1087,0.7732123377945115,1.4084013924157923,-0.6351890546212808,1.0683900,0.5682625,0.0388205
1088,0.7732994935372591,1.407405197717701,-0.6341057041804418,1.0682349,0.5684011,0.0388354
1089,0.7733866492800068,1.406409003019609,-0.6330223537396023,1.0680637,0.5685286,0.0388481
1090,0.7734738050227544,1.4054128083215174,-0.631939003298763,1.0679131,0.5686575,0.0388623
1091,0.7735609607655021,1.4044166136234255,-0.6308556528579234,1.0677544,0.5687897,0.0388775
1092,0.7736481165082497,1.403420418925334,-0.6297723024170844,1.0675838,0.5689274,0.0388921
1093,0.7737352722509974,1.4024242242272424,-0.6286889519762451,1.0674201,0.5690725,0.0389063
1094,0.773822427993745,1.4014280295291508,-0.6276056015354058,1.0672504,0.5692132,0.0389195
1095,0.7739095837364927,1.4004318348310592,-0.6265222510945665,1.0670861,0.5693491,0.0389336
1096,0.7739967394792403,1.3994356401329675,-0.6254389006537272,1.0669120,0.5694872,0.0389470
1097,0.774083895221988,1.398439445434876,-0.6243555502128881,1.0667609,0.5696097,0.0389648
1098,0.7741710509647356,1.3974432507367842,-0.6232721997720486,1.0665935,0.5697645,0.0389770
1099,0.7742755794280033,1.396448728841416,-0.6221731494134127,1.0664251,0.5698804,0.0389966
1100,0.774380107891271,1.3954542069460478,-0.6210740990547768,1.0662352,0.5700131,0.0390119
1101,0.7744846363545387,1.3944596850506796,-0.619975048696141,1.0660711,0.5701459,0.0390286
1102,0.7745891648178064,1.3934651631553114,-0.6188759983375051,1.0658750,0.5702638,0.0390445
1103,0.7746936932810741,1.3924706412599432,-0.6177769479788692,1.0656989,0.5703969,0.0390615
1104,0.7747982217443418,1.391476119364575,-0.6166778976202333,1.0654979,0.5705300,0.0390730
1105,0.7749027502076095,1.3904815974692069,-0.6155788472615974,1.0652984,0.5706975,0.0390877
1106,0.7750072786708772,1.3894870755738389,-0.6144797969029617,1.0651483,0.5708005,0.0391028
1107,0.7751118071341448,1.3884925536784705,-0.6133807465443256,1.0649393,0.5709797,0.0391200
1108,0.7752163355974125,1.3874980317831025,-0.61228169618569,1.0647820,0.5710952,0.0391401
1109,0.7753208640606802,1.386503509887734,-0.6111826458270538,1.0645955,0.5712305,0.0391589
1110,0.7754253925239479,1.385508987992366,-0.6100835954684182,1.0644035,0.5713373,0.0391703
1111,0.7755299209872156,1.3845144660969977,-0.6089845451097821,1.0642456,0.5715266,0.0391901
1112,0.7756344494504833,1.3835199442016295,-0.6078854947511462,1.0640646,0.5716601,0.0392126
1113,0.775738977913751,1.3825254223062613,-0.6067864443925103,1.0638516,0.5717585,0.0392256
1114,0.7758435063770187,1.381530900410893,-0.6056873940338744,1.0636723,0.5719057,0.0392444
1115,0.7759480348402864,1.380536378515525,-0.6045883436752385,1.0635211,0.5720747,0.0392643
1116,0.7760525633035541,1.3795418566201567,-0.6034892933166026,1.0633442,0.5721953,0.0392797
1117,0.7761570917668218,1.3785473347247883,-0.6023902429579665,1.0631468,0.5723278,0.0392923
1118,0.7762616202300895,1.3775528128294203,-0.6012911925993308,1.0629679,0.5724673,0.0393102
1119,0.7763661486933572,1.376558290934052,-0.6001921422406947,1.0627848,0.5726071,0.0393302
1120,0.7764706771566249,1.375563769038684,-0.5990930918820591,1.0626025,0.5727453,0.0393453
1121,0.7765752056198926,1.3745692471433155,-0.597994041523423,1.0624286,0.5728878,0.0393637
1122,0.7766797340831603,1.3735747252479475,-0.5968949911647873,1.0622164,0.5730197,0.0393806
1123,0.776784262546428,1.3725802033525794,-0.5957959408061514,1.0620380,0.5731437,0.0393977
1124,0.7768887910096957,1.3715856814572112,-0.5946968904475155,1.0618650,0.5733074,0.0394160
1125,0.7769933194729634,1.370591159561843,-0.5935978400888796,1.0616877,0.5734440,0.0394316
1126,0.777097847936231,1.3695966376664748,-0.5924987897302437,1.0615053,0.5735836,0.0394501
1127,0.7772023763994987,1.3686021157711066,-0.5913997393716078,1.0613202,0.5737246,0.0394679
1128,0.7773242457429039,1.3676095696194652,-0.5902853238765613,1.0611191,0.5738638,0.0394868
1129,0.7774461150863091,1.366617023467824,-0.589170908381515,1.0609245,0.5740138,0.0395028
1130,0.7775679844297143,1.3656244773161823,-0.588056492886468,1.0607198,0.5741542,0.0395246
1131,0.7776898537731195,1.3646319311645412,-0.5869420773914217,1.0605100,0.5742944,0.0395435
1132,0.7778117231165247,1.3636393850128998,-0.5858276618963751,1.0603078,0.5744205,0.0395622
1133,0.7779335924599299,1.3626468388612585,-0.5847132464013286,1.0601071,0.5745622,0.0395808
1134,0.7780554618033351,1.3616542927096171,-0.5835988309062821,1.0599050,0.5747127,0.0396022
1135,0.7781773311467403,1.3606617465579758,-0.5824844154112355,1.0597065,0.5748541,0.0396216
1136,0.7782992004901454,1.3596692004063344,-0.581369999916189,1.0595071,0.5749952,0.0396411
1137,0.7784210698335506,1.358676654254693,-0.5802555844211424,1.0593062,0.5751363,0.0396605
1138,0.7785429391769558,1.3576841081030515,-0.5791411689260957,1.0591081,0.5752790,0.0396798
1139,0.778664808520361,1.3566915619514104,-0.5780267534310494,1.0589064,0.5754201,0.0396995
1140,0.7787866778637662,1.355699015799769,-0.5769123379360028,1.0587059,0.5755609,0.0397190
1141,0.7789085472071714,1.3547064696481277,-0.5757979224409563,1.0584947,0.5756966,0.0397366
1142,0.7790304165505766,1.3537139234964863,-0.5746835069459098,1.0582934,0.5758396,0.0397572
1143,0.7791522858939818,1.352721377344845,-0.5735690914508632,1.0580922,0.5759825,0.0397774
1144,0.779274155237387,1.3517288311932036,-0.5724546759558167,1.0578881,0.5761260,0.0397977
1145,0.7793960245807922,1.3507362850415623,-0.5713402604607701,1.0576847,0.5762697,0.0398175
1146,0.7795178939241973,1.349743738889921,-0.5702258449657236,1.0574832,0.5764133,0.0398368
1147,0.7796397632676025,1.3487511927382796,-0.569111429470677,1.0572801,0.5765566,0.0398568
1148,0.7797616326110077,1.3477586465866382,-0.5679970139756305,1.0570762,0.5767007,0.0398768
1149,0.7798835019544129,1.346766100434997,-0.566882598480584,1.0568730,0.5768460,0.0398967
1150,0.7800053712978181,1.3457735542833555,-0.5657681829855374,1.0566888,0.5769813,0.0399156
1151,0.7801272406412233,1.3447810081317142,-0.5646537674904909,1.0564683,0.5771363,0.0399365
1152,0.7802491099846285,1.3437884619800728,-0.5635393519954444,1.0562708,0.5772781,0.0399553
1153,0.7803709793280337,1.3427959158284315,-0.5624249365003978,1.0560660,0.5774201,0.0399728
1154,0.7805101524289937,1.34180564775969,-0.5612954953306963,1.0558521,0.5775631,0.0399948
1155,0.7806493255299537,1.3408153796909486,-0.5601660541609949,1.0556313,0.5777098,0.0400186
1156,0.7807884986309137,1.339825111622207,-0.5590366129912934,1.0554111,0.5778545,0.0400411
1157,0.7809276717318737,1.3388348435534656,-0.5579071718215919,1.0551895,0.5779911,0.0400631
1158,0.7810668448328337,1.337844575484724,-0.5567777306518902,1.0549693,0.5781353,0.0400850
1159,0.7812060179337937,1.3368543074159829,-0.5556482894821891,1.0547465,0.5782803,0.0401068
1160,0.7813451910347537,1.3358640393472412,-0.5545188483124874,1.0545262,0.5784248,0.0401288
1161,0.7814843641357138,1.3348737712784997,-0.553389407142786,1.0543060,0.5785692,0.0401509
1162,0.7816235372366738,1.3338835032097582,-0.5522599659730845,1.0540905,0.5787219,0.0401734
1163,0.7817627103376338,1.3328932351410168,-0.551130524803383,1.0538699,0.5788670,0.0401956
1164,0.7819018834385938,1.3319029670722753,-0.5500010836336815,1.0536493,0.5790121,0.0402178
1165,0.7820410565395538,1.3309126990035338,-0.54887164246398,1.0534290,0.5791572,0.0402401
1166,0.7821802296405138,1.3299224309347923,-0.5477422012942785,1.0532087,0.5793023,0.0402623
1167,0.7823194027414738,1.3289321628660509,-0.546612760124577,1.0529886,0.5794477,0.0402845
1168,0.7824585758424338,1.3279418947973094,-0.5454833189548756,1.0527684,0.5795933,0.0403068
1169,0.7825977489433938,1.326951626728568,-0.5443538777851741,1.0525473,0.5797399,0.0403293
1170,0.7827369220443539,1.3259613586598265,-0.5432244366154726,1.0523269,0.5798861,0.0403516
1171,0.7828760951453139,1.324971090591085,-0.5420949954457711,1.0521063,0.5800327,0.0403741
1172,0.7830152682462739,1.3239808225223435,-0.5409655542760696,1.0518855,0.5801794,0.0403966
1173,0.7831544413472339,1.322990554453602,-0.5398361131063681,1.0516664,0.5803144,0.0404161
1174,0.7832936144481939,1.3220002863848606,-0.5387066719366667,1.0514453,0.5804617,0.0404387
1175,0.7834500489132341,1.3210125980442655,-0.5375625491310314,1.0512073,0.5806080,0.0404630
1176,0.7836064833782743,1.3200249097036705,-0.5364184263253962,1.0509693,0.5807546,0.0404874
1177,0.7837629178433145,1.3190372213630754,-0.5352743035197609,1.0507309,0.5809017,0.0405119
1178,0.7839193523083547,1.3180495330224804,-0.5341301807141257,1.0504929,0.5810487,0.0405365
1179,0.784075786773395,1.3170618446818854,-0.5329860579084904,1.0502548,0.5811960,0.0405612
1180,0.7842322212384352,1.3160741563412903,-0.5318419351028552,1.0500170,0.5813437,0.0405859
1181,0.7843886557034754,1.3150864680006953,-0.5306978122972199,1.0497811,0.5815039,0.0406111
1182,0.7845450901685156,1.3140987796601002,-0.5295536894915847,1.0495448,0.5816500,0.0406354
1183,0.7847015246335558,1.3131110913195052,-0.5284095666859494,1.0493106,0.5817949,0.0406563
1184,0.784857959098596,1.3121234029789102,-0.5272654438803142,1.0490731,0.5819411,0.0406812
1185,0.7850143935636362,1.3111357146383151,-0.5261213210746789,1.0488360,0.5820891,0.0407060
1186,0.7851708280286764,1.31014802629772,-0.5249771982690437,1.0485990,0.5822375,0.0407307
1187,0.7853272624937166,1.309160337957125,-0.5238330754634084,1.0483617,0.5823862,0.0407556
1188,0.7854836969587569,1.30817264961653,-0.5226889526577732,1.0481246,0.5825350,0.0407804
1189,0.7856401314237971,1.307184961275935,-0.5215448298521379,1.0478887,0.5826842,0.0408053
1190,0.7857965658888373,1.30619727293534,-0.5204007070465027,1.0476516,0.5828334,0.0408302
1191,0.7859530003538775,1.305209584594745,-0.5192565842408674,1.0474114,0.5829842,0.0408580
1192,0.7861094348189177,1.30422189625415,-0.5181124614352324,1.0471741,0.5831339,0.0408830
1193,0.7862658692839579,1.3032342079135548,-0.5169683386295969,1.0469368,0.5832837,0.0409080
1194,0.7864223037489981,1.3022465195729598,-0.5158242158239617,1.0466994,0.5834338,0.0409331
1195,0.7865959519266651,1.3012617118199477,-0.5146657598932826,1.0464459,0.5835828,0.0409597
1196,0.7867696001043321,1.3002769040669355,-0.5135073039626035,1.0461923,0.5837320,0.0409865
1197,0.786943248281999,1.2992920963139234,-0.5123488480319244,1.0459387,0.5838813,0.0410133
1198,0.787116896459666,1.2983072885609113,-0.5111903921012453,1.0456851,0.5840309,0.0410401
1199,0.787290544637333,1.2973224808078991,-0.5100319361705662,1.0454315,0.5841806,0.0410670
1200,0.7874641928149999,1.296337673054887,-0.5088734802398871,1.0451759,0.5843309,0.0410946
1201,0.7876378409926669,1.2953528653018749,-0.507715024309208,1.0449224,0.5844810,0.0411216
1202,0.7878114891703338,1.2943680575488627,-0.5065565683785289,1.0446689,0.5846312,0.0411485
1203,0.7879851373480008,1.2933832497958506,-0.5053981124478498,1.0444154,0.5847816,0.0411756
1204,0.7881587855256678,1.2923984420428385,-0.5042396565171707,1.0441619,0.5849322,0.0412026
1205,0.7883324337033347,1.2914136342898264,-0.5030812005864916,1.0439085,0.5850829,0.0412298
1206,0.7885060818810017,1.2904288265368142,-0.5019227446558125,1.0436545,0.5852337,0.0412569
1207,0.7886797300586686,1.289444018783802,-0.5007642887251335,1.0434012,0.5853846,0.0412841
1208,0.7888533782363356,1.28845921103079,-0.49960583279445436,1.0431480,0.5855355,0.0413114
1209,0.7890270264140026,1.2874744032777778,-0.49844737686377527,1.0428949,0.5856864,0.0413388
1210,0.7892006745916695,1.2864895955247655,-0.49728892093309596,1.0426421,0.5858373,0.0413661
1211,0.7893743227693365,1.2855047877717536,-0.4961304650024171,1.0423894,0.5859881,0.0413936
1212,0.7895479709470035,1.2845199800187417,-0.4949720090717382,1.0421381,0.5861389,0.0414210
1213,0.78973877994238,1.2835383528352935,-0.49379957289291354,1.0418700,0.5862886,0.0414502
1214,0.7899295889377564,1.282556725651846,-0.49262713671408953,1.0416003,0.5864401,0.0414793
1215,0.7901203979331329,1.2815750984683982,-0.4914547005352653,1.0413345,0.5865751,0.0415086
1216,0.7903112069285094,1.2805934712849505,-0.49028226435644107,1.0410679,0.5867218,0.0415366
1217,0.7905020159238859,1.2796118441015027,-0.48910982817761683,1.0408028,0.5868720,0.0415649
1218,0.7906928249192624,1.278630216918055,-0.4879373919987926,1.0405382,0.5870229,0.0415937
1219,0.7908836339146389,1.2776485897346073,-0.48676495581996837,1.0402743,0.5871741,0.0416230
1220,0.7910744429100154,1.2766669625511595,-0.48559251964114414,1.0400093,0.5873258,0.0416523
1221,0.7912652519053919,1.2756853353677118,-0.4844200834623199,1.0397448,0.5874778,0.0416818
1222,0.7914560609007684,1.274703708184264,-0.4832476472834957,1.0394649,0.5876414,0.0417153
1223,0.7916468698961449,1.2737220810008163,-0.48207521110467144,1.0391978,0.5877928,0.0417449
1224,0.7918376788915213,1.2727404538173686,-0.4809027749258472,1.0389310,0.5879446,0.0417746
1225,0.7920284878868978,1.2717588266339208,-0.479730338747023,1.0386645,0.5880968,0.0418042
1226,0.7922192968822743,1.270777199450473,-0.47855790256819875,1.0383984,0.5882486,0.0418339
1227,0.7924101058776508,1.269795572267025,-0.4773854663893743,1.0381284,0.5883906,0.0418622
1228,0.7926180175684686,1.2688174246662915,-0.47619940709782294,1.0378447,0.5885441,0.0418931
1229,0.7928259292592864,1.2678392770655578,-0.47501334780627136,1.0375635,0.5886985,0.0419240
1230,0.7930338409501042,1.266861129464824,-0.4738272885147198,1.0372814,0.5888533,0.0419571
1231,0.793241752640922,1.2658829818640902,-0.4726412292231682,1.0370008,0.5890052,0.0419886
1232,0.7934496643317398,1.2649048342633564,-0.4714551699316166,1.0367197,0.5891547,0.0420181
1233,0.7936575760225576,1.2639266866626226,-0.47026911064006505,1.0364412,0.5893103,0.0420493
1234,0.7938654877133754,1.2629485390618889,-0.46908305134851347,1.0361634,0.5894699,0.0420801
1235,0.7940733994041932,1.261970391461155,-0.4678969920569619,1.0358814,0.5896234,0.0421112
1236,0.794281311095011,1.2609922438604213,-0.4667109327654103,1.0355959,0.5897793,0.0421472
1237,0.7944892227858288,1.2600140962596875,-0.46552487347385874,1.0353166,0.5899353,0.0421788
1238,0.7946971344766466,1.2590359486589535,-0.46433881418230694,1.0350350,0.5900872,0.0422106
1239,0.7949050461674644,1.25805780105822,-0.4631527548907556,1.0347450,0.5902401,0.0422424
1240,0.7951129578582822,1.2570796534574862,-0.461966695599204,1.0344770,0.5903685,0.0422726
1241,0.7953208695491,1.2561015058567524,-0.4607806363076524,1.0341950,0.5905196,0.0423048
1242,0.7955287812399178,1.2551233582560186,-0.45959457701610085,1.0339032,0.5906838,0.0423373
1243,0.7957537322942616,1.254148988191233,-0.4583952558969715,1.0336070,0.5908365,0.0423710
1244,0.7959786833486054,1.253174618126448,-0.4571959347778426,1.0333124,0.5909860,0.0424048
1245,0.7962036344029493,1.2522002480616627,-0.45599661365871347,1.0330200,0.5911330,0.0424373
1246,0.7964285854572931,1.2512258779968777,-0.45479729253958456,1.0327243,0.5912867,0.0424710
1247,0.796653536511637,1.2502515079320922,-0.4535979714204552,1.0324260,0.5914402,0.0425055
1248,0.7968784875659808,1.2492771378673069,-0.4523986503013261,1.0321299,0.5915936,0.0425392
1249,0.7971034386203246,1.2483027678025216,-0.45119932918219696,1.0318470,0.5917430,0.0425707
1250,0.7973283896746685,1.2473283977377363,-0.45000000806306784,1.0315528,0.5918962,0.0426045
1251,0.7975533407290123,1.246354027672951,-0.4488006869439387,1.0312597,0.5920487,0.0426382
1252,0.7977782917833561,1.2453796576081655,-0.44760136582480936,1.0309538,0.5922039,0.0426727
1253,0.7980032428377,1.2444052875433804,-0.44640204470568046,1.0306622,0.5923561,0.0427069
1254,0.7982281938920438,1.2434309174785951,-0.44520272358655133,1.0303675,0.5925095,0.0427404
1255,0.7984531449463876,1.2424565474138098,-0.4440034024674222,1.0300709,0.5926613,0.0427746
1256,0.7986780960007315,1.2414821773490246,-0.4428040813482931,1.0298116,0.5927647,0.0428108
1257,0.7989200178963312,1.2405118816227485,-0.44159186372641734,1.0294437,0.5930227,0.0428401
1258,0.7991619397919308,1.2395415858964725,-0.4403796461045416,1.0291623,0.5931255,0.0428817
1259,0.7994038616875305,1.2385712901701964,-0.4391674284826659,1.0288516,0.5932884,0.0429174
1260,0.7996457835831302,1.2376009944439204,-0.43795521086079015,1.0285483,0.5934421,0.0429533
1261,0.7998877054787299,1.2366306987176443,-0.4367429932389144,1.0282488,0.5935930,0.0429880
1262,0.8001296273743296,1.2356604029913685,-0.4355307756170389,1.0279219,0.5937455,0.0430222
1263,0.8003715492699293,1.2346901072650922,-0.43431855799516295,1.0276280,0.5938906,0.0430588
1264,0.800613471165529,1.2337198115388162,-0.4331063403732872,1.0273215,0.5940406,0.0430943
1265,0.8008553930611286,1.23274951581254,-0.4318941227514115,1.0270158,0.5941939,0.0431301
1266,0.8010973149567283,1.231779220086264,-0.43068190512953575,1.0267068,0.5943499,0.0431656
1267,0.801339236852328,1.230808924359988,-0.42946968750766,1.0263993,0.5945032,0.0432024
1268,0.8015811587479277,1.229838628633712,-0.4282574698857843,1.0260859,0.5946495,0.0432382
1269,0.8018230806435274,1.228868332907436,-0.42704525226390855,1.0257788,0.5947964,0.0432705
1270,0.8020818996886299,1.2279024070811468,-0.425820507392517,1.0255103,0.5949271,0.0433127
1271,0.8023407187337324,1.2269364812548578,-0.4245957625211254,1.0251543,0.5951271,0.0433502
1272,0.8025995377788349,1.2259705554285687,-0.42337101764973384,1.0248381,0.5952603,0.0433829
1273,0.8028583568239374,1.2250046296022796,-0.42214627277834227,1.0245145,0.5954278,0.0434253
1274,0.8031171758690399,1.2240387037759906,-0.4209215279069507,1.0242062,0.5955764,0.0434639
1275,0.8033759949141424,1.2230727779497017,-0.41969678303555935,1.0239075,0.5957131,0.0434978
1276,0.8036348139592449,1.2221068521234124,-0.41847203816416756,1.0235617,0.5958277,0.0435366
1277,0.8038936330043474,1.2211409262971231,-0.41724729329277577,1.0232485,0.5959768,0.0435757
1278,0.8041524520494499,1.2201750004708345,-0.41602254842138464,1.0229420,0.5961783,0.0436114
1279,0.8044112710945523,1.2192090746445452,-0.41479780354999285,1.0226415,0.5963307,0.0436493
1280,0.8046700901396548,1.218243148818256,-0.41357305867860106,1.0223090,0.5964560,0.0436914
1281,0.8049289091847573,1.217277222991967,-0.4123483138072097,1.0219817,0.5966254,0.0437233
1282,0.8052045465405744,1.2163159612960288,-0.41111141475545443,1.0216771,0.5967486,0.0437647
1283,0.8054801838963914,1.2153546996000906,-0.40987451570369915,1.0213466,0.5969403,0.0438038
1284,0.8057558212522085,1.2143934379041523,-0.40863761665194387,1.0210389,0.5971078,0.0438455
1285,0.8060314586080255,1.213432176208214,-0.4074007176001886,1.0206635,0.5972253,0.0438865
1286,0.8063070959638425,1.2124709145122758,-0.4061638185484333,1.0203758,0.5973924,0.0439226
1287,0.8065827333196596,1.2115096528163376,-0.40492691949667803,1.0200547,0.5975454,0.0439657
1288,0.8068583706754766,1.2105483911203994,-0.40369002044492275,1.0197192,0.5977026,0.0440062
1289,0.8071340080312936,1.2095871294244611,-0.40245312139316747,1.0193950,0.5978481,0.0440437
1290,0.8074096453871107,1.2086258677285229,-0.4012162223414122,1.0190632,0.5979887,0.0440813
1291,0.8076852827429277,1.2076646060325846,-0.3999793232896569,1.0187437,0.5981492,0.0441208
1292,0.8079609200987448,1.2067033443366464,-0.3987424242379016,1.0184245,0.5982962,0.0441608
1293,0.8082365574545618,1.205742082640708,-0.3975055251861461,1.0180660,0.5984326,0.0441994
1294,0.8085289291592845,1.204785777884745,-0.3962568487254605,1.0177299,0.5986157,0.0442461
1295,0.8088213008640073,1.203829473128782,-0.3950081722647747,1.0173951,0.5987376,0.0442826
1296,0.80911367256873,1.2028731683728189,-0.39375949580408887,1.0170705,0.5989250,0.0443240
1297,0.8094060442734528,1.2019168636168558,-0.39251081934340304,1.0167162,0.5990338,0.0443641
1298,0.8096984159781755,1.2009605588608927,-0.3912621428827172,1.0163798,0.5992260,0.0444084
1299,0.8099907876828982,1.2000042541049296,-0.3900134664220314,1.0160397,0.5993540,0.0444506
1300,0.810283159387621,1.1990479493489663,-0.38876478996134534,1.0157382,0.5995165,0.0444907
1301,0.8105755310923437,1.1980916445930034,-0.38751611350065973,1.0153912,0.5996666,0.0445335
1302,0.8108679027970664,1.1971353398370403,-0.3862674370399739,1.0150471,0.5997923,0.0445764
1303,0.8111602745017892,1.1961790350810773,-0.3850187605792881,1.0147093,0.5999236,0.0446175
1304,0.8114526462065119,1.1952227303251142,-0.38377008411860225,1.0143963,0.6001179,0.0446587
1305,0.8117450179112347,1.194266425569151,-0.3825214076579164,1.0140413,0.6002492,0.0447000
1306,0.8120540349056096,1.193315369052856,-0.3812613341472464,1.0136968,0.6004582,0.0447415
1307,0.8123630518999845,1.1923643125365608,-0.38000126063657635,1.0133692,0.6005895,0.0447889
1308,0.8126720688943594,1.1914132560202657,-0.3787411871259063,1.0130200,0.6007360,0.0448310
1309,0.8129810858887343,1.1904621995039706,-0.3774811136152363,1.0126846,0.6008671,0.0448678
1310,0.8132901028831092,1.1895111429876757,-0.3762210401045665,1.0123220,0.6010239,0.0449159
1311,0.8135991198774841,1.1885600864713803,-0.3749609665938962,1.0119836,0.6011791,0.0449598
1312,0.813908136871859,1.1876090299550852,-0.3737008930832262,1.0116403,0.6013301,0.0450029
1313,0.814217153866234,1.18665797343879,-0.37244081957255615,1.0112981,0.6014786,0.0450460
1314,0.8145261708606089,1.185706916922495,-0.3711807460618861,1.0109592,0.6016397,0.0450868
1315,0.8148351878549838,1.1847558604061998,-0.3699206725512161,1.0106043,0.6017882,0.0451300
1316,0.8151607560094409,1.1838103418306003,-0.36864958582115936,1.0102814,0.6019089,0.0451753
1317,0.8154863241638981,1.1828648232550012,-0.3673784990911031,1.0099075,0.6020263,0.0452205
1318,0.8158118923183553,1.181919304679402,-0.3661074123610468,1.0095424,0.6022391,0.0452640
1319,0.8161374604728124,1.1809737861038023,-0.3648363256309899,1.0092011,0.6023797,0.0453104
1320,0.8164630286272696,1.1800282675282032,-0.3635652389009336,1.0088712,0.6025130,0.0453541
1321,0.8167885967817268,1.179082748952604,-0.3622941521708771,1.0085205,0.6026708,0.0453973
1322,0.8171141649361839,1.1781372303770046,-0.36102306544082063,1.0081762,0.6028146,0.0454424
1323,0.8174397330906411,1.1771917118014052,-0.35975197871076414,1.0078271,0.6029606,0.0454873
1324,0.8177653012450983,1.176246193225806,-0.35848089198070765,1.0074800,0.6031064,0.0455294
1325,0.8180908693995554,1.1753006746502066,-0.35720980525065116,1.0071313,0.6032521,0.0455766
1326,0.8184164375540126,1.1743551560746073,-0.35593871852059467,1.0067735,0.6033998,0.0456170
1327,0.8187584576973382,1.1734154634538214,-0.3546570057564832,1.0064065,0.6035427,0.0456620
1328,0.8191004778406639,1.1724757708330356,-0.3533752929923717,1.0060394,0.6036887,0.0457078
1329,0.8194424979839895,1.1715360782122497,-0.3520935802282602,1.0056907,0.6038440,0.0457553
1330,0.8197845181273151,1.1705963855914638,-0.3508118674641487,1.0053316,0.6039979,0.0458016
1331,0.8201265382706407,1.169656692970678,-0.34953015470003723,1.0049757,0.6041432,0.0458480
1332,0.8204685584139664,1.168717000349892,-0.3482484419359255,1.0046346,0.6042805,0.0458941
1333,0.820810578557292,1.1677773077291065,-0.3469667291718145,1.0042714,0.6044248,0.0459427
1334,0.8211525987006176,1.1668376151083204,-0.34568501640770277,1.0039165,0.6045666,0.0459892
1335,0.8214946188439433,1.1658979224875343,-0.34440330364359106,1.0035610,0.6046990,0.0460358
1336,0.8218366389872689,1.164958229866749,-0.34312159087948,1.0032104,0.6048490,0.0460813
1337,0.8221950069368141,1.1640246494402515,-0.3418296425034374,1.0028505,0.6049957,0.0461274
1338,0.8225533748863594,1.1630910690137544,-0.340537694127395,1.0024968,0.6051458,0.0461758
1339,0.8229117428359046,1.1621574885872572,-0.3392457457513526,1.0021390,0.6052923,0.0462190
1340,0.8232701107854499,1.16122390816076,-0.33795379737531017,1.0017765,0.6054329,0.0462647
1341,0.8236284787349951,1.1602903277342629,-0.33666184899926777,1.0014083,0.6055778,0.0463155
1342,0.8239868466845404,1.1593567473077655,-0.33536990062322514,1.0010427,0.6056976,0.0463662
1343,0.8243452146340856,1.1584231668812686,-0.33407795224718295,1.0006979,0.6058571,0.0464070
1344,0.8247035825836309,1.1574895864547714,-0.33278600387114055,1.0003432,0.6059849,0.0464565
1345,0.8250619505331761,1.1565560060282742,-0.33149405549509814,0.9999877,0.6061178,0.0465028
1346,0.8254203184827213,1.155622425601777,-0.33020210711905573,0.9996306,0.6062798,0.0465472
1347,0.8257786864322666,1.15468884517528,-0.3289101587430133,0.9992831,0.6064130,0.0465962
1348,0.8261532930256825,1.1537616613207131,-0.3276083682950306,0.9989093,0.6065614,0.0466435
1349,0.8265278996190984,1.1528344774661463,-0.32630657784704786,0.9985621,0.6067242,0.0466923
1350,0.8269025062125144,1.1519072936115795,-0.32500478739906513,0.9981856,0.6068796,0.0467417
1351,0.8272771128059303,1.1509801097570127,-0.3237029969510824,0.9978337,0.6070224,0.0467905
1352,0.8276517193993462,1.150052925902446,-0.32240120650309967,0.9974513,0.6071792,0.0468405
1353,0.8280263259927622,1.149125742047879,-0.32109941605511694,0.9971113,0.6073044,0.0468863
1354,0.8284009325861781,1.1481985581933123,-0.3197976256071342,0.9967504,0.6073949,0.0469312
1355,0.828775539179594,1.1472713743387457,-0.3184958351591517,0.9963988,0.6075949,0.0469828
1356,0.8291501457730099,1.146344190484179,-0.31719404471116897,0.9960253,0.6076961,0.0470245
1357,0.8295247523664259,1.145417006629612,-0.31589225426318623,0.9956758,0.6078778,0.0470778
1358,0.8299154834949152,1.1444965017761597,-0.3145810182812445,0.9952631,0.6080270,0.0471227
1359,0.8303062146234045,1.143575996922707,-0.3132697822993026,0.9949066,0.6081631,0.0471735
1360,0.8306969457518938,1.1426554920692549,-0.3119585463173611,0.9945580,0.6082965,0.0472247
1361,0.8310876768803831,1.1417349872158022,-0.31064731033541915,0.9941690,0.6084590,0.0472729
1362,0.8314784080088724,1.1408144823623498,-0.30933607435347743,0.9938104,0.6085723,0.0473244
1363,0.8318691391373617,1.1398939775088974,-0.3080248383715357,0.9934694,0.6086917,0.0473735
1364,0.832259870265851,1.138973472655445,-0.306713602389594,0.9931046,0.6088383,0.0474200
1365,0.8326506013943403,1.1380529678019926,-0.3054023664076523,0.9927339,0.6090010,0.0474680
1366,0.8330413325228296,1.1371324629485402,-0.30409113042571057,0.9923973,0.6091529,0.0475174
1367,0.8334320636513189,1.1362119580950878,-0.30277989444376885,0.9920273,0.6092556,0.0475692
1368,0.8338388002943947,1.1352984126374452,-0.3014596123430505,0.9916726,0.6094210,0.0476145
1369,0.8342455369374705,1.1343848671798027,-0.3001393302423322,0.9913045,0.6095893,0.0476680
1370,0.8346522735805463,1.13347132172216,-0.29881904814161364,0.9909286,0.6096507,0.0477164
1371,0.8350590102236221,1.1325577762645176,-0.29749876604089553,0.9905610,0.6098309,0.0477686
1372,0.8354657468666978,1.131644230806875,-0.2961784839401772,0.9901915,0.6099599,0.0478186
1373,0.8358724835097736,1.1307306853492325,-0.2948582018394589,0.9898252,0.6100546,0.0478662
1374,0.8362792201528494,1.12981713989159,-0.29353791973874055,0.9894679,0.6102359,0.0479125
1375,0.8366859567959252,1.1289035944339474,-0.2922176376380222,0.9891356,0.6103681,0.0479690
1376,0.837092693439001,1.1279900489763048,-0.2908973555373039,0.9887565,0.6104976,0.0480166
1377,0.8374994300820767,1.1270765035186625,-0.2895770734365858,0.9884021,0.6106282,0.0480643
1378,0.8379220483438174,1.1261701957316257,-0.28824814738780824,0.9880473,0.6107807,0.0481198
1379,0.8383446666055582,1.125263887944589,-0.2869192213390309,0.9876906,0.6109070,0.0481674
1380,0.8387672848672989,1.1243575801575525,-0.2855902952902536,0.9873211,0.6110496,0.0482180
1381,0.8391899031290396,1.123451272370516,-0.28426136924147627,0.9869538,0.6111576,0.0482679
1382,0.8396125213907804,1.1225449645834793,-0.28293244319269895,0.9865851,0.6113192,0.0483187
1383,0.8400351396525211,1.1216386567964427,-0.2816035171439216,0.9862245,0.6114681,0.0483691
1384,0.8404577579142618,1.120732349009406,-0.2802745910951443,0.9858525,0.6115907,0.0484182
1385,0.8408803761760025,1.1198260412223695,-0.278945665046367,0.9855079,0.6117208,0.0484686
1386,0.8413029944377433,1.118919733435333,-0.27761673899758965,0.9851433,0.6118451,0.0485200
1387,0.8417413655845324,1.1180209393890337,-0.2762795738045013,0.9847725,0.6119738,0.0485676
1388,0.8421797367313215,1.1171221453427345,-0.27494240861141295,0.9844099,0.6120963,0.0486184
1389,0.8426181078781106,1.1162233512964352,-0.2736052434183246,0.9840438,0.6122308,0.0486723
1390,0.8430564790248998,1.115324557250136,-0.27226807822523624,0.9836803,0.6123547,0.0487218
1391,0.8434948501716889,1.1144257632038368,-0.2709309130321479,0.9833267,0.6124779,0.0487720
1392,0.843933221318478,1.1135269691575376,-0.26959374783905954,0.9829627,0.6126015,0.0488232
1393,0.8443715924652672,1.1126281751112383,-0.2682565826459712,0.9826151,0.6127313,0.0488734
1394,0.8448099636120563,1.1117293810649391,-0.26691941745288283,0.9822582,0.6128580,0.0489251
1395,0.8452483347588454,1.11083058701864,-0.2655822522597945,0.9819088,0.6129812,0.0489759
1396,0.8456867059056346,1.109931792972341,-0.26424508706670635,0.9815479,0.6131149,0.0490186
1397,0.8461406964053741,1.1090407864481524,-0.26290009004277826,0.9811881,0.6132430,0.0490708
1398,0.8465946869051137,1.108149779923964,-0.26155509301885016,0.9808217,0.6133690,0.0491258
1399,0.8470486774048533,1.107258773399776,-0.26021009599492273,0.9804784,0.6134774,0.0491789
1400,0.8475026679045929,1.1063677668755876,-0.25886509897099463,0.9801068,0.6136136,0.0492298
1401,0.8479566584043325,1.1054767603513993,-0.25752010194706676,0.9797636,0.6137276,0.0492830
1402,0.8484106489040721,1.104585753827211,-0.2561751049231389,0.9793908,0.6138723,0.0493279
1403,0.8488646394038117,1.1036947473030227,-0.254830107899211,0.9790502,0.6139785,0.0493839
1404,0.8493186299035513,1.1028037407788345,-0.25348511087528314,0.9786939,0.6141069,0.0494320
1405,0.8497726204032909,1.1019127342546462,-0.25214011385135526,0.9783529,0.6142330,0.0494820
1406,0.8502266109030305,1.101021727730458,-0.2507951168274274,0.9779961,0.6143452,0.0495300
1407,0.8506960824658164,1.100138780137599,-0.24944269767178262,0.9776472,0.6144790,0.0495793
1408,0.8511655540286023,1.09925583254474,-0.24809027851613763,0.9772871,0.6145941,0.0496307
1409,0.8516350255913882,1.0983728849518812,-0.24673785936049308,0.9769440,0.6147154,0.0496852
1410,0.852104497154174,1.0974899373590223,-0.24538544020484832,0.9765767,0.6148226,0.0497349
1411,0.8525739687169599,1.0966069897661634,-0.24403302104920355,0.9762323,0.6149546,0.0497871
1412,0.8530434402797458,1.0957240421733043,-0.24268060189355856,0.9758644,0.6150956,0.0498306
1413,0.8535129118425316,1.0948410945804457,-0.241328182737914,0.9755236,0.6152229,0.0498828
1414,0.8539823834053175,1.0939581469875868,-0.23997576358226924,0.9751856,0.6153279,0.0499323
1415,0.8544518549681034,1.093075199394728,-0.2386233444266247,0.9748410,0.6154573,0.0499799
1416,0.8549366645883497,1.0922005796875884,-0.23726391509923872,0.9744720,0.6155691,0.0500296
1417,0.855421474208596,1.091325959980449,-0.23590448577185297,0.9741591,0.6156681,0.0500870
1418,0.8559062838288424,1.0904513402733096,-0.23454505644446721,0.9737880,0.6157926,0.0501384
1419,0.8563910934490887,1.0895767205661702,-0.23318562711708146,0.9734650,0.6158749,0.0501874
1420,0.856875903069335,1.0887021008590307,-0.2318261977896957,0.9731218,0.6159999,0.0502376
1421,0.8573607126895814,1.087827481151891,-0.23046676846230973,0.9727811,0.6161194,0.0502915
1422,0.8578455223098277,1.086952861444752,-0.2291073391349242,0.9724270,0.6162427,0.0503362
1423,0.858330331930074,1.0860782417376125,-0.22774790980753845,0.9720812,0.6163550,0.0503891
1424,0.8588151415503203,1.085203622030473,-0.2263884804801527,0.9716881,0.6165260,0.0504336
1425,0.8592999511705667,1.0843290023233336,-0.22502905115276695,0.9714178,0.6165915,0.0504871
1426,0.8597999511705666,1.0834629769195492,-0.22366302574898256,0.9710720,0.6166976,0.0505333
1427,0.8602999511705666,1.0825969515157647,-0.22229700034519817,0.9707161,0.6168234,0.0505853
1428,0.8607999511705665,1.0817309261119803,-0.22093097494141378,0.9703856,0.6169142,0.0506333
1429,0.8612999511705665,1.080864900708196,-0.21956494953762962,0.9700390,0.6170431,0.0506845
1430,0.8617999511705664,1.0799988753044114,-0.218198924133845,0.9696939,0.6171708,0.0507305
1431,0.8622999511705663,1.079132849900627,-0.21683289873006062,0.9693661,0.6172569,0.0507817
1432,0.8627999511705663,1.0782668244968423,-0.215466873326276,0.9690049,0.6174333,0.0508304
1433,0.8632999511705662,1.077400799093058,-0.21410084792249184,0.9687057,0.6174912,0.0508799
1434,0.8637999511705662,1.0765347736892736,-0.21273482251870746,0.9683781,0.6175948,0.0509271
1435,0.8642999511705661,1.0756687482854892,-0.21136879711492307,0.9680494,0.6177033,0.0509701
1436,0.8648149892454762,1.0748115809847871,-0.20999659173931096,0.9677161,0.6178128,0.0510201
1437,0.8653300273203862,1.073954413684085,-0.20862438636369884,0.9673853,0.6179221,0.0510694
1438,0.8658450653952963,1.073097246383383,-0.20725218098808673,0.9670659,0.6180024,0.0511231
1439,0.8663601034702063,1.072240079082681,-0.20587997561247462,0.9667402,0.6181082,0.0511713
1440,0.8668751415451164,1.0713829117819789,-0.2045077702368625,0.9664110,0.6182095,0.0512185
1441,0.8673901796200264,1.0705257444812768,-0.2031355648612504,0.9660878,0.6183212,0.0512602
1442,0.8679052176949364,1.0696685771805747,-0.20176335948563828,0.9657609,0.6184492,0.0513122
1443,0.8684202557698465,1.0688114098798729,-0.2003911541100264,0.9654437,0.6185548,0.0513603
1444,0.8689352938447565,1.0679542425791706,-0.19901894873441406,0.9651409,0.6186346,0.0514049
1445,0.8694503319196666,1.0670970752784683,-0.19764674335880172,0.9648127,0.6187979,0.0514548
1446,0.8699802511838998,1.0662490271823122,-0.19626877599841241,0.9644904,0.6188716,0.0515014
1447,0.870510170448133,1.0654009790861558,-0.19489080863802288,0.9641716,0.6189743,0.0515489
1448,0.8710400897123661,1.0645529309899997,-0.19351284127763357,0.9638561,0.6190796,0.0515966
1449,0.8715700089765993,1.0637048828938431,-0.19213487391724382,0.9635191,0.6192201,0.0516424
1450,0.8720999282408325,1.0628568347976868,-0.1907569065568543,0.9632292,0.6192577,0.0516915
1451,0.8726298475050657,1.0620087867015304,-0.18937893919646476,0.9629201,0.6193602,0.0517394
1452,0.8731597667692989,1.061160738605374,-0.18800097183607523,0.9626143,0.6194626,0.0517856
1453,0.873689686033532,1.0603126905092175,-0.18662300447568547,0.9623108,0.6195638,0.0518311
1454,0.8742196052977652,1.0594646424130614,-0.18524503711529616,0.9620100,0.6196650,0.0518760
1455,0.8747495245619984,1.058616594316905,-0.18386706975490663,0.9617118,0.6197659,0.0519207
1456,0.8752941635970134,1.0577779237489595,-0.18248376015194612,0.9614043,0.6198636,0.0519676
1457,0.8758388026320284,1.056939253181014,-0.1811004505489856,0.9611003,0.6199605,0.0520126
1458,0.8763834416670434,1.0561005826130685,-0.1797171409460251,0.9607981,0.6200572,0.0520586
1459,0.8769280807020584,1.055261912045123,-0.17833383134306457,0.9604982,0.6201538,0.0521045
1460,0.8774727197370734,1.0544232414771777,-0.17695052174010428,0.9602009,0.6202500,0.0521501
1461,0.8780173587720884,1.053584570909232,-0.17556721213714355,0.9599065,0.6203454,0.0521950
1462,0.8785619978071034,1.0527459003412865,-0.17418390253418303,0.9596102,0.6204320,0.0522402
1463,0.8791066368421184,1.051907229773341,-0.17280059293122252,0.9592864,0.6205892,0.0522788
1464,0.8796512758771334,1.0510685592053954,-0.171417283328262,0.9590352,0.6206208,0.0523274
1465,0.8801959149121484,1.05022988863745,-0.1700339737253015,0.9587614,0.6207129,0.0523729
1466,0.8807551078156192,1.049400851064895,-0.16864574324927573,0.9584641,0.6207998,0.0524179
1467,0.8813143007190899,1.04857181349234,-0.16725751277325018,0.9581723,0.6208953,0.0524619
1468,0.8818734936225606,1.0477427759197848,-0.1658692822972242,0.9578816,0.6209808,0.0525053
1469,0.8824326865260314,1.0469137383472298,-0.16448105182119843,0.9575980,0.6210714,0.0525482
1470,0.8829918794295021,1.0460847007746747,-0.16309282134517267,0.9573211,0.6211619,0.0525925
1471,0.8835510723329728,1.0452556632021195,-0.16170459086914668,0.9570419,0.6212551,0.0526341
1472,0.8841102652364435,1.044426625629565,-0.16031636039312136,0.9567627,0.6213353,0.0526771
1473,0.8846694581399143,1.0435975880570096,-0.15892812991709537,0.9564901,0.6214205,0.0527191
1474,0.885228651043385,1.0427685504844546,-0.1575398994410696,0.9562248,0.6215144,0.0527611
1475,0.8857878439468557,1.0419395129118996,-0.15615166896504384,0.9559583,0.6215998,0.0528025
1476,0.8863614203832068,1.0411203608676105,-0.15475894048440375,0.9556834,0.6216829,0.0528449
1477,0.8869349968195578,1.0403012088233214,-0.15336621200376366,0.9554110,0.6217667,0.0528867
1478,0.8875085732559088,1.0394820567790324,-0.15197348352312356,0.9551372,0.6218409,0.0529278
1479,0.8880821496922598,1.038662904734743,-0.15058075504248325,0.9548705,0.6219254,0.0529692
1480,0.8886557261286109,1.0378437526904545,-0.1491880265618436,0.9546068,0.6220091,0.0530099
1481,0.8892293025649619,1.0370246006461652,-0.14779529808120329,0.9543467,0.6220929,0.0530498
1482,0.8898028790013129,1.036205448601876,-0.14640256960056297,0.9540927,0.6221733,0.0530909
1483,0.890376455437664,1.035386296557587,-0.1450098411199231,0.9538375,0.6222559,0.0531304
1484,0.890950031874015,1.034567144513298,-0.143617112639283,0.9535855,0.6223383,0.0531692
1485,0.891523608310366,1.033747992469009,-0.1422243841586429,0.9533320,0.6224109,0.0532071
1486,0.8921113935626586,1.032938975474634,-0.14082758191197553,0.9530770,0.6224910,0.0532470
1487,0.8926991788149511,1.0321299584802592,-0.13943077966530815,0.9528253,0.6225774,0.0532865
1488,0.8932869640672436,1.0313209414858844,-0.13803397741864076,0.9525792,0.6226216,0.0533219
1489,0.8938747493195361,1.0305119244915095,-0.13663717517197338,0.9523262,0.6227272,0.0533642
1490,0.8944625345718287,1.029702907497135,-0.13524037292530622,0.9520830,0.6228052,0.0534020
1491,0.8950503198241212,1.0288938905027598,-0.1338435706786386,0.9518396,0.6228664,0.0534417
1492,0.8956381050764137,1.028084873508385,-0.13244676843197123,0.9516027,0.6229437,0.0534770
1493,0.8962258903287063,1.02727585651401,-0.13104996618530385,0.9513764,0.6230503,0.0535152
1494,0.8968136755809988,1.0264668395196352,-0.12965316393863646,0.9511338,0.6230855,0.0535504
1495,0.8974014608332913,1.0256578225252604,-0.12825636169196908,0.9509046,0.6231570,0.0535862
1496,0.8980032758564434,1.024859187015213,-0.1268559111587697,0.9506735,0.6232347,0.0536222
1497,0.8986050908795954,1.0240605515051655,-0.12545546062557011,0.9504399,0.6233024,0.0536602
1498,0.8992069059027474,1.0232619159951184,-0.12405501009237097,0.9502097,0.6233700,0.0536973
1499,0.8998087209258995,1.022463280485071,-0.1226545595591716,0.9499831,0.6234367,0.0537332
1500,0.9004105359490515,1.0216646449750235,-0.121254109025972,0.9497597,0.6235035,0.0537684
1501,0.9010123509722036,1.0208660094649764,-0.11985365849277285,0.9495397,0.6235699,0.0538031
1502,0.9016141659953556,1.020067373954929,-0.11845320795957348,0.9493234,0.6236474,0.0538365
1503,0.9022159810185076,1.0192687384448818,-0.11705275742637411,0.9491063,0.6237046,0.0538674
1504,0.9028177960416596,1.0184701029348344,-0.11565230689317485,0.9488944,0.6237681,0.0539013
1505,0.9034196110648116,1.017671467424787,-0.11425185635997548,0.9486860,0.6238322,0.0539352
1506,0.9040352725401374,1.0168834566711804,-0.11284818413104303,0.9484708,0.6238932,0.0539699
1507,0.904650934015463,1.0160954459175735,-0.11144451190211047,0.9482595,0.6239533,0.0540033
1508,0.9052665954907888,1.015307435163967,-0.11004083967317824,0.9480518,0.6240137,0.0540360
1509,0.9058822569661144,1.0145194244103604,-0.10863716744424601,0.9478522,0.6240551,0.0540669
1510,0.90649791844144,1.0137314136567537,-0.10723349521531367,0.9476506,0.6241212,0.0540992
1511,0.9071135799167656,1.012943402903147,-0.10582982298638144,0.9474522,0.6241839,0.0541306
1512,0.9077292413920912,1.0121553921495403,-0.1044261507574491,0.9472541,0.6242455,0.0541612
1513,0.908344902867417,1.0113673813959336,-0.10302247852851665,0.9470616,0.6243089,0.0541936
1514,0.9089605643427426,1.010579370642327,-0.10161880629958431,0.9468715,0.6243688,0.0542226
1515,0.9095762258180684,1.0097913598887205,-0.10021513407065208,0.9466838,0.6244298,0.0542525
1516,0.910191887293394,1.0090033491351136,-0.09881146184171963,0.9465022,0.6244878,0.0542821
1517,0.9108212076844436,1.0082262031736566,-0.097404995489213,0.9463131,0.6245416,0.0543124
1518,0.9114505280754936,1.0074490572121997,-0.09599852913670603,0.9461282,0.6245940,0.0543420
1519,0.9120798484665432,1.0066719112507427,-0.09459206278419952,0.9459438,0.6246444,0.0543720
1520,0.9127091688575932,1.0058947652892858,-0.09318559643169255,0.9457677,0.6246945,0.0543991
1521,0.9133384892486428,1.0051176193278288,-0.09177913007918603,0.9455946,0.6247454,0.0544263
1522,0.9139678096396928,1.004340473366372,-0.09037266372667929,0.9454215,0.6247907,0.0544540
1523,0.9145971300307424,1.003563327404915,-0.08896619737417255,0.9452526,0.6248388,0.0544810
1524,0.9152264504217924,1.002786181443458,-0.08755973102166559,0.9450876,0.6248878,0.0545072
1525,0.915855770812842,1.002009035482001,-0.08615326466915907,0.9449214,0.6249581,0.0545335
1526,0.916485091203892,1.001231889520544,-0.0847467983166521,0.9447660,0.6250015,0.0545595
1527,0.9171144115949416,1.0004547435590871,-0.08334033196414559,0.9446089,0.6250583,0.0545813
1528,0.9177571992046282,0.9996886991159682,-0.08193149991134008,0.9444467,0.6251059,0.0546085
1529,0.9183999868143148,0.9989226546728492,-0.08052266785853446,0.9442893,0.6251527,0.0546330
1530,0.9190427744240012,0.9981566102297302,-0.07911383580572906,0.9441340,0.6251637,0.0546593
1531,0.9196855620336876,0.9973905657866112,-0.07770500375292366,0.9439851,0.6252404,0.0546869
1532,0.9203283496433742,0.9966245213434922,-0.07629617170011804,0.9438180,0.6253139,0.0547062
1533,0.9209711372530608,0.9958584769003732,-0.07488733964731242,0.9436915,0.6253287,0.0547337
1534,0.9216139248627472,0.9950924324572542,-0.07347850759450703,0.9435500,0.6253721,0.0547565
1535,0.9222567124724336,0.9943263880141352,-0.07206967554170163,0.9434122,0.6254149,0.0547787
1536,0.9228995000821202,0.9935603435710162,-0.07066084348889601,0.9432783,0.6254570,0.0547999
1537,0.9235422876918068,0.9927942991278972,-0.06925201143609039,0.9431480,0.6254987,0.0548200
1538,0.9241983467207971,0.9920395895476743,-0.0678412428268772,0.9430005,0.6255362,0.0548416
1539,0.9248544057497876,0.9912848799674516,-0.06643047421766402,0.9428732,0.6255439,0.0548634
1540,0.925510464778778,0.990530170387229,-0.06501970560845105,0.9427451,0.6255866,0.0548807
1541,0.9261665238077684,0.9897754608070064,-0.06360893699923797,0.9426188,0.6256181,0.0549037
1542,0.926822582836759,0.9890207512267836,-0.062198168390024566,0.9424929,0.6257195,0.0549191
1543,0.9274786418657496,0.9882660416465608,-0.06078739978081127,0.9423817,0.6256895,0.0549387
1544,0.92813470089474,0.987511332066338,-0.05937663117159797,0.9422554,0.6257476,0.0549616
1545,0.9287907599237304,0.9867566224861154,-0.05796586256238501,0.9421446,0.6257779,0.0549804
1546,0.9294468189527209,0.9860019129058928,-0.05655509395317193,0.9420238,0.6258402,0.0549945
1547,0.9301028779817112,0.98524720332567,-0.055144325343958744,0.9419122,0.6258714,0.0550153
1548,0.9307589370107018,0.9844924937454472,-0.05373355673474545,0.9418326,0.6258658,0.0550285
1549,0.9314280676170608,0.9837493489199698,-0.05232128130290903,0.9417246,0.6258957,0.0550458
1550,0.9320971982234196,0.9830062040944924,-0.05090900587107272,0.9416201,0.6259250,0.0550627
1551,0.9327663288297784,0.9822630592690148,-0.049496730439236414,0.9415192,0.6259538,0.0550790
1552,0.9334354594361371,0.9815199144435376,-0.04808445500740044,0.9414220,0.6259821,0.0550949
1553,0.934104590042496,0.98077676961806,-0.04667217957556402,0.9413124,0.6260422,0.0551090
1554,0.934773720648855,0.9800336247925826,-0.0452599041437276,0.9412207,0.6260671,0.0551232
1555,0.935442851255214,0.9792904799671052,-0.043847628711891184,0.9411457,0.6260535,0.0551441
1556,0.9361119818615729,0.9785473351416276,-0.042435353280054766,0.9410687,0.6260897,0.0551545
1557,0.9367811124679316,0.9778041903161504,-0.04102307784821879,0.9409895,0.6261156,0.0551675
1558,0.9374502430742904,0.9770610454906729,-0.039610802416382485,0.9409139,0.6261409,0.0551798
1559,0.9381193736806492,0.9763179006651954,-0.03819852698454618,0.9408419,0.6261657,0.0551915
1560,0.938801372040712,0.9755865469635764,-0.03678517492286437,0.9407638,0.6261867,0.0552042
1561,0.9394833704007745,0.9748551932619572,-0.03537182286118279,0.9406893,0.6262072,0.0552162
1562,0.940165368760837,0.974123839560338,-0.033958470799500984,0.9406184,0.6262272,0.0552276
1563,0.9408473671208996,0.9733924858587188,-0.03254511873781929,0.9405512,0.6262467,0.0552383
1564,0.941529365480962,0.9726611321570996,-0.031131766676137596,0.9404878,0.6262656,0.0552485
1565,0.9422113638410248,0.9719297784554806,-0.02971841461445579,0.9404283,0.6262840,0.0552580
1566,0.9428933622010872,0.9711984247538614,-0.028305062552774207,0.9403579,0.6263089,0.0552621
1567,0.9435753605611498,0.9704670710522424,-0.026891710491092624,0.9403056,0.6263267,0.0552711
1568,0.9442573589212124,0.9697357173506232,-0.02547835842941082,0.9402567,0.6263448,0.0552794
1569,0.9449393572812748,0.969004363649004,-0.024065006367729236,0.9402116,0.6263620,0.0552871
1570,0.9456213556413374,0.9682730099473849,-0.02265165430604743,0.9401699,0.6263788,0.0552942
1571,0.9463160140117964,0.9675536701470462,-0.02123765613524975,0.9401198,0.6264008,0.0553038
1572,0.9470106723822554,0.9668343303467076,-0.01982365796445218,0.9400757,0.6264117,0.0553106
1573,0.9477053307527143,0.9661149905463688,-0.018409659793654498,0.9400367,0.6264225,0.0553149
1574,0.9483999891231736,0.9653956507460302,-0.016995661622856595,0.9400176,0.6264345,0.0553254
1575,0.9490946474936324,0.9646763109456916,-0.015581663452059247,0.9399840,0.6264390,0.0553243
1576,0.9497893058640916,0.9639569711453528,-0.014167665281261232,0.9399651,0.6264556,0.0553326
1577,0.9504839642345504,0.9632376313450142,-0.012753667110463773,0.9399196,0.6264588,0.0553333
1578,0.9511786226050096,0.9625182915446756,-0.011339668939665981,0.9398932,0.6264667,0.0553356
1579,0.9518732809754684,0.9617989517443368,-0.009925670768868411,0.9398709,0.6264749,0.0553417
1580,0.9525679393459277,0.9610796119439982,-0.008511672598070508,0.9398565,0.6264822,0.0553440
1581,0.9532625977163866,0.9603602721436596,-0.0070976744272730485,0.9398454,0.6264890,0.0553460
1582,0.9539697044975732,0.9596531653624728,-0.00568346086489957,0.9398282,0.6264918,0.0553490
1583,0.954664362868032,0.9589338255621342,-0.004269462694102222,0.9398250,0.6264972,0.0553495
1584,0.9553590212384911,0.9582144857617956,-0.0028554645233044296,0.9398228,0.6265023,0.0553535
1585,0.9560536796089502,0.9574951459614568,-0.0014414663525066373,0.9398268,0.6265067,0.0553525
1586,0.956683,0.956718,-3.500000000000725e-05,0.9398835,0.6265275,0.0553436
1587,0.956683,0.956718,-3.500000000000725e-05,0.9398835,0.6265275,0.0553436
1588,0.9574601459614568,0.9560886796089502,0.0013714663525066229,0.9398266,0.6265067,0.0553525
1589,0.9581794857617956,0.9553940212384912,0.002785464523304415,0.9398224,0.6265023,0.0553535
1590,0.9588988255621342,0.954699362868032,0.004199462694102207,0.9398244,0.6264973,0.0553496
1591,0.9596181653624728,0.9540047044975732,0.005613460864899555,0.9398275,0.6264919,0.0553491
1592,0.9603252721436596,0.9532975977163866,0.007027674427273034,0.9398445,0.6264891,0.0553462
1593,0.9610446119439982,0.9526029393459275,0.008441672598070604,0.9398554,0.6264824,0.0553442
1594,0.9617639517443368,0.9519082809754684,0.009855670768868396,0.9398696,0.6264751,0.0553420
1595,0.9624832915446756,0.9512136226050096,0.011269668939665967,0.9398915,0.6264669,0.0553359
1596,0.9632026313450142,0.9505189642345504,0.012683667110463759,0.9399176,0.6264590,0.0553335
1597,0.9639219711453528,0.9498243058640916,0.014097665281261218,0.9399667,0.6264539,0.0553302
1598,0.9646413109456916,0.9491296474936324,0.015511663452059232,0.9399608,0.6264484,0.0553235
1599,0.9653606507460302,0.9484349891231736,0.01692566162285658,0.9400142,0.6264396,0.0553275
1600,0.9660799905463688,0.9477403307527144,0.018339659793654484,0.9400343,0.6264228,0.0553153
1601,0.9667993303467076,0.9470456723822556,0.019753657964452054,0.9400731,0.6264121,0.0553110
1602,0.9675186701470462,0.9463510140117964,0.021167656135249735,0.9401171,0.6264012,0.0553043
1603,0.9682380099473848,0.9456563556413374,0.022581654306047416,0.9401669,0.6263793,0.0552947
1604,0.968969363649004,0.9449743572812748,0.02399500636772922,0.9402084,0.6263625,0.0552876
1605,0.9697007173506232,0.9442923589212124,0.025408358429410804,0.9402534,0.6263454,0.0552799
1606,0.9704320710522424,0.9436103605611498,0.02682171049109261,0.9403022,0.6263273,0.0552716
1607,0.9711634247538614,0.9429283622010872,0.028235062552774193,0.9403543,0.6263095,0.0552627
1608,0.9718947784554806,0.9422463638410248,0.029648414614455776,0.9404245,0.6262846,0.0552586
1609,0.9726261321570996,0.941564365480962,0.03106176667613758,0.9404838,0.6262662,0.0552491
1610,0.9733574858587188,0.9408823671208996,0.032475118737819275,0.9405470,0.6262473,0.0552390
1611,0.974088839560338,0.940200368760837,0.03388847079950097,0.9406140,0.6262278,0.0552283
1612,0.9748201932619572,0.9395183704007743,0.035301822861182885,0.9406847,0.6262079,0.0552169
1613,0.9755515469635764,0.938836372040712,0.03671517492286436,0.9407590,0.6261874,0.0552049
1614,0.9762829006651954,0.9381543736806494,0.03812852698454605,0.9408370,0.6261665,0.0551923
1615,0.9770260454906728,0.9374852430742904,0.03954080241638247,0.9409088,0.6261416,0.0551806
1616,0.9777691903161504,0.9368161124679316,0.04095307784821878,0.9409842,0.6261163,0.0551683
1617,0.9785123351416276,0.9361469818615727,0.04236535328005486,0.9410632,0.6260905,0.0551554
1618,0.9792554799671052,0.935477851255214,0.04377762871189117,0.9411415,0.6260527,0.0551449
1619,0.9799986247925826,0.934808720648855,0.04518990414372759,0.9412134,0.6260651,0.0551288
1620,0.98074176961806,0.934139590042496,0.04660217957556401,0.9413042,0.6260481,0.0551143
1621,0.9814849144435376,0.9334704594361372,0.048014455007400425,0.9414158,0.6259830,0.0550959
1622,0.9822280592690148,0.9328013288297784,0.0494267304392364,0.9415129,0.6259548,0.0550800
1623,0.9829712040944923,0.9321321982234196,0.05083900587107271,0.9416135,0.6259260,0.0550637
1624,0.9837143489199698,0.9314630676170608,0.052251281302909014,0.9417178,0.6258967,0.0550469
1625,0.9844574937454472,0.9307939370107018,0.05366355673474543,0.9418257,0.6258668,0.0550296
1626,0.98521220332567,0.9301378779817112,0.05507432534395884,0.9419271,0.6258331,0.0550133
1627,0.9859669129058928,0.9294818189527208,0.05648509395317203,0.9420147,0.6258219,0.0549964
1628,0.9867216224861154,0.9288257599237304,0.05789586256238499,0.9421371,0.6257770,0.0549818
1629,0.987476332066338,0.92816970089474,0.05930663117159796,0.9422610,0.6257231,0.0549632
1630,0.9882310416465608,0.9275136418657496,0.060717399780811254,0.9423746,0.6256923,0.0549407
1631,0.9889857512267836,0.926857582836759,0.06212816839002455,0.9424876,0.6256585,0.0549265
1632,0.9897404608070064,0.9262015238077684,0.06353893699923796,0.9426108,0.6256192,0.0549050
1633,0.990495170387229,0.925545464778778,0.06494970560845104,0.9427367,0.6255875,0.0548822
1634,0.9912498799674516,0.9248894057497876,0.066360474217664,0.9428650,0.6255450,0.0548648
1635,0.9920045895476745,0.9242333467207972,0.0677712428268773,0.9429926,0.6255340,0.0548435
1636,0.9927592991278972,0.9235772876918068,0.06918201143609037,0.9431391,0.6255000,0.0548214
1637,0.9935253435710162,0.9229345000821202,0.070590843488896,0.9432693,0.6254582,0.0548013
1638,0.9942913880141352,0.9222917124724336,0.07199967554170161,0.9434031,0.6254161,0.0547801
1639,0.9950574324572542,0.9216489248627472,0.07340850759450701,0.9435407,0.6253734,0.0547580
1640,0.9958234769003732,0.9210061372530608,0.07481733964731241,0.9436820,0.6253301,0.0547352
1641,0.9965895213434922,0.9203633496433742,0.07622617170011803,0.9438122,0.6253210,0.0547058
1642,0.9973555657866112,0.9197205620336876,0.07763500375292365,0.9439760,0.6252403,0.0546880
1643,0.9981216102297302,0.9190777744240012,0.07904383580572905,0.9441240,0.6251652,0.0546609
1644,0.9988876546728492,0.9184349868143148,0.08045266785853444,0.9442791,0.6251543,0.0546347
1645,0.9996536991159682,0.9177921992046282,0.08186149991134006,0.9444363,0.6251072,0.0546104
1646,1.0004197435590871,0.9171494115949416,0.08327033196414557,0.9445980,0.6250605,0.0545844
1647,1.001185788002206,0.9165066239852552,0.08467916401695075,0.9447622,0.6250130,0.0545590
1648,1.001962933963663,0.9158773035942054,0.08608563036945771,0.9449205,0.6249631,0.0545337
1649,1.00274007992512,0.9152479832031556,0.08749209672196445,0.9450872,0.6248935,0.0545075
1650,1.003517225886577,0.9146186628121058,0.08889856307447119,0.9452515,0.6248435,0.0544812
1651,1.004294371848034,0.913989342421056,0.09030502942697793,0.9454199,0.6247828,0.0544495
1652,1.0050715178094909,0.9133600220300062,0.09171149577948468,0.9455902,0.6247488,0.0544290
1653,1.0058486637709478,0.9127307016389564,0.09311796213199142,0.9457676,0.6247002,0.0543994
1654,1.0066258097324048,0.9121013812479066,0.09452442848449816,0.9459424,0.6246495,0.0543722
1655,1.0074029556938615,0.9114720608568568,0.09593089483700468,0.9461263,0.6245987,0.0543423
1656,1.008180101655319,0.910842740465807,0.09733736118951186,0.9463078,0.6245507,0.0543073
1657,1.0089572476167756,0.9102134200747573,0.09874382754201838,0.9464999,0.6244929,0.0542826
1658,1.0097452583703823,0.9095977585994316,0.10014749977095072,0.9466802,0.6244355,0.0542543
1659,1.010533269123989,0.908982097124106,0.10155117199988295,0.9468664,0.6243759,0.0542247
1660,1.0113212798775957,0.9083664356487804,0.10295484422881529,0.9470579,0.6243136,0.0541932
1661,1.0121092906312024,0.9077507741734546,0.10435851645774774,0.9472519,0.6242509,0.0541624
1662,1.012897301384809,0.907135112698129,0.10576218868668008,0.9474491,0.6241890,0.0541311
1663,1.0136853121384155,0.9065194512228032,0.10716586091561231,0.9476486,0.6241272,0.0540990
1664,1.0144733228920224,0.9059037897474777,0.10856953314454476,0.9478489,0.6240644,0.0540683
1665,1.015261333645629,0.905288128272152,0.1099732053734771,0.9480484,0.6240189,0.0540365
1666,1.0160493443992358,0.9046724667968264,0.11137687760240933,0.9482560,0.6239584,0.0540039
1667,1.0168373551528425,0.9040568053215008,0.11278054983134167,0.9484671,0.6238984,0.0539706
1668,1.0176359906628898,0.9034549902983486,0.11418100036454115,0.9486715,0.6238342,0.0539376
1669,1.0184346261729371,0.9028531752751966,0.11558145089774052,0.9488799,0.6237700,0.0539034
1670,1.0192332616829844,0.9022513602520446,0.1169819014309399,0.9490916,0.6237065,0.0538697
1671,1.0200318971930318,0.9016495452288924,0.11838235196413938,0.9492930,0.6236475,0.0538319
1672,1.020830532703079,0.9010477302057404,0.11978280249733875,0.9495247,0.6235719,0.0538054
1673,1.0216291682131264,0.9004459151825884,0.12118325303053801,0.9497446,0.6235055,0.0537707
1674,1.0224278037231738,0.8998441001594364,0.12258370356373738,0.9499678,0.6234390,0.0537355
1675,1.023226439233221,0.8992422851362843,0.12398415409693675,0.9501942,0.6233720,0.0536997
1676,1.0240250747432684,0.8986404701131323,0.12538460463013612,0.9504242,0.6233045,0.0536626
1677,1.0248237102533158,0.8980386550899803,0.1267850551633355,0.9506577,0.6232368,0.0536247
1678,1.025622345763363,0.8974368400668282,0.12818550569653486,0.9508886,0.6231591,0.0535887
1679,1.026431362757738,0.8968490548145357,0.12958230794320225,0.9511176,0.6230876,0.0535528
1680,1.0272403797521128,0.8962612695622432,0.13097911018986963,0.9513451,0.6230458,0.0535160
1681,1.0280493967464877,0.8956734843099506,0.132375912436537,0.9515862,0.6229458,0.0534795
1682,1.0288584137408625,0.8950856990576581,0.1337727146832044,0.9518228,0.6228680,0.0534444
1683,1.0296674307352374,0.8944979138053656,0.13516951692987178,0.9520663,0.6228072,0.0534046
1684,1.0304764477296122,0.8939101285530731,0.13656631917653916,0.9523094,0.6227305,0.0533652
1685,1.031285464723987,0.8933223433007805,0.13796312142320655,0.9525619,0.6226235,0.0533243
1686,1.032094481718362,0.892734558048488,0.13935992366987393,0.9528081,0.6225810,0.0532890
1687,1.0329034987127368,0.8921467727961955,0.14075672591654131,0.9530598,0.6224938,0.0532496
1688,1.0337125157071116,0.891558987543903,0.1421535281632087,0.9533145,0.6224134,0.0532098
1689,1.0345316677514007,0.8909854111075519,0.1435462566438488,0.9535678,0.6223409,0.0531718
1690,1.0353508197956898,0.8904118346712009,0.14493898512448888,0.9538197,0.6222584,0.0531331
1691,1.0361699718399788,0.8898382582348499,0.14633171360512898,0.9540565,0.6222084,0.0530881
1692,1.036989123884268,0.8892646817984988,0.14772444208576907,0.9543147,0.6221279,0.0530471
1693,1.037808275928557,0.8886911053621478,0.14911717056640916,0.9545885,0.6220117,0.0530127
1694,1.038627427972846,0.8881175289257968,0.15050989904704926,0.9548520,0.6219280,0.0529720
1695,1.039446580017135,0.8875439524894457,0.15190262752768935,0.9551185,0.6218437,0.0529306
1696,1.040265732061424,0.8869703760530947,0.15329535600832922,0.9553923,0.6217693,0.0528894
1697,1.0410848841057132,0.8863967996167437,0.15468808448896954,0.9556645,0.6216855,0.0528478
1698,1.0419040361500025,0.8858232231803926,0.15608081296960985,0.9559393,0.6216023,0.0528053
1699,1.0427330737225573,0.8852640302769219,0.1574690434456354,0.9562057,0.6215166,0.0527635
1700,1.0435621112951123,0.8847048373734512,0.15885727392166116,0.9564709,0.6214229,0.0527221
1701,1.0443911488676674,0.8841456444699805,0.16024550439768692,0.9567432,0.6213378,0.0526800
1702,1.0452201864402224,0.8835864515665097,0.1616337348737127,0.9569933,0.6213124,0.0526268
1703,1.0460492240127774,0.883027258663039,0.16302196534973845,0.9573011,0.6211660,0.0525952
1704,1.0468782615853325,0.8824680657595683,0.16441019582576422,0.9575782,0.6210742,0.0525511
1705,1.0477072991578875,0.8819088728560975,0.16579842630178998,0.9578654,0.6209847,0.0525083
1706,1.0485363367304426,0.8813496799526268,0.16718665677781575,0.9581521,0.6208983,0.0524649
1707,1.0493653743029976,0.8807904870491561,0.1685748872538415,0.9584437,0.6208030,0.0524210
1708,1.0501944118755526,0.8802312941456854,0.16996311772986727,0.9587408,0.6207176,0.0523753
1709,1.0510234494481077,0.8796721012422146,0.17135134820589304,0.9590258,0.6206266,0.0523289
1710,1.0518621200160532,0.8791274622071996,0.17273465780885355,0.9592716,0.6206006,0.0522797
1711,1.052700790583999,0.8785828231721846,0.1741179674118143,0.9596005,0.6204379,0.0522417
1712,1.0535394611519442,0.8780381841371696,0.17550127701477458,0.9598967,0.6203512,0.0521965
1713,1.0543781317198897,0.8774935451021546,0.1768845866177351,0.9601909,0.6202560,0.0521516
1714,1.0552168022878352,0.8769489060671396,0.1782678962206956,0.9604880,0.6201599,0.0521062
1715,1.0560554728557807,0.8764042670321246,0.17965120582365612,0.9607879,0.6200632,0.0520602
1716,1.0568941434237262,0.8758596279971096,0.18103451542661664,0.9610900,0.6199665,0.0520143
1717,1.0577328139916715,0.8753149889620946,0.18241782502957693,0.9613940,0.6198696,0.0519690
1718,1.0585714845596172,0.8747703499270796,0.18380113463253767,0.9617012,0.6197719,0.0519224
1719,1.0594195326557736,0.8742404306628464,0.1851791019929272,0.9619994,0.6196711,0.0518776
1720,1.06026758075193,0.8737105113986132,0.18655706935331673,0.9623000,0.6195699,0.0518327
1721,1.0611156288480863,0.87318059213438,0.18793503671370626,0.9626033,0.6194687,0.0517872
1722,1.0619636769442429,0.8726506728701469,0.18931300407409601,0.9629091,0.6193664,0.0517411
1723,1.062811725040399,0.8721207536059137,0.19069097143448532,0.9632179,0.6192638,0.0516934
1724,1.0636597731365554,0.8715908343416805,0.19206893879487485,0.9635076,0.6192265,0.0516442
1725,1.0645078212327117,0.8710609150774473,0.1934469061552644,0.9638448,0.6190857,0.0515984
1726,1.065355869328868,0.8705309958132141,0.19482487351565392,0.9641407,0.6190051,0.0515501
1727,1.0662039174250244,0.870001076548981,0.19620284087604345,0.9644788,0.6188780,0.0515031
1728,1.0670519655211808,0.8694711572847478,0.19758080823643298,0.9647898,0.6188247,0.0514555
1729,1.0679091328218828,0.8689561192098377,0.1989530136120451,0.9651315,0.6186383,0.0514070
1730,1.068766300122585,0.8684410811349277,0.2003252189876572,0.9654319,0.6185510,0.0513583
1731,1.069623467423287,0.8679260430600176,0.20169742436326932,0.9657490,0.6184537,0.0513146
1732,1.070480634723989,0.8674110049851076,0.20306962973888143,0.9660731,0.6183278,0.0512642
1733,1.071337802024691,0.8668959669101975,0.20444183511449354,0.9664007,0.6182163,0.0512208
1734,1.0721949693253932,0.8663809288352875,0.20581404049010565,0.9667276,0.6181135,0.0511732
1735,1.0730521366260952,0.8658658907603775,0.20718624586571777,0.9670533,0.6180084,0.0511250
1736,1.0739093039267973,0.8653508526854674,0.20855845124132988,0.9673725,0.6179284,0.0510715
1737,1.0747664712274994,0.8648358146105574,0.209930656616942,0.9677033,0.6178191,0.0510220
1738,1.0756236385282014,0.8643207765356473,0.2113028619925541,0.9680364,0.6177096,0.0509720
1739,1.076489663931986,0.8638207765356474,0.2126688873963387,0.9683670,0.6175973,0.0509289
1740,1.0773556893357703,0.8633207765356474,0.21403491280012288,0.9686937,0.6174971,0.0508816
1741,1.0782217147395547,0.8628207765356475,0.21540093820390727,0.9690147,0.6173988,0.0508302
1742,1.0790877401433392,0.8623207765356475,0.21676696360769165,0.9693535,0.6172685,0.0507824
1743,1.0799537655471236,0.8618207765356476,0.21813298901147604,0.9696964,0.6171305,0.0507322
1744,1.080819790950908,0.8613207765356476,0.21949901441526043,0.9700262,0.6170457,0.0506858
1745,1.0816858163546923,0.8608207765356477,0.2208650398190446,0.9703737,0.6169224,0.0506348
1746,1.082551841758477,0.8603207765356478,0.2222310652228292,0.9707069,0.6168261,0.0505877
1747,1.0834178671622614,0.8598207765356478,0.2235970906266136,0.9710614,0.6166986,0.0505357
1748,1.0842838925660458,0.8593207765356479,0.22496311603039798,0.9713829,0.6166105,0.0504866
1749,1.0851585122731853,0.8588359669154015,0.22632254535778373,0.9717216,0.6165198,0.0504347
1750,1.0860331319803247,0.8583511572951552,0.22768197468516949,0.9720675,0.6163603,0.0503914
1751,1.086907751687464,0.8578663476749089,0.22904140401255502,0.9724122,0.6162502,0.0503408
1752,1.0877823713946035,0.8573815380546626,0.230400833339941,0.9727662,0.6161260,0.0502934
1753,1.088656991101743,0.8568967284344162,0.23176026266732674,0.9730773,0.6160365,0.0502411
1754,1.0895316108088824,0.8564119188141699,0.2331196919947125,0.9734537,0.6158805,0.0501896
1755,1.0904062305160218,0.8559271091939236,0.23447912132209825,0.9737719,0.6158080,0.0501406
1756,1.0912808502231612,0.8554422995736772,0.235838550649484,0.9741418,0.6156746,0.0500889
1757,1.0921554699303009,0.8549574899534309,0.23719797997686998,0.9744582,0.6155788,0.0500336
1758,1.09303008963744,0.8544726803331846,0.2385574093042555,0.9748197,0.6154671,0.0499824
1759,1.093913037230299,0.8540032087703987,0.23990982845990028,0.9751710,0.6153488,0.0499361
1760,1.094795984823158,0.8535337372076128,0.24126224761554527,0.9755081,0.6152317,0.0498813
1761,1.0956789324160168,0.853064265644827,0.2426146667711898,0.9758510,0.6151079,0.0498307
1762,1.0965618800088757,0.8525947940820411,0.24396708592683458,0.9762235,0.6149495,0.0497876
1763,1.0974448276017346,0.8521253225192552,0.24531950508247935,0.9765614,0.6148449,0.0497371
1764,1.0983277751945937,0.8516558509564693,0.24667192423812434,0.9769328,0.6147211,0.0496909
1765,1.0992107227874524,0.8511863793936835,0.2480243433937689,0.9772611,0.6146135,0.0496333
1766,1.1000936703803113,0.8507169078308976,0.24937676254941366,0.9776316,0.6144853,0.0495817
1767,1.10097661797317,0.8502474362681117,0.2507291817050582,0.9779912,0.6143682,0.0495301
1768,1.1018676244973584,0.8497934457683721,0.2520741787289863,0.9783379,0.6142340,0.0494838
1769,1.1027586310215467,0.8493394552686325,0.25341917575291417,0.9786699,0.6141038,0.0494322
1770,1.103649637545735,0.8488854647688929,0.25476417277684205,0.9790325,0.6139711,0.0493831
1771,1.1045406440699232,0.8484314742691533,0.2561091698007699,0.9793735,0.6138790,0.0493302
1772,1.1054316505941115,0.8479774837694137,0.2574541668246978,0.9797481,0.6137353,0.0492876
1773,1.1063226571182998,0.8475234932696741,0.25879916384862567,0.9800999,0.6136127,0.0492341
1774,1.107213663642488,0.8470695027699345,0.26014416087255354,0.9804369,0.6135014,0.0491773
1775,1.1081046701666764,0.8466155122701949,0.2614891578964814,0.9808065,0.6133756,0.0491283
1776,1.1089956766908646,0.8461615217704553,0.2628341549204093,0.9811709,0.6132497,0.0490732
1777,1.109886683215053,0.8457075312707157,0.26417915194433716,0.9815286,0.6131224,0.0490204
1778,1.110785477261352,0.8452691601239266,0.2655163171374253,0.9818913,0.6129875,0.0489779
1779,1.1116842713076514,0.8448307889771375,0.26685348233051387,0.9822411,0.6128652,0.0489269
1780,1.1125830653539506,0.8443924178303484,0.2681906475236022,0.9826055,0.6127346,0.0488780
1781,1.1134818594002498,0.8439540466835592,0.2695278127166906,0.9829473,0.6126080,0.0488270
1782,1.114380653446549,0.8435156755367701,0.2708649779097789,0.9833053,0.6124883,0.0487753
1783,1.1152794474928482,0.843077304389981,0.2722021431028673,0.9836598,0.6123607,0.0487231
1784,1.1161782415391477,0.8426389332431918,0.27353930829595585,0.9840249,0.6122343,0.0486732
1785,1.117077035585447,0.8422005620964027,0.2748764734890442,0.9843839,0.6120835,0.0486184
1786,1.117975829631746,0.8417621909496136,0.27621363868213233,0.9847446,0.6119750,0.0485732
1787,1.1188746236780451,0.8413238198028244,0.2775508038752207,0.9851258,0.6118520,0.0485219
1788,1.1197809314650815,0.8409012015410837,0.2788797299239978,0.9854856,0.6117171,0.0484712
1789,1.1206872392521183,0.840478583279343,0.28020865597277533,0.9858392,0.6115959,0.0484202
1790,1.121593547039155,0.8400559650176023,0.28153758202155266,0.9862055,0.6114744,0.0483712
1791,1.1224998548261915,0.8396333467558615,0.28286650807033,0.9865679,0.6113183,0.0483212
1792,1.123406162613228,0.8392107284941208,0.2841954341191071,0.9869325,0.6111723,0.0482696
1793,1.1243124704002647,0.8387881102323801,0.2855243601678846,0.9873128,0.6110414,0.0482202
1794,1.125218778187301,0.8383654919706394,0.28685328621666173,0.9876712,0.6109245,0.0481678
1795,1.126125085974338,0.8379428737088986,0.2881822122654393,0.9880300,0.6107694,0.0481139
1796,1.1270313937613743,0.8375202554471579,0.2895111383142164,0.9883792,0.6106517,0.0480652
1797,1.127937701548411,0.8370976371854172,0.2908400643629939,0.9887543,0.6104994,0.0480159
1798,1.1288512470060537,0.8366909005423414,0.29216034646371225,0.9891294,0.6103794,0.0479696
1799,1.1297647924636962,0.8362841638992656,0.2934806285644306,0.9894639,0.6102473,0.0479167
1800,1.1306783379213388,0.8358774272561899,0.2948009106651489,0.9898341,0.6100904,0.0478683
1801,1.131591883378981,0.8354706906131141,0.296121192765867,0.9901855,0.6099593,0.0478203
1802,1.132505428836624,0.8350639539700383,0.2974414748665858,0.9905574,0.6098404,0.0477667
1803,1.1334189742942664,0.8346572173269625,0.2987617569673039,0.9909187,0.6096696,0.0477169
1804,1.134332519751909,0.8342504806838867,0.3000820390680222,0.9912938,0.6095620,0.0476705
1805,1.1352460652095515,0.833843744040811,0.30140232116874055,0.9916668,0.6094300,0.0476155
1806,1.136159610667194,0.8334370073977352,0.3027226032694589,0.9920258,0.6092679,0.0475709
1807,1.1370801155206465,0.8330462762692459,0.3040338392514006,0.9923704,0.6091389,0.0475183
1808,1.1380006203740989,0.8326555451407566,0.3053450752333423,0.9927361,0.6090158,0.0474710
1809,1.1389211252275513,0.8322648140122673,0.306656311215284,0.9931013,0.6088460,0.0474212
1810,1.1398416300810037,0.831874082883778,0.30796754719722574,0.9934650,0.6087031,0.0473738
1811,1.140762134934456,0.8314833517552886,0.30927878317916746,0.9938213,0.6085874,0.0473257
1812,1.1416826397879083,0.8310926206267993,0.31059001916110895,0.9941840,0.6084810,0.0472733
1813,1.142603144641361,0.83070188949831,0.3119012551430509,0.9945701,0.6083131,0.0472268
1814,1.143523649494813,0.8303111583698207,0.3132124911249924,0.9949180,0.6081724,0.0471763
1815,1.1444441543482655,0.8299204272413314,0.3145237271069341,0.9952594,0.6080107,0.0471259
1816,1.145364659201718,0.8295296961128421,0.3158349630888758,0.9956738,0.6078815,0.0470759
1817,1.146291843056285,0.8291550895194262,0.3171367535368588,0.9960203,0.6077173,0.0470260
1818,1.1472190269108518,0.8287804829260103,0.3184385439848415,0.9963894,0.6075984,0.0469803
1819,1.1481462107654186,0.8284058763325943,0.31974033443282424,0.9967524,0.6074527,0.0469358
1820,1.1490733946199854,0.8280312697391784,0.32104212488080697,0.9971079,0.6073254,0.0468902
1821,1.1500005784745522,0.8276566631457625,0.3223439153287897,0.9974447,0.6071898,0.0468364
1822,1.150927762329119,0.8272820565523465,0.32364570577677243,0.9978273,0.6070319,0.0467915
1823,1.1518549461836858,0.8269074499589306,0.32494749622475516,0.9981762,0.6068929,0.0467410
1824,1.1527821300382526,0.8265328433655147,0.3262492866727379,0.9985593,0.6067436,0.0466940
1825,1.1537093138928194,0.8261582367720988,0.3275510771207206,0.9989204,0.6065822,0.0466436
1826,1.1546364977473862,0.8257836301786828,0.32885286756870336,0.9992765,0.6064170,0.0465968
1827,1.1555700781738834,0.8254252622291376,0.33014481594474576,0.9996226,0.6062880,0.0465483
1828,1.1565036586003803,0.8250668942795923,0.33143676432078795,0.9999798,0.6061316,0.0465033
1829,1.1574372390268777,0.8247085263300471,0.3327287126968306,1.0003546,0.6059964,0.0464547
1830,1.1583708194533748,0.8243501583805019,0.334020661072873,1.0006911,0.6058657,0.0464079
1831,1.159304399879872,0.8239917904309566,0.3353126094489154,1.0010360,0.6057064,0.0463672
1832,1.1602379803063692,0.8236334224814114,0.3366045578249578,1.0014012,0.6055855,0.0463170
1833,1.1611715607328663,0.8232750545318661,0.3378965062010002,1.0017694,0.6054420,0.0462657
1834,1.1621051411593637,0.8229166865823209,0.33918845457704283,1.0021321,0.6053013,0.0462200
1835,1.1630387215858606,0.8225583186327756,0.340480402953085,1.0024880,0.6051552,0.0461769
1836,1.1639723020123578,0.8221999506832304,0.3417723513291274,1.0028438,0.6050049,0.0461287
1837,1.164905882438855,0.8218415827336851,0.34306429970516983,1.0032034,0.6048583,0.0460824
1838,1.1658455750596408,0.8214995625903595,0.3443460124692813,1.0035610,0.6046825,0.0460370
1839,1.166785267680427,0.8211575424470339,0.345627725233393,1.0039099,0.6045756,0.0459902
1840,1.1677249603012123,0.8208155223037082,0.34690943799750407,1.0042638,0.6044340,0.0459438
1841,1.1686646529219984,0.8204735021603826,0.3481911507616158,1.0046279,0.6042894,0.0458953
1842,1.1696043455427845,0.820131482017057,0.3494728635257275,1.0049684,0.6041522,0.0458492
1843,1.17054403816357,0.8197894618737314,0.35075457628983875,1.0053243,0.6040069,0.0458026
1844,1.171483730784356,0.8194474417304057,0.35203628905395024,1.0056820,0.6038610,0.0457570
1845,1.1724234234051418,0.8191054215870801,0.3533180018180617,1.0060319,0.6036980,0.0457089
1846,1.1733631160259277,0.8187634014437545,0.3545997145821732,1.0063987,0.6035516,0.0456630
1847,1.1743028086467135,0.8184213813004289,0.3558814273462847,1.0067657,0.6034087,0.0456180
1848,1.1752483272223129,0.8180958131459717,0.3571525140763412,1.0071235,0.6032610,0.0455777
1849,1.1761938457979122,0.8177702449915145,0.3584236008063977,1.0074723,0.6031154,0.0455305
1850,1.1771393643735115,0.8174446768370573,0.35969468753645417,1.0078194,0.6029695,0.0454884
1851,1.1780848829491108,0.8171191086826002,0.36096577426651066,1.0081687,0.6028234,0.0454435
1852,1.1790304015247102,0.816793540528143,0.36223686099656716,1.0085129,0.6026798,0.0453984
1853,1.1799759201003095,0.8164679723736858,0.36350794772662365,1.0088642,0.6025216,0.0453553
1854,1.1809214386759088,0.8161424042192287,0.36477903445668014,1.0091936,0.6023884,0.0453114
1855,1.181866957251508,0.8158168360647715,0.3660501211867364,1.0095303,0.6022476,0.0452657
1856,1.1828124758271077,0.8154912679103143,0.36732120791679335,1.0099271,0.6020673,0.0452194
1857,1.1837579944027068,0.8151656997558572,0.3685922946468496,1.0102797,0.6019197,0.0451750
1858,1.184709050919002,0.8148566827614823,0.36985236815751965,1.0105861,0.6017776,0.0451304
1859,1.185660107435297,0.8145476657671074,0.3711124416681897,1.0109310,0.6016463,0.0450903
1860,1.1866111639515922,0.8142386487727324,0.3723725151788597,1.0112646,0.6014883,0.0450452
1861,1.1875622204678873,0.8139296317783575,0.37363258868952975,1.0116178,0.6013371,0.0450057
1862,1.1885132769841824,0.8136206147839826,0.3748926622001998,1.0119610,0.6011862,0.0449626
1863,1.1894643335004775,0.8133115977896077,0.3761527357108698,1.0123016,0.6010267,0.0449187
1864,1.1904153900167729,0.8130025807952328,0.3774128092215401,1.0126620,0.6008761,0.0448756
1865,1.1913664465330678,0.8126935638008579,0.3786728827322099,1.0130024,0.6007408,0.0448312
1866,1.192317503049363,0.812384546806483,0.3799329562428799,1.0133280,0.6006011,0.0447870
1867,1.193268559565658,0.8120755298121081,0.38119302975354996,1.0136748,0.6004657,0.0447436
1868,1.1942196160819532,0.8117665128177332,0.38245310326422,1.0140470,0.6002543,0.0447049
1869,1.1951706725982485,0.8114574958233582,0.38371317677489025,1.0143610,0.6001202,0.0446571
1870,1.1961269773542114,0.8111651241186355,0.38496185323557586,1.0147007,0.5999590,0.0446193
1871,1.1970832821101745,0.8108727524139128,0.3862105296962617,1.0150459,0.5998326,0.0445738
1872,1.1980395868661375,0.81058038070919,0.3874592061569475,1.0153830,0.5996756,0.0445347
1873,1.1989958916221006,0.8102880090044673,0.38870788261763334,1.0157296,0.5995254,0.0444917
1874,1.1999521963780635,0.8099956372997446,0.38995655907831894,1.0160340,0.5993602,0.0444514
1875,1.2009085011340268,0.8097032655950218,0.391205235539005,1.0163837,0.5992280,0.0444090
1876,1.20186480588999,0.8094108938902991,0.3924539119996908,1.0167129,0.5990486,0.0443660
1877,1.202821110645953,0.8091185221855763,0.39370258846037665,1.0170610,0.5989254,0.0443254
1878,1.203777415401916,0.8088261504808536,0.3949512649210625,1.0173909,0.5987525,0.0442849
1879,1.2047337201578792,0.8085337787761309,0.3961999413817483,1.0177226,0.5986246,0.0442474
1880,1.2056900249138425,0.8082414070714081,0.39744861784243435,1.0180668,0.5984667,0.0442073
1881,1.2066512866097805,0.8079657697155911,0.3986855168941894,1.0184208,0.5983047,0.0441624
1882,1.2076125483057187,0.807690132359774,0.3999224159459447,1.0187344,0.5981483,0.0441257
1883,1.208573810001657,0.807414495003957,0.40115931499769997,1.0190545,0.5979973,0.0440824
1884,1.2095350716975952,0.80713885764814,0.40239621404945525,1.0193899,0.5978557,0.0440474
1885,1.2104963333935337,0.8068632202923229,0.40363311310121075,1.0197119,0.5977128,0.0440074
1886,1.2114575950894717,0.8065875829365059,0.4048700121529658,1.0200399,0.5975626,0.0439632
1887,1.21241885678541,0.8063119455806889,0.4061069112047211,1.0203375,0.5973922,0.0439270
1888,1.2133801184813482,0.8060363082248718,0.40734381025647637,1.0206723,0.5972496,0.0438870
1889,1.2143413801772864,0.8057606708690548,0.40858070930823165,1.0210302,0.5971155,0.0438467
1890,1.215302641873225,0.8054850335132377,0.40981760835998715,1.0213534,0.5969732,0.0438061
1891,1.216263903569163,0.8052093961574207,0.4110545074117422,1.0216450,0.5967735,0.0437689
1892,1.2172251652651012,0.8049337588016037,0.4122914064634975,1.0219732,0.5966363,0.0437245
1893,1.2181910910913902,0.8046749397565012,0.41351615133488906,1.0223004,0.5964647,0.0436926
1894,1.2191570169176793,0.8044161207113987,0.41474089620628063,1.0226187,0.5963142,0.0436535
1895,1.2201229427439684,0.8041573016662962,0.4159656410776722,1.0229297,0.5961626,0.0436147
1896,1.2210888685702574,0.8038984826211937,0.41719038594906377,1.0232401,0.5959851,0.0435769
1897,1.2220547943965463,0.8036396635760912,0.4184151308204551,1.0235535,0.5958370,0.0435378
1898,1.2230207202228356,0.8033808445309887,0.4196398756918469,1.0238795,0.5956984,0.0435025
1899,1.2239866460491249,0.8031220254858862,0.4208646205632387,1.0241822,0.5956016,0.0434641
1900,1.2249525718754135,0.8028632064407837,0.4220893654346298,1.0245058,0.5954387,0.0434265
1901,1.2259184977017028,0.8026043873956812,0.4233141103060216,1.0248284,0.5952644,0.0433879
1902,1.226884423527992,0.8023455683505787,0.4245388551774134,1.0251457,0.5951358,0.0433512
1903,1.227850349354281,0.8020867493054762,0.42576360004880476,1.0254956,0.5949401,0.0433127
1904,1.22881627518057,0.8018279302603737,0.4269883449201963,1.0257699,0.5948050,0.0432717
1905,1.229786570906846,0.801586008364774,0.42820056254207206,1.0260770,0.5946577,0.0432393
1906,1.230756866633122,0.8013440864691743,0.42941278016394757,1.0263897,0.5945115,0.0432034
1907,1.2317271623593982,0.8011021645735746,0.4306249977858235,1.0266983,0.5943589,0.0431667
1908,1.2326974580856742,0.800860242677975,0.43183721540769926,1.0270070,0.5942026,0.0431312
1909,1.2336677538119505,0.8006183207823753,0.4330494330295752,1.0273127,0.5940492,0.0430954
1910,1.2346380495382263,0.8003763988867756,0.4342616506514507,1.0276193,0.5938989,0.0430599
1911,1.2356083452645024,0.8001344769911759,0.43547386827332646,1.0279145,0.5937538,0.0430237
1912,1.2365786409907784,0.7998925550955762,0.4366860858952022,1.0282401,0.5936013,0.0429891
1913,1.2375489367170545,0.7996506331999765,0.4378983035170779,1.0285397,0.5934506,0.0429544
1914,1.2385192324433305,0.7994087113043769,0.43911052113895366,1.0288428,0.5932972,0.0429185
1915,1.2394895281696066,0.7991667894087772,0.4403227387608294,1.0291528,0.5931349,0.0428828
1916,1.2404598238958826,0.7989248675131775,0.4415349563827051,1.0294476,0.5930060,0.0428466
1917,1.2414301196221589,0.7986829456175778,0.4427471740045811,1.0297562,0.5927984,0.0428082
1918,1.242404489686944,0.798457994563234,0.44394649512371,1.0300860,0.5926861,0.0427729
1919,1.2433788597517292,0.7982330435088901,0.4451458162428391,1.0303585,0.5925180,0.0427415
1920,1.2443532298165143,0.7980080924545463,0.446345137361968,1.0306533,0.5923647,0.0427080
1921,1.2453275998812998,0.7977831414002025,0.44754445848109736,1.0309460,0.5922121,0.0426741
1922,1.246301969946085,0.7975581903458586,0.4487437796002265,1.0312506,0.5920572,0.0426393
1923,1.2472763400108704,0.7973332392915148,0.4499431007193556,1.0315438,0.5919048,0.0426056
1924,1.2482507100756557,0.797108288237171,0.45114242183848474,1.0318381,0.5917516,0.0425718
1925,1.249225080140441,0.7968833371828271,0.45234174295761387,1.0321208,0.5916021,0.0425403
1926,1.2501994502052265,0.7966583861284833,0.4535410640767432,1.0324169,0.5914488,0.0425065
1927,1.2511738202700116,0.7964334350741394,0.4547403851958721,1.0327153,0.5912953,0.0424721
1928,1.2521481903347969,0.7962084840197956,0.45593970631500125,1.0330110,0.5911415,0.0424384
1929,1.253122560399582,0.7959835329654518,0.45713902743413015,1.0333033,0.5909946,0.0424059
1930,1.2540969304643674,0.7957585819111079,0.4583383485532595,1.0335980,0.5908450,0.0423721
1931,1.2550713005291527,0.7955336308567641,0.4595376696723886,1.0338941,0.5906923,0.0423384
1932,1.2560494481298865,0.7953257191659463,0.4607237289639402,1.0341858,0.5905280,0.0423059
1933,1.2570275957306205,0.7951178074751285,0.461909788255492,1.0344678,0.5903768,0.0422738
1934,1.258005743331354,0.7949098957843107,0.46309584754704336,1.0347349,0.5902486,0.0422434
1935,1.2589838909320878,0.7947019840934929,0.46428190683859494,1.0350259,0.5900956,0.0422117
1936,1.2599620385328216,0.7944940724026751,0.4654679661301465,1.0353075,0.5899436,0.0421799
1937,1.2609401861335554,0.7942861607118573,0.4666540254216981,1.0355872,0.5897885,0.0421483
1938,1.2619183337342892,0.7940782490210395,0.46784008471324967,1.0358732,0.5896334,0.0421129
1939,1.262896481335023,0.7938703373302217,0.46902614400480125,1.0361541,0.5894785,0.0420812
1940,1.2638746289357567,0.7936624256394039,0.4702122032963528,1.0364328,0.5893190,0.0420503
1941,1.2648527765364903,0.7934545139485861,0.4713982625879042,1.0367106,0.5891629,0.0420192
1942,1.2658309241372243,0.7932466022577683,0.472584321879456,1.0369916,0.5890135,0.0419896
1943,1.266809071737958,0.7930386905669505,0.47377038117100756,1.0372725,0.5888617,0.0419582
1944,1.267787219338692,0.7928307788761327,0.47495644046255936,1.0375545,0.5887071,0.0419251
1945,1.2687653669394257,0.7926228671853149,0.4761424997541107,1.0378356,0.5885526,0.0418942
1946,1.2697435145401594,0.7924149554944971,0.4773285590456623,1.0381192,0.5883991,0.0418633
1947,1.2707251417236072,0.7922241464991207,0.4785009952244865,1.0383893,0.5882569,0.0418349
1948,1.271706768907055,0.7920333375037442,0.47967343140331076,1.0386554,0.5881051,0.0418053
1949,1.2726883960905029,0.7918425285083677,0.4808458675821352,1.0389219,0.5879530,0.0417756
1950,1.2736700232739504,0.7916517195129912,0.4820183037609592,1.0391886,0.5878011,0.0417460
1951,1.274651650457398,0.7914609105176147,0.48319073993978323,1.0394557,0.5876496,0.0417163
1952,1.275633277640846,0.7912701015222382,0.4843631761186079,1.0397359,0.5874861,0.0416828
1953,1.2766149048242936,0.7910792925268617,0.4855356122974319,1.0400004,0.5873341,0.0416534
1954,1.2775965320077414,0.7908884835314852,0.48670804847625615,1.0402654,0.5871824,0.0416240
1955,1.2785781591911891,0.7906976745361087,0.4878804846550804,1.0405293,0.5870312,0.0415947
1956,1.2795597863746369,0.7905068655407322,0.4890529208339046,1.0407939,0.5868803,0.0415659
1957,1.2805414135580846,0.7903160565453557,0.49022535701272885,1.0410590,0.5867300,0.0415375
1958,1.2815230407415323,0.7901252475499793,0.4913977931915531,1.0413254,0.5865827,0.0415095
1959,1.28250466792498,0.7899344385546028,0.4925702293703773,1.0415910,0.5864488,0.0414804
1960,1.2834862951084278,0.7897436295592263,0.49374266554920154,1.0418608,0.5862968,0.0414512
1961,1.2844679222918756,0.7895528205638498,0.4949151017280258,1.0421290,0.5861471,0.0414221
1962,1.2854527300448877,0.7893791723861828,0.49607355765870487,1.0423802,0.5859963,0.0413946
1963,1.2864375377978998,0.7892055242085159,0.49723201358938396,1.0426328,0.5858454,0.0413672
1964,1.287422345550912,0.7890318760308489,0.49839046952006305,1.0428857,0.5856945,0.0413398
1965,1.288407153303924,0.7888582278531819,0.49954892545074214,1.0431387,0.5855436,0.0413124
1966,1.2893919610569362,0.788684579675515,0.5007073813814212,1.0433919,0.5853928,0.0412851
1967,1.2903767688099483,0.788510931497848,0.5018658373121003,1.0436452,0.5852419,0.0412579
1968,1.2913615765629605,0.788337283320181,0.5030242932427794,1.0438993,0.5850910,0.0412308
1969,1.2923463843159726,0.7881636351425141,0.5041827491734585,1.0441527,0.5849403,0.0412037
1970,1.2933311920689847,0.7879899869648471,0.5053412051041376,1.0444061,0.5847898,0.0411766
1971,1.2943159998219969,0.7878163387871802,0.5064996610348167,1.0446596,0.5846394,0.0411495
1972,1.295300807575009,0.7876426906095132,0.5076581169654958,1.0449131,0.5844891,0.0411226
1973,1.2962856153280211,0.7874690424318462,0.5088165728961749,1.0451666,0.5843390,0.0410956
1974,1.2972704230810332,0.7872953942541793,0.509975028826854,1.0454222,0.5841887,0.0410680
1975,1.2982552308340454,0.7871217460765123,0.5111334847575331,1.0456759,0.5840390,0.0410411
1976,1.2992400385870575,0.7869480978988453,0.5122919406882122,1.0459294,0.5838894,0.0410143
1977,1.3002248463400696,0.7867744497211784,0.5134503966188912,1.0461830,0.5837401,0.0409875
1978,1.3012096540930818,0.7866008015435114,0.5146088525495703,1.0464366,0.5835909,0.0409607
1979,1.302194461846094,0.7864271533658445,0.5157673084802497,1.0466902,0.5834419,0.0409341
1980,1.303182150186689,0.7862707189008042,0.5169114312858847,1.0469275,0.5832918,0.0409090
1981,1.304169838527284,0.786114284435764,0.5180555540915199,1.0471648,0.5831419,0.0408840
1982,1.305157526867879,0.7859578499707238,0.5191996768971552,1.0474021,0.5829923,0.0408590
1983,1.306145215208474,0.7858014155056836,0.5203437997027904,1.0476423,0.5828415,0.0408312
1984,1.307132903549069,0.7856449810406434,0.5214879225084257,1.0478794,0.5826922,0.0408063
1985,1.308120591889664,0.7854885465756032,0.5226320453140607,1.0481154,0.5825430,0.0407814
1986,1.3091082802302592,0.785332112110563,0.5237761681196962,1.0483525,0.5823942,0.0407566
1987,1.3100959685708542,0.7851756776455228,0.5249202909253314,1.0485896,0.5822455,0.0407317
1988,1.3110836569114492,0.7850192431804826,0.5260644137309667,1.0488268,0.5820970,0.0407069
1989,1.3120713452520445,0.7848628087154423,0.5272085365366022,1.0490639,0.5819491,0.0406822
1990,1.313059033592639,0.7847063742504021,0.528352659342237,1.0493014,0.5818028,0.0406573
1991,1.3140467219332344,0.7845499397853619,0.5294967821478724,1.0495355,0.5816580,0.0406363
1992,1.3150344102738294,0.7843935053203217,0.5306409049535077,1.0497719,0.5815118,0.0406121
1993,1.3160220986144244,0.7842370708552815,0.5317850277591429,1.0500078,0.5813516,0.0405869
1994,1.3170097869550197,0.7840806363902413,0.5329291505647784,1.0502456,0.5812039,0.0405622
1995,1.3179974752956145,0.7839242019252011,0.5340732733704134,1.0504836,0.5810566,0.0405375
1996,1.3189851636362095,0.7837677674601609,0.5352173961760487,1.0507217,0.5809096,0.0405129
1997,1.3199728519768046,0.7836113329951206,0.5363615189816839,1.0509601,0.5807625,0.0404884
1998,1.3209605403173996,0.7834548985300804,0.5375056417873192,1.0511981,0.5806159,0.0404640
1999,1.3219482286579949,0.7832984640650402,0.5386497645929547,1.0514361,0.5804695,0.0404397
2000,1.322938496726736,0.7831592909640802,0.5397792057626557,1.0516571,0.5803222,0.0404170
2001,1.3239287647954776,0.7830201178631202,0.5409086469323574,1.0518763,0.5801873,0.0403975
2002,1.324919032864219,0.7828809447621602,0.5420380881020589,1.0520971,0.5800405,0.0403750
2003,1.3259093009329606,0.7827417716612002,0.5431675292717604,1.0523177,0.5798939,0.0403526
2004,1.326899569001702,0.7826025985602402,0.5442969704414619,1.0525381,0.5797477,0.0403302
2005,1.3278898370704435,0.7824634254592802,0.5454264116111633,1.0527592,0.5796011,0.0403077
2006,1.328880105139185,0.7823242523583201,0.5465558527808648,1.0529794,0.5794554,0.0402854
2007,1.3298703732079264,0.7821850792573601,0.5476852939505663,1.0531995,0.5793101,0.0402632
2008,1.330860641276668,0.7820459061564001,0.5488147351202678,1.0534198,0.5791649,0.0402410
2009,1.3318509093454094,0.7819067330554401,0.5499441762899693,1.0536401,0.5790199,0.0402188
2010,1.3328411774141509,0.7817675599544801,0.5510736174596708,1.0538607,0.5788747,0.0401965
2011,1.3338314454828923,0.7816283868535201,0.5522030586293722,1.0540813,0.5787296,0.0401743
2012,1.3348217135516338,0.7814892137525601,0.5533324997990737,1.0542968,0.5785769,0.0401518
2013,1.3358119816203753,0.7813500406516001,0.5544619409687752,1.0545170,0.5784325,0.0401297
2014,1.3368022496891168,0.7812108675506401,0.5555913821384767,1.0547373,0.5782880,0.0401077
2015,1.3377925177578582,0.78107169444968,0.5567208233081782,1.0549601,0.5781430,0.0400860
2016,1.3387827858265997,0.78093252134872,0.5578502644778797,1.0551803,0.5779988,0.0400641
2017,1.3397730538953412,0.78079334824776,0.5589797056475811,1.0554019,0.5778621,0.0400420
2018,1.3407633219640829,0.7806541751468,0.5601091468172829,1.0556221,0.5777176,0.0400196
2019,1.341753590032824,0.78051500204584,0.5612385879869839,1.0558429,0.5775709,0.0399958
2020,1.3427438581015656,0.78037582894488,0.5623680291566856,1.0560582,0.5774271,0.0399737
2021,1.343736404253207,0.7802539596014748,0.5634824446517321,1.0562619,0.5772856,0.0399560
2022,1.3447289504048483,0.7801320902580696,0.5645968601467787,1.0564593,0.5771439,0.0399374
2023,1.3457214965564896,0.7800102209146644,0.5657112756418252,1.0566797,0.5769890,0.0399166
2024,1.346714042708131,0.7798883515712592,0.5668256911368718,1.0568639,0.5768537,0.0398976
2025,1.3477065888597723,0.779766482227854,0.5679401066319183,1.0570670,0.5767083,0.0398778
2026,1.3486991350114137,0.7796446128844489,0.5690545221269648,1.0572710,0.5765642,0.0398577
2027,1.349691681163055,0.7795227435410437,0.5701689376220114,1.0574740,0.5764209,0.0398377
2028,1.3506842273146964,0.7794008741976385,0.5712833531170579,1.0576756,0.5762772,0.0398183
2029,1.3516767734663375,0.7792790048542333,0.5723977686121042,1.0578789,0.5761336,0.0397986
2030,1.352669319617979,0.7791571355108281,0.573512184107151,1.0580831,0.5759900,0.0397783
2031,1.3536618657696204,0.7790352661674229,0.5746265996021975,1.0582843,0.5758471,0.0397581
2032,1.3546544119212618,0.7789133968240177,0.5757410150972441,1.0584857,0.5757041,0.0397375
2033,1.3556469580729031,0.7787915274806125,0.5768554305922906,1.0586969,0.5755683,0.0397199
2034,1.3566395042245445,0.7786696581372073,0.5779698460873371,1.0588973,0.5754276,0.0397004
2035,1.3576320503761858,0.7785477887938022,0.5790842615823837,1.0590990,0.5752865,0.0396807
2036,1.3586245965278272,0.778425919450397,0.5801986770774302,1.0592971,0.5751438,0.0396614
2037,1.3596171426794683,0.7783040501069918,0.5813130925724765,1.0594981,0.5750027,0.0396419
2038,1.36060968883111,0.7781821807635866,0.5824275080675235,1.0596975,0.5748616,0.0396225
2039,1.3616022349827512,0.7780603114201814,0.5835419235625698,1.0598961,0.5747202,0.0396031
2040,1.3625947811343926,0.7779384420767762,0.5846563390576164,1.0600981,0.5745697,0.0395816
2041,1.363587327286034,0.777816572733371,0.5857707545526629,1.0602988,0.5744280,0.0395631
2042,1.3645798734376753,0.7776947033899658,0.5868851700477095,1.0605005,0.5743018,0.0395444
2043,1.3655724195893166,0.7775728340465606,0.587999585542756,1.0607127,0.5741612,0.0395213
2044,1.366564965740958,0.7774509647031554,0.5891140010378025,1.0609157,0.5740212,0.0395036
2045,1.367557511892599,0.7773290953597503,0.5902284165328489,1.0611100,0.5738712,0.0394876
2046,1.368550058044241,0.7772072260163451,0.5913428320278958,1.0613112,0.5737319,0.0394687
2047,1.3695445799396089,0.7771026975530774,0.5924418823865315,1.0614963,0.5735910,0.0394509
2048,1.370539101834977,0.7769981690898097,0.5935409327451674,1.0616784,0.5734516,0.0394327
2049,1.3715336237303453,0.776893640626542,0.5946399831038033,1.0618628,0.5733088,0.0394160
2050,1.3725281456257137,0.7767891121632743,0.5957390334624394,1.0620306,0.5731542,0.0393977
2051,1.3735226675210817,0.7766845837000066,0.5968380838210751,1.0622207,0.5730624,0.0393819
2052,1.3745171894164498,0.7765800552367389,0.597937134179711,1.0624177,0.5728954,0.0393647
2053,1.375511711311818,0.7764755267734712,0.5990361845383468,1.0625904,0.5727525,0.0393446
2054,1.3765062332071862,0.7763709983102035,0.6001352348969827,1.0627752,0.5726144,0.0393311
2055,1.3775007551025544,0.7762664698469358,0.6012342852556186,1.0629593,0.5724746,0.0393109
2056,1.3784952769979226,0.7761619413836681,0.6023333356142545,1.0631451,0.5723317,0.0392949
2057,1.3794897988932908,0.7760574129204004,0.6034323859728904,1.0633321,0.5722020,0.0392794
2058,1.380484320788659,0.7759528844571327,0.6045314363315263,1.0634866,0.5720553,0.0392629
2059,1.3814788426840272,0.775848355993865,0.6056304866901622,1.0636777,0.5719167,0.0392438
2060,1.3824733645793954,0.7757438275305973,0.6067295370487981,1.0638727,0.5718247,0.0392255
2061,1.3834678864747636,0.7756392990673296,0.607828587407434,1.0640519,0.5716548,0.0392072
2062,1.3844624083701318,0.775534770604062,0.6089276377660698,1.0642221,0.5715279,0.0391923
2063,1.3854569302655,0.7754302421407943,0.6100266881247057,1.0644179,0.5713771,0.0391729
2064,1.3864514521608682,0.7753257136775266,0.6111257384833416,1.0645731,0.5712508,0.0391559
2065,1.3874459740562364,0.7752211852142589,0.6122247888419775,1.0647746,0.5711113,0.0391454
2066,1.3884404959516046,0.7751166567509912,0.6133238392006134,1.0649331,0.5709880,0.0391205
2067,1.3894350178469728,0.7750121282877235,0.6144228895592493,1.0651446,0.5708085,0.0391082
2068,1.390429539742341,0.7749075998244558,0.6155219399178852,1.0652885,0.5707059,0.0390888
2069,1.3914240616377092,0.7748030713611881,0.6166209902765211,1.0654785,0.5705919,0.0390763
2070,1.3924185835330771,0.7746985428979204,0.6177200406351567,1.0656934,0.5703987,0.0390586
2071,1.3934131054284455,0.7745940144346527,0.6188190909937928,1.0658628,0.5702650,0.0390419
2072,1.3944076273238135,0.774489485971385,0.6199181413524285,1.0660535,0.5701605,0.0390294
2073,1.395402149219182,0.7743849575081173,0.6210171917110646,1.0662266,0.5700201,0.0390128
2074,1.39639667111455,0.7742804290448496,0.6221162420697003,1.0664162,0.5698876,0.0389974
2075,1.3973911930099183,0.7741759005815819,0.6232152924283364,1.0665672,0.5697049,0.0389754
2076,1.39838738770801,0.7740887448388343,0.6242986428691757,1.0667520,0.5696168,0.0389656
2077,1.3993835824061016,0.7740015890960866,0.625381993310015,1.0669202,0.5694819,0.0389506
2078,1.4003797771041933,0.773914433353339,0.6264653437508543,1.0670776,0.5693569,0.0389342
2079,1.401375971802285,0.7738272776105913,0.6275486941916936,1.0672244,0.5692177,0.0389222
2080,1.4023721665003763,0.7737401218678437,0.6286320446325326,1.0674104,0.5690815,0.0389069
2081,1.4033683611984682,0.773652966125096,0.6297153950733722,1.0675679,0.5689352,0.0388938
2082,1.4043645558965598,0.7735658103823484,0.6307987455142114,1.0677422,0.5688111,0.0388776
2083,1.4053607505946517,0.7734786546396007,0.631882095955051,1.0679103,0.5686706,0.0388649
2084,1.4063569452927431,0.7733914988968531,0.63296544639589,1.0680593,0.5685394,0.0388491
2085,1.4073531399908348,0.7733043431541055,0.6340487968367293,1.0682204,0.5684117,0.0388359
2086,1.4083493346889264,0.7732171874113578,0.6351321472775686,1.0683866,0.5682717,0.0388189
2087,1.409345529387018,0.7731300316686102,0.6362154977184079,1.0685380,0.5681395,0.0388062
2088,1.4103417240851095,0.7730428759258625,0.637298848159247,1.0687020,0.5680084,0.0387916
2089,1.4113379187832014,0.7729557201831149,0.6383821986000865,1.0688485,0.5678730,0.0387776
2090,1.412334113481293,0.7728685644403672,0.6394655490409258,1.0690151,0.5677415,0.0387632
2091,1.4133303081793849,0.7727814086976196,0.6405488994817653,1.0691800,0.5676144,0.0387476
2092,1.4143265028774763,0.7726942529548719,0.6416322499226044,1.0693331,0.5674741,0.0387351
2093,1.415322697575568,0.7726070972121243,0.6427156003634437,1.0694998,0.5673860,0.0387200
2094,1.4163188922736596,0.7725199414693766,0.643798950804283,1.0696775,0.5672162,0.0387070
2095,1.4173150869717512,0.772432785726629,0.6448823012451222,1.0698192,0.5670638,0.0386922
2096,1.4183112816698429,0.7723456299838813,0.6459656516859615,1.0699804,0.5669370,0.0386797
2097,1.4193074763679343,0.7722584742411337,0.6470490021268006,1.0701617,0.5668042,0.0386620
2098,1.4203036710660262,0.772171318498386,0.6481323525676401,1.0702943,0.5666856,0.0386491
2099,1.4212998657641178,0.7720841627556384,0.6492157030084794,1.0704701,0.5665452,0.0386369
2100,1.4222960604622097,0.7719970070128908,0.6502990534493189,1.0706123,0.5664292,0.0386221
2101,1.4232922551603011,0.7719098512701431,0.651382403890158,1.0707735,0.5663084,0.0386110
2102,1.4242884498583928,0.7718226955273955,0.6524657543309973,1.0709576,0.5661602,0.0385967
2103,1.4252846445564844,0.7717355397846478,0.6535491047718366,1.0711131,0.5660264,0.0385827
2104,1.426280839254576,0.7716483840419002,0.6546324552126759,1.0712674,0.5658956,0.0385684
2105,1.4272770339526677,0.7715612282991525,0.6557158056535152,1.0714347,0.5657635,0.0385516
2106,1.4282732286507591,0.7714740725564049,0.6567991560943542,1.0715966,0.5656453,0.0385435
2107,1.429269423348851,0.7713869168136572,0.6578825065351938,1.0717381,0.5655367,0.0385272
2108,1.4302656180469426,0.7712997610709096,0.658965856976033,1.0718923,0.5653540,0.0385105
2109,1.4312618127450345,0.7712126053281619,0.6600492074168726,1.0720494,0.5652505,0.0385013
2110,1.432258007443126,0.7711254495854143,0.6611325578577116,1.0722232,0.5651156,0.0384880
2111,1.4332542021412176,0.7710382938426666,0.6622159082985509,1.0723795,0.5649819,0.0384724
2112,1.4342503968393092,0.770951138099919,0.6632992587393902,1.0725286,0.5648756,0.0384600
2113,1.435247960889569,0.7708813816261749,0.664366579263394,1.0726730,0.5647320,0.0384462
2114,1.4362455249398287,0.7708116251524308,0.6654338997873979,1.0728158,0.5646170,0.0384351
2115,1.4372430889900885,0.7707418686786868,0.6665012203114017,1.0729456,0.5644990,0.0384232
2116,1.4382406530403482,0.7706721122049427,0.6675685408354055,1.0731030,0.5643568,0.0384128
2117,1.439238217090608,0.7706023557311986,0.6686358613594093,1.0732503,0.5642355,0.0384018
2118,1.4402357811408677,0.7705325992574545,0.6697031818834132,1.0733702,0.5641041,0.0383874
2119,1.4412333451911274,0.7704628427837105,0.670770502407417,1.0735065,0.5639882,0.0383774
2120,1.4422309092413872,0.7703930863099664,0.6718378229314208,1.0736399,0.5638639,0.0383639
2121,1.443228473291647,0.7703233298362223,0.6729051434554246,1.0737948,0.5637292,0.0383544
2122,1.444226037341907,0.7702535733624782,0.6739724639794287,1.0739401,0.5635977,0.0383429
2123,1.4452236013921664,0.7701838168887342,0.6750397845034323,1.0740901,0.5634511,0.0383280
2124,1.4462211654424262,0.7701140604149901,0.6761071050274361,1.0742071,0.5633415,0.0383192
2125,1.447218729492686,0.770044303941246,0.6771744255514399,1.0743428,0.5632254,0.0383060
2126,1.4482162935429457,0.7699745474675019,0.6782417460754437,1.0744972,0.5630885,0.0382984
2127,1.4492138575932054,0.7699047909937579,0.6793090665994476,1.0746316,0.5629590,0.0382862
2128,1.4502114216434652,0.7698350345200138,0.6803763871234514,1.0747680,0.5628304,0.0382724
2129,1.451208985693725,0.7697652780462697,0.6814437076474552,1.0749098,0.5627133,0.0382609
2130,1.4522065497439849,0.7696955215725256,0.6825110281714593,1.0750469,0.5625806,0.0382522
2131,1.4532041137942444,0.7696257650987816,0.6835783486954629,1.0751847,0.5624555,0.0382410
2132,1.4542016778445042,0.7695560086250375,0.6846456692194667,1.0753226,0.5623306,0.0382297
2133,1.455199241894764,0.7694862521512934,0.6857129897434705,1.0754603,0.5622060,0.0382185
2134,1.4561968059450237,0.7694164956775493,0.6867803102674743,1.0755978,0.5620815,0.0382073
2135,1.4571943699952834,0.7693467392038053,0.6878476307914781,1.0757352,0.5619573,0.0381961
2136,1.4581919340455431,0.7692769827300612,0.688914951315482,1.0758724,0.5618333,0.0381849
2137,1.459189498095803,0.7692072262563171,0.6899822718394858,1.0760096,0.5617096,0.0381738
2138,1.4601870621460626,0.769137469782573,0.6910495923634896,1.0761465,0.5615862,0.0381628
2139,1.4611846261963224,0.769067713308829,0.6921169128874934,1.0762834,0.5614632,0.0381518
2140,1.462182190246582,0.7689979568350849,0.693184233411497,1.0764204,0.5613407,0.0381408
2141,1.463179754296842,0.7689282003613408,0.6942515539355013,1.0765575,0.5612186,0.0381299
2142,1.4641773183471016,0.7688584438875967,0.6953188744595049,1.0766916,0.5610951,0.0381189
2143,1.4651748823973614,0.7687886874138526,0.6963861949835087,1.0768285,0.5609703,0.0381076
2144,1.4661724464476211,0.7687189309401086,0.6974535155075126,1.0769636,0.5608520,0.0380940
2145,1.4671700104978809,0.7686491744663645,0.6985208360315164,1.0771082,0.5607325,0.0380872
2146,1.4681675745481406,0.7685794179926204,0.6995881565555202,1.0772244,0.5605877,0.0380728
2147,1.4691651385984004,0.7685096615188763,0.700655477079524,1.0773694,0.5604948,0.0380644
2148,1.47016270264866,0.7684399050451323,0.7017227976035276,1.0775071,0.5603672,0.0380527
2149,1.47116026669892,0.7683701485713882,0.7027901181275319,1.0776489,0.5602448,0.0380414
2150,1.4721578307491796,0.7683003920976441,0.7038574386515355,1.0777716,0.5601242,0.0380304
2151,1.4731553947994394,0.7682306356239,0.7049247591755393,1.0779116,0.5600072,0.0380197
2152,1.474152958849699,0.768160879150156,0.7059920796995431,1.0780389,0.5598850,0.0380105
2153,1.4751505228999588,0.7680911226764119,0.707059400223547,1.0781775,0.5597597,0.0379988
2154,1.4761480869502186,0.7680213662026678,0.7081267207475508,1.0783225,0.5596431,0.0379888
2155,1.4771456510004783,0.7679516097289237,0.7091940412715546,1.0784502,0.5595291,0.0379788
2156,1.478143215050738,0.7678818532551797,0.7102613617955584,1.0785911,0.5594050,0.0379677
2157,1.4791407791009978,0.7678120967814356,0.7113286823195623,1.0787400,0.5592680,0.0379555
2158,1.4801383431512576,0.7677423403076915,0.7123960028435661,1.0788637,0.5591780,0.0379486
2159,1.481135907201517,0.7676725838339474,0.7134633233675697,1.0789961,0.5590544,0.0379369
2160,1.482134536736272,0.7676202478777044,0.7145142888585675,1.0791072,0.5589289,0.0379252
2161,1.4831331662710263,0.7675679119214615,0.7155652543495649,1.0792177,0.5588008,0.0379183
2162,1.4841317958057811,0.7675155759652185,0.7166162198405627,1.0793330,0.5586841,0.0379100
2163,1.4851304253405355,0.7674632400089755,0.71766718533156,1.0794622,0.5585755,0.0379001
2164,1.4861290548752903,0.7674109040527325,0.7187181508225579,1.0795818,0.5584548,0.0378939
2165,1.487127684410045,0.7673585680964895,0.7197691163135554,1.0796863,0.5583288,0.0378821
2166,1.4881263139447996,0.7673062321402465,0.720820081804553,1.0798031,0.5582009,0.0378742
2167,1.4891249434795542,0.7672538961840035,0.7218710472955506,1.0799097,0.5580821,0.0378672
2168,1.4901235730143088,0.7672015602277605,0.7229220127865482,1.0800253,0.5579630,0.0378577
2169,1.4911222025490634,0.7671492242715175,0.7239729782775458,1.0801390,0.5578474,0.0378478
2170,1.492120832083818,0.7670968883152746,0.7250239437685434,1.0802640,0.5577358,0.0378372
2171,1.4931194616185726,0.7670445523590316,0.726074909259541,1.0803762,0.5576234,0.0378285
2172,1.4941180911533272,0.7669922164027886,0.7271258747505386,1.0804910,0.5575013,0.0378223
2173,1.4951167206880818,0.7669398804465456,0.7281768402415362,1.0805936,0.5573822,0.0378147
2174,1.4961153502228364,0.7668875444903026,0.7292278057325338,1.0807126,0.5572683,0.0378045
2175,1.497113979757591,0.7668352085340596,0.7302787712235314,1.0808174,0.5570902,0.0377955
2176,1.4981126092923456,0.7667828725778166,0.7313297367145289,1.0809447,0.5570286,0.0377880
2177,1.4991112388271002,0.7667305366215736,0.7323807022055265,1.0810561,0.5569117,0.0377788
2178,1.5001098683618548,0.7666782006653307,0.7334316676965241,1.0811714,0.5568007,0.0377701
2179,1.5011084978966094,0.7666258647090877,0.7344826331875217,1.0812728,0.5566441,0.0377618
2180,1.502107127431364,0.7665735287528447,0.7355335986785193,1.0814008,0.5565635,0.0377539
2181,1.5031057569661186,0.7665211927966017,0.7365845641695169,1.0815318,0.5564557,0.0377451
2182,1.5041043865008732,0.7664688568403587,0.7376355296605145,1.0816350,0.5563343,0.0377376
2183,1.5051030160356278,0.7664165208841157,0.7386864951515121,1.0817453,0.5562168,0.0377286
2184,1.5061016455703824,0.7663641849278727,0.7397374606425097,1.0818572,0.5561000,0.0377198
2185,1.507100275105137,0.7663118489716297,0.7407884261335073,1.0819654,0.5559841,0.0377119
2186,1.5080989046398916,0.7662595130153868,0.7418393916245049,1.0820848,0.5558706,0.0377051
2187,1.5090975341746462,0.7662071770591438,0.7428903571155024,1.0821929,0.5557507,0.0376960
2188,1.5100961637094008,0.7661548411029008,0.7439413226065,1.0823022,0.5556373,0.0376883
2189,1.5110947932441554,0.7661025051466578,0.7449922880974976,1.0824133,0.5555249,0.0376789
2190,1.51209342277891,0.7660501691904148,0.7460432535884952,1.0825256,0.5554178,0.0376693
2191,1.5130920523136646,0.7659978332341718,0.7470942190794928,1.0826455,0.5553044,0.0376628
2192,1.5140906818484192,0.7659454972779288,0.7481451845704904,1.0827520,0.5551917,0.0376544
2193,1.5150893113831738,0.7658931613216858,0.749196150061488,1.0828502,0.5550738,0.0376434
2194,1.5160879409179284,0.7658408253654428,0.7502471155524856,1.0829767,0.5549586,0.0376382
2195,1.517086570452683,0.7657884894091999,0.7512980810434832,1.0830824,0.5548475,0.0376302
2196,1.5180851999874376,0.7657361534529569,0.7523490465344808,1.0831807,0.5547379,0.0376198
2197,1.5190838295221922,0.7656838174967139,0.7534000120254783,1.0833186,0.5546261,0.0376144
2198,1.5200824590569468,0.7656314815404709,0.7544509775164759,1.0833787,0.5545003,0.0376043
2199,1.5210810885917014,0.7655791455842279,0.7555019430074735,1.0835218,0.5543929,0.0375982
2200,1.522079718126456,0.7655268096279849,0.7565529084984711,1.0836321,0.5542803,0.0375892
2201,1.5230783476612106,0.7654744736717419,0.7576038739894687,1.0837269,0.5541735,0.0375829
2202,1.5240769771959652,0.7654221377154989,0.7586548394804663,1.0838356,0.5540674,0.0375742
2203,1.5250756067307198,0.765369801759256,0.7597058049714639,1.0839457,0.5539551,0.0375662
2204,1.5260742362654744,0.765317465803013,0.7607567704624615,1.0840757,0.5538363,0.0375566
2205,1.527072865800229,0.76526512984677,0.7618077359534591,1.0841942,0.5537338,0.0375511
2206,1.5280714953349837,0.765212793890527,0.7628587014444567,1.0842821,0.5536124,0.0375413
2207,1.5290701248697385,0.765160457934284,0.7639096669354545,1.0843997,0.5535105,0.0375369
2208,1.5300687544044929,0.765108121978041,0.7649606324264518,1.0845169,0.5533903,0.0375287
2209,1.5310673839392477,0.765055786021798,0.7660115979174497,1.0846319,0.5532785,0.0375207
2210,1.532066013474002,0.765003450065555,0.767062563408447,1.0847123,0.5531174,0.0375086
2211,1.5330646430087569,0.764951114109312,0.7681135288994448,1.0847986,0.5530666,0.0375032
2212,1.5340632725435113,0.7648987781530691,0.7691644943904422,1.0849562,0.5529477,0.0374981
2213,1.535061902078266,0.7648464421968261,0.77021545988144,1.0850253,0.5528442,0.0374907
2214,1.5360605316130205,0.7647941062405831,0.7712664253724374,1.0851516,0.5527297,0.0374809
2215,1.537059161147775,0.7647417702843401,0.772317390863435,1.0852406,0.5526278,0.0374738
2216,1.5380577906825297,0.7646894343280971,0.7733683563544326,1.0853655,0.5525139,0.0374669
2217,1.5390564202172845,0.7646370983718541,0.7744193218454304,1.0854719,0.5524035,0.0374561
2218,1.5400550497520389,0.7645847624156111,0.7754702873364278,1.0855831,0.5522886,0.0374512
2219,1.5410536792867937,0.7645324264593681,0.7765212528274256,1.0856956,0.5521846,0.0374428
2220,1.542052308821548,0.7644800905031252,0.7775722183184229,1.0858151,0.5520892,0.0374314
2221,1.5430509383563027,0.7644277545468822,0.7786231838094205,1.0859042,0.5519739,0.0374267
2222,1.5440495678910573,0.7643754185906392,0.7796741493004181,1.0860083,0.5518590,0.0374218
2223,1.545048197425812,0.7643230826343962,0.7807251147914157,1.0861332,0.5517521,0.0374121
2224,1.546047588252831,0.7642881831376936,0.7817594051151374,1.0862075,0.5516413,0.0374069
2225,1.5470469790798502,0.7642532836409911,0.7827936954388591,1.0862972,0.5515349,0.0374032
2226,1.5480463699068694,0.7642183841442886,0.7838279857625808,1.0863748,0.5514182,0.0373938
2227,1.549044999441624,0.7641660481880456,0.7848789512535784,1.0864922,0.5513214,0.0373881
2228,1.5500443902686432,0.764131148691343,0.7859132415773001,1.0865520,0.5511704,0.0373818
2229,1.5510437810956623,0.7640962491946405,0.7869475319010218,1.0866707,0.5511202,0.0373741
2230,1.5520431719226817,0.7640613496979379,0.7879818222247438,1.0867513,0.5509992,0.0373704
2231,1.5530425627497009,0.7640264502012354,0.7890161125484655,1.0868415,0.5508906,0.0373636
2232,1.5540411922844553,0.7639741142449924,0.7900670780394629,1.0869464,0.5507859,0.0373569
2233,1.5550405831114744,0.7639392147482899,0.7911013683631846,1.0870218,0.5506907,0.0373527
2234,1.5560399739384936,0.7639043152515873,0.7921356586869063,1.0871209,0.5505728,0.0373466
2235,1.5570393647655127,0.7638694157548848,0.793169949010628,1.0872157,0.5504684,0.0373396
2236,1.558038755592532,0.7638345162581822,0.7942042393343497,1.0872724,0.5503726,0.0373323
2237,1.559038146419551,0.7637996167614797,0.7952385296580714,1.0873904,0.5502575,0.0373287
2238,1.5600367759543057,0.7637472808052367,0.796289495149069,1.0874854,0.5501577,0.0373174
2239,1.5610361667813248,0.7637123813085341,0.7973237854727907,1.0875510,0.5500110,0.0373138
2240,1.562035557608344,0.7636774818118316,0.7983580757965124,1.0876615,0.5499456,0.0373083
2241,1.5630349484353632,0.763642582315129,0.7993923661202341,1.0877450,0.5498311,0.0373031
2242,1.5640343392623823,0.7636076828184265,0.8004266564439558,1.0878333,0.5497237,0.0372986
2243,1.5650337300894015,0.763572783321724,0.8014609467676775,1.0879104,0.5496334,0.0372887
2244,1.5660331209164209,0.7635378838250214,0.8024952370913995,1.0880068,0.5495273,0.0372860
2245,1.5670325117434398,0.7635029843283189,0.803529527415121,1.0881001,0.5494145,0.0372825
2246,1.568031902570459,0.7634680848316163,0.8045638177388427,1.0881792,0.5493116,0.0372772
2247,1.5690312933974782,0.7634331853349138,0.8055981080625644,1.0882656,0.5492041,0.0372704
2248,1.570030684224497,0.7633982858382112,0.8066323983862859,1.0883528,0.5491080,0.0372631
2249,1.5710300750515165,0.7633633863415087,0.8076666887100078,1.0884305,0.5490085,0.0372585
2250,1.5720294658785356,0.7633284868448061,0.8087009790337295,1.0885143,0.5488724,0.0372504
2251,1.5730288567055548,0.7632935873481036,0.8097352693574512,1.0886221,0.5487979,0.0372490
2252,1.574028247532574,0.763258687851401,0.8107695596811729,1.0886957,0.5486824,0.0372409
2253,1.5750276383595931,0.7632237883546985,0.8118038500048946,1.0887746,0.5485836,0.0372353
2254,1.5760270291866123,0.763188888857996,0.8128381403286163,1.0888609,0.5484771,0.0372302
2255,1.5770264200136317,0.7631539893612934,0.8138724306523383,1.0889660,0.5483780,0.0372268
2256,1.5780258108406506,0.7631190898645909,0.8149067209760598,1.0890302,0.5482696,0.0372199
2257,1.5790252016676698,0.7630841903678883,0.8159410112997815,1.0890974,0.5481735,0.0372158
2258,1.580024592494689,0.7630492908711858,0.8169753016235032,1.0892015,0.5480645,0.0372075
2259,1.581023983321708,0.7630143913744832,0.8180095919472247,1.0892824,0.5479807,0.0372046
2260,1.5820233741487273,0.7629794918777807,0.8190438822709466,1.0893714,0.5478685,0.0371958
2261,1.5830227649757465,0.7629445923810781,0.8200781725946683,1.0894454,0.5477450,0.0371898
2262,1.5840221558027656,0.7629096928843756,0.82111246291839,1.0895230,0.5476547,0.0371847
2263,1.5850215466297848,0.7628747933876731,0.8221467532421117,1.0896130,0.5475414,0.0371812
2264,1.586020937456804,0.7628398938909705,0.8231810435658334,1.0896990,0.5474265,0.0371753
2265,1.5870203282838231,0.762804994394268,0.8242153338895551,1.0897706,0.5473454,0.0371718
2266,1.5880197191108425,0.7627700948975654,0.8252496242132771,1.0898622,0.5472369,0.0371677
2267,1.5890191099378614,0.7627351954008629,0.8262839145369986,1.0899297,0.5471480,0.0371579
2268,1.5900185007648806,0.7627002959041603,0.8273182048607203,1.0900288,0.5470693,0.0371570
2269,1.5910178915918998,0.7626653964074578,0.828352495184442,1.0901169,0.5469724,0.0371517
2270,1.592017282418919,0.7626304969107552,0.8293867855081637,1.0901932,0.5468700,0.0371463
2271,1.593016673245938,0.7625955974140527,0.8304210758318854,1.0902712,0.5467643,0.0371406
2272,1.5940160640729573,0.7625606979173501,0.8314553661556071,1.0903578,0.5466420,0.0371332
2273,1.5950154548999764,0.7625257984206476,0.8324896564793288,1.0904408,0.5465608,0.0371322
2274,1.5960148457269956,0.7624908989239451,0.8335239468030505,1.0905438,0.5464683,0.0371287
2275,1.5970142365540148,0.7624559994272425,0.8345582371267722,1.0906035,0.5463616,0.0371207
2276,1.598013627381034,0.76242109993054,0.835592527450494,1.0906858,0.5462195,0.0371157
2277,1.599013018208053,0.7623862004338374,0.8366268177742157,1.0907759,0.5461784,0.0371109
2278,1.6000124090350722,0.7623513009371349,0.8376611080979374,1.0908454,0.5460944,0.0371065
2279,1.6010117998620914,0.7623164014404323,0.8386953984216591,1.0909412,0.5459860,0.0371011
2280,1.6020111906891106,0.7622815019437298,0.8397296887453808,1.0910113,0.5458811,0.0370956
2281,1.6030105815161295,0.7622466024470272,0.8407639790691023,1.0910950,0.5457846,0.0370909
2282,1.604009972343149,0.7622117029503247,0.8417982693928242,1.0911662,0.5456859,0.0370856
2283,1.605009363170168,0.7621768034536222,0.8428325597165459,1.0912457,0.5455841,0.0370795
2284,1.6060087539971872,0.7621419039569196,0.8438668500402676,1.0913265,0.5454882,0.0370742
2285,1.6070081448242064,0.7621070044602171,0.8449011403639893,1.0914062,0.5453911,0.0370692
2286,1.6080075356512256,0.7620721049635145,0.845935430687711,1.0914859,0.5452946,0.0370643
2287,1.6090069264782447,0.762037205466812,0.8469697210114328,1.0915667,0.5451952,0.0370596
2288,1.610006317305264,0.7620023059701094,0.8480040113351545,1.0916517,0.5450960,0.0370550
2289,1.611005708132283,0.7619674064734069,0.8490383016588762,1.0917276,0.5450004,0.0370484
2290,1.6120050989593022,0.7619325069767043,0.8500725919825979,1.0917984,0.5449108,0.0370454
2291,1.6130044897863214,0.7618976074800018,0.8511068823063196,1.0918739,0.5448155,0.0370398
2292,1.6140038806133403,0.7618627079832992,0.8521411726300411,1.0919758,0.5447183,0.0370359
2293,1.6150032714403595,0.7618278084865967,0.8531754629537628,1.0920419,0.5446192,0.0370297
2294,1.6160026622673789,0.7617929089898942,0.8542097532774847,1.0921190,0.5445134,0.0370243
2295,1.617002053094398,0.7617580094931916,0.8552440436012064,1.0922065,0.5444288,0.0370205
2296,1.6180014439214172,0.7617231099964891,0.8562783339249281,1.0922940,0.5443294,0.0370161
2297,1.6190008347484364,0.7616882104997865,0.8573126242486498,1.0923639,0.5442431,0.0370116
2298,1.6200002255754555,0.761653311003084,0.8583469145723716,1.0924369,0.5441418,0.0370058
2299,1.6209996164024747,0.7616184115063814,0.8593812048960933,1.0925170,0.5440387,0.0370016
2300,1.621999007229494,0.7615835120096789,0.8604154952198152,1.0925849,0.5439289,0.0369953
2301,1.622998398056513,0.7615486125129763,0.8614497855435367,1.0926689,0.5438500,0.0369902
2302,1.6239977888835322,0.7615137130162738,0.8624840758672584,1.0927729,0.5437579,0.0369866
2303,1.6249971797105514,0.7614788135195713,0.8635183661909801,1.0928456,0.5436822,0.0369834
2304,1.6259965705375703,0.7614439140228687,0.8645526565147016,1.0929067,0.5435555,0.0369752
2305,1.6269959613645897,0.7614090145261662,0.8655869468384235,1.0929862,0.5434807,0.0369721
2306,1.6279953521916088,0.7613741150294636,0.8666212371621452,1.0930562,0.5433919,0.0369692
2307,1.628994743018628,0.7613392155327611,0.8676555274858669,1.0931293,0.5432979,0.0369644
2308,1.6299941338456472,0.7613043160360585,0.8686898178095886,1.0932179,0.5432026,0.0369591
2309,1.6309935246726663,0.761269416539356,0.8697241081333104,1.0932936,0.5430959,0.0369548
2310,1.6319929154996855,0.7612345170426534,0.8707583984570321,1.0933984,0.5430263,0.0369511
2311,1.632992306326705,0.7611996175459509,0.871792688780754,1.0934574,0.5429054,0.0369444
2312,1.6339916971537238,0.7611647180492483,0.8728269791044755,1.0935520,0.5428324,0.0369406
2313,1.634991087980743,0.7611298185525458,0.8738612694281972,1.0936144,0.5427404,0.0369362
2314,1.6359904788077622,0.7610949190558433,0.8748955597519189,1.0936874,0.5426373,0.0369313
2315,1.636989869634781,0.7610600195591407,0.8759298500756404,1.0937479,0.5425365,0.0369254
2316,1.6379892604618005,0.7610251200624382,0.8769641403993623,1.0938217,0.5424398,0.0369208
2317,1.6389886512888197,0.7609902205657356,0.877998430723084,1.0939117,0.5423742,0.0369193
2318,1.639988498983976,0.7609727681592984,0.8790157308246775,1.0939624,0.5422742,0.0369152
2319,1.6409878898109953,0.7609378686625958,0.8800500211483995,1.0940386,0.5421772,0.0369094
2320,1.6419877375061518,0.7609204162561586,0.8810673212499932,1.0940987,0.5420853,0.0369073
2321,1.6429875852013085,0.7609029638497213,0.8820846213515872,1.0941453,0.5419998,0.0369028
2322,1.6439869760283274,0.7608680643530188,0.8831189116753086,1.0942236,0.5418899,0.0368975
2323,1.644986823723484,0.7608506119465815,0.8841362117769024,1.0942891,0.5418065,0.0368956
2324,1.645986214550503,0.760815712449879,0.8851705021006241,1.0943758,0.5417148,0.0368908
2325,1.6469860622456596,0.7607982600434418,0.8861878022022178,1.0944340,0.5416209,0.0368869
2326,1.647985909940816,0.7607808076370045,0.8872051023038116,1.0944976,0.5415573,0.0368835
2327,1.6489853007678352,0.760745908140302,0.8882393926275333,1.0945565,0.5414518,0.0368789
2328,1.6499851484629915,0.7607284557338647,0.8892566927291268,1.0946218,0.5413527,0.0368775
2329,1.6509845392900109,0.7606935562371622,0.8902909830528487,1.0946765,0.5412582,0.0368731
2330,1.6519843869851674,0.7606761038307249,0.8913082831544424,1.0947412,0.5411783,0.0368701
2331,1.6529842346803238,0.7606586514242877,0.8923255832560362,1.0948075,0.5410859,0.0368672
2332,1.653983625507343,0.7606237519275851,0.8933598735797579,1.0948735,0.5409866,0.0368630
2333,1.6549834732024995,0.7606062995211479,0.8943771736813516,1.0949301,0.5408968,0.0368594
2334,1.655983320897656,0.7605888471147106,0.8953944737829453,1.0949940,0.5408073,0.0368564
2335,1.6569827117246752,0.7605539476180081,0.896428764106667,1.0950640,0.5407339,0.0368500
2336,1.6579825594198316,0.7605364952115709,0.8974460642082608,1.0951195,0.5406472,0.0368488
2337,1.658982407114988,0.7605190428051336,0.8984633643098543,1.0951750,0.5405652,0.0368459
2338,1.6599817979420073,0.7604841433084311,0.8994976546335762,1.0952581,0.5404600,0.0368413
2339,1.6609816456371638,0.7604666909019938,0.90051495473517,1.0953108,0.5403711,0.0368372
2340,1.6619814933323205,0.7604492384955566,0.9015322548367639,1.0953665,0.5402879,0.0368332
2341,1.6629808841593394,0.760414338998854,0.9025665451604854,1.0954274,0.5402061,0.0368327
2342,1.663980731854496,0.7603968865924168,0.9035838452620791,1.0954833,0.5401205,0.0368295
2343,1.6649805795496524,0.7603794341859795,0.9046011453636729,1.0955580,0.5400232,0.0368251
2344,1.6659799703766716,0.760344534689277,0.9056354356873946,1.0956309,0.5399360,0.0368219
2345,1.666979818071828,0.7603270822828397,0.9066527357889883,1.0956748,0.5398501,0.0368185
2346,1.6679796657669843,0.7603096298764025,0.9076700358905818,1.0957361,0.5397568,0.0368142
2347,1.6689790565940037,0.7602747303797,0.9087043262143037,1.0958236,0.5396581,0.0368090
2348,1.6699789042891602,0.7602572779732627,0.9097216263158975,1.0958672,0.5395947,0.0368092
2349,1.670978751984317,0.7602398255668255,0.9107389264174914,1.0959073,0.5394892,0.0368063
2350,1.6719785996794732,0.7602223731603882,0.911756226519085,1.0959931,0.5394383,0.0368053
2351,1.6729779905064923,0.7601874736636857,0.9127905168428067,1.0960505,0.5393199,0.0367976
2352,1.6739778382016488,0.7601700212572484,0.9138078169444004,1.0961144,0.5392417,0.0367980
2353,1.6749776858968053,0.7601525688508112,0.9148251170459941,1.0961518,0.5391609,0.0367939
2354,1.6759775335919618,0.7601351164443739,0.9158424171475879,1.0962133,0.5390755,0.0367914
2355,1.676976924418981,0.7601002169476714,0.9168767074713096,1.0962857,0.5389930,0.0367876
2356,1.6779767721141374,0.7600827645412341,0.9178940075729033,1.0963386,0.5388871,0.0367830
2357,1.678976619809294,0.7600653121347969,0.918911307674497,1.0963825,0.5388190,0.0367820
2358,1.6799764675044504,0.7600478597283596,0.9199286077760908,1.0964343,0.5387202,0.0367794
2359,1.6809763151996069,0.7600304073219224,0.9209459078776845,1.0965029,0.5386431,0.0367757
2360,1.681975706026626,0.7599955078252199,0.9219801982014062,1.0965773,0.5385323,0.0367736
2361,1.6829755537217823,0.7599780554187826,0.9229974983029997,1.0966299,0.5384637,0.0367684
2362,1.683975401416939,0.7599606030123454,0.9240147984045937,1.0966980,0.5383589,0.0367679
2363,1.6849752491120955,0.7599431506059081,0.9250320985061874,1.0967706,0.5382894,0.0367630
2364,1.685975096807252,0.7599256981994709,0.9260493986077811,1.0967969,0.5382018,0.0367619
2365,1.6869744876342712,0.7598907987027683,0.9270836889315028,1.0968547,0.5381309,0.0367561
2366,1.6879743353294276,0.7598733462963311,0.9281009890330966,1.0969007,0.5380482,0.0367532
2367,1.688974183024584,0.7598558938898938,0.9291182891346901,1.0969675,0.5379730,0.0367509
2368,1.6899740307197406,0.7598384414834566,0.930135589236284,1.0970037,0.5378834,0.0367483
2369,1.690973878414897,0.7598209890770193,0.9311528893378778,1.0970616,0.5377870,0.0367476
2370,1.6919737261100536,0.7598035366705821,0.9321701894394715,1.0971172,0.5377198,0.0367455
2371,1.6929731169370728,0.7597686371738795,0.9332044797631932,1.0972240,0.5376278,0.0367421
2372,1.6939729646322292,0.7597511847674423,0.9342217798647869,1.0972771,0.5375518,0.0367379
2373,1.6949728123273855,0.759733732361005,0.9352390799663804,1.0972966,0.5374496,0.0367338
2374,1.6959726600225422,0.7597162799545678,0.9362563800679744,1.0973471,0.5373718,0.0367314
2375,1.6969725077176987,0.7596988275481306,0.9372736801695681,1.0973982,0.5372968,0.0367304
2376,1.6979723554128552,0.7596813751416933,0.9382909802711619,1.0974576,0.5372145,0.0367286
2377,1.6989722031080117,0.7596639227352561,0.9393082803727556,1.0974910,0.5371305,0.0367255
2378,1.6999715939350308,0.7596290232385535,0.9403425706964773,1.0975712,0.5370306,0.0367209
2379,1.700971441630187,0.7596115708321163,0.9413598707980708,1.0976172,0.5369479,0.0367189
2380,1.7019712893253438,0.759594118425679,0.9423771708996648,1.0976778,0.5368685,0.0367131
2381,1.7029711370205003,0.7595766660192418,0.9433944710012585,1.0977297,0.5367916,0.0367104
2382,1.7039709847156568,0.7595592136128045,0.9444117711028522,1.0977841,0.5367024,0.0367107
2383,1.7049708324108133,0.7595417612063673,0.945429071204446,1.0978322,0.5366278,0.0367091
2384,1.7059706801059698,0.75952430879993,0.9464463713060397,1.0979207,0.5365212,0.0367035
2385,1.7069705278011262,0.7595068563934928,0.9474636714076334,1.0979720,0.5364655,0.0367014
2386,1.7079703754962827,0.7594894039870556,0.9484809715092272,1.0979756,0.5363799,0.0367030
2387,1.7089702231914392,0.7594719515806183,0.9494982716108209,1.0980311,0.5363013,0.0366979
2388,1.7099700708865957,0.7594544991741811,0.9505155717124146,1.0980992,0.5362304,0.0366965
2389,1.7109694617136149,0.7594195996774785,0.9515498620361363,1.0981630,0.5361460,0.0366899
2390,1.7119693094087711,0.7594021472710413,0.9525671621377299,1.0982463,0.5360472,0.0366917
2391,1.7129691571039278,0.759384694864604,0.9535844622393238,1.0982520,0.5359894,0.0366873
2392,1.7139690047990843,0.7593672424581668,0.9546017623409175,1.0983038,0.5359033,0.0366853
2393,1.7149688524942408,0.7593497900517295,0.9556190624425113,1.0983501,0.5358245,0.0366835
2394,1.7159687001893973,0.7593323376452923,0.956636362544105,1.0984365,0.5357381,0.0366793
2395,1.7169685478845538,0.759314885238855,0.9576536626456987,1.0984570,0.5356454,0.0366777
2396,1.7179683955797105,0.7592974328324178,0.9586709627472927,1.0985608,0.5355807,0.0366746
2397,1.7189682432748667,0.7592799804259805,0.9596882628488862,1.0986071,0.5355230,0.0366726
2398,1.7199680909700232,0.7592625280195433,0.9607055629504799,1.0986058,0.5354161,0.0366704
2399,1.7209679386651795,0.7592450756131061,0.9617228630520734,1.0987167,0.5353306,0.0366707
2400,1.7219677863603362,0.7592276232066688,0.9627401631536674,1.0986997,0.5352666,0.0366624
2401,1.7229676340554927,0.7592101708002316,0.9637574632552611,1.0987478,0.5352009,0.0366636
2402,1.7239674817506492,0.7591927183937943,0.9647747633568549,1.0988410,0.5351028,0.0366603
2403,1.7249673294458057,0.7591752659873571,0.9657920634584486,1.0988546,0.5350152,0.0366592
2404,1.725967177140962,0.7591578135809198,0.9668093635600421,1.0989077,0.5349346,0.0366559
2405,1.7269670248361186,0.7591403611744826,0.967826663661636,1.0989754,0.5349110,0.0366535
2406,1.7279668725312751,0.7591229087680453,0.9688439637632298,1.0990069,0.5347915,0.0366491
2407,1.7289667202264316,0.7591054563616081,0.9698612638648235,1.0990793,0.5347117,0.0366485
2408,1.729966567921588,0.7590880039551708,0.9708785639664173,1.0991264,0.5346274,0.0366473
2409,1.7309664156167446,0.7590705515487336,0.971895864068011,1.0992054,0.5345588,0.0366466
2410,1.731966263311901,0.7590530991422964,0.9729131641696047,1.0992228,0.5344641,0.0366437
2411,1.733965958702214,0.7590181943294219,0.9749477643727922,1.0993106,0.5343237,0.0366386
2412,1.7349658063973703,0.7590007419229846,0.9759650644743857,1.0993691,0.5342376,0.0366328
2413,1.735965654092527,0.7589832895165474,0.9769823645759796,1.0994180,0.5341610,0.0366316
2414,1.7369655017876835,0.7589658371101101,0.9779996646775734,1.0994677,0.5340835,0.0366284
2415,1.73796534948284,0.7589483847036729,0.9790169647791671,1.0995152,0.5340109,0.0366274
2416,1.7389651971779965,0.7589309322972356,0.9800342648807608,1.0995561,0.5339363,0.0366274
2417,1.739965044873153,0.7589134798907984,0.9810515649823546,1.0996017,0.5338645,0.0366248
2418,1.7409648925683094,0.7588960274843611,0.9820688650839483,1.0996717,0.5337806,0.0366195
2419,1.741964740263466,0.7588785750779239,0.983086165185542,1.0997226,0.5337099,0.0366221
2420,1.7429645879586224,0.7588611226714866,0.9841034652871358,1.0997776,0.5336354,0.0366175
2421,1.743964435653779,0.7588436702650494,0.9851207653887295,1.0998066,0.5335531,0.0366173
2422,1.7449642833489354,0.7588262178586122,0.9861380654903232,1.0998705,0.5334789,0.0366141
2423,1.745964131044092,0.7588087654521749,0.9871553655919172,1.0998992,0.5333989,0.0366118
2424,1.7469639787392484,0.7587913130457377,0.9881726656935107,1.0999380,0.5333248,0.0366103
2425,1.7479638264344048,0.7587738606393004,0.9891899657951044,1.1000073,0.5332516,0.0366087
2426,1.748963674129561,0.7587564082328632,0.9902072658966979,1.1000518,0.5331695,0.0366030
2427,1.7499635218247178,0.7587389558264259,0.9912245659982919,1.1001056,0.5330990,0.0366024
2428,1.7509633695198743,0.7587215034199887,0.9922418660998856,1.1001380,0.5330253,0.0366008
2429,1.7519632172150308,0.7587040510135514,0.9932591662014794,1.1001728,0.5329642,0.0366001
2430,1.7529630649101873,0.7586865986071142,0.9942764663030731,1.1002281,0.5328714,0.0365924
2431,1.7539629126053438,0.7586691462006769,0.9952937664046668,1.1002765,0.5327972,0.0365899
2432,1.7549627603005002,0.7586516937942397,0.9963110665062606,1.1003218,0.5327234,0.0365919
2433,1.7559626079956567,0.7586342413878024,0.9973283666078543,1.1003681,0.5326493,0.0365900
2434,1.7569624556908132,0.7586167889813652,0.998345666709448,1.1004145,0.5325750,0.0365879
2435,1.7579623033859697,0.758599336574928,0.9993629668110418,1.1004608,0.5325006,0.0365858
2436,1.7589621510811262,0.7585818841684907,1.0003802669126354,1.1005259,0.5324253,0.0365860
2437,1.759961998776283,0.7585644317620535,1.0013975670142294,1.1005508,0.5323526,0.0365820
2438,1.7609618464714392,0.7585469793556162,1.002414867115823,1.1005925,0.5322747,0.0365759
2439,1.7619616941665956,0.758529526949179,1.0034321672174167,1.1006478,0.5322033,0.0365739
2440,1.762961541861752,0.7585120745427417,1.0044494673190103,1.1006943,0.5321339,0.0365744
2441,1.7639613895569086,0.7584946221363045,1.0054667674206041,1.1007401,0.5320675,0.0365741
2442,1.764961237252065,0.7584771697298672,1.006484067522198,1.1007874,0.5319918,0.0365712
2443,1.7659610849472216,0.75845971732343,1.0075013676237916,1.1008416,0.5319252,0.0365704
2444,1.766960932642378,0.7584422649169927,1.0085186677253852,1.1008810,0.5318370,0.0365648
2445,1.7679607803375346,0.7584248125105555,1.009535967826979,1.1009427,0.5317727,0.0365627
2446,1.768960628032691,0.7584073601041182,1.010553267928573,1.1009579,0.5316966,0.0365613
2447,1.7699604757278475,0.758389907697681,1.0115705680301665,1.1010188,0.5316309,0.0365599
2448,1.770960323423004,0.7583724552912438,1.0125878681317602,1.1010643,0.5315559,0.0365594
2449,1.7719601711181605,0.7583550028848065,1.013605168233354,1.1011126,0.5314825,0.0365571
2450,1.772960018813317,0.7583375504783693,1.0146224683349478,1.1011577,0.5314108,0.0365551
2451,1.7739598665084737,0.758320098071932,1.0156397684365417,1.1011978,0.5313396,0.0365529
2452,1.77495971420363,0.7583026456654948,1.016657068538135,1.1012486,0.5312684,0.0365505
2453,1.7759595618987865,0.7582851932590575,1.017674368639729,1.1012870,0.5311895,0.0365461
2454,1.776959409593943,0.7582677408526203,1.0186916687413228,1.1013263,0.5311173,0.0365438
2455,1.7779592572890994,0.758250288446183,1.0197089688429164,1.1013911,0.5310590,0.0365440
2456,1.778959104984256,0.7582328360397458,1.02072626894451,1.1014258,0.5309817,0.0365423
2457,1.7799589526794124,0.7582153836333085,1.0217435690461039,1.1014811,0.5309194,0.0365405
2458,1.7809588003745689,0.7581979312268713,1.0227608691476977,1.1015112,0.5308394,0.0365378
2459,1.7819586480697254,0.758180478820434,1.0237781692492913,1.1015587,0.5307694,0.0365356
2460,1.782958495764882,0.7581630264139968,1.0247954693508854,1.1015928,0.5306976,0.0365331
2461,1.7839583434600383,0.7581455740075596,1.0258127694524788,1.1016421,0.5306288,0.0365330
2462,1.7849581911551948,0.7581281216011223,1.0268300695540726,1.1016918,0.5305561,0.0365290
2463,1.785958038850351,0.7581106691946851,1.027847369655666,1.1017356,0.5304840,0.0365257
2464,1.7869578865455078,0.7580932167882478,1.0288646697572599,1.1017782,0.5304283,0.0365225
2465,1.7879577342406645,0.7580757643818106,1.029881969858854,1.1018489,0.5303580,0.0365246
2466,1.7889575819358208,0.7580583119753733,1.0308992699604476,1.1018717,0.5302897,0.0365242
2467,1.7899574296309773,0.7580408595689361,1.0319165700620412,1.1019380,0.5302213,0.0365209
2468,1.7909572773261335,0.7580234071624988,1.0329338701636348,1.1019594,0.5301450,0.0365208
2469,1.7919571250212902,0.7580059547560616,1.0339511702652286,1.1020043,0.5300806,0.0365185
2470,1.7929569727164467,0.7579885023496243,1.0349684703668225,1.1020571,0.5300181,0.0365128
2471,1.7939568204116032,0.7579710499431871,1.0359857704684161,1.1020950,0.5299370,0.0365124
2472,1.7949566681067597,0.7579535975367498,1.0370030705700097,1.1021186,0.5298725,0.0365100
2473,1.7959565158019162,0.7579361451303126,1.0380203706716036,1.1021749,0.5297944,0.0365069
2474,1.7969563634970729,0.7579186927238754,1.0390376707731974,1.1022245,0.5297322,0.0365046
2475,1.7979562111922291,0.7579012403174381,1.040054970874791,1.1022476,0.5296577,0.0365029
2476,1.7989560588873856,0.7578837879110009,1.0410722709763847,1.1022955,0.5295973,0.0365004
2477,1.799955906582542,0.7578663355045636,1.0420895710779783,1.1023425,0.5295188,0.0364994
2478,1.8009557542776986,0.7578488830981264,1.0431068711795723,1.1023914,0.5294600,0.0364985
2479,1.801955601972855,0.7578314306916891,1.044124171281166,1.1024244,0.5293838,0.0364973
2480,1.802955449668012,0.7578139782852519,1.04514147138276,1.1024525,0.5293273,0.0364913
2481,1.803955297363168,0.7577965258788146,1.0461587714843534,1.1025010,0.5292640,0.0364934
2482,1.804955297363168,0.7577965258788146,1.0471587714843533,1.1025288,0.5291950,0.0364900
2483,1.8059551450583244,0.7577790734723774,1.0481760715859472,1.1025698,0.5291289,0.0364912
2484,1.806954992753481,0.7577616210659401,1.0491933716875408,1.1026161,0.5290610,0.0364895
2485,1.8079549927534808,0.7577616210659401,1.0501933716875407,1.1026460,0.5289951,0.0364884
2486,1.8089548404486373,0.7577441686595029,1.0512106717891343,1.1026823,0.5289299,0.0364831
2487,1.8099546881437936,0.7577267162530656,1.052227971890728,1.1027207,0.5288537,0.0364846
2488,1.8109546881437937,0.7577267162530656,1.053227971890728,1.1027532,0.5287960,0.0364819
2489,1.8119545358389504,0.7577092638466284,1.0542452719923219,1.1027926,0.5287262,0.0364807
2490,1.8129543835341069,0.7576918114401912,1.0552625720939157,1.1028396,0.5286626,0.0364803
2491,1.8139543835341063,0.7576918114401912,1.0562625720939152,1.1028594,0.5285937,0.0364794
2492,1.814954231229263,0.7576743590337539,1.057279872195509,1.1028973,0.5285253,0.0364759
2493,1.8159540789244195,0.7576569066273167,1.0582971722971029,1.1029327,0.5284557,0.0364741
2494,1.81695407892442,0.7576569066273167,1.0592971722971034,1.1029607,0.5283917,0.0364733
2495,1.817953926619576,0.7576394542208794,1.0603144723986966,1.1030024,0.5283265,0.0364733
2496,1.8189537743147324,0.7576220018144422,1.0613317725002902,1.1030386,0.5282565,0.0364702
2497,1.8199537743147325,0.7576220018144422,1.0623317725002903,1.1030641,0.5281913,0.0364688
2498,1.8209536220098888,0.7576045494080049,1.0633490726018837,1.1031003,0.5281272,0.0364672
2499,1.8219536220098889,0.7576045494080049,1.064349072601884,1.1031247,0.5280642,0.0364667
2500,1.822953469705045,0.7575870970015677,1.0653663727034772,1.1031714,0.5279992,0.0364638
2501,1.8239533174002016,0.7575696445951304,1.0663836728050713,1.1032111,0.5279343,0.0364629
2502,1.8249533174002013,0.7575696445951304,1.0673836728050707,1.1032339,0.5278698,0.0364624
2503,1.825953165095358,0.7575521921886932,1.0684009729066648,1.1032742,0.5278056,0.0364605
2504,1.8269530127905145,0.7575347397822559,1.0694182730082584,1.1033173,0.5277452,0.0364604
2505,1.8279530127905144,0.7575347397822559,1.0704182730082583,1.1033361,0.5276780,0.0364602
2506,1.8289528604856709,0.7575172873758187,1.0714355731098522,1.1033856,0.5276139,0.0364568
2507,1.8299528604856707,0.7575172873758187,1.072435573109852,1.1034092,0.5275492,0.0364564
2508,1.8309527081808272,0.7574998349693814,1.073452873211446,1.1034497,0.5274850,0.0364546
2509,1.831952555875984,0.7574823825629442,1.0744701733130397,1.1034898,0.5274212,0.0364527
2510,1.832952555875984,0.7574823825629442,1.0754701733130398,1.1035120,0.5273574,0.0364520
2511,1.83395240357114,0.757464930156507,1.076487473414633,1.1035511,0.5272943,0.0364499
2512,1.8349522512662968,0.7574474777500697,1.077504773516227,1.1035900,0.5272312,0.0364476
2513,1.8359522512662965,0.7574474777500697,1.0785047735162268,1.1036084,0.5271737,0.0364499
2514,1.836952098961453,0.7574300253436325,1.0795220736178206,1.1036497,0.5271106,0.0364479
2515,1.8379520989614528,0.7574300253436325,1.0805220736178205,1.1036725,0.5270474,0.0364473
2516,1.838951946656609,0.7574125729371952,1.0815393737194139,1.1037126,0.5269785,0.0364419
2517,1.8399519466566088,0.7574125729371952,1.0825393737194136,1.1037352,0.5269150,0.0364416
2518,1.8409517943517657,0.757395120530758,1.0835566738210076,1.1037752,0.5268519,0.0364400
2519,1.8419516420469224,0.7573776681243207,1.0845739739226017,1.1038153,0.5267882,0.0364406
2520,1.842951642046922,0.7573776681243207,1.0855739739226014,1.1038383,0.5267254,0.0364400
2521,1.8439514897420783,0.7573602157178835,1.0865912740241948,1.1038786,0.5266629,0.0364381
2522,1.8449514897420785,0.7573602157178835,1.087591274024195,1.1039016,0.5266004,0.0364376
2523,1.845951337437235,0.7573427633114462,1.0886085741257887,1.1039399,0.5265384,0.0364357
2524,1.8469513374372348,0.7573427633114462,1.0896085741257886,1.1039616,0.5264762,0.0364354
2525,1.8479511851323915,0.757325310905009,1.0906258742273827,1.1040004,0.5264144,0.0364338
2526,1.848951032827548,0.7573078584985717,1.0916431743289763,1.1040391,0.5263528,0.0364322
2527,1.849951032827548,0.7573078584985717,1.0926431743289762,1.1040603,0.5262910,0.0364320
2528,1.850950880522704,0.7572904060921345,1.0936604744305694,1.1040986,0.5262297,0.0364294
2529,1.851950880522704,0.7572904060921345,1.0946604744305697,1.1041192,0.5261682,0.0364298
2530,1.8529507282178608,0.7572729536856972,1.0956777745321635,1.1041568,0.5261071,0.0364291
2531,1.8539507282178604,0.7572729536856972,1.0966777745321632,1.1041764,0.5260465,0.0364275
2532,1.854950575913017,0.75725550127926,1.0976950746337568,1.1042145,0.5259857,0.0364260
2533,1.8559504236081728,0.7572380488728228,1.09871237473535,1.1042653,0.5259292,0.0364236
2534,1.8569504236081733,0.7572380488728228,1.0997123747353506,1.1042880,0.5258681,0.0364250
2535,1.8579502713033296,0.7572205964663855,1.100729674836944,1.1043257,0.5258084,0.0364235
2536,1.8589502713033297,0.7572205964663855,1.1017296748369443,1.1043409,0.5257465,0.0364231
2537,1.8599501189984864,0.7572031440599483,1.1027469749385381,1.1043763,0.5256881,0.0364216
2538,1.860950118998486,0.7572031440599483,1.1037469749385378,1.1044046,0.5256252,0.0364201
2539,1.8619499666936423,0.757185691653511,1.1047642750401314,1.1044327,0.5255619,0.0364194
2540,1.8629499666936424,0.757185691653511,1.1057642750401313,1.1044569,0.5255023,0.0364189
2541,1.863949814388799,0.7571682392470738,1.1067815751417251,1.1044976,0.5254420,0.0364172
2542,1.8649498143887988,0.7571682392470738,1.107781575141725,1.1045110,0.5253785,0.0364139
2543,1.8659496620839555,0.7571507868406365,1.1087988752433189,1.1045578,0.5253220,0.0364124
2544,1.8669496620839552,0.7571507868406365,1.1097988752433188,1.1045673,0.5252655,0.0364133
2545,1.867949509779112,0.7571333344341993,1.1108161753449126,1.1046078,0.5252071,0.0364110
2546,1.868949509779112,0.7571333344341993,1.1118161753449127,1.1046285,0.5251453,0.0364131
2547,1.869949357474268,0.757115882027762,1.112833475446506,1.1046675,0.5250860,0.0364109
2548,1.870949357474268,0.757115882027762,1.1138334754465058,1.1046883,0.5250268,0.0364102
2549,1.8719492051694244,0.7570984296213248,1.1148507755480996,1.1047363,0.5249699,0.0364070
2550,1.8729492051694243,0.7570984296213248,1.1158507755480995,1.1047444,0.5249083,0.0364077
2551,1.8739490528645808,0.7570809772148875,1.1168680756496934,1.1047757,0.5248480,0.0364054
2552,1.8749490528645807,0.7570809772148875,1.1178680756496933,1.1048052,0.5247910,0.0364038
2553,1.8759489005597367,0.7570635248084503,1.1188853757512864,1.1048436,0.5247332,0.0364029
2554,1.8769487482548937,0.757046072402013,1.1199026758528805,1.1048769,0.5246742,0.0364005
2555,1.8779487482548936,0.757046072402013,1.1209026758528804,1.1048996,0.5246154,0.0364005
2556,1.87894859595005,0.7570286199955758,1.1219199759544742,1.1049420,0.5245560,0.0363983
2557,1.87994859595005,0.7570286199955758,1.1229199759544741,1.1049521,0.5244987,0.0363985
2558,1.8809485959500496,0.7570286199955758,1.1239199759544738,1.1049735,0.5244412,0.0363991
2559,1.8819484436452063,0.7570111675891386,1.1249372760560679,1.1050192,0.5243902,0.0363984
2560,1.8829484436452064,0.7570111675891386,1.1259372760560677,1.1050389,0.5243320,0.0363961
2561,1.883948291340363,0.7569937151827013,1.1269545761576616,1.1050659,0.5242713,0.0363971
2562,1.8849482913403623,0.7569937151827013,1.127954576157661,1.1050873,0.5242094,0.0363946
2563,1.885948139035519,0.7569762627762641,1.1289718762592549,1.1051292,0.5241597,0.0363935
2564,1.886948139035519,0.7569762627762641,1.1299718762592548,1.1051511,0.5240999,0.0363943
2565,1.887947986730676,0.7569588103698268,1.1309891763608493,1.1051943,0.5240426,0.0363906
2566,1.8889479867306755,0.7569588103698268,1.1319891763608487,1.1052047,0.5239881,0.0363927
2567,1.889947834425832,0.7569413579633896,1.1330064764624423,1.1052434,0.5239325,0.0363904
2568,1.890947834425832,0.7569413579633896,1.1340064764624422,1.1052675,0.5238735,0.0363897
2569,1.891947682120988,0.7569239055569523,1.1350237765640356,1.1053022,0.5238182,0.0363870
2570,1.892947682120988,0.7569239055569523,1.1360237765640357,1.1053221,0.5237616,0.0363865
2571,1.8939475298161448,0.7569064531505151,1.1370410766656298,1.1053593,0.5237052,0.0363847
2572,1.8949475298161444,0.7569064531505151,1.1380410766656293,1.1053711,0.5236444,0.0363868
2573,1.895947377511301,0.7568890007440778,1.139058376767223,1.1054034,0.5235893,0.0363834
2574,1.8969473775113008,0.7568890007440778,1.140058376767223,1.1054206,0.5235339,0.0363849
2575,1.897947225206457,0.7568715483376406,1.1410756768688164,1.1054572,0.5234756,0.0363833
2576,1.8989472252064568,0.7568715483376406,1.1420756768688163,1.1054806,0.5234187,0.0363816
2577,1.899947225206457,0.7568715483376406,1.1430756768688166,1.1054985,0.5233623,0.0363826
2578,1.9009470729016136,0.7568540959312033,1.1440929769704102,1.1055351,0.5233054,0.0363794
2579,1.9019470729016128,0.7568540959312033,1.1450929769704095,1.1055491,0.5232502,0.0363801
2580,1.90294692059677,0.7568366435247661,1.1461102770720037,1.1055868,0.5231931,0.0363769
2581,1.9039469205967696,0.7568366435247661,1.1471102770720036,1.1056009,0.5231423,0.0363781
2582,1.9049467682919263,0.7568191911183288,1.1481275771735975,1.1056386,0.5230845,0.0363749
2583,1.9059467682919264,0.7568191911183288,1.1491275771735976,1.1056560,0.5230304,0.0363756
2584,1.9069466159870827,0.7568017387118916,1.1501448772751912,1.1056927,0.5229750,0.0363730
2585,1.9079466159870824,0.7568017387118916,1.1511448772751907,1.1057059,0.5229265,0.0363734
2586,1.9089466159870825,0.7568017387118916,1.152144877275191,1.1057286,0.5228651,0.0363735
2587,1.909946463682239,0.7567842863054544,1.1531621773767846,1.1057643,0.5228100,0.0363718
2588,1.9109464636822389,0.7567842863054544,1.1541621773767845,1.1057824,0.5227553,0.0363715
2589,1.911946311377396,0.7567668338990171,1.155179477478379,1.1058175,0.5227012,0.0363699
2590,1.9129463113773952,0.7567668338990171,1.156179477478378,1.1058423,0.5226485,0.0363693
2591,1.913946159072552,0.7567493814925799,1.157196777579972,1.1058641,0.5225964,0.0363689
2592,1.914946159072552,0.7567493814925799,1.1581967775799722,1.1058884,0.5225391,0.0363673
2593,1.9159461590725515,0.7567493814925799,1.1591967775799716,1.1059022,0.5224897,0.0363684
2594,1.916946006767708,0.7567319290861426,1.1602140776815655,1.1059393,0.5224313,0.0363652
2595,1.917946006767708,0.7567319290861426,1.1612140776815654,1.1059576,0.5223777,0.0363650
2596,1.9189458544628644,0.7567144766797054,1.162231377783159,1.1059924,0.5223290,0.0363650
2597,1.9199458544628645,0.7567144766797054,1.163231377783159,1.1060123,0.5222738,0.0363637
2598,1.9209457021580207,0.7566970242732681,1.1642486778847525,1.1060451,0.5222195,0.0363616
2599,1.9219457021580209,0.7566970242732681,1.1652486778847528,1.1060630,0.5221629,0.0363625
2600,1.9229457021580203,0.7566970242732681,1.1662486778847523,1.1060814,0.5221147,0.0363607
2601,1.923945549853177,0.7566795718668309,1.1672659779863461,1.1061080,0.5220595,0.0363583
2602,1.924945549853177,0.7566795718668309,1.168265977986346,1.1061320,0.5220111,0.0363593
2603,1.9259453975483327,0.7566621194603936,1.169283278087939,1.1061697,0.5219540,0.0363584
2604,1.9269453975483333,0.7566621194603936,1.1702832780879397,1.1061827,0.5219006,0.0363571
2605,1.9279453975483327,0.7566621194603936,1.1712832780879392,1.1061954,0.5218494,0.0363594
2606,1.9289452452434896,0.7566446670539564,1.1723005781895333,1.1062382,0.5217946,0.0363547
2607,1.929945245243489,0.7566446670539564,1.1733005781895327,1.1062519,0.5217425,0.0363557
2608,1.930945092938646,0.7566272146475191,1.1743178782911268,1.1062862,0.5216910,0.0363543
2609,1.931945092938646,0.7566272146475191,1.1753178782911267,1.1063038,0.5216395,0.0363541
2610,1.9329450929386456,0.7566272146475191,1.1763178782911266,1.1063207,0.5215885,0.0363537
2611,1.9339449406338023,0.7566097622410819,1.1773351783927204,1.1063541,0.5215374,0.0363519
2612,1.9349449406338024,0.7566097622410819,1.1783351783927205,1.1063705,0.5214858,0.0363515
2613,1.9359447883289589,0.7565923098346446,1.1793524784943141,1.1064050,0.5214345,0.0363500
2614,1.9369447883289583,0.7565923098346446,1.1803524784943136,1.1064223,0.5213832,0.0363501
2615,1.9379447883289584,0.7565923098346446,1.181352478494314,1.1064412,0.5213296,0.0363515
2616,1.938944636024115,0.7565748574282074,1.1823697785959075,1.1064734,0.5212777,0.0363497
2617,1.9399446360241148,0.7565748574282074,1.1833697785959074,1.1064869,0.5212252,0.0363495
2618,1.9409446360241147,0.7565748574282074,1.1843697785959073,1.1064982,0.5211746,0.0363477
2619,1.9419444837192712,0.7565574050217702,1.185387078697501,1.1065301,0.5211231,0.0363462
2620,1.942944483719271,0.7565574050217702,1.1863870786975008,1.1065460,0.5210720,0.0363460
2621,1.943944331414428,0.7565399526153329,1.187404378799095,1.1065819,0.5210197,0.0363461
2622,1.944944331414428,0.7565399526153329,1.188404378799095,1.1065995,0.5209693,0.0363460
2623,1.945944331414428,0.7565399526153329,1.189404378799095,1.1066177,0.5209193,0.0363459
2624,1.946944179109584,0.7565225002088957,1.1904216789006883,1.1066530,0.5208695,0.0363445
2625,1.947944179109584,0.7565225002088957,1.1914216789006882,1.1066704,0.5208195,0.0363445
2626,1.948944179109584,0.7565225002088957,1.1924216789006885,1.1066870,0.5207694,0.0363445
2627,1.94994402680474,0.7565050478024584,1.1934389790022817,1.1067200,0.5207192,0.0363433
2628,1.95094402680474,0.7565050478024584,1.1944389790022816,1.1067350,0.5206687,0.0363435
2629,1.9519438744998965,0.7564875953960212,1.1954562791038752,1.1067665,0.5206197,0.0363386
2630,1.9529438744998964,0.7564875953960212,1.196456279103875,1.1067817,0.5205693,0.0363384
2631,1.9539438744998965,0.7564875953960212,1.1974562791038754,1.1067972,0.5205191,0.0363382
2632,1.9549437221950527,0.7564701429895839,1.1984735792054688,1.1068310,0.5204678,0.0363396
2633,1.9559437221950529,0.7564701429895839,1.199473579205469,1.1068468,0.5204176,0.0363389
2634,1.9569437221950523,0.7564701429895839,1.2004735792054684,1.1068624,0.5203676,0.0363383
2635,1.957943569890209,0.7564526905831467,1.2014908793070624,1.1068950,0.5203179,0.0363364
2636,1.958943569890209,0.7564526905831467,1.2024908793070623,1.1069103,0.5202684,0.0363370
2637,1.9599435698902088,0.7564526905831467,1.2034908793070622,1.1069254,0.5202189,0.0363368
2638,1.9609434175853653,0.7564352381767094,1.2045081794086558,1.1069577,0.5201698,0.0363354
2639,1.9619434175853647,0.7564352381767094,1.2055081794086553,1.1069726,0.5201206,0.0363353
2640,1.962943417585365,0.7564352381767094,1.2065081794086556,1.1069875,0.5200715,0.0363342
2641,1.963943265280521,0.7564177857702722,1.2075254795102488,1.1070198,0.5200231,0.0363329
2642,1.9649432652805208,0.7564177857702722,1.2085254795102487,1.1070361,0.5199779,0.0363315
2643,1.965943265280521,0.7564177857702722,1.209525479510249,1.1070519,0.5199272,0.0363307
2644,1.9669431129756776,0.7564003333638349,1.2105427796118426,1.1070858,0.5198839,0.0363301
2645,1.9679431129756777,0.7564003333638349,1.2115427796118428,1.1070967,0.5198307,0.0363300
2646,1.9689431129756776,0.7564003333638349,1.2125427796118426,1.1071152,0.5197812,0.0363287
2647,1.969942960670834,0.7563828809573977,1.2135600797134365,1.1071481,0.5197332,0.0363266
2648,1.970942960670834,0.7563828809573977,1.2145600797134364,1.1071690,0.5196912,0.0363273
2649,1.9719429606708336,0.7563828809573977,1.2155600797134358,1.1071836,0.5196425,0.0363275
2650,1.9729428083659903,0.7563654285509605,1.21657737981503,1.1072153,0.5195940,0.0363262
2651,1.9739428083659905,0.7563654285509605,1.21757737981503,1.1072300,0.5195453,0.0363249
2652,1.97494280836599,0.7563654285509605,1.2185773798150294,1.1072444,0.5194967,0.0363242
2653,1.9759426560611464,0.7563479761445232,1.2195946799166233,1.1072735,0.5194489,0.0363259
2654,1.9769426560611465,0.7563479761445232,1.2205946799166232,1.1072875,0.5194006,0.0363258
2655,1.9779426560611464,0.7563479761445232,1.221594679916623,1.1073013,0.5193527,0.0363258
2656,1.9789425037563029,0.756330523738086,1.222611980018217,1.1073279,0.5193130,0.0363241
2657,1.9799425037563028,0.756330523738086,1.2236119800182168,1.1073422,0.5192657,0.0363241
2658,1.9809425037563029,0.756330523738086,1.224611980018217,1.1073564,0.5192185,0.0363240
2659,1.9819423514514591,0.7563130713316487,1.2256292801198105,1.1073878,0.5191716,0.0363225
2660,1.982942351451459,0.7563130713316487,1.2266292801198104,1.1074020,0.5191246,0.0363223
2661,1.983942351451459,0.7563130713316487,1.2276292801198103,1.1074161,0.5190777,0.0363221
2662,1.984942199146616,0.7562956189252115,1.2286465802214046,1.1074476,0.5190310,0.0363205
2663,1.9859421991466155,0.7562956189252115,1.229646580221404,1.1074619,0.5189843,0.0363202
2664,1.9869421991466152,0.7562956189252115,1.2306465802214037,1.1074762,0.5189376,0.0363200
2665,1.987942046841772,0.7562781665187742,1.2316638803229978,1.1075081,0.5188911,0.0363183
2666,1.988942046841772,0.7562781665187742,1.2326638803229977,1.1075229,0.5188445,0.0363181
2667,1.989942046841772,0.7562781665187742,1.2336638803229976,1.1075380,0.5187978,0.0363178
2668,1.990942046841772,0.7562781665187742,1.234663880322998,1.1075536,0.5187510,0.0363176
2669,1.991941894536928,0.756260714112337,1.235681180424591,1.1075868,0.5187044,0.0363161
2670,1.992941894536928,0.756260714112337,1.236681180424591,1.1076027,0.5186577,0.0363160
2671,1.993941894536928,0.756260714112337,1.237681180424591,1.1076181,0.5186112,0.0363146
2672,1.994941742232084,0.7562432617058997,1.2386984805261845,1.1076297,0.5185695,0.0363165
2673,1.995941742232084,0.7562432617058997,1.2396984805261844,1.1076432,0.5185242,0.0363163
2674,1.996941742232084,0.7562432617058997,1.2406984805261843,1.1076571,0.5184788,0.0363160
2675,1.9979415899272404,0.7562258092994625,1.2417157806277779,1.1076885,0.5184335,0.0363146
2676,1.99894158992724,0.7562258092994625,1.2427157806277775,1.1077028,0.5183878,0.0363150
2677,1.99994158992724,0.7562258092994625,1.2437157806277774,1.1077189,0.5183420,0.0363111
2678,2.00094158992724,0.7562258092994625,1.2447157806277775,1.1077332,0.5182957,0.0363110
2679,2.0019414376223965,0.7562083568930252,1.2457330807293712,1.1077645,0.5182491,0.0363096
2680,2.0029414376223964,0.7562083568930252,1.246733080729371,1.1077848,0.5182015,0.0363088
2681,2.0039414376223963,0.7562083568930252,1.247733080729371,1.1077935,0.5181634,0.0363110
2682,2.004941285317553,0.756190904486588,1.2487503808309648,1.1078205,0.5181156,0.0363088
2683,2.0059412853175527,0.756190904486588,1.2497503808309647,1.1078359,0.5180665,0.0363076
2684,2.006941285317553,0.756190904486588,1.250750380830965,1.1078505,0.5180245,0.0363077
2685,2.0079412853175524,0.756190904486588,1.2517503808309645,1.1078653,0.5179816,0.0363074
2686,2.008941133012709,0.7561734520801507,1.2527676809325583,1.1078949,0.5179383,0.0363058
2687,2.009941133012709,0.7561734520801507,1.2537676809325582,1.1079061,0.5178940,0.0363055
2688,2.0109411330127087,0.7561734520801507,1.254767680932558,1.1079166,0.5178500,0.0363095
2689,2.011940980707865,0.7561559996737135,1.2557849810341517,1.1079468,0.5178057,0.0363072
2690,2.012940980707865,0.7561559996737135,1.2567849810341516,1.1079597,0.5177604,0.0363078
2691,2.013940980707865,0.7561559996737135,1.2577849810341515,1.1079737,0.5177146,0.0363071
2692,2.014940980707865,0.7561559996737135,1.2587849810341514,1.1079887,0.5176700,0.0363060
2693,2.0159408284030214,0.7561385472672763,1.259802281135745,1.1080244,0.5176257,0.0363041
2694,2.016940828403021,0.7561385472672763,1.2608022811357444,1.1080420,0.5175824,0.0363028
2695,2.017940828403021,0.7561385472672763,1.2618022811357448,1.1080556,0.5175386,0.0363015
2696,2.018940828403021,0.7561385472672763,1.2628022811357447,1.1080653,0.5174951,0.0363032
2697,2.019940676098177,0.756121094860839,1.263819581237338,1.1080928,0.5174514,0.0363018
2698,2.0209406760981774,0.756121094860839,1.2648195812373384,1.1081039,0.5174080,0.0363017
2699,2.0219406760981773,0.756121094860839,1.2658195812373383,1.1081161,0.5173649,0.0363016
2700,2.022940523793334,0.7561036424544018,1.2668368813389321,1.1081462,0.5173222,0.0363000
2701,2.0239405237933337,0.7561036424544018,1.267836881338932,1.1081610,0.5172790,0.0362963
2702,2.0249405237933336,0.7561036424544018,1.268836881338932,1.1081740,0.5172365,0.0362962
2703,2.025940523793333,0.7561036424544018,1.2698368813389314,1.1081869,0.5171940,0.0362962
2704,2.02694037148849,0.7560861900479645,1.2708541814405254,1.1082169,0.5171517,0.0362948
2705,2.02794037148849,0.7560861900479645,1.2718541814405253,1.1082296,0.5171095,0.0362948
2706,2.0289403714884897,0.7560861900479645,1.2728541814405252,1.1082423,0.5170673,0.0362948
2707,2.0299403714884896,0.7560861900479645,1.273854181440525,1.1082550,0.5170252,0.0362949
2708,2.030940219183646,0.7560687376415273,1.2748714815421187,1.1082848,0.5169832,0.0362935
2709,2.031940219183646,0.7560687376415273,1.2758714815421186,1.1082972,0.5169412,0.0362935
2710,2.032940219183646,0.7560687376415273,1.2768714815421185,1.1083096,0.5168993,0.0362933
2711,2.0339402191836458,0.7560687376415273,1.2778714815421184,1.1083218,0.5168574,0.0362929
2712,2.0349400668788022,0.75605128523509,1.2788887816437122,1.1083513,0.5168157,0.0362912
2713,2.035940066878802,0.75605128523509,1.2798887816437121,1.1083635,0.5167740,0.0362907
2714,2.036940066878802,0.75605128523509,1.280888781643712,1.1083756,0.5167323,0.0362901
2715,2.037940066878802,0.75605128523509,1.281888781643712,1.1083856,0.5166908,0.0362938
2716,2.0389399145739584,0.7560338328286528,1.2829060817453057,1.1084147,0.5166493,0.0362923
2717,2.0399399145739583,0.7560338328286528,1.2839060817453056,1.1084265,0.5166077,0.0362922
2718,2.040939914573958,0.7560338328286528,1.2849060817453055,1.1084381,0.5165661,0.0362921
2719,2.041939914573958,0.7560338328286528,1.2859060817453054,1.1084466,0.5165205,0.0362904
2720,2.0429397622691146,0.7560163804222155,1.286923381846899,1.1084738,0.5164928,0.0362888
2721,2.0439397622691144,0.7560163804222155,1.287923381846899,1.1084851,0.5164514,0.0362885
2722,2.0449397622691143,0.7560163804222155,1.2889233818468988,1.1084966,0.5164102,0.0362885
2723,2.0459397622691142,0.7560163804222155,1.2899233818468987,1.1085081,0.5163692,0.0362886
2724,2.0469396099642707,0.7559989280157783,1.2909406819484923,1.1085368,0.5163283,0.0362873
2725,2.0479396099642706,0.7559989280157783,1.2919406819484922,1.1085482,0.5162874,0.0362873
2726,2.0489396099642705,0.7559989280157783,1.292940681948492,1.1085596,0.5162465,0.0362874
2727,2.0499396099642704,0.7559989280157783,1.293940681948492,1.1085709,0.5162058,0.0362874
2728,2.050939457659427,0.755981475609341,1.2949579820500858,1.1085994,0.5161653,0.0362861
2729,2.0519394576594268,0.755981475609341,1.2959579820500857,1.1086106,0.5161248,0.0362861
2730,2.052939457659426,0.755981475609341,1.2969579820500852,1.1086219,0.5160843,0.0362862
2731,2.0539394576594265,0.755981475609341,1.2979579820500855,1.1086333,0.5160439,0.0362874
2732,2.0549394576594264,0.755981475609341,1.2989579820500854,1.1086442,0.5160038,0.0362871
2733,2.055939305354583,0.7559640232029038,1.2999752821516792,1.1086726,0.5159637,0.0362858
2734,2.056939305354583,0.7559640232029038,1.3009752821516791,1.1086838,0.5159236,0.0362858
2735,2.0579393053545827,0.7559640232029038,1.301975282151679,1.1086949,0.5158836,0.0362859
2736,2.0589393053545826,0.7559640232029038,1.302975282151679,1.1087060,0.5158437,0.0362859
2737,2.059939153049739,0.7559465707964665,1.3039925822532725,1.1087344,0.5158040,0.0362846
2738,2.060939153049739,0.7559465707964665,1.3049925822532724,1.1087455,0.5157642,0.0362847
2739,2.061939153049739,0.7559465707964665,1.3059925822532723,1.1087565,0.5157245,0.0362848
2740,2.0629391530497387,0.7559465707964665,1.3069925822532722,1.1087675,0.5156849,0.0362848
2741,2.063939153049738,0.7559465707964665,1.3079925822532716,1.1087785,0.5156454,0.0362849
2742,2.064939000744895,0.7559291183900293,1.3090098823548657,1.1088068,0.5156063,0.0362831
2743,2.065939000744895,0.7559291183900293,1.3100098823548656,1.1088177,0.5155670,0.0362830
2744,2.066939000744895,0.7559291183900293,1.3110098823548655,1.1088285,0.5155277,0.0362829
2745,2.067939000744895,0.7559291183900293,1.3120098823548654,1.1088394,0.5154886,0.0362828
2746,2.068938848440052,0.755911665983592,1.31302718245646,1.1088674,0.5154496,0.0362813
2747,2.069938848440051,0.755911665983592,1.314027182456459,1.1088782,0.5154106,0.0362811
2748,2.070938848440051,0.755911665983592,1.315027182456459,1.1088888,0.5153717,0.0362810
2749,2.071938848440051,0.755911665983592,1.3160271824564589,1.1088994,0.5153328,0.0362808
2750,2.072938848440051,0.755911665983592,1.3170271824564588,1.1089099,0.5152940,0.0362807
2751,2.073938696135208,0.7558942135771548,1.3180444825580535,1.1089377,0.5152553,0.0362792
2752,2.074938696135207,0.7558942135771548,1.3190444825580525,1.1089480,0.5152166,0.0362792
2753,2.075938696135207,0.7558942135771548,1.3200444825580524,1.1089582,0.5151779,0.0362793
2754,2.076938696135207,0.7558942135771548,1.3210444825580523,1.1089683,0.5151393,0.0362794
2755,2.077938696135207,0.7558942135771548,1.3220444825580522,1.1089782,0.5151008,0.0362796
2756,2.078938543830364,0.7558767611707176,1.3230617826596462,1.1090054,0.5150624,0.0362785
2757,2.079938543830364,0.7558767611707176,1.3240617826596466,1.1090166,0.5150249,0.0362785
2758,2.080938543830363,0.7558767611707176,1.3250617826596456,1.1090264,0.5149866,0.0362786
2759,2.081938543830363,0.7558767611707176,1.3260617826596455,1.1090362,0.5149485,0.0362789
2760,2.0829383915255195,0.7558593087642803,1.327079082761239,1.1090649,0.5149107,0.0362734
2761,2.0839383915255194,0.7558593087642803,1.328079082761239,1.1090747,0.5148728,0.0362734
2762,2.08493839152552,0.7558593087642803,1.3290790827612398,1.1090844,0.5148351,0.0362733
2763,2.085938391525519,0.7558593087642803,1.3300790827612388,1.1090942,0.5147974,0.0362732
2764,2.086938391525519,0.7558593087642803,1.3310790827612387,1.1091041,0.5147599,0.0362731
2765,2.087938239220676,0.7558418563578431,1.332096382862833,1.1091316,0.5147225,0.0362716
2766,2.0889382392206755,0.7558418563578431,1.3330963828628324,1.1091423,0.5146851,0.0362715
2767,2.089938239220676,0.7558418563578431,1.3340963828628327,1.1091539,0.5146476,0.0362713
2768,2.0909382392206752,0.7558418563578431,1.3350963828628322,1.1091665,0.5146101,0.0362712
2769,2.091938239220675,0.7558418563578431,1.336096382862832,1.1091797,0.5145726,0.0362710
2770,2.092938086915832,0.7558244039514058,1.3371136829644263,1.1092089,0.5145357,0.0362695
2771,2.0939380869158315,0.7558244039514058,1.3381136829644258,1.1092165,0.5144991,0.0362694
2772,2.0949380869158314,0.7558244039514058,1.3391136829644257,1.1092188,0.5144626,0.0362693
2773,2.095938086915832,0.7558244039514058,1.3401136829644265,1.1092213,0.5144258,0.0362692
2774,2.096938086915831,0.7558244039514058,1.3411136829644255,1.1092283,0.5143893,0.0362691
2775,2.097938086915831,0.7558244039514058,1.3421136829644253,1.1092387,0.5143531,0.0362690
2776,2.0989379346109875,0.7558069515449686,1.343130983066019,1.1092673,0.5143171,0.0362675
2777,2.0999379346109874,0.7558069515449686,1.3441309830660189,1.1092786,0.5142812,0.0362674
2778,2.100937934610988,0.7558069515449686,1.3451309830660196,1.1092895,0.5142453,0.0362674
2779,2.101937934610987,0.7558069515449686,1.3461309830660186,1.1093003,0.5142098,0.0362673
2780,2.102937934610987,0.7558069515449686,1.3471309830660185,1.1093102,0.5141738,0.0362672
2781,2.103937782306144,0.7557894991385313,1.3481482831676126,1.1093371,0.5141380,0.0362657
2782,2.1049377823061435,0.7557894991385313,1.349148283167612,1.1093467,0.5141021,0.0362655
2783,2.105937782306144,0.7557894991385313,1.3501482831676124,1.1093562,0.5140663,0.0362654
2784,2.106937782306144,0.7557894991385313,1.3511482831676127,1.1093656,0.5140305,0.0362652
2785,2.107937782306143,0.7557894991385313,1.3521482831676117,1.1093750,0.5139948,0.0362651
2786,2.1089376300013,0.7557720467320941,1.353165583269206,1.1094017,0.5139592,0.0362636
2787,2.1099376300012995,0.7557720467320941,1.3541655832692054,1.1094110,0.5139236,0.0362634
2788,2.1109376300012994,0.7557720467320941,1.3551655832692053,1.1094203,0.5138881,0.0362633
2789,2.1119376300013,0.7557720467320941,1.356165583269206,1.1094295,0.5138527,0.0362632
2790,2.112937630001299,0.7557720467320941,1.3571655832692051,1.1094349,0.5138294,0.0362608
2791,2.113937630001299,0.7557720467320941,1.358165583269205,1.1094443,0.5137940,0.0362606
2792,2.114937477696456,0.7557545943256568,1.3591828833707993,1.1094711,0.5137588,0.0362591
2793,2.1159374776964555,0.7557545943256568,1.3601828833707987,1.1094805,0.5137236,0.0362590
2794,2.116937477696456,0.7557545943256568,1.361182883370799,1.1094899,0.5136884,0.0362589
2795,2.1179374776964552,0.7557545943256568,1.3621828833707985,1.1094994,0.5136534,0.0362588
2796,2.118937477696455,0.7557545943256568,1.3631828833707984,1.1095088,0.5136184,0.0362587
2797,2.119937477696455,0.7557545943256568,1.3641828833707983,1.1095182,0.5135834,0.0362586
2798,2.1209373253916115,0.7557371419192196,1.365200183472392,1.1095448,0.5135487,0.0362572
2799,2.1219373253916114,0.7557371419192196,1.3662001834723918,1.1095542,0.5135139,0.0362571
2800,2.122937325391612,0.7557371419192196,1.3672001834723926,1.1095635,0.5134791,0.0362570
2801,2.123937325391611,0.7557371419192196,1.3682001834723916,1.1095728,0.5134445,0.0362570
2802,2.124937325391611,0.7557371419192196,1.3692001834723915,1.1095820,0.5134099,0.0362569
2803,2.125937325391611,0.7557371419192196,1.3702001834723914,1.1095912,0.5133754,0.0362569
2804,2.1269371730867674,0.7557196895127823,1.371217483573985,1.1096177,0.5133410,0.0362555
2805,2.127937173086768,0.7557196895127823,1.3722174835739858,1.1096268,0.5133066,0.0362554
2806,2.128937173086767,0.7557196895127823,1.3732174835739848,1.1096359,0.5132723,0.0362554
2807,2.129937173086767,0.7557196895127823,1.3742174835739847,1.1096450,0.5132381,0.0362554
2808,2.130937173086767,0.7557196895127823,1.3752174835739845,1.1096540,0.5132039,0.0362554
2809,2.131937173086767,0.7557196895127823,1.3762174835739844,1.1096630,0.5131698,0.0362554
2810,2.132937020781924,0.7557022371063451,1.3772347836755787,1.1096892,0.5131358,0.0362540
2811,2.133937020781924,0.7557022371063451,1.378234783675579,1.1096981,0.5131018,0.0362540
2812,2.134937020781923,0.7557022371063451,1.379234783675578,1.1097069,0.5130679,0.0362540
2813,2.135937020781923,0.7557022371063451,1.380234783675578,1.1097157,0.5130341,0.0362540
2814,2.136937020781923,0.7557022371063451,1.3812347836755778,1.1097245,0.5130003,0.0362540
2815,2.137937020781923,0.7557022371063451,1.3822347836755777,1.1097332,0.5129666,0.0362540
2816,2.13893686847708,0.7556847846999079,1.3832520837771725,1.1097592,0.5129330,0.0362526
2817,2.139936868477079,0.7556847846999079,1.3842520837771715,1.1097685,0.5128987,0.0362523
2818,2.140936868477079,0.7556847846999079,1.3852520837771714,1.1097771,0.5128652,0.0362523
2819,2.141936868477079,0.7556847846999079,1.3862520837771712,1.1097857,0.5128318,0.0362523
2820,2.142936868477079,0.7556847846999079,1.3872520837771711,1.1097943,0.5127984,0.0362523
2821,2.1439368684770788,0.7556847846999079,1.388252083777171,1.1098029,0.5127651,0.0362523
2822,2.1449368684770787,0.7556847846999079,1.389252083777171,1.1098114,0.5127319,0.0362524
2823,2.145936716172235,0.7556673322934706,1.3902693838787645,1.1098372,0.5126989,0.0362510
2824,2.146936716172235,0.7556673322934706,1.3912693838787644,1.1098457,0.5126658,0.0362511
2825,2.147936716172235,0.7556673322934706,1.3922693838787643,1.1098551,0.5126249,0.0362530
2826,2.148936716172235,0.7556673322934706,1.3932693838787642,1.1098635,0.5125921,0.0362530
2827,2.1499367161722347,0.7556673322934706,1.394269383878764,1.1098719,0.5125594,0.0362529
2828,2.1509367161722346,0.7556673322934706,1.395269383878764,1.1098803,0.5125268,0.0362529
2829,2.151936563867391,0.7556498798870334,1.3962866839803576,1.1099060,0.5124943,0.0362514
2830,2.152936563867391,0.7556498798870334,1.3972866839803575,1.1099143,0.5124618,0.0362514
2831,2.153936563867391,0.7556498798870334,1.3982866839803574,1.1099227,0.5124294,0.0362513
2832,2.1549365638673907,0.7556498798870334,1.3992866839803573,1.1099310,0.5123970,0.0362513
2833,2.15593656386739,0.7556498798870334,1.4002866839803567,1.1099394,0.5123647,0.0362512
2834,2.1569365638673905,0.7556498798870334,1.401286683980357,1.1099477,0.5123325,0.0362512
2835,2.1579365638673904,0.7556498798870334,1.402286683980357,1.1099560,0.5123003,0.0362511
2836,2.158936411562547,0.7556324274805961,1.4033039840819508,1.1099816,0.5122683,0.0362497
2837,2.159936411562547,0.7556324274805961,1.4043039840819507,1.1099899,0.5122363,0.0362496
2838,2.1609364115625467,0.7556324274805961,1.4053039840819506,1.1099982,0.5122044,0.0362496
2839,2.1619364115625466,0.7556324274805961,1.4063039840819505,1.1100064,0.5121725,0.0362495
2840,2.1629364115625465,0.7556324274805961,1.4073039840819503,1.1100147,0.5121407,0.0362495
2841,2.1639364115625463,0.7556324274805961,1.4083039840819502,1.1100230,0.5121090,0.0362495
2842,2.1649364115625462,0.7556324274805961,1.4093039840819501,1.1100312,0.5120773,0.0362494
2843,2.1659362592577027,0.7556149750741589,1.410321284183544,1.1100567,0.5120458,0.0362480
2844,2.1669362592577026,0.7556149750741589,1.4113212841835439,1.1100650,0.5120142,0.0362480
2845,2.1679362592577025,0.7556149750741589,1.4123212841835437,1.1100732,0.5119828,0.0362479
2846,2.1689362592577024,0.7556149750741589,1.4133212841835436,1.1100814,0.5119514,0.0362479
2847,2.1699362592577023,0.7556149750741589,1.4143212841835435,1.1100897,0.5119200,0.0362479
2848,2.170936259257702,0.7556149750741589,1.4153212841835434,1.1100979,0.5118888,0.0362478
2849,2.171936259257702,0.7556149750741589,1.4163212841835433,1.1101061,0.5118576,0.0362478
2850,2.1729361069528585,0.7555975226677216,1.417338584285137,1.1101345,0.5118387,0.0362439
2851,2.1739361069528584,0.7555975226677216,1.4183385842851368,1.1101418,0.5118077,0.0362439
2852,2.1749361069528583,0.7555975226677216,1.4193385842851367,1.1101491,0.5117768,0.0362440
2853,2.175936106952858,0.7555975226677216,1.4203385842851366,1.1101564,0.5117459,0.0362440
2854,2.176936106952858,0.7555975226677216,1.4213385842851365,1.1101636,0.5117150,0.0362440
2855,2.177936106952858,0.7555975226677216,1.4223385842851364,1.1101709,0.5116843,0.0362441
2856,2.178936106952858,0.7555975226677216,1.4233385842851363,1.1101781,0.5116536,0.0362441
2857,2.1799361069528578,0.7555975226677216,1.4243385842851362,1.1101853,0.5116230,0.0362441
2858,2.1809359546480143,0.7555800702612844,1.4253558843867298,1.1102098,0.5115925,0.0362427
2859,2.181935954648014,0.7555800702612844,1.4263558843867297,1.1102170,0.5115620,0.0362427
2860,2.182935954648014,0.7555800702612844,1.4273558843867296,1.1102241,0.5115316,0.0362427
2861,2.183935954648014,0.7555800702612844,1.4283558843867294,1.1102313,0.5115013,0.0362427
2862,2.184935954648014,0.7555800702612844,1.4293558843867293,1.1102384,0.5114710,0.0362427
2863,2.1859359546480137,0.7555800702612844,1.4303558843867292,1.1102456,0.5114408,0.0362427
2864,2.1869359546480136,0.7555800702612844,1.4313558843867291,1.1102527,0.5114107,0.0362426
2865,2.18793580234317,0.7555626178548471,1.432373184488323,1.1102772,0.5113807,0.0362413
2866,2.18893580234317,0.7555626178548471,1.4333731844883228,1.1102843,0.5113507,0.0362412
2867,2.18993580234317,0.7555626178548471,1.4343731844883227,1.1102914,0.5113208,0.0362412
2868,2.1909358023431698,0.7555626178548471,1.4353731844883226,1.1102985,0.5112910,0.0362411
2869,2.1919358023431696,0.7555626178548471,1.4363731844883225,1.1103056,0.5112612,0.0362411
2870,2.192935802343169,0.7555626178548471,1.437373184488322,1.1103127,0.5112315,0.0362411
2871,2.193935802343169,0.7555626178548471,1.4383731844883219,1.1103198,0.5112018,0.0362410
2872,2.1949358023431693,0.7555626178548471,1.4393731844883222,1.1103269,0.5111722,0.0362410
2873,2.195935802343169,0.7555626178548471,1.440373184488322,1.1103334,0.5111427,0.0362409
2874,2.1969356500383257,0.7555451654484099,1.441390484589916,1.1103578,0.5111133,0.0362395
2875,2.1979356500383256,0.7555451654484099,1.4423904845899158,1.1103650,0.5110839,0.0362394
2876,2.198935650038325,0.7555451654484099,1.4433904845899153,1.1103721,0.5110546,0.0362394
2877,2.1999356500383254,0.7555451654484099,1.4443904845899156,1.1103792,0.5110254,0.0362393
2878,2.2009356500383253,0.7555451654484099,1.4453904845899155,1.1103863,0.5109963,0.0362393
2879,2.201935650038325,0.7555451654484099,1.4463904845899154,1.1103935,0.5109672,0.0362392
2880,2.202935650038325,0.7555451654484099,1.4473904845899153,1.1104006,0.5109381,0.0362392
2881,2.203935650038325,0.7555451654484099,1.4483904845899152,1.1104077,0.5109091,0.0362391
2882,2.2049354977334814,0.7555277130419726,1.4494077846915088,1.1104320,0.5108803,0.0362377
2883,2.2059354977334813,0.7555277130419726,1.4504077846915087,1.1104391,0.5108515,0.0362377
2884,2.206935497733481,0.7555277130419726,1.4514077846915086,1.1104461,0.5108228,0.0362377
2885,2.207935497733481,0.7555277130419726,1.4524077846915084,1.1104531,0.5107941,0.0362376
2886,2.208935497733481,0.7555277130419726,1.4534077846915083,1.1104602,0.5107655,0.0362376
2887,2.209935497733481,0.7555277130419726,1.4544077846915082,1.1104672,0.5107369,0.0362376
2888,2.2109354977334807,0.7555277130419726,1.455407784691508,1.1104741,0.5107085,0.0362375
2889,2.2119354977334806,0.7555277130419726,1.456407784691508,1.1104810,0.5106800,0.0362375
2890,2.2129354977334805,0.7555277130419726,1.457407784691508,1.1104879,0.5106517,0.0362375
2891,2.213935345428637,0.7555102606355354,1.4584250847931015,1.1105121,0.5106235,0.0362361
2892,2.214935345428637,0.7555102606355354,1.4594250847931014,1.1105190,0.5105952,0.0362360
2893,2.215935345428637,0.7555102606355354,1.4604250847931013,1.1105258,0.5105671,0.0362360
2894,2.2169353454286367,0.7555102606355354,1.4614250847931012,1.1105327,0.5105390,0.0362360
2895,2.217935345428637,0.7555102606355354,1.4624250847931015,1.1105395,0.5105110,0.0362359
2896,2.2189353454286365,0.7555102606355354,1.463425084793101,1.1105463,0.5104830,0.0362359
2897,2.2199353454286364,0.7555102606355354,1.4644250847931009,1.1105531,0.5104551,0.0362359
2898,2.220935345428636,0.7555102606355354,1.4654250847931003,1.1105599,0.5104273,0.0362359
2899,2.221935345428636,0.7555102606355354,1.4664250847931006,1.1105669,0.5103989,0.0362356
2900,2.2229351931237926,0.7554928082290981,1.4674423848946945,1.1105909,0.5103713,0.0362342
2901,2.2239351931237925,0.7554928082290981,1.4684423848946944,1.1105977,0.5103436,0.0362342
2902,2.2249351931237924,0.7554928082290981,1.4694423848946943,1.1106044,0.5103161,0.0362342
2903,2.2259351931237923,0.7554928082290981,1.4704423848946941,1.1106112,0.5102886,0.0362341
2904,2.226935193123792,0.7554928082290981,1.471442384894694,1.1106179,0.5102611,0.0362341
2905,2.227935193123792,0.7554928082290981,1.472442384894694,1.1106246,0.5102338,0.0362341
2906,2.228935193123792,0.7554928082290981,1.4734423848946938,1.1106314,0.5102065,0.0362341
2907,2.229935193123792,0.7554928082290981,1.4744423848946937,1.1106381,0.5101792,0.0362341
2908,2.230935193123792,0.7554928082290981,1.475442384894694,1.1106448,0.5101520,0.0362340
2909,2.231935040818948,0.7554753558226609,1.476459684996287,1.1106688,0.5101250,0.0362326
2910,2.232935040818948,0.7554753558226609,1.4774596849962873,1.1106755,0.5100980,0.0362326
2911,2.233935040818948,0.7554753558226609,1.4784596849962872,1.1106822,0.5100710,0.0362326
2912,2.234935040818948,0.7554753558226609,1.479459684996287,1.1106889,0.5100441,0.0362325
2913,2.235935040818948,0.7554753558226609,1.480459684996287,1.1106956,0.5100172,0.0362325
2914,2.236935040818948,0.7554753558226609,1.4814596849962873,1.1107023,0.5099905,0.0362325
2915,2.237935040818948,0.7554753558226609,1.4824596849962872,1.1107089,0.5099637,0.0362324
2916,2.2389350408189475,0.7554753558226609,1.4834596849962867,1.1107156,0.5099371,0.0362324
2917,2.239935040818948,0.7554753558226609,1.484459684996287,1.1107222,0.5099105,0.0362323
2918,2.2409350408189472,0.7554753558226609,1.4854596849962864,1.1107288,0.5098840,0.0362323
2919,2.241934888514104,0.7554579034162237,1.4864769850978805,1.1107526,0.5098575,0.0362309
2920,2.242934888514104,0.7554579034162237,1.4874769850978804,1.1107592,0.5098311,0.0362308
2921,2.2439348885141035,0.7554579034162237,1.4884769850978798,1.1107656,0.5098048,0.0362308
2922,2.2449348885141034,0.7554579034162237,1.4894769850978797,1.1107721,0.5097785,0.0362307
2923,2.245934888514104,0.7554579034162237,1.4904769850978805,1.1107783,0.5097530,0.0362310
2924,2.246934888514103,0.7554579034162237,1.4914769850978795,1.1107847,0.5097268,0.0362310
2925,2.247934888514103,0.7554579034162237,1.4924769850978794,1.1107910,0.5097008,0.0362310
2926,2.248934888514103,0.7554579034162237,1.4934769850978793,1.1107974,0.5096747,0.0362309
2927,2.249934888514103,0.7554579034162237,1.4944769850978792,1.1108036,0.5096488,0.0362308
2928,2.2509348885141027,0.7554579034162237,1.495476985097879,1.1108079,0.5096229,0.0362348
2929,2.2519348885141026,0.7554579034162237,1.496476985097879,1.1108141,0.5095970,0.0362348
2930,2.252934736209259,0.7554404510097864,1.4974942851994726,1.1108376,0.5095713,0.0362334
2931,2.253934736209259,0.7554404510097864,1.4984942851994725,1.1108437,0.5095455,0.0362333
2932,2.254934736209259,0.7554404510097864,1.4994942851994724,1.1108498,0.5095199,0.0362332
2933,2.2559347362092588,0.7554404510097864,1.5004942851994723,1.1108559,0.5094943,0.0362332
2934,2.2569347362092587,0.7554404510097864,1.5014942851994721,1.1108606,0.5094688,0.0362333
2935,2.2579347362092586,0.7554404510097864,1.502494285199472,1.1108668,0.5094433,0.0362332
2936,2.2589347362092584,0.7554404510097864,1.503494285199472,1.1108729,0.5094178,0.0362331
2937,2.2599347362092583,0.7554404510097864,1.5044942851994718,1.1108791,0.5093923,0.0362331
2938,2.2609347362092582,0.7554404510097864,1.5054942851994717,1.1108873,0.5093663,0.0362288
2939,2.261934736209258,0.7554404510097864,1.5064942851994716,1.1108935,0.5093410,0.0362288
2940,2.262934736209258,0.7554404510097864,1.5074942851994715,1.1108998,0.5093158,0.0362288
2941,2.2639345839044145,0.7554229986033492,1.5085115853010653,1.1109233,0.5092907,0.0362275
2942,2.2649345839044144,0.7554229986033492,1.5095115853010652,1.1109297,0.5092655,0.0362275
2943,2.2659345839044143,0.7554229986033492,1.510511585301065,1.1109360,0.5092404,0.0362275
2944,2.266934583904414,0.7554229986033492,1.511511585301065,1.1109426,0.5092154,0.0362276
2945,2.267934583904414,0.7554229986033492,1.5125115853010649,1.1109490,0.5091904,0.0362276
2946,2.268934583904414,0.7554229986033492,1.5135115853010648,1.1109554,0.5091655,0.0362277
2947,2.269934583904414,0.7554229986033492,1.5145115853010647,1.1109617,0.5091407,0.0362277
2948,2.2709345839044137,0.7554229986033492,1.5155115853010646,1.1109545,0.5091251,0.0362274
2949,2.2719345839044136,0.7554229986033492,1.5165115853010644,1.1109635,0.5091003,0.0362266
2950,2.272934583904413,0.7554229986033492,1.517511585301064,1.1109741,0.5090687,0.0362275
2951,2.2739345839044134,0.7554229986033492,1.5185115853010642,1.1109799,0.5090442,0.0362275
2952,2.2749345839044133,0.7554229986033492,1.5195115853010641,1.1109858,0.5090196,0.0362274
2953,2.2759344315995698,0.7554055461969119,1.520528885402658,1.1110089,0.5089952,0.0362260
2954,2.2769344315995697,0.7554055461969119,1.5215288854026578,1.1110147,0.5089708,0.0362260
2955,2.277934431599569,0.7554055461969119,1.5225288854026573,1.1110205,0.5089464,0.0362259
2956,2.278934431599569,0.7554055461969119,1.5235288854026572,1.1110263,0.5089221,0.0362259
2957,2.2799344315995693,0.7554055461969119,1.5245288854026575,1.1110321,0.5088979,0.0362258
2958,2.280934431599569,0.7554055461969119,1.5255288854026574,1.1110378,0.5088737,0.0362258
2959,2.281934431599569,0.7554055461969119,1.5265288854026573,1.1110436,0.5088496,0.0362257
2960,2.282934431599569,0.7554055461969119,1.5275288854026572,1.1110494,0.5088255,0.0362256
2961,2.283934431599569,0.7554055461969119,1.528528885402657,1.1110551,0.5088015,0.0362256
2962,2.2849344315995688,0.7554055461969119,1.529528885402657,1.1110608,0.5087775,0.0362255
2963,2.2859344315995687,0.7554055461969119,1.5305288854026569,1.1110666,0.5087536,0.0362255
2964,2.286934431599569,0.7554055461969119,1.5315288854026572,1.1110723,0.5087298,0.0362254
2965,2.287934279294725,0.7553880937904747,1.5325461855042504,1.1110953,0.5087060,0.0362240
2966,2.288934279294725,0.7553880937904747,1.5335461855042503,1.1111010,0.5086823,0.0362239
2967,2.289934279294725,0.7553880937904747,1.5345461855042501,1.1111067,0.5086586,0.0362239
2968,2.2909342792947247,0.7553880937904747,1.53554618550425,1.1111129,0.5086352,0.0362243
2969,2.2919342792947246,0.7553880937904747,1.53654618550425,1.1111186,0.5086116,0.0362242
2970,2.2929342792947245,0.7553880937904747,1.5375461855042498,1.1111242,0.5085881,0.0362242
2971,2.2939342792947244,0.7553880937904747,1.5385461855042497,1.1111299,0.5085647,0.0362241
2972,2.2949342792947243,0.7553880937904747,1.5395461855042496,1.1111355,0.5085413,0.0362241
2973,2.295934279294724,0.7553880937904747,1.5405461855042495,1.1111412,0.5085179,0.0362240
2974,2.296934279294724,0.7553880937904747,1.5415461855042494,1.1111330,0.5084980,0.0362228
2975,2.297934279294724,0.7553880937904747,1.5425461855042493,1.1111383,0.5084748,0.0362228
2976,2.298934279294724,0.7553880937904747,1.5435461855042492,1.1111435,0.5084516,0.0362227
2977,2.299934279294724,0.7553880937904747,1.5445461855042495,1.1111487,0.5084284,0.0362227
2978,2.30093412698988,0.7553706413840374,1.5455634856058427,1.1111712,0.5084054,0.0362213
2979,2.30193412698988,0.7553706413840374,1.5465634856058426,1.1111764,0.5083824,0.0362212
2980,2.30293412698988,0.7553706413840374,1.5475634856058424,1.1111815,0.5083594,0.0362212
2981,2.30393412698988,0.7553706413840374,1.5485634856058423,1.1111866,0.5083365,0.0362212
2982,2.30493412698988,0.7553706413840374,1.5495634856058427,1.1111918,0.5083136,0.0362211
2983,2.30593412698988,0.7553706413840374,1.5505634856058426,1.1111969,0.5082908,0.0362211
2984,2.3069341269898795,0.7553706413840374,1.551563485605842,1.1112020,0.5082680,0.0362210
2985,2.3079341269898794,0.7553706413840374,1.552563485605842,1.1112070,0.5082453,0.0362210
2986,2.30893412698988,0.7553706413840374,1.5535634856058427,1.1112121,0.5082227,0.0362209
2987,2.309934126989879,0.7553706413840374,1.5545634856058417,1.1112171,0.5082001,0.0362209
2988,2.310934126989879,0.7553706413840374,1.5555634856058416,1.1112222,0.5081775,0.0362208
2989,2.311934126989879,0.7553706413840374,1.5565634856058415,1.1112272,0.5081550,0.0362208
2990,2.312934126989879,0.7553706413840374,1.5575634856058413,1.1112322,0.5081326,0.0362208
2991,2.3139341269898788,0.7553706413840374,1.5585634856058412,1.1112371,0.5081102,0.0362207
2992,2.314933974685036,0.7553531889776002,1.559580785707436,1.1112594,0.5080879,0.0362193
2993,2.315933974685035,0.7553531889776002,1.560580785707435,1.1112644,0.5080656,0.0362193
2994,2.316933974685035,0.7553531889776002,1.5615807857074349,1.1112693,0.5080434,0.0362192
2995,2.317933974685035,0.7553531889776002,1.5625807857074347,1.1112742,0.5080212,0.0362192
2996,2.318933974685035,0.7553531889776002,1.5635807857074346,1.1112791,0.5079991,0.0362191
2997,2.3199339746850347,0.7553531889776002,1.5645807857074345,1.1112840,0.5079770,0.0362191
2998,2.3209339746850346,0.7553531889776002,1.5655807857074344,1.1112889,0.5079550,0.0362190
2999,2.3219339746850345,0.7553531889776002,1.5665807857074343,1.1112937,0.5079330,0.0362190
3000,2.3229339746850344,0.7553531889776002,1.5675807857074342,1.1112986,0.5079111,0.0362190
3001,2.3239339746850343,0.7553531889776002,1.568580785707434,1.1113034,0.5078892,0.0362189
3002,2.324933974685034,0.7553531889776002,1.569580785707434,1.1113082,0.5078674,0.0362189
3003,2.325933974685034,0.7553531889776002,1.5705807857074339,1.1113130,0.5078457,0.0362188
3004,2.326933974685034,0.7553531889776002,1.5715807857074338,1.1113178,0.5078239,0.0362188
3005,2.327933974685034,0.7553531889776002,1.5725807857074336,1.1113225,0.5078023,0.0362187
3006,2.3289339746850337,0.7553531889776002,1.5735807857074335,1.1113273,0.5077807,0.0362187
3007,2.32993382238019,0.7553357365711629,1.5745980858090274,1.1113493,0.5077592,0.0362173
3008,2.33093382238019,0.7553357365711629,1.5755980858090273,1.1113541,0.5077376,0.0362172
3009,2.33193382238019,0.7553357365711629,1.5765980858090272,1.1113588,0.5077162,0.0362172
3010,2.33293382238019,0.7553357365711629,1.577598085809027,1.1113635,0.5076948,0.0362172
3011,2.3339338223801898,0.7553357365711629,1.578598085809027,1.1113681,0.5076734,0.0362171
3012,2.3349338223801896,0.7553357365711629,1.5795980858090268,1.1113728,0.5076521,0.0362171
3013,2.335933822380189,0.7553357365711629,1.5805980858090263,1.1113774,0.5076309,0.0362170
3014,2.336933822380189,0.7553357365711629,1.5815980858090262,1.1113821,0.5076097,0.0362170
3015,2.3379338223801893,0.7553357365711629,1.5825980858090265,1.1113867,0.5075885,0.0362169
3016,2.338933822380189,0.7553357365711629,1.5835980858090264,1.1113913,0.5075674,0.0362169
3017,2.339933822380189,0.7553357365711629,1.5845980858090263,1.1113959,0.5075463,0.0362169
3018,2.340933822380189,0.7553357365711629,1.5855980858090262,1.1114005,0.5075253,0.0362168
3019,2.341933822380189,0.7553357365711629,1.586598085809026,1.1114050,0.5075044,0.0362168
3020,2.3429338223801888,0.7553357365711629,1.587598085809026,1.1114096,0.5074835,0.0362167
3021,2.3439338223801887,0.7553357365711629,1.5885980858090258,1.1114141,0.5074626,0.0362167
3022,2.3449338223801885,0.7553357365711629,1.5895980858090257,1.1114186,0.5074418,0.0362166
3023,2.3459338223801884,0.7553357365711629,1.5905980858090256,1.1114231,0.5074211,0.0362166
3024,2.346933670075345,0.7553182841647257,1.5916153859106192,1.1114449,0.5074004,0.0362152
3025,2.347933670075345,0.7553182841647257,1.5926153859106191,1.1114494,0.5073797,0.0362151
3026,2.3489336700753447,0.7553182841647257,1.593615385910619,1.1114539,0.5073591,0.0362151
3027,2.3499336700753446,0.7553182841647257,1.594615385910619,1.1114583,0.5073386,0.0362150
3028,2.3509336700753445,0.7553182841647257,1.5956153859106188,1.1114609,0.5073181,0.0362190
3029,2.3519336700753444,0.7553182841647257,1.5966153859106187,1.1114653,0.5072976,0.0362189
3030,2.3529336700753443,0.7553182841647257,1.5976153859106186,1.1114697,0.5072772,0.0362189
3031,2.353933670075344,0.7553182841647257,1.5986153859106185,1.1114741,0.5072569,0.0362188
3032,2.354933670075344,0.7553182841647257,1.5996153859106184,1.1114785,0.5072366,0.0362187
3033,2.355933670075344,0.7553182841647257,1.6006153859106182,1.1114829,0.5072163,0.0362187
3034,2.356933670075344,0.7553182841647257,1.6016153859106181,1.1114873,0.5071961,0.0362186
3035,2.357933670075344,0.7553182841647257,1.6026153859106185,1.1114916,0.5071759,0.0362186
3036,2.358933670075344,0.7553182841647257,1.6036153859106184,1.1114959,0.5071558,0.0362185
3037,2.3599336700753435,0.7553182841647257,1.6046153859106178,1.1115003,0.5071357,0.0362185
3038,2.3609336700753434,0.7553182841647257,1.6056153859106177,1.1115046,0.5071157,0.0362184
3039,2.361933670075344,0.7553182841647257,1.6066153859106185,1.1115089,0.5070957,0.0362184
3040,2.362933670075343,0.7553182841647257,1.6076153859106175,1.1115131,0.5070757,0.0362183
3041,2.3639335177705,0.7553008317582884,1.6086326860122115,1.1115347,0.5070559,0.0362169
3042,2.3649335177704995,0.7553008317582884,1.609632686012211,1.1115390,0.5070360,0.0362168
3043,2.3659335177704994,0.7553008317582884,1.6106326860122109,1.1115432,0.5070162,0.0362168
3044,2.3669335177705,0.7553008317582884,1.6116326860122117,1.1115474,0.5069965,0.0362167
3045,2.367933517770499,0.7553008317582884,1.6126326860122107,1.1115516,0.5069768,0.0362167
3046,2.368933517770499,0.7553008317582884,1.6136326860122105,1.1115559,0.5069572,0.0362166
3047,2.369933517770499,0.7553008317582884,1.6146326860122104,1.1115600,0.5069375,0.0362165
3048,2.370933517770499,0.7553008317582884,1.6156326860122103,1.1115642,0.5069180,0.0362165
3049,2.3719335177704988,0.7553008317582884,1.6166326860122102,1.1115684,0.5068985,0.0362164
3050,2.3729335177704987,0.7553008317582884,1.61763268601221,1.1115725,0.5068790,0.0362164
3051,2.3739335177704985,0.7553008317582884,1.61863268601221,1.1115767,0.5068596,0.0362163
3052,2.3749335177704984,0.7553008317582884,1.6196326860122099,1.1115808,0.5068402,0.0362163
3053,2.3759335177704983,0.7553008317582884,1.6206326860122098,1.1115849,0.5068209,0.0362162
3054,2.376933517770498,0.7553008317582884,1.6216326860122097,1.1115890,0.5068016,0.0362162
3055,2.377933517770498,0.7553008317582884,1.6226326860122096,1.1115931,0.5067824,0.0362161
3056,2.378933517770498,0.7553008317582884,1.6236326860122094,1.1115972,0.5067632,0.0362160
3057,2.379933517770498,0.7553008317582884,1.6246326860122093,1.1116012,0.5067441,0.0362160
3058,2.3809335177704978,0.7553008317582884,1.6256326860122092,1.1116053,0.5067250,0.0362159
3059,2.3819335177704977,0.7553008317582884,1.6266326860122091,1.1116093,0.5067059,0.0362159
3060,2.3829335177704976,0.7553008317582884,1.627632686012209,1.1116133,0.5066869,0.0362158
3061,2.383933365465654,0.7552833793518512,1.6286499861138028,1.1116346,0.5066680,0.0362144
3062,2.384933365465654,0.7552833793518512,1.6296499861138027,1.1116386,0.5066491,0.0362143
3063,2.385933365465654,0.7552833793518512,1.6306499861138026,1.1116426,0.5066302,0.0362143
3064,2.3869333654656537,0.7552833793518512,1.6316499861138025,1.1116466,0.5066114,0.0362142
3065,2.3879333654656536,0.7552833793518512,1.6326499861138024,1.1116506,0.5065926,0.0362142
3066,2.388933365465653,0.7552833793518512,1.6336499861138019,1.1116545,0.5065739,0.0362141
3067,2.3899333654656534,0.7552833793518512,1.6346499861138022,1.1116585,0.5065552,0.0362141
3068,2.3909333654656533,0.7552833793518512,1.635649986113802,1.1116624,0.5065365,0.0362140
3069,2.391933365465653,0.7552833793518512,1.636649986113802,1.1116663,0.5065179,0.0362140
3070,2.392933365465653,0.7552833793518512,1.6376499861138019,1.1116702,0.5064994,0.0362139
3071,2.393933365465653,0.7552833793518512,1.6386499861138017,1.1116741,0.5064809,0.0362138
3072,2.394933365465653,0.7552833793518512,1.6396499861138016,1.1116780,0.5064624,0.0362138
3073,2.3959333654656527,0.7552833793518512,1.6406499861138015,1.1116818,0.5064440,0.0362137
3074,2.3969333654656526,0.7552833793518512,1.6416499861138014,1.1116857,0.5064256,0.0362137
3075,2.3979333654656525,0.7552833793518512,1.6426499861138013,1.1116895,0.5064073,0.0362136
3076,2.3989333654656524,0.7552833793518512,1.6436499861138012,1.1116934,0.5063890,0.0362136
3077,2.3999333654656523,0.7552833793518512,1.644649986113801,1.1116972,0.5063707,0.0362135
3078,2.400933365465652,0.7552833793518512,1.645649986113801,1.1117010,0.5063525,0.0362135
3079,2.401933365465652,0.7552833793518512,1.6466499861138009,1.1117048,0.5063344,0.0362134
3080,2.402933365465652,0.7552833793518512,1.6476499861138008,1.1117086,0.5063163,0.0362133
3081,2.403933365465652,0.7552833793518512,1.6486499861138006,1.1117123,0.5062982,0.0362133
3082,2.404933365465652,0.7552833793518512,1.649649986113801,1.1117161,0.5062802,0.0362132
3083,2.405933213160808,0.755265926945414,1.6506672862153944,1.1117372,0.5062622,0.0362118
3084,2.406933213160808,0.755265926945414,1.6516672862153943,1.1117409,0.5062443,0.0362118
3085,2.407933213160808,0.755265926945414,1.6526672862153942,1.1117446,0.5062264,0.0362117
3086,2.408933213160808,0.755265926945414,1.653667286215394,1.1117483,0.5062085,0.0362116
3087,2.409933213160808,0.755265926945414,1.6546672862153944,1.1117520,0.5061907,0.0362116
3088,2.410933213160808,0.755265926945414,1.6556672862153943,1.1117557,0.5061729,0.0362115
3089,2.411933213160808,0.755265926945414,1.6566672862153942,1.1117594,0.5061552,0.0362115
3090,2.4129332131608074,0.755265926945414,1.6576672862153936,1.1117631,0.5061375,0.0362114
3091,2.413933213160808,0.755265926945414,1.658667286215394,1.1117667,0.5061199,0.0362114
3092,2.4149332131608072,0.755265926945414,1.6596672862153934,1.1117704,0.5061023,0.0362113
3093,2.415933213160807,0.755265926945414,1.6606672862153933,1.1117740,0.5060847,0.0362113
3094,2.416933213160807,0.755265926945414,1.6616672862153932,1.1117776,0.5060672,0.0362112
3095,2.417933213160807,0.755265926945414,1.662667286215393,1.1117813,0.5060498,0.0362111
3096,2.418933213160807,0.755265926945414,1.663667286215393,1.1117849,0.5060323,0.0362111
3097,2.4199332131608067,0.755265926945414,1.6646672862153928,1.1117885,0.5060149,0.0362110
3098,2.4209332131608066,0.755265926945414,1.6656672862153927,1.1117920,0.5059976,0.0362110
3099,2.4219332131608065,0.755265926945414,1.6666672862153926,1.1117956,0.5059803,0.0362109
3100,2.4229332131608063,0.755265926945414,1.6676672862153925,1.1117992,0.5059630,0.0362109
3101,2.4239332131608062,0.755265926945414,1.6686672862153924,1.1118027,0.5059458,0.0362108
3102,2.424933213160806,0.755265926945414,1.6696672862153923,1.1118062,0.5059286,0.0362108
3103,2.425933213160806,0.755265926945414,1.6706672862153922,1.1118098,0.5059115,0.0362107
3104,2.426933213160806,0.755265926945414,1.671667286215392,1.1118133,0.5058944,0.0362106
3105,2.427933213160806,0.755265926945414,1.672667286215392,1.1118168,0.5058774,0.0362106
3106,2.4289332131608057,0.755265926945414,1.6736672862153918,1.1118203,0.5058603,0.0362105
3107,2.4299332131608056,0.755265926945414,1.6746672862153917,1.1118238,0.5058434,0.0362105
3108,2.430933060855962,0.7552484745389767,1.6756845863169854,1.1118445,0.5058265,0.0362091
3109,2.431933060855962,0.7552484745389767,1.6766845863169852,1.1118480,0.5058096,0.0362090
3110,2.432933060855962,0.7552484745389767,1.6776845863169851,1.1118514,0.5057927,0.0362089
3111,2.4339330608559617,0.7552484745389767,1.678684586316985,1.1118549,0.5057759,0.0362089
3112,2.4349330608559616,0.7552484745389767,1.679684586316985,1.1118583,0.5057592,0.0362088
3113,2.435933060855961,0.7552484745389767,1.6806845863169844,1.1118617,0.5057424,0.0362088
3114,2.4369330608559614,0.7552484745389767,1.6816845863169847,1.1118651,0.5057258,0.0362087
3115,2.4379330608559613,0.7552484745389767,1.6826845863169846,1.1118685,0.5057091,0.0362087
3116,2.438933060855961,0.7552484745389767,1.6836845863169845,1.1118719,0.5056925,0.0362086
3117,2.439933060855961,0.7552484745389767,1.6846845863169844,1.1118753,0.5056759,0.0362086
3118,2.440933060855961,0.7552484745389767,1.6856845863169843,1.1118787,0.5056594,0.0362085
3119,2.441933060855961,0.7552484745389767,1.6866845863169841,1.1118820,0.5056429,0.0362084
3120,2.4429330608559607,0.7552484745389767,1.687684586316984,1.1118854,0.5056265,0.0362084
3121,2.4439330608559606,0.7552484745389767,1.688684586316984,1.1118887,0.5056101,0.0362083
3122,2.4449330608559605,0.7552484745389767,1.6896845863169838,1.1118920,0.5055937,0.0362083
3123,2.4459330608559604,0.7552484745389767,1.6906845863169837,1.1118953,0.5055774,0.0362082
3124,2.4469330608559603,0.7552484745389767,1.6916845863169836,1.1118987,0.5055611,0.0362082
3125,2.44793306085596,0.7552484745389767,1.6926845863169835,1.1119020,0.5055449,0.0362081
3126,2.44893306085596,0.7552484745389767,1.6936845863169834,1.1119052,0.5055287,0.0362080
3127,2.44993306085596,0.7552484745389767,1.6946845863169833,1.1119085,0.5055125,0.0362080
3128,2.45093306085596,0.7552484745389767,1.6956845863169832,1.1119118,0.5054964,0.0362079
3129,2.45193306085596,0.7552484745389767,1.6966845863169835,1.1119150,0.5054803,0.0362079
3130,2.45293306085596,0.7552484745389767,1.6976845863169834,1.1119183,0.5054642,0.0362078
3131,2.4539330608559595,0.7552484745389767,1.6986845863169828,1.1119215,0.5054482,0.0362078
3132,2.4549330608559594,0.7552484745389767,1.6996845863169827,1.1119247,0.5054323,0.0362077
3133,2.45593306085596,0.7552484745389767,1.7006845863169835,1.1119280,0.5054163,0.0362077
3134,2.456933060855959,0.7552484745389767,1.7016845863169825,1.1119312,0.5054004,0.0362076
3135,2.457933060855959,0.7552484745389767,1.7026845863169824,1.1119344,0.5053846,0.0362075
3136,2.458933060855959,0.7552484745389767,1.7036845863169823,1.1119375,0.5053688,0.0362075
3137,2.4599329085511155,0.7552310221325395,1.704701886418576,1.1119580,0.5053530,0.0362061
3138,2.460932908551116,0.7552310221325395,1.7057018864185762,1.1119612,0.5053373,0.0362060
3139,2.4619329085511152,0.7552310221325395,1.7067018864185757,1.1119643,0.5053216,0.0362060
3140,2.462932908551115,0.7552310221325395,1.7077018864185756,1.1119675,0.5053059,0.0362059
3141,2.463932908551115,0.7552310221325395,1.7087018864185755,1.1119706,0.5052903,0.0362058
3142,2.464932908551115,0.7552310221325395,1.7097018864185753,1.1119737,0.5052747,0.0362058
3143,2.465932908551115,0.7552310221325395,1.7107018864185752,1.1119769,0.5052592,0.0362057
3144,2.4669329085511147,0.7552310221325395,1.7117018864185751,1.1119800,0.5052437,0.0362057
3145,2.4679329085511146,0.7552310221325395,1.712701886418575,1.1119831,0.5052282,0.0362056
3146,2.4689329085511145,0.7552310221325395,1.713701886418575,1.1119862,0.5052128,0.0362056
3147,2.4699329085511144,0.7552310221325395,1.7147018864185748,1.1119892,0.5051974,0.0362055
3148,2.4709329085511142,0.7552310221325395,1.7157018864185747,1.1119923,0.5051820,0.0362054
3149,2.471932908551114,0.7552310221325395,1.7167018864185746,1.1119954,0.5051667,0.0362054
3150,2.472932908551114,0.7552310221325395,1.7177018864185745,1.1119984,0.5051514,0.0362053
3151,2.473932908551114,0.7552310221325395,1.7187018864185744,1.1120015,0.5051362,0.0362053
3152,2.474932908551114,0.7552310221325395,1.7197018864185742,1.1120045,0.5051209,0.0362052
3153,2.4759329085511137,0.7552310221325395,1.7207018864185741,1.1120075,0.5051058,0.0362052
3154,2.4769329085511136,0.7552310221325395,1.721701886418574,1.1120105,0.5050906,0.0362051
3155,2.477932908551113,0.7552310221325395,1.7227018864185735,1.1120135,0.5050755,0.0362050
3156,2.4789329085511134,0.7552310221325395,1.7237018864185738,1.1120165,0.5050605,0.0362050
3157,2.4799329085511133,0.7552310221325395,1.7247018864185737,1.1120195,0.5050455,0.0362049
3158,2.480932908551113,0.7552310221325395,1.7257018864185736,1.1120225,0.5050305,0.0362049
3159,2.481932908551113,0.7552310221325395,1.7267018864185735,1.1120256,0.5050157,0.0362016
3160,2.482932908551113,0.7552310221325395,1.7277018864185734,1.1120285,0.5050008,0.0362015
3161,2.483932908551113,0.7552310221325395,1.7287018864185733,1.1120315,0.5049859,0.0362015
3162,2.4849329085511127,0.7552310221325395,1.7297018864185731,1.1120344,0.5049711,0.0362014
3163,2.4859329085511126,0.7552310221325395,1.730701886418573,1.1120373,0.5049563,0.0362014
3164,2.4869329085511125,0.7552310221325395,1.731701886418573,1.1120402,0.5049415,0.0362013
3165,2.4879329085511124,0.7552310221325395,1.7327018864185728,1.1120432,0.5049268,0.0362013
3166,2.488932756246269,0.7552135697261022,1.7337191865201667,1.1120633,0.5049121,0.0361999
3167,2.4899327562462688,0.7552135697261022,1.7347191865201665,1.1120662,0.5048974,0.0361998
3168,2.4909327562462686,0.7552135697261022,1.7357191865201664,1.1120691,0.5048828,0.0361998
3169,2.4919327562462685,0.7552135697261022,1.7367191865201663,1.1120720,0.5048682,0.0361997
3170,2.4929327562462684,0.7552135697261022,1.7377191865201662,1.1120748,0.5048537,0.0361997
3171,2.4939327562462683,0.7552135697261022,1.738719186520166,1.1120777,0.5048392,0.0361996
3172,2.494932603941425,0.7552310221325395,1.7397015818088852,1.1120633,0.5048247,0.0362009
3173,2.4959326039414247,0.7552310221325395,1.7407015818088851,1.1120661,0.5048102,0.0362009
3174,2.496932603941425,0.7552310221325395,1.7417015818088855,1.1120689,0.5047958,0.0362008
3175,2.497932451636581,0.7552135697261022,1.7427188819104789,1.1120890,0.5047815,0.0361994
3176,2.498932299331737,0.755196117319665,1.7437361820120723,1.1121091,0.5047672,0.0361980
3177,2.499932147026894,0.7551786649132277,1.7447534821136663,1.1121292,0.5047529,0.0361966
3178,2.500931537853913,0.7552135644099303,1.7457179734439827,1.1120974,0.5047386,0.0361992
